ISO-10303-21;
HEADER;
/* Generated by software containing ST-Developer
 * from STEP Tools, Inc. (www.steptools.com) 
 */

FILE_DESCRIPTION(
/* description */ (''),
/* implementation_level */ '2;1');

FILE_NAME(
/* name */ 'ENERGIS_FPC-1.0.0.step',
/* time_stamp */ '2026-01-05T20:30:57+01:00',
/* author */ (''),
/* organization */ (''),
/* preprocessor_version */ 'ST-DEVELOPER v20.1',
/* originating_system */ 'Autodesk Translation Framework v14.21.0.0',
/* authorisation */ '');

FILE_SCHEMA (('AUTOMOTIVE_DESIGN { 1 0 10303 214 3 1 1 }'));
ENDSEC;

DATA;
#10=MECHANICAL_DESIGN_GEOMETRIC_PRESENTATION_REPRESENTATION('',(#2826,#2827,
#2828,#2829,#2830,#2831,#2832,#2833,#2834,#2835,#2836,#2837,#2838,#2839,
#2840,#2841,#2842,#2843,#2844,#2845,#2846,#2847,#2848,#2849,#2850,#2851,
#2852,#2853,#2854,#2855,#2856,#2857,#2858,#2859,#2860,#2861,#2862,#2863,
#2864,#2865,#2866,#2867,#2868,#2869,#2870,#2871,#2872,#2873,#2874,#2875,
#2876,#2877,#2878,#2879,#2880,#2881,#2882,#2883,#2884),#5083);
#11=ITEM_DEFINED_TRANSFORMATION($,$,#3293,#3380);
#12=ITEM_DEFINED_TRANSFORMATION($,$,#3300,#3381);
#13=ITEM_DEFINED_TRANSFORMATION($,$,#3373,#3382);
#14=ITEM_DEFINED_TRANSFORMATION($,$,#3112,#3383);
#15=ITEM_DEFINED_TRANSFORMATION($,$,#3291,#3384);
#16=ITEM_DEFINED_TRANSFORMATION($,$,#3291,#3385);
#17=ITEM_DEFINED_TRANSFORMATION($,$,#3292,#3386);
#18=ITEM_DEFINED_TRANSFORMATION($,$,#3292,#3387);
#19=ITEM_DEFINED_TRANSFORMATION($,$,#3111,#3400);
#20=(
REPRESENTATION_RELATIONSHIP($,$,#5118,#5117)
REPRESENTATION_RELATIONSHIP_WITH_TRANSFORMATION(#11)
SHAPE_REPRESENTATION_RELATIONSHIP()
);
#21=(
REPRESENTATION_RELATIONSHIP($,$,#5119,#5117)
REPRESENTATION_RELATIONSHIP_WITH_TRANSFORMATION(#12)
SHAPE_REPRESENTATION_RELATIONSHIP()
);
#22=(
REPRESENTATION_RELATIONSHIP($,$,#5120,#5117)
REPRESENTATION_RELATIONSHIP_WITH_TRANSFORMATION(#13)
SHAPE_REPRESENTATION_RELATIONSHIP()
);
#23=(
REPRESENTATION_RELATIONSHIP($,$,#5115,#5114)
REPRESENTATION_RELATIONSHIP_WITH_TRANSFORMATION(#14)
SHAPE_REPRESENTATION_RELATIONSHIP()
);
#24=(
REPRESENTATION_RELATIONSHIP($,$,#5116,#5114)
REPRESENTATION_RELATIONSHIP_WITH_TRANSFORMATION(#15)
SHAPE_REPRESENTATION_RELATIONSHIP()
);
#25=(
REPRESENTATION_RELATIONSHIP($,$,#5116,#5114)
REPRESENTATION_RELATIONSHIP_WITH_TRANSFORMATION(#16)
SHAPE_REPRESENTATION_RELATIONSHIP()
);
#26=(
REPRESENTATION_RELATIONSHIP($,$,#5117,#5114)
REPRESENTATION_RELATIONSHIP_WITH_TRANSFORMATION(#17)
SHAPE_REPRESENTATION_RELATIONSHIP()
);
#27=(
REPRESENTATION_RELATIONSHIP($,$,#5117,#5114)
REPRESENTATION_RELATIONSHIP_WITH_TRANSFORMATION(#18)
SHAPE_REPRESENTATION_RELATIONSHIP()
);
#28=(
REPRESENTATION_RELATIONSHIP($,$,#5114,#5113)
REPRESENTATION_RELATIONSHIP_WITH_TRANSFORMATION(#19)
SHAPE_REPRESENTATION_RELATIONSHIP()
);
#29=CONTEXT_DEPENDENT_SHAPE_REPRESENTATION(#20,#5104);
#30=CONTEXT_DEPENDENT_SHAPE_REPRESENTATION(#21,#5105);
#31=CONTEXT_DEPENDENT_SHAPE_REPRESENTATION(#22,#5106);
#32=CONTEXT_DEPENDENT_SHAPE_REPRESENTATION(#23,#5107);
#33=CONTEXT_DEPENDENT_SHAPE_REPRESENTATION(#24,#5108);
#34=CONTEXT_DEPENDENT_SHAPE_REPRESENTATION(#25,#5109);
#35=CONTEXT_DEPENDENT_SHAPE_REPRESENTATION(#26,#5110);
#36=CONTEXT_DEPENDENT_SHAPE_REPRESENTATION(#27,#5111);
#37=CONTEXT_DEPENDENT_SHAPE_REPRESENTATION(#28,#5112);
#38=NEXT_ASSEMBLY_USAGE_OCCURRENCE('solidBody:1','solidBody:1',
'solidBody:1',#5126,#5127,'solidBody:1');
#39=NEXT_ASSEMBLY_USAGE_OCCURRENCE('solidLead:1','solidLead:1',
'solidLead:1',#5126,#5128,'solidLead:1');
#40=NEXT_ASSEMBLY_USAGE_OCCURRENCE('solidTop:1','solidTop:1',
'solidTop:1',#5126,#5129,'solidTop:1');
#41=NEXT_ASSEMBLY_USAGE_OCCURRENCE('Board:1','Board:1','Board:1',#5123,
#5124,'Board:1');
#42=NEXT_ASSEMBLY_USAGE_OCCURRENCE('05-20-D-0076-A-4-06-4-T:CON1',
'05-20-D-0076-A-4-06-4-T:CON1','05-20-D-0076-A-4-06-4-T:CON1',#5123,#5125,
'05-20-D-0076-A-4-06-4-T:CON1');
#43=NEXT_ASSEMBLY_USAGE_OCCURRENCE('05-20-D-0076-A-4-06-4-T:CON2',
'05-20-D-0076-A-4-06-4-T:CON2','05-20-D-0076-A-4-06-4-T:CON2',#5123,#5125,
'05-20-D-0076-A-4-06-4-T:CON2');
#44=NEXT_ASSEMBLY_USAGE_OCCURRENCE('0402:R1','0402:R1','0402:R1',#5123,
#5126,'0402:R1');
#45=NEXT_ASSEMBLY_USAGE_OCCURRENCE('0402:R2','0402:R2','0402:R2',#5123,
#5126,'0402:R2');
#46=NEXT_ASSEMBLY_USAGE_OCCURRENCE('PCB Component:1','PCB Component:1',
'PCB Component:1',#5122,#5123,'PCB Component:1');
#47=SHAPE_REPRESENTATION_RELATIONSHIP('SRR','None',#5115,#52);
#48=SHAPE_REPRESENTATION_RELATIONSHIP('SRR','None',#5118,#53);
#49=SHAPE_REPRESENTATION_RELATIONSHIP('SRR','None',#5119,#54);
#50=SHAPE_REPRESENTATION_RELATIONSHIP('SRR','None',#5120,#55);
#51=SHAPE_REPRESENTATION_RELATIONSHIP('SRR','None',#5113,#56);
#52=ADVANCED_BREP_SHAPE_REPRESENTATION('',(#57),#5077);
#53=ADVANCED_BREP_SHAPE_REPRESENTATION('',(#58),#5080);
#54=ADVANCED_BREP_SHAPE_REPRESENTATION('',(#59,#60),#5081);
#55=ADVANCED_BREP_SHAPE_REPRESENTATION('',(#61),#5082);
#56=ADVANCED_BREP_SHAPE_REPRESENTATION('',(#62,#63),#5075);
#57=MANIFOLD_SOLID_BREP('Board',#3047);
#58=MANIFOLD_SOLID_BREP('Body1',#3048);
#59=MANIFOLD_SOLID_BREP('Body1',#3049);
#60=MANIFOLD_SOLID_BREP('Body2',#3050);
#61=MANIFOLD_SOLID_BREP('Body1',#3051);
#62=MANIFOLD_SOLID_BREP('Body1',#3052);
#63=MANIFOLD_SOLID_BREP('Body2',#3053);
#64=FACE_BOUND('',#501,.T.);
#65=FACE_BOUND('',#502,.T.);
#66=FACE_BOUND('',#503,.T.);
#67=FACE_BOUND('',#504,.T.);
#68=FACE_BOUND('',#505,.T.);
#69=FACE_BOUND('',#506,.T.);
#70=FACE_BOUND('',#507,.T.);
#71=FACE_BOUND('',#508,.T.);
#72=FACE_BOUND('',#509,.T.);
#73=FACE_BOUND('',#510,.T.);
#74=FACE_BOUND('',#511,.T.);
#75=FACE_BOUND('',#512,.T.);
#76=FACE_BOUND('',#513,.T.);
#77=FACE_BOUND('',#514,.T.);
#78=FACE_BOUND('',#515,.T.);
#79=FACE_BOUND('',#516,.T.);
#80=FACE_BOUND('',#517,.T.);
#81=FACE_BOUND('',#518,.T.);
#82=FACE_BOUND('',#519,.T.);
#83=FACE_BOUND('',#520,.T.);
#84=FACE_BOUND('',#521,.T.);
#85=FACE_BOUND('',#522,.T.);
#86=FACE_BOUND('',#523,.T.);
#87=FACE_BOUND('',#524,.T.);
#88=FACE_BOUND('',#525,.T.);
#89=FACE_BOUND('',#526,.T.);
#90=FACE_BOUND('',#527,.T.);
#91=FACE_BOUND('',#528,.T.);
#92=FACE_BOUND('',#529,.T.);
#93=FACE_BOUND('',#530,.T.);
#94=FACE_BOUND('',#531,.T.);
#95=FACE_BOUND('',#532,.T.);
#96=FACE_BOUND('',#533,.T.);
#97=FACE_BOUND('',#534,.T.);
#98=FACE_BOUND('',#535,.T.);
#99=FACE_BOUND('',#536,.T.);
#100=FACE_BOUND('',#537,.T.);
#101=FACE_BOUND('',#538,.T.);
#102=FACE_BOUND('',#539,.T.);
#103=FACE_BOUND('',#540,.T.);
#104=FACE_BOUND('',#541,.T.);
#105=FACE_BOUND('',#542,.T.);
#106=FACE_BOUND('',#543,.T.);
#107=FACE_BOUND('',#544,.T.);
#108=FACE_BOUND('',#545,.T.);
#109=FACE_BOUND('',#546,.T.);
#110=FACE_BOUND('',#547,.T.);
#111=FACE_BOUND('',#548,.T.);
#112=FACE_BOUND('',#549,.T.);
#113=FACE_BOUND('',#550,.T.);
#114=FACE_BOUND('',#551,.T.);
#115=FACE_BOUND('',#552,.T.);
#116=FACE_BOUND('',#554,.T.);
#117=FACE_BOUND('',#555,.T.);
#118=FACE_BOUND('',#556,.T.);
#119=FACE_BOUND('',#557,.T.);
#120=FACE_BOUND('',#558,.T.);
#121=FACE_BOUND('',#559,.T.);
#122=FACE_BOUND('',#560,.T.);
#123=FACE_BOUND('',#561,.T.);
#124=FACE_BOUND('',#562,.T.);
#125=FACE_BOUND('',#563,.T.);
#126=FACE_BOUND('',#564,.T.);
#127=FACE_BOUND('',#565,.T.);
#128=FACE_BOUND('',#566,.T.);
#129=FACE_BOUND('',#567,.T.);
#130=FACE_BOUND('',#568,.T.);
#131=FACE_BOUND('',#569,.T.);
#132=FACE_BOUND('',#570,.T.);
#133=FACE_BOUND('',#571,.T.);
#134=FACE_BOUND('',#572,.T.);
#135=FACE_BOUND('',#573,.T.);
#136=FACE_BOUND('',#574,.T.);
#137=FACE_BOUND('',#575,.T.);
#138=FACE_BOUND('',#576,.T.);
#139=FACE_BOUND('',#577,.T.);
#140=FACE_BOUND('',#578,.T.);
#141=FACE_BOUND('',#579,.T.);
#142=FACE_BOUND('',#580,.T.);
#143=FACE_BOUND('',#581,.T.);
#144=FACE_BOUND('',#582,.T.);
#145=FACE_BOUND('',#583,.T.);
#146=FACE_BOUND('',#584,.T.);
#147=FACE_BOUND('',#585,.T.);
#148=FACE_BOUND('',#586,.T.);
#149=FACE_BOUND('',#587,.T.);
#150=FACE_BOUND('',#588,.T.);
#151=FACE_BOUND('',#589,.T.);
#152=FACE_BOUND('',#590,.T.);
#153=FACE_BOUND('',#591,.T.);
#154=FACE_BOUND('',#592,.T.);
#155=FACE_BOUND('',#593,.T.);
#156=FACE_BOUND('',#594,.T.);
#157=FACE_BOUND('',#595,.T.);
#158=FACE_BOUND('',#596,.T.);
#159=FACE_BOUND('',#597,.T.);
#160=FACE_BOUND('',#598,.T.);
#161=FACE_BOUND('',#599,.T.);
#162=FACE_BOUND('',#600,.T.);
#163=FACE_BOUND('',#601,.T.);
#164=FACE_BOUND('',#602,.T.);
#165=FACE_BOUND('',#603,.T.);
#166=FACE_BOUND('',#604,.T.);
#167=FACE_BOUND('',#605,.T.);
#168=PLANE('',#3269);
#169=PLANE('',#3270);
#170=PLANE('',#3271);
#171=PLANE('',#3275);
#172=PLANE('',#3279);
#173=PLANE('',#3280);
#174=PLANE('',#3281);
#175=PLANE('',#3285);
#176=PLANE('',#3289);
#177=PLANE('',#3290);
#178=PLANE('',#3294);
#179=PLANE('',#3295);
#180=PLANE('',#3296);
#181=PLANE('',#3297);
#182=PLANE('',#3298);
#183=PLANE('',#3299);
#184=PLANE('',#3301);
#185=PLANE('',#3302);
#186=PLANE('',#3303);
#187=PLANE('',#3304);
#188=PLANE('',#3305);
#189=PLANE('',#3306);
#190=PLANE('',#3307);
#191=PLANE('',#3308);
#192=PLANE('',#3309);
#193=PLANE('',#3310);
#194=PLANE('',#3311);
#195=PLANE('',#3312);
#196=PLANE('',#3313);
#197=PLANE('',#3314);
#198=PLANE('',#3315);
#199=PLANE('',#3316);
#200=PLANE('',#3317);
#201=PLANE('',#3318);
#202=PLANE('',#3319);
#203=PLANE('',#3320);
#204=PLANE('',#3321);
#205=PLANE('',#3322);
#206=PLANE('',#3323);
#207=PLANE('',#3324);
#208=PLANE('',#3325);
#209=PLANE('',#3326);
#210=PLANE('',#3327);
#211=PLANE('',#3328);
#212=PLANE('',#3329);
#213=PLANE('',#3330);
#214=PLANE('',#3331);
#215=PLANE('',#3332);
#216=PLANE('',#3333);
#217=PLANE('',#3334);
#218=PLANE('',#3335);
#219=PLANE('',#3336);
#220=PLANE('',#3337);
#221=PLANE('',#3338);
#222=PLANE('',#3339);
#223=PLANE('',#3340);
#224=PLANE('',#3341);
#225=PLANE('',#3342);
#226=PLANE('',#3343);
#227=PLANE('',#3344);
#228=PLANE('',#3345);
#229=PLANE('',#3346);
#230=PLANE('',#3347);
#231=PLANE('',#3348);
#232=PLANE('',#3349);
#233=PLANE('',#3350);
#234=PLANE('',#3351);
#235=PLANE('',#3352);
#236=PLANE('',#3353);
#237=PLANE('',#3354);
#238=PLANE('',#3355);
#239=PLANE('',#3356);
#240=PLANE('',#3357);
#241=PLANE('',#3358);
#242=PLANE('',#3359);
#243=PLANE('',#3360);
#244=PLANE('',#3361);
#245=PLANE('',#3362);
#246=PLANE('',#3363);
#247=PLANE('',#3364);
#248=PLANE('',#3365);
#249=PLANE('',#3366);
#250=PLANE('',#3367);
#251=PLANE('',#3368);
#252=PLANE('',#3369);
#253=PLANE('',#3370);
#254=PLANE('',#3371);
#255=PLANE('',#3372);
#256=PLANE('',#3374);
#257=PLANE('',#3375);
#258=PLANE('',#3376);
#259=PLANE('',#3377);
#260=PLANE('',#3378);
#261=PLANE('',#3379);
#262=PLANE('',#3388);
#263=PLANE('',#3389);
#264=PLANE('',#3390);
#265=PLANE('',#3391);
#266=PLANE('',#3392);
#267=PLANE('',#3393);
#268=PLANE('',#3394);
#269=PLANE('',#3395);
#270=PLANE('',#3396);
#271=PLANE('',#3397);
#272=PLANE('',#3398);
#273=PLANE('',#3399);
#274=FACE_OUTER_BOUND('',#436,.T.);
#275=FACE_OUTER_BOUND('',#437,.T.);
#276=FACE_OUTER_BOUND('',#438,.T.);
#277=FACE_OUTER_BOUND('',#439,.T.);
#278=FACE_OUTER_BOUND('',#440,.T.);
#279=FACE_OUTER_BOUND('',#441,.T.);
#280=FACE_OUTER_BOUND('',#442,.T.);
#281=FACE_OUTER_BOUND('',#443,.T.);
#282=FACE_OUTER_BOUND('',#444,.T.);
#283=FACE_OUTER_BOUND('',#445,.T.);
#284=FACE_OUTER_BOUND('',#446,.T.);
#285=FACE_OUTER_BOUND('',#447,.T.);
#286=FACE_OUTER_BOUND('',#448,.T.);
#287=FACE_OUTER_BOUND('',#449,.T.);
#288=FACE_OUTER_BOUND('',#450,.T.);
#289=FACE_OUTER_BOUND('',#451,.T.);
#290=FACE_OUTER_BOUND('',#452,.T.);
#291=FACE_OUTER_BOUND('',#453,.T.);
#292=FACE_OUTER_BOUND('',#454,.T.);
#293=FACE_OUTER_BOUND('',#455,.T.);
#294=FACE_OUTER_BOUND('',#456,.T.);
#295=FACE_OUTER_BOUND('',#457,.T.);
#296=FACE_OUTER_BOUND('',#458,.T.);
#297=FACE_OUTER_BOUND('',#459,.T.);
#298=FACE_OUTER_BOUND('',#460,.T.);
#299=FACE_OUTER_BOUND('',#461,.T.);
#300=FACE_OUTER_BOUND('',#462,.T.);
#301=FACE_OUTER_BOUND('',#463,.T.);
#302=FACE_OUTER_BOUND('',#464,.T.);
#303=FACE_OUTER_BOUND('',#465,.T.);
#304=FACE_OUTER_BOUND('',#466,.T.);
#305=FACE_OUTER_BOUND('',#467,.T.);
#306=FACE_OUTER_BOUND('',#468,.T.);
#307=FACE_OUTER_BOUND('',#469,.T.);
#308=FACE_OUTER_BOUND('',#470,.T.);
#309=FACE_OUTER_BOUND('',#471,.T.);
#310=FACE_OUTER_BOUND('',#472,.T.);
#311=FACE_OUTER_BOUND('',#473,.T.);
#312=FACE_OUTER_BOUND('',#474,.T.);
#313=FACE_OUTER_BOUND('',#475,.T.);
#314=FACE_OUTER_BOUND('',#476,.T.);
#315=FACE_OUTER_BOUND('',#477,.T.);
#316=FACE_OUTER_BOUND('',#478,.T.);
#317=FACE_OUTER_BOUND('',#479,.T.);
#318=FACE_OUTER_BOUND('',#480,.T.);
#319=FACE_OUTER_BOUND('',#481,.T.);
#320=FACE_OUTER_BOUND('',#482,.T.);
#321=FACE_OUTER_BOUND('',#483,.T.);
#322=FACE_OUTER_BOUND('',#484,.T.);
#323=FACE_OUTER_BOUND('',#485,.T.);
#324=FACE_OUTER_BOUND('',#486,.T.);
#325=FACE_OUTER_BOUND('',#487,.T.);
#326=FACE_OUTER_BOUND('',#488,.T.);
#327=FACE_OUTER_BOUND('',#489,.T.);
#328=FACE_OUTER_BOUND('',#490,.T.);
#329=FACE_OUTER_BOUND('',#491,.T.);
#330=FACE_OUTER_BOUND('',#492,.T.);
#331=FACE_OUTER_BOUND('',#493,.T.);
#332=FACE_OUTER_BOUND('',#494,.T.);
#333=FACE_OUTER_BOUND('',#495,.T.);
#334=FACE_OUTER_BOUND('',#496,.T.);
#335=FACE_OUTER_BOUND('',#497,.T.);
#336=FACE_OUTER_BOUND('',#498,.T.);
#337=FACE_OUTER_BOUND('',#499,.T.);
#338=FACE_OUTER_BOUND('',#500,.T.);
#339=FACE_OUTER_BOUND('',#553,.T.);
#340=FACE_OUTER_BOUND('',#606,.T.);
#341=FACE_OUTER_BOUND('',#607,.T.);
#342=FACE_OUTER_BOUND('',#608,.T.);
#343=FACE_OUTER_BOUND('',#609,.T.);
#344=FACE_OUTER_BOUND('',#610,.T.);
#345=FACE_OUTER_BOUND('',#611,.T.);
#346=FACE_OUTER_BOUND('',#612,.T.);
#347=FACE_OUTER_BOUND('',#613,.T.);
#348=FACE_OUTER_BOUND('',#614,.T.);
#349=FACE_OUTER_BOUND('',#615,.T.);
#350=FACE_OUTER_BOUND('',#616,.T.);
#351=FACE_OUTER_BOUND('',#617,.T.);
#352=FACE_OUTER_BOUND('',#618,.T.);
#353=FACE_OUTER_BOUND('',#619,.T.);
#354=FACE_OUTER_BOUND('',#620,.T.);
#355=FACE_OUTER_BOUND('',#621,.T.);
#356=FACE_OUTER_BOUND('',#622,.T.);
#357=FACE_OUTER_BOUND('',#623,.T.);
#358=FACE_OUTER_BOUND('',#624,.T.);
#359=FACE_OUTER_BOUND('',#625,.T.);
#360=FACE_OUTER_BOUND('',#626,.T.);
#361=FACE_OUTER_BOUND('',#627,.T.);
#362=FACE_OUTER_BOUND('',#628,.T.);
#363=FACE_OUTER_BOUND('',#629,.T.);
#364=FACE_OUTER_BOUND('',#630,.T.);
#365=FACE_OUTER_BOUND('',#631,.T.);
#366=FACE_OUTER_BOUND('',#632,.T.);
#367=FACE_OUTER_BOUND('',#633,.T.);
#368=FACE_OUTER_BOUND('',#634,.T.);
#369=FACE_OUTER_BOUND('',#635,.T.);
#370=FACE_OUTER_BOUND('',#636,.T.);
#371=FACE_OUTER_BOUND('',#637,.T.);
#372=FACE_OUTER_BOUND('',#638,.T.);
#373=FACE_OUTER_BOUND('',#639,.T.);
#374=FACE_OUTER_BOUND('',#640,.T.);
#375=FACE_OUTER_BOUND('',#641,.T.);
#376=FACE_OUTER_BOUND('',#642,.T.);
#377=FACE_OUTER_BOUND('',#643,.T.);
#378=FACE_OUTER_BOUND('',#644,.T.);
#379=FACE_OUTER_BOUND('',#645,.T.);
#380=FACE_OUTER_BOUND('',#646,.T.);
#381=FACE_OUTER_BOUND('',#647,.T.);
#382=FACE_OUTER_BOUND('',#648,.T.);
#383=FACE_OUTER_BOUND('',#649,.T.);
#384=FACE_OUTER_BOUND('',#650,.T.);
#385=FACE_OUTER_BOUND('',#651,.T.);
#386=FACE_OUTER_BOUND('',#652,.T.);
#387=FACE_OUTER_BOUND('',#653,.T.);
#388=FACE_OUTER_BOUND('',#654,.T.);
#389=FACE_OUTER_BOUND('',#655,.T.);
#390=FACE_OUTER_BOUND('',#656,.T.);
#391=FACE_OUTER_BOUND('',#657,.T.);
#392=FACE_OUTER_BOUND('',#658,.T.);
#393=FACE_OUTER_BOUND('',#659,.T.);
#394=FACE_OUTER_BOUND('',#660,.T.);
#395=FACE_OUTER_BOUND('',#661,.T.);
#396=FACE_OUTER_BOUND('',#662,.T.);
#397=FACE_OUTER_BOUND('',#663,.T.);
#398=FACE_OUTER_BOUND('',#664,.T.);
#399=FACE_OUTER_BOUND('',#665,.T.);
#400=FACE_OUTER_BOUND('',#666,.T.);
#401=FACE_OUTER_BOUND('',#667,.T.);
#402=FACE_OUTER_BOUND('',#668,.T.);
#403=FACE_OUTER_BOUND('',#669,.T.);
#404=FACE_OUTER_BOUND('',#670,.T.);
#405=FACE_OUTER_BOUND('',#671,.T.);
#406=FACE_OUTER_BOUND('',#672,.T.);
#407=FACE_OUTER_BOUND('',#673,.T.);
#408=FACE_OUTER_BOUND('',#674,.T.);
#409=FACE_OUTER_BOUND('',#675,.T.);
#410=FACE_OUTER_BOUND('',#676,.T.);
#411=FACE_OUTER_BOUND('',#677,.T.);
#412=FACE_OUTER_BOUND('',#678,.T.);
#413=FACE_OUTER_BOUND('',#679,.T.);
#414=FACE_OUTER_BOUND('',#680,.T.);
#415=FACE_OUTER_BOUND('',#681,.T.);
#416=FACE_OUTER_BOUND('',#682,.T.);
#417=FACE_OUTER_BOUND('',#683,.T.);
#418=FACE_OUTER_BOUND('',#684,.T.);
#419=FACE_OUTER_BOUND('',#685,.T.);
#420=FACE_OUTER_BOUND('',#686,.T.);
#421=FACE_OUTER_BOUND('',#687,.T.);
#422=FACE_OUTER_BOUND('',#688,.T.);
#423=FACE_OUTER_BOUND('',#689,.T.);
#424=FACE_OUTER_BOUND('',#690,.T.);
#425=FACE_OUTER_BOUND('',#691,.T.);
#426=FACE_OUTER_BOUND('',#692,.T.);
#427=FACE_OUTER_BOUND('',#693,.T.);
#428=FACE_OUTER_BOUND('',#694,.T.);
#429=FACE_OUTER_BOUND('',#695,.T.);
#430=FACE_OUTER_BOUND('',#696,.T.);
#431=FACE_OUTER_BOUND('',#697,.T.);
#432=FACE_OUTER_BOUND('',#698,.T.);
#433=FACE_OUTER_BOUND('',#699,.T.);
#434=FACE_OUTER_BOUND('',#700,.T.);
#435=FACE_OUTER_BOUND('',#701,.T.);
#436=EDGE_LOOP('',(#1994,#1995,#1996,#1997));
#437=EDGE_LOOP('',(#1998,#1999,#2000,#2001));
#438=EDGE_LOOP('',(#2002,#2003,#2004,#2005));
#439=EDGE_LOOP('',(#2006,#2007,#2008,#2009));
#440=EDGE_LOOP('',(#2010,#2011,#2012,#2013));
#441=EDGE_LOOP('',(#2014,#2015,#2016,#2017));
#442=EDGE_LOOP('',(#2018,#2019,#2020,#2021));
#443=EDGE_LOOP('',(#2022,#2023,#2024,#2025));
#444=EDGE_LOOP('',(#2026,#2027,#2028,#2029));
#445=EDGE_LOOP('',(#2030,#2031,#2032,#2033));
#446=EDGE_LOOP('',(#2034,#2035,#2036,#2037));
#447=EDGE_LOOP('',(#2038,#2039,#2040,#2041));
#448=EDGE_LOOP('',(#2042,#2043,#2044,#2045));
#449=EDGE_LOOP('',(#2046,#2047,#2048,#2049));
#450=EDGE_LOOP('',(#2050,#2051,#2052,#2053));
#451=EDGE_LOOP('',(#2054,#2055,#2056,#2057));
#452=EDGE_LOOP('',(#2058,#2059,#2060,#2061));
#453=EDGE_LOOP('',(#2062,#2063,#2064,#2065));
#454=EDGE_LOOP('',(#2066,#2067,#2068,#2069));
#455=EDGE_LOOP('',(#2070,#2071,#2072,#2073));
#456=EDGE_LOOP('',(#2074,#2075,#2076,#2077));
#457=EDGE_LOOP('',(#2078,#2079,#2080,#2081));
#458=EDGE_LOOP('',(#2082,#2083,#2084,#2085));
#459=EDGE_LOOP('',(#2086,#2087,#2088,#2089));
#460=EDGE_LOOP('',(#2090,#2091,#2092,#2093));
#461=EDGE_LOOP('',(#2094,#2095,#2096,#2097));
#462=EDGE_LOOP('',(#2098,#2099,#2100,#2101));
#463=EDGE_LOOP('',(#2102,#2103,#2104,#2105));
#464=EDGE_LOOP('',(#2106,#2107,#2108,#2109));
#465=EDGE_LOOP('',(#2110,#2111,#2112,#2113));
#466=EDGE_LOOP('',(#2114,#2115,#2116,#2117));
#467=EDGE_LOOP('',(#2118,#2119,#2120,#2121));
#468=EDGE_LOOP('',(#2122,#2123,#2124,#2125));
#469=EDGE_LOOP('',(#2126,#2127,#2128,#2129));
#470=EDGE_LOOP('',(#2130,#2131,#2132,#2133));
#471=EDGE_LOOP('',(#2134,#2135,#2136,#2137));
#472=EDGE_LOOP('',(#2138,#2139,#2140,#2141));
#473=EDGE_LOOP('',(#2142,#2143,#2144,#2145));
#474=EDGE_LOOP('',(#2146,#2147,#2148,#2149));
#475=EDGE_LOOP('',(#2150,#2151,#2152,#2153));
#476=EDGE_LOOP('',(#2154,#2155,#2156,#2157));
#477=EDGE_LOOP('',(#2158,#2159,#2160,#2161));
#478=EDGE_LOOP('',(#2162,#2163,#2164,#2165));
#479=EDGE_LOOP('',(#2166,#2167,#2168,#2169));
#480=EDGE_LOOP('',(#2170,#2171,#2172,#2173));
#481=EDGE_LOOP('',(#2174,#2175,#2176,#2177));
#482=EDGE_LOOP('',(#2178,#2179,#2180,#2181));
#483=EDGE_LOOP('',(#2182,#2183,#2184,#2185));
#484=EDGE_LOOP('',(#2186,#2187,#2188,#2189));
#485=EDGE_LOOP('',(#2190,#2191,#2192,#2193));
#486=EDGE_LOOP('',(#2194,#2195,#2196,#2197));
#487=EDGE_LOOP('',(#2198,#2199,#2200,#2201));
#488=EDGE_LOOP('',(#2202,#2203,#2204,#2205));
#489=EDGE_LOOP('',(#2206,#2207,#2208,#2209));
#490=EDGE_LOOP('',(#2210,#2211,#2212,#2213));
#491=EDGE_LOOP('',(#2214,#2215,#2216,#2217));
#492=EDGE_LOOP('',(#2218,#2219,#2220,#2221));
#493=EDGE_LOOP('',(#2222,#2223,#2224,#2225));
#494=EDGE_LOOP('',(#2226,#2227,#2228,#2229));
#495=EDGE_LOOP('',(#2230,#2231,#2232,#2233));
#496=EDGE_LOOP('',(#2234,#2235,#2236,#2237));
#497=EDGE_LOOP('',(#2238,#2239,#2240,#2241));
#498=EDGE_LOOP('',(#2242,#2243,#2244,#2245));
#499=EDGE_LOOP('',(#2246,#2247,#2248,#2249));
#500=EDGE_LOOP('',(#2250,#2251,#2252,#2253,#2254,#2255,#2256,#2257,#2258,
#2259,#2260,#2261));
#501=EDGE_LOOP('',(#2262));
#502=EDGE_LOOP('',(#2263));
#503=EDGE_LOOP('',(#2264));
#504=EDGE_LOOP('',(#2265));
#505=EDGE_LOOP('',(#2266));
#506=EDGE_LOOP('',(#2267));
#507=EDGE_LOOP('',(#2268));
#508=EDGE_LOOP('',(#2269));
#509=EDGE_LOOP('',(#2270));
#510=EDGE_LOOP('',(#2271));
#511=EDGE_LOOP('',(#2272));
#512=EDGE_LOOP('',(#2273));
#513=EDGE_LOOP('',(#2274));
#514=EDGE_LOOP('',(#2275));
#515=EDGE_LOOP('',(#2276));
#516=EDGE_LOOP('',(#2277));
#517=EDGE_LOOP('',(#2278));
#518=EDGE_LOOP('',(#2279));
#519=EDGE_LOOP('',(#2280));
#520=EDGE_LOOP('',(#2281));
#521=EDGE_LOOP('',(#2282));
#522=EDGE_LOOP('',(#2283));
#523=EDGE_LOOP('',(#2284));
#524=EDGE_LOOP('',(#2285));
#525=EDGE_LOOP('',(#2286));
#526=EDGE_LOOP('',(#2287));
#527=EDGE_LOOP('',(#2288));
#528=EDGE_LOOP('',(#2289));
#529=EDGE_LOOP('',(#2290));
#530=EDGE_LOOP('',(#2291));
#531=EDGE_LOOP('',(#2292));
#532=EDGE_LOOP('',(#2293));
#533=EDGE_LOOP('',(#2294));
#534=EDGE_LOOP('',(#2295));
#535=EDGE_LOOP('',(#2296));
#536=EDGE_LOOP('',(#2297));
#537=EDGE_LOOP('',(#2298));
#538=EDGE_LOOP('',(#2299));
#539=EDGE_LOOP('',(#2300));
#540=EDGE_LOOP('',(#2301));
#541=EDGE_LOOP('',(#2302));
#542=EDGE_LOOP('',(#2303));
#543=EDGE_LOOP('',(#2304));
#544=EDGE_LOOP('',(#2305));
#545=EDGE_LOOP('',(#2306));
#546=EDGE_LOOP('',(#2307));
#547=EDGE_LOOP('',(#2308));
#548=EDGE_LOOP('',(#2309));
#549=EDGE_LOOP('',(#2310));
#550=EDGE_LOOP('',(#2311));
#551=EDGE_LOOP('',(#2312));
#552=EDGE_LOOP('',(#2313));
#553=EDGE_LOOP('',(#2314,#2315,#2316,#2317,#2318,#2319,#2320,#2321,#2322,
#2323,#2324,#2325));
#554=EDGE_LOOP('',(#2326));
#555=EDGE_LOOP('',(#2327));
#556=EDGE_LOOP('',(#2328));
#557=EDGE_LOOP('',(#2329));
#558=EDGE_LOOP('',(#2330));
#559=EDGE_LOOP('',(#2331));
#560=EDGE_LOOP('',(#2332));
#561=EDGE_LOOP('',(#2333));
#562=EDGE_LOOP('',(#2334));
#563=EDGE_LOOP('',(#2335));
#564=EDGE_LOOP('',(#2336));
#565=EDGE_LOOP('',(#2337));
#566=EDGE_LOOP('',(#2338));
#567=EDGE_LOOP('',(#2339));
#568=EDGE_LOOP('',(#2340));
#569=EDGE_LOOP('',(#2341));
#570=EDGE_LOOP('',(#2342));
#571=EDGE_LOOP('',(#2343));
#572=EDGE_LOOP('',(#2344));
#573=EDGE_LOOP('',(#2345));
#574=EDGE_LOOP('',(#2346));
#575=EDGE_LOOP('',(#2347));
#576=EDGE_LOOP('',(#2348));
#577=EDGE_LOOP('',(#2349));
#578=EDGE_LOOP('',(#2350));
#579=EDGE_LOOP('',(#2351));
#580=EDGE_LOOP('',(#2352));
#581=EDGE_LOOP('',(#2353));
#582=EDGE_LOOP('',(#2354));
#583=EDGE_LOOP('',(#2355));
#584=EDGE_LOOP('',(#2356));
#585=EDGE_LOOP('',(#2357));
#586=EDGE_LOOP('',(#2358));
#587=EDGE_LOOP('',(#2359));
#588=EDGE_LOOP('',(#2360));
#589=EDGE_LOOP('',(#2361));
#590=EDGE_LOOP('',(#2362));
#591=EDGE_LOOP('',(#2363));
#592=EDGE_LOOP('',(#2364));
#593=EDGE_LOOP('',(#2365));
#594=EDGE_LOOP('',(#2366));
#595=EDGE_LOOP('',(#2367));
#596=EDGE_LOOP('',(#2368));
#597=EDGE_LOOP('',(#2369));
#598=EDGE_LOOP('',(#2370));
#599=EDGE_LOOP('',(#2371));
#600=EDGE_LOOP('',(#2372));
#601=EDGE_LOOP('',(#2373));
#602=EDGE_LOOP('',(#2374));
#603=EDGE_LOOP('',(#2375));
#604=EDGE_LOOP('',(#2376));
#605=EDGE_LOOP('',(#2377));
#606=EDGE_LOOP('',(#2378,#2379,#2380,#2381));
#607=EDGE_LOOP('',(#2382,#2383,#2384,#2385));
#608=EDGE_LOOP('',(#2386,#2387,#2388,#2389));
#609=EDGE_LOOP('',(#2390,#2391,#2392,#2393));
#610=EDGE_LOOP('',(#2394,#2395,#2396,#2397));
#611=EDGE_LOOP('',(#2398,#2399,#2400,#2401));
#612=EDGE_LOOP('',(#2402,#2403,#2404,#2405));
#613=EDGE_LOOP('',(#2406,#2407,#2408,#2409));
#614=EDGE_LOOP('',(#2410,#2411,#2412,#2413));
#615=EDGE_LOOP('',(#2414,#2415,#2416,#2417));
#616=EDGE_LOOP('',(#2418,#2419,#2420,#2421));
#617=EDGE_LOOP('',(#2422,#2423,#2424,#2425));
#618=EDGE_LOOP('',(#2426,#2427,#2428,#2429,#2430,#2431));
#619=EDGE_LOOP('',(#2432,#2433,#2434,#2435));
#620=EDGE_LOOP('',(#2436,#2437,#2438,#2439));
#621=EDGE_LOOP('',(#2440,#2441,#2442,#2443));
#622=EDGE_LOOP('',(#2444,#2445,#2446,#2447));
#623=EDGE_LOOP('',(#2448,#2449,#2450,#2451));
#624=EDGE_LOOP('',(#2452,#2453,#2454,#2455));
#625=EDGE_LOOP('',(#2456,#2457,#2458,#2459));
#626=EDGE_LOOP('',(#2460,#2461,#2462,#2463));
#627=EDGE_LOOP('',(#2464,#2465,#2466,#2467));
#628=EDGE_LOOP('',(#2468,#2469,#2470,#2471,#2472,#2473));
#629=EDGE_LOOP('',(#2474,#2475,#2476,#2477));
#630=EDGE_LOOP('',(#2478,#2479,#2480,#2481));
#631=EDGE_LOOP('',(#2482,#2483,#2484,#2485));
#632=EDGE_LOOP('',(#2486,#2487,#2488,#2489));
#633=EDGE_LOOP('',(#2490,#2491,#2492,#2493));
#634=EDGE_LOOP('',(#2494,#2495,#2496,#2497));
#635=EDGE_LOOP('',(#2498,#2499,#2500,#2501));
#636=EDGE_LOOP('',(#2502,#2503,#2504,#2505));
#637=EDGE_LOOP('',(#2506,#2507,#2508,#2509));
#638=EDGE_LOOP('',(#2510,#2511,#2512,#2513));
#639=EDGE_LOOP('',(#2514,#2515,#2516,#2517));
#640=EDGE_LOOP('',(#2518,#2519,#2520,#2521));
#641=EDGE_LOOP('',(#2522,#2523,#2524,#2525));
#642=EDGE_LOOP('',(#2526,#2527,#2528,#2529));
#643=EDGE_LOOP('',(#2530,#2531,#2532,#2533));
#644=EDGE_LOOP('',(#2534,#2535,#2536,#2537));
#645=EDGE_LOOP('',(#2538,#2539,#2540,#2541));
#646=EDGE_LOOP('',(#2542,#2543,#2544,#2545));
#647=EDGE_LOOP('',(#2546,#2547,#2548,#2549));
#648=EDGE_LOOP('',(#2550,#2551,#2552,#2553));
#649=EDGE_LOOP('',(#2554,#2555,#2556,#2557));
#650=EDGE_LOOP('',(#2558,#2559,#2560,#2561));
#651=EDGE_LOOP('',(#2562,#2563,#2564,#2565));
#652=EDGE_LOOP('',(#2566,#2567,#2568,#2569));
#653=EDGE_LOOP('',(#2570,#2571,#2572,#2573));
#654=EDGE_LOOP('',(#2574,#2575,#2576,#2577,#2578,#2579));
#655=EDGE_LOOP('',(#2580,#2581,#2582,#2583));
#656=EDGE_LOOP('',(#2584,#2585,#2586,#2587));
#657=EDGE_LOOP('',(#2588,#2589,#2590,#2591));
#658=EDGE_LOOP('',(#2592,#2593,#2594,#2595));
#659=EDGE_LOOP('',(#2596,#2597,#2598,#2599));
#660=EDGE_LOOP('',(#2600,#2601,#2602,#2603));
#661=EDGE_LOOP('',(#2604,#2605,#2606,#2607));
#662=EDGE_LOOP('',(#2608,#2609,#2610,#2611));
#663=EDGE_LOOP('',(#2612,#2613,#2614,#2615,#2616,#2617));
#664=EDGE_LOOP('',(#2618,#2619,#2620,#2621));
#665=EDGE_LOOP('',(#2622,#2623,#2624,#2625));
#666=EDGE_LOOP('',(#2626,#2627,#2628,#2629));
#667=EDGE_LOOP('',(#2630,#2631,#2632,#2633));
#668=EDGE_LOOP('',(#2634,#2635,#2636,#2637));
#669=EDGE_LOOP('',(#2638,#2639,#2640,#2641));
#670=EDGE_LOOP('',(#2642,#2643,#2644,#2645));
#671=EDGE_LOOP('',(#2646,#2647,#2648,#2649));
#672=EDGE_LOOP('',(#2650,#2651,#2652,#2653));
#673=EDGE_LOOP('',(#2654,#2655,#2656,#2657));
#674=EDGE_LOOP('',(#2658,#2659,#2660,#2661));
#675=EDGE_LOOP('',(#2662,#2663,#2664,#2665));
#676=EDGE_LOOP('',(#2666,#2667,#2668,#2669));
#677=EDGE_LOOP('',(#2670,#2671,#2672,#2673));
#678=EDGE_LOOP('',(#2674,#2675,#2676,#2677));
#679=EDGE_LOOP('',(#2678,#2679,#2680,#2681));
#680=EDGE_LOOP('',(#2682,#2683,#2684,#2685));
#681=EDGE_LOOP('',(#2686,#2687,#2688,#2689));
#682=EDGE_LOOP('',(#2690,#2691,#2692,#2693));
#683=EDGE_LOOP('',(#2694,#2695,#2696,#2697));
#684=EDGE_LOOP('',(#2698,#2699,#2700,#2701));
#685=EDGE_LOOP('',(#2702,#2703,#2704,#2705));
#686=EDGE_LOOP('',(#2706,#2707,#2708,#2709));
#687=EDGE_LOOP('',(#2710,#2711,#2712,#2713));
#688=EDGE_LOOP('',(#2714,#2715,#2716,#2717));
#689=EDGE_LOOP('',(#2718,#2719,#2720,#2721));
#690=EDGE_LOOP('',(#2722,#2723,#2724,#2725));
#691=EDGE_LOOP('',(#2726,#2727,#2728,#2729));
#692=EDGE_LOOP('',(#2730,#2731,#2732,#2733));
#693=EDGE_LOOP('',(#2734,#2735,#2736,#2737));
#694=EDGE_LOOP('',(#2738,#2739,#2740,#2741));
#695=EDGE_LOOP('',(#2742,#2743,#2744,#2745));
#696=EDGE_LOOP('',(#2746,#2747,#2748,#2749));
#697=EDGE_LOOP('',(#2750,#2751,#2752,#2753));
#698=EDGE_LOOP('',(#2754,#2755,#2756,#2757));
#699=EDGE_LOOP('',(#2758,#2759,#2760,#2761));
#700=EDGE_LOOP('',(#2762,#2763,#2764,#2765));
#701=EDGE_LOOP('',(#2766,#2767,#2768,#2769));
#702=LINE('',#4266,#978);
#703=LINE('',#4272,#979);
#704=LINE('',#4278,#980);
#705=LINE('',#4284,#981);
#706=LINE('',#4290,#982);
#707=LINE('',#4296,#983);
#708=LINE('',#4302,#984);
#709=LINE('',#4308,#985);
#710=LINE('',#4314,#986);
#711=LINE('',#4320,#987);
#712=LINE('',#4326,#988);
#713=LINE('',#4332,#989);
#714=LINE('',#4338,#990);
#715=LINE('',#4344,#991);
#716=LINE('',#4350,#992);
#717=LINE('',#4356,#993);
#718=LINE('',#4362,#994);
#719=LINE('',#4368,#995);
#720=LINE('',#4374,#996);
#721=LINE('',#4380,#997);
#722=LINE('',#4386,#998);
#723=LINE('',#4392,#999);
#724=LINE('',#4398,#1000);
#725=LINE('',#4404,#1001);
#726=LINE('',#4410,#1002);
#727=LINE('',#4416,#1003);
#728=LINE('',#4422,#1004);
#729=LINE('',#4428,#1005);
#730=LINE('',#4434,#1006);
#731=LINE('',#4440,#1007);
#732=LINE('',#4446,#1008);
#733=LINE('',#4452,#1009);
#734=LINE('',#4458,#1010);
#735=LINE('',#4464,#1011);
#736=LINE('',#4470,#1012);
#737=LINE('',#4476,#1013);
#738=LINE('',#4482,#1014);
#739=LINE('',#4488,#1015);
#740=LINE('',#4494,#1016);
#741=LINE('',#4500,#1017);
#742=LINE('',#4506,#1018);
#743=LINE('',#4512,#1019);
#744=LINE('',#4518,#1020);
#745=LINE('',#4524,#1021);
#746=LINE('',#4530,#1022);
#747=LINE('',#4536,#1023);
#748=LINE('',#4542,#1024);
#749=LINE('',#4548,#1025);
#750=LINE('',#4554,#1026);
#751=LINE('',#4560,#1027);
#752=LINE('',#4566,#1028);
#753=LINE('',#4572,#1029);
#754=LINE('',#4577,#1030);
#755=LINE('',#4579,#1031);
#756=LINE('',#4581,#1032);
#757=LINE('',#4582,#1033);
#758=LINE('',#4585,#1034);
#759=LINE('',#4587,#1035);
#760=LINE('',#4588,#1036);
#761=LINE('',#4591,#1037);
#762=LINE('',#4593,#1038);
#763=LINE('',#4594,#1039);
#764=LINE('',#4600,#1040);
#765=LINE('',#4603,#1041);
#766=LINE('',#4605,#1042);
#767=LINE('',#4606,#1043);
#768=LINE('',#4612,#1044);
#769=LINE('',#4615,#1045);
#770=LINE('',#4617,#1046);
#771=LINE('',#4618,#1047);
#772=LINE('',#4621,#1048);
#773=LINE('',#4623,#1049);
#774=LINE('',#4624,#1050);
#775=LINE('',#4627,#1051);
#776=LINE('',#4629,#1052);
#777=LINE('',#4630,#1053);
#778=LINE('',#4636,#1054);
#779=LINE('',#4639,#1055);
#780=LINE('',#4641,#1056);
#781=LINE('',#4642,#1057);
#782=LINE('',#4654,#1058);
#783=LINE('',#4656,#1059);
#784=LINE('',#4658,#1060);
#785=LINE('',#4659,#1061);
#786=LINE('',#4662,#1062);
#787=LINE('',#4664,#1063);
#788=LINE('',#4665,#1064);
#789=LINE('',#4668,#1065);
#790=LINE('',#4669,#1066);
#791=LINE('',#4672,#1067);
#792=LINE('',#4673,#1068);
#793=LINE('',#4675,#1069);
#794=LINE('',#4681,#1070);
#795=LINE('',#4683,#1071);
#796=LINE('',#4685,#1072);
#797=LINE('',#4686,#1073);
#798=LINE('',#4689,#1074);
#799=LINE('',#4691,#1075);
#800=LINE('',#4692,#1076);
#801=LINE('',#4695,#1077);
#802=LINE('',#4696,#1078);
#803=LINE('',#4699,#1079);
#804=LINE('',#4700,#1080);
#805=LINE('',#4702,#1081);
#806=LINE('',#4705,#1082);
#807=LINE('',#4707,#1083);
#808=LINE('',#4708,#1084);
#809=LINE('',#4711,#1085);
#810=LINE('',#4713,#1086);
#811=LINE('',#4715,#1087);
#812=LINE('',#4717,#1088);
#813=LINE('',#4718,#1089);
#814=LINE('',#4721,#1090);
#815=LINE('',#4723,#1091);
#816=LINE('',#4724,#1092);
#817=LINE('',#4726,#1093);
#818=LINE('',#4729,#1094);
#819=LINE('',#4730,#1095);
#820=LINE('',#4732,#1096);
#821=LINE('',#4735,#1097);
#822=LINE('',#4737,#1098);
#823=LINE('',#4738,#1099);
#824=LINE('',#4741,#1100);
#825=LINE('',#4742,#1101);
#826=LINE('',#4745,#1102);
#827=LINE('',#4746,#1103);
#828=LINE('',#4749,#1104);
#829=LINE('',#4750,#1105);
#830=LINE('',#4753,#1106);
#831=LINE('',#4755,#1107);
#832=LINE('',#4756,#1108);
#833=LINE('',#4759,#1109);
#834=LINE('',#4761,#1110);
#835=LINE('',#4762,#1111);
#836=LINE('',#4766,#1112);
#837=LINE('',#4767,#1113);
#838=LINE('',#4768,#1114);
#839=LINE('',#4770,#1115);
#840=LINE('',#4773,#1116);
#841=LINE('',#4775,#1117);
#842=LINE('',#4776,#1118);
#843=LINE('',#4779,#1119);
#844=LINE('',#4781,#1120);
#845=LINE('',#4782,#1121);
#846=LINE('',#4785,#1122);
#847=LINE('',#4786,#1123);
#848=LINE('',#4789,#1124);
#849=LINE('',#4790,#1125);
#850=LINE('',#4793,#1126);
#851=LINE('',#4795,#1127);
#852=LINE('',#4796,#1128);
#853=LINE('',#4798,#1129);
#854=LINE('',#4801,#1130);
#855=LINE('',#4802,#1131);
#856=LINE('',#4804,#1132);
#857=LINE('',#4806,#1133);
#858=LINE('',#4809,#1134);
#859=LINE('',#4810,#1135);
#860=LINE('',#4813,#1136);
#861=LINE('',#4814,#1137);
#862=LINE('',#4816,#1138);
#863=LINE('',#4819,#1139);
#864=LINE('',#4820,#1140);
#865=LINE('',#4822,#1141);
#866=LINE('',#4824,#1142);
#867=LINE('',#4826,#1143);
#868=LINE('',#4831,#1144);
#869=LINE('',#4833,#1145);
#870=LINE('',#4835,#1146);
#871=LINE('',#4836,#1147);
#872=LINE('',#4839,#1148);
#873=LINE('',#4841,#1149);
#874=LINE('',#4842,#1150);
#875=LINE('',#4845,#1151);
#876=LINE('',#4846,#1152);
#877=LINE('',#4849,#1153);
#878=LINE('',#4850,#1154);
#879=LINE('',#4852,#1155);
#880=LINE('',#4855,#1156);
#881=LINE('',#4857,#1157);
#882=LINE('',#4858,#1158);
#883=LINE('',#4861,#1159);
#884=LINE('',#4863,#1160);
#885=LINE('',#4865,#1161);
#886=LINE('',#4867,#1162);
#887=LINE('',#4868,#1163);
#888=LINE('',#4871,#1164);
#889=LINE('',#4873,#1165);
#890=LINE('',#4874,#1166);
#891=LINE('',#4876,#1167);
#892=LINE('',#4878,#1168);
#893=LINE('',#4881,#1169);
#894=LINE('',#4882,#1170);
#895=LINE('',#4886,#1171);
#896=LINE('',#4887,#1172);
#897=LINE('',#4888,#1173);
#898=LINE('',#4891,#1174);
#899=LINE('',#4892,#1175);
#900=LINE('',#4895,#1176);
#901=LINE('',#4896,#1177);
#902=LINE('',#4899,#1178);
#903=LINE('',#4900,#1179);
#904=LINE('',#4903,#1180);
#905=LINE('',#4905,#1181);
#906=LINE('',#4906,#1182);
#907=LINE('',#4909,#1183);
#908=LINE('',#4911,#1184);
#909=LINE('',#4912,#1185);
#910=LINE('',#4916,#1186);
#911=LINE('',#4917,#1187);
#912=LINE('',#4918,#1188);
#913=LINE('',#4920,#1189);
#914=LINE('',#4923,#1190);
#915=LINE('',#4925,#1191);
#916=LINE('',#4926,#1192);
#917=LINE('',#4930,#1193);
#918=LINE('',#4931,#1194);
#919=LINE('',#4932,#1195);
#920=LINE('',#4935,#1196);
#921=LINE('',#4936,#1197);
#922=LINE('',#4939,#1198);
#923=LINE('',#4940,#1199);
#924=LINE('',#4943,#1200);
#925=LINE('',#4944,#1201);
#926=LINE('',#4947,#1202);
#927=LINE('',#4948,#1203);
#928=LINE('',#4950,#1204);
#929=LINE('',#4953,#1205);
#930=LINE('',#4954,#1206);
#931=LINE('',#4956,#1207);
#932=LINE('',#4959,#1208);
#933=LINE('',#4960,#1209);
#934=LINE('',#4963,#1210);
#935=LINE('',#4964,#1211);
#936=LINE('',#4966,#1212);
#937=LINE('',#4969,#1213);
#938=LINE('',#4970,#1214);
#939=LINE('',#4972,#1215);
#940=LINE('',#4974,#1216);
#941=LINE('',#4976,#1217);
#942=LINE('',#4982,#1218);
#943=LINE('',#4984,#1219);
#944=LINE('',#4986,#1220);
#945=LINE('',#4987,#1221);
#946=LINE('',#4990,#1222);
#947=LINE('',#4992,#1223);
#948=LINE('',#4993,#1224);
#949=LINE('',#4996,#1225);
#950=LINE('',#4997,#1226);
#951=LINE('',#5000,#1227);
#952=LINE('',#5001,#1228);
#953=LINE('',#5003,#1229);
#954=LINE('',#5016,#1230);
#955=LINE('',#5018,#1231);
#956=LINE('',#5020,#1232);
#957=LINE('',#5021,#1233);
#958=LINE('',#5024,#1234);
#959=LINE('',#5026,#1235);
#960=LINE('',#5027,#1236);
#961=LINE('',#5030,#1237);
#962=LINE('',#5032,#1238);
#963=LINE('',#5033,#1239);
#964=LINE('',#5035,#1240);
#965=LINE('',#5036,#1241);
#966=LINE('',#5042,#1242);
#967=LINE('',#5044,#1243);
#968=LINE('',#5046,#1244);
#969=LINE('',#5047,#1245);
#970=LINE('',#5050,#1246);
#971=LINE('',#5052,#1247);
#972=LINE('',#5053,#1248);
#973=LINE('',#5056,#1249);
#974=LINE('',#5058,#1250);
#975=LINE('',#5059,#1251);
#976=LINE('',#5061,#1252);
#977=LINE('',#5062,#1253);
#978=VECTOR('',#3411,0.1);
#979=VECTOR('',#3418,0.1);
#980=VECTOR('',#3425,0.100000000000002);
#981=VECTOR('',#3432,0.100000000000002);
#982=VECTOR('',#3439,0.100000000000002);
#983=VECTOR('',#3446,0.100000000000002);
#984=VECTOR('',#3453,0.100000000000002);
#985=VECTOR('',#3460,0.0999999999999979);
#986=VECTOR('',#3467,0.100000000000002);
#987=VECTOR('',#3474,0.100000000000002);
#988=VECTOR('',#3481,0.1);
#989=VECTOR('',#3488,0.1);
#990=VECTOR('',#3495,0.100000000000002);
#991=VECTOR('',#3502,0.100000000000002);
#992=VECTOR('',#3509,0.100000000000002);
#993=VECTOR('',#3516,0.100000000000002);
#994=VECTOR('',#3523,0.1);
#995=VECTOR('',#3530,0.100000000000002);
#996=VECTOR('',#3537,0.099999999999999);
#997=VECTOR('',#3544,0.1);
#998=VECTOR('',#3551,0.0999999999999995);
#999=VECTOR('',#3558,0.099999999999999);
#1000=VECTOR('',#3565,0.099999999999999);
#1001=VECTOR('',#3572,0.1);
#1002=VECTOR('',#3579,0.1);
#1003=VECTOR('',#3586,0.0999999999999979);
#1004=VECTOR('',#3593,0.099999999999999);
#1005=VECTOR('',#3600,0.099999999999999);
#1006=VECTOR('',#3607,0.099999999999999);
#1007=VECTOR('',#3614,0.1);
#1008=VECTOR('',#3621,0.0999999999999995);
#1009=VECTOR('',#3628,0.0999999999999995);
#1010=VECTOR('',#3635,0.1);
#1011=VECTOR('',#3642,0.100000000000007);
#1012=VECTOR('',#3649,0.100000000000002);
#1013=VECTOR('',#3656,0.099999999999999);
#1014=VECTOR('',#3663,0.100000000000002);
#1015=VECTOR('',#3670,0.100000000000002);
#1016=VECTOR('',#3677,0.0999999999999979);
#1017=VECTOR('',#3684,0.1);
#1018=VECTOR('',#3691,0.1);
#1019=VECTOR('',#3698,0.100000000000002);
#1020=VECTOR('',#3705,0.0999999999999979);
#1021=VECTOR('',#3712,0.100000000000002);
#1022=VECTOR('',#3719,0.100000000000002);
#1023=VECTOR('',#3726,0.100000000000002);
#1024=VECTOR('',#3733,0.100000000000002);
#1025=VECTOR('',#3740,0.100000000000002);
#1026=VECTOR('',#3747,0.100000000000002);
#1027=VECTOR('',#3754,0.100000000000002);
#1028=VECTOR('',#3761,0.1);
#1029=VECTOR('',#3768,0.1);
#1030=VECTOR('',#3773,10.);
#1031=VECTOR('',#3774,10.);
#1032=VECTOR('',#3775,10.);
#1033=VECTOR('',#3776,10.);
#1034=VECTOR('',#3779,10.);
#1035=VECTOR('',#3780,10.);
#1036=VECTOR('',#3781,10.);
#1037=VECTOR('',#3784,10.);
#1038=VECTOR('',#3785,10.);
#1039=VECTOR('',#3786,10.);
#1040=VECTOR('',#3793,10.);
#1041=VECTOR('',#3796,10.);
#1042=VECTOR('',#3797,10.);
#1043=VECTOR('',#3798,10.);
#1044=VECTOR('',#3805,10.);
#1045=VECTOR('',#3808,10.);
#1046=VECTOR('',#3809,10.);
#1047=VECTOR('',#3810,10.);
#1048=VECTOR('',#3813,10.);
#1049=VECTOR('',#3814,10.);
#1050=VECTOR('',#3815,10.);
#1051=VECTOR('',#3818,10.);
#1052=VECTOR('',#3819,10.);
#1053=VECTOR('',#3820,10.);
#1054=VECTOR('',#3827,10.);
#1055=VECTOR('',#3830,10.);
#1056=VECTOR('',#3831,10.);
#1057=VECTOR('',#3832,10.);
#1058=VECTOR('',#3851,1.);
#1059=VECTOR('',#3852,1.);
#1060=VECTOR('',#3853,1.);
#1061=VECTOR('',#3854,1.);
#1062=VECTOR('',#3857,1.);
#1063=VECTOR('',#3858,1.);
#1064=VECTOR('',#3859,1.);
#1065=VECTOR('',#3862,1.);
#1066=VECTOR('',#3863,1.);
#1067=VECTOR('',#3866,1.);
#1068=VECTOR('',#3867,1.);
#1069=VECTOR('',#3870,1.);
#1070=VECTOR('',#3877,1.);
#1071=VECTOR('',#3878,1.);
#1072=VECTOR('',#3879,1.);
#1073=VECTOR('',#3880,1.);
#1074=VECTOR('',#3883,1.);
#1075=VECTOR('',#3884,1.);
#1076=VECTOR('',#3885,1.);
#1077=VECTOR('',#3888,1.);
#1078=VECTOR('',#3889,1.);
#1079=VECTOR('',#3892,1.);
#1080=VECTOR('',#3893,1.);
#1081=VECTOR('',#3896,1.);
#1082=VECTOR('',#3899,1.);
#1083=VECTOR('',#3900,1.);
#1084=VECTOR('',#3901,1.);
#1085=VECTOR('',#3904,1.);
#1086=VECTOR('',#3905,1.);
#1087=VECTOR('',#3906,1.);
#1088=VECTOR('',#3907,1.);
#1089=VECTOR('',#3908,1.);
#1090=VECTOR('',#3911,1.);
#1091=VECTOR('',#3912,1.);
#1092=VECTOR('',#3913,1.);
#1093=VECTOR('',#3916,1.);
#1094=VECTOR('',#3919,1.);
#1095=VECTOR('',#3920,1.);
#1096=VECTOR('',#3923,1.);
#1097=VECTOR('',#3926,1.);
#1098=VECTOR('',#3927,1.);
#1099=VECTOR('',#3928,1.);
#1100=VECTOR('',#3931,1.);
#1101=VECTOR('',#3932,1.);
#1102=VECTOR('',#3935,1.);
#1103=VECTOR('',#3936,1.);
#1104=VECTOR('',#3939,1.);
#1105=VECTOR('',#3940,1.);
#1106=VECTOR('',#3943,1.);
#1107=VECTOR('',#3944,1.);
#1108=VECTOR('',#3945,1.);
#1109=VECTOR('',#3948,1.);
#1110=VECTOR('',#3949,1.);
#1111=VECTOR('',#3950,1.);
#1112=VECTOR('',#3953,1.);
#1113=VECTOR('',#3954,1.);
#1114=VECTOR('',#3955,1.);
#1115=VECTOR('',#3958,1.);
#1116=VECTOR('',#3961,1.);
#1117=VECTOR('',#3962,1.);
#1118=VECTOR('',#3963,1.);
#1119=VECTOR('',#3966,1.);
#1120=VECTOR('',#3967,1.);
#1121=VECTOR('',#3968,1.);
#1122=VECTOR('',#3971,1.);
#1123=VECTOR('',#3972,1.);
#1124=VECTOR('',#3975,1.);
#1125=VECTOR('',#3976,1.);
#1126=VECTOR('',#3979,1.);
#1127=VECTOR('',#3980,1.);
#1128=VECTOR('',#3981,1.);
#1129=VECTOR('',#3984,1.);
#1130=VECTOR('',#3987,1.);
#1131=VECTOR('',#3988,1.);
#1132=VECTOR('',#3991,1.);
#1133=VECTOR('',#3994,1.);
#1134=VECTOR('',#3997,1.);
#1135=VECTOR('',#3998,1.);
#1136=VECTOR('',#4001,1.);
#1137=VECTOR('',#4002,1.);
#1138=VECTOR('',#4005,1.);
#1139=VECTOR('',#4008,1.);
#1140=VECTOR('',#4009,1.);
#1141=VECTOR('',#4012,1.);
#1142=VECTOR('',#4015,1.);
#1143=VECTOR('',#4018,1.);
#1144=VECTOR('',#4023,1.);
#1145=VECTOR('',#4024,1.);
#1146=VECTOR('',#4025,1.);
#1147=VECTOR('',#4026,1.);
#1148=VECTOR('',#4029,1.);
#1149=VECTOR('',#4030,1.);
#1150=VECTOR('',#4031,1.);
#1151=VECTOR('',#4034,1.);
#1152=VECTOR('',#4035,1.);
#1153=VECTOR('',#4038,1.);
#1154=VECTOR('',#4039,1.);
#1155=VECTOR('',#4042,1.);
#1156=VECTOR('',#4045,1.);
#1157=VECTOR('',#4046,1.);
#1158=VECTOR('',#4047,1.);
#1159=VECTOR('',#4050,1.);
#1160=VECTOR('',#4051,1.);
#1161=VECTOR('',#4052,1.);
#1162=VECTOR('',#4053,1.);
#1163=VECTOR('',#4054,1.);
#1164=VECTOR('',#4057,1.);
#1165=VECTOR('',#4058,1.);
#1166=VECTOR('',#4059,1.);
#1167=VECTOR('',#4062,1.);
#1168=VECTOR('',#4065,1.);
#1169=VECTOR('',#4068,1.);
#1170=VECTOR('',#4069,1.);
#1171=VECTOR('',#4072,1.);
#1172=VECTOR('',#4073,1.);
#1173=VECTOR('',#4074,1.);
#1174=VECTOR('',#4077,1.);
#1175=VECTOR('',#4078,1.);
#1176=VECTOR('',#4081,1.);
#1177=VECTOR('',#4082,1.);
#1178=VECTOR('',#4085,1.);
#1179=VECTOR('',#4086,1.);
#1180=VECTOR('',#4089,1.);
#1181=VECTOR('',#4090,1.);
#1182=VECTOR('',#4091,1.);
#1183=VECTOR('',#4094,1.);
#1184=VECTOR('',#4095,1.);
#1185=VECTOR('',#4096,1.);
#1186=VECTOR('',#4099,1.);
#1187=VECTOR('',#4100,1.);
#1188=VECTOR('',#4101,1.);
#1189=VECTOR('',#4104,1.);
#1190=VECTOR('',#4107,1.);
#1191=VECTOR('',#4108,1.);
#1192=VECTOR('',#4109,1.);
#1193=VECTOR('',#4112,1.);
#1194=VECTOR('',#4113,1.);
#1195=VECTOR('',#4114,1.);
#1196=VECTOR('',#4117,1.);
#1197=VECTOR('',#4118,1.);
#1198=VECTOR('',#4121,1.);
#1199=VECTOR('',#4122,1.);
#1200=VECTOR('',#4125,1.);
#1201=VECTOR('',#4126,1.);
#1202=VECTOR('',#4129,1.);
#1203=VECTOR('',#4130,1.);
#1204=VECTOR('',#4133,1.);
#1205=VECTOR('',#4136,1.);
#1206=VECTOR('',#4137,1.);
#1207=VECTOR('',#4140,1.);
#1208=VECTOR('',#4143,1.);
#1209=VECTOR('',#4144,1.);
#1210=VECTOR('',#4147,1.);
#1211=VECTOR('',#4148,1.);
#1212=VECTOR('',#4151,1.);
#1213=VECTOR('',#4154,1.);
#1214=VECTOR('',#4155,1.);
#1215=VECTOR('',#4158,1.);
#1216=VECTOR('',#4161,1.);
#1217=VECTOR('',#4164,1.);
#1218=VECTOR('',#4171,1.);
#1219=VECTOR('',#4172,1.);
#1220=VECTOR('',#4173,1.);
#1221=VECTOR('',#4174,1.);
#1222=VECTOR('',#4177,1.);
#1223=VECTOR('',#4178,1.);
#1224=VECTOR('',#4179,1.);
#1225=VECTOR('',#4182,1.);
#1226=VECTOR('',#4183,1.);
#1227=VECTOR('',#4186,1.);
#1228=VECTOR('',#4187,1.);
#1229=VECTOR('',#4190,1.);
#1230=VECTOR('',#4211,10.);
#1231=VECTOR('',#4212,10.);
#1232=VECTOR('',#4213,10.);
#1233=VECTOR('',#4214,10.);
#1234=VECTOR('',#4217,10.);
#1235=VECTOR('',#4218,10.);
#1236=VECTOR('',#4219,10.);
#1237=VECTOR('',#4222,10.);
#1238=VECTOR('',#4223,10.);
#1239=VECTOR('',#4224,10.);
#1240=VECTOR('',#4227,10.);
#1241=VECTOR('',#4228,10.);
#1242=VECTOR('',#4235,10.);
#1243=VECTOR('',#4236,10.);
#1244=VECTOR('',#4237,10.);
#1245=VECTOR('',#4238,10.);
#1246=VECTOR('',#4241,10.);
#1247=VECTOR('',#4242,10.);
#1248=VECTOR('',#4243,10.);
#1249=VECTOR('',#4246,10.);
#1250=VECTOR('',#4247,10.);
#1251=VECTOR('',#4248,10.);
#1252=VECTOR('',#4251,10.);
#1253=VECTOR('',#4252,10.);
#1254=CIRCLE('',#3114,0.1);
#1255=CIRCLE('',#3115,0.1);
#1256=CIRCLE('',#3117,0.1);
#1257=CIRCLE('',#3118,0.1);
#1258=CIRCLE('',#3120,0.100000000000002);
#1259=CIRCLE('',#3121,0.100000000000002);
#1260=CIRCLE('',#3123,0.100000000000002);
#1261=CIRCLE('',#3124,0.100000000000002);
#1262=CIRCLE('',#3126,0.100000000000002);
#1263=CIRCLE('',#3127,0.100000000000002);
#1264=CIRCLE('',#3129,0.100000000000002);
#1265=CIRCLE('',#3130,0.100000000000002);
#1266=CIRCLE('',#3132,0.100000000000002);
#1267=CIRCLE('',#3133,0.100000000000002);
#1268=CIRCLE('',#3135,0.0999999999999979);
#1269=CIRCLE('',#3136,0.0999999999999979);
#1270=CIRCLE('',#3138,0.100000000000002);
#1271=CIRCLE('',#3139,0.100000000000002);
#1272=CIRCLE('',#3141,0.100000000000002);
#1273=CIRCLE('',#3142,0.100000000000002);
#1274=CIRCLE('',#3144,0.1);
#1275=CIRCLE('',#3145,0.1);
#1276=CIRCLE('',#3147,0.1);
#1277=CIRCLE('',#3148,0.1);
#1278=CIRCLE('',#3150,0.100000000000002);
#1279=CIRCLE('',#3151,0.100000000000002);
#1280=CIRCLE('',#3153,0.100000000000002);
#1281=CIRCLE('',#3154,0.100000000000002);
#1282=CIRCLE('',#3156,0.100000000000002);
#1283=CIRCLE('',#3157,0.100000000000002);
#1284=CIRCLE('',#3159,0.100000000000002);
#1285=CIRCLE('',#3160,0.100000000000002);
#1286=CIRCLE('',#3162,0.1);
#1287=CIRCLE('',#3163,0.1);
#1288=CIRCLE('',#3165,0.100000000000002);
#1289=CIRCLE('',#3166,0.100000000000002);
#1290=CIRCLE('',#3168,0.099999999999999);
#1291=CIRCLE('',#3169,0.099999999999999);
#1292=CIRCLE('',#3171,0.1);
#1293=CIRCLE('',#3172,0.1);
#1294=CIRCLE('',#3174,0.0999999999999995);
#1295=CIRCLE('',#3175,0.0999999999999995);
#1296=CIRCLE('',#3177,0.099999999999999);
#1297=CIRCLE('',#3178,0.099999999999999);
#1298=CIRCLE('',#3180,0.099999999999999);
#1299=CIRCLE('',#3181,0.099999999999999);
#1300=CIRCLE('',#3183,0.1);
#1301=CIRCLE('',#3184,0.1);
#1302=CIRCLE('',#3186,0.1);
#1303=CIRCLE('',#3187,0.1);
#1304=CIRCLE('',#3189,0.0999999999999979);
#1305=CIRCLE('',#3190,0.0999999999999979);
#1306=CIRCLE('',#3192,0.099999999999999);
#1307=CIRCLE('',#3193,0.099999999999999);
#1308=CIRCLE('',#3195,0.099999999999999);
#1309=CIRCLE('',#3196,0.099999999999999);
#1310=CIRCLE('',#3198,0.099999999999999);
#1311=CIRCLE('',#3199,0.099999999999999);
#1312=CIRCLE('',#3201,0.1);
#1313=CIRCLE('',#3202,0.1);
#1314=CIRCLE('',#3204,0.0999999999999995);
#1315=CIRCLE('',#3205,0.0999999999999995);
#1316=CIRCLE('',#3207,0.0999999999999995);
#1317=CIRCLE('',#3208,0.0999999999999995);
#1318=CIRCLE('',#3210,0.1);
#1319=CIRCLE('',#3211,0.1);
#1320=CIRCLE('',#3213,0.100000000000007);
#1321=CIRCLE('',#3214,0.100000000000007);
#1322=CIRCLE('',#3216,0.100000000000002);
#1323=CIRCLE('',#3217,0.100000000000002);
#1324=CIRCLE('',#3219,0.099999999999999);
#1325=CIRCLE('',#3220,0.099999999999999);
#1326=CIRCLE('',#3222,0.100000000000002);
#1327=CIRCLE('',#3223,0.100000000000002);
#1328=CIRCLE('',#3225,0.100000000000002);
#1329=CIRCLE('',#3226,0.100000000000002);
#1330=CIRCLE('',#3228,0.0999999999999979);
#1331=CIRCLE('',#3229,0.0999999999999979);
#1332=CIRCLE('',#3231,0.1);
#1333=CIRCLE('',#3232,0.1);
#1334=CIRCLE('',#3234,0.1);
#1335=CIRCLE('',#3235,0.1);
#1336=CIRCLE('',#3237,0.100000000000002);
#1337=CIRCLE('',#3238,0.100000000000002);
#1338=CIRCLE('',#3240,0.0999999999999979);
#1339=CIRCLE('',#3241,0.0999999999999979);
#1340=CIRCLE('',#3243,0.100000000000002);
#1341=CIRCLE('',#3244,0.100000000000002);
#1342=CIRCLE('',#3246,0.100000000000002);
#1343=CIRCLE('',#3247,0.100000000000002);
#1344=CIRCLE('',#3249,0.100000000000002);
#1345=CIRCLE('',#3250,0.100000000000002);
#1346=CIRCLE('',#3252,0.100000000000002);
#1347=CIRCLE('',#3253,0.100000000000002);
#1348=CIRCLE('',#3255,0.100000000000002);
#1349=CIRCLE('',#3256,0.100000000000002);
#1350=CIRCLE('',#3258,0.100000000000002);
#1351=CIRCLE('',#3259,0.100000000000002);
#1352=CIRCLE('',#3261,0.100000000000002);
#1353=CIRCLE('',#3262,0.100000000000002);
#1354=CIRCLE('',#3264,0.1);
#1355=CIRCLE('',#3265,0.1);
#1356=CIRCLE('',#3267,0.1);
#1357=CIRCLE('',#3268,0.1);
#1358=CIRCLE('',#3273,1.95551783423215);
#1359=CIRCLE('',#3274,1.95551783423215);
#1360=CIRCLE('',#3277,10.);
#1361=CIRCLE('',#3278,10.);
#1362=CIRCLE('',#3283,2.);
#1363=CIRCLE('',#3284,2.);
#1364=CIRCLE('',#3287,10.);
#1365=CIRCLE('',#3288,10.);
#1366=VERTEX_POINT('',#4263);
#1367=VERTEX_POINT('',#4265);
#1368=VERTEX_POINT('',#4269);
#1369=VERTEX_POINT('',#4271);
#1370=VERTEX_POINT('',#4275);
#1371=VERTEX_POINT('',#4277);
#1372=VERTEX_POINT('',#4281);
#1373=VERTEX_POINT('',#4283);
#1374=VERTEX_POINT('',#4287);
#1375=VERTEX_POINT('',#4289);
#1376=VERTEX_POINT('',#4293);
#1377=VERTEX_POINT('',#4295);
#1378=VERTEX_POINT('',#4299);
#1379=VERTEX_POINT('',#4301);
#1380=VERTEX_POINT('',#4305);
#1381=VERTEX_POINT('',#4307);
#1382=VERTEX_POINT('',#4311);
#1383=VERTEX_POINT('',#4313);
#1384=VERTEX_POINT('',#4317);
#1385=VERTEX_POINT('',#4319);
#1386=VERTEX_POINT('',#4323);
#1387=VERTEX_POINT('',#4325);
#1388=VERTEX_POINT('',#4329);
#1389=VERTEX_POINT('',#4331);
#1390=VERTEX_POINT('',#4335);
#1391=VERTEX_POINT('',#4337);
#1392=VERTEX_POINT('',#4341);
#1393=VERTEX_POINT('',#4343);
#1394=VERTEX_POINT('',#4347);
#1395=VERTEX_POINT('',#4349);
#1396=VERTEX_POINT('',#4353);
#1397=VERTEX_POINT('',#4355);
#1398=VERTEX_POINT('',#4359);
#1399=VERTEX_POINT('',#4361);
#1400=VERTEX_POINT('',#4365);
#1401=VERTEX_POINT('',#4367);
#1402=VERTEX_POINT('',#4371);
#1403=VERTEX_POINT('',#4373);
#1404=VERTEX_POINT('',#4377);
#1405=VERTEX_POINT('',#4379);
#1406=VERTEX_POINT('',#4383);
#1407=VERTEX_POINT('',#4385);
#1408=VERTEX_POINT('',#4389);
#1409=VERTEX_POINT('',#4391);
#1410=VERTEX_POINT('',#4395);
#1411=VERTEX_POINT('',#4397);
#1412=VERTEX_POINT('',#4401);
#1413=VERTEX_POINT('',#4403);
#1414=VERTEX_POINT('',#4407);
#1415=VERTEX_POINT('',#4409);
#1416=VERTEX_POINT('',#4413);
#1417=VERTEX_POINT('',#4415);
#1418=VERTEX_POINT('',#4419);
#1419=VERTEX_POINT('',#4421);
#1420=VERTEX_POINT('',#4425);
#1421=VERTEX_POINT('',#4427);
#1422=VERTEX_POINT('',#4431);
#1423=VERTEX_POINT('',#4433);
#1424=VERTEX_POINT('',#4437);
#1425=VERTEX_POINT('',#4439);
#1426=VERTEX_POINT('',#4443);
#1427=VERTEX_POINT('',#4445);
#1428=VERTEX_POINT('',#4449);
#1429=VERTEX_POINT('',#4451);
#1430=VERTEX_POINT('',#4455);
#1431=VERTEX_POINT('',#4457);
#1432=VERTEX_POINT('',#4461);
#1433=VERTEX_POINT('',#4463);
#1434=VERTEX_POINT('',#4467);
#1435=VERTEX_POINT('',#4469);
#1436=VERTEX_POINT('',#4473);
#1437=VERTEX_POINT('',#4475);
#1438=VERTEX_POINT('',#4479);
#1439=VERTEX_POINT('',#4481);
#1440=VERTEX_POINT('',#4485);
#1441=VERTEX_POINT('',#4487);
#1442=VERTEX_POINT('',#4491);
#1443=VERTEX_POINT('',#4493);
#1444=VERTEX_POINT('',#4497);
#1445=VERTEX_POINT('',#4499);
#1446=VERTEX_POINT('',#4503);
#1447=VERTEX_POINT('',#4505);
#1448=VERTEX_POINT('',#4509);
#1449=VERTEX_POINT('',#4511);
#1450=VERTEX_POINT('',#4515);
#1451=VERTEX_POINT('',#4517);
#1452=VERTEX_POINT('',#4521);
#1453=VERTEX_POINT('',#4523);
#1454=VERTEX_POINT('',#4527);
#1455=VERTEX_POINT('',#4529);
#1456=VERTEX_POINT('',#4533);
#1457=VERTEX_POINT('',#4535);
#1458=VERTEX_POINT('',#4539);
#1459=VERTEX_POINT('',#4541);
#1460=VERTEX_POINT('',#4545);
#1461=VERTEX_POINT('',#4547);
#1462=VERTEX_POINT('',#4551);
#1463=VERTEX_POINT('',#4553);
#1464=VERTEX_POINT('',#4557);
#1465=VERTEX_POINT('',#4559);
#1466=VERTEX_POINT('',#4563);
#1467=VERTEX_POINT('',#4565);
#1468=VERTEX_POINT('',#4569);
#1469=VERTEX_POINT('',#4571);
#1470=VERTEX_POINT('',#4575);
#1471=VERTEX_POINT('',#4576);
#1472=VERTEX_POINT('',#4578);
#1473=VERTEX_POINT('',#4580);
#1474=VERTEX_POINT('',#4584);
#1475=VERTEX_POINT('',#4586);
#1476=VERTEX_POINT('',#4590);
#1477=VERTEX_POINT('',#4592);
#1478=VERTEX_POINT('',#4596);
#1479=VERTEX_POINT('',#4598);
#1480=VERTEX_POINT('',#4602);
#1481=VERTEX_POINT('',#4604);
#1482=VERTEX_POINT('',#4608);
#1483=VERTEX_POINT('',#4610);
#1484=VERTEX_POINT('',#4614);
#1485=VERTEX_POINT('',#4616);
#1486=VERTEX_POINT('',#4620);
#1487=VERTEX_POINT('',#4622);
#1488=VERTEX_POINT('',#4626);
#1489=VERTEX_POINT('',#4628);
#1490=VERTEX_POINT('',#4632);
#1491=VERTEX_POINT('',#4634);
#1492=VERTEX_POINT('',#4638);
#1493=VERTEX_POINT('',#4640);
#1494=VERTEX_POINT('',#4652);
#1495=VERTEX_POINT('',#4653);
#1496=VERTEX_POINT('',#4655);
#1497=VERTEX_POINT('',#4657);
#1498=VERTEX_POINT('',#4661);
#1499=VERTEX_POINT('',#4663);
#1500=VERTEX_POINT('',#4667);
#1501=VERTEX_POINT('',#4671);
#1502=VERTEX_POINT('',#4679);
#1503=VERTEX_POINT('',#4680);
#1504=VERTEX_POINT('',#4682);
#1505=VERTEX_POINT('',#4684);
#1506=VERTEX_POINT('',#4688);
#1507=VERTEX_POINT('',#4690);
#1508=VERTEX_POINT('',#4694);
#1509=VERTEX_POINT('',#4698);
#1510=VERTEX_POINT('',#4704);
#1511=VERTEX_POINT('',#4706);
#1512=VERTEX_POINT('',#4710);
#1513=VERTEX_POINT('',#4712);
#1514=VERTEX_POINT('',#4714);
#1515=VERTEX_POINT('',#4716);
#1516=VERTEX_POINT('',#4720);
#1517=VERTEX_POINT('',#4722);
#1518=VERTEX_POINT('',#4728);
#1519=VERTEX_POINT('',#4734);
#1520=VERTEX_POINT('',#4736);
#1521=VERTEX_POINT('',#4740);
#1522=VERTEX_POINT('',#4744);
#1523=VERTEX_POINT('',#4748);
#1524=VERTEX_POINT('',#4752);
#1525=VERTEX_POINT('',#4754);
#1526=VERTEX_POINT('',#4758);
#1527=VERTEX_POINT('',#4760);
#1528=VERTEX_POINT('',#4764);
#1529=VERTEX_POINT('',#4765);
#1530=VERTEX_POINT('',#4772);
#1531=VERTEX_POINT('',#4774);
#1532=VERTEX_POINT('',#4778);
#1533=VERTEX_POINT('',#4780);
#1534=VERTEX_POINT('',#4784);
#1535=VERTEX_POINT('',#4788);
#1536=VERTEX_POINT('',#4792);
#1537=VERTEX_POINT('',#4794);
#1538=VERTEX_POINT('',#4800);
#1539=VERTEX_POINT('',#4808);
#1540=VERTEX_POINT('',#4812);
#1541=VERTEX_POINT('',#4818);
#1542=VERTEX_POINT('',#4829);
#1543=VERTEX_POINT('',#4830);
#1544=VERTEX_POINT('',#4832);
#1545=VERTEX_POINT('',#4834);
#1546=VERTEX_POINT('',#4838);
#1547=VERTEX_POINT('',#4840);
#1548=VERTEX_POINT('',#4844);
#1549=VERTEX_POINT('',#4848);
#1550=VERTEX_POINT('',#4854);
#1551=VERTEX_POINT('',#4856);
#1552=VERTEX_POINT('',#4860);
#1553=VERTEX_POINT('',#4862);
#1554=VERTEX_POINT('',#4864);
#1555=VERTEX_POINT('',#4866);
#1556=VERTEX_POINT('',#4870);
#1557=VERTEX_POINT('',#4872);
#1558=VERTEX_POINT('',#4880);
#1559=VERTEX_POINT('',#4884);
#1560=VERTEX_POINT('',#4885);
#1561=VERTEX_POINT('',#4890);
#1562=VERTEX_POINT('',#4894);
#1563=VERTEX_POINT('',#4898);
#1564=VERTEX_POINT('',#4902);
#1565=VERTEX_POINT('',#4904);
#1566=VERTEX_POINT('',#4908);
#1567=VERTEX_POINT('',#4910);
#1568=VERTEX_POINT('',#4914);
#1569=VERTEX_POINT('',#4915);
#1570=VERTEX_POINT('',#4922);
#1571=VERTEX_POINT('',#4924);
#1572=VERTEX_POINT('',#4928);
#1573=VERTEX_POINT('',#4929);
#1574=VERTEX_POINT('',#4934);
#1575=VERTEX_POINT('',#4938);
#1576=VERTEX_POINT('',#4942);
#1577=VERTEX_POINT('',#4946);
#1578=VERTEX_POINT('',#4952);
#1579=VERTEX_POINT('',#4958);
#1580=VERTEX_POINT('',#4962);
#1581=VERTEX_POINT('',#4968);
#1582=VERTEX_POINT('',#4980);
#1583=VERTEX_POINT('',#4981);
#1584=VERTEX_POINT('',#4983);
#1585=VERTEX_POINT('',#4985);
#1586=VERTEX_POINT('',#4989);
#1587=VERTEX_POINT('',#4991);
#1588=VERTEX_POINT('',#4995);
#1589=VERTEX_POINT('',#4999);
#1590=VERTEX_POINT('',#5014);
#1591=VERTEX_POINT('',#5015);
#1592=VERTEX_POINT('',#5017);
#1593=VERTEX_POINT('',#5019);
#1594=VERTEX_POINT('',#5023);
#1595=VERTEX_POINT('',#5025);
#1596=VERTEX_POINT('',#5029);
#1597=VERTEX_POINT('',#5031);
#1598=VERTEX_POINT('',#5040);
#1599=VERTEX_POINT('',#5041);
#1600=VERTEX_POINT('',#5043);
#1601=VERTEX_POINT('',#5045);
#1602=VERTEX_POINT('',#5049);
#1603=VERTEX_POINT('',#5051);
#1604=VERTEX_POINT('',#5055);
#1605=VERTEX_POINT('',#5057);
#1606=EDGE_CURVE('',#1366,#1366,#1254,.T.);
#1607=EDGE_CURVE('',#1366,#1367,#702,.T.);
#1608=EDGE_CURVE('',#1367,#1367,#1255,.T.);
#1609=EDGE_CURVE('',#1368,#1368,#1256,.T.);
#1610=EDGE_CURVE('',#1368,#1369,#703,.T.);
#1611=EDGE_CURVE('',#1369,#1369,#1257,.T.);
#1612=EDGE_CURVE('',#1370,#1370,#1258,.T.);
#1613=EDGE_CURVE('',#1370,#1371,#704,.T.);
#1614=EDGE_CURVE('',#1371,#1371,#1259,.T.);
#1615=EDGE_CURVE('',#1372,#1372,#1260,.T.);
#1616=EDGE_CURVE('',#1372,#1373,#705,.T.);
#1617=EDGE_CURVE('',#1373,#1373,#1261,.T.);
#1618=EDGE_CURVE('',#1374,#1374,#1262,.T.);
#1619=EDGE_CURVE('',#1374,#1375,#706,.T.);
#1620=EDGE_CURVE('',#1375,#1375,#1263,.T.);
#1621=EDGE_CURVE('',#1376,#1376,#1264,.T.);
#1622=EDGE_CURVE('',#1376,#1377,#707,.T.);
#1623=EDGE_CURVE('',#1377,#1377,#1265,.T.);
#1624=EDGE_CURVE('',#1378,#1378,#1266,.T.);
#1625=EDGE_CURVE('',#1378,#1379,#708,.T.);
#1626=EDGE_CURVE('',#1379,#1379,#1267,.T.);
#1627=EDGE_CURVE('',#1380,#1380,#1268,.T.);
#1628=EDGE_CURVE('',#1380,#1381,#709,.T.);
#1629=EDGE_CURVE('',#1381,#1381,#1269,.T.);
#1630=EDGE_CURVE('',#1382,#1382,#1270,.T.);
#1631=EDGE_CURVE('',#1382,#1383,#710,.T.);
#1632=EDGE_CURVE('',#1383,#1383,#1271,.T.);
#1633=EDGE_CURVE('',#1384,#1384,#1272,.T.);
#1634=EDGE_CURVE('',#1384,#1385,#711,.T.);
#1635=EDGE_CURVE('',#1385,#1385,#1273,.T.);
#1636=EDGE_CURVE('',#1386,#1386,#1274,.T.);
#1637=EDGE_CURVE('',#1386,#1387,#712,.T.);
#1638=EDGE_CURVE('',#1387,#1387,#1275,.T.);
#1639=EDGE_CURVE('',#1388,#1388,#1276,.T.);
#1640=EDGE_CURVE('',#1388,#1389,#713,.T.);
#1641=EDGE_CURVE('',#1389,#1389,#1277,.T.);
#1642=EDGE_CURVE('',#1390,#1390,#1278,.T.);
#1643=EDGE_CURVE('',#1390,#1391,#714,.T.);
#1644=EDGE_CURVE('',#1391,#1391,#1279,.T.);
#1645=EDGE_CURVE('',#1392,#1392,#1280,.T.);
#1646=EDGE_CURVE('',#1392,#1393,#715,.T.);
#1647=EDGE_CURVE('',#1393,#1393,#1281,.T.);
#1648=EDGE_CURVE('',#1394,#1394,#1282,.T.);
#1649=EDGE_CURVE('',#1394,#1395,#716,.T.);
#1650=EDGE_CURVE('',#1395,#1395,#1283,.T.);
#1651=EDGE_CURVE('',#1396,#1396,#1284,.T.);
#1652=EDGE_CURVE('',#1396,#1397,#717,.T.);
#1653=EDGE_CURVE('',#1397,#1397,#1285,.T.);
#1654=EDGE_CURVE('',#1398,#1398,#1286,.T.);
#1655=EDGE_CURVE('',#1398,#1399,#718,.T.);
#1656=EDGE_CURVE('',#1399,#1399,#1287,.T.);
#1657=EDGE_CURVE('',#1400,#1400,#1288,.T.);
#1658=EDGE_CURVE('',#1400,#1401,#719,.T.);
#1659=EDGE_CURVE('',#1401,#1401,#1289,.T.);
#1660=EDGE_CURVE('',#1402,#1402,#1290,.T.);
#1661=EDGE_CURVE('',#1402,#1403,#720,.T.);
#1662=EDGE_CURVE('',#1403,#1403,#1291,.T.);
#1663=EDGE_CURVE('',#1404,#1404,#1292,.T.);
#1664=EDGE_CURVE('',#1404,#1405,#721,.T.);
#1665=EDGE_CURVE('',#1405,#1405,#1293,.T.);
#1666=EDGE_CURVE('',#1406,#1406,#1294,.T.);
#1667=EDGE_CURVE('',#1406,#1407,#722,.T.);
#1668=EDGE_CURVE('',#1407,#1407,#1295,.T.);
#1669=EDGE_CURVE('',#1408,#1408,#1296,.T.);
#1670=EDGE_CURVE('',#1408,#1409,#723,.T.);
#1671=EDGE_CURVE('',#1409,#1409,#1297,.T.);
#1672=EDGE_CURVE('',#1410,#1410,#1298,.T.);
#1673=EDGE_CURVE('',#1410,#1411,#724,.T.);
#1674=EDGE_CURVE('',#1411,#1411,#1299,.T.);
#1675=EDGE_CURVE('',#1412,#1412,#1300,.T.);
#1676=EDGE_CURVE('',#1412,#1413,#725,.T.);
#1677=EDGE_CURVE('',#1413,#1413,#1301,.T.);
#1678=EDGE_CURVE('',#1414,#1414,#1302,.T.);
#1679=EDGE_CURVE('',#1414,#1415,#726,.T.);
#1680=EDGE_CURVE('',#1415,#1415,#1303,.T.);
#1681=EDGE_CURVE('',#1416,#1416,#1304,.T.);
#1682=EDGE_CURVE('',#1416,#1417,#727,.T.);
#1683=EDGE_CURVE('',#1417,#1417,#1305,.T.);
#1684=EDGE_CURVE('',#1418,#1418,#1306,.T.);
#1685=EDGE_CURVE('',#1418,#1419,#728,.T.);
#1686=EDGE_CURVE('',#1419,#1419,#1307,.T.);
#1687=EDGE_CURVE('',#1420,#1420,#1308,.T.);
#1688=EDGE_CURVE('',#1420,#1421,#729,.T.);
#1689=EDGE_CURVE('',#1421,#1421,#1309,.T.);
#1690=EDGE_CURVE('',#1422,#1422,#1310,.T.);
#1691=EDGE_CURVE('',#1422,#1423,#730,.T.);
#1692=EDGE_CURVE('',#1423,#1423,#1311,.T.);
#1693=EDGE_CURVE('',#1424,#1424,#1312,.T.);
#1694=EDGE_CURVE('',#1424,#1425,#731,.T.);
#1695=EDGE_CURVE('',#1425,#1425,#1313,.T.);
#1696=EDGE_CURVE('',#1426,#1426,#1314,.T.);
#1697=EDGE_CURVE('',#1426,#1427,#732,.T.);
#1698=EDGE_CURVE('',#1427,#1427,#1315,.T.);
#1699=EDGE_CURVE('',#1428,#1428,#1316,.T.);
#1700=EDGE_CURVE('',#1428,#1429,#733,.T.);
#1701=EDGE_CURVE('',#1429,#1429,#1317,.T.);
#1702=EDGE_CURVE('',#1430,#1430,#1318,.T.);
#1703=EDGE_CURVE('',#1430,#1431,#734,.T.);
#1704=EDGE_CURVE('',#1431,#1431,#1319,.T.);
#1705=EDGE_CURVE('',#1432,#1432,#1320,.T.);
#1706=EDGE_CURVE('',#1432,#1433,#735,.T.);
#1707=EDGE_CURVE('',#1433,#1433,#1321,.T.);
#1708=EDGE_CURVE('',#1434,#1434,#1322,.T.);
#1709=EDGE_CURVE('',#1434,#1435,#736,.T.);
#1710=EDGE_CURVE('',#1435,#1435,#1323,.T.);
#1711=EDGE_CURVE('',#1436,#1436,#1324,.T.);
#1712=EDGE_CURVE('',#1436,#1437,#737,.T.);
#1713=EDGE_CURVE('',#1437,#1437,#1325,.T.);
#1714=EDGE_CURVE('',#1438,#1438,#1326,.T.);
#1715=EDGE_CURVE('',#1438,#1439,#738,.T.);
#1716=EDGE_CURVE('',#1439,#1439,#1327,.T.);
#1717=EDGE_CURVE('',#1440,#1440,#1328,.T.);
#1718=EDGE_CURVE('',#1440,#1441,#739,.T.);
#1719=EDGE_CURVE('',#1441,#1441,#1329,.T.);
#1720=EDGE_CURVE('',#1442,#1442,#1330,.T.);
#1721=EDGE_CURVE('',#1442,#1443,#740,.T.);
#1722=EDGE_CURVE('',#1443,#1443,#1331,.T.);
#1723=EDGE_CURVE('',#1444,#1444,#1332,.T.);
#1724=EDGE_CURVE('',#1444,#1445,#741,.T.);
#1725=EDGE_CURVE('',#1445,#1445,#1333,.T.);
#1726=EDGE_CURVE('',#1446,#1446,#1334,.T.);
#1727=EDGE_CURVE('',#1446,#1447,#742,.T.);
#1728=EDGE_CURVE('',#1447,#1447,#1335,.T.);
#1729=EDGE_CURVE('',#1448,#1448,#1336,.T.);
#1730=EDGE_CURVE('',#1448,#1449,#743,.T.);
#1731=EDGE_CURVE('',#1449,#1449,#1337,.T.);
#1732=EDGE_CURVE('',#1450,#1450,#1338,.T.);
#1733=EDGE_CURVE('',#1450,#1451,#744,.T.);
#1734=EDGE_CURVE('',#1451,#1451,#1339,.T.);
#1735=EDGE_CURVE('',#1452,#1452,#1340,.T.);
#1736=EDGE_CURVE('',#1452,#1453,#745,.T.);
#1737=EDGE_CURVE('',#1453,#1453,#1341,.T.);
#1738=EDGE_CURVE('',#1454,#1454,#1342,.T.);
#1739=EDGE_CURVE('',#1454,#1455,#746,.T.);
#1740=EDGE_CURVE('',#1455,#1455,#1343,.T.);
#1741=EDGE_CURVE('',#1456,#1456,#1344,.T.);
#1742=EDGE_CURVE('',#1456,#1457,#747,.T.);
#1743=EDGE_CURVE('',#1457,#1457,#1345,.T.);
#1744=EDGE_CURVE('',#1458,#1458,#1346,.T.);
#1745=EDGE_CURVE('',#1458,#1459,#748,.T.);
#1746=EDGE_CURVE('',#1459,#1459,#1347,.T.);
#1747=EDGE_CURVE('',#1460,#1460,#1348,.T.);
#1748=EDGE_CURVE('',#1460,#1461,#749,.T.);
#1749=EDGE_CURVE('',#1461,#1461,#1349,.T.);
#1750=EDGE_CURVE('',#1462,#1462,#1350,.T.);
#1751=EDGE_CURVE('',#1462,#1463,#750,.T.);
#1752=EDGE_CURVE('',#1463,#1463,#1351,.T.);
#1753=EDGE_CURVE('',#1464,#1464,#1352,.T.);
#1754=EDGE_CURVE('',#1464,#1465,#751,.T.);
#1755=EDGE_CURVE('',#1465,#1465,#1353,.T.);
#1756=EDGE_CURVE('',#1466,#1466,#1354,.T.);
#1757=EDGE_CURVE('',#1466,#1467,#752,.T.);
#1758=EDGE_CURVE('',#1467,#1467,#1355,.T.);
#1759=EDGE_CURVE('',#1468,#1468,#1356,.T.);
#1760=EDGE_CURVE('',#1468,#1469,#753,.T.);
#1761=EDGE_CURVE('',#1469,#1469,#1357,.T.);
#1762=EDGE_CURVE('',#1470,#1471,#754,.T.);
#1763=EDGE_CURVE('',#1470,#1472,#755,.T.);
#1764=EDGE_CURVE('',#1473,#1472,#756,.T.);
#1765=EDGE_CURVE('',#1471,#1473,#757,.T.);
#1766=EDGE_CURVE('',#1471,#1474,#758,.T.);
#1767=EDGE_CURVE('',#1475,#1473,#759,.T.);
#1768=EDGE_CURVE('',#1474,#1475,#760,.T.);
#1769=EDGE_CURVE('',#1474,#1476,#761,.T.);
#1770=EDGE_CURVE('',#1477,#1475,#762,.T.);
#1771=EDGE_CURVE('',#1476,#1477,#763,.T.);
#1772=EDGE_CURVE('',#1476,#1478,#1358,.T.);
#1773=EDGE_CURVE('',#1479,#1477,#1359,.T.);
#1774=EDGE_CURVE('',#1478,#1479,#764,.T.);
#1775=EDGE_CURVE('',#1478,#1480,#765,.T.);
#1776=EDGE_CURVE('',#1481,#1479,#766,.T.);
#1777=EDGE_CURVE('',#1480,#1481,#767,.T.);
#1778=EDGE_CURVE('',#1482,#1480,#1360,.T.);
#1779=EDGE_CURVE('',#1483,#1481,#1361,.T.);
#1780=EDGE_CURVE('',#1482,#1483,#768,.T.);
#1781=EDGE_CURVE('',#1482,#1484,#769,.T.);
#1782=EDGE_CURVE('',#1485,#1483,#770,.T.);
#1783=EDGE_CURVE('',#1484,#1485,#771,.T.);
#1784=EDGE_CURVE('',#1484,#1486,#772,.T.);
#1785=EDGE_CURVE('',#1487,#1485,#773,.T.);
#1786=EDGE_CURVE('',#1486,#1487,#774,.T.);
#1787=EDGE_CURVE('',#1486,#1488,#775,.T.);
#1788=EDGE_CURVE('',#1489,#1487,#776,.T.);
#1789=EDGE_CURVE('',#1488,#1489,#777,.T.);
#1790=EDGE_CURVE('',#1488,#1490,#1362,.T.);
#1791=EDGE_CURVE('',#1491,#1489,#1363,.T.);
#1792=EDGE_CURVE('',#1490,#1491,#778,.T.);
#1793=EDGE_CURVE('',#1490,#1492,#779,.T.);
#1794=EDGE_CURVE('',#1493,#1491,#780,.T.);
#1795=EDGE_CURVE('',#1492,#1493,#781,.T.);
#1796=EDGE_CURVE('',#1470,#1492,#1364,.T.);
#1797=EDGE_CURVE('',#1472,#1493,#1365,.T.);
#1798=EDGE_CURVE('',#1494,#1495,#782,.T.);
#1799=EDGE_CURVE('',#1495,#1496,#783,.T.);
#1800=EDGE_CURVE('',#1497,#1496,#784,.T.);
#1801=EDGE_CURVE('',#1494,#1497,#785,.T.);
#1802=EDGE_CURVE('',#1494,#1498,#786,.T.);
#1803=EDGE_CURVE('',#1498,#1499,#787,.T.);
#1804=EDGE_CURVE('',#1495,#1499,#788,.T.);
#1805=EDGE_CURVE('',#1499,#1500,#789,.T.);
#1806=EDGE_CURVE('',#1496,#1500,#790,.T.);
#1807=EDGE_CURVE('',#1497,#1501,#791,.T.);
#1808=EDGE_CURVE('',#1501,#1500,#792,.T.);
#1809=EDGE_CURVE('',#1498,#1501,#793,.T.);
#1810=EDGE_CURVE('',#1502,#1503,#794,.T.);
#1811=EDGE_CURVE('',#1502,#1504,#795,.T.);
#1812=EDGE_CURVE('',#1504,#1505,#796,.T.);
#1813=EDGE_CURVE('',#1503,#1505,#797,.T.);
#1814=EDGE_CURVE('',#1506,#1502,#798,.T.);
#1815=EDGE_CURVE('',#1507,#1503,#799,.T.);
#1816=EDGE_CURVE('',#1506,#1507,#800,.T.);
#1817=EDGE_CURVE('',#1508,#1505,#801,.T.);
#1818=EDGE_CURVE('',#1508,#1507,#802,.T.);
#1819=EDGE_CURVE('',#1509,#1504,#803,.T.);
#1820=EDGE_CURVE('',#1509,#1508,#804,.T.);
#1821=EDGE_CURVE('',#1506,#1509,#805,.T.);
#1822=EDGE_CURVE('',#1510,#1506,#806,.T.);
#1823=EDGE_CURVE('',#1511,#1507,#807,.T.);
#1824=EDGE_CURVE('',#1510,#1511,#808,.T.);
#1825=EDGE_CURVE('',#1507,#1512,#809,.T.);
#1826=EDGE_CURVE('',#1508,#1513,#810,.T.);
#1827=EDGE_CURVE('',#1513,#1514,#811,.T.);
#1828=EDGE_CURVE('',#1514,#1515,#812,.T.);
#1829=EDGE_CURVE('',#1515,#1512,#813,.T.);
#1830=EDGE_CURVE('',#1516,#1509,#814,.T.);
#1831=EDGE_CURVE('',#1516,#1517,#815,.T.);
#1832=EDGE_CURVE('',#1517,#1508,#816,.T.);
#1833=EDGE_CURVE('',#1510,#1516,#817,.T.);
#1834=EDGE_CURVE('',#1518,#1512,#818,.T.);
#1835=EDGE_CURVE('',#1511,#1518,#819,.T.);
#1836=EDGE_CURVE('',#1511,#1517,#820,.T.);
#1837=EDGE_CURVE('',#1515,#1519,#821,.T.);
#1838=EDGE_CURVE('',#1520,#1519,#822,.T.);
#1839=EDGE_CURVE('',#1512,#1520,#823,.T.);
#1840=EDGE_CURVE('',#1514,#1521,#824,.T.);
#1841=EDGE_CURVE('',#1519,#1521,#825,.T.);
#1842=EDGE_CURVE('',#1513,#1522,#826,.T.);
#1843=EDGE_CURVE('',#1521,#1522,#827,.T.);
#1844=EDGE_CURVE('',#1517,#1523,#828,.T.);
#1845=EDGE_CURVE('',#1523,#1513,#829,.T.);
#1846=EDGE_CURVE('',#1512,#1524,#830,.T.);
#1847=EDGE_CURVE('',#1525,#1524,#831,.T.);
#1848=EDGE_CURVE('',#1518,#1525,#832,.T.);
#1849=EDGE_CURVE('',#1518,#1526,#833,.T.);
#1850=EDGE_CURVE('',#1526,#1527,#834,.T.);
#1851=EDGE_CURVE('',#1527,#1523,#835,.T.);
#1852=EDGE_CURVE('',#1528,#1529,#836,.T.);
#1853=EDGE_CURVE('',#1520,#1528,#837,.T.);
#1854=EDGE_CURVE('',#1529,#1519,#838,.T.);
#1855=EDGE_CURVE('',#1524,#1528,#839,.T.);
#1856=EDGE_CURVE('',#1521,#1530,#840,.T.);
#1857=EDGE_CURVE('',#1531,#1530,#841,.T.);
#1858=EDGE_CURVE('',#1519,#1531,#842,.T.);
#1859=EDGE_CURVE('',#1513,#1532,#843,.T.);
#1860=EDGE_CURVE('',#1532,#1533,#844,.T.);
#1861=EDGE_CURVE('',#1522,#1533,#845,.T.);
#1862=EDGE_CURVE('',#1534,#1533,#846,.T.);
#1863=EDGE_CURVE('',#1534,#1521,#847,.T.);
#1864=EDGE_CURVE('',#1523,#1535,#848,.T.);
#1865=EDGE_CURVE('',#1535,#1532,#849,.T.);
#1866=EDGE_CURVE('',#1525,#1536,#850,.T.);
#1867=EDGE_CURVE('',#1524,#1537,#851,.T.);
#1868=EDGE_CURVE('',#1536,#1537,#852,.T.);
#1869=EDGE_CURVE('',#1526,#1536,#853,.T.);
#1870=EDGE_CURVE('',#1536,#1538,#854,.T.);
#1871=EDGE_CURVE('',#1527,#1538,#855,.T.);
#1872=EDGE_CURVE('',#1538,#1535,#856,.T.);
#1873=EDGE_CURVE('',#1537,#1529,#857,.T.);
#1874=EDGE_CURVE('',#1531,#1539,#858,.T.);
#1875=EDGE_CURVE('',#1529,#1539,#859,.T.);
#1876=EDGE_CURVE('',#1534,#1540,#860,.T.);
#1877=EDGE_CURVE('',#1530,#1540,#861,.T.);
#1878=EDGE_CURVE('',#1539,#1540,#862,.T.);
#1879=EDGE_CURVE('',#1541,#1532,#863,.T.);
#1880=EDGE_CURVE('',#1541,#1534,#864,.T.);
#1881=EDGE_CURVE('',#1538,#1541,#865,.T.);
#1882=EDGE_CURVE('',#1537,#1541,#866,.T.);
#1883=EDGE_CURVE('',#1529,#1534,#867,.T.);
#1884=EDGE_CURVE('',#1542,#1543,#868,.T.);
#1885=EDGE_CURVE('',#1543,#1544,#869,.T.);
#1886=EDGE_CURVE('',#1545,#1544,#870,.T.);
#1887=EDGE_CURVE('',#1542,#1545,#871,.T.);
#1888=EDGE_CURVE('',#1542,#1546,#872,.T.);
#1889=EDGE_CURVE('',#1546,#1547,#873,.T.);
#1890=EDGE_CURVE('',#1543,#1547,#874,.T.);
#1891=EDGE_CURVE('',#1544,#1548,#875,.T.);
#1892=EDGE_CURVE('',#1548,#1547,#876,.T.);
#1893=EDGE_CURVE('',#1545,#1549,#877,.T.);
#1894=EDGE_CURVE('',#1549,#1548,#878,.T.);
#1895=EDGE_CURVE('',#1546,#1549,#879,.T.);
#1896=EDGE_CURVE('',#1546,#1550,#880,.T.);
#1897=EDGE_CURVE('',#1550,#1551,#881,.T.);
#1898=EDGE_CURVE('',#1547,#1551,#882,.T.);
#1899=EDGE_CURVE('',#1547,#1552,#883,.T.);
#1900=EDGE_CURVE('',#1553,#1552,#884,.T.);
#1901=EDGE_CURVE('',#1554,#1553,#885,.T.);
#1902=EDGE_CURVE('',#1555,#1554,#886,.T.);
#1903=EDGE_CURVE('',#1548,#1555,#887,.T.);
#1904=EDGE_CURVE('',#1549,#1556,#888,.T.);
#1905=EDGE_CURVE('',#1548,#1557,#889,.T.);
#1906=EDGE_CURVE('',#1556,#1557,#890,.T.);
#1907=EDGE_CURVE('',#1550,#1556,#891,.T.);
#1908=EDGE_CURVE('',#1551,#1557,#892,.T.);
#1909=EDGE_CURVE('',#1551,#1558,#893,.T.);
#1910=EDGE_CURVE('',#1552,#1558,#894,.T.);
#1911=EDGE_CURVE('',#1559,#1560,#895,.T.);
#1912=EDGE_CURVE('',#1560,#1553,#896,.T.);
#1913=EDGE_CURVE('',#1559,#1552,#897,.T.);
#1914=EDGE_CURVE('',#1560,#1561,#898,.T.);
#1915=EDGE_CURVE('',#1561,#1554,#899,.T.);
#1916=EDGE_CURVE('',#1561,#1562,#900,.T.);
#1917=EDGE_CURVE('',#1562,#1555,#901,.T.);
#1918=EDGE_CURVE('',#1555,#1563,#902,.T.);
#1919=EDGE_CURVE('',#1557,#1563,#903,.T.);
#1920=EDGE_CURVE('',#1564,#1563,#904,.T.);
#1921=EDGE_CURVE('',#1565,#1564,#905,.T.);
#1922=EDGE_CURVE('',#1558,#1565,#906,.T.);
#1923=EDGE_CURVE('',#1558,#1566,#907,.T.);
#1924=EDGE_CURVE('',#1567,#1566,#908,.T.);
#1925=EDGE_CURVE('',#1552,#1567,#909,.T.);
#1926=EDGE_CURVE('',#1568,#1569,#910,.T.);
#1927=EDGE_CURVE('',#1569,#1560,#911,.T.);
#1928=EDGE_CURVE('',#1559,#1568,#912,.T.);
#1929=EDGE_CURVE('',#1568,#1567,#913,.T.);
#1930=EDGE_CURVE('',#1570,#1561,#914,.T.);
#1931=EDGE_CURVE('',#1571,#1560,#915,.T.);
#1932=EDGE_CURVE('',#1571,#1570,#916,.T.);
#1933=EDGE_CURVE('',#1572,#1573,#917,.T.);
#1934=EDGE_CURVE('',#1562,#1573,#918,.T.);
#1935=EDGE_CURVE('',#1572,#1561,#919,.T.);
#1936=EDGE_CURVE('',#1573,#1574,#920,.T.);
#1937=EDGE_CURVE('',#1555,#1574,#921,.T.);
#1938=EDGE_CURVE('',#1574,#1575,#922,.T.);
#1939=EDGE_CURVE('',#1563,#1575,#923,.T.);
#1940=EDGE_CURVE('',#1565,#1576,#924,.T.);
#1941=EDGE_CURVE('',#1566,#1576,#925,.T.);
#1942=EDGE_CURVE('',#1564,#1577,#926,.T.);
#1943=EDGE_CURVE('',#1576,#1577,#927,.T.);
#1944=EDGE_CURVE('',#1577,#1575,#928,.T.);
#1945=EDGE_CURVE('',#1567,#1578,#929,.T.);
#1946=EDGE_CURVE('',#1578,#1576,#930,.T.);
#1947=EDGE_CURVE('',#1569,#1578,#931,.T.);
#1948=EDGE_CURVE('',#1579,#1569,#932,.T.);
#1949=EDGE_CURVE('',#1571,#1579,#933,.T.);
#1950=EDGE_CURVE('',#1570,#1580,#934,.T.);
#1951=EDGE_CURVE('',#1580,#1572,#935,.T.);
#1952=EDGE_CURVE('',#1579,#1580,#936,.T.);
#1953=EDGE_CURVE('',#1572,#1581,#937,.T.);
#1954=EDGE_CURVE('',#1581,#1574,#938,.T.);
#1955=EDGE_CURVE('',#1581,#1577,#939,.T.);
#1956=EDGE_CURVE('',#1578,#1581,#940,.T.);
#1957=EDGE_CURVE('',#1569,#1572,#941,.T.);
#1958=EDGE_CURVE('',#1582,#1583,#942,.T.);
#1959=EDGE_CURVE('',#1583,#1584,#943,.T.);
#1960=EDGE_CURVE('',#1585,#1584,#944,.T.);
#1961=EDGE_CURVE('',#1582,#1585,#945,.T.);
#1962=EDGE_CURVE('',#1582,#1586,#946,.T.);
#1963=EDGE_CURVE('',#1586,#1587,#947,.T.);
#1964=EDGE_CURVE('',#1583,#1587,#948,.T.);
#1965=EDGE_CURVE('',#1587,#1588,#949,.T.);
#1966=EDGE_CURVE('',#1584,#1588,#950,.T.);
#1967=EDGE_CURVE('',#1585,#1589,#951,.T.);
#1968=EDGE_CURVE('',#1589,#1588,#952,.T.);
#1969=EDGE_CURVE('',#1586,#1589,#953,.T.);
#1970=EDGE_CURVE('',#1590,#1591,#954,.T.);
#1971=EDGE_CURVE('',#1591,#1592,#955,.T.);
#1972=EDGE_CURVE('',#1592,#1593,#956,.T.);
#1973=EDGE_CURVE('',#1593,#1590,#957,.T.);
#1974=EDGE_CURVE('',#1590,#1594,#958,.T.);
#1975=EDGE_CURVE('',#1595,#1593,#959,.T.);
#1976=EDGE_CURVE('',#1594,#1595,#960,.T.);
#1977=EDGE_CURVE('',#1596,#1594,#961,.T.);
#1978=EDGE_CURVE('',#1597,#1595,#962,.T.);
#1979=EDGE_CURVE('',#1596,#1597,#963,.T.);
#1980=EDGE_CURVE('',#1596,#1591,#964,.T.);
#1981=EDGE_CURVE('',#1597,#1592,#965,.T.);
#1982=EDGE_CURVE('',#1598,#1599,#966,.T.);
#1983=EDGE_CURVE('',#1599,#1600,#967,.T.);
#1984=EDGE_CURVE('',#1600,#1601,#968,.T.);
#1985=EDGE_CURVE('',#1601,#1598,#969,.T.);
#1986=EDGE_CURVE('',#1602,#1598,#970,.T.);
#1987=EDGE_CURVE('',#1603,#1601,#971,.T.);
#1988=EDGE_CURVE('',#1602,#1603,#972,.T.);
#1989=EDGE_CURVE('',#1604,#1602,#973,.T.);
#1990=EDGE_CURVE('',#1605,#1603,#974,.T.);
#1991=EDGE_CURVE('',#1604,#1605,#975,.T.);
#1992=EDGE_CURVE('',#1599,#1604,#976,.T.);
#1993=EDGE_CURVE('',#1605,#1600,#977,.T.);
#1994=ORIENTED_EDGE('',*,*,#1606,.F.);
#1995=ORIENTED_EDGE('',*,*,#1607,.T.);
#1996=ORIENTED_EDGE('',*,*,#1608,.F.);
#1997=ORIENTED_EDGE('',*,*,#1607,.F.);
#1998=ORIENTED_EDGE('',*,*,#1609,.F.);
#1999=ORIENTED_EDGE('',*,*,#1610,.T.);
#2000=ORIENTED_EDGE('',*,*,#1611,.F.);
#2001=ORIENTED_EDGE('',*,*,#1610,.F.);
#2002=ORIENTED_EDGE('',*,*,#1612,.F.);
#2003=ORIENTED_EDGE('',*,*,#1613,.T.);
#2004=ORIENTED_EDGE('',*,*,#1614,.F.);
#2005=ORIENTED_EDGE('',*,*,#1613,.F.);
#2006=ORIENTED_EDGE('',*,*,#1615,.F.);
#2007=ORIENTED_EDGE('',*,*,#1616,.T.);
#2008=ORIENTED_EDGE('',*,*,#1617,.F.);
#2009=ORIENTED_EDGE('',*,*,#1616,.F.);
#2010=ORIENTED_EDGE('',*,*,#1618,.F.);
#2011=ORIENTED_EDGE('',*,*,#1619,.T.);
#2012=ORIENTED_EDGE('',*,*,#1620,.F.);
#2013=ORIENTED_EDGE('',*,*,#1619,.F.);
#2014=ORIENTED_EDGE('',*,*,#1621,.F.);
#2015=ORIENTED_EDGE('',*,*,#1622,.T.);
#2016=ORIENTED_EDGE('',*,*,#1623,.F.);
#2017=ORIENTED_EDGE('',*,*,#1622,.F.);
#2018=ORIENTED_EDGE('',*,*,#1624,.F.);
#2019=ORIENTED_EDGE('',*,*,#1625,.T.);
#2020=ORIENTED_EDGE('',*,*,#1626,.F.);
#2021=ORIENTED_EDGE('',*,*,#1625,.F.);
#2022=ORIENTED_EDGE('',*,*,#1627,.F.);
#2023=ORIENTED_EDGE('',*,*,#1628,.T.);
#2024=ORIENTED_EDGE('',*,*,#1629,.F.);
#2025=ORIENTED_EDGE('',*,*,#1628,.F.);
#2026=ORIENTED_EDGE('',*,*,#1630,.F.);
#2027=ORIENTED_EDGE('',*,*,#1631,.T.);
#2028=ORIENTED_EDGE('',*,*,#1632,.F.);
#2029=ORIENTED_EDGE('',*,*,#1631,.F.);
#2030=ORIENTED_EDGE('',*,*,#1633,.F.);
#2031=ORIENTED_EDGE('',*,*,#1634,.T.);
#2032=ORIENTED_EDGE('',*,*,#1635,.F.);
#2033=ORIENTED_EDGE('',*,*,#1634,.F.);
#2034=ORIENTED_EDGE('',*,*,#1636,.F.);
#2035=ORIENTED_EDGE('',*,*,#1637,.T.);
#2036=ORIENTED_EDGE('',*,*,#1638,.F.);
#2037=ORIENTED_EDGE('',*,*,#1637,.F.);
#2038=ORIENTED_EDGE('',*,*,#1639,.F.);
#2039=ORIENTED_EDGE('',*,*,#1640,.T.);
#2040=ORIENTED_EDGE('',*,*,#1641,.F.);
#2041=ORIENTED_EDGE('',*,*,#1640,.F.);
#2042=ORIENTED_EDGE('',*,*,#1642,.F.);
#2043=ORIENTED_EDGE('',*,*,#1643,.T.);
#2044=ORIENTED_EDGE('',*,*,#1644,.F.);
#2045=ORIENTED_EDGE('',*,*,#1643,.F.);
#2046=ORIENTED_EDGE('',*,*,#1645,.F.);
#2047=ORIENTED_EDGE('',*,*,#1646,.T.);
#2048=ORIENTED_EDGE('',*,*,#1647,.F.);
#2049=ORIENTED_EDGE('',*,*,#1646,.F.);
#2050=ORIENTED_EDGE('',*,*,#1648,.F.);
#2051=ORIENTED_EDGE('',*,*,#1649,.T.);
#2052=ORIENTED_EDGE('',*,*,#1650,.F.);
#2053=ORIENTED_EDGE('',*,*,#1649,.F.);
#2054=ORIENTED_EDGE('',*,*,#1651,.F.);
#2055=ORIENTED_EDGE('',*,*,#1652,.T.);
#2056=ORIENTED_EDGE('',*,*,#1653,.F.);
#2057=ORIENTED_EDGE('',*,*,#1652,.F.);
#2058=ORIENTED_EDGE('',*,*,#1654,.F.);
#2059=ORIENTED_EDGE('',*,*,#1655,.T.);
#2060=ORIENTED_EDGE('',*,*,#1656,.F.);
#2061=ORIENTED_EDGE('',*,*,#1655,.F.);
#2062=ORIENTED_EDGE('',*,*,#1657,.F.);
#2063=ORIENTED_EDGE('',*,*,#1658,.T.);
#2064=ORIENTED_EDGE('',*,*,#1659,.F.);
#2065=ORIENTED_EDGE('',*,*,#1658,.F.);
#2066=ORIENTED_EDGE('',*,*,#1660,.F.);
#2067=ORIENTED_EDGE('',*,*,#1661,.T.);
#2068=ORIENTED_EDGE('',*,*,#1662,.F.);
#2069=ORIENTED_EDGE('',*,*,#1661,.F.);
#2070=ORIENTED_EDGE('',*,*,#1663,.F.);
#2071=ORIENTED_EDGE('',*,*,#1664,.T.);
#2072=ORIENTED_EDGE('',*,*,#1665,.F.);
#2073=ORIENTED_EDGE('',*,*,#1664,.F.);
#2074=ORIENTED_EDGE('',*,*,#1666,.F.);
#2075=ORIENTED_EDGE('',*,*,#1667,.T.);
#2076=ORIENTED_EDGE('',*,*,#1668,.F.);
#2077=ORIENTED_EDGE('',*,*,#1667,.F.);
#2078=ORIENTED_EDGE('',*,*,#1669,.F.);
#2079=ORIENTED_EDGE('',*,*,#1670,.T.);
#2080=ORIENTED_EDGE('',*,*,#1671,.F.);
#2081=ORIENTED_EDGE('',*,*,#1670,.F.);
#2082=ORIENTED_EDGE('',*,*,#1672,.F.);
#2083=ORIENTED_EDGE('',*,*,#1673,.T.);
#2084=ORIENTED_EDGE('',*,*,#1674,.F.);
#2085=ORIENTED_EDGE('',*,*,#1673,.F.);
#2086=ORIENTED_EDGE('',*,*,#1675,.F.);
#2087=ORIENTED_EDGE('',*,*,#1676,.T.);
#2088=ORIENTED_EDGE('',*,*,#1677,.F.);
#2089=ORIENTED_EDGE('',*,*,#1676,.F.);
#2090=ORIENTED_EDGE('',*,*,#1678,.F.);
#2091=ORIENTED_EDGE('',*,*,#1679,.T.);
#2092=ORIENTED_EDGE('',*,*,#1680,.F.);
#2093=ORIENTED_EDGE('',*,*,#1679,.F.);
#2094=ORIENTED_EDGE('',*,*,#1681,.F.);
#2095=ORIENTED_EDGE('',*,*,#1682,.T.);
#2096=ORIENTED_EDGE('',*,*,#1683,.F.);
#2097=ORIENTED_EDGE('',*,*,#1682,.F.);
#2098=ORIENTED_EDGE('',*,*,#1684,.F.);
#2099=ORIENTED_EDGE('',*,*,#1685,.T.);
#2100=ORIENTED_EDGE('',*,*,#1686,.F.);
#2101=ORIENTED_EDGE('',*,*,#1685,.F.);
#2102=ORIENTED_EDGE('',*,*,#1687,.F.);
#2103=ORIENTED_EDGE('',*,*,#1688,.T.);
#2104=ORIENTED_EDGE('',*,*,#1689,.F.);
#2105=ORIENTED_EDGE('',*,*,#1688,.F.);
#2106=ORIENTED_EDGE('',*,*,#1690,.F.);
#2107=ORIENTED_EDGE('',*,*,#1691,.T.);
#2108=ORIENTED_EDGE('',*,*,#1692,.F.);
#2109=ORIENTED_EDGE('',*,*,#1691,.F.);
#2110=ORIENTED_EDGE('',*,*,#1693,.F.);
#2111=ORIENTED_EDGE('',*,*,#1694,.T.);
#2112=ORIENTED_EDGE('',*,*,#1695,.F.);
#2113=ORIENTED_EDGE('',*,*,#1694,.F.);
#2114=ORIENTED_EDGE('',*,*,#1696,.F.);
#2115=ORIENTED_EDGE('',*,*,#1697,.T.);
#2116=ORIENTED_EDGE('',*,*,#1698,.F.);
#2117=ORIENTED_EDGE('',*,*,#1697,.F.);
#2118=ORIENTED_EDGE('',*,*,#1699,.F.);
#2119=ORIENTED_EDGE('',*,*,#1700,.T.);
#2120=ORIENTED_EDGE('',*,*,#1701,.F.);
#2121=ORIENTED_EDGE('',*,*,#1700,.F.);
#2122=ORIENTED_EDGE('',*,*,#1702,.F.);
#2123=ORIENTED_EDGE('',*,*,#1703,.T.);
#2124=ORIENTED_EDGE('',*,*,#1704,.F.);
#2125=ORIENTED_EDGE('',*,*,#1703,.F.);
#2126=ORIENTED_EDGE('',*,*,#1705,.F.);
#2127=ORIENTED_EDGE('',*,*,#1706,.T.);
#2128=ORIENTED_EDGE('',*,*,#1707,.F.);
#2129=ORIENTED_EDGE('',*,*,#1706,.F.);
#2130=ORIENTED_EDGE('',*,*,#1708,.F.);
#2131=ORIENTED_EDGE('',*,*,#1709,.T.);
#2132=ORIENTED_EDGE('',*,*,#1710,.F.);
#2133=ORIENTED_EDGE('',*,*,#1709,.F.);
#2134=ORIENTED_EDGE('',*,*,#1711,.F.);
#2135=ORIENTED_EDGE('',*,*,#1712,.T.);
#2136=ORIENTED_EDGE('',*,*,#1713,.F.);
#2137=ORIENTED_EDGE('',*,*,#1712,.F.);
#2138=ORIENTED_EDGE('',*,*,#1714,.F.);
#2139=ORIENTED_EDGE('',*,*,#1715,.T.);
#2140=ORIENTED_EDGE('',*,*,#1716,.F.);
#2141=ORIENTED_EDGE('',*,*,#1715,.F.);
#2142=ORIENTED_EDGE('',*,*,#1717,.F.);
#2143=ORIENTED_EDGE('',*,*,#1718,.T.);
#2144=ORIENTED_EDGE('',*,*,#1719,.F.);
#2145=ORIENTED_EDGE('',*,*,#1718,.F.);
#2146=ORIENTED_EDGE('',*,*,#1720,.F.);
#2147=ORIENTED_EDGE('',*,*,#1721,.T.);
#2148=ORIENTED_EDGE('',*,*,#1722,.F.);
#2149=ORIENTED_EDGE('',*,*,#1721,.F.);
#2150=ORIENTED_EDGE('',*,*,#1723,.F.);
#2151=ORIENTED_EDGE('',*,*,#1724,.T.);
#2152=ORIENTED_EDGE('',*,*,#1725,.F.);
#2153=ORIENTED_EDGE('',*,*,#1724,.F.);
#2154=ORIENTED_EDGE('',*,*,#1726,.F.);
#2155=ORIENTED_EDGE('',*,*,#1727,.T.);
#2156=ORIENTED_EDGE('',*,*,#1728,.F.);
#2157=ORIENTED_EDGE('',*,*,#1727,.F.);
#2158=ORIENTED_EDGE('',*,*,#1729,.F.);
#2159=ORIENTED_EDGE('',*,*,#1730,.T.);
#2160=ORIENTED_EDGE('',*,*,#1731,.F.);
#2161=ORIENTED_EDGE('',*,*,#1730,.F.);
#2162=ORIENTED_EDGE('',*,*,#1732,.F.);
#2163=ORIENTED_EDGE('',*,*,#1733,.T.);
#2164=ORIENTED_EDGE('',*,*,#1734,.F.);
#2165=ORIENTED_EDGE('',*,*,#1733,.F.);
#2166=ORIENTED_EDGE('',*,*,#1735,.F.);
#2167=ORIENTED_EDGE('',*,*,#1736,.T.);
#2168=ORIENTED_EDGE('',*,*,#1737,.F.);
#2169=ORIENTED_EDGE('',*,*,#1736,.F.);
#2170=ORIENTED_EDGE('',*,*,#1738,.F.);
#2171=ORIENTED_EDGE('',*,*,#1739,.T.);
#2172=ORIENTED_EDGE('',*,*,#1740,.F.);
#2173=ORIENTED_EDGE('',*,*,#1739,.F.);
#2174=ORIENTED_EDGE('',*,*,#1741,.F.);
#2175=ORIENTED_EDGE('',*,*,#1742,.T.);
#2176=ORIENTED_EDGE('',*,*,#1743,.F.);
#2177=ORIENTED_EDGE('',*,*,#1742,.F.);
#2178=ORIENTED_EDGE('',*,*,#1744,.F.);
#2179=ORIENTED_EDGE('',*,*,#1745,.T.);
#2180=ORIENTED_EDGE('',*,*,#1746,.F.);
#2181=ORIENTED_EDGE('',*,*,#1745,.F.);
#2182=ORIENTED_EDGE('',*,*,#1747,.F.);
#2183=ORIENTED_EDGE('',*,*,#1748,.T.);
#2184=ORIENTED_EDGE('',*,*,#1749,.F.);
#2185=ORIENTED_EDGE('',*,*,#1748,.F.);
#2186=ORIENTED_EDGE('',*,*,#1750,.F.);
#2187=ORIENTED_EDGE('',*,*,#1751,.T.);
#2188=ORIENTED_EDGE('',*,*,#1752,.F.);
#2189=ORIENTED_EDGE('',*,*,#1751,.F.);
#2190=ORIENTED_EDGE('',*,*,#1753,.F.);
#2191=ORIENTED_EDGE('',*,*,#1754,.T.);
#2192=ORIENTED_EDGE('',*,*,#1755,.F.);
#2193=ORIENTED_EDGE('',*,*,#1754,.F.);
#2194=ORIENTED_EDGE('',*,*,#1756,.F.);
#2195=ORIENTED_EDGE('',*,*,#1757,.T.);
#2196=ORIENTED_EDGE('',*,*,#1758,.F.);
#2197=ORIENTED_EDGE('',*,*,#1757,.F.);
#2198=ORIENTED_EDGE('',*,*,#1759,.F.);
#2199=ORIENTED_EDGE('',*,*,#1760,.T.);
#2200=ORIENTED_EDGE('',*,*,#1761,.F.);
#2201=ORIENTED_EDGE('',*,*,#1760,.F.);
#2202=ORIENTED_EDGE('',*,*,#1762,.F.);
#2203=ORIENTED_EDGE('',*,*,#1763,.T.);
#2204=ORIENTED_EDGE('',*,*,#1764,.F.);
#2205=ORIENTED_EDGE('',*,*,#1765,.F.);
#2206=ORIENTED_EDGE('',*,*,#1766,.F.);
#2207=ORIENTED_EDGE('',*,*,#1765,.T.);
#2208=ORIENTED_EDGE('',*,*,#1767,.F.);
#2209=ORIENTED_EDGE('',*,*,#1768,.F.);
#2210=ORIENTED_EDGE('',*,*,#1769,.F.);
#2211=ORIENTED_EDGE('',*,*,#1768,.T.);
#2212=ORIENTED_EDGE('',*,*,#1770,.F.);
#2213=ORIENTED_EDGE('',*,*,#1771,.F.);
#2214=ORIENTED_EDGE('',*,*,#1772,.F.);
#2215=ORIENTED_EDGE('',*,*,#1771,.T.);
#2216=ORIENTED_EDGE('',*,*,#1773,.F.);
#2217=ORIENTED_EDGE('',*,*,#1774,.F.);
#2218=ORIENTED_EDGE('',*,*,#1775,.F.);
#2219=ORIENTED_EDGE('',*,*,#1774,.T.);
#2220=ORIENTED_EDGE('',*,*,#1776,.F.);
#2221=ORIENTED_EDGE('',*,*,#1777,.F.);
#2222=ORIENTED_EDGE('',*,*,#1778,.T.);
#2223=ORIENTED_EDGE('',*,*,#1777,.T.);
#2224=ORIENTED_EDGE('',*,*,#1779,.F.);
#2225=ORIENTED_EDGE('',*,*,#1780,.F.);
#2226=ORIENTED_EDGE('',*,*,#1781,.F.);
#2227=ORIENTED_EDGE('',*,*,#1780,.T.);
#2228=ORIENTED_EDGE('',*,*,#1782,.F.);
#2229=ORIENTED_EDGE('',*,*,#1783,.F.);
#2230=ORIENTED_EDGE('',*,*,#1784,.F.);
#2231=ORIENTED_EDGE('',*,*,#1783,.T.);
#2232=ORIENTED_EDGE('',*,*,#1785,.F.);
#2233=ORIENTED_EDGE('',*,*,#1786,.F.);
#2234=ORIENTED_EDGE('',*,*,#1787,.F.);
#2235=ORIENTED_EDGE('',*,*,#1786,.T.);
#2236=ORIENTED_EDGE('',*,*,#1788,.F.);
#2237=ORIENTED_EDGE('',*,*,#1789,.F.);
#2238=ORIENTED_EDGE('',*,*,#1790,.F.);
#2239=ORIENTED_EDGE('',*,*,#1789,.T.);
#2240=ORIENTED_EDGE('',*,*,#1791,.F.);
#2241=ORIENTED_EDGE('',*,*,#1792,.F.);
#2242=ORIENTED_EDGE('',*,*,#1793,.F.);
#2243=ORIENTED_EDGE('',*,*,#1792,.T.);
#2244=ORIENTED_EDGE('',*,*,#1794,.F.);
#2245=ORIENTED_EDGE('',*,*,#1795,.F.);
#2246=ORIENTED_EDGE('',*,*,#1796,.T.);
#2247=ORIENTED_EDGE('',*,*,#1795,.T.);
#2248=ORIENTED_EDGE('',*,*,#1797,.F.);
#2249=ORIENTED_EDGE('',*,*,#1763,.F.);
#2250=ORIENTED_EDGE('',*,*,#1797,.T.);
#2251=ORIENTED_EDGE('',*,*,#1794,.T.);
#2252=ORIENTED_EDGE('',*,*,#1791,.T.);
#2253=ORIENTED_EDGE('',*,*,#1788,.T.);
#2254=ORIENTED_EDGE('',*,*,#1785,.T.);
#2255=ORIENTED_EDGE('',*,*,#1782,.T.);
#2256=ORIENTED_EDGE('',*,*,#1779,.T.);
#2257=ORIENTED_EDGE('',*,*,#1776,.T.);
#2258=ORIENTED_EDGE('',*,*,#1773,.T.);
#2259=ORIENTED_EDGE('',*,*,#1770,.T.);
#2260=ORIENTED_EDGE('',*,*,#1767,.T.);
#2261=ORIENTED_EDGE('',*,*,#1764,.T.);
#2262=ORIENTED_EDGE('',*,*,#1608,.T.);
#2263=ORIENTED_EDGE('',*,*,#1611,.T.);
#2264=ORIENTED_EDGE('',*,*,#1614,.T.);
#2265=ORIENTED_EDGE('',*,*,#1617,.T.);
#2266=ORIENTED_EDGE('',*,*,#1620,.T.);
#2267=ORIENTED_EDGE('',*,*,#1623,.T.);
#2268=ORIENTED_EDGE('',*,*,#1626,.T.);
#2269=ORIENTED_EDGE('',*,*,#1629,.T.);
#2270=ORIENTED_EDGE('',*,*,#1632,.T.);
#2271=ORIENTED_EDGE('',*,*,#1635,.T.);
#2272=ORIENTED_EDGE('',*,*,#1638,.T.);
#2273=ORIENTED_EDGE('',*,*,#1641,.T.);
#2274=ORIENTED_EDGE('',*,*,#1644,.T.);
#2275=ORIENTED_EDGE('',*,*,#1647,.T.);
#2276=ORIENTED_EDGE('',*,*,#1650,.T.);
#2277=ORIENTED_EDGE('',*,*,#1653,.T.);
#2278=ORIENTED_EDGE('',*,*,#1656,.T.);
#2279=ORIENTED_EDGE('',*,*,#1659,.T.);
#2280=ORIENTED_EDGE('',*,*,#1662,.T.);
#2281=ORIENTED_EDGE('',*,*,#1665,.T.);
#2282=ORIENTED_EDGE('',*,*,#1668,.T.);
#2283=ORIENTED_EDGE('',*,*,#1671,.T.);
#2284=ORIENTED_EDGE('',*,*,#1674,.T.);
#2285=ORIENTED_EDGE('',*,*,#1677,.T.);
#2286=ORIENTED_EDGE('',*,*,#1680,.T.);
#2287=ORIENTED_EDGE('',*,*,#1683,.T.);
#2288=ORIENTED_EDGE('',*,*,#1686,.T.);
#2289=ORIENTED_EDGE('',*,*,#1689,.T.);
#2290=ORIENTED_EDGE('',*,*,#1692,.T.);
#2291=ORIENTED_EDGE('',*,*,#1695,.T.);
#2292=ORIENTED_EDGE('',*,*,#1698,.T.);
#2293=ORIENTED_EDGE('',*,*,#1701,.T.);
#2294=ORIENTED_EDGE('',*,*,#1704,.T.);
#2295=ORIENTED_EDGE('',*,*,#1707,.T.);
#2296=ORIENTED_EDGE('',*,*,#1710,.T.);
#2297=ORIENTED_EDGE('',*,*,#1713,.T.);
#2298=ORIENTED_EDGE('',*,*,#1716,.T.);
#2299=ORIENTED_EDGE('',*,*,#1719,.T.);
#2300=ORIENTED_EDGE('',*,*,#1722,.T.);
#2301=ORIENTED_EDGE('',*,*,#1725,.T.);
#2302=ORIENTED_EDGE('',*,*,#1728,.T.);
#2303=ORIENTED_EDGE('',*,*,#1731,.T.);
#2304=ORIENTED_EDGE('',*,*,#1734,.T.);
#2305=ORIENTED_EDGE('',*,*,#1737,.T.);
#2306=ORIENTED_EDGE('',*,*,#1740,.T.);
#2307=ORIENTED_EDGE('',*,*,#1743,.T.);
#2308=ORIENTED_EDGE('',*,*,#1746,.T.);
#2309=ORIENTED_EDGE('',*,*,#1749,.T.);
#2310=ORIENTED_EDGE('',*,*,#1752,.T.);
#2311=ORIENTED_EDGE('',*,*,#1755,.T.);
#2312=ORIENTED_EDGE('',*,*,#1758,.T.);
#2313=ORIENTED_EDGE('',*,*,#1761,.T.);
#2314=ORIENTED_EDGE('',*,*,#1796,.F.);
#2315=ORIENTED_EDGE('',*,*,#1762,.T.);
#2316=ORIENTED_EDGE('',*,*,#1766,.T.);
#2317=ORIENTED_EDGE('',*,*,#1769,.T.);
#2318=ORIENTED_EDGE('',*,*,#1772,.T.);
#2319=ORIENTED_EDGE('',*,*,#1775,.T.);
#2320=ORIENTED_EDGE('',*,*,#1778,.F.);
#2321=ORIENTED_EDGE('',*,*,#1781,.T.);
#2322=ORIENTED_EDGE('',*,*,#1784,.T.);
#2323=ORIENTED_EDGE('',*,*,#1787,.T.);
#2324=ORIENTED_EDGE('',*,*,#1790,.T.);
#2325=ORIENTED_EDGE('',*,*,#1793,.T.);
#2326=ORIENTED_EDGE('',*,*,#1606,.T.);
#2327=ORIENTED_EDGE('',*,*,#1609,.T.);
#2328=ORIENTED_EDGE('',*,*,#1612,.T.);
#2329=ORIENTED_EDGE('',*,*,#1615,.T.);
#2330=ORIENTED_EDGE('',*,*,#1618,.T.);
#2331=ORIENTED_EDGE('',*,*,#1621,.T.);
#2332=ORIENTED_EDGE('',*,*,#1624,.T.);
#2333=ORIENTED_EDGE('',*,*,#1627,.T.);
#2334=ORIENTED_EDGE('',*,*,#1630,.T.);
#2335=ORIENTED_EDGE('',*,*,#1633,.T.);
#2336=ORIENTED_EDGE('',*,*,#1636,.T.);
#2337=ORIENTED_EDGE('',*,*,#1639,.T.);
#2338=ORIENTED_EDGE('',*,*,#1642,.T.);
#2339=ORIENTED_EDGE('',*,*,#1645,.T.);
#2340=ORIENTED_EDGE('',*,*,#1648,.T.);
#2341=ORIENTED_EDGE('',*,*,#1651,.T.);
#2342=ORIENTED_EDGE('',*,*,#1654,.T.);
#2343=ORIENTED_EDGE('',*,*,#1657,.T.);
#2344=ORIENTED_EDGE('',*,*,#1660,.T.);
#2345=ORIENTED_EDGE('',*,*,#1663,.T.);
#2346=ORIENTED_EDGE('',*,*,#1666,.T.);
#2347=ORIENTED_EDGE('',*,*,#1669,.T.);
#2348=ORIENTED_EDGE('',*,*,#1672,.T.);
#2349=ORIENTED_EDGE('',*,*,#1675,.T.);
#2350=ORIENTED_EDGE('',*,*,#1678,.T.);
#2351=ORIENTED_EDGE('',*,*,#1681,.T.);
#2352=ORIENTED_EDGE('',*,*,#1684,.T.);
#2353=ORIENTED_EDGE('',*,*,#1687,.T.);
#2354=ORIENTED_EDGE('',*,*,#1690,.T.);
#2355=ORIENTED_EDGE('',*,*,#1693,.T.);
#2356=ORIENTED_EDGE('',*,*,#1696,.T.);
#2357=ORIENTED_EDGE('',*,*,#1699,.T.);
#2358=ORIENTED_EDGE('',*,*,#1702,.T.);
#2359=ORIENTED_EDGE('',*,*,#1705,.T.);
#2360=ORIENTED_EDGE('',*,*,#1708,.T.);
#2361=ORIENTED_EDGE('',*,*,#1711,.T.);
#2362=ORIENTED_EDGE('',*,*,#1714,.T.);
#2363=ORIENTED_EDGE('',*,*,#1717,.T.);
#2364=ORIENTED_EDGE('',*,*,#1720,.T.);
#2365=ORIENTED_EDGE('',*,*,#1723,.T.);
#2366=ORIENTED_EDGE('',*,*,#1726,.T.);
#2367=ORIENTED_EDGE('',*,*,#1729,.T.);
#2368=ORIENTED_EDGE('',*,*,#1732,.T.);
#2369=ORIENTED_EDGE('',*,*,#1735,.T.);
#2370=ORIENTED_EDGE('',*,*,#1738,.T.);
#2371=ORIENTED_EDGE('',*,*,#1741,.T.);
#2372=ORIENTED_EDGE('',*,*,#1744,.T.);
#2373=ORIENTED_EDGE('',*,*,#1747,.T.);
#2374=ORIENTED_EDGE('',*,*,#1750,.T.);
#2375=ORIENTED_EDGE('',*,*,#1753,.T.);
#2376=ORIENTED_EDGE('',*,*,#1756,.T.);
#2377=ORIENTED_EDGE('',*,*,#1759,.T.);
#2378=ORIENTED_EDGE('',*,*,#1798,.T.);
#2379=ORIENTED_EDGE('',*,*,#1799,.T.);
#2380=ORIENTED_EDGE('',*,*,#1800,.F.);
#2381=ORIENTED_EDGE('',*,*,#1801,.F.);
#2382=ORIENTED_EDGE('',*,*,#1802,.T.);
#2383=ORIENTED_EDGE('',*,*,#1803,.T.);
#2384=ORIENTED_EDGE('',*,*,#1804,.F.);
#2385=ORIENTED_EDGE('',*,*,#1798,.F.);
#2386=ORIENTED_EDGE('',*,*,#1799,.F.);
#2387=ORIENTED_EDGE('',*,*,#1804,.T.);
#2388=ORIENTED_EDGE('',*,*,#1805,.T.);
#2389=ORIENTED_EDGE('',*,*,#1806,.F.);
#2390=ORIENTED_EDGE('',*,*,#1807,.F.);
#2391=ORIENTED_EDGE('',*,*,#1800,.T.);
#2392=ORIENTED_EDGE('',*,*,#1806,.T.);
#2393=ORIENTED_EDGE('',*,*,#1808,.F.);
#2394=ORIENTED_EDGE('',*,*,#1801,.T.);
#2395=ORIENTED_EDGE('',*,*,#1807,.T.);
#2396=ORIENTED_EDGE('',*,*,#1809,.F.);
#2397=ORIENTED_EDGE('',*,*,#1802,.F.);
#2398=ORIENTED_EDGE('',*,*,#1803,.F.);
#2399=ORIENTED_EDGE('',*,*,#1809,.T.);
#2400=ORIENTED_EDGE('',*,*,#1808,.T.);
#2401=ORIENTED_EDGE('',*,*,#1805,.F.);
#2402=ORIENTED_EDGE('',*,*,#1810,.F.);
#2403=ORIENTED_EDGE('',*,*,#1811,.T.);
#2404=ORIENTED_EDGE('',*,*,#1812,.T.);
#2405=ORIENTED_EDGE('',*,*,#1813,.F.);
#2406=ORIENTED_EDGE('',*,*,#1814,.T.);
#2407=ORIENTED_EDGE('',*,*,#1810,.T.);
#2408=ORIENTED_EDGE('',*,*,#1815,.F.);
#2409=ORIENTED_EDGE('',*,*,#1816,.F.);
#2410=ORIENTED_EDGE('',*,*,#1817,.F.);
#2411=ORIENTED_EDGE('',*,*,#1818,.T.);
#2412=ORIENTED_EDGE('',*,*,#1815,.T.);
#2413=ORIENTED_EDGE('',*,*,#1813,.T.);
#2414=ORIENTED_EDGE('',*,*,#1819,.F.);
#2415=ORIENTED_EDGE('',*,*,#1820,.T.);
#2416=ORIENTED_EDGE('',*,*,#1817,.T.);
#2417=ORIENTED_EDGE('',*,*,#1812,.F.);
#2418=ORIENTED_EDGE('',*,*,#1821,.T.);
#2419=ORIENTED_EDGE('',*,*,#1819,.T.);
#2420=ORIENTED_EDGE('',*,*,#1811,.F.);
#2421=ORIENTED_EDGE('',*,*,#1814,.F.);
#2422=ORIENTED_EDGE('',*,*,#1822,.T.);
#2423=ORIENTED_EDGE('',*,*,#1816,.T.);
#2424=ORIENTED_EDGE('',*,*,#1823,.F.);
#2425=ORIENTED_EDGE('',*,*,#1824,.F.);
#2426=ORIENTED_EDGE('',*,*,#1825,.F.);
#2427=ORIENTED_EDGE('',*,*,#1818,.F.);
#2428=ORIENTED_EDGE('',*,*,#1826,.T.);
#2429=ORIENTED_EDGE('',*,*,#1827,.T.);
#2430=ORIENTED_EDGE('',*,*,#1828,.T.);
#2431=ORIENTED_EDGE('',*,*,#1829,.T.);
#2432=ORIENTED_EDGE('',*,*,#1830,.F.);
#2433=ORIENTED_EDGE('',*,*,#1831,.T.);
#2434=ORIENTED_EDGE('',*,*,#1832,.T.);
#2435=ORIENTED_EDGE('',*,*,#1820,.F.);
#2436=ORIENTED_EDGE('',*,*,#1833,.T.);
#2437=ORIENTED_EDGE('',*,*,#1830,.T.);
#2438=ORIENTED_EDGE('',*,*,#1821,.F.);
#2439=ORIENTED_EDGE('',*,*,#1822,.F.);
#2440=ORIENTED_EDGE('',*,*,#1823,.T.);
#2441=ORIENTED_EDGE('',*,*,#1825,.T.);
#2442=ORIENTED_EDGE('',*,*,#1834,.F.);
#2443=ORIENTED_EDGE('',*,*,#1835,.F.);
#2444=ORIENTED_EDGE('',*,*,#1824,.T.);
#2445=ORIENTED_EDGE('',*,*,#1836,.T.);
#2446=ORIENTED_EDGE('',*,*,#1831,.F.);
#2447=ORIENTED_EDGE('',*,*,#1833,.F.);
#2448=ORIENTED_EDGE('',*,*,#1829,.F.);
#2449=ORIENTED_EDGE('',*,*,#1837,.T.);
#2450=ORIENTED_EDGE('',*,*,#1838,.F.);
#2451=ORIENTED_EDGE('',*,*,#1839,.F.);
#2452=ORIENTED_EDGE('',*,*,#1828,.F.);
#2453=ORIENTED_EDGE('',*,*,#1840,.T.);
#2454=ORIENTED_EDGE('',*,*,#1841,.F.);
#2455=ORIENTED_EDGE('',*,*,#1837,.F.);
#2456=ORIENTED_EDGE('',*,*,#1827,.F.);
#2457=ORIENTED_EDGE('',*,*,#1842,.T.);
#2458=ORIENTED_EDGE('',*,*,#1843,.F.);
#2459=ORIENTED_EDGE('',*,*,#1840,.F.);
#2460=ORIENTED_EDGE('',*,*,#1832,.F.);
#2461=ORIENTED_EDGE('',*,*,#1844,.T.);
#2462=ORIENTED_EDGE('',*,*,#1845,.T.);
#2463=ORIENTED_EDGE('',*,*,#1826,.F.);
#2464=ORIENTED_EDGE('',*,*,#1834,.T.);
#2465=ORIENTED_EDGE('',*,*,#1846,.T.);
#2466=ORIENTED_EDGE('',*,*,#1847,.F.);
#2467=ORIENTED_EDGE('',*,*,#1848,.F.);
#2468=ORIENTED_EDGE('',*,*,#1835,.T.);
#2469=ORIENTED_EDGE('',*,*,#1849,.T.);
#2470=ORIENTED_EDGE('',*,*,#1850,.T.);
#2471=ORIENTED_EDGE('',*,*,#1851,.T.);
#2472=ORIENTED_EDGE('',*,*,#1844,.F.);
#2473=ORIENTED_EDGE('',*,*,#1836,.F.);
#2474=ORIENTED_EDGE('',*,*,#1852,.F.);
#2475=ORIENTED_EDGE('',*,*,#1853,.F.);
#2476=ORIENTED_EDGE('',*,*,#1838,.T.);
#2477=ORIENTED_EDGE('',*,*,#1854,.F.);
#2478=ORIENTED_EDGE('',*,*,#1839,.T.);
#2479=ORIENTED_EDGE('',*,*,#1853,.T.);
#2480=ORIENTED_EDGE('',*,*,#1855,.F.);
#2481=ORIENTED_EDGE('',*,*,#1846,.F.);
#2482=ORIENTED_EDGE('',*,*,#1841,.T.);
#2483=ORIENTED_EDGE('',*,*,#1856,.T.);
#2484=ORIENTED_EDGE('',*,*,#1857,.F.);
#2485=ORIENTED_EDGE('',*,*,#1858,.F.);
#2486=ORIENTED_EDGE('',*,*,#1842,.F.);
#2487=ORIENTED_EDGE('',*,*,#1859,.T.);
#2488=ORIENTED_EDGE('',*,*,#1860,.T.);
#2489=ORIENTED_EDGE('',*,*,#1861,.F.);
#2490=ORIENTED_EDGE('',*,*,#1862,.F.);
#2491=ORIENTED_EDGE('',*,*,#1863,.T.);
#2492=ORIENTED_EDGE('',*,*,#1843,.T.);
#2493=ORIENTED_EDGE('',*,*,#1861,.T.);
#2494=ORIENTED_EDGE('',*,*,#1845,.F.);
#2495=ORIENTED_EDGE('',*,*,#1864,.T.);
#2496=ORIENTED_EDGE('',*,*,#1865,.T.);
#2497=ORIENTED_EDGE('',*,*,#1859,.F.);
#2498=ORIENTED_EDGE('',*,*,#1866,.F.);
#2499=ORIENTED_EDGE('',*,*,#1847,.T.);
#2500=ORIENTED_EDGE('',*,*,#1867,.T.);
#2501=ORIENTED_EDGE('',*,*,#1868,.F.);
#2502=ORIENTED_EDGE('',*,*,#1848,.T.);
#2503=ORIENTED_EDGE('',*,*,#1866,.T.);
#2504=ORIENTED_EDGE('',*,*,#1869,.F.);
#2505=ORIENTED_EDGE('',*,*,#1849,.F.);
#2506=ORIENTED_EDGE('',*,*,#1869,.T.);
#2507=ORIENTED_EDGE('',*,*,#1870,.T.);
#2508=ORIENTED_EDGE('',*,*,#1871,.F.);
#2509=ORIENTED_EDGE('',*,*,#1850,.F.);
#2510=ORIENTED_EDGE('',*,*,#1871,.T.);
#2511=ORIENTED_EDGE('',*,*,#1872,.T.);
#2512=ORIENTED_EDGE('',*,*,#1864,.F.);
#2513=ORIENTED_EDGE('',*,*,#1851,.F.);
#2514=ORIENTED_EDGE('',*,*,#1867,.F.);
#2515=ORIENTED_EDGE('',*,*,#1855,.T.);
#2516=ORIENTED_EDGE('',*,*,#1852,.T.);
#2517=ORIENTED_EDGE('',*,*,#1873,.F.);
#2518=ORIENTED_EDGE('',*,*,#1858,.T.);
#2519=ORIENTED_EDGE('',*,*,#1874,.T.);
#2520=ORIENTED_EDGE('',*,*,#1875,.F.);
#2521=ORIENTED_EDGE('',*,*,#1854,.T.);
#2522=ORIENTED_EDGE('',*,*,#1856,.F.);
#2523=ORIENTED_EDGE('',*,*,#1863,.F.);
#2524=ORIENTED_EDGE('',*,*,#1876,.T.);
#2525=ORIENTED_EDGE('',*,*,#1877,.F.);
#2526=ORIENTED_EDGE('',*,*,#1874,.F.);
#2527=ORIENTED_EDGE('',*,*,#1857,.T.);
#2528=ORIENTED_EDGE('',*,*,#1877,.T.);
#2529=ORIENTED_EDGE('',*,*,#1878,.F.);
#2530=ORIENTED_EDGE('',*,*,#1879,.F.);
#2531=ORIENTED_EDGE('',*,*,#1880,.T.);
#2532=ORIENTED_EDGE('',*,*,#1862,.T.);
#2533=ORIENTED_EDGE('',*,*,#1860,.F.);
#2534=ORIENTED_EDGE('',*,*,#1872,.F.);
#2535=ORIENTED_EDGE('',*,*,#1881,.T.);
#2536=ORIENTED_EDGE('',*,*,#1879,.T.);
#2537=ORIENTED_EDGE('',*,*,#1865,.F.);
#2538=ORIENTED_EDGE('',*,*,#1870,.F.);
#2539=ORIENTED_EDGE('',*,*,#1868,.T.);
#2540=ORIENTED_EDGE('',*,*,#1882,.T.);
#2541=ORIENTED_EDGE('',*,*,#1881,.F.);
#2542=ORIENTED_EDGE('',*,*,#1882,.F.);
#2543=ORIENTED_EDGE('',*,*,#1873,.T.);
#2544=ORIENTED_EDGE('',*,*,#1883,.T.);
#2545=ORIENTED_EDGE('',*,*,#1880,.F.);
#2546=ORIENTED_EDGE('',*,*,#1883,.F.);
#2547=ORIENTED_EDGE('',*,*,#1875,.T.);
#2548=ORIENTED_EDGE('',*,*,#1878,.T.);
#2549=ORIENTED_EDGE('',*,*,#1876,.F.);
#2550=ORIENTED_EDGE('',*,*,#1884,.T.);
#2551=ORIENTED_EDGE('',*,*,#1885,.T.);
#2552=ORIENTED_EDGE('',*,*,#1886,.F.);
#2553=ORIENTED_EDGE('',*,*,#1887,.F.);
#2554=ORIENTED_EDGE('',*,*,#1888,.T.);
#2555=ORIENTED_EDGE('',*,*,#1889,.T.);
#2556=ORIENTED_EDGE('',*,*,#1890,.F.);
#2557=ORIENTED_EDGE('',*,*,#1884,.F.);
#2558=ORIENTED_EDGE('',*,*,#1891,.F.);
#2559=ORIENTED_EDGE('',*,*,#1885,.F.);
#2560=ORIENTED_EDGE('',*,*,#1890,.T.);
#2561=ORIENTED_EDGE('',*,*,#1892,.F.);
#2562=ORIENTED_EDGE('',*,*,#1893,.F.);
#2563=ORIENTED_EDGE('',*,*,#1886,.T.);
#2564=ORIENTED_EDGE('',*,*,#1891,.T.);
#2565=ORIENTED_EDGE('',*,*,#1894,.F.);
#2566=ORIENTED_EDGE('',*,*,#1893,.T.);
#2567=ORIENTED_EDGE('',*,*,#1895,.F.);
#2568=ORIENTED_EDGE('',*,*,#1888,.F.);
#2569=ORIENTED_EDGE('',*,*,#1887,.T.);
#2570=ORIENTED_EDGE('',*,*,#1896,.T.);
#2571=ORIENTED_EDGE('',*,*,#1897,.T.);
#2572=ORIENTED_EDGE('',*,*,#1898,.F.);
#2573=ORIENTED_EDGE('',*,*,#1889,.F.);
#2574=ORIENTED_EDGE('',*,*,#1899,.T.);
#2575=ORIENTED_EDGE('',*,*,#1900,.F.);
#2576=ORIENTED_EDGE('',*,*,#1901,.F.);
#2577=ORIENTED_EDGE('',*,*,#1902,.F.);
#2578=ORIENTED_EDGE('',*,*,#1903,.F.);
#2579=ORIENTED_EDGE('',*,*,#1892,.T.);
#2580=ORIENTED_EDGE('',*,*,#1904,.F.);
#2581=ORIENTED_EDGE('',*,*,#1894,.T.);
#2582=ORIENTED_EDGE('',*,*,#1905,.T.);
#2583=ORIENTED_EDGE('',*,*,#1906,.F.);
#2584=ORIENTED_EDGE('',*,*,#1895,.T.);
#2585=ORIENTED_EDGE('',*,*,#1904,.T.);
#2586=ORIENTED_EDGE('',*,*,#1907,.F.);
#2587=ORIENTED_EDGE('',*,*,#1896,.F.);
#2588=ORIENTED_EDGE('',*,*,#1897,.F.);
#2589=ORIENTED_EDGE('',*,*,#1907,.T.);
#2590=ORIENTED_EDGE('',*,*,#1906,.T.);
#2591=ORIENTED_EDGE('',*,*,#1908,.F.);
#2592=ORIENTED_EDGE('',*,*,#1898,.T.);
#2593=ORIENTED_EDGE('',*,*,#1909,.T.);
#2594=ORIENTED_EDGE('',*,*,#1910,.F.);
#2595=ORIENTED_EDGE('',*,*,#1899,.F.);
#2596=ORIENTED_EDGE('',*,*,#1911,.T.);
#2597=ORIENTED_EDGE('',*,*,#1912,.T.);
#2598=ORIENTED_EDGE('',*,*,#1900,.T.);
#2599=ORIENTED_EDGE('',*,*,#1913,.F.);
#2600=ORIENTED_EDGE('',*,*,#1914,.T.);
#2601=ORIENTED_EDGE('',*,*,#1915,.T.);
#2602=ORIENTED_EDGE('',*,*,#1901,.T.);
#2603=ORIENTED_EDGE('',*,*,#1912,.F.);
#2604=ORIENTED_EDGE('',*,*,#1916,.T.);
#2605=ORIENTED_EDGE('',*,*,#1917,.T.);
#2606=ORIENTED_EDGE('',*,*,#1902,.T.);
#2607=ORIENTED_EDGE('',*,*,#1915,.F.);
#2608=ORIENTED_EDGE('',*,*,#1905,.F.);
#2609=ORIENTED_EDGE('',*,*,#1903,.T.);
#2610=ORIENTED_EDGE('',*,*,#1918,.T.);
#2611=ORIENTED_EDGE('',*,*,#1919,.F.);
#2612=ORIENTED_EDGE('',*,*,#1909,.F.);
#2613=ORIENTED_EDGE('',*,*,#1908,.T.);
#2614=ORIENTED_EDGE('',*,*,#1919,.T.);
#2615=ORIENTED_EDGE('',*,*,#1920,.F.);
#2616=ORIENTED_EDGE('',*,*,#1921,.F.);
#2617=ORIENTED_EDGE('',*,*,#1922,.F.);
#2618=ORIENTED_EDGE('',*,*,#1910,.T.);
#2619=ORIENTED_EDGE('',*,*,#1923,.T.);
#2620=ORIENTED_EDGE('',*,*,#1924,.F.);
#2621=ORIENTED_EDGE('',*,*,#1925,.F.);
#2622=ORIENTED_EDGE('',*,*,#1926,.T.);
#2623=ORIENTED_EDGE('',*,*,#1927,.T.);
#2624=ORIENTED_EDGE('',*,*,#1911,.F.);
#2625=ORIENTED_EDGE('',*,*,#1928,.T.);
#2626=ORIENTED_EDGE('',*,*,#1913,.T.);
#2627=ORIENTED_EDGE('',*,*,#1925,.T.);
#2628=ORIENTED_EDGE('',*,*,#1929,.F.);
#2629=ORIENTED_EDGE('',*,*,#1928,.F.);
#2630=ORIENTED_EDGE('',*,*,#1930,.T.);
#2631=ORIENTED_EDGE('',*,*,#1914,.F.);
#2632=ORIENTED_EDGE('',*,*,#1931,.F.);
#2633=ORIENTED_EDGE('',*,*,#1932,.T.);
#2634=ORIENTED_EDGE('',*,*,#1933,.T.);
#2635=ORIENTED_EDGE('',*,*,#1934,.F.);
#2636=ORIENTED_EDGE('',*,*,#1916,.F.);
#2637=ORIENTED_EDGE('',*,*,#1935,.F.);
#2638=ORIENTED_EDGE('',*,*,#1917,.F.);
#2639=ORIENTED_EDGE('',*,*,#1934,.T.);
#2640=ORIENTED_EDGE('',*,*,#1936,.T.);
#2641=ORIENTED_EDGE('',*,*,#1937,.F.);
#2642=ORIENTED_EDGE('',*,*,#1918,.F.);
#2643=ORIENTED_EDGE('',*,*,#1937,.T.);
#2644=ORIENTED_EDGE('',*,*,#1938,.T.);
#2645=ORIENTED_EDGE('',*,*,#1939,.F.);
#2646=ORIENTED_EDGE('',*,*,#1923,.F.);
#2647=ORIENTED_EDGE('',*,*,#1922,.T.);
#2648=ORIENTED_EDGE('',*,*,#1940,.T.);
#2649=ORIENTED_EDGE('',*,*,#1941,.F.);
#2650=ORIENTED_EDGE('',*,*,#1940,.F.);
#2651=ORIENTED_EDGE('',*,*,#1921,.T.);
#2652=ORIENTED_EDGE('',*,*,#1942,.T.);
#2653=ORIENTED_EDGE('',*,*,#1943,.F.);
#2654=ORIENTED_EDGE('',*,*,#1942,.F.);
#2655=ORIENTED_EDGE('',*,*,#1920,.T.);
#2656=ORIENTED_EDGE('',*,*,#1939,.T.);
#2657=ORIENTED_EDGE('',*,*,#1944,.F.);
#2658=ORIENTED_EDGE('',*,*,#1945,.F.);
#2659=ORIENTED_EDGE('',*,*,#1924,.T.);
#2660=ORIENTED_EDGE('',*,*,#1941,.T.);
#2661=ORIENTED_EDGE('',*,*,#1946,.F.);
#2662=ORIENTED_EDGE('',*,*,#1926,.F.);
#2663=ORIENTED_EDGE('',*,*,#1929,.T.);
#2664=ORIENTED_EDGE('',*,*,#1945,.T.);
#2665=ORIENTED_EDGE('',*,*,#1947,.F.);
#2666=ORIENTED_EDGE('',*,*,#1931,.T.);
#2667=ORIENTED_EDGE('',*,*,#1927,.F.);
#2668=ORIENTED_EDGE('',*,*,#1948,.F.);
#2669=ORIENTED_EDGE('',*,*,#1949,.F.);
#2670=ORIENTED_EDGE('',*,*,#1930,.F.);
#2671=ORIENTED_EDGE('',*,*,#1950,.T.);
#2672=ORIENTED_EDGE('',*,*,#1951,.T.);
#2673=ORIENTED_EDGE('',*,*,#1935,.T.);
#2674=ORIENTED_EDGE('',*,*,#1949,.T.);
#2675=ORIENTED_EDGE('',*,*,#1952,.T.);
#2676=ORIENTED_EDGE('',*,*,#1950,.F.);
#2677=ORIENTED_EDGE('',*,*,#1932,.F.);
#2678=ORIENTED_EDGE('',*,*,#1933,.F.);
#2679=ORIENTED_EDGE('',*,*,#1953,.T.);
#2680=ORIENTED_EDGE('',*,*,#1954,.T.);
#2681=ORIENTED_EDGE('',*,*,#1936,.F.);
#2682=ORIENTED_EDGE('',*,*,#1954,.F.);
#2683=ORIENTED_EDGE('',*,*,#1955,.T.);
#2684=ORIENTED_EDGE('',*,*,#1944,.T.);
#2685=ORIENTED_EDGE('',*,*,#1938,.F.);
#2686=ORIENTED_EDGE('',*,*,#1956,.F.);
#2687=ORIENTED_EDGE('',*,*,#1946,.T.);
#2688=ORIENTED_EDGE('',*,*,#1943,.T.);
#2689=ORIENTED_EDGE('',*,*,#1955,.F.);
#2690=ORIENTED_EDGE('',*,*,#1957,.F.);
#2691=ORIENTED_EDGE('',*,*,#1947,.T.);
#2692=ORIENTED_EDGE('',*,*,#1956,.T.);
#2693=ORIENTED_EDGE('',*,*,#1953,.F.);
#2694=ORIENTED_EDGE('',*,*,#1951,.F.);
#2695=ORIENTED_EDGE('',*,*,#1952,.F.);
#2696=ORIENTED_EDGE('',*,*,#1948,.T.);
#2697=ORIENTED_EDGE('',*,*,#1957,.T.);
#2698=ORIENTED_EDGE('',*,*,#1958,.T.);
#2699=ORIENTED_EDGE('',*,*,#1959,.T.);
#2700=ORIENTED_EDGE('',*,*,#1960,.F.);
#2701=ORIENTED_EDGE('',*,*,#1961,.F.);
#2702=ORIENTED_EDGE('',*,*,#1962,.T.);
#2703=ORIENTED_EDGE('',*,*,#1963,.T.);
#2704=ORIENTED_EDGE('',*,*,#1964,.F.);
#2705=ORIENTED_EDGE('',*,*,#1958,.F.);
#2706=ORIENTED_EDGE('',*,*,#1959,.F.);
#2707=ORIENTED_EDGE('',*,*,#1964,.T.);
#2708=ORIENTED_EDGE('',*,*,#1965,.T.);
#2709=ORIENTED_EDGE('',*,*,#1966,.F.);
#2710=ORIENTED_EDGE('',*,*,#1967,.F.);
#2711=ORIENTED_EDGE('',*,*,#1960,.T.);
#2712=ORIENTED_EDGE('',*,*,#1966,.T.);
#2713=ORIENTED_EDGE('',*,*,#1968,.F.);
#2714=ORIENTED_EDGE('',*,*,#1961,.T.);
#2715=ORIENTED_EDGE('',*,*,#1967,.T.);
#2716=ORIENTED_EDGE('',*,*,#1969,.F.);
#2717=ORIENTED_EDGE('',*,*,#1962,.F.);
#2718=ORIENTED_EDGE('',*,*,#1963,.F.);
#2719=ORIENTED_EDGE('',*,*,#1969,.T.);
#2720=ORIENTED_EDGE('',*,*,#1968,.T.);
#2721=ORIENTED_EDGE('',*,*,#1965,.F.);
#2722=ORIENTED_EDGE('',*,*,#1970,.T.);
#2723=ORIENTED_EDGE('',*,*,#1971,.T.);
#2724=ORIENTED_EDGE('',*,*,#1972,.T.);
#2725=ORIENTED_EDGE('',*,*,#1973,.T.);
#2726=ORIENTED_EDGE('',*,*,#1974,.F.);
#2727=ORIENTED_EDGE('',*,*,#1973,.F.);
#2728=ORIENTED_EDGE('',*,*,#1975,.F.);
#2729=ORIENTED_EDGE('',*,*,#1976,.F.);
#2730=ORIENTED_EDGE('',*,*,#1977,.T.);
#2731=ORIENTED_EDGE('',*,*,#1976,.T.);
#2732=ORIENTED_EDGE('',*,*,#1978,.F.);
#2733=ORIENTED_EDGE('',*,*,#1979,.F.);
#2734=ORIENTED_EDGE('',*,*,#1980,.F.);
#2735=ORIENTED_EDGE('',*,*,#1979,.T.);
#2736=ORIENTED_EDGE('',*,*,#1981,.T.);
#2737=ORIENTED_EDGE('',*,*,#1971,.F.);
#2738=ORIENTED_EDGE('',*,*,#1980,.T.);
#2739=ORIENTED_EDGE('',*,*,#1970,.F.);
#2740=ORIENTED_EDGE('',*,*,#1974,.T.);
#2741=ORIENTED_EDGE('',*,*,#1977,.F.);
#2742=ORIENTED_EDGE('',*,*,#1981,.F.);
#2743=ORIENTED_EDGE('',*,*,#1978,.T.);
#2744=ORIENTED_EDGE('',*,*,#1975,.T.);
#2745=ORIENTED_EDGE('',*,*,#1972,.F.);
#2746=ORIENTED_EDGE('',*,*,#1982,.T.);
#2747=ORIENTED_EDGE('',*,*,#1983,.T.);
#2748=ORIENTED_EDGE('',*,*,#1984,.T.);
#2749=ORIENTED_EDGE('',*,*,#1985,.T.);
#2750=ORIENTED_EDGE('',*,*,#1986,.T.);
#2751=ORIENTED_EDGE('',*,*,#1985,.F.);
#2752=ORIENTED_EDGE('',*,*,#1987,.F.);
#2753=ORIENTED_EDGE('',*,*,#1988,.F.);
#2754=ORIENTED_EDGE('',*,*,#1989,.T.);
#2755=ORIENTED_EDGE('',*,*,#1988,.T.);
#2756=ORIENTED_EDGE('',*,*,#1990,.F.);
#2757=ORIENTED_EDGE('',*,*,#1991,.F.);
#2758=ORIENTED_EDGE('',*,*,#1992,.T.);
#2759=ORIENTED_EDGE('',*,*,#1991,.T.);
#2760=ORIENTED_EDGE('',*,*,#1993,.T.);
#2761=ORIENTED_EDGE('',*,*,#1983,.F.);
#2762=ORIENTED_EDGE('',*,*,#1993,.F.);
#2763=ORIENTED_EDGE('',*,*,#1990,.T.);
#2764=ORIENTED_EDGE('',*,*,#1987,.T.);
#2765=ORIENTED_EDGE('',*,*,#1984,.F.);
#2766=ORIENTED_EDGE('',*,*,#1992,.F.);
#2767=ORIENTED_EDGE('',*,*,#1982,.F.);
#2768=ORIENTED_EDGE('',*,*,#1986,.F.);
#2769=ORIENTED_EDGE('',*,*,#1989,.F.);
#2770=CYLINDRICAL_SURFACE('',#3113,0.1);
#2771=CYLINDRICAL_SURFACE('',#3116,0.1);
#2772=CYLINDRICAL_SURFACE('',#3119,0.100000000000002);
#2773=CYLINDRICAL_SURFACE('',#3122,0.100000000000002);
#2774=CYLINDRICAL_SURFACE('',#3125,0.100000000000002);
#2775=CYLINDRICAL_SURFACE('',#3128,0.100000000000002);
#2776=CYLINDRICAL_SURFACE('',#3131,0.100000000000002);
#2777=CYLINDRICAL_SURFACE('',#3134,0.0999999999999979);
#2778=CYLINDRICAL_SURFACE('',#3137,0.100000000000002);
#2779=CYLINDRICAL_SURFACE('',#3140,0.100000000000002);
#2780=CYLINDRICAL_SURFACE('',#3143,0.1);
#2781=CYLINDRICAL_SURFACE('',#3146,0.1);
#2782=CYLINDRICAL_SURFACE('',#3149,0.100000000000002);
#2783=CYLINDRICAL_SURFACE('',#3152,0.100000000000002);
#2784=CYLINDRICAL_SURFACE('',#3155,0.100000000000002);
#2785=CYLINDRICAL_SURFACE('',#3158,0.100000000000002);
#2786=CYLINDRICAL_SURFACE('',#3161,0.1);
#2787=CYLINDRICAL_SURFACE('',#3164,0.100000000000002);
#2788=CYLINDRICAL_SURFACE('',#3167,0.099999999999999);
#2789=CYLINDRICAL_SURFACE('',#3170,0.1);
#2790=CYLINDRICAL_SURFACE('',#3173,0.0999999999999995);
#2791=CYLINDRICAL_SURFACE('',#3176,0.099999999999999);
#2792=CYLINDRICAL_SURFACE('',#3179,0.099999999999999);
#2793=CYLINDRICAL_SURFACE('',#3182,0.1);
#2794=CYLINDRICAL_SURFACE('',#3185,0.1);
#2795=CYLINDRICAL_SURFACE('',#3188,0.0999999999999979);
#2796=CYLINDRICAL_SURFACE('',#3191,0.099999999999999);
#2797=CYLINDRICAL_SURFACE('',#3194,0.099999999999999);
#2798=CYLINDRICAL_SURFACE('',#3197,0.099999999999999);
#2799=CYLINDRICAL_SURFACE('',#3200,0.1);
#2800=CYLINDRICAL_SURFACE('',#3203,0.0999999999999995);
#2801=CYLINDRICAL_SURFACE('',#3206,0.0999999999999995);
#2802=CYLINDRICAL_SURFACE('',#3209,0.1);
#2803=CYLINDRICAL_SURFACE('',#3212,0.100000000000007);
#2804=CYLINDRICAL_SURFACE('',#3215,0.100000000000002);
#2805=CYLINDRICAL_SURFACE('',#3218,0.099999999999999);
#2806=CYLINDRICAL_SURFACE('',#3221,0.100000000000002);
#2807=CYLINDRICAL_SURFACE('',#3224,0.100000000000002);
#2808=CYLINDRICAL_SURFACE('',#3227,0.0999999999999979);
#2809=CYLINDRICAL_SURFACE('',#3230,0.1);
#2810=CYLINDRICAL_SURFACE('',#3233,0.1);
#2811=CYLINDRICAL_SURFACE('',#3236,0.100000000000002);
#2812=CYLINDRICAL_SURFACE('',#3239,0.0999999999999979);
#2813=CYLINDRICAL_SURFACE('',#3242,0.100000000000002);
#2814=CYLINDRICAL_SURFACE('',#3245,0.100000000000002);
#2815=CYLINDRICAL_SURFACE('',#3248,0.100000000000002);
#2816=CYLINDRICAL_SURFACE('',#3251,0.100000000000002);
#2817=CYLINDRICAL_SURFACE('',#3254,0.100000000000002);
#2818=CYLINDRICAL_SURFACE('',#3257,0.100000000000002);
#2819=CYLINDRICAL_SURFACE('',#3260,0.100000000000002);
#2820=CYLINDRICAL_SURFACE('',#3263,0.1);
#2821=CYLINDRICAL_SURFACE('',#3266,0.1);
#2822=CYLINDRICAL_SURFACE('',#3272,1.95551783423215);
#2823=CYLINDRICAL_SURFACE('',#3276,10.);
#2824=CYLINDRICAL_SURFACE('',#3282,2.);
#2825=CYLINDRICAL_SURFACE('',#3286,10.);
#2826=STYLED_ITEM('',(#5159),#2885);
#2827=STYLED_ITEM('',(#5159),#2886);
#2828=STYLED_ITEM('',(#5159),#2887);
#2829=STYLED_ITEM('',(#5159),#2888);
#2830=STYLED_ITEM('',(#5159),#2889);
#2831=STYLED_ITEM('',(#5159),#2890);
#2832=STYLED_ITEM('',(#5159),#2891);
#2833=STYLED_ITEM('',(#5159),#2892);
#2834=STYLED_ITEM('',(#5159),#2893);
#2835=STYLED_ITEM('',(#5159),#2894);
#2836=STYLED_ITEM('',(#5159),#2895);
#2837=STYLED_ITEM('',(#5159),#2896);
#2838=STYLED_ITEM('',(#5159),#2897);
#2839=STYLED_ITEM('',(#5159),#2898);
#2840=STYLED_ITEM('',(#5159),#2899);
#2841=STYLED_ITEM('',(#5159),#2900);
#2842=STYLED_ITEM('',(#5159),#2901);
#2843=STYLED_ITEM('',(#5159),#2902);
#2844=STYLED_ITEM('',(#5159),#2903);
#2845=STYLED_ITEM('',(#5159),#2904);
#2846=STYLED_ITEM('',(#5159),#2905);
#2847=STYLED_ITEM('',(#5159),#2906);
#2848=STYLED_ITEM('',(#5159),#2907);
#2849=STYLED_ITEM('',(#5159),#2908);
#2850=STYLED_ITEM('',(#5159),#2909);
#2851=STYLED_ITEM('',(#5159),#2910);
#2852=STYLED_ITEM('',(#5159),#2911);
#2853=STYLED_ITEM('',(#5159),#2912);
#2854=STYLED_ITEM('',(#5159),#2913);
#2855=STYLED_ITEM('',(#5159),#2914);
#2856=STYLED_ITEM('',(#5159),#2915);
#2857=STYLED_ITEM('',(#5159),#2916);
#2858=STYLED_ITEM('',(#5159),#2917);
#2859=STYLED_ITEM('',(#5159),#2918);
#2860=STYLED_ITEM('',(#5159),#2919);
#2861=STYLED_ITEM('',(#5159),#2920);
#2862=STYLED_ITEM('',(#5159),#2921);
#2863=STYLED_ITEM('',(#5159),#2922);
#2864=STYLED_ITEM('',(#5159),#2923);
#2865=STYLED_ITEM('',(#5159),#2924);
#2866=STYLED_ITEM('',(#5159),#2925);
#2867=STYLED_ITEM('',(#5159),#2926);
#2868=STYLED_ITEM('',(#5159),#2927);
#2869=STYLED_ITEM('',(#5159),#2928);
#2870=STYLED_ITEM('',(#5159),#2929);
#2871=STYLED_ITEM('',(#5159),#2930);
#2872=STYLED_ITEM('',(#5159),#2931);
#2873=STYLED_ITEM('',(#5159),#2932);
#2874=STYLED_ITEM('',(#5159),#2933);
#2875=STYLED_ITEM('',(#5159),#2934);
#2876=STYLED_ITEM('',(#5159),#2935);
#2877=STYLED_ITEM('',(#5159),#2936);
#2878=STYLED_ITEM('',(#5158),#57);
#2879=STYLED_ITEM('',(#5162),#58);
#2880=STYLED_ITEM('',(#5163),#59);
#2881=STYLED_ITEM('',(#5163),#60);
#2882=STYLED_ITEM('',(#5164),#61);
#2883=STYLED_ITEM('',(#5157),#62);
#2884=STYLED_ITEM('',(#5157),#63);
#2885=ADVANCED_FACE('',(#274),#2770,.F.);
#2886=ADVANCED_FACE('',(#275),#2771,.F.);
#2887=ADVANCED_FACE('',(#276),#2772,.F.);
#2888=ADVANCED_FACE('',(#277),#2773,.F.);
#2889=ADVANCED_FACE('',(#278),#2774,.F.);
#2890=ADVANCED_FACE('',(#279),#2775,.F.);
#2891=ADVANCED_FACE('',(#280),#2776,.F.);
#2892=ADVANCED_FACE('',(#281),#2777,.F.);
#2893=ADVANCED_FACE('',(#282),#2778,.F.);
#2894=ADVANCED_FACE('',(#283),#2779,.F.);
#2895=ADVANCED_FACE('',(#284),#2780,.F.);
#2896=ADVANCED_FACE('',(#285),#2781,.F.);
#2897=ADVANCED_FACE('',(#286),#2782,.F.);
#2898=ADVANCED_FACE('',(#287),#2783,.F.);
#2899=ADVANCED_FACE('',(#288),#2784,.F.);
#2900=ADVANCED_FACE('',(#289),#2785,.F.);
#2901=ADVANCED_FACE('',(#290),#2786,.F.);
#2902=ADVANCED_FACE('',(#291),#2787,.F.);
#2903=ADVANCED_FACE('',(#292),#2788,.F.);
#2904=ADVANCED_FACE('',(#293),#2789,.F.);
#2905=ADVANCED_FACE('',(#294),#2790,.F.);
#2906=ADVANCED_FACE('',(#295),#2791,.F.);
#2907=ADVANCED_FACE('',(#296),#2792,.F.);
#2908=ADVANCED_FACE('',(#297),#2793,.F.);
#2909=ADVANCED_FACE('',(#298),#2794,.F.);
#2910=ADVANCED_FACE('',(#299),#2795,.F.);
#2911=ADVANCED_FACE('',(#300),#2796,.F.);
#2912=ADVANCED_FACE('',(#301),#2797,.F.);
#2913=ADVANCED_FACE('',(#302),#2798,.F.);
#2914=ADVANCED_FACE('',(#303),#2799,.F.);
#2915=ADVANCED_FACE('',(#304),#2800,.F.);
#2916=ADVANCED_FACE('',(#305),#2801,.F.);
#2917=ADVANCED_FACE('',(#306),#2802,.F.);
#2918=ADVANCED_FACE('',(#307),#2803,.F.);
#2919=ADVANCED_FACE('',(#308),#2804,.F.);
#2920=ADVANCED_FACE('',(#309),#2805,.F.);
#2921=ADVANCED_FACE('',(#310),#2806,.F.);
#2922=ADVANCED_FACE('',(#311),#2807,.F.);
#2923=ADVANCED_FACE('',(#312),#2808,.F.);
#2924=ADVANCED_FACE('',(#313),#2809,.F.);
#2925=ADVANCED_FACE('',(#314),#2810,.F.);
#2926=ADVANCED_FACE('',(#315),#2811,.F.);
#2927=ADVANCED_FACE('',(#316),#2812,.F.);
#2928=ADVANCED_FACE('',(#317),#2813,.F.);
#2929=ADVANCED_FACE('',(#318),#2814,.F.);
#2930=ADVANCED_FACE('',(#319),#2815,.F.);
#2931=ADVANCED_FACE('',(#320),#2816,.F.);
#2932=ADVANCED_FACE('',(#321),#2817,.F.);
#2933=ADVANCED_FACE('',(#322),#2818,.F.);
#2934=ADVANCED_FACE('',(#323),#2819,.F.);
#2935=ADVANCED_FACE('',(#324),#2820,.F.);
#2936=ADVANCED_FACE('',(#325),#2821,.F.);
#2937=ADVANCED_FACE('',(#326),#168,.T.);
#2938=ADVANCED_FACE('',(#327),#169,.T.);
#2939=ADVANCED_FACE('',(#328),#170,.T.);
#2940=ADVANCED_FACE('',(#329),#2822,.F.);
#2941=ADVANCED_FACE('',(#330),#171,.T.);
#2942=ADVANCED_FACE('',(#331),#2823,.T.);
#2943=ADVANCED_FACE('',(#332),#172,.T.);
#2944=ADVANCED_FACE('',(#333),#173,.T.);
#2945=ADVANCED_FACE('',(#334),#174,.T.);
#2946=ADVANCED_FACE('',(#335),#2824,.F.);
#2947=ADVANCED_FACE('',(#336),#175,.T.);
#2948=ADVANCED_FACE('',(#337),#2825,.T.);
#2949=ADVANCED_FACE('',(#338,#64,#65,#66,#67,#68,#69,#70,#71,#72,#73,#74,
#75,#76,#77,#78,#79,#80,#81,#82,#83,#84,#85,#86,#87,#88,#89,#90,#91,#92,
#93,#94,#95,#96,#97,#98,#99,#100,#101,#102,#103,#104,#105,#106,#107,#108,
#109,#110,#111,#112,#113,#114,#115),#176,.T.);
#2950=ADVANCED_FACE('',(#339,#116,#117,#118,#119,#120,#121,#122,#123,#124,
#125,#126,#127,#128,#129,#130,#131,#132,#133,#134,#135,#136,#137,#138,#139,
#140,#141,#142,#143,#144,#145,#146,#147,#148,#149,#150,#151,#152,#153,#154,
#155,#156,#157,#158,#159,#160,#161,#162,#163,#164,#165,#166,#167),#177,
 .F.);
#2951=ADVANCED_FACE('',(#340),#178,.F.);
#2952=ADVANCED_FACE('',(#341),#179,.F.);
#2953=ADVANCED_FACE('',(#342),#180,.T.);
#2954=ADVANCED_FACE('',(#343),#181,.T.);
#2955=ADVANCED_FACE('',(#344),#182,.F.);
#2956=ADVANCED_FACE('',(#345),#183,.T.);
#2957=ADVANCED_FACE('',(#346),#184,.T.);
#2958=ADVANCED_FACE('',(#347),#185,.F.);
#2959=ADVANCED_FACE('',(#348),#186,.T.);
#2960=ADVANCED_FACE('',(#349),#187,.T.);
#2961=ADVANCED_FACE('',(#350),#188,.F.);
#2962=ADVANCED_FACE('',(#351),#189,.F.);
#2963=ADVANCED_FACE('',(#352),#190,.T.);
#2964=ADVANCED_FACE('',(#353),#191,.T.);
#2965=ADVANCED_FACE('',(#354),#192,.F.);
#2966=ADVANCED_FACE('',(#355),#193,.F.);
#2967=ADVANCED_FACE('',(#356),#194,.F.);
#2968=ADVANCED_FACE('',(#357),#195,.F.);
#2969=ADVANCED_FACE('',(#358),#196,.F.);
#2970=ADVANCED_FACE('',(#359),#197,.F.);
#2971=ADVANCED_FACE('',(#360),#198,.T.);
#2972=ADVANCED_FACE('',(#361),#199,.F.);
#2973=ADVANCED_FACE('',(#362),#200,.F.);
#2974=ADVANCED_FACE('',(#363),#201,.T.);
#2975=ADVANCED_FACE('',(#364),#202,.F.);
#2976=ADVANCED_FACE('',(#365),#203,.F.);
#2977=ADVANCED_FACE('',(#366),#204,.T.);
#2978=ADVANCED_FACE('',(#367),#205,.T.);
#2979=ADVANCED_FACE('',(#368),#206,.T.);
#2980=ADVANCED_FACE('',(#369),#207,.T.);
#2981=ADVANCED_FACE('',(#370),#208,.F.);
#2982=ADVANCED_FACE('',(#371),#209,.F.);
#2983=ADVANCED_FACE('',(#372),#210,.F.);
#2984=ADVANCED_FACE('',(#373),#211,.T.);
#2985=ADVANCED_FACE('',(#374),#212,.F.);
#2986=ADVANCED_FACE('',(#375),#213,.T.);
#2987=ADVANCED_FACE('',(#376),#214,.T.);
#2988=ADVANCED_FACE('',(#377),#215,.T.);
#2989=ADVANCED_FACE('',(#378),#216,.T.);
#2990=ADVANCED_FACE('',(#379),#217,.T.);
#2991=ADVANCED_FACE('',(#380),#218,.T.);
#2992=ADVANCED_FACE('',(#381),#219,.T.);
#2993=ADVANCED_FACE('',(#382),#220,.F.);
#2994=ADVANCED_FACE('',(#383),#221,.F.);
#2995=ADVANCED_FACE('',(#384),#222,.T.);
#2996=ADVANCED_FACE('',(#385),#223,.T.);
#2997=ADVANCED_FACE('',(#386),#224,.F.);
#2998=ADVANCED_FACE('',(#387),#225,.F.);
#2999=ADVANCED_FACE('',(#388),#226,.F.);
#3000=ADVANCED_FACE('',(#389),#227,.T.);
#3001=ADVANCED_FACE('',(#390),#228,.F.);
#3002=ADVANCED_FACE('',(#391),#229,.T.);
#3003=ADVANCED_FACE('',(#392),#230,.F.);
#3004=ADVANCED_FACE('',(#393),#231,.F.);
#3005=ADVANCED_FACE('',(#394),#232,.F.);
#3006=ADVANCED_FACE('',(#395),#233,.F.);
#3007=ADVANCED_FACE('',(#396),#234,.T.);
#3008=ADVANCED_FACE('',(#397),#235,.T.);
#3009=ADVANCED_FACE('',(#398),#236,.F.);
#3010=ADVANCED_FACE('',(#399),#237,.F.);
#3011=ADVANCED_FACE('',(#400),#238,.F.);
#3012=ADVANCED_FACE('',(#401),#239,.F.);
#3013=ADVANCED_FACE('',(#402),#240,.F.);
#3014=ADVANCED_FACE('',(#403),#241,.T.);
#3015=ADVANCED_FACE('',(#404),#242,.T.);
#3016=ADVANCED_FACE('',(#405),#243,.T.);
#3017=ADVANCED_FACE('',(#406),#244,.T.);
#3018=ADVANCED_FACE('',(#407),#245,.T.);
#3019=ADVANCED_FACE('',(#408),#246,.T.);
#3020=ADVANCED_FACE('',(#409),#247,.T.);
#3021=ADVANCED_FACE('',(#410),#248,.F.);
#3022=ADVANCED_FACE('',(#411),#249,.T.);
#3023=ADVANCED_FACE('',(#412),#250,.F.);
#3024=ADVANCED_FACE('',(#413),#251,.T.);
#3025=ADVANCED_FACE('',(#414),#252,.T.);
#3026=ADVANCED_FACE('',(#415),#253,.T.);
#3027=ADVANCED_FACE('',(#416),#254,.T.);
#3028=ADVANCED_FACE('',(#417),#255,.T.);
#3029=ADVANCED_FACE('',(#418),#256,.F.);
#3030=ADVANCED_FACE('',(#419),#257,.F.);
#3031=ADVANCED_FACE('',(#420),#258,.T.);
#3032=ADVANCED_FACE('',(#421),#259,.T.);
#3033=ADVANCED_FACE('',(#422),#260,.F.);
#3034=ADVANCED_FACE('',(#423),#261,.T.);
#3035=ADVANCED_FACE('',(#424),#262,.T.);
#3036=ADVANCED_FACE('',(#425),#263,.T.);
#3037=ADVANCED_FACE('',(#426),#264,.T.);
#3038=ADVANCED_FACE('',(#427),#265,.T.);
#3039=ADVANCED_FACE('',(#428),#266,.T.);
#3040=ADVANCED_FACE('',(#429),#267,.T.);
#3041=ADVANCED_FACE('',(#430),#268,.T.);
#3042=ADVANCED_FACE('',(#431),#269,.T.);
#3043=ADVANCED_FACE('',(#432),#270,.T.);
#3044=ADVANCED_FACE('',(#433),#271,.T.);
#3045=ADVANCED_FACE('',(#434),#272,.T.);
#3046=ADVANCED_FACE('',(#435),#273,.F.);
#3047=CLOSED_SHELL('',(#2885,#2886,#2887,#2888,#2889,#2890,#2891,#2892,
#2893,#2894,#2895,#2896,#2897,#2898,#2899,#2900,#2901,#2902,#2903,#2904,
#2905,#2906,#2907,#2908,#2909,#2910,#2911,#2912,#2913,#2914,#2915,#2916,
#2917,#2918,#2919,#2920,#2921,#2922,#2923,#2924,#2925,#2926,#2927,#2928,
#2929,#2930,#2931,#2932,#2933,#2934,#2935,#2936,#2937,#2938,#2939,#2940,
#2941,#2942,#2943,#2944,#2945,#2946,#2947,#2948,#2949,#2950));
#3048=CLOSED_SHELL('',(#2951,#2952,#2953,#2954,#2955,#2956));
#3049=CLOSED_SHELL('',(#2957,#2958,#2959,#2960,#2961,#2962,#2963,#2964,
#2965,#2966,#2967,#2968,#2969,#2970,#2971,#2972,#2973,#2974,#2975,#2976,
#2977,#2978,#2979,#2980,#2981,#2982,#2983,#2984,#2985,#2986,#2987,#2988,
#2989,#2990,#2991,#2992));
#3050=CLOSED_SHELL('',(#2993,#2994,#2995,#2996,#2997,#2998,#2999,#3000,
#3001,#3002,#3003,#3004,#3005,#3006,#3007,#3008,#3009,#3010,#3011,#3012,
#3013,#3014,#3015,#3016,#3017,#3018,#3019,#3020,#3021,#3022,#3023,#3024,
#3025,#3026,#3027,#3028));
#3051=CLOSED_SHELL('',(#3029,#3030,#3031,#3032,#3033,#3034));
#3052=CLOSED_SHELL('',(#3035,#3036,#3037,#3038,#3039,#3040));
#3053=CLOSED_SHELL('',(#3041,#3042,#3043,#3044,#3045,#3046));
#3054=DERIVED_UNIT_ELEMENT(#3064,1.);
#3055=DERIVED_UNIT_ELEMENT(#5085,-3.);
#3056=DERIVED_UNIT_ELEMENT(#3064,1.);
#3057=DERIVED_UNIT_ELEMENT(#5085,-3.);
#3058=DERIVED_UNIT_ELEMENT(#3064,1.);
#3059=DERIVED_UNIT_ELEMENT(#5085,-3.);
#3060=DERIVED_UNIT_ELEMENT(#3064,1.);
#3061=DERIVED_UNIT_ELEMENT(#5085,-3.);
#3062=DERIVED_UNIT_ELEMENT(#3064,1.);
#3063=DERIVED_UNIT_ELEMENT(#5085,-3.);
#3064=(
MASS_UNIT()
NAMED_UNIT(*)
SI_UNIT(.KILO.,.GRAM.)
);
#3065=DERIVED_UNIT((#3054,#3055));
#3066=DERIVED_UNIT((#3056,#3057));
#3067=DERIVED_UNIT((#3058,#3059));
#3068=DERIVED_UNIT((#3060,#3061));
#3069=DERIVED_UNIT((#3062,#3063));
#3070=MEASURE_REPRESENTATION_ITEM('density measure',
POSITIVE_RATIO_MEASURE(7850.),#3065);
#3071=MEASURE_REPRESENTATION_ITEM('density measure',
POSITIVE_RATIO_MEASURE(7850.),#3066);
#3072=MEASURE_REPRESENTATION_ITEM('density measure',
POSITIVE_RATIO_MEASURE(7850.),#3067);
#3073=MEASURE_REPRESENTATION_ITEM('density measure',
POSITIVE_RATIO_MEASURE(7850.),#3068);
#3074=MEASURE_REPRESENTATION_ITEM('density measure',
POSITIVE_RATIO_MEASURE(7850.),#3069);
#3075=PROPERTY_DEFINITION_REPRESENTATION(#3100,#3085);
#3076=PROPERTY_DEFINITION_REPRESENTATION(#3101,#3086);
#3077=PROPERTY_DEFINITION_REPRESENTATION(#3102,#3087);
#3078=PROPERTY_DEFINITION_REPRESENTATION(#3103,#3088);
#3079=PROPERTY_DEFINITION_REPRESENTATION(#3104,#3089);
#3080=PROPERTY_DEFINITION_REPRESENTATION(#3105,#3090);
#3081=PROPERTY_DEFINITION_REPRESENTATION(#3106,#3091);
#3082=PROPERTY_DEFINITION_REPRESENTATION(#3107,#3092);
#3083=PROPERTY_DEFINITION_REPRESENTATION(#3108,#3093);
#3084=PROPERTY_DEFINITION_REPRESENTATION(#3109,#3094);
#3085=REPRESENTATION('material name',(#3095),#5077);
#3086=REPRESENTATION('density',(#3070),#5077);
#3087=REPRESENTATION('material name',(#3096),#5078);
#3088=REPRESENTATION('density',(#3071),#5078);
#3089=REPRESENTATION('material name',(#3097),#5080);
#3090=REPRESENTATION('density',(#3072),#5080);
#3091=REPRESENTATION('material name',(#3098),#5081);
#3092=REPRESENTATION('density',(#3073),#5081);
#3093=REPRESENTATION('material name',(#3099),#5082);
#3094=REPRESENTATION('density',(#3074),#5082);
#3095=DESCRIPTIVE_REPRESENTATION_ITEM('Steel','Steel');
#3096=DESCRIPTIVE_REPRESENTATION_ITEM('Steel','Steel');
#3097=DESCRIPTIVE_REPRESENTATION_ITEM('Steel','Steel');
#3098=DESCRIPTIVE_REPRESENTATION_ITEM('Steel','Steel');
#3099=DESCRIPTIVE_REPRESENTATION_ITEM('Steel','Steel');
#3100=PROPERTY_DEFINITION('material property','material name',#5124);
#3101=PROPERTY_DEFINITION('material property','density of part',#5124);
#3102=PROPERTY_DEFINITION('material property','material name',#5125);
#3103=PROPERTY_DEFINITION('material property','density of part',#5125);
#3104=PROPERTY_DEFINITION('material property','material name',#5127);
#3105=PROPERTY_DEFINITION('material property','density of part',#5127);
#3106=PROPERTY_DEFINITION('material property','material name',#5128);
#3107=PROPERTY_DEFINITION('material property','density of part',#5128);
#3108=PROPERTY_DEFINITION('material property','material name',#5129);
#3109=PROPERTY_DEFINITION('material property','density of part',#5129);
#3110=AXIS2_PLACEMENT_3D('',#4259,#3401,#3402);
#3111=AXIS2_PLACEMENT_3D('',#4260,#3403,#3404);
#3112=AXIS2_PLACEMENT_3D('',#4261,#3405,#3406);
#3113=AXIS2_PLACEMENT_3D('',#4262,#3407,#3408);
#3114=AXIS2_PLACEMENT_3D('',#4264,#3409,#3410);
#3115=AXIS2_PLACEMENT_3D('',#4267,#3412,#3413);
#3116=AXIS2_PLACEMENT_3D('',#4268,#3414,#3415);
#3117=AXIS2_PLACEMENT_3D('',#4270,#3416,#3417);
#3118=AXIS2_PLACEMENT_3D('',#4273,#3419,#3420);
#3119=AXIS2_PLACEMENT_3D('',#4274,#3421,#3422);
#3120=AXIS2_PLACEMENT_3D('',#4276,#3423,#3424);
#3121=AXIS2_PLACEMENT_3D('',#4279,#3426,#3427);
#3122=AXIS2_PLACEMENT_3D('',#4280,#3428,#3429);
#3123=AXIS2_PLACEMENT_3D('',#4282,#3430,#3431);
#3124=AXIS2_PLACEMENT_3D('',#4285,#3433,#3434);
#3125=AXIS2_PLACEMENT_3D('',#4286,#3435,#3436);
#3126=AXIS2_PLACEMENT_3D('',#4288,#3437,#3438);
#3127=AXIS2_PLACEMENT_3D('',#4291,#3440,#3441);
#3128=AXIS2_PLACEMENT_3D('',#4292,#3442,#3443);
#3129=AXIS2_PLACEMENT_3D('',#4294,#3444,#3445);
#3130=AXIS2_PLACEMENT_3D('',#4297,#3447,#3448);
#3131=AXIS2_PLACEMENT_3D('',#4298,#3449,#3450);
#3132=AXIS2_PLACEMENT_3D('',#4300,#3451,#3452);
#3133=AXIS2_PLACEMENT_3D('',#4303,#3454,#3455);
#3134=AXIS2_PLACEMENT_3D('',#4304,#3456,#3457);
#3135=AXIS2_PLACEMENT_3D('',#4306,#3458,#3459);
#3136=AXIS2_PLACEMENT_3D('',#4309,#3461,#3462);
#3137=AXIS2_PLACEMENT_3D('',#4310,#3463,#3464);
#3138=AXIS2_PLACEMENT_3D('',#4312,#3465,#3466);
#3139=AXIS2_PLACEMENT_3D('',#4315,#3468,#3469);
#3140=AXIS2_PLACEMENT_3D('',#4316,#3470,#3471);
#3141=AXIS2_PLACEMENT_3D('',#4318,#3472,#3473);
#3142=AXIS2_PLACEMENT_3D('',#4321,#3475,#3476);
#3143=AXIS2_PLACEMENT_3D('',#4322,#3477,#3478);
#3144=AXIS2_PLACEMENT_3D('',#4324,#3479,#3480);
#3145=AXIS2_PLACEMENT_3D('',#4327,#3482,#3483);
#3146=AXIS2_PLACEMENT_3D('',#4328,#3484,#3485);
#3147=AXIS2_PLACEMENT_3D('',#4330,#3486,#3487);
#3148=AXIS2_PLACEMENT_3D('',#4333,#3489,#3490);
#3149=AXIS2_PLACEMENT_3D('',#4334,#3491,#3492);
#3150=AXIS2_PLACEMENT_3D('',#4336,#3493,#3494);
#3151=AXIS2_PLACEMENT_3D('',#4339,#3496,#3497);
#3152=AXIS2_PLACEMENT_3D('',#4340,#3498,#3499);
#3153=AXIS2_PLACEMENT_3D('',#4342,#3500,#3501);
#3154=AXIS2_PLACEMENT_3D('',#4345,#3503,#3504);
#3155=AXIS2_PLACEMENT_3D('',#4346,#3505,#3506);
#3156=AXIS2_PLACEMENT_3D('',#4348,#3507,#3508);
#3157=AXIS2_PLACEMENT_3D('',#4351,#3510,#3511);
#3158=AXIS2_PLACEMENT_3D('',#4352,#3512,#3513);
#3159=AXIS2_PLACEMENT_3D('',#4354,#3514,#3515);
#3160=AXIS2_PLACEMENT_3D('',#4357,#3517,#3518);
#3161=AXIS2_PLACEMENT_3D('',#4358,#3519,#3520);
#3162=AXIS2_PLACEMENT_3D('',#4360,#3521,#3522);
#3163=AXIS2_PLACEMENT_3D('',#4363,#3524,#3525);
#3164=AXIS2_PLACEMENT_3D('',#4364,#3526,#3527);
#3165=AXIS2_PLACEMENT_3D('',#4366,#3528,#3529);
#3166=AXIS2_PLACEMENT_3D('',#4369,#3531,#3532);
#3167=AXIS2_PLACEMENT_3D('',#4370,#3533,#3534);
#3168=AXIS2_PLACEMENT_3D('',#4372,#3535,#3536);
#3169=AXIS2_PLACEMENT_3D('',#4375,#3538,#3539);
#3170=AXIS2_PLACEMENT_3D('',#4376,#3540,#3541);
#3171=AXIS2_PLACEMENT_3D('',#4378,#3542,#3543);
#3172=AXIS2_PLACEMENT_3D('',#4381,#3545,#3546);
#3173=AXIS2_PLACEMENT_3D('',#4382,#3547,#3548);
#3174=AXIS2_PLACEMENT_3D('',#4384,#3549,#3550);
#3175=AXIS2_PLACEMENT_3D('',#4387,#3552,#3553);
#3176=AXIS2_PLACEMENT_3D('',#4388,#3554,#3555);
#3177=AXIS2_PLACEMENT_3D('',#4390,#3556,#3557);
#3178=AXIS2_PLACEMENT_3D('',#4393,#3559,#3560);
#3179=AXIS2_PLACEMENT_3D('',#4394,#3561,#3562);
#3180=AXIS2_PLACEMENT_3D('',#4396,#3563,#3564);
#3181=AXIS2_PLACEMENT_3D('',#4399,#3566,#3567);
#3182=AXIS2_PLACEMENT_3D('',#4400,#3568,#3569);
#3183=AXIS2_PLACEMENT_3D('',#4402,#3570,#3571);
#3184=AXIS2_PLACEMENT_3D('',#4405,#3573,#3574);
#3185=AXIS2_PLACEMENT_3D('',#4406,#3575,#3576);
#3186=AXIS2_PLACEMENT_3D('',#4408,#3577,#3578);
#3187=AXIS2_PLACEMENT_3D('',#4411,#3580,#3581);
#3188=AXIS2_PLACEMENT_3D('',#4412,#3582,#3583);
#3189=AXIS2_PLACEMENT_3D('',#4414,#3584,#3585);
#3190=AXIS2_PLACEMENT_3D('',#4417,#3587,#3588);
#3191=AXIS2_PLACEMENT_3D('',#4418,#3589,#3590);
#3192=AXIS2_PLACEMENT_3D('',#4420,#3591,#3592);
#3193=AXIS2_PLACEMENT_3D('',#4423,#3594,#3595);
#3194=AXIS2_PLACEMENT_3D('',#4424,#3596,#3597);
#3195=AXIS2_PLACEMENT_3D('',#4426,#3598,#3599);
#3196=AXIS2_PLACEMENT_3D('',#4429,#3601,#3602);
#3197=AXIS2_PLACEMENT_3D('',#4430,#3603,#3604);
#3198=AXIS2_PLACEMENT_3D('',#4432,#3605,#3606);
#3199=AXIS2_PLACEMENT_3D('',#4435,#3608,#3609);
#3200=AXIS2_PLACEMENT_3D('',#4436,#3610,#3611);
#3201=AXIS2_PLACEMENT_3D('',#4438,#3612,#3613);
#3202=AXIS2_PLACEMENT_3D('',#4441,#3615,#3616);
#3203=AXIS2_PLACEMENT_3D('',#4442,#3617,#3618);
#3204=AXIS2_PLACEMENT_3D('',#4444,#3619,#3620);
#3205=AXIS2_PLACEMENT_3D('',#4447,#3622,#3623);
#3206=AXIS2_PLACEMENT_3D('',#4448,#3624,#3625);
#3207=AXIS2_PLACEMENT_3D('',#4450,#3626,#3627);
#3208=AXIS2_PLACEMENT_3D('',#4453,#3629,#3630);
#3209=AXIS2_PLACEMENT_3D('',#4454,#3631,#3632);
#3210=AXIS2_PLACEMENT_3D('',#4456,#3633,#3634);
#3211=AXIS2_PLACEMENT_3D('',#4459,#3636,#3637);
#3212=AXIS2_PLACEMENT_3D('',#4460,#3638,#3639);
#3213=AXIS2_PLACEMENT_3D('',#4462,#3640,#3641);
#3214=AXIS2_PLACEMENT_3D('',#4465,#3643,#3644);
#3215=AXIS2_PLACEMENT_3D('',#4466,#3645,#3646);
#3216=AXIS2_PLACEMENT_3D('',#4468,#3647,#3648);
#3217=AXIS2_PLACEMENT_3D('',#4471,#3650,#3651);
#3218=AXIS2_PLACEMENT_3D('',#4472,#3652,#3653);
#3219=AXIS2_PLACEMENT_3D('',#4474,#3654,#3655);
#3220=AXIS2_PLACEMENT_3D('',#4477,#3657,#3658);
#3221=AXIS2_PLACEMENT_3D('',#4478,#3659,#3660);
#3222=AXIS2_PLACEMENT_3D('',#4480,#3661,#3662);
#3223=AXIS2_PLACEMENT_3D('',#4483,#3664,#3665);
#3224=AXIS2_PLACEMENT_3D('',#4484,#3666,#3667);
#3225=AXIS2_PLACEMENT_3D('',#4486,#3668,#3669);
#3226=AXIS2_PLACEMENT_3D('',#4489,#3671,#3672);
#3227=AXIS2_PLACEMENT_3D('',#4490,#3673,#3674);
#3228=AXIS2_PLACEMENT_3D('',#4492,#3675,#3676);
#3229=AXIS2_PLACEMENT_3D('',#4495,#3678,#3679);
#3230=AXIS2_PLACEMENT_3D('',#4496,#3680,#3681);
#3231=AXIS2_PLACEMENT_3D('',#4498,#3682,#3683);
#3232=AXIS2_PLACEMENT_3D('',#4501,#3685,#3686);
#3233=AXIS2_PLACEMENT_3D('',#4502,#3687,#3688);
#3234=AXIS2_PLACEMENT_3D('',#4504,#3689,#3690);
#3235=AXIS2_PLACEMENT_3D('',#4507,#3692,#3693);
#3236=AXIS2_PLACEMENT_3D('',#4508,#3694,#3695);
#3237=AXIS2_PLACEMENT_3D('',#4510,#3696,#3697);
#3238=AXIS2_PLACEMENT_3D('',#4513,#3699,#3700);
#3239=AXIS2_PLACEMENT_3D('',#4514,#3701,#3702);
#3240=AXIS2_PLACEMENT_3D('',#4516,#3703,#3704);
#3241=AXIS2_PLACEMENT_3D('',#4519,#3706,#3707);
#3242=AXIS2_PLACEMENT_3D('',#4520,#3708,#3709);
#3243=AXIS2_PLACEMENT_3D('',#4522,#3710,#3711);
#3244=AXIS2_PLACEMENT_3D('',#4525,#3713,#3714);
#3245=AXIS2_PLACEMENT_3D('',#4526,#3715,#3716);
#3246=AXIS2_PLACEMENT_3D('',#4528,#3717,#3718);
#3247=AXIS2_PLACEMENT_3D('',#4531,#3720,#3721);
#3248=AXIS2_PLACEMENT_3D('',#4532,#3722,#3723);
#3249=AXIS2_PLACEMENT_3D('',#4534,#3724,#3725);
#3250=AXIS2_PLACEMENT_3D('',#4537,#3727,#3728);
#3251=AXIS2_PLACEMENT_3D('',#4538,#3729,#3730);
#3252=AXIS2_PLACEMENT_3D('',#4540,#3731,#3732);
#3253=AXIS2_PLACEMENT_3D('',#4543,#3734,#3735);
#3254=AXIS2_PLACEMENT_3D('',#4544,#3736,#3737);
#3255=AXIS2_PLACEMENT_3D('',#4546,#3738,#3739);
#3256=AXIS2_PLACEMENT_3D('',#4549,#3741,#3742);
#3257=AXIS2_PLACEMENT_3D('',#4550,#3743,#3744);
#3258=AXIS2_PLACEMENT_3D('',#4552,#3745,#3746);
#3259=AXIS2_PLACEMENT_3D('',#4555,#3748,#3749);
#3260=AXIS2_PLACEMENT_3D('',#4556,#3750,#3751);
#3261=AXIS2_PLACEMENT_3D('',#4558,#3752,#3753);
#3262=AXIS2_PLACEMENT_3D('',#4561,#3755,#3756);
#3263=AXIS2_PLACEMENT_3D('',#4562,#3757,#3758);
#3264=AXIS2_PLACEMENT_3D('',#4564,#3759,#3760);
#3265=AXIS2_PLACEMENT_3D('',#4567,#3762,#3763);
#3266=AXIS2_PLACEMENT_3D('',#4568,#3764,#3765);
#3267=AXIS2_PLACEMENT_3D('',#4570,#3766,#3767);
#3268=AXIS2_PLACEMENT_3D('',#4573,#3769,#3770);
#3269=AXIS2_PLACEMENT_3D('',#4574,#3771,#3772);
#3270=AXIS2_PLACEMENT_3D('',#4583,#3777,#3778);
#3271=AXIS2_PLACEMENT_3D('',#4589,#3782,#3783);
#3272=AXIS2_PLACEMENT_3D('',#4595,#3787,#3788);
#3273=AXIS2_PLACEMENT_3D('',#4597,#3789,#3790);
#3274=AXIS2_PLACEMENT_3D('',#4599,#3791,#3792);
#3275=AXIS2_PLACEMENT_3D('',#4601,#3794,#3795);
#3276=AXIS2_PLACEMENT_3D('',#4607,#3799,#3800);
#3277=AXIS2_PLACEMENT_3D('',#4609,#3801,#3802);
#3278=AXIS2_PLACEMENT_3D('',#4611,#3803,#3804);
#3279=AXIS2_PLACEMENT_3D('',#4613,#3806,#3807);
#3280=AXIS2_PLACEMENT_3D('',#4619,#3811,#3812);
#3281=AXIS2_PLACEMENT_3D('',#4625,#3816,#3817);
#3282=AXIS2_PLACEMENT_3D('',#4631,#3821,#3822);
#3283=AXIS2_PLACEMENT_3D('',#4633,#3823,#3824);
#3284=AXIS2_PLACEMENT_3D('',#4635,#3825,#3826);
#3285=AXIS2_PLACEMENT_3D('',#4637,#3828,#3829);
#3286=AXIS2_PLACEMENT_3D('',#4643,#3833,#3834);
#3287=AXIS2_PLACEMENT_3D('',#4644,#3835,#3836);
#3288=AXIS2_PLACEMENT_3D('',#4645,#3837,#3838);
#3289=AXIS2_PLACEMENT_3D('',#4646,#3839,#3840);
#3290=AXIS2_PLACEMENT_3D('',#4647,#3841,#3842);
#3291=AXIS2_PLACEMENT_3D('',#4648,#3843,#3844);
#3292=AXIS2_PLACEMENT_3D('',#4649,#3845,#3846);
#3293=AXIS2_PLACEMENT_3D('',#4650,#3847,#3848);
#3294=AXIS2_PLACEMENT_3D('',#4651,#3849,#3850);
#3295=AXIS2_PLACEMENT_3D('',#4660,#3855,#3856);
#3296=AXIS2_PLACEMENT_3D('',#4666,#3860,#3861);
#3297=AXIS2_PLACEMENT_3D('',#4670,#3864,#3865);
#3298=AXIS2_PLACEMENT_3D('',#4674,#3868,#3869);
#3299=AXIS2_PLACEMENT_3D('',#4676,#3871,#3872);
#3300=AXIS2_PLACEMENT_3D('',#4677,#3873,#3874);
#3301=AXIS2_PLACEMENT_3D('',#4678,#3875,#3876);
#3302=AXIS2_PLACEMENT_3D('',#4687,#3881,#3882);
#3303=AXIS2_PLACEMENT_3D('',#4693,#3886,#3887);
#3304=AXIS2_PLACEMENT_3D('',#4697,#3890,#3891);
#3305=AXIS2_PLACEMENT_3D('',#4701,#3894,#3895);
#3306=AXIS2_PLACEMENT_3D('',#4703,#3897,#3898);
#3307=AXIS2_PLACEMENT_3D('',#4709,#3902,#3903);
#3308=AXIS2_PLACEMENT_3D('',#4719,#3909,#3910);
#3309=AXIS2_PLACEMENT_3D('',#4725,#3914,#3915);
#3310=AXIS2_PLACEMENT_3D('',#4727,#3917,#3918);
#3311=AXIS2_PLACEMENT_3D('',#4731,#3921,#3922);
#3312=AXIS2_PLACEMENT_3D('',#4733,#3924,#3925);
#3313=AXIS2_PLACEMENT_3D('',#4739,#3929,#3930);
#3314=AXIS2_PLACEMENT_3D('',#4743,#3933,#3934);
#3315=AXIS2_PLACEMENT_3D('',#4747,#3937,#3938);
#3316=AXIS2_PLACEMENT_3D('',#4751,#3941,#3942);
#3317=AXIS2_PLACEMENT_3D('',#4757,#3946,#3947);
#3318=AXIS2_PLACEMENT_3D('',#4763,#3951,#3952);
#3319=AXIS2_PLACEMENT_3D('',#4769,#3956,#3957);
#3320=AXIS2_PLACEMENT_3D('',#4771,#3959,#3960);
#3321=AXIS2_PLACEMENT_3D('',#4777,#3964,#3965);
#3322=AXIS2_PLACEMENT_3D('',#4783,#3969,#3970);
#3323=AXIS2_PLACEMENT_3D('',#4787,#3973,#3974);
#3324=AXIS2_PLACEMENT_3D('',#4791,#3977,#3978);
#3325=AXIS2_PLACEMENT_3D('',#4797,#3982,#3983);
#3326=AXIS2_PLACEMENT_3D('',#4799,#3985,#3986);
#3327=AXIS2_PLACEMENT_3D('',#4803,#3989,#3990);
#3328=AXIS2_PLACEMENT_3D('',#4805,#3992,#3993);
#3329=AXIS2_PLACEMENT_3D('',#4807,#3995,#3996);
#3330=AXIS2_PLACEMENT_3D('',#4811,#3999,#4000);
#3331=AXIS2_PLACEMENT_3D('',#4815,#4003,#4004);
#3332=AXIS2_PLACEMENT_3D('',#4817,#4006,#4007);
#3333=AXIS2_PLACEMENT_3D('',#4821,#4010,#4011);
#3334=AXIS2_PLACEMENT_3D('',#4823,#4013,#4014);
#3335=AXIS2_PLACEMENT_3D('',#4825,#4016,#4017);
#3336=AXIS2_PLACEMENT_3D('',#4827,#4019,#4020);
#3337=AXIS2_PLACEMENT_3D('',#4828,#4021,#4022);
#3338=AXIS2_PLACEMENT_3D('',#4837,#4027,#4028);
#3339=AXIS2_PLACEMENT_3D('',#4843,#4032,#4033);
#3340=AXIS2_PLACEMENT_3D('',#4847,#4036,#4037);
#3341=AXIS2_PLACEMENT_3D('',#4851,#4040,#4041);
#3342=AXIS2_PLACEMENT_3D('',#4853,#4043,#4044);
#3343=AXIS2_PLACEMENT_3D('',#4859,#4048,#4049);
#3344=AXIS2_PLACEMENT_3D('',#4869,#4055,#4056);
#3345=AXIS2_PLACEMENT_3D('',#4875,#4060,#4061);
#3346=AXIS2_PLACEMENT_3D('',#4877,#4063,#4064);
#3347=AXIS2_PLACEMENT_3D('',#4879,#4066,#4067);
#3348=AXIS2_PLACEMENT_3D('',#4883,#4070,#4071);
#3349=AXIS2_PLACEMENT_3D('',#4889,#4075,#4076);
#3350=AXIS2_PLACEMENT_3D('',#4893,#4079,#4080);
#3351=AXIS2_PLACEMENT_3D('',#4897,#4083,#4084);
#3352=AXIS2_PLACEMENT_3D('',#4901,#4087,#4088);
#3353=AXIS2_PLACEMENT_3D('',#4907,#4092,#4093);
#3354=AXIS2_PLACEMENT_3D('',#4913,#4097,#4098);
#3355=AXIS2_PLACEMENT_3D('',#4919,#4102,#4103);
#3356=AXIS2_PLACEMENT_3D('',#4921,#4105,#4106);
#3357=AXIS2_PLACEMENT_3D('',#4927,#4110,#4111);
#3358=AXIS2_PLACEMENT_3D('',#4933,#4115,#4116);
#3359=AXIS2_PLACEMENT_3D('',#4937,#4119,#4120);
#3360=AXIS2_PLACEMENT_3D('',#4941,#4123,#4124);
#3361=AXIS2_PLACEMENT_3D('',#4945,#4127,#4128);
#3362=AXIS2_PLACEMENT_3D('',#4949,#4131,#4132);
#3363=AXIS2_PLACEMENT_3D('',#4951,#4134,#4135);
#3364=AXIS2_PLACEMENT_3D('',#4955,#4138,#4139);
#3365=AXIS2_PLACEMENT_3D('',#4957,#4141,#4142);
#3366=AXIS2_PLACEMENT_3D('',#4961,#4145,#4146);
#3367=AXIS2_PLACEMENT_3D('',#4965,#4149,#4150);
#3368=AXIS2_PLACEMENT_3D('',#4967,#4152,#4153);
#3369=AXIS2_PLACEMENT_3D('',#4971,#4156,#4157);
#3370=AXIS2_PLACEMENT_3D('',#4973,#4159,#4160);
#3371=AXIS2_PLACEMENT_3D('',#4975,#4162,#4163);
#3372=AXIS2_PLACEMENT_3D('',#4977,#4165,#4166);
#3373=AXIS2_PLACEMENT_3D('',#4978,#4167,#4168);
#3374=AXIS2_PLACEMENT_3D('',#4979,#4169,#4170);
#3375=AXIS2_PLACEMENT_3D('',#4988,#4175,#4176);
#3376=AXIS2_PLACEMENT_3D('',#4994,#4180,#4181);
#3377=AXIS2_PLACEMENT_3D('',#4998,#4184,#4185);
#3378=AXIS2_PLACEMENT_3D('',#5002,#4188,#4189);
#3379=AXIS2_PLACEMENT_3D('',#5004,#4191,#4192);
#3380=AXIS2_PLACEMENT_3D('',#5005,#4193,#4194);
#3381=AXIS2_PLACEMENT_3D('',#5006,#4195,#4196);
#3382=AXIS2_PLACEMENT_3D('',#5007,#4197,#4198);
#3383=AXIS2_PLACEMENT_3D('',#5008,#4199,#4200);
#3384=AXIS2_PLACEMENT_3D('',#5009,#4201,#4202);
#3385=AXIS2_PLACEMENT_3D('',#5010,#4203,#4204);
#3386=AXIS2_PLACEMENT_3D('',#5011,#4205,#4206);
#3387=AXIS2_PLACEMENT_3D('',#5012,#4207,#4208);
#3388=AXIS2_PLACEMENT_3D('',#5013,#4209,#4210);
#3389=AXIS2_PLACEMENT_3D('',#5022,#4215,#4216);
#3390=AXIS2_PLACEMENT_3D('',#5028,#4220,#4221);
#3391=AXIS2_PLACEMENT_3D('',#5034,#4225,#4226);
#3392=AXIS2_PLACEMENT_3D('',#5037,#4229,#4230);
#3393=AXIS2_PLACEMENT_3D('',#5038,#4231,#4232);
#3394=AXIS2_PLACEMENT_3D('',#5039,#4233,#4234);
#3395=AXIS2_PLACEMENT_3D('',#5048,#4239,#4240);
#3396=AXIS2_PLACEMENT_3D('',#5054,#4244,#4245);
#3397=AXIS2_PLACEMENT_3D('',#5060,#4249,#4250);
#3398=AXIS2_PLACEMENT_3D('',#5063,#4253,#4254);
#3399=AXIS2_PLACEMENT_3D('',#5064,#4255,#4256);
#3400=AXIS2_PLACEMENT_3D('',#5065,#4257,#4258);
#3401=DIRECTION('axis',(0.,0.,1.));
#3402=DIRECTION('refdir',(1.,0.,0.));
#3403=DIRECTION('axis',(0.,0.,1.));
#3404=DIRECTION('refdir',(1.,0.,0.));
#3405=DIRECTION('axis',(0.,0.,1.));
#3406=DIRECTION('refdir',(1.,0.,0.));
#3407=DIRECTION('center_axis',(0.,0.,1.));
#3408=DIRECTION('ref_axis',(1.,0.,0.));
#3409=DIRECTION('center_axis',(0.,0.,1.));
#3410=DIRECTION('ref_axis',(1.,0.,0.));
#3411=DIRECTION('',(0.,0.,1.));
#3412=DIRECTION('center_axis',(0.,0.,-1.));
#3413=DIRECTION('ref_axis',(1.,0.,0.));
#3414=DIRECTION('center_axis',(0.,0.,1.));
#3415=DIRECTION('ref_axis',(1.,0.,0.));
#3416=DIRECTION('center_axis',(0.,0.,1.));
#3417=DIRECTION('ref_axis',(1.,0.,0.));
#3418=DIRECTION('',(0.,0.,1.));
#3419=DIRECTION('center_axis',(0.,0.,-1.));
#3420=DIRECTION('ref_axis',(1.,0.,0.));
#3421=DIRECTION('center_axis',(0.,0.,1.));
#3422=DIRECTION('ref_axis',(1.,0.,0.));
#3423=DIRECTION('center_axis',(0.,0.,1.));
#3424=DIRECTION('ref_axis',(1.,0.,0.));
#3425=DIRECTION('',(0.,0.,1.));
#3426=DIRECTION('center_axis',(0.,0.,-1.));
#3427=DIRECTION('ref_axis',(1.,0.,0.));
#3428=DIRECTION('center_axis',(0.,0.,1.));
#3429=DIRECTION('ref_axis',(1.,0.,0.));
#3430=DIRECTION('center_axis',(0.,0.,1.));
#3431=DIRECTION('ref_axis',(1.,0.,0.));
#3432=DIRECTION('',(0.,0.,1.));
#3433=DIRECTION('center_axis',(0.,0.,-1.));
#3434=DIRECTION('ref_axis',(1.,0.,0.));
#3435=DIRECTION('center_axis',(0.,0.,1.));
#3436=DIRECTION('ref_axis',(1.,0.,0.));
#3437=DIRECTION('center_axis',(0.,0.,1.));
#3438=DIRECTION('ref_axis',(1.,0.,0.));
#3439=DIRECTION('',(0.,0.,1.));
#3440=DIRECTION('center_axis',(0.,0.,-1.));
#3441=DIRECTION('ref_axis',(1.,0.,0.));
#3442=DIRECTION('center_axis',(0.,0.,1.));
#3443=DIRECTION('ref_axis',(1.,0.,0.));
#3444=DIRECTION('center_axis',(0.,0.,1.));
#3445=DIRECTION('ref_axis',(1.,0.,0.));
#3446=DIRECTION('',(0.,0.,1.));
#3447=DIRECTION('center_axis',(0.,0.,-1.));
#3448=DIRECTION('ref_axis',(1.,0.,0.));
#3449=DIRECTION('center_axis',(0.,0.,1.));
#3450=DIRECTION('ref_axis',(1.,0.,0.));
#3451=DIRECTION('center_axis',(0.,0.,1.));
#3452=DIRECTION('ref_axis',(1.,0.,0.));
#3453=DIRECTION('',(0.,0.,1.));
#3454=DIRECTION('center_axis',(0.,0.,-1.));
#3455=DIRECTION('ref_axis',(1.,0.,0.));
#3456=DIRECTION('center_axis',(0.,0.,1.));
#3457=DIRECTION('ref_axis',(1.,0.,0.));
#3458=DIRECTION('center_axis',(0.,0.,1.));
#3459=DIRECTION('ref_axis',(1.,0.,0.));
#3460=DIRECTION('',(0.,0.,1.));
#3461=DIRECTION('center_axis',(0.,0.,-1.));
#3462=DIRECTION('ref_axis',(1.,0.,0.));
#3463=DIRECTION('center_axis',(0.,0.,1.));
#3464=DIRECTION('ref_axis',(1.,0.,0.));
#3465=DIRECTION('center_axis',(0.,0.,1.));
#3466=DIRECTION('ref_axis',(1.,0.,0.));
#3467=DIRECTION('',(0.,0.,1.));
#3468=DIRECTION('center_axis',(0.,0.,-1.));
#3469=DIRECTION('ref_axis',(1.,0.,0.));
#3470=DIRECTION('center_axis',(0.,0.,1.));
#3471=DIRECTION('ref_axis',(1.,0.,0.));
#3472=DIRECTION('center_axis',(0.,0.,1.));
#3473=DIRECTION('ref_axis',(1.,0.,0.));
#3474=DIRECTION('',(0.,0.,1.));
#3475=DIRECTION('center_axis',(0.,0.,-1.));
#3476=DIRECTION('ref_axis',(1.,0.,0.));
#3477=DIRECTION('center_axis',(0.,0.,1.));
#3478=DIRECTION('ref_axis',(1.,0.,0.));
#3479=DIRECTION('center_axis',(0.,0.,1.));
#3480=DIRECTION('ref_axis',(1.,0.,0.));
#3481=DIRECTION('',(0.,0.,1.));
#3482=DIRECTION('center_axis',(0.,0.,-1.));
#3483=DIRECTION('ref_axis',(1.,0.,0.));
#3484=DIRECTION('center_axis',(0.,0.,1.));
#3485=DIRECTION('ref_axis',(1.,0.,0.));
#3486=DIRECTION('center_axis',(0.,0.,1.));
#3487=DIRECTION('ref_axis',(1.,0.,0.));
#3488=DIRECTION('',(0.,0.,1.));
#3489=DIRECTION('center_axis',(0.,0.,-1.));
#3490=DIRECTION('ref_axis',(1.,0.,0.));
#3491=DIRECTION('center_axis',(0.,0.,1.));
#3492=DIRECTION('ref_axis',(1.,0.,0.));
#3493=DIRECTION('center_axis',(0.,0.,1.));
#3494=DIRECTION('ref_axis',(1.,0.,0.));
#3495=DIRECTION('',(0.,0.,1.));
#3496=DIRECTION('center_axis',(0.,0.,-1.));
#3497=DIRECTION('ref_axis',(1.,0.,0.));
#3498=DIRECTION('center_axis',(0.,0.,1.));
#3499=DIRECTION('ref_axis',(1.,0.,0.));
#3500=DIRECTION('center_axis',(0.,0.,1.));
#3501=DIRECTION('ref_axis',(1.,0.,0.));
#3502=DIRECTION('',(0.,0.,1.));
#3503=DIRECTION('center_axis',(0.,0.,-1.));
#3504=DIRECTION('ref_axis',(1.,0.,0.));
#3505=DIRECTION('center_axis',(0.,0.,1.));
#3506=DIRECTION('ref_axis',(1.,0.,0.));
#3507=DIRECTION('center_axis',(0.,0.,1.));
#3508=DIRECTION('ref_axis',(1.,0.,0.));
#3509=DIRECTION('',(0.,0.,1.));
#3510=DIRECTION('center_axis',(0.,0.,-1.));
#3511=DIRECTION('ref_axis',(1.,0.,0.));
#3512=DIRECTION('center_axis',(0.,0.,1.));
#3513=DIRECTION('ref_axis',(1.,0.,0.));
#3514=DIRECTION('center_axis',(0.,0.,1.));
#3515=DIRECTION('ref_axis',(1.,0.,0.));
#3516=DIRECTION('',(0.,0.,1.));
#3517=DIRECTION('center_axis',(0.,0.,-1.));
#3518=DIRECTION('ref_axis',(1.,0.,0.));
#3519=DIRECTION('center_axis',(0.,0.,1.));
#3520=DIRECTION('ref_axis',(1.,0.,0.));
#3521=DIRECTION('center_axis',(0.,0.,1.));
#3522=DIRECTION('ref_axis',(1.,0.,0.));
#3523=DIRECTION('',(0.,0.,1.));
#3524=DIRECTION('center_axis',(0.,0.,-1.));
#3525=DIRECTION('ref_axis',(1.,0.,0.));
#3526=DIRECTION('center_axis',(0.,0.,1.));
#3527=DIRECTION('ref_axis',(1.,0.,0.));
#3528=DIRECTION('center_axis',(0.,0.,1.));
#3529=DIRECTION('ref_axis',(1.,0.,0.));
#3530=DIRECTION('',(0.,0.,1.));
#3531=DIRECTION('center_axis',(0.,0.,-1.));
#3532=DIRECTION('ref_axis',(1.,0.,0.));
#3533=DIRECTION('center_axis',(0.,0.,1.));
#3534=DIRECTION('ref_axis',(1.,0.,0.));
#3535=DIRECTION('center_axis',(0.,0.,1.));
#3536=DIRECTION('ref_axis',(1.,0.,0.));
#3537=DIRECTION('',(0.,0.,1.));
#3538=DIRECTION('center_axis',(0.,0.,-1.));
#3539=DIRECTION('ref_axis',(1.,0.,0.));
#3540=DIRECTION('center_axis',(0.,0.,1.));
#3541=DIRECTION('ref_axis',(1.,0.,0.));
#3542=DIRECTION('center_axis',(0.,0.,1.));
#3543=DIRECTION('ref_axis',(1.,0.,0.));
#3544=DIRECTION('',(0.,0.,1.));
#3545=DIRECTION('center_axis',(0.,0.,-1.));
#3546=DIRECTION('ref_axis',(1.,0.,0.));
#3547=DIRECTION('center_axis',(0.,0.,1.));
#3548=DIRECTION('ref_axis',(1.,0.,0.));
#3549=DIRECTION('center_axis',(0.,0.,1.));
#3550=DIRECTION('ref_axis',(1.,0.,0.));
#3551=DIRECTION('',(0.,0.,1.));
#3552=DIRECTION('center_axis',(0.,0.,-1.));
#3553=DIRECTION('ref_axis',(1.,0.,0.));
#3554=DIRECTION('center_axis',(0.,0.,1.));
#3555=DIRECTION('ref_axis',(1.,0.,0.));
#3556=DIRECTION('center_axis',(0.,0.,1.));
#3557=DIRECTION('ref_axis',(1.,0.,0.));
#3558=DIRECTION('',(0.,0.,1.));
#3559=DIRECTION('center_axis',(0.,0.,-1.));
#3560=DIRECTION('ref_axis',(1.,0.,0.));
#3561=DIRECTION('center_axis',(0.,0.,1.));
#3562=DIRECTION('ref_axis',(1.,0.,0.));
#3563=DIRECTION('center_axis',(0.,0.,1.));
#3564=DIRECTION('ref_axis',(1.,0.,0.));
#3565=DIRECTION('',(0.,0.,1.));
#3566=DIRECTION('center_axis',(0.,0.,-1.));
#3567=DIRECTION('ref_axis',(1.,0.,0.));
#3568=DIRECTION('center_axis',(0.,0.,1.));
#3569=DIRECTION('ref_axis',(1.,0.,0.));
#3570=DIRECTION('center_axis',(0.,0.,1.));
#3571=DIRECTION('ref_axis',(1.,0.,0.));
#3572=DIRECTION('',(0.,0.,1.));
#3573=DIRECTION('center_axis',(0.,0.,-1.));
#3574=DIRECTION('ref_axis',(1.,0.,0.));
#3575=DIRECTION('center_axis',(0.,0.,1.));
#3576=DIRECTION('ref_axis',(1.,0.,0.));
#3577=DIRECTION('center_axis',(0.,0.,1.));
#3578=DIRECTION('ref_axis',(1.,0.,0.));
#3579=DIRECTION('',(0.,0.,1.));
#3580=DIRECTION('center_axis',(0.,0.,-1.));
#3581=DIRECTION('ref_axis',(1.,0.,0.));
#3582=DIRECTION('center_axis',(0.,0.,1.));
#3583=DIRECTION('ref_axis',(1.,0.,0.));
#3584=DIRECTION('center_axis',(0.,0.,1.));
#3585=DIRECTION('ref_axis',(1.,0.,0.));
#3586=DIRECTION('',(0.,0.,1.));
#3587=DIRECTION('center_axis',(0.,0.,-1.));
#3588=DIRECTION('ref_axis',(1.,0.,0.));
#3589=DIRECTION('center_axis',(0.,0.,1.));
#3590=DIRECTION('ref_axis',(1.,0.,0.));
#3591=DIRECTION('center_axis',(0.,0.,1.));
#3592=DIRECTION('ref_axis',(1.,0.,0.));
#3593=DIRECTION('',(0.,0.,1.));
#3594=DIRECTION('center_axis',(0.,0.,-1.));
#3595=DIRECTION('ref_axis',(1.,0.,0.));
#3596=DIRECTION('center_axis',(0.,0.,1.));
#3597=DIRECTION('ref_axis',(1.,0.,0.));
#3598=DIRECTION('center_axis',(0.,0.,1.));
#3599=DIRECTION('ref_axis',(1.,0.,0.));
#3600=DIRECTION('',(0.,0.,1.));
#3601=DIRECTION('center_axis',(0.,0.,-1.));
#3602=DIRECTION('ref_axis',(1.,0.,0.));
#3603=DIRECTION('center_axis',(0.,0.,1.));
#3604=DIRECTION('ref_axis',(1.,0.,0.));
#3605=DIRECTION('center_axis',(0.,0.,1.));
#3606=DIRECTION('ref_axis',(1.,0.,0.));
#3607=DIRECTION('',(0.,0.,1.));
#3608=DIRECTION('center_axis',(0.,0.,-1.));
#3609=DIRECTION('ref_axis',(1.,0.,0.));
#3610=DIRECTION('center_axis',(0.,0.,1.));
#3611=DIRECTION('ref_axis',(1.,0.,0.));
#3612=DIRECTION('center_axis',(0.,0.,1.));
#3613=DIRECTION('ref_axis',(1.,0.,0.));
#3614=DIRECTION('',(0.,0.,1.));
#3615=DIRECTION('center_axis',(0.,0.,-1.));
#3616=DIRECTION('ref_axis',(1.,0.,0.));
#3617=DIRECTION('center_axis',(0.,0.,1.));
#3618=DIRECTION('ref_axis',(1.,0.,0.));
#3619=DIRECTION('center_axis',(0.,0.,1.));
#3620=DIRECTION('ref_axis',(1.,0.,0.));
#3621=DIRECTION('',(0.,0.,1.));
#3622=DIRECTION('center_axis',(0.,0.,-1.));
#3623=DIRECTION('ref_axis',(1.,0.,0.));
#3624=DIRECTION('center_axis',(0.,0.,1.));
#3625=DIRECTION('ref_axis',(1.,0.,0.));
#3626=DIRECTION('center_axis',(0.,0.,1.));
#3627=DIRECTION('ref_axis',(1.,0.,0.));
#3628=DIRECTION('',(0.,0.,1.));
#3629=DIRECTION('center_axis',(0.,0.,-1.));
#3630=DIRECTION('ref_axis',(1.,0.,0.));
#3631=DIRECTION('center_axis',(0.,0.,1.));
#3632=DIRECTION('ref_axis',(1.,0.,0.));
#3633=DIRECTION('center_axis',(0.,0.,1.));
#3634=DIRECTION('ref_axis',(1.,0.,0.));
#3635=DIRECTION('',(0.,0.,1.));
#3636=DIRECTION('center_axis',(0.,0.,-1.));
#3637=DIRECTION('ref_axis',(1.,0.,0.));
#3638=DIRECTION('center_axis',(0.,0.,1.));
#3639=DIRECTION('ref_axis',(1.,0.,0.));
#3640=DIRECTION('center_axis',(0.,0.,1.));
#3641=DIRECTION('ref_axis',(1.,0.,0.));
#3642=DIRECTION('',(0.,0.,1.));
#3643=DIRECTION('center_axis',(0.,0.,-1.));
#3644=DIRECTION('ref_axis',(1.,0.,0.));
#3645=DIRECTION('center_axis',(0.,0.,1.));
#3646=DIRECTION('ref_axis',(1.,0.,0.));
#3647=DIRECTION('center_axis',(0.,0.,1.));
#3648=DIRECTION('ref_axis',(1.,0.,0.));
#3649=DIRECTION('',(0.,0.,1.));
#3650=DIRECTION('center_axis',(0.,0.,-1.));
#3651=DIRECTION('ref_axis',(1.,0.,0.));
#3652=DIRECTION('center_axis',(0.,0.,1.));
#3653=DIRECTION('ref_axis',(1.,0.,0.));
#3654=DIRECTION('center_axis',(0.,0.,1.));
#3655=DIRECTION('ref_axis',(1.,0.,0.));
#3656=DIRECTION('',(0.,0.,1.));
#3657=DIRECTION('center_axis',(0.,0.,-1.));
#3658=DIRECTION('ref_axis',(1.,0.,0.));
#3659=DIRECTION('center_axis',(0.,0.,1.));
#3660=DIRECTION('ref_axis',(1.,0.,0.));
#3661=DIRECTION('center_axis',(0.,0.,1.));
#3662=DIRECTION('ref_axis',(1.,0.,0.));
#3663=DIRECTION('',(0.,0.,1.));
#3664=DIRECTION('center_axis',(0.,0.,-1.));
#3665=DIRECTION('ref_axis',(1.,0.,0.));
#3666=DIRECTION('center_axis',(0.,0.,1.));
#3667=DIRECTION('ref_axis',(1.,0.,0.));
#3668=DIRECTION('center_axis',(0.,0.,1.));
#3669=DIRECTION('ref_axis',(1.,0.,0.));
#3670=DIRECTION('',(0.,0.,1.));
#3671=DIRECTION('center_axis',(0.,0.,-1.));
#3672=DIRECTION('ref_axis',(1.,0.,0.));
#3673=DIRECTION('center_axis',(0.,0.,1.));
#3674=DIRECTION('ref_axis',(1.,0.,0.));
#3675=DIRECTION('center_axis',(0.,0.,1.));
#3676=DIRECTION('ref_axis',(1.,0.,0.));
#3677=DIRECTION('',(0.,0.,1.));
#3678=DIRECTION('center_axis',(0.,0.,-1.));
#3679=DIRECTION('ref_axis',(1.,0.,0.));
#3680=DIRECTION('center_axis',(0.,0.,1.));
#3681=DIRECTION('ref_axis',(1.,0.,0.));
#3682=DIRECTION('center_axis',(0.,0.,1.));
#3683=DIRECTION('ref_axis',(1.,0.,0.));
#3684=DIRECTION('',(0.,0.,1.));
#3685=DIRECTION('center_axis',(0.,0.,-1.));
#3686=DIRECTION('ref_axis',(1.,0.,0.));
#3687=DIRECTION('center_axis',(0.,0.,1.));
#3688=DIRECTION('ref_axis',(1.,0.,0.));
#3689=DIRECTION('center_axis',(0.,0.,1.));
#3690=DIRECTION('ref_axis',(1.,0.,0.));
#3691=DIRECTION('',(0.,0.,1.));
#3692=DIRECTION('center_axis',(0.,0.,-1.));
#3693=DIRECTION('ref_axis',(1.,0.,0.));
#3694=DIRECTION('center_axis',(0.,0.,1.));
#3695=DIRECTION('ref_axis',(1.,0.,0.));
#3696=DIRECTION('center_axis',(0.,0.,1.));
#3697=DIRECTION('ref_axis',(1.,0.,0.));
#3698=DIRECTION('',(0.,0.,1.));
#3699=DIRECTION('center_axis',(0.,0.,-1.));
#3700=DIRECTION('ref_axis',(1.,0.,0.));
#3701=DIRECTION('center_axis',(0.,0.,1.));
#3702=DIRECTION('ref_axis',(1.,0.,0.));
#3703=DIRECTION('center_axis',(0.,0.,1.));
#3704=DIRECTION('ref_axis',(1.,0.,0.));
#3705=DIRECTION('',(0.,0.,1.));
#3706=DIRECTION('center_axis',(0.,0.,-1.));
#3707=DIRECTION('ref_axis',(1.,0.,0.));
#3708=DIRECTION('center_axis',(0.,0.,1.));
#3709=DIRECTION('ref_axis',(1.,0.,0.));
#3710=DIRECTION('center_axis',(0.,0.,1.));
#3711=DIRECTION('ref_axis',(1.,0.,0.));
#3712=DIRECTION('',(0.,0.,1.));
#3713=DIRECTION('center_axis',(0.,0.,-1.));
#3714=DIRECTION('ref_axis',(1.,0.,0.));
#3715=DIRECTION('center_axis',(0.,0.,1.));
#3716=DIRECTION('ref_axis',(1.,0.,0.));
#3717=DIRECTION('center_axis',(0.,0.,1.));
#3718=DIRECTION('ref_axis',(1.,0.,0.));
#3719=DIRECTION('',(0.,0.,1.));
#3720=DIRECTION('center_axis',(0.,0.,-1.));
#3721=DIRECTION('ref_axis',(1.,0.,0.));
#3722=DIRECTION('center_axis',(0.,0.,1.));
#3723=DIRECTION('ref_axis',(1.,0.,0.));
#3724=DIRECTION('center_axis',(0.,0.,1.));
#3725=DIRECTION('ref_axis',(1.,0.,0.));
#3726=DIRECTION('',(0.,0.,1.));
#3727=DIRECTION('center_axis',(0.,0.,-1.));
#3728=DIRECTION('ref_axis',(1.,0.,0.));
#3729=DIRECTION('center_axis',(0.,0.,1.));
#3730=DIRECTION('ref_axis',(1.,0.,0.));
#3731=DIRECTION('center_axis',(0.,0.,1.));
#3732=DIRECTION('ref_axis',(1.,0.,0.));
#3733=DIRECTION('',(0.,0.,1.));
#3734=DIRECTION('center_axis',(0.,0.,-1.));
#3735=DIRECTION('ref_axis',(1.,0.,0.));
#3736=DIRECTION('center_axis',(0.,0.,1.));
#3737=DIRECTION('ref_axis',(1.,0.,0.));
#3738=DIRECTION('center_axis',(0.,0.,1.));
#3739=DIRECTION('ref_axis',(1.,0.,0.));
#3740=DIRECTION('',(0.,0.,1.));
#3741=DIRECTION('center_axis',(0.,0.,-1.));
#3742=DIRECTION('ref_axis',(1.,0.,0.));
#3743=DIRECTION('center_axis',(0.,0.,1.));
#3744=DIRECTION('ref_axis',(1.,0.,0.));
#3745=DIRECTION('center_axis',(0.,0.,1.));
#3746=DIRECTION('ref_axis',(1.,0.,0.));
#3747=DIRECTION('',(0.,0.,1.));
#3748=DIRECTION('center_axis',(0.,0.,-1.));
#3749=DIRECTION('ref_axis',(1.,0.,0.));
#3750=DIRECTION('center_axis',(0.,0.,1.));
#3751=DIRECTION('ref_axis',(1.,0.,0.));
#3752=DIRECTION('center_axis',(0.,0.,1.));
#3753=DIRECTION('ref_axis',(1.,0.,0.));
#3754=DIRECTION('',(0.,0.,1.));
#3755=DIRECTION('center_axis',(0.,0.,-1.));
#3756=DIRECTION('ref_axis',(1.,0.,0.));
#3757=DIRECTION('center_axis',(0.,0.,1.));
#3758=DIRECTION('ref_axis',(1.,0.,0.));
#3759=DIRECTION('center_axis',(0.,0.,1.));
#3760=DIRECTION('ref_axis',(1.,0.,0.));
#3761=DIRECTION('',(0.,0.,1.));
#3762=DIRECTION('center_axis',(0.,0.,-1.));
#3763=DIRECTION('ref_axis',(1.,0.,0.));
#3764=DIRECTION('center_axis',(0.,0.,1.));
#3765=DIRECTION('ref_axis',(1.,0.,0.));
#3766=DIRECTION('center_axis',(0.,0.,1.));
#3767=DIRECTION('ref_axis',(1.,0.,0.));
#3768=DIRECTION('',(0.,0.,1.));
#3769=DIRECTION('center_axis',(0.,0.,-1.));
#3770=DIRECTION('ref_axis',(1.,0.,0.));
#3771=DIRECTION('center_axis',(-1.,0.,0.));
#3772=DIRECTION('ref_axis',(0.,-1.,0.));
#3773=DIRECTION('',(0.,1.,0.));
#3774=DIRECTION('',(0.,0.,1.));
#3775=DIRECTION('',(0.,-1.,0.));
#3776=DIRECTION('',(0.,0.,1.));
#3777=DIRECTION('center_axis',(0.,1.,0.));
#3778=DIRECTION('ref_axis',(-1.,0.,0.));
#3779=DIRECTION('',(1.,0.,0.));
#3780=DIRECTION('',(-1.,0.,0.));
#3781=DIRECTION('',(0.,0.,1.));
#3782=DIRECTION('center_axis',(1.,0.,0.));
#3783=DIRECTION('ref_axis',(0.,1.,0.));
#3784=DIRECTION('',(0.,-1.,0.));
#3785=DIRECTION('',(0.,1.,0.));
#3786=DIRECTION('',(0.,0.,1.));
#3787=DIRECTION('center_axis',(0.,0.,1.));
#3788=DIRECTION('ref_axis',(-0.999735193296075,-0.0230118075183248,0.));
#3789=DIRECTION('center_axis',(0.,0.,1.));
#3790=DIRECTION('ref_axis',(-0.999735193296075,-0.0230118075183248,0.));
#3791=DIRECTION('center_axis',(0.,0.,-1.));
#3792=DIRECTION('ref_axis',(-0.999735193296075,-0.0230118075183248,0.));
#3793=DIRECTION('',(0.,0.,1.));
#3794=DIRECTION('center_axis',(-0.00117508732031087,0.999999309584657,0.));
#3795=DIRECTION('ref_axis',(-0.999999309584656,-0.00117508732031087,0.));
#3796=DIRECTION('',(0.999999309584656,0.00117508732031087,0.));
#3797=DIRECTION('',(-0.999999309584656,-0.00117508732031087,0.));
#3798=DIRECTION('',(0.,0.,1.));
#3799=DIRECTION('center_axis',(0.,0.,1.));
#3800=DIRECTION('ref_axis',(1.,0.,0.));
#3801=DIRECTION('center_axis',(0.,0.,1.));
#3802=DIRECTION('ref_axis',(1.,0.,0.));
#3803=DIRECTION('center_axis',(0.,0.,1.));
#3804=DIRECTION('ref_axis',(1.,0.,0.));
#3805=DIRECTION('',(0.,0.,1.));
#3806=DIRECTION('center_axis',(1.,0.,0.));
#3807=DIRECTION('ref_axis',(0.,1.,0.));
#3808=DIRECTION('',(0.,-1.,0.));
#3809=DIRECTION('',(0.,1.,0.));
#3810=DIRECTION('',(0.,0.,1.));
#3811=DIRECTION('center_axis',(-2.77555756156289E-17,-1.,0.));
#3812=DIRECTION('ref_axis',(1.,-2.77555756156289E-17,0.));
#3813=DIRECTION('',(-1.,2.77555756156289E-17,0.));
#3814=DIRECTION('',(1.,-2.77555756156289E-17,0.));
#3815=DIRECTION('',(0.,0.,1.));
#3816=DIRECTION('center_axis',(-1.,0.,0.));
#3817=DIRECTION('ref_axis',(0.,-1.,0.));
#3818=DIRECTION('',(0.,1.,0.));
#3819=DIRECTION('',(0.,-1.,0.));
#3820=DIRECTION('',(0.,0.,1.));
#3821=DIRECTION('center_axis',(0.,0.,1.));
#3822=DIRECTION('ref_axis',(1.,0.,0.));
#3823=DIRECTION('center_axis',(0.,0.,1.));
#3824=DIRECTION('ref_axis',(1.,0.,0.));
#3825=DIRECTION('center_axis',(0.,0.,-1.));
#3826=DIRECTION('ref_axis',(1.,0.,0.));
#3827=DIRECTION('',(0.,0.,1.));
#3828=DIRECTION('center_axis',(0.,-1.,0.));
#3829=DIRECTION('ref_axis',(1.,0.,0.));
#3830=DIRECTION('',(-1.,0.,0.));
#3831=DIRECTION('',(1.,0.,0.));
#3832=DIRECTION('',(0.,0.,1.));
#3833=DIRECTION('center_axis',(0.,0.,1.));
#3834=DIRECTION('ref_axis',(-1.,0.,0.));
#3835=DIRECTION('center_axis',(0.,0.,1.));
#3836=DIRECTION('ref_axis',(-1.,0.,0.));
#3837=DIRECTION('center_axis',(0.,0.,1.));
#3838=DIRECTION('ref_axis',(-1.,0.,0.));
#3839=DIRECTION('center_axis',(0.,0.,1.));
#3840=DIRECTION('ref_axis',(1.,0.,0.));
#3841=DIRECTION('center_axis',(0.,0.,1.));
#3842=DIRECTION('ref_axis',(1.,0.,0.));
#3843=DIRECTION('axis',(0.,0.,1.));
#3844=DIRECTION('refdir',(1.,0.,0.));
#3845=DIRECTION('axis',(0.,0.,1.));
#3846=DIRECTION('refdir',(1.,0.,0.));
#3847=DIRECTION('axis',(0.,0.,1.));
#3848=DIRECTION('refdir',(1.,0.,0.));
#3849=DIRECTION('center_axis',(1.,0.,0.));
#3850=DIRECTION('ref_axis',(0.,0.,1.));
#3851=DIRECTION('',(0.,0.,1.));
#3852=DIRECTION('',(0.,1.,0.));
#3853=DIRECTION('',(0.,0.,1.));
#3854=DIRECTION('',(0.,1.,0.));
#3855=DIRECTION('center_axis',(0.,1.,0.));
#3856=DIRECTION('ref_axis',(0.,0.,1.));
#3857=DIRECTION('',(1.,0.,0.));
#3858=DIRECTION('',(0.,0.,1.));
#3859=DIRECTION('',(1.,0.,0.));
#3860=DIRECTION('center_axis',(0.,0.,1.));
#3861=DIRECTION('ref_axis',(1.,0.,0.));
#3862=DIRECTION('',(0.,1.,0.));
#3863=DIRECTION('',(1.,0.,0.));
#3864=DIRECTION('center_axis',(0.,1.,0.));
#3865=DIRECTION('ref_axis',(0.,0.,1.));
#3866=DIRECTION('',(1.,0.,0.));
#3867=DIRECTION('',(0.,0.,1.));
#3868=DIRECTION('center_axis',(0.,0.,1.));
#3869=DIRECTION('ref_axis',(1.,0.,0.));
#3870=DIRECTION('',(0.,1.,0.));
#3871=DIRECTION('center_axis',(1.,0.,0.));
#3872=DIRECTION('ref_axis',(0.,0.,1.));
#3873=DIRECTION('axis',(0.,0.,1.));
#3874=DIRECTION('refdir',(1.,0.,0.));
#3875=DIRECTION('center_axis',(1.,0.,0.));
#3876=DIRECTION('ref_axis',(0.,0.,1.));
#3877=DIRECTION('',(0.,0.,1.));
#3878=DIRECTION('',(0.,1.,0.));
#3879=DIRECTION('',(0.,0.,1.));
#3880=DIRECTION('',(0.,1.,0.));
#3881=DIRECTION('center_axis',(0.,1.,0.));
#3882=DIRECTION('ref_axis',(0.,0.,1.));
#3883=DIRECTION('',(1.,0.,0.));
#3884=DIRECTION('',(1.,0.,0.));
#3885=DIRECTION('',(0.,0.,1.));
#3886=DIRECTION('center_axis',(0.,0.,1.));
#3887=DIRECTION('ref_axis',(1.,0.,0.));
#3888=DIRECTION('',(1.,0.,0.));
#3889=DIRECTION('',(0.,-1.,0.));
#3890=DIRECTION('center_axis',(0.,1.,0.));
#3891=DIRECTION('ref_axis',(0.,0.,1.));
#3892=DIRECTION('',(1.,0.,0.));
#3893=DIRECTION('',(0.,0.,1.));
#3894=DIRECTION('center_axis',(0.,0.,1.));
#3895=DIRECTION('ref_axis',(1.,0.,0.));
#3896=DIRECTION('',(0.,1.,0.));
#3897=DIRECTION('center_axis',(0.,1.,0.));
#3898=DIRECTION('ref_axis',(0.,0.,1.));
#3899=DIRECTION('',(1.,0.,0.));
#3900=DIRECTION('',(1.,0.,0.));
#3901=DIRECTION('',(0.,0.,1.));
#3902=DIRECTION('center_axis',(1.,0.,0.));
#3903=DIRECTION('ref_axis',(0.,0.,1.));
#3904=DIRECTION('',(0.,0.,1.));
#3905=DIRECTION('',(0.,0.,1.));
#3906=DIRECTION('',(0.,-1.,0.));
#3907=DIRECTION('',(0.,-1.,0.));
#3908=DIRECTION('',(0.,-1.,0.));
#3909=DIRECTION('center_axis',(0.,1.,0.));
#3910=DIRECTION('ref_axis',(0.,0.,1.));
#3911=DIRECTION('',(1.,0.,0.));
#3912=DIRECTION('',(0.,0.,1.));
#3913=DIRECTION('',(1.,0.,0.));
#3914=DIRECTION('center_axis',(0.,0.,1.));
#3915=DIRECTION('ref_axis',(1.,0.,0.));
#3916=DIRECTION('',(0.,1.,0.));
#3917=DIRECTION('center_axis',(0.,1.,0.));
#3918=DIRECTION('ref_axis',(0.,0.,1.));
#3919=DIRECTION('',(1.,0.,0.));
#3920=DIRECTION('',(0.,0.,1.));
#3921=DIRECTION('center_axis',(1.,0.,0.));
#3922=DIRECTION('ref_axis',(0.,0.,1.));
#3923=DIRECTION('',(0.,1.,0.));
#3924=DIRECTION('center_axis',(0.,0.,1.));
#3925=DIRECTION('ref_axis',(1.,0.,0.));
#3926=DIRECTION('',(1.,0.,0.));
#3927=DIRECTION('',(0.,1.,0.));
#3928=DIRECTION('',(1.,0.,0.));
#3929=DIRECTION('center_axis',(0.,0.,1.));
#3930=DIRECTION('ref_axis',(1.,0.,0.));
#3931=DIRECTION('',(1.,0.,0.));
#3932=DIRECTION('',(0.,1.,0.));
#3933=DIRECTION('center_axis',(0.,0.,1.));
#3934=DIRECTION('ref_axis',(1.,0.,0.));
#3935=DIRECTION('',(1.,0.,0.));
#3936=DIRECTION('',(0.,1.,0.));
#3937=DIRECTION('center_axis',(0.,1.,0.));
#3938=DIRECTION('ref_axis',(0.,0.,1.));
#3939=DIRECTION('',(0.,0.,1.));
#3940=DIRECTION('',(1.,0.,0.));
#3941=DIRECTION('center_axis',(0.,1.,0.));
#3942=DIRECTION('ref_axis',(0.,0.,1.));
#3943=DIRECTION('',(0.,0.,1.));
#3944=DIRECTION('',(1.,0.,0.));
#3945=DIRECTION('',(0.,0.,1.));
#3946=DIRECTION('center_axis',(1.,0.,0.));
#3947=DIRECTION('ref_axis',(0.,0.,1.));
#3948=DIRECTION('',(0.,1.,0.));
#3949=DIRECTION('',(0.,1.,0.));
#3950=DIRECTION('',(0.,1.,0.));
#3951=DIRECTION('center_axis',(1.,0.,0.));
#3952=DIRECTION('ref_axis',(0.,0.,1.));
#3953=DIRECTION('',(0.,1.,0.));
#3954=DIRECTION('',(0.,0.,1.));
#3955=DIRECTION('',(0.,0.,-1.));
#3956=DIRECTION('center_axis',(0.,1.,0.));
#3957=DIRECTION('ref_axis',(0.,0.,1.));
#3958=DIRECTION('',(1.,0.,0.));
#3959=DIRECTION('center_axis',(0.,0.,1.));
#3960=DIRECTION('ref_axis',(1.,0.,0.));
#3961=DIRECTION('',(1.,0.,0.));
#3962=DIRECTION('',(0.,1.,0.));
#3963=DIRECTION('',(1.,0.,0.));
#3964=DIRECTION('center_axis',(0.,1.,0.));
#3965=DIRECTION('ref_axis',(0.,0.,1.));
#3966=DIRECTION('',(0.,0.,1.));
#3967=DIRECTION('',(1.,0.,0.));
#3968=DIRECTION('',(0.,0.,1.));
#3969=DIRECTION('center_axis',(1.,0.,0.));
#3970=DIRECTION('ref_axis',(0.,0.,1.));
#3971=DIRECTION('',(0.,1.,0.));
#3972=DIRECTION('',(0.,0.,-1.));
#3973=DIRECTION('center_axis',(0.,1.,0.));
#3974=DIRECTION('ref_axis',(0.,0.,1.));
#3975=DIRECTION('',(0.,0.,1.));
#3976=DIRECTION('',(1.,0.,0.));
#3977=DIRECTION('center_axis',(0.,0.,1.));
#3978=DIRECTION('ref_axis',(1.,0.,0.));
#3979=DIRECTION('',(0.,1.,0.));
#3980=DIRECTION('',(0.,1.,0.));
#3981=DIRECTION('',(1.,0.,0.));
#3982=DIRECTION('center_axis',(1.,0.,0.));
#3983=DIRECTION('ref_axis',(0.,0.,1.));
#3984=DIRECTION('',(0.,0.,1.));
#3985=DIRECTION('center_axis',(1.,0.,0.));
#3986=DIRECTION('ref_axis',(0.,0.,1.));
#3987=DIRECTION('',(0.,1.,0.));
#3988=DIRECTION('',(0.,0.,1.));
#3989=DIRECTION('center_axis',(1.,0.,0.));
#3990=DIRECTION('ref_axis',(0.,0.,1.));
#3991=DIRECTION('',(0.,1.,0.));
#3992=DIRECTION('center_axis',(0.,0.,1.));
#3993=DIRECTION('ref_axis',(1.,0.,0.));
#3994=DIRECTION('',(1.,0.,0.));
#3995=DIRECTION('center_axis',(0.,1.,0.));
#3996=DIRECTION('ref_axis',(0.,0.,1.));
#3997=DIRECTION('',(0.,0.,1.));
#3998=DIRECTION('',(1.,0.,0.));
#3999=DIRECTION('center_axis',(0.,1.,0.));
#4000=DIRECTION('ref_axis',(0.,0.,1.));
#4001=DIRECTION('',(1.,0.,0.));
#4002=DIRECTION('',(0.,0.,1.));
#4003=DIRECTION('center_axis',(1.,0.,0.));
#4004=DIRECTION('ref_axis',(0.,0.,1.));
#4005=DIRECTION('',(0.,1.,0.));
#4006=DIRECTION('center_axis',(0.,0.,1.));
#4007=DIRECTION('ref_axis',(1.,0.,0.));
#4008=DIRECTION('',(0.,1.,0.));
#4009=DIRECTION('',(1.,0.,0.));
#4010=DIRECTION('center_axis',(0.,0.,1.));
#4011=DIRECTION('ref_axis',(1.,0.,0.));
#4012=DIRECTION('',(1.,0.,0.));
#4013=DIRECTION('center_axis',(0.,0.,1.));
#4014=DIRECTION('ref_axis',(1.,0.,0.));
#4015=DIRECTION('',(0.,1.,0.));
#4016=DIRECTION('center_axis',(0.,0.,1.));
#4017=DIRECTION('ref_axis',(1.,0.,0.));
#4018=DIRECTION('',(0.,1.,0.));
#4019=DIRECTION('center_axis',(0.,0.,1.));
#4020=DIRECTION('ref_axis',(1.,0.,0.));
#4021=DIRECTION('center_axis',(1.,0.,0.));
#4022=DIRECTION('ref_axis',(0.,0.,1.));
#4023=DIRECTION('',(0.,0.,1.));
#4024=DIRECTION('',(0.,1.,0.));
#4025=DIRECTION('',(0.,0.,1.));
#4026=DIRECTION('',(0.,1.,0.));
#4027=DIRECTION('center_axis',(0.,1.,0.));
#4028=DIRECTION('ref_axis',(0.,0.,1.));
#4029=DIRECTION('',(1.,0.,0.));
#4030=DIRECTION('',(0.,0.,1.));
#4031=DIRECTION('',(1.,0.,0.));
#4032=DIRECTION('center_axis',(0.,0.,1.));
#4033=DIRECTION('ref_axis',(1.,0.,0.));
#4034=DIRECTION('',(1.,0.,0.));
#4035=DIRECTION('',(0.,-1.,0.));
#4036=DIRECTION('center_axis',(0.,1.,0.));
#4037=DIRECTION('ref_axis',(0.,0.,1.));
#4038=DIRECTION('',(1.,0.,0.));
#4039=DIRECTION('',(0.,0.,1.));
#4040=DIRECTION('center_axis',(0.,0.,1.));
#4041=DIRECTION('ref_axis',(1.,0.,0.));
#4042=DIRECTION('',(0.,1.,0.));
#4043=DIRECTION('center_axis',(0.,1.,0.));
#4044=DIRECTION('ref_axis',(0.,0.,1.));
#4045=DIRECTION('',(1.,0.,0.));
#4046=DIRECTION('',(0.,0.,1.));
#4047=DIRECTION('',(1.,0.,0.));
#4048=DIRECTION('center_axis',(1.,0.,0.));
#4049=DIRECTION('ref_axis',(0.,0.,1.));
#4050=DIRECTION('',(0.,0.,1.));
#4051=DIRECTION('',(0.,-1.,0.));
#4052=DIRECTION('',(0.,-1.,0.));
#4053=DIRECTION('',(0.,-1.,0.));
#4054=DIRECTION('',(0.,0.,1.));
#4055=DIRECTION('center_axis',(0.,1.,0.));
#4056=DIRECTION('ref_axis',(0.,0.,1.));
#4057=DIRECTION('',(1.,0.,0.));
#4058=DIRECTION('',(1.,0.,0.));
#4059=DIRECTION('',(0.,0.,1.));
#4060=DIRECTION('center_axis',(0.,0.,1.));
#4061=DIRECTION('ref_axis',(1.,0.,0.));
#4062=DIRECTION('',(0.,1.,0.));
#4063=DIRECTION('center_axis',(1.,0.,0.));
#4064=DIRECTION('ref_axis',(0.,0.,1.));
#4065=DIRECTION('',(0.,1.,0.));
#4066=DIRECTION('center_axis',(0.,1.,0.));
#4067=DIRECTION('ref_axis',(0.,0.,1.));
#4068=DIRECTION('',(0.,0.,1.));
#4069=DIRECTION('',(1.,0.,0.));
#4070=DIRECTION('center_axis',(0.,0.,1.));
#4071=DIRECTION('ref_axis',(1.,0.,0.));
#4072=DIRECTION('',(0.,1.,0.));
#4073=DIRECTION('',(1.,0.,0.));
#4074=DIRECTION('',(1.,0.,0.));
#4075=DIRECTION('center_axis',(0.,0.,1.));
#4076=DIRECTION('ref_axis',(1.,0.,0.));
#4077=DIRECTION('',(0.,1.,0.));
#4078=DIRECTION('',(1.,0.,0.));
#4079=DIRECTION('center_axis',(0.,0.,1.));
#4080=DIRECTION('ref_axis',(1.,0.,0.));
#4081=DIRECTION('',(0.,1.,0.));
#4082=DIRECTION('',(1.,0.,0.));
#4083=DIRECTION('center_axis',(0.,1.,0.));
#4084=DIRECTION('ref_axis',(0.,0.,1.));
#4085=DIRECTION('',(1.,0.,0.));
#4086=DIRECTION('',(0.,0.,1.));
#4087=DIRECTION('center_axis',(1.,0.,0.));
#4088=DIRECTION('ref_axis',(0.,0.,1.));
#4089=DIRECTION('',(0.,1.,0.));
#4090=DIRECTION('',(0.,1.,0.));
#4091=DIRECTION('',(0.,1.,0.));
#4092=DIRECTION('center_axis',(0.,1.,0.));
#4093=DIRECTION('ref_axis',(0.,0.,1.));
#4094=DIRECTION('',(0.,0.,1.));
#4095=DIRECTION('',(1.,0.,0.));
#4096=DIRECTION('',(0.,0.,1.));
#4097=DIRECTION('center_axis',(1.,0.,0.));
#4098=DIRECTION('ref_axis',(0.,0.,1.));
#4099=DIRECTION('',(0.,1.,0.));
#4100=DIRECTION('',(0.,0.,-1.));
#4101=DIRECTION('',(0.,0.,1.));
#4102=DIRECTION('center_axis',(0.,1.,0.));
#4103=DIRECTION('ref_axis',(0.,0.,1.));
#4104=DIRECTION('',(1.,0.,0.));
#4105=DIRECTION('center_axis',(0.,0.,1.));
#4106=DIRECTION('ref_axis',(1.,0.,0.));
#4107=DIRECTION('',(1.,0.,0.));
#4108=DIRECTION('',(1.,0.,0.));
#4109=DIRECTION('',(0.,1.,0.));
#4110=DIRECTION('center_axis',(1.,0.,0.));
#4111=DIRECTION('ref_axis',(0.,0.,1.));
#4112=DIRECTION('',(0.,1.,0.));
#4113=DIRECTION('',(0.,0.,1.));
#4114=DIRECTION('',(0.,0.,-1.));
#4115=DIRECTION('center_axis',(0.,1.,0.));
#4116=DIRECTION('ref_axis',(0.,0.,1.));
#4117=DIRECTION('',(1.,0.,0.));
#4118=DIRECTION('',(0.,0.,1.));
#4119=DIRECTION('center_axis',(0.,1.,0.));
#4120=DIRECTION('ref_axis',(0.,0.,1.));
#4121=DIRECTION('',(1.,0.,0.));
#4122=DIRECTION('',(0.,0.,1.));
#4123=DIRECTION('center_axis',(1.,0.,0.));
#4124=DIRECTION('ref_axis',(0.,0.,1.));
#4125=DIRECTION('',(0.,0.,1.));
#4126=DIRECTION('',(0.,1.,0.));
#4127=DIRECTION('center_axis',(1.,0.,0.));
#4128=DIRECTION('ref_axis',(0.,0.,1.));
#4129=DIRECTION('',(0.,0.,1.));
#4130=DIRECTION('',(0.,1.,0.));
#4131=DIRECTION('center_axis',(1.,0.,0.));
#4132=DIRECTION('ref_axis',(0.,0.,1.));
#4133=DIRECTION('',(0.,1.,0.));
#4134=DIRECTION('center_axis',(0.,0.,1.));
#4135=DIRECTION('ref_axis',(1.,0.,0.));
#4136=DIRECTION('',(0.,1.,0.));
#4137=DIRECTION('',(1.,0.,0.));
#4138=DIRECTION('center_axis',(0.,0.,1.));
#4139=DIRECTION('ref_axis',(1.,0.,0.));
#4140=DIRECTION('',(1.,0.,0.));
#4141=DIRECTION('center_axis',(0.,1.,0.));
#4142=DIRECTION('ref_axis',(0.,0.,1.));
#4143=DIRECTION('',(1.,0.,0.));
#4144=DIRECTION('',(0.,0.,1.));
#4145=DIRECTION('center_axis',(0.,1.,0.));
#4146=DIRECTION('ref_axis',(0.,0.,1.));
#4147=DIRECTION('',(0.,0.,1.));
#4148=DIRECTION('',(1.,0.,0.));
#4149=DIRECTION('center_axis',(1.,0.,0.));
#4150=DIRECTION('ref_axis',(0.,0.,1.));
#4151=DIRECTION('',(0.,1.,0.));
#4152=DIRECTION('center_axis',(0.,0.,1.));
#4153=DIRECTION('ref_axis',(1.,0.,0.));
#4154=DIRECTION('',(1.,0.,0.));
#4155=DIRECTION('',(0.,1.,0.));
#4156=DIRECTION('center_axis',(0.,0.,1.));
#4157=DIRECTION('ref_axis',(1.,0.,0.));
#4158=DIRECTION('',(1.,0.,0.));
#4159=DIRECTION('center_axis',(0.,0.,1.));
#4160=DIRECTION('ref_axis',(1.,0.,0.));
#4161=DIRECTION('',(0.,1.,0.));
#4162=DIRECTION('center_axis',(0.,0.,1.));
#4163=DIRECTION('ref_axis',(1.,0.,0.));
#4164=DIRECTION('',(0.,1.,0.));
#4165=DIRECTION('center_axis',(0.,0.,1.));
#4166=DIRECTION('ref_axis',(1.,0.,0.));
#4167=DIRECTION('axis',(0.,0.,1.));
#4168=DIRECTION('refdir',(1.,0.,0.));
#4169=DIRECTION('center_axis',(1.,0.,0.));
#4170=DIRECTION('ref_axis',(0.,0.,1.));
#4171=DIRECTION('',(0.,0.,1.));
#4172=DIRECTION('',(0.,1.,0.));
#4173=DIRECTION('',(0.,0.,1.));
#4174=DIRECTION('',(0.,1.,0.));
#4175=DIRECTION('center_axis',(0.,1.,0.));
#4176=DIRECTION('ref_axis',(0.,0.,1.));
#4177=DIRECTION('',(1.,0.,0.));
#4178=DIRECTION('',(0.,0.,1.));
#4179=DIRECTION('',(1.,0.,0.));
#4180=DIRECTION('center_axis',(0.,0.,1.));
#4181=DIRECTION('ref_axis',(1.,0.,0.));
#4182=DIRECTION('',(0.,1.,0.));
#4183=DIRECTION('',(1.,0.,0.));
#4184=DIRECTION('center_axis',(0.,1.,0.));
#4185=DIRECTION('ref_axis',(0.,0.,1.));
#4186=DIRECTION('',(1.,0.,0.));
#4187=DIRECTION('',(0.,0.,1.));
#4188=DIRECTION('center_axis',(0.,0.,1.));
#4189=DIRECTION('ref_axis',(1.,0.,0.));
#4190=DIRECTION('',(0.,1.,0.));
#4191=DIRECTION('center_axis',(1.,0.,0.));
#4192=DIRECTION('ref_axis',(0.,0.,1.));
#4193=DIRECTION('',(0.,0.,1.));
#4194=DIRECTION('',(1.,0.,0.));
#4195=DIRECTION('',(0.,0.,1.));
#4196=DIRECTION('',(1.,0.,0.));
#4197=DIRECTION('',(0.,0.,1.));
#4198=DIRECTION('',(1.,0.,0.));
#4199=DIRECTION('',(0.,0.,1.));
#4200=DIRECTION('',(1.,0.,0.));
#4201=DIRECTION('',(3.67394039744206E-16,0.,-1.));
#4202=DIRECTION('',(-3.06161699786838E-16,1.,-1.12481983699639E-31));
#4203=DIRECTION('',(0.,0.,1.));
#4204=DIRECTION('',(-4.28626379701574E-16,-1.,0.));
#4205=DIRECTION('',(3.67394039744206E-16,0.,-1.));
#4206=DIRECTION('',(-3.06161699786838E-16,1.,-1.12481983699639E-31));
#4207=DIRECTION('',(3.67394039744206E-16,0.,-1.));
#4208=DIRECTION('',(-3.06161699786838E-16,1.,-1.12481983699639E-31));
#4209=DIRECTION('center_axis',(-5.55111512312578E-16,-1.,0.));
#4210=DIRECTION('ref_axis',(0.,0.,-1.));
#4211=DIRECTION('',(-1.,4.53152249480698E-16,0.));
#4212=DIRECTION('',(0.,0.,-1.));
#4213=DIRECTION('',(1.,-4.53152249480698E-16,0.));
#4214=DIRECTION('',(0.,0.,1.));
#4215=DIRECTION('center_axis',(1.,-1.11022301915681E-15,0.));
#4216=DIRECTION('ref_axis',(-1.11022301915681E-15,-1.,0.));
#4217=DIRECTION('',(1.11022301915681E-15,1.,0.));
#4218=DIRECTION('',(-1.11022301915681E-15,-1.,0.));
#4219=DIRECTION('',(0.,0.,-1.));
#4220=DIRECTION('center_axis',(-5.46834533802292E-24,1.,0.));
#4221=DIRECTION('ref_axis',(1.,5.46834533802292E-24,0.));
#4222=DIRECTION('',(1.,5.46834533802292E-24,0.));
#4223=DIRECTION('',(1.,5.46834533802292E-24,0.));
#4224=DIRECTION('',(0.,0.,-1.));
#4225=DIRECTION('center_axis',(-1.,6.93889384922378E-16,0.));
#4226=DIRECTION('ref_axis',(6.93889384922378E-16,1.,0.));
#4227=DIRECTION('',(-6.93889384922378E-16,-1.,0.));
#4228=DIRECTION('',(-5.55111512312578E-16,-1.,0.));
#4229=DIRECTION('center_axis',(0.,0.,1.));
#4230=DIRECTION('ref_axis',(-1.,-5.46834533802292E-24,0.));
#4231=DIRECTION('center_axis',(0.,0.,-1.));
#4232=DIRECTION('ref_axis',(-1.,0.,0.));
#4233=DIRECTION('center_axis',(0.,1.,0.));
#4234=DIRECTION('ref_axis',(0.,0.,1.));
#4235=DIRECTION('',(-1.,-5.46834533802292E-24,0.));
#4236=DIRECTION('',(0.,0.,1.));
#4237=DIRECTION('',(1.,5.46834533802292E-24,0.));
#4238=DIRECTION('',(0.,0.,-1.));
#4239=DIRECTION('center_axis',(1.,5.46834533802292E-24,0.));
#4240=DIRECTION('ref_axis',(-5.46834533802292E-24,1.,0.));
#4241=DIRECTION('',(-5.46834533802292E-24,1.,0.));
#4242=DIRECTION('',(-5.46834533802292E-24,1.,0.));
#4243=DIRECTION('',(0.,0.,1.));
#4244=DIRECTION('center_axis',(5.46834533802292E-24,-1.,0.));
#4245=DIRECTION('ref_axis',(1.,5.46834533802292E-24,0.));
#4246=DIRECTION('',(1.,5.46834533802292E-24,0.));
#4247=DIRECTION('',(1.,5.46834533802292E-24,0.));
#4248=DIRECTION('',(0.,0.,1.));
#4249=DIRECTION('center_axis',(-1.,-5.46834533802292E-24,0.));
#4250=DIRECTION('ref_axis',(5.46834533802292E-24,-1.,0.));
#4251=DIRECTION('',(5.46834533802292E-24,-1.,0.));
#4252=DIRECTION('',(0.,1.,0.));
#4253=DIRECTION('center_axis',(0.,0.,1.));
#4254=DIRECTION('ref_axis',(1.,0.,0.));
#4255=DIRECTION('center_axis',(0.,0.,1.));
#4256=DIRECTION('ref_axis',(-1.,-5.46834533802292E-24,0.));
#4257=DIRECTION('',(0.,0.,1.));
#4258=DIRECTION('',(1.,0.,0.));
#4259=CARTESIAN_POINT('',(0.,0.,0.));
#4260=CARTESIAN_POINT('',(0.,0.,0.));
#4261=CARTESIAN_POINT('',(0.,0.,0.));
#4262=CARTESIAN_POINT('Origin',(14.14,11.45,0.));
#4263=CARTESIAN_POINT('',(14.04,11.45,0.));
#4264=CARTESIAN_POINT('Origin',(14.14,11.45,0.));
#4265=CARTESIAN_POINT('',(14.04,11.45,0.049));
#4266=CARTESIAN_POINT('',(14.04,11.45,0.));
#4267=CARTESIAN_POINT('Origin',(14.14,11.45,0.049));
#4268=CARTESIAN_POINT('Origin',(18.75,11.43,0.));
#4269=CARTESIAN_POINT('',(18.65,11.43,0.));
#4270=CARTESIAN_POINT('Origin',(18.75,11.43,0.));
#4271=CARTESIAN_POINT('',(18.65,11.43,0.049));
#4272=CARTESIAN_POINT('',(18.65,11.43,0.));
#4273=CARTESIAN_POINT('Origin',(18.75,11.43,0.049));
#4274=CARTESIAN_POINT('Origin',(23.05,11.43,0.));
#4275=CARTESIAN_POINT('',(22.95,11.43,0.));
#4276=CARTESIAN_POINT('Origin',(23.05,11.43,0.));
#4277=CARTESIAN_POINT('',(22.95,11.43,0.049));
#4278=CARTESIAN_POINT('',(22.95,11.43,0.));
#4279=CARTESIAN_POINT('Origin',(23.05,11.43,0.049));
#4280=CARTESIAN_POINT('Origin',(27.16,11.47,0.));
#4281=CARTESIAN_POINT('',(27.06,11.47,0.));
#4282=CARTESIAN_POINT('Origin',(27.16,11.47,0.));
#4283=CARTESIAN_POINT('',(27.06,11.47,0.049));
#4284=CARTESIAN_POINT('',(27.06,11.47,0.));
#4285=CARTESIAN_POINT('Origin',(27.16,11.47,0.049));
#4286=CARTESIAN_POINT('Origin',(31.87,10.67,0.));
#4287=CARTESIAN_POINT('',(31.77,10.67,0.));
#4288=CARTESIAN_POINT('Origin',(31.87,10.67,0.));
#4289=CARTESIAN_POINT('',(31.77,10.67,0.049));
#4290=CARTESIAN_POINT('',(31.77,10.67,0.));
#4291=CARTESIAN_POINT('Origin',(31.87,10.67,0.049));
#4292=CARTESIAN_POINT('Origin',(33.23,18.26,0.));
#4293=CARTESIAN_POINT('',(33.13,18.26,0.));
#4294=CARTESIAN_POINT('Origin',(33.23,18.26,0.));
#4295=CARTESIAN_POINT('',(33.13,18.26,0.049));
#4296=CARTESIAN_POINT('',(33.13,18.26,0.));
#4297=CARTESIAN_POINT('Origin',(33.23,18.26,0.049));
#4298=CARTESIAN_POINT('Origin',(29.73,18.56,0.));
#4299=CARTESIAN_POINT('',(29.63,18.56,0.));
#4300=CARTESIAN_POINT('Origin',(29.73,18.56,0.));
#4301=CARTESIAN_POINT('',(29.63,18.56,0.049));
#4302=CARTESIAN_POINT('',(29.63,18.56,0.));
#4303=CARTESIAN_POINT('Origin',(29.73,18.56,0.049));
#4304=CARTESIAN_POINT('Origin',(25.93,18.56,0.));
#4305=CARTESIAN_POINT('',(25.83,18.56,0.));
#4306=CARTESIAN_POINT('Origin',(25.93,18.56,0.));
#4307=CARTESIAN_POINT('',(25.83,18.56,0.049));
#4308=CARTESIAN_POINT('',(25.83,18.56,0.));
#4309=CARTESIAN_POINT('Origin',(25.93,18.56,0.049));
#4310=CARTESIAN_POINT('Origin',(22.23,18.56,0.));
#4311=CARTESIAN_POINT('',(22.13,18.56,0.));
#4312=CARTESIAN_POINT('Origin',(22.23,18.56,0.));
#4313=CARTESIAN_POINT('',(22.13,18.56,0.049));
#4314=CARTESIAN_POINT('',(22.13,18.56,0.));
#4315=CARTESIAN_POINT('Origin',(22.23,18.56,0.049));
#4316=CARTESIAN_POINT('Origin',(19.63,18.56,0.));
#4317=CARTESIAN_POINT('',(19.53,18.56,0.));
#4318=CARTESIAN_POINT('Origin',(19.63,18.56,0.));
#4319=CARTESIAN_POINT('',(19.53,18.56,0.049));
#4320=CARTESIAN_POINT('',(19.53,18.56,0.));
#4321=CARTESIAN_POINT('Origin',(19.63,18.56,0.049));
#4322=CARTESIAN_POINT('Origin',(16.73,18.56,0.));
#4323=CARTESIAN_POINT('',(16.63,18.56,0.));
#4324=CARTESIAN_POINT('Origin',(16.73,18.56,0.));
#4325=CARTESIAN_POINT('',(16.63,18.56,0.049));
#4326=CARTESIAN_POINT('',(16.63,18.56,0.));
#4327=CARTESIAN_POINT('Origin',(16.73,18.56,0.049));
#4328=CARTESIAN_POINT('Origin',(12.48,18.56,0.));
#4329=CARTESIAN_POINT('',(12.38,18.56,0.));
#4330=CARTESIAN_POINT('Origin',(12.48,18.56,0.));
#4331=CARTESIAN_POINT('',(12.38,18.56,0.049));
#4332=CARTESIAN_POINT('',(12.38,18.56,0.));
#4333=CARTESIAN_POINT('Origin',(12.48,18.56,0.049));
#4334=CARTESIAN_POINT('Origin',(35.86,17.07,0.));
#4335=CARTESIAN_POINT('',(35.76,17.07,0.));
#4336=CARTESIAN_POINT('Origin',(35.86,17.07,0.));
#4337=CARTESIAN_POINT('',(35.76,17.07,0.049));
#4338=CARTESIAN_POINT('',(35.76,17.07,0.));
#4339=CARTESIAN_POINT('Origin',(35.86,17.07,0.049));
#4340=CARTESIAN_POINT('Origin',(37.04,16.04,0.));
#4341=CARTESIAN_POINT('',(36.94,16.04,0.));
#4342=CARTESIAN_POINT('Origin',(37.04,16.04,0.));
#4343=CARTESIAN_POINT('',(36.94,16.04,0.049));
#4344=CARTESIAN_POINT('',(36.94,16.04,0.));
#4345=CARTESIAN_POINT('Origin',(37.04,16.04,0.049));
#4346=CARTESIAN_POINT('Origin',(38.47,13.58,0.));
#4347=CARTESIAN_POINT('',(38.37,13.58,0.));
#4348=CARTESIAN_POINT('Origin',(38.47,13.58,0.));
#4349=CARTESIAN_POINT('',(38.37,13.58,0.049));
#4350=CARTESIAN_POINT('',(38.37,13.58,0.));
#4351=CARTESIAN_POINT('Origin',(38.47,13.58,0.049));
#4352=CARTESIAN_POINT('Origin',(39.,10.84,0.));
#4353=CARTESIAN_POINT('',(38.9,10.84,0.));
#4354=CARTESIAN_POINT('Origin',(39.,10.84,0.));
#4355=CARTESIAN_POINT('',(38.9,10.84,0.049));
#4356=CARTESIAN_POINT('',(38.9,10.84,0.));
#4357=CARTESIAN_POINT('Origin',(39.,10.84,0.049));
#4358=CARTESIAN_POINT('Origin',(10.79,24.46,0.));
#4359=CARTESIAN_POINT('',(10.69,24.46,0.));
#4360=CARTESIAN_POINT('Origin',(10.79,24.46,0.));
#4361=CARTESIAN_POINT('',(10.69,24.46,0.049));
#4362=CARTESIAN_POINT('',(10.69,24.46,0.));
#4363=CARTESIAN_POINT('Origin',(10.79,24.46,0.049));
#4364=CARTESIAN_POINT('Origin',(37.71,7.7,0.));
#4365=CARTESIAN_POINT('',(37.61,7.7,0.));
#4366=CARTESIAN_POINT('Origin',(37.71,7.7,0.));
#4367=CARTESIAN_POINT('',(37.61,7.7,0.049));
#4368=CARTESIAN_POINT('',(37.61,7.7,0.));
#4369=CARTESIAN_POINT('Origin',(37.71,7.7,0.049));
#4370=CARTESIAN_POINT('Origin',(9.77,26.49,0.));
#4371=CARTESIAN_POINT('',(9.67,26.49,0.));
#4372=CARTESIAN_POINT('Origin',(9.77,26.49,0.));
#4373=CARTESIAN_POINT('',(9.67,26.49,0.049));
#4374=CARTESIAN_POINT('',(9.67,26.49,0.));
#4375=CARTESIAN_POINT('Origin',(9.77,26.49,0.049));
#4376=CARTESIAN_POINT('Origin',(3.493,25.36,0.));
#4377=CARTESIAN_POINT('',(3.393,25.36,0.));
#4378=CARTESIAN_POINT('Origin',(3.493,25.36,0.));
#4379=CARTESIAN_POINT('',(3.393,25.36,0.049));
#4380=CARTESIAN_POINT('',(3.393,25.36,0.));
#4381=CARTESIAN_POINT('Origin',(3.493,25.36,0.049));
#4382=CARTESIAN_POINT('Origin',(4.268,25.999,0.));
#4383=CARTESIAN_POINT('',(4.168,25.999,0.));
#4384=CARTESIAN_POINT('Origin',(4.268,25.999,0.));
#4385=CARTESIAN_POINT('',(4.168,25.999,0.049));
#4386=CARTESIAN_POINT('',(4.168,25.999,0.));
#4387=CARTESIAN_POINT('Origin',(4.268,25.999,0.049));
#4388=CARTESIAN_POINT('Origin',(5.28,25.95,0.));
#4389=CARTESIAN_POINT('',(5.18,25.95,0.));
#4390=CARTESIAN_POINT('Origin',(5.28,25.95,0.));
#4391=CARTESIAN_POINT('',(5.18,25.95,0.049));
#4392=CARTESIAN_POINT('',(5.18,25.95,0.));
#4393=CARTESIAN_POINT('Origin',(5.28,25.95,0.049));
#4394=CARTESIAN_POINT('Origin',(6.29,25.96,0.));
#4395=CARTESIAN_POINT('',(6.19,25.96,0.));
#4396=CARTESIAN_POINT('Origin',(6.29,25.96,0.));
#4397=CARTESIAN_POINT('',(6.19,25.96,0.049));
#4398=CARTESIAN_POINT('',(6.19,25.96,0.));
#4399=CARTESIAN_POINT('Origin',(6.29,25.96,0.049));
#4400=CARTESIAN_POINT('Origin',(7.28,25.96,0.));
#4401=CARTESIAN_POINT('',(7.18,25.96,0.));
#4402=CARTESIAN_POINT('Origin',(7.28,25.96,0.));
#4403=CARTESIAN_POINT('',(7.18,25.96,0.049));
#4404=CARTESIAN_POINT('',(7.18,25.96,0.));
#4405=CARTESIAN_POINT('Origin',(7.28,25.96,0.049));
#4406=CARTESIAN_POINT('Origin',(8.29,25.98,0.));
#4407=CARTESIAN_POINT('',(8.19,25.98,0.));
#4408=CARTESIAN_POINT('Origin',(8.29,25.98,0.));
#4409=CARTESIAN_POINT('',(8.19,25.98,0.049));
#4410=CARTESIAN_POINT('',(8.19,25.98,0.));
#4411=CARTESIAN_POINT('Origin',(8.29,25.98,0.049));
#4412=CARTESIAN_POINT('Origin',(11.52,25.87,0.));
#4413=CARTESIAN_POINT('',(11.42,25.87,0.));
#4414=CARTESIAN_POINT('Origin',(11.52,25.87,0.));
#4415=CARTESIAN_POINT('',(11.42,25.87,0.049));
#4416=CARTESIAN_POINT('',(11.42,25.87,0.));
#4417=CARTESIAN_POINT('Origin',(11.52,25.87,0.049));
#4418=CARTESIAN_POINT('Origin',(8.794,26.49,0.));
#4419=CARTESIAN_POINT('',(8.694,26.49,0.));
#4420=CARTESIAN_POINT('Origin',(8.794,26.49,0.));
#4421=CARTESIAN_POINT('',(8.694,26.49,0.049));
#4422=CARTESIAN_POINT('',(8.694,26.49,0.));
#4423=CARTESIAN_POINT('Origin',(8.794,26.49,0.049));
#4424=CARTESIAN_POINT('Origin',(7.78,26.42,0.));
#4425=CARTESIAN_POINT('',(7.68,26.42,0.));
#4426=CARTESIAN_POINT('Origin',(7.78,26.42,0.));
#4427=CARTESIAN_POINT('',(7.68,26.42,0.049));
#4428=CARTESIAN_POINT('',(7.68,26.42,0.));
#4429=CARTESIAN_POINT('Origin',(7.78,26.42,0.049));
#4430=CARTESIAN_POINT('Origin',(6.782,26.43,0.));
#4431=CARTESIAN_POINT('',(6.682,26.43,0.));
#4432=CARTESIAN_POINT('Origin',(6.782,26.43,0.));
#4433=CARTESIAN_POINT('',(6.682,26.43,0.049));
#4434=CARTESIAN_POINT('',(6.682,26.43,0.));
#4435=CARTESIAN_POINT('Origin',(6.782,26.43,0.049));
#4436=CARTESIAN_POINT('Origin',(5.786,26.43,0.));
#4437=CARTESIAN_POINT('',(5.686,26.43,0.));
#4438=CARTESIAN_POINT('Origin',(5.786,26.43,0.));
#4439=CARTESIAN_POINT('',(5.686,26.43,0.049));
#4440=CARTESIAN_POINT('',(5.686,26.43,0.));
#4441=CARTESIAN_POINT('Origin',(5.786,26.43,0.049));
#4442=CARTESIAN_POINT('Origin',(4.79,26.43,0.));
#4443=CARTESIAN_POINT('',(4.69,26.43,0.));
#4444=CARTESIAN_POINT('Origin',(4.79,26.43,0.));
#4445=CARTESIAN_POINT('',(4.69,26.43,0.049));
#4446=CARTESIAN_POINT('',(4.69,26.43,0.));
#4447=CARTESIAN_POINT('Origin',(4.79,26.43,0.049));
#4448=CARTESIAN_POINT('Origin',(4.14,25.16,0.));
#4449=CARTESIAN_POINT('',(4.04,25.16,0.));
#4450=CARTESIAN_POINT('Origin',(4.14,25.16,0.));
#4451=CARTESIAN_POINT('',(4.04,25.16,0.049));
#4452=CARTESIAN_POINT('',(4.04,25.16,0.));
#4453=CARTESIAN_POINT('Origin',(4.14,25.16,0.049));
#4454=CARTESIAN_POINT('Origin',(10.292,26.05,0.));
#4455=CARTESIAN_POINT('',(10.192,26.05,0.));
#4456=CARTESIAN_POINT('Origin',(10.292,26.05,0.));
#4457=CARTESIAN_POINT('',(10.192,26.05,0.049));
#4458=CARTESIAN_POINT('',(10.192,26.05,0.));
#4459=CARTESIAN_POINT('Origin',(10.292,26.05,0.049));
#4460=CARTESIAN_POINT('Origin',(40.31,7.69,0.));
#4461=CARTESIAN_POINT('',(40.21,7.69,0.));
#4462=CARTESIAN_POINT('Origin',(40.31,7.69,0.));
#4463=CARTESIAN_POINT('',(40.21,7.69,0.049));
#4464=CARTESIAN_POINT('',(40.21,7.69,0.));
#4465=CARTESIAN_POINT('Origin',(40.31,7.69,0.049));
#4466=CARTESIAN_POINT('Origin',(39.,9.61,0.));
#4467=CARTESIAN_POINT('',(38.9,9.61,0.));
#4468=CARTESIAN_POINT('Origin',(39.,9.61,0.));
#4469=CARTESIAN_POINT('',(38.9,9.61,0.049));
#4470=CARTESIAN_POINT('',(38.9,9.61,0.));
#4471=CARTESIAN_POINT('Origin',(39.,9.61,0.049));
#4472=CARTESIAN_POINT('Origin',(9.282,24.46,0.));
#4473=CARTESIAN_POINT('',(9.182,24.46,0.));
#4474=CARTESIAN_POINT('Origin',(9.282,24.46,0.));
#4475=CARTESIAN_POINT('',(9.182,24.46,0.049));
#4476=CARTESIAN_POINT('',(9.182,24.46,0.));
#4477=CARTESIAN_POINT('Origin',(9.282,24.46,0.049));
#4478=CARTESIAN_POINT('Origin',(38.85,12.25,0.));
#4479=CARTESIAN_POINT('',(38.75,12.25,0.));
#4480=CARTESIAN_POINT('Origin',(38.85,12.25,0.));
#4481=CARTESIAN_POINT('',(38.75,12.25,0.049));
#4482=CARTESIAN_POINT('',(38.75,12.25,0.));
#4483=CARTESIAN_POINT('Origin',(38.85,12.25,0.049));
#4484=CARTESIAN_POINT('Origin',(37.92,14.74,0.));
#4485=CARTESIAN_POINT('',(37.82,14.74,0.));
#4486=CARTESIAN_POINT('Origin',(37.92,14.74,0.));
#4487=CARTESIAN_POINT('',(37.82,14.74,0.049));
#4488=CARTESIAN_POINT('',(37.82,14.74,0.));
#4489=CARTESIAN_POINT('Origin',(37.92,14.74,0.049));
#4490=CARTESIAN_POINT('Origin',(12.5,25.88,0.));
#4491=CARTESIAN_POINT('',(12.4,25.88,0.));
#4492=CARTESIAN_POINT('Origin',(12.5,25.88,0.));
#4493=CARTESIAN_POINT('',(12.4,25.88,0.049));
#4494=CARTESIAN_POINT('',(12.4,25.88,0.));
#4495=CARTESIAN_POINT('Origin',(12.5,25.88,0.049));
#4496=CARTESIAN_POINT('Origin',(13.93,18.56,0.));
#4497=CARTESIAN_POINT('',(13.83,18.56,0.));
#4498=CARTESIAN_POINT('Origin',(13.93,18.56,0.));
#4499=CARTESIAN_POINT('',(13.83,18.56,0.049));
#4500=CARTESIAN_POINT('',(13.83,18.56,0.));
#4501=CARTESIAN_POINT('Origin',(13.93,18.56,0.049));
#4502=CARTESIAN_POINT('Origin',(15.33,18.56,0.));
#4503=CARTESIAN_POINT('',(15.23,18.56,0.));
#4504=CARTESIAN_POINT('Origin',(15.33,18.56,0.));
#4505=CARTESIAN_POINT('',(15.23,18.56,0.049));
#4506=CARTESIAN_POINT('',(15.23,18.56,0.));
#4507=CARTESIAN_POINT('Origin',(15.33,18.56,0.049));
#4508=CARTESIAN_POINT('Origin',(18.23,18.56,0.));
#4509=CARTESIAN_POINT('',(18.13,18.56,0.));
#4510=CARTESIAN_POINT('Origin',(18.23,18.56,0.));
#4511=CARTESIAN_POINT('',(18.13,18.56,0.049));
#4512=CARTESIAN_POINT('',(18.13,18.56,0.));
#4513=CARTESIAN_POINT('Origin',(18.23,18.56,0.049));
#4514=CARTESIAN_POINT('Origin',(20.83,18.56,0.));
#4515=CARTESIAN_POINT('',(20.73,18.56,0.));
#4516=CARTESIAN_POINT('Origin',(20.83,18.56,0.));
#4517=CARTESIAN_POINT('',(20.73,18.56,0.049));
#4518=CARTESIAN_POINT('',(20.73,18.56,0.));
#4519=CARTESIAN_POINT('Origin',(20.83,18.56,0.049));
#4520=CARTESIAN_POINT('Origin',(23.93,18.56,0.));
#4521=CARTESIAN_POINT('',(23.83,18.56,0.));
#4522=CARTESIAN_POINT('Origin',(23.93,18.56,0.));
#4523=CARTESIAN_POINT('',(23.83,18.56,0.049));
#4524=CARTESIAN_POINT('',(23.83,18.56,0.));
#4525=CARTESIAN_POINT('Origin',(23.93,18.56,0.049));
#4526=CARTESIAN_POINT('Origin',(27.83,18.56,0.));
#4527=CARTESIAN_POINT('',(27.73,18.56,0.));
#4528=CARTESIAN_POINT('Origin',(27.83,18.56,0.));
#4529=CARTESIAN_POINT('',(27.73,18.56,0.049));
#4530=CARTESIAN_POINT('',(27.73,18.56,0.));
#4531=CARTESIAN_POINT('Origin',(27.83,18.56,0.049));
#4532=CARTESIAN_POINT('Origin',(31.33,18.56,0.));
#4533=CARTESIAN_POINT('',(31.23,18.56,0.));
#4534=CARTESIAN_POINT('Origin',(31.33,18.56,0.));
#4535=CARTESIAN_POINT('',(31.23,18.56,0.049));
#4536=CARTESIAN_POINT('',(31.23,18.56,0.));
#4537=CARTESIAN_POINT('Origin',(31.33,18.56,0.049));
#4538=CARTESIAN_POINT('Origin',(34.63,17.76,0.));
#4539=CARTESIAN_POINT('',(34.53,17.76,0.));
#4540=CARTESIAN_POINT('Origin',(34.63,17.76,0.));
#4541=CARTESIAN_POINT('',(34.53,17.76,0.049));
#4542=CARTESIAN_POINT('',(34.53,17.76,0.));
#4543=CARTESIAN_POINT('Origin',(34.63,17.76,0.049));
#4544=CARTESIAN_POINT('Origin',(29.53,11.47,0.));
#4545=CARTESIAN_POINT('',(29.43,11.47,0.));
#4546=CARTESIAN_POINT('Origin',(29.53,11.47,0.));
#4547=CARTESIAN_POINT('',(29.43,11.47,0.049));
#4548=CARTESIAN_POINT('',(29.43,11.47,0.));
#4549=CARTESIAN_POINT('Origin',(29.53,11.47,0.049));
#4550=CARTESIAN_POINT('Origin',(25.22,11.44,0.));
#4551=CARTESIAN_POINT('',(25.12,11.44,0.));
#4552=CARTESIAN_POINT('Origin',(25.22,11.44,0.));
#4553=CARTESIAN_POINT('',(25.12,11.44,0.049));
#4554=CARTESIAN_POINT('',(25.12,11.44,0.));
#4555=CARTESIAN_POINT('Origin',(25.22,11.44,0.049));
#4556=CARTESIAN_POINT('Origin',(20.93,11.45,0.));
#4557=CARTESIAN_POINT('',(20.83,11.45,0.));
#4558=CARTESIAN_POINT('Origin',(20.93,11.45,0.));
#4559=CARTESIAN_POINT('',(20.83,11.45,0.049));
#4560=CARTESIAN_POINT('',(20.83,11.45,0.));
#4561=CARTESIAN_POINT('Origin',(20.93,11.45,0.049));
#4562=CARTESIAN_POINT('Origin',(16.28,11.43,0.));
#4563=CARTESIAN_POINT('',(16.18,11.43,0.));
#4564=CARTESIAN_POINT('Origin',(16.28,11.43,0.));
#4565=CARTESIAN_POINT('',(16.18,11.43,0.049));
#4566=CARTESIAN_POINT('',(16.18,11.43,0.));
#4567=CARTESIAN_POINT('Origin',(16.28,11.43,0.049));
#4568=CARTESIAN_POINT('Origin',(12.32,11.46,0.));
#4569=CARTESIAN_POINT('',(12.22,11.46,0.));
#4570=CARTESIAN_POINT('Origin',(12.32,11.46,0.));
#4571=CARTESIAN_POINT('',(12.22,11.46,0.049));
#4572=CARTESIAN_POINT('',(12.22,11.46,0.));
#4573=CARTESIAN_POINT('Origin',(12.32,11.46,0.049));
#4574=CARTESIAN_POINT('Origin',(3.032,30.89,0.));
#4575=CARTESIAN_POINT('',(3.032,20.963,0.));
#4576=CARTESIAN_POINT('',(3.032,30.89,0.));
#4577=CARTESIAN_POINT('',(3.032,26.89,0.));
#4578=CARTESIAN_POINT('',(3.032,20.963,0.049));
#4579=CARTESIAN_POINT('',(3.032,20.963,0.));
#4580=CARTESIAN_POINT('',(3.032,30.89,0.049));
#4581=CARTESIAN_POINT('',(3.032,26.89,0.049));
#4582=CARTESIAN_POINT('',(3.032,30.89,0.));
#4583=CARTESIAN_POINT('Origin',(13.032,30.89,0.));
#4584=CARTESIAN_POINT('',(13.032,30.89,0.));
#4585=CARTESIAN_POINT('',(3.032,30.89,0.));
#4586=CARTESIAN_POINT('',(13.032,30.89,0.049));
#4587=CARTESIAN_POINT('',(3.032,30.89,0.049));
#4588=CARTESIAN_POINT('',(13.032,30.89,0.));
#4589=CARTESIAN_POINT('Origin',(13.032,22.853,0.));
#4590=CARTESIAN_POINT('',(13.032,22.853,0.));
#4591=CARTESIAN_POINT('',(13.032,22.89,0.));
#4592=CARTESIAN_POINT('',(13.032,22.853,0.049));
#4593=CARTESIAN_POINT('',(13.032,22.89,0.049));
#4594=CARTESIAN_POINT('',(13.032,22.853,0.));
#4595=CARTESIAN_POINT('Origin',(14.987,22.898,0.));
#4596=CARTESIAN_POINT('',(15.032,20.943,0.));
#4597=CARTESIAN_POINT('Origin',(14.987,22.898,0.));
#4598=CARTESIAN_POINT('',(15.032,20.943,0.049));
#4599=CARTESIAN_POINT('Origin',(14.987,22.898,0.049));
#4600=CARTESIAN_POINT('',(15.032,20.943,0.));
#4601=CARTESIAN_POINT('Origin',(32.052,20.963,0.));
#4602=CARTESIAN_POINT('',(32.052,20.963,0.));
#4603=CARTESIAN_POINT('',(15.032,20.943,0.));
#4604=CARTESIAN_POINT('',(32.052,20.963,0.049));
#4605=CARTESIAN_POINT('',(15.032,20.943,0.049));
#4606=CARTESIAN_POINT('',(32.052,20.963,0.));
#4607=CARTESIAN_POINT('Origin',(32.052,10.963,0.));
#4608=CARTESIAN_POINT('',(42.052,10.963,0.));
#4609=CARTESIAN_POINT('Origin',(32.052,10.963,0.));
#4610=CARTESIAN_POINT('',(42.052,10.963,0.049));
#4611=CARTESIAN_POINT('Origin',(32.052,10.963,0.049));
#4612=CARTESIAN_POINT('',(42.052,10.963,0.));
#4613=CARTESIAN_POINT('Origin',(42.052,1.978,0.));
#4614=CARTESIAN_POINT('',(42.052,1.978,0.));
#4615=CARTESIAN_POINT('',(42.052,5.978,0.));
#4616=CARTESIAN_POINT('',(42.052,1.978,0.049));
#4617=CARTESIAN_POINT('',(42.052,5.978,0.049));
#4618=CARTESIAN_POINT('',(42.052,1.978,0.));
#4619=CARTESIAN_POINT('Origin',(32.052,1.978,0.));
#4620=CARTESIAN_POINT('',(32.052,1.978,0.));
#4621=CARTESIAN_POINT('',(42.052,1.978,0.));
#4622=CARTESIAN_POINT('',(32.052,1.978,0.049));
#4623=CARTESIAN_POINT('',(42.052,1.978,0.049));
#4624=CARTESIAN_POINT('',(32.052,1.978,0.));
#4625=CARTESIAN_POINT('Origin',(32.052,8.963,0.));
#4626=CARTESIAN_POINT('',(32.052,8.963,0.));
#4627=CARTESIAN_POINT('',(32.052,5.978,0.));
#4628=CARTESIAN_POINT('',(32.052,8.963,0.049));
#4629=CARTESIAN_POINT('',(32.052,5.978,0.049));
#4630=CARTESIAN_POINT('',(32.052,8.963,0.));
#4631=CARTESIAN_POINT('Origin',(30.052,8.963,0.));
#4632=CARTESIAN_POINT('',(30.052,10.963,0.));
#4633=CARTESIAN_POINT('Origin',(30.052,8.963,0.));
#4634=CARTESIAN_POINT('',(30.052,10.963,0.049));
#4635=CARTESIAN_POINT('Origin',(30.052,8.963,0.049));
#4636=CARTESIAN_POINT('',(30.052,10.963,0.));
#4637=CARTESIAN_POINT('Origin',(13.032,10.963,0.));
#4638=CARTESIAN_POINT('',(13.032,10.963,0.));
#4639=CARTESIAN_POINT('',(30.052,10.963,0.));
#4640=CARTESIAN_POINT('',(13.032,10.963,0.049));
#4641=CARTESIAN_POINT('',(30.052,10.963,0.049));
#4642=CARTESIAN_POINT('',(13.032,10.963,0.));
#4643=CARTESIAN_POINT('Origin',(13.032,20.963,0.));
#4644=CARTESIAN_POINT('Origin',(13.032,20.963,0.));
#4645=CARTESIAN_POINT('Origin',(13.032,20.963,0.049));
#4646=CARTESIAN_POINT('Origin',(22.542,16.434,0.049));
#4647=CARTESIAN_POINT('Origin',(22.542,16.434,0.));
#4648=CARTESIAN_POINT('',(0.,0.,0.));
#4649=CARTESIAN_POINT('',(0.,0.,0.));
#4650=CARTESIAN_POINT('',(0.,0.,0.));
#4651=CARTESIAN_POINT('Origin',(-0.48,-0.25,0.02));
#4652=CARTESIAN_POINT('',(-0.48,-0.25,0.02));
#4653=CARTESIAN_POINT('',(-0.48,-0.25,0.38));
#4654=CARTESIAN_POINT('',(-0.48,-0.25,0.02));
#4655=CARTESIAN_POINT('',(-0.48,0.25,0.38));
#4656=CARTESIAN_POINT('',(-0.48,-0.25,0.38));
#4657=CARTESIAN_POINT('',(-0.48,0.25,0.02));
#4658=CARTESIAN_POINT('',(-0.48,0.25,0.02));
#4659=CARTESIAN_POINT('',(-0.48,-0.25,0.02));
#4660=CARTESIAN_POINT('Origin',(-0.48,-0.25,0.02));
#4661=CARTESIAN_POINT('',(0.48,-0.25,0.02));
#4662=CARTESIAN_POINT('',(-0.48,-0.25,0.02));
#4663=CARTESIAN_POINT('',(0.48,-0.25,0.38));
#4664=CARTESIAN_POINT('',(0.48,-0.25,0.02));
#4665=CARTESIAN_POINT('',(-0.48,-0.25,0.38));
#4666=CARTESIAN_POINT('Origin',(-0.48,-0.25,0.38));
#4667=CARTESIAN_POINT('',(0.48,0.25,0.38));
#4668=CARTESIAN_POINT('',(0.48,-0.25,0.38));
#4669=CARTESIAN_POINT('',(-0.48,0.25,0.38));
#4670=CARTESIAN_POINT('Origin',(-0.48,0.25,0.02));
#4671=CARTESIAN_POINT('',(0.48,0.25,0.02));
#4672=CARTESIAN_POINT('',(-0.48,0.25,0.02));
#4673=CARTESIAN_POINT('',(0.48,0.25,0.02));
#4674=CARTESIAN_POINT('Origin',(-0.48,-0.25,0.02));
#4675=CARTESIAN_POINT('',(0.48,-0.25,0.02));
#4676=CARTESIAN_POINT('Origin',(0.48,-0.25,0.02));
#4677=CARTESIAN_POINT('',(0.,0.,0.));
#4678=CARTESIAN_POINT('Origin',(-0.25,-0.25,0.));
#4679=CARTESIAN_POINT('',(-0.25,-0.25,0.));
#4680=CARTESIAN_POINT('',(-0.25,-0.25,0.02));
#4681=CARTESIAN_POINT('',(-0.25,-0.25,0.));
#4682=CARTESIAN_POINT('',(-0.25,0.25,0.));
#4683=CARTESIAN_POINT('',(-0.25,-0.25,0.));
#4684=CARTESIAN_POINT('',(-0.25,0.25,0.02));
#4685=CARTESIAN_POINT('',(-0.25,0.25,0.));
#4686=CARTESIAN_POINT('',(-0.25,-0.25,0.02));
#4687=CARTESIAN_POINT('Origin',(-0.5,-0.25,0.));
#4688=CARTESIAN_POINT('',(-0.48,-0.25,0.));
#4689=CARTESIAN_POINT('',(-0.5,-0.25,0.));
#4690=CARTESIAN_POINT('',(-0.48,-0.25,0.02));
#4691=CARTESIAN_POINT('',(-0.5,-0.25,0.02));
#4692=CARTESIAN_POINT('',(-0.48,-0.25,0.));
#4693=CARTESIAN_POINT('Origin',(-0.5,-0.25,0.02));
#4694=CARTESIAN_POINT('',(-0.48,0.25,0.02));
#4695=CARTESIAN_POINT('',(-0.5,0.25,0.02));
#4696=CARTESIAN_POINT('',(-0.48,-0.25,0.02));
#4697=CARTESIAN_POINT('Origin',(-0.5,0.25,0.));
#4698=CARTESIAN_POINT('',(-0.48,0.25,0.));
#4699=CARTESIAN_POINT('',(-0.5,0.25,0.));
#4700=CARTESIAN_POINT('',(-0.48,0.25,0.));
#4701=CARTESIAN_POINT('Origin',(-0.5,-0.25,0.));
#4702=CARTESIAN_POINT('',(-0.48,-0.25,0.));
#4703=CARTESIAN_POINT('Origin',(-0.5,-0.25,0.));
#4704=CARTESIAN_POINT('',(-0.5,-0.25,0.));
#4705=CARTESIAN_POINT('',(-0.5,-0.25,0.));
#4706=CARTESIAN_POINT('',(-0.5,-0.25,0.02));
#4707=CARTESIAN_POINT('',(-0.5,-0.25,0.02));
#4708=CARTESIAN_POINT('',(-0.5,-0.25,0.));
#4709=CARTESIAN_POINT('Origin',(-0.48,-0.25,0.));
#4710=CARTESIAN_POINT('',(-0.48,-0.25,0.38));
#4711=CARTESIAN_POINT('',(-0.48,-0.25,0.));
#4712=CARTESIAN_POINT('',(-0.48,0.25,0.38));
#4713=CARTESIAN_POINT('',(-0.48,0.25,0.));
#4714=CARTESIAN_POINT('',(-0.48,0.2,0.38));
#4715=CARTESIAN_POINT('',(-0.48,-0.25,0.38));
#4716=CARTESIAN_POINT('',(-0.48,-0.2,0.38));
#4717=CARTESIAN_POINT('',(-0.48,-0.225,0.38));
#4718=CARTESIAN_POINT('',(-0.48,-0.25,0.38));
#4719=CARTESIAN_POINT('Origin',(-0.5,0.25,0.));
#4720=CARTESIAN_POINT('',(-0.5,0.25,0.));
#4721=CARTESIAN_POINT('',(-0.5,0.25,0.));
#4722=CARTESIAN_POINT('',(-0.5,0.25,0.02));
#4723=CARTESIAN_POINT('',(-0.5,0.25,0.));
#4724=CARTESIAN_POINT('',(-0.5,0.25,0.02));
#4725=CARTESIAN_POINT('Origin',(-0.5,-0.25,0.));
#4726=CARTESIAN_POINT('',(-0.5,-0.25,0.));
#4727=CARTESIAN_POINT('Origin',(-0.5,-0.25,0.));
#4728=CARTESIAN_POINT('',(-0.5,-0.25,0.38));
#4729=CARTESIAN_POINT('',(-0.5,-0.25,0.38));
#4730=CARTESIAN_POINT('',(-0.5,-0.25,0.));
#4731=CARTESIAN_POINT('Origin',(-0.5,-0.25,0.));
#4732=CARTESIAN_POINT('',(-0.5,-0.25,0.02));
#4733=CARTESIAN_POINT('Origin',(-0.5,-0.25,0.38));
#4734=CARTESIAN_POINT('',(-0.4,-0.2,0.38));
#4735=CARTESIAN_POINT('',(-0.5,-0.2,0.38));
#4736=CARTESIAN_POINT('',(-0.4,-0.25,0.38));
#4737=CARTESIAN_POINT('',(-0.4,-0.25,0.38));
#4738=CARTESIAN_POINT('',(-0.5,-0.25,0.38));
#4739=CARTESIAN_POINT('Origin',(-0.5,-0.2,0.38));
#4740=CARTESIAN_POINT('',(-0.4,0.2,0.38));
#4741=CARTESIAN_POINT('',(-0.5,0.2,0.38));
#4742=CARTESIAN_POINT('',(-0.4,-0.25,0.38));
#4743=CARTESIAN_POINT('Origin',(-0.5,-0.25,0.38));
#4744=CARTESIAN_POINT('',(-0.4,0.25,0.38));
#4745=CARTESIAN_POINT('',(-0.5,0.25,0.38));
#4746=CARTESIAN_POINT('',(-0.4,-0.25,0.38));
#4747=CARTESIAN_POINT('Origin',(-0.5,0.25,0.));
#4748=CARTESIAN_POINT('',(-0.5,0.25,0.38));
#4749=CARTESIAN_POINT('',(-0.5,0.25,0.));
#4750=CARTESIAN_POINT('',(-0.5,0.25,0.38));
#4751=CARTESIAN_POINT('Origin',(-0.5,-0.25,0.));
#4752=CARTESIAN_POINT('',(-0.48,-0.25,0.4));
#4753=CARTESIAN_POINT('',(-0.48,-0.25,0.));
#4754=CARTESIAN_POINT('',(-0.5,-0.25,0.4));
#4755=CARTESIAN_POINT('',(-0.5,-0.25,0.4));
#4756=CARTESIAN_POINT('',(-0.5,-0.25,0.38));
#4757=CARTESIAN_POINT('Origin',(-0.5,-0.25,0.));
#4758=CARTESIAN_POINT('',(-0.5,-0.2,0.38));
#4759=CARTESIAN_POINT('',(-0.5,-0.25,0.38));
#4760=CARTESIAN_POINT('',(-0.5,0.2,0.38));
#4761=CARTESIAN_POINT('',(-0.5,-0.25,0.38));
#4762=CARTESIAN_POINT('',(-0.5,-0.25,0.38));
#4763=CARTESIAN_POINT('Origin',(-0.4,-0.25,0.38));
#4764=CARTESIAN_POINT('',(-0.4,-0.25,0.4));
#4765=CARTESIAN_POINT('',(-0.4,-0.2,0.4));
#4766=CARTESIAN_POINT('',(-0.4,-0.25,0.4));
#4767=CARTESIAN_POINT('',(-0.4,-0.25,0.38));
#4768=CARTESIAN_POINT('',(-0.4,-0.2,0.38));
#4769=CARTESIAN_POINT('Origin',(-0.5,-0.25,0.38));
#4770=CARTESIAN_POINT('',(-0.5,-0.25,0.4));
#4771=CARTESIAN_POINT('Origin',(-0.5,-0.2,0.38));
#4772=CARTESIAN_POINT('',(-0.3,0.2,0.38));
#4773=CARTESIAN_POINT('',(-0.5,0.2,0.38));
#4774=CARTESIAN_POINT('',(-0.3,-0.2,0.38));
#4775=CARTESIAN_POINT('',(-0.3,-0.2,0.38));
#4776=CARTESIAN_POINT('',(-0.5,-0.2,0.38));
#4777=CARTESIAN_POINT('Origin',(-0.5,0.25,0.38));
#4778=CARTESIAN_POINT('',(-0.48,0.25,0.4));
#4779=CARTESIAN_POINT('',(-0.48,0.25,0.));
#4780=CARTESIAN_POINT('',(-0.4,0.25,0.4));
#4781=CARTESIAN_POINT('',(-0.5,0.25,0.4));
#4782=CARTESIAN_POINT('',(-0.4,0.25,0.38));
#4783=CARTESIAN_POINT('Origin',(-0.4,-0.25,0.38));
#4784=CARTESIAN_POINT('',(-0.4,0.2,0.4));
#4785=CARTESIAN_POINT('',(-0.4,-0.25,0.4));
#4786=CARTESIAN_POINT('',(-0.4,0.2,0.38));
#4787=CARTESIAN_POINT('Origin',(-0.5,0.25,0.));
#4788=CARTESIAN_POINT('',(-0.5,0.25,0.4));
#4789=CARTESIAN_POINT('',(-0.5,0.25,0.38));
#4790=CARTESIAN_POINT('',(-0.5,0.25,0.4));
#4791=CARTESIAN_POINT('Origin',(-0.5,-0.25,0.4));
#4792=CARTESIAN_POINT('',(-0.5,-0.2,0.4));
#4793=CARTESIAN_POINT('',(-0.5,-0.25,0.4));
#4794=CARTESIAN_POINT('',(-0.48,-0.2,0.4));
#4795=CARTESIAN_POINT('',(-0.48,-0.25,0.4));
#4796=CARTESIAN_POINT('',(-0.5,-0.2,0.4));
#4797=CARTESIAN_POINT('Origin',(-0.5,-0.25,0.38));
#4798=CARTESIAN_POINT('',(-0.5,-0.2,0.38));
#4799=CARTESIAN_POINT('Origin',(-0.5,-0.25,0.38));
#4800=CARTESIAN_POINT('',(-0.5,0.2,0.4));
#4801=CARTESIAN_POINT('',(-0.5,-0.25,0.4));
#4802=CARTESIAN_POINT('',(-0.5,0.2,0.38));
#4803=CARTESIAN_POINT('Origin',(-0.5,-0.25,0.38));
#4804=CARTESIAN_POINT('',(-0.5,-0.25,0.4));
#4805=CARTESIAN_POINT('Origin',(-0.5,-0.25,0.4));
#4806=CARTESIAN_POINT('',(-0.5,-0.2,0.4));
#4807=CARTESIAN_POINT('Origin',(-0.5,-0.2,0.38));
#4808=CARTESIAN_POINT('',(-0.3,-0.2,0.4));
#4809=CARTESIAN_POINT('',(-0.3,-0.2,0.38));
#4810=CARTESIAN_POINT('',(-0.5,-0.2,0.4));
#4811=CARTESIAN_POINT('Origin',(-0.5,0.2,0.38));
#4812=CARTESIAN_POINT('',(-0.3,0.2,0.4));
#4813=CARTESIAN_POINT('',(-0.5,0.2,0.4));
#4814=CARTESIAN_POINT('',(-0.3,0.2,0.38));
#4815=CARTESIAN_POINT('Origin',(-0.3,-0.2,0.38));
#4816=CARTESIAN_POINT('',(-0.3,-0.2,0.4));
#4817=CARTESIAN_POINT('Origin',(-0.5,-0.25,0.4));
#4818=CARTESIAN_POINT('',(-0.48,0.2,0.4));
#4819=CARTESIAN_POINT('',(-0.48,-0.25,0.4));
#4820=CARTESIAN_POINT('',(-0.5,0.2,0.4));
#4821=CARTESIAN_POINT('Origin',(-0.5,-0.25,0.4));
#4822=CARTESIAN_POINT('',(-0.5,0.2,0.4));
#4823=CARTESIAN_POINT('Origin',(-0.5,-0.2,0.4));
#4824=CARTESIAN_POINT('',(-0.48,-0.25,0.4));
#4825=CARTESIAN_POINT('Origin',(-0.5,-0.2,0.4));
#4826=CARTESIAN_POINT('',(-0.4,-0.25,0.4));
#4827=CARTESIAN_POINT('Origin',(-0.5,-0.2,0.4));
#4828=CARTESIAN_POINT('Origin',(0.25,-0.25,0.));
#4829=CARTESIAN_POINT('',(0.25,-0.25,0.));
#4830=CARTESIAN_POINT('',(0.25,-0.25,0.02));
#4831=CARTESIAN_POINT('',(0.25,-0.25,0.));
#4832=CARTESIAN_POINT('',(0.25,0.25,0.02));
#4833=CARTESIAN_POINT('',(0.25,-0.25,0.02));
#4834=CARTESIAN_POINT('',(0.25,0.25,0.));
#4835=CARTESIAN_POINT('',(0.25,0.25,0.));
#4836=CARTESIAN_POINT('',(0.25,-0.25,0.));
#4837=CARTESIAN_POINT('Origin',(0.25,-0.25,0.));
#4838=CARTESIAN_POINT('',(0.48,-0.25,0.));
#4839=CARTESIAN_POINT('',(0.25,-0.25,0.));
#4840=CARTESIAN_POINT('',(0.48,-0.25,0.02));
#4841=CARTESIAN_POINT('',(0.48,-0.25,0.));
#4842=CARTESIAN_POINT('',(0.25,-0.25,0.02));
#4843=CARTESIAN_POINT('Origin',(0.25,-0.25,0.02));
#4844=CARTESIAN_POINT('',(0.48,0.25,0.02));
#4845=CARTESIAN_POINT('',(0.25,0.25,0.02));
#4846=CARTESIAN_POINT('',(0.48,-0.25,0.02));
#4847=CARTESIAN_POINT('Origin',(0.25,0.25,0.));
#4848=CARTESIAN_POINT('',(0.48,0.25,0.));
#4849=CARTESIAN_POINT('',(0.25,0.25,0.));
#4850=CARTESIAN_POINT('',(0.48,0.25,0.));
#4851=CARTESIAN_POINT('Origin',(0.25,-0.25,0.));
#4852=CARTESIAN_POINT('',(0.48,-0.25,0.));
#4853=CARTESIAN_POINT('Origin',(0.48,-0.25,0.));
#4854=CARTESIAN_POINT('',(0.5,-0.25,0.));
#4855=CARTESIAN_POINT('',(0.25,-0.25,0.));
#4856=CARTESIAN_POINT('',(0.5,-0.25,0.02));
#4857=CARTESIAN_POINT('',(0.5,-0.25,0.));
#4858=CARTESIAN_POINT('',(0.25,-0.25,0.02));
#4859=CARTESIAN_POINT('Origin',(0.48,-0.25,0.));
#4860=CARTESIAN_POINT('',(0.48,-0.25,0.38));
#4861=CARTESIAN_POINT('',(0.48,-0.25,0.));
#4862=CARTESIAN_POINT('',(0.48,-0.2,0.38));
#4863=CARTESIAN_POINT('',(0.48,-0.25,0.38));
#4864=CARTESIAN_POINT('',(0.48,0.2,0.38));
#4865=CARTESIAN_POINT('',(0.48,-0.25,0.38));
#4866=CARTESIAN_POINT('',(0.48,0.25,0.38));
#4867=CARTESIAN_POINT('',(0.48,-0.25,0.38));
#4868=CARTESIAN_POINT('',(0.48,0.25,0.));
#4869=CARTESIAN_POINT('Origin',(0.48,0.25,0.));
#4870=CARTESIAN_POINT('',(0.5,0.25,0.));
#4871=CARTESIAN_POINT('',(0.25,0.25,0.));
#4872=CARTESIAN_POINT('',(0.5,0.25,0.02));
#4873=CARTESIAN_POINT('',(0.25,0.25,0.02));
#4874=CARTESIAN_POINT('',(0.5,0.25,0.));
#4875=CARTESIAN_POINT('Origin',(0.48,-0.25,0.));
#4876=CARTESIAN_POINT('',(0.5,-0.25,0.));
#4877=CARTESIAN_POINT('Origin',(0.5,-0.25,0.));
#4878=CARTESIAN_POINT('',(0.5,-0.25,0.02));
#4879=CARTESIAN_POINT('Origin',(0.48,-0.25,0.));
#4880=CARTESIAN_POINT('',(0.5,-0.25,0.38));
#4881=CARTESIAN_POINT('',(0.5,-0.25,0.));
#4882=CARTESIAN_POINT('',(0.4,-0.25,0.38));
#4883=CARTESIAN_POINT('Origin',(0.4,-0.25,0.38));
#4884=CARTESIAN_POINT('',(0.4,-0.25,0.38));
#4885=CARTESIAN_POINT('',(0.4,-0.2,0.38));
#4886=CARTESIAN_POINT('',(0.4,-0.25,0.38));
#4887=CARTESIAN_POINT('',(0.3,-0.2,0.38));
#4888=CARTESIAN_POINT('',(0.4,-0.25,0.38));
#4889=CARTESIAN_POINT('Origin',(0.4,-0.25,0.38));
#4890=CARTESIAN_POINT('',(0.4,0.2,0.38));
#4891=CARTESIAN_POINT('',(0.4,-0.25,0.38));
#4892=CARTESIAN_POINT('',(0.3,0.2,0.38));
#4893=CARTESIAN_POINT('Origin',(0.4,-0.25,0.38));
#4894=CARTESIAN_POINT('',(0.4,0.25,0.38));
#4895=CARTESIAN_POINT('',(0.4,-0.25,0.38));
#4896=CARTESIAN_POINT('',(0.4,0.25,0.38));
#4897=CARTESIAN_POINT('Origin',(0.48,0.25,0.));
#4898=CARTESIAN_POINT('',(0.5,0.25,0.38));
#4899=CARTESIAN_POINT('',(0.4,0.25,0.38));
#4900=CARTESIAN_POINT('',(0.5,0.25,0.));
#4901=CARTESIAN_POINT('Origin',(0.5,-0.25,0.));
#4902=CARTESIAN_POINT('',(0.5,0.2,0.38));
#4903=CARTESIAN_POINT('',(0.5,-0.25,0.38));
#4904=CARTESIAN_POINT('',(0.5,-0.2,0.38));
#4905=CARTESIAN_POINT('',(0.5,-0.25,0.38));
#4906=CARTESIAN_POINT('',(0.5,-0.25,0.38));
#4907=CARTESIAN_POINT('Origin',(0.48,-0.25,0.));
#4908=CARTESIAN_POINT('',(0.5,-0.25,0.4));
#4909=CARTESIAN_POINT('',(0.5,-0.25,0.38));
#4910=CARTESIAN_POINT('',(0.48,-0.25,0.4));
#4911=CARTESIAN_POINT('',(0.4,-0.25,0.4));
#4912=CARTESIAN_POINT('',(0.48,-0.25,0.));
#4913=CARTESIAN_POINT('Origin',(0.4,-0.25,0.38));
#4914=CARTESIAN_POINT('',(0.4,-0.25,0.4));
#4915=CARTESIAN_POINT('',(0.4,-0.2,0.4));
#4916=CARTESIAN_POINT('',(0.4,-0.25,0.4));
#4917=CARTESIAN_POINT('',(0.4,-0.2,0.38));
#4918=CARTESIAN_POINT('',(0.4,-0.25,0.38));
#4919=CARTESIAN_POINT('Origin',(0.4,-0.25,0.38));
#4920=CARTESIAN_POINT('',(0.4,-0.25,0.4));
#4921=CARTESIAN_POINT('Origin',(0.3,-0.2,0.38));
#4922=CARTESIAN_POINT('',(0.3,0.2,0.38));
#4923=CARTESIAN_POINT('',(0.3,0.2,0.38));
#4924=CARTESIAN_POINT('',(0.3,-0.2,0.38));
#4925=CARTESIAN_POINT('',(0.3,-0.2,0.38));
#4926=CARTESIAN_POINT('',(0.3,-0.2,0.38));
#4927=CARTESIAN_POINT('Origin',(0.4,-0.25,0.38));
#4928=CARTESIAN_POINT('',(0.4,0.2,0.4));
#4929=CARTESIAN_POINT('',(0.4,0.25,0.4));
#4930=CARTESIAN_POINT('',(0.4,-0.25,0.4));
#4931=CARTESIAN_POINT('',(0.4,0.25,0.38));
#4932=CARTESIAN_POINT('',(0.4,0.2,0.38));
#4933=CARTESIAN_POINT('Origin',(0.4,0.25,0.38));
#4934=CARTESIAN_POINT('',(0.48,0.25,0.4));
#4935=CARTESIAN_POINT('',(0.4,0.25,0.4));
#4936=CARTESIAN_POINT('',(0.48,0.25,0.));
#4937=CARTESIAN_POINT('Origin',(0.48,0.25,0.));
#4938=CARTESIAN_POINT('',(0.5,0.25,0.4));
#4939=CARTESIAN_POINT('',(0.4,0.25,0.4));
#4940=CARTESIAN_POINT('',(0.5,0.25,0.38));
#4941=CARTESIAN_POINT('Origin',(0.5,-0.25,0.38));
#4942=CARTESIAN_POINT('',(0.5,-0.2,0.4));
#4943=CARTESIAN_POINT('',(0.5,-0.2,0.38));
#4944=CARTESIAN_POINT('',(0.5,-0.25,0.4));
#4945=CARTESIAN_POINT('Origin',(0.5,-0.2,0.38));
#4946=CARTESIAN_POINT('',(0.5,0.2,0.4));
#4947=CARTESIAN_POINT('',(0.5,0.2,0.38));
#4948=CARTESIAN_POINT('',(0.5,-0.2,0.4));
#4949=CARTESIAN_POINT('Origin',(0.5,-0.25,0.38));
#4950=CARTESIAN_POINT('',(0.5,-0.25,0.4));
#4951=CARTESIAN_POINT('Origin',(0.48,-0.25,0.4));
#4952=CARTESIAN_POINT('',(0.48,-0.2,0.4));
#4953=CARTESIAN_POINT('',(0.48,-0.25,0.4));
#4954=CARTESIAN_POINT('',(0.3,-0.2,0.4));
#4955=CARTESIAN_POINT('Origin',(0.4,-0.25,0.4));
#4956=CARTESIAN_POINT('',(0.3,-0.2,0.4));
#4957=CARTESIAN_POINT('Origin',(0.3,-0.2,0.38));
#4958=CARTESIAN_POINT('',(0.3,-0.2,0.4));
#4959=CARTESIAN_POINT('',(0.3,-0.2,0.4));
#4960=CARTESIAN_POINT('',(0.3,-0.2,0.38));
#4961=CARTESIAN_POINT('Origin',(0.3,0.2,0.38));
#4962=CARTESIAN_POINT('',(0.3,0.2,0.4));
#4963=CARTESIAN_POINT('',(0.3,0.2,0.38));
#4964=CARTESIAN_POINT('',(0.3,0.2,0.4));
#4965=CARTESIAN_POINT('Origin',(0.3,-0.2,0.38));
#4966=CARTESIAN_POINT('',(0.3,-0.2,0.4));
#4967=CARTESIAN_POINT('Origin',(0.4,-0.25,0.4));
#4968=CARTESIAN_POINT('',(0.48,0.2,0.4));
#4969=CARTESIAN_POINT('',(0.3,0.2,0.4));
#4970=CARTESIAN_POINT('',(0.48,-0.25,0.4));
#4971=CARTESIAN_POINT('Origin',(0.48,-0.25,0.4));
#4972=CARTESIAN_POINT('',(0.3,0.2,0.4));
#4973=CARTESIAN_POINT('Origin',(0.4,-0.25,0.4));
#4974=CARTESIAN_POINT('',(0.48,-0.25,0.4));
#4975=CARTESIAN_POINT('Origin',(0.4,-0.25,0.4));
#4976=CARTESIAN_POINT('',(0.4,-0.25,0.4));
#4977=CARTESIAN_POINT('Origin',(0.3,-0.2,0.4));
#4978=CARTESIAN_POINT('',(0.,0.,0.));
#4979=CARTESIAN_POINT('Origin',(-0.3,-0.25,0.38));
#4980=CARTESIAN_POINT('',(-0.3,-0.25,0.38));
#4981=CARTESIAN_POINT('',(-0.3,-0.25,0.4));
#4982=CARTESIAN_POINT('',(-0.3,-0.25,0.38));
#4983=CARTESIAN_POINT('',(-0.3,0.25,0.4));
#4984=CARTESIAN_POINT('',(-0.3,-0.25,0.4));
#4985=CARTESIAN_POINT('',(-0.3,0.25,0.38));
#4986=CARTESIAN_POINT('',(-0.3,0.25,0.38));
#4987=CARTESIAN_POINT('',(-0.3,-0.25,0.38));
#4988=CARTESIAN_POINT('Origin',(-0.3,-0.25,0.38));
#4989=CARTESIAN_POINT('',(0.3,-0.25,0.38));
#4990=CARTESIAN_POINT('',(-0.3,-0.25,0.38));
#4991=CARTESIAN_POINT('',(0.3,-0.25,0.4));
#4992=CARTESIAN_POINT('',(0.3,-0.25,0.38));
#4993=CARTESIAN_POINT('',(-0.3,-0.25,0.4));
#4994=CARTESIAN_POINT('Origin',(-0.3,-0.25,0.4));
#4995=CARTESIAN_POINT('',(0.3,0.25,0.4));
#4996=CARTESIAN_POINT('',(0.3,-0.25,0.4));
#4997=CARTESIAN_POINT('',(-0.3,0.25,0.4));
#4998=CARTESIAN_POINT('Origin',(-0.3,0.25,0.38));
#4999=CARTESIAN_POINT('',(0.3,0.25,0.38));
#5000=CARTESIAN_POINT('',(-0.3,0.25,0.38));
#5001=CARTESIAN_POINT('',(0.3,0.25,0.38));
#5002=CARTESIAN_POINT('Origin',(-0.3,-0.25,0.38));
#5003=CARTESIAN_POINT('',(0.3,-0.25,0.38));
#5004=CARTESIAN_POINT('Origin',(0.3,-0.25,0.38));
#5005=CARTESIAN_POINT('',(0.,0.,0.));
#5006=CARTESIAN_POINT('',(0.,0.,0.));
#5007=CARTESIAN_POINT('',(0.,0.,0.));
#5008=CARTESIAN_POINT('',(0.,0.,0.));
#5009=CARTESIAN_POINT('',(37.31,3.985,0.));
#5010=CARTESIAN_POINT('',(8.28,28.89,0.049));
#5011=CARTESIAN_POINT('',(39.54,7.7,0.));
#5012=CARTESIAN_POINT('',(38.46,7.7,0.));
#5013=CARTESIAN_POINT('Origin',(12.93,24.89,3.46944695195361E-17));
#5014=CARTESIAN_POINT('',(12.93,24.89,3.46944695195361E-17));
#5015=CARTESIAN_POINT('',(3.13,24.89,3.46944695195361E-17));
#5016=CARTESIAN_POINT('',(3.13,24.89,3.46944695195361E-17));
#5017=CARTESIAN_POINT('',(3.13,24.89,-0.25));
#5018=CARTESIAN_POINT('',(3.13,24.89,3.46944695195361E-17));
#5019=CARTESIAN_POINT('',(12.93,24.89,-0.25));
#5020=CARTESIAN_POINT('',(3.13,24.89,-0.25));
#5021=CARTESIAN_POINT('',(12.93,24.89,3.46944695195361E-17));
#5022=CARTESIAN_POINT('Origin',(12.93,30.89,3.46944695195361E-17));
#5023=CARTESIAN_POINT('',(12.93,30.89,3.46944695195361E-17));
#5024=CARTESIAN_POINT('',(12.93,26.89,3.46944695195361E-17));
#5025=CARTESIAN_POINT('',(12.93,30.89,-0.25));
#5026=CARTESIAN_POINT('',(12.93,26.89,-0.25));
#5027=CARTESIAN_POINT('',(12.93,30.89,3.46944695195361E-17));
#5028=CARTESIAN_POINT('Origin',(3.13,30.89,3.46944695195361E-17));
#5029=CARTESIAN_POINT('',(3.13,30.89,3.46944695195361E-17));
#5030=CARTESIAN_POINT('',(3.03843234434967,30.89,3.46944695195361E-17));
#5031=CARTESIAN_POINT('',(3.13,30.89,-0.25));
#5032=CARTESIAN_POINT('',(3.03843234434967,30.89,-0.25));
#5033=CARTESIAN_POINT('',(3.13,30.89,3.46944695195361E-17));
#5034=CARTESIAN_POINT('Origin',(3.13,26.89,3.46944695195361E-17));
#5035=CARTESIAN_POINT('',(3.13,30.89,3.46944695195361E-17));
#5036=CARTESIAN_POINT('',(3.13,26.89,-0.25));
#5037=CARTESIAN_POINT('Origin',(8.03,28.89,3.46944695195361E-17));
#5038=CARTESIAN_POINT('Origin',(8.03,28.89,-0.25));
#5039=CARTESIAN_POINT('Origin',(42.0488639640483,9.09108327154404,0.149));
#5040=CARTESIAN_POINT('',(42.0488639640483,9.09108327154404,0.149));
#5041=CARTESIAN_POINT('',(32.0478543717892,9.09108327154404,0.149));
#5042=CARTESIAN_POINT('',(42.0488639640483,9.09108327154404,0.149));
#5043=CARTESIAN_POINT('',(32.0478543717892,9.09108327154404,0.449));
#5044=CARTESIAN_POINT('',(32.0478543717892,9.09108327154404,0.149));
#5045=CARTESIAN_POINT('',(42.0488639640483,9.09108327154404,0.449));
#5046=CARTESIAN_POINT('',(42.0488639640483,9.09108327154404,0.449));
#5047=CARTESIAN_POINT('',(42.0488639640483,9.09108327154404,0.149));
#5048=CARTESIAN_POINT('Origin',(42.0488639640483,1.98013291491525,0.149));
#5049=CARTESIAN_POINT('',(42.0488639640483,1.98013291491525,0.149));
#5050=CARTESIAN_POINT('',(42.0488639640483,1.98013291491525,0.149));
#5051=CARTESIAN_POINT('',(42.0488639640483,1.98013291491525,0.449));
#5052=CARTESIAN_POINT('',(42.0488639640483,1.98013291491525,0.449));
#5053=CARTESIAN_POINT('',(42.0488639640483,1.98013291491525,0.149));
#5054=CARTESIAN_POINT('Origin',(32.0478543717892,1.98013291491525,0.149));
#5055=CARTESIAN_POINT('',(32.0478543717892,1.98013291491525,0.149));
#5056=CARTESIAN_POINT('',(32.0478543717892,1.98013291491525,0.149));
#5057=CARTESIAN_POINT('',(32.0478543717892,1.98013291491525,0.449));
#5058=CARTESIAN_POINT('',(32.0478543717892,1.98013291491525,0.449));
#5059=CARTESIAN_POINT('',(32.0478543717892,1.98013291491525,0.149));
#5060=CARTESIAN_POINT('Origin',(32.0478543717892,6.09108327154404,0.149));
#5061=CARTESIAN_POINT('',(32.0478543717892,6.09108327154404,0.149));
#5062=CARTESIAN_POINT('',(32.0478543717892,6.09108327154404,0.449));
#5063=CARTESIAN_POINT('Origin',(37.0483591679187,4.03560809322965,0.449));
#5064=CARTESIAN_POINT('Origin',(37.0483591679187,4.03560809322965,0.149));
#5065=CARTESIAN_POINT('',(0.,0.,0.));
#5066=UNCERTAINTY_MEASURE_WITH_UNIT(LENGTH_MEASURE(0.01),#5084,
'DISTANCE_ACCURACY_VALUE',
'Maximum model space distance between geometric entities at asserted c
onnectivities');
#5067=UNCERTAINTY_MEASURE_WITH_UNIT(LENGTH_MEASURE(0.01),#5084,
'DISTANCE_ACCURACY_VALUE',
'Maximum model space distance between geometric entities at asserted c
onnectivities');
#5068=UNCERTAINTY_MEASURE_WITH_UNIT(LENGTH_MEASURE(0.01),#5084,
'DISTANCE_ACCURACY_VALUE',
'Maximum model space distance between geometric entities at asserted c
onnectivities');
#5069=UNCERTAINTY_MEASURE_WITH_UNIT(LENGTH_MEASURE(0.01),#5084,
'DISTANCE_ACCURACY_VALUE',
'Maximum model space distance between geometric entities at asserted c
onnectivities');
#5070=UNCERTAINTY_MEASURE_WITH_UNIT(LENGTH_MEASURE(0.01),#5084,
'DISTANCE_ACCURACY_VALUE',
'Maximum model space distance between geometric entities at asserted c
onnectivities');
#5071=UNCERTAINTY_MEASURE_WITH_UNIT(LENGTH_MEASURE(0.01),#5084,
'DISTANCE_ACCURACY_VALUE',
'Maximum model space distance between geometric entities at asserted c
onnectivities');
#5072=UNCERTAINTY_MEASURE_WITH_UNIT(LENGTH_MEASURE(0.01),#5084,
'DISTANCE_ACCURACY_VALUE',
'Maximum model space distance between geometric entities at asserted c
onnectivities');
#5073=UNCERTAINTY_MEASURE_WITH_UNIT(LENGTH_MEASURE(0.01),#5084,
'DISTANCE_ACCURACY_VALUE',
'Maximum model space distance between geometric entities at asserted c
onnectivities');
#5074=UNCERTAINTY_MEASURE_WITH_UNIT(LENGTH_MEASURE(0.01),#5084,
'DISTANCE_ACCURACY_VALUE',
'Maximum model space distance between geometric entities at asserted c
onnectivities');
#5075=(
GEOMETRIC_REPRESENTATION_CONTEXT(3)
GLOBAL_UNCERTAINTY_ASSIGNED_CONTEXT((#5066))
GLOBAL_UNIT_ASSIGNED_CONTEXT((#5084,#5086,#5087))
REPRESENTATION_CONTEXT('','3D')
);
#5076=(
GEOMETRIC_REPRESENTATION_CONTEXT(3)
GLOBAL_UNCERTAINTY_ASSIGNED_CONTEXT((#5067))
GLOBAL_UNIT_ASSIGNED_CONTEXT((#5084,#5086,#5087))
REPRESENTATION_CONTEXT('','3D')
);
#5077=(
GEOMETRIC_REPRESENTATION_CONTEXT(3)
GLOBAL_UNCERTAINTY_ASSIGNED_CONTEXT((#5068))
GLOBAL_UNIT_ASSIGNED_CONTEXT((#5084,#5086,#5087))
REPRESENTATION_CONTEXT('','3D')
);
#5078=(
GEOMETRIC_REPRESENTATION_CONTEXT(3)
GLOBAL_UNCERTAINTY_ASSIGNED_CONTEXT((#5069))
GLOBAL_UNIT_ASSIGNED_CONTEXT((#5084,#5086,#5087))
REPRESENTATION_CONTEXT('','3D')
);
#5079=(
GEOMETRIC_REPRESENTATION_CONTEXT(3)
GLOBAL_UNCERTAINTY_ASSIGNED_CONTEXT((#5070))
GLOBAL_UNIT_ASSIGNED_CONTEXT((#5084,#5086,#5087))
REPRESENTATION_CONTEXT('','3D')
);
#5080=(
GEOMETRIC_REPRESENTATION_CONTEXT(3)
GLOBAL_UNCERTAINTY_ASSIGNED_CONTEXT((#5071))
GLOBAL_UNIT_ASSIGNED_CONTEXT((#5084,#5086,#5087))
REPRESENTATION_CONTEXT('','3D')
);
#5081=(
GEOMETRIC_REPRESENTATION_CONTEXT(3)
GLOBAL_UNCERTAINTY_ASSIGNED_CONTEXT((#5072))
GLOBAL_UNIT_ASSIGNED_CONTEXT((#5084,#5086,#5087))
REPRESENTATION_CONTEXT('','3D')
);
#5082=(
GEOMETRIC_REPRESENTATION_CONTEXT(3)
GLOBAL_UNCERTAINTY_ASSIGNED_CONTEXT((#5073))
GLOBAL_UNIT_ASSIGNED_CONTEXT((#5084,#5086,#5087))
REPRESENTATION_CONTEXT('','3D')
);
#5083=(
GEOMETRIC_REPRESENTATION_CONTEXT(3)
GLOBAL_UNCERTAINTY_ASSIGNED_CONTEXT((#5074))
GLOBAL_UNIT_ASSIGNED_CONTEXT((#5084,#5086,#5087))
REPRESENTATION_CONTEXT('','3D')
);
#5084=(
LENGTH_UNIT()
NAMED_UNIT(*)
SI_UNIT(.MILLI.,.METRE.)
);
#5085=(
LENGTH_UNIT()
NAMED_UNIT(*)
SI_UNIT($,.METRE.)
);
#5086=(
NAMED_UNIT(*)
PLANE_ANGLE_UNIT()
SI_UNIT($,.RADIAN.)
);
#5087=(
NAMED_UNIT(*)
SI_UNIT($,.STERADIAN.)
SOLID_ANGLE_UNIT()
);
#5088=SHAPE_DEFINITION_REPRESENTATION(#5096,#5113);
#5089=SHAPE_DEFINITION_REPRESENTATION(#5097,#5114);
#5090=SHAPE_DEFINITION_REPRESENTATION(#5098,#5115);
#5091=SHAPE_DEFINITION_REPRESENTATION(#5099,#5116);
#5092=SHAPE_DEFINITION_REPRESENTATION(#5100,#5117);
#5093=SHAPE_DEFINITION_REPRESENTATION(#5101,#5118);
#5094=SHAPE_DEFINITION_REPRESENTATION(#5102,#5119);
#5095=SHAPE_DEFINITION_REPRESENTATION(#5103,#5120);
#5096=PRODUCT_DEFINITION_SHAPE('',$,#5122);
#5097=PRODUCT_DEFINITION_SHAPE('',$,#5123);
#5098=PRODUCT_DEFINITION_SHAPE('',$,#5124);
#5099=PRODUCT_DEFINITION_SHAPE('',$,#5125);
#5100=PRODUCT_DEFINITION_SHAPE('',$,#5126);
#5101=PRODUCT_DEFINITION_SHAPE('',$,#5127);
#5102=PRODUCT_DEFINITION_SHAPE('',$,#5128);
#5103=PRODUCT_DEFINITION_SHAPE('',$,#5129);
#5104=PRODUCT_DEFINITION_SHAPE($,$,#38);
#5105=PRODUCT_DEFINITION_SHAPE($,$,#39);
#5106=PRODUCT_DEFINITION_SHAPE($,$,#40);
#5107=PRODUCT_DEFINITION_SHAPE($,$,#41);
#5108=PRODUCT_DEFINITION_SHAPE($,$,#42);
#5109=PRODUCT_DEFINITION_SHAPE($,$,#43);
#5110=PRODUCT_DEFINITION_SHAPE($,$,#44);
#5111=PRODUCT_DEFINITION_SHAPE($,$,#45);
#5112=PRODUCT_DEFINITION_SHAPE($,$,#46);
#5113=SHAPE_REPRESENTATION('',(#3110,#3400),#5075);
#5114=SHAPE_REPRESENTATION('',(#3111,#3383,#3384,#3385,#3386,#3387),#5076);
#5115=SHAPE_REPRESENTATION('',(#3112),#5077);
#5116=SHAPE_REPRESENTATION('',(#3291),#5078);
#5117=SHAPE_REPRESENTATION('',(#3292,#3380,#3381,#3382),#5079);
#5118=SHAPE_REPRESENTATION('',(#3293),#5080);
#5119=SHAPE_REPRESENTATION('',(#3300),#5081);
#5120=SHAPE_REPRESENTATION('',(#3373),#5082);
#5121=PRODUCT_DEFINITION_CONTEXT('part definition',#5147,'design');
#5122=PRODUCT_DEFINITION('ENERGIS_FPC-1.0.0','ENERGIS_FPC-1.0.0 v1',#5130,
#5121);
#5123=PRODUCT_DEFINITION('PCB Component','PCB Component',#5131,#5121);
#5124=PRODUCT_DEFINITION('Board','Board',#5132,#5121);
#5125=PRODUCT_DEFINITION('05-20-D-0076-A-4-06-4-T',
'05-20-D-0076-A-4-06-4-T',#5133,#5121);
#5126=PRODUCT_DEFINITION('27R 1%','0402',#5134,#5121);
#5127=PRODUCT_DEFINITION('solidBody','solidBody',#5135,#5121);
#5128=PRODUCT_DEFINITION('solidLead','solidLead',#5136,#5121);
#5129=PRODUCT_DEFINITION('solidTop','solidTop',#5137,#5121);
#5130=PRODUCT_DEFINITION_FORMATION('',$,#5149);
#5131=PRODUCT_DEFINITION_FORMATION('',$,#5150);
#5132=PRODUCT_DEFINITION_FORMATION('',$,#5151);
#5133=PRODUCT_DEFINITION_FORMATION('',$,#5152);
#5134=PRODUCT_DEFINITION_FORMATION('',$,#5153);
#5135=PRODUCT_DEFINITION_FORMATION('',$,#5154);
#5136=PRODUCT_DEFINITION_FORMATION('',$,#5155);
#5137=PRODUCT_DEFINITION_FORMATION('',$,#5156);
#5138=PRODUCT_RELATED_PRODUCT_CATEGORY('ENERGIS_FPC-1.0.0 v1',
'ENERGIS_FPC-1.0.0 v1',(#5149));
#5139=PRODUCT_RELATED_PRODUCT_CATEGORY('PCB Component','PCB Component',
(#5150));
#5140=PRODUCT_RELATED_PRODUCT_CATEGORY('Board','Board',(#5151));
#5141=PRODUCT_RELATED_PRODUCT_CATEGORY('05-20-D-0076-A-4-06-4-T',
'05-20-D-0076-A-4-06-4-T',(#5152));
#5142=PRODUCT_RELATED_PRODUCT_CATEGORY('0402','0402',(#5153));
#5143=PRODUCT_RELATED_PRODUCT_CATEGORY('solidBody','solidBody',(#5154));
#5144=PRODUCT_RELATED_PRODUCT_CATEGORY('solidLead','solidLead',(#5155));
#5145=PRODUCT_RELATED_PRODUCT_CATEGORY('solidTop','solidTop',(#5156));
#5146=APPLICATION_PROTOCOL_DEFINITION('international standard',
'automotive_design',2009,#5147);
#5147=APPLICATION_CONTEXT(
'Core Data for Automotive Mechanical Design Process');
#5148=PRODUCT_CONTEXT('part definition',#5147,'mechanical');
#5149=PRODUCT('ENERGIS_FPC-1.0.0','ENERGIS_FPC-1.0.0 v1',$,(#5148));
#5150=PRODUCT('PCB Component','PCB Component',$,(#5148));
#5151=PRODUCT('Board','Board',$,(#5148));
#5152=PRODUCT('05-20-D-0076-A-4-06-4-T','05-20-D-0076-A-4-06-4-T',$,(#5148));
#5153=PRODUCT('27R 1%','0402',$,(#5148));
#5154=PRODUCT('solidBody','solidBody',$,(#5148));
#5155=PRODUCT('solidLead','solidLead',$,(#5148));
#5156=PRODUCT('solidTop','solidTop',$,(#5148));
#5157=PRESENTATION_STYLE_ASSIGNMENT((#5165));
#5158=PRESENTATION_STYLE_ASSIGNMENT((#5166));
#5159=PRESENTATION_STYLE_ASSIGNMENT((#5167));
#5160=PRESENTATION_STYLE_ASSIGNMENT((#5168));
#5161=PRESENTATION_STYLE_ASSIGNMENT((#5169));
#5162=PRESENTATION_STYLE_ASSIGNMENT((#5170));
#5163=PRESENTATION_STYLE_ASSIGNMENT((#5171));
#5164=PRESENTATION_STYLE_ASSIGNMENT((#5172));
#5165=SURFACE_STYLE_USAGE(.BOTH.,#5173);
#5166=SURFACE_STYLE_USAGE(.BOTH.,#5174);
#5167=SURFACE_STYLE_USAGE(.BOTH.,#5175);
#5168=SURFACE_STYLE_USAGE(.BOTH.,#5176);
#5169=SURFACE_STYLE_USAGE(.BOTH.,#5177);
#5170=SURFACE_STYLE_USAGE(.BOTH.,#5178);
#5171=SURFACE_STYLE_USAGE(.BOTH.,#5179);
#5172=SURFACE_STYLE_USAGE(.BOTH.,#5180);
#5173=SURFACE_SIDE_STYLE('',(#5181));
#5174=SURFACE_SIDE_STYLE('',(#5182));
#5175=SURFACE_SIDE_STYLE('',(#5183));
#5176=SURFACE_SIDE_STYLE('',(#5184));
#5177=SURFACE_SIDE_STYLE('',(#5185));
#5178=SURFACE_SIDE_STYLE('',(#5186));
#5179=SURFACE_SIDE_STYLE('',(#5187));
#5180=SURFACE_SIDE_STYLE('',(#5188));
#5181=SURFACE_STYLE_FILL_AREA(#5189);
#5182=SURFACE_STYLE_FILL_AREA(#5190);
#5183=SURFACE_STYLE_FILL_AREA(#5191);
#5184=SURFACE_STYLE_FILL_AREA(#5192);
#5185=SURFACE_STYLE_FILL_AREA(#5193);
#5186=SURFACE_STYLE_FILL_AREA(#5194);
#5187=SURFACE_STYLE_FILL_AREA(#5195);
#5188=SURFACE_STYLE_FILL_AREA(#5196);
#5189=FILL_AREA_STYLE('Steel - Satin',(#5197));
#5190=FILL_AREA_STYLE('Opaque(120,110,70)',(#5198));
#5191=FILL_AREA_STYLE('Prism Opaque',(#5199));
#5192=FILL_AREA_STYLE('Opaque(33,111,174)',(#5200));
#5193=FILL_AREA_STYLE('Opaque(230,140,20)',(#5201));
#5194=FILL_AREA_STYLE('Opaque(252,252,252)',(#5202));
#5195=FILL_AREA_STYLE('Opaque(128,128,128)',(#5203));
#5196=FILL_AREA_STYLE('Opaque(26,26,26)',(#5204));
#5197=FILL_AREA_STYLE_COLOUR('Steel - Satin',#5205);
#5198=FILL_AREA_STYLE_COLOUR('Opaque(120,110,70)',#5206);
#5199=FILL_AREA_STYLE_COLOUR('Prism Opaque',#5207);
#5200=FILL_AREA_STYLE_COLOUR('Opaque(33,111,174)',#5208);
#5201=FILL_AREA_STYLE_COLOUR('Opaque(230,140,20)',#5209);
#5202=FILL_AREA_STYLE_COLOUR('Opaque(252,252,252)',#5210);
#5203=FILL_AREA_STYLE_COLOUR('Opaque(128,128,128)',#5211);
#5204=FILL_AREA_STYLE_COLOUR('Opaque(26,26,26)',#5212);
#5205=COLOUR_RGB('Steel - Satin',0.627450980392157,0.627450980392157,0.627450980392157);
#5206=COLOUR_RGB('Opaque(120,110,70)',0.470588235294118,0.431372549019608,
0.274509803921569);
#5207=COLOUR_RGB('Prism Opaque',0.984313725490196,0.831372549019608,0.662745098039216);
#5208=COLOUR_RGB('Opaque(33,111,174)',0.129411764705882,0.435294117647059,
0.682352941176471);
#5209=COLOUR_RGB('Opaque(230,140,20)',0.901960784313726,0.549019607843137,
0.0784313725490196);
#5210=COLOUR_RGB('Opaque(252,252,252)',0.988235294117647,0.988235294117647,
0.988235294117647);
#5211=COLOUR_RGB('Opaque(128,128,128)',0.501960784313725,0.501960784313725,
0.501960784313725);
#5212=COLOUR_RGB('Opaque(26,26,26)',0.101960784313725,0.101960784313725,
0.101960784313725);
ENDSEC;
END-ISO-10303-21;
