:020000041000EA
:1000000000B5324B212058609868022188439860DF
:10001000D860186158612E4B002199600221596106
:100020000121F02299502B49196001219960352056
:1000300000F044F80222904214D00621196600F024
:1000400034F8196E01211966002018661A6600F04E
:100050002CF8196E196E196E052000F02FF8012189
:100060000842F9D1002199601B49196000215960AB
:100070001A491B48016001219960EB211966A021F2
:10008000196600F012F800219960164914480160C1
:100090000121996001BC002800D000471248134993
:1000A000086003C880F30888084703B5996A0420EC
:1000B0000142FBD001200142F8D103BD02B5186610
:1000C0001866FFF7F2FF186E186E02BD00000240BE
:1000D000000000180000070000035F00212200005C
:1000E000F4000018222000A00001001008ED00E03C
:1000F00000000000000000000000000074B24E7A12
:1001000000200420F7010010CB010010CD010010E9
:10011000C9010010C9010010C9010010C901001077
:10012000C9010010C9010010C901001031BD011042
:10013000C9010010C901001065BD0110D9BE011030
:10014000C1010010C1010010C1010010C101001067
:10015000C1010010C1010010C1010010C101001057
:10016000C1010010C1010010C1010010C101001047
:10017000C1010010C1010010C1010010C101001037
:10018000C1010010C1010010C1010010C101001027
:10019000C1010010C1010010C1010010C101001017
:1001A000C1010010C1010010C1010010C101001007
:1001B000C1010010C1010010C1010010C1010010F7
:1001C000EFF30580103800BE00BE00BE00BE00BECA
:1001D00000BE00BEF2EB88716C1104109011041087
:1001E0003802001090A31AE71E481F49086006C88D
:1001F00081F3088810471D480068002801D019487D
:10020000F3E70DA40ECC002902D000F012F8F9E7B4
:100210001749184A002000E001C19142FCD116495B
:100220008847164988471649884700BEFDE701C937
:1002300001C29A42FBD3704790110410C000002005
:10024000083A0020D84A04100000042000000420CE
:10025000D84A041000100420001004200000000000
:10026000704700000000000008ED00E0000000D032
:10027000083A002020860220D18A0110D502001001
:10028000C98A0110F8B5C04606480749091A8B10FB
:10029000C90FC91810B5491003D0044B002B00D06A
:1002A000984710BD083A0020083A002000000000DE
:1002B000054B10B5002B03D00449054800E000BFF2
:1002C000FFF7E2FF10BDC0460000000034740220BA
:1002D000A875021000B587B005F014FA134805ABF5
:1002E00004AA03A915F026FB002803D110480F49E2
:1002F00013F090FF059A0499039815F03FFA002235
:100300000C4B11000093062015F0A4F8FA20800091
:1003100014F00AFE08F084FA074808F0D1FA1EF03B
:1003200039FCF82040010BF0BDFDFEE7400D030055
:10033000E475021000C2EB0BA875021010B50D2079
:1003400013F0CEFF002201210D2013F0A1FFD024D5
:10035000802324069B01A3620C2013F0C1FF00221E
:1003600001210C2013F094FF80235B01A3620E2077
:1003700013F0B6FF002201210E2013F089FF802325
:10038000DB01A3620EF06AF8002800D110BD002046
:100390000EF0F6FAFAE7C046D0231B065868800430
:1003A000C00F7047D0231B065868C004C00F7047A9
:1003B000D0231B0658684004C00F704710B50EF0DC
:1003C0004DF8002800D110BD00200EF0D9FAFAE750
:1003D00070B504000D0007280FD80EF03FF8002874
:1003E00007D00022290020000EF004FB002809D0CD
:1003F00070BD06480BF056FDFAE7A820C0010BF0CF
:1004000051FDF5E702480BF04DFDF1E70154000006
:100410000254000070B50D0000281FD00378002B97
:100420000ED10724073303700EF018F8002811D0FE
:100430000022290020000EF0DDFA002812D070BD45
:10044000013BDCB20470072CEED9A820C0010BF0F0
:1004500029FDF4E705480BF025FDF0E704480BF013
:1004600021FDECE703480BF01DFDE8E70154000017
:10047000035400000254000070B50D0000281FD086
:100480000478072C09D00134E4B20470072C07D992
:10049000A820C0010BF006FD0DE00023002403702E
:1004A0000DF0DCFF002807D00022290020000EF00C
:1004B000A1FA002808D070BD05480BF0F3FCFAE75C
:1004C00004480BF0EFFCF6E703480BF0EBFCF2E717
:1004D00001540000045400000254000010B5072825
:1004E00000D910BD0EF08AF8FBE7C04610B514F035
:1004F00049FE002905D0FA220023920015F0F2FDF2
:1005000010BDFA21890015F0AFFDF9E7F0B54546B9
:10051000DE4657464E460024E0B5454D8BB00122DD
:100520002868524209A909941CF0CAFD0128F6D195
:10053000099B00271A68DE6890461A7991469A69E5
:100540009246DA6993461A7D022A37D020229A5CB5
:10055000059221229B5C002B1CD014F013FE801905
:100560007941002902DA012032494042059B02907C
:100570000391009352465B46494640461BF098FB68
:10058000099B1861002298680021022300941FF043
:1005900089FEC4E714F0F6FD80197941002902DADA
:1005A000012024494042059B02900391009352464A
:1005B0005B46494640461BF057FBE1E714F0E2FD7D
:1005C00080197941002902DA01201A4940420123A9
:1005D000029003915246009349465B4640461BF009
:1005E00043FB099BDA698242CBD11A6890461A799B
:1005F00091461A6A92465A6ADB689346069300232C
:10060000079314F0BFFD069A079B801859410029F3
:1006100002DA012007494042029003915B465246AC
:100620004946404600941BF043FB099BA9E7C0469E
:10063000387A0220FFFFFF7F10B5134C82B0236889
:10064000002B01D002B010BD0022042110201CF0AC
:10065000EBF92060002811D00C4BC022019302233B
:100660000B4900930B48002392001DF095FF0128D1
:10067000E8D0DA21084805F00DF9E3E7D72106486C
:1006800005F008F9E8E7C046387A022058790220D8
:10069000687602100D05001018760210F0B54F466E
:1006A0004646D646C0B590B0984618AB1F78274B43
:1006B00006009A461B680D009146002B2DD006AC13
:1006C0002422002107A816F00BFD069625711FF0C5
:1006D000F7FB4A460C924246199B0D922022099341
:1006E0000123A7540132A354237553460890223A9C
:1006F000186805A9002305941CF050FA012821D19F
:1007000001220121002052421FF0FCFC0A9810B087
:10071000E0BCBA46B146A846F0BD14F033FD002354
:10072000199A12184B41002B02DA0122084B52424F
:1007300002920393290043464A46300000971BF07B
:10074000B7FAE4E701204042E1E7C046387A0220E8
:10075000FFFFFF7FF0B54F464646D646C0B592B084
:10076000884606A94B701A9B070089461E1E0A7010
:1007700000D12C4E2C4BB24603251E0008AC33682A
:10078000002B31D02422002109A816F0A9FC4346F1
:10079000276023711FF094FB4A465346A261022250
:1007A000E3600023A060E2613068033A07A9237583
:1007B000238407941CF0F2F9012808D101220121B9
:1007C000002052421FF09EFC2069022827D0012001
:1007D000013D1EF077FB002DD1D1002012B0E0BC0E
:1007E000BA46B146A846F0BD14F0CCFC534604937B
:1007F00000230593049A059B80185941002902DAC9
:1008000001200A49404200230290039100934A4686
:100810004146380002331BF027FA0228D7D10120C5
:10082000DCE7C04650C30000387A0220FFFFFF7F9C
:10083000F0B55746DE464E464546E0B595B00F004A
:1008400002A99B468C46172363449A461A705B465E
:100850000600002B38D01E9B002B6DD09846394BDC
:10086000B946032537001E000AAC3368002B33D08D
:100870004B46276023711FF023FB4346E3600023B0
:10088000236102335A46237553462262A361012233
:100890000123A060E361636230680023524209A92A
:1008A00009941CF07BF9012808D1012201210020C4
:1008B00052421FF027FC206901283BD00120013D56
:1008C0001EF000FB002DD0D1002015B0F0BCBB46BF
:1008D000B246A946A046F0BD4346049300230593C3
:1008E00014F050FC049A059B80185941002925DB1F
:1008F00001230290039152464946380000931BF0B1
:10090000B3F90128DAD114F03DFC049A059B801854
:100910005941002902DA01200B494042002302908C
:10092000039100935A464946380001331BF0C0F941
:100930000128C3D10120C8E7044B8FE701200249F9
:100940004042D5E7387A0220FFFFFF7F50C3000006
:10095000F0B5DE4657464E464546E0B599B005909F
:100960000891002B00D1C9E0160AD7B2239A002AB9
:1009700000D17B4A22999346002950D103239846FF
:10098000784BB9469A464346B0461E000EAD02204B
:1009900020F0D0FA041E3AD0434603704B46437011
:1009A00053461B68002B00D18DE0242200210FA8A4
:1009B00016F096FB059B2B60089B2B711FF080FAAD
:1009C0005B46EB60002302222B752B845346A86004
:1009D000EA611868033A00230DA9AC610D951CF07B
:1009E000DDF8012800D0B2E00122012100205242AE
:1009F0001FF088FB2F69200020F086FB022F00D11A
:100A0000A3E00120013E1EF05DFA002EBFD10020C0
:100A100019B0F0BCBB46B246A946A046F0BD0231B3
:100A20008A4603218B464F49584689465146BB4664
:100A3000B246984607000E000EAD0992300020F035
:100A400079FA041EE3D0534603705B464146437077
:100A5000229A023016F04AFB4B461B68002B59D0F5
:100A6000242200210FA816F03BFB059B2B60089B5E
:100A70002B711FF025FA099B0122EB6000232B75D7
:100A80002B844B46A860524218680DA90023AC6124
:100A9000EE610D951CF082F801285CD10122012144
:100AA000002052421FF02EFB2B690693200020F0FD
:100AB0002BFB069B9E4248D00120013F1EF002FA0C
:100AC000002FBBD1A3E714F05DFB5B460693002328
:100AD0000793069A079B80185941002902DA0120E2
:100AE000214940420023029003910093220008997B
:100AF000059802331BF0B8F807007CE7229B002B17
:100B000000D084E7239B160AD7B2002B00D1144BE8
:100B10009B4633E714F036FB099B0A9300230B93A3
:100B20000A9A0B9B80185941002902DA01200E49CC
:100B30004042002302900391009322003300089961
:100B400005981BF091F80690B0E7012060E72000BF
:100B500020F0DAFA55E701235B420693A6E7C04688
:100B600050C30000387A0220FFFFFF7FF0B55746E0
:100B70004E464546DE46E0B5884606001F0093B067
:100B8000002B00D17EE006AB52BA9B461A801D9B1B
:100B9000002B00D170E099463E4BBA460325370042
:100BA0001E0008AC3368002B34D043462760237105
:100BB0001FF086F94B46E36000235A462361023357
:100BC0002375E3615346A261012223621C9BA0604E
:100BD000636230680023524207A907941BF0DEFFCE
:100BE000012854D101220121002052421FF08AFA2B
:100BF00020691C9B83423DD00120013D1EF062F91B
:100C0000002DCFD1002013B0F0BCBB46B246A946A0
:100C1000A046F0BD4B4604930023059314F0B2FAAE
:100C2000049A059B80185941002927DB0123029073
:100C3000039100935A464146380001331BF014F8E3
:100C4000022824D114F09EFA049A059B8018594179
:100C5000002902DA0120104940420023029003914A
:100C6000009352461C9B414638001BF021F81C9B08
:100C70008342C1D10120C6E7084B8CE70120064919
:100C80004042D3E71C9B002B00D17CE7BAE7012050
:100C90004042AEE7387A0220FFFFFF7F50C30000DA
:100CA0000523F0B5C356040085B0002B0BDB0125EE
:100CB000D0269D4036060520B5611EF003F90A20B6
:100CC00075611EF0FFF80121354D4942A0681CF006
:100CD00079FB217920230A2220680095FFF73AFD4D
:100CE000217920230B2220680095FFF733FD21791D
:100CF0000023002220680095FFF72CFD21790023B6
:100D0000012220680095FFF725FD217900230C22A0
:100D100020680095FFF71EFD0E26217900230D2285
:100D200020680F270095FFF715FD00236E446F44E0
:100D300033703B7021792068330014220095FFF74F
:100D400077FD002800D13070154B217920681522DD
:100D500000933B00FFF76CFD00281ED03B783278F3
:100D60000F4DA271E371A379217920681422DBB2BF
:100D70000095FFF7EFFCE379217920681522DBB2BB
:100D80000095FFF7E7FC01230022237300210023D5
:100D9000A0681BF003FF05B0F0BD00233870DEE74C
:100DA00088130000F0B54F464646D646C0B505004C
:100DB0000F00904682B0002862D00B00203B072B2A
:100DC0005ED8534B534C1E689946A246002E2AD03B
:100DD000226890425ED0012E22D02269954261D0D5
:100DE000022E1DD0226A954261D0032E18D0226BAC
:100DF000954262D0042E13D0226C954263D0052E0A
:100E00000ED0226D954264D0062E09D0226E9542F6
:100E100065D0072E04D0226F954266D0082E6AD086
:100E20003601A3199A4610220021504616F058F9AF
:100E30004346A551A419637100230120A3712771B2
:100E4000E37123731CF030F8A060002859D04346AA
:100E5000002B09DB404613F043FA4246012393403E
:100E6000D0221206536253614B464A461B68013337
:100E70001360504602B0E0BCBA46B146A846F0BD89
:100E80002B00254A25482649009707F019FD002325
:100E90009A46EEE722798A429DD10023A2461B01A1
:100EA0009A44E6E7227DBA429AD10123F6E724224A
:100EB000A25CBA4299D10223F0E73422A25CBA4282
:100EC00098D10323EAE74422A25CBA4297D10423D3
:100ED000E4E75422A25CBA4296D10523DEE76422FD
:100EE000A25CBA4295D10623D8E77422A25C0723FC
:100EF000BA4293D1D2E7084A0A480B4907F0E0FC0E
:100F0000C5E73B00044A0948094907F0D9FCBEE798
:100F1000844D0220884D02207076021078760210EF
:100F200010540000B876021011540000E47602104C
:100F30001254000070B5040082B0002859D001217D
:100F40002D4E494280681CF03DFA217920230A2267
:100F500020680096FFF7FEFB2179050020230B2275
:100F600020680096FFF7F6FB217900230022054058
:100F700020680096FFF7EEFBEDB2217900230122F5
:100F8000054020680096FFF7E5FB217900230C223D
:100F9000054020680096FFF7DDFB217900230D2234
:100FA000054020680096FFF7D5FBA379217914222C
:100FB0000540DBB220680096FFF7CCFBE37921798E
:100FC00015220540DBB220680096FFF7C3FB002323
:100FD000054000220021A0681BF0E0FD002D02D09A
:100FE000280002B070BD2379044A0548054907F07E
:100FF000D5FC0025F4E7C046881300007076021087
:101000001C7702101052000070B50400160082B068
:10101000002828D0057B002D22D00F2923D80723B4
:1010200001250B409D408068EDB207291DD90121A3
:1010300049421CF0C7F9002E2BD0E3792B43E37112
:10104000E379184A21792068DBB200921522FFF774
:1010500081FB0500002300220021A0681BF09EFDFB
:10106000280002B070BD0025FAE7012149421CF0BA
:10107000A9F9002E11D0A3792B43A371A379094AB2
:1010800021792068DBB200921422FFF763FB050090
:10109000E0E7E379AB43E371D2E7A379AB43A37114
:1010A000ECE7C04688130000F0B5040085B00028C6
:1010B00027D0037B002B24D00F2922D807252E0010
:1010C0008D42AD410E4001210F27494280681CF03E
:1010D00079F900236F443B706D420B4B1235217937
:1010E0002A00206800933B00FFF7A2FB00230022A8
:1010F0000021A0681BF052FD3B78012033411840CD
:1011000000E0002005B0F0BD88130000F0B5040039
:1011100017001D0083B0002849D0067B002E13D095
:101120008068002913D101391CF04CF92B00A279F9
:1011300053403B405A40A379934226D100230022DA
:101140000021A0681BF02AFD300003B0F0BD012192
:1011500049421CF037F92B00E27953403B405A409A
:10116000E3799342EAD0E271E379124A2179206867
:10117000DBB200921522FFF7EDFA002306000022F1
:101180000021A0681BF00AFDDEE7A271A379094ADD
:1011900021792068DBB200921422FFF7DBFA0023EA
:1011A000060000220021A0681BF0F8FCCCE7002616
:1011B000CAE7C0468813000070B5D02480252406F5
:1011C0006D04182013F08CF865620520A56113F0FA
:1011D000ABFE65610A2013F0A7FE172220211948F3
:1011E000FFF7E0FD184C194E182221213060200035
:1011F000FFF7D8FD0122164D23212860524220001E
:10120000FFF7D0FD134C20603068002804D0037B2A
:10121000002B01D1FFF744FD2868002804D0037B90
:10122000002B01D1FFF73CFD2068002804D0037B90
:10123000002B01D1FFF734FD0A2101200DF072FCD3
:1012400070BDC0462833002030330020104E0220ED
:101250000C4E0220144E0220014B18687047C04605
:10126000104E0220014B18687047C0460C4E0220F9
:10127000014B18687047C046144E022010B5032178
:10128000022012F0EBFF0321032012F0E7FF0022FF
:101290000121022012F0FCFF00220121032012F0A4
:1012A000F7FF0249024807F00BFB10BD5077021010
:1012B0005C770210F0B557464E464546DE46E0B52F
:1012C00005000F00160083B0002937D0002A2DD06A
:1012D0001C4B9B463F239A46402399461A4B9846FF
:1012E00009E0361B05206519B6B21DF0EBFDADB265
:1012F0003F19002E1AD053464A462B40D31A1C1CC5
:101300009BB2B34200D9341C4346A4B201932A00D5
:101310003B00502158460094FFF71AFB0028E0D10B
:101320000A480AF0BFFD0120404200E0002003B05F
:10133000F0BCBB46B246A946A046F0BD04480AF040
:10134000B1FDF0E72833002050C3000053440000F3
:101350005244000070B50C00150082B0002916D070
:101360000D4B0E4E019300920B00020050213000F5
:10137000FFF7FCFB002801D002B070BD08480AF05E
:1013800091FD2A00FF21200015F0AAFEF4E7054890
:101390000AF088FDF0E7C04650C300002833002063
:1013A0005544000054440000D02380221B069202C2
:1013B0009A617047D02380221B0692025A617047BF
:1013C000054B10B51868002804D000230022002126
:1013D0001BF0E4FB10BDC046D0850220044B10B5C5
:1013E0001868002803D0012149421BF0EBFF10BD13
:1013F000D085022010B50F4B82B01B6804009847BF
:101400000D4B1B6898476946230C0B70230A4B70E1
:10141000FF238C7001ACCB702200FB3B074826F009
:101420006FF8074B1B689847064B1B689847E07896
:1014300002B010BD184402202444022000C0034022
:10144000204402201C44022030B5124B83B01B689C
:1014500004000D009847104B2D061B689847FF228B
:1014600004231202224023432402210EDBB21B0478
:1014700011431943294304220191084801A926F088
:1014800037F8074B1B689847064B1B68984703B013
:1014900030BDC046184402202444022000C003404E
:1014A000204402201C44022070B504000D001600E8
:1014B00082B000291DD0002A1BD00F4B1B68984713
:1014C0000E4B1B68984701A9230C0B700322230ABB
:1014D0000B484B708C7026F00BF833002A00FF216C
:1014E000074825F0D5FF074B1B689847064B1B683C
:1014F000984702B070BDC046184402202444022020
:1015000000C00340204402201C44022070B50400A7
:101510000D00160082B000291ED0002A1CD00F4BEF
:101520001B6898470E4B1B689847042301A9220C9F
:1015300023430A700B480322240A8B704C7025F059
:10154000D7FF32002900074825F0D2FF064B1B6861
:101550009847064B1B68984702B070BD184402209C
:101560002444022000C00340204402201C440220E6
:1015700010B582B06B4649BA1980124B04001B6843
:101580009847114B1B6898478123DB009C46042336
:1015900000226001604401A90343000A0A704870F8
:1015A00003320A488B7025F0A3FF022269460748E0
:1015B00025F09EFF064B1B689847064B1B68984713
:1015C00002B010BD184402202444022000C0034091
:1015D000204402201C44022010B582B06B4649BA58
:1015E0001980124B04001B689847114B1B689847E1
:1015F000104B00229C4604236001604401A9034370
:10160000000A0A70487003320B488B7025F070FF97
:1016100002226946084825F06BFF084B1B68984773
:10162000074B1B68984702B010BDC0461844022003
:10163000244402200810000000C00340204402207F
:101640001C440220F0B557464546DE464E46394B0F
:10165000E0B59C464001604489B0C3B20193030ADF
:101660000293002304AC0B27A4460393324B0A25B4
:101670009B46324B67449A46314B9946314B9846CC
:1016800006E0013DEDB2002D4BD0039BB34248D0A4
:101690005B461B68984753461B6898470023237096
:1016A000029B06AA6370019B2100A370FF232648BA
:1016B000E3702371FA3B25F023FF4B461B689847E4
:1016C00043461B6898477B783A781B0213435EBAFF
:1016D000B6B2002BD5D05B461B68984753461B68B3
:1016E000984700232370029B06AA6370019B210088
:1016F000A370FF231448E3702371FA3B25F000FF29
:101700004B461B68984743461B6898477B783A7856
:101710001B0213435BBA013D9BB2EDB20393002D54
:10172000B3D1300009B0F0BCBB46B246A946A046D2
:10173000F0BDC046082000001844022024440220C6
:10174000204402201C44022000C00340F0B557464C
:101750004546DE464E46394BE0B59C464001604466
:1017600089B0C3B20193030A0293002304AC0B2790
:10177000A4460393324B0A259B46324B67449A4654
:10178000314B9946314B984606E0013DEDB2002DB4
:101790004BD0039BB34248D05B461B6898475346E7
:1017A0001B68984700232370029B06AA6370019B65
:1017B0002100A370FF232648E3702371FA3B25F034
:1017C0009FFE4B461B68984743461B6898477B78AB
:1017D0003A781B0213435EBAB6B2002BD5D05B46F3
:1017E0001B68984753461B68984700232370029B49
:1017F00006AA6370019B2100A370FF231448E370C5
:101800002371FA3B25F07CFE4B461B689847434604
:101810001B6898477B783A781B0213435BBA013DFB
:101820009BB2EDB20393002DB3D1300009B0F0BCF0
:10183000BB46B246A946A046F0BDC04608260000F9
:101840001844022024440220204402201C44022088
:1018500000C00340F0B5DE4657464E464546E0B56B
:101860008BB002910192002901D0002A06D10BB061
:10187000F0BCBB46B246A946A046F0BD8200F820A7
:101880007B4F561CF60040013B6835180392984781
:10189000784808AC036883469847FF2000222B0A4B
:1018A000A57009AD82462100227063702A000423CE
:1018B000E070714825F024FE70480368814698471F
:1018C0006F48036880469847902189018C46B4444C
:1018D0006146EB7804919B0298B23B68059098476B
:1018E00058460368984704990022080AA170514697
:1018F0000423227007902A006070E1705E48210086
:1019000025F0FEFD49460B68984741460B6898470D
:10191000942080018446E9783B68664406919847A4
:1019200058460368984750460022330A2100227027
:1019300063702A000423A670E0704F4825F0E0FD94
:10194000484603689847404603689847069EEB78E8
:1019500032029B18059A9EB2531E3340D21A90B29F
:10196000039A01990232D20006961E020392164390
:1019700082463A68814267D98C46059963445B1A6E
:101980009BB2059300281AD090475B461B68984786
:101990000423320C3343360AAB7029002A703648D0
:1019A00003226E7025F0A4FD52460299324825F0BC
:1019B0009FFD4B461B68984743461B689847059E0A
:1019C000002E1DD03B6898475B461B689847002354
:1019D000042203992B700A430B0AAA7029000322E0
:1019E00025486B7025F084FD32000299514422484D
:1019F00025F07EFD4B461B68984743461B68984779
:101A0000069A019B944663445BBA23803B689847DF
:101A10005B461B68984700232B70079B049A6B70EA
:101A200004231A432900AA701348032225F060FDFD
:101A300002222100104825F05BFD4B461B689847A9
:101A400043461B68984712E790475B461B689847D8
:101A50000423320C3343360A29002A700648032235
:101A60006E70AB7025F044FD019A0299BFE7C04645
:101A7000184402202444022000C0034020440220D5
:101A80001C440220F0B5DE4657464E464546E0B5BA
:101A90008BB002910192002901D0002A09D180481F
:101AA0000AF000FA0BB0F0BCBB46B246A946A0460D
:101AB000F0BDF02183007B4F5E1CF60049010393CB
:101AC0003B6875189847784908AC0B688B4698476F
:101AD0000023FF212370A5702B0A09AD8A462A0036
:101AE0006370E17004232100704825F009FD7049FE
:101AF0000B68894698476F490B6888469847A0212C
:101B000089018C46B4446146EB7804919B029AB2F9
:101B10003B68059298475846036898470499002304
:101B2000080AA17051462A00237007906070E17086
:101B3000043321005D4825F0E3FC49460B689847D3
:101B400041460B689847A42080018446E9783B68A9
:101B500066440691984758460368984700235046C4
:101B60002370330A2A0021006370A6700423E070FA
:101B70004E4825F0C5FC4846036898474046036830
:101B800098470699EB780A029B18059A99B2531E5A
:101B90000B40D21A069191B28A46039A01990332F8
:101BA000D2001E02039216433A68514566D98C460C
:101BB000059963445B1A9BB205935346002B19D0D9
:101BC00090475B461B689847330C2B70330A0322FF
:101BD00029006B703548AE7025F08AFC5346FF2112
:101BE000029A324825F054FC4B461B6898474346FE
:101BF0001B689847059E002E1CD03B6898475B46A3
:101C00001B6898470023039A2B70130A6B70AA7005
:101C100029000322254825F06BFC3300029A524428
:101C2000FF21224825F034FC4B461B689847434669
:101C30001B689847069A019B944663445BBA2380CD
:101C40003B6898475B461B68984700232B70079BAF
:101C5000049A6B7004231A432900AA7013480322C4
:101C600025F046FC02222100104825F041FC4B469D
:101C70001B68984743461B68984713E790475B46A5
:101C80001B689847330C2B70330A03226B702900B2
:101C90000648AE7025F02CFC019B029AC0E7C046B6
:101CA000B0240000184402202444022000C0034055
:101CB000204402201C440220F0B54546DE4657462B
:101CC0004E46E0B50D0087B0002900D173E03C4BD3
:101CD00040019C4606003B4B66449B461B68070040
:101CE0009847394B04AC9A461B6898470023FF215C
:101CF000320A0196A67005AE237002926270E170FE
:101D0000320021000433314825F0FAFB304808370F
:101D10000368814698472F48036880469847A42166
:101D200089018C465946F0780B68674403909847C0
:101D300051460B6898470023FF2123703B0A32006D
:101D40006370E170042321002048A77025F0D8FBC0
:101D500049460B68984741460B689847594603988F
:101D6000F37802029B189BB2ED186DBA0B682580C0
:101D7000984751460B68984700233370029B019A9D
:101D8000737004231343B370032231000F4825F00E
:101D9000AFFB022221000D4825F0AAFB4B461B6831
:101DA000984743461B68984707B0F0BCBB46B2460D
:101DB000A946A046F0BD08480AF074F8F4E7C0460A
:101DC00008280000184402202444022000C00340D8
:101DD000204402201C440220B124000070B51C4C99
:101DE0002368002B28D0112012F07AFAD024802307
:101DF00080259B02240663626D036361142012F048
:101E00006FFA64206562A5611DF05CF8642065616D
:101E10001DF058F80F4B104A10481A60104B114A29
:101E200028211A60104B114A1A60114B114A1A608E
:101E300006F046FD012070BD01201BF035F8206042
:101E40000028D0D10C480AF02DF80020F3E7C04656
:101E5000D085022018440220DD1300107C77021088
:101E60001C440220C113001024440220A9130010B6
:101E700020440220B5130010B2240000F0B5DE4665
:101E800057464E464546E0B585B00190002800D142
:101E900036E2F94B03AC99461B689847F74B1A2575
:101EA00098461B689847F64B04222100F548039397
:101EB00025F01EFBF44F3B689847F44E3368984773
:101EC0004B461B68984743461B689847F04B0422D3
:101ED0002100EC48039325F00BFB3B6898473368DF
:101EE00098474B461B68984743461B689847E94B01
:101EF00004222100E348039325F0FAFA3B6898474F
:101F0000336898474B461B68984743461B68984779
:101F1000E14B04222100DB48039325F0E9FA3B68FA
:101F20009847336898474B461B68984743461B6859
:101F30009847DA4B04222100D248039325F0D8FABF
:101F40003B689847336898474B461B689847434619
:101F50001B689847D24B04222100CA48039325F0FE
:101F6000C7FA3B689847336898474B461B689847C1
:101F700043461B689847CB4B04222100C14803937A
:101F800025F0B6FA3B689847336898474B461B687C
:101F9000984743461B689847C34B04222100B94821
:101FA000039325F0A5FA3B689847336898474B465A
:101FB0001B68984743461B689847BC4B0422210086
:101FC000B048039325F094FA3B68984733689847E4
:101FD0004B461B68984743461B689847B44B0422FE
:101FE0002100A848039325F083FA3B68984733689B
:101FF00098474B461B68984743461B689847AD4B2C
:10200000042221009F48039325F072FA3B68984709
:10201000336898474B461B68984743461B68984768
:10202000A54B042221009748039325F061FA3B68F1
:102030009847336898474B461B68984743461B6848
:1020400098479E4B042221008E48039325F050FAB6
:102050003B689847336898474B461B689847434608
:102060001B689847964B042221008648039325F06D
:102070003FFA3B689847336898474B461B68984738
:1020800043461B6898478F4B042221007D480393E9
:1020900025F02EFA3B689847336898474B461B68F3
:1020A000984743461B689847874B04222100754890
:1020B000039325F01DFA3B689847336898474B46D1
:1020C0001B68984743461B689847804B04222100B1
:1020D0006C48039325F00CFA3B689847336898479F
:1020E0000A201CF0EFFE7A4B9B463B004F46994678
:1020F0003B68984743461B6898475B46220002A905
:1021000002936048042325F0FBF94B461B6898476F
:1021100033689847E3786420013D9A461CF0D2FE6C
:10212000002D00D1E7E0012352461342E0D04B4698
:10213000B94668481F0006F0C3FB4B461B6898472A
:1021400043461B689847902304251B010322210066
:1021500023804C48A57025F0CBF9019B062219007D
:1021600048489A4625F0C4F93B6898473368984731
:102170004A4613689847424613689847F0231B0164
:102180000322210023803F48A57025F0B1F9534672
:102190000422991D3B48019325F0AAF93B68984712
:1021A000336898474A4613689847424613689847E9
:1021B000A023DB002380032221003248A57025F0F4
:1021C00097F9019904220A312E4825F091F93B68CC
:1021D0009847336898474A461368984742461368B9
:1021E000984780235B002380032221002548A570A7
:1021F00025F07EF9019904220E31224825F078F964
:102200003B689847336898474B461B689847434656
:102210001B689847304B042221001A48039325F08D
:1022200067F93B689847336898474B461B6898475F
:1022300043461B689847294B042221001148039309
:1022400025F056F93B689847336898474B461B681A
:10225000984743461B689847214B042221000948B0
:10226000039325F045F93B689847336898471D4824
:1022700006F026FB012037E0184402202444022007
:10228000001E0C0800C00340204402201C44022011
:10229000001F0C08001E2C08001F2C08001E4C00FC
:1022A000001F4C00001E6C00001F6C00001E8C0004
:1022B000001F8C00001EAC00001FAC00001ECC00F4
:1022C000001FCC00001EEC00001FEC00002E04F8E4
:1022D000002E00FFB077021000190407001A04D086
:1022E000001B0408D477021005B0F0BCBB46B24610
:1022F000A946A046F0BD054809F0E6FD0020F3E739
:10230000034809F0CFFD0020EEE7C046B4240000EA
:10231000B3240000F0B5CE46474680B5040083B034
:10232000002800D16FE03A4F04253B689847394EAA
:102330003368984790236A461B019380957101A9E1
:102340000322354825F0D4F806222100324825F032
:10235000CFF8324B99461B689847314B98461B681B
:1023600098473B68984733689847F0236A461B01B3
:102370009380957101A90322274825F0B9F804221A
:10238000A11D254825F0B4F84B461B6898474346E5
:102390001B6898473B68984733689847A0236A466C
:1023A000DB009380957101A903221B4825F0A0F85A
:1023B000210004220A31184825F09AF84B461B6880
:1023C000984743461B6898473B6898473368984747
:1023D00080236A465B009380957101A903220E4811
:1023E00025F086F8210004220E310B4825F080F8F4
:1023F0004B461B68984743461B68984703B0C0BCD0
:10240000B946B046F0BD074809F04CFDF6E7C046B6
:10241000184402202444022000C00340204402202B
:102420001C440220B624000010B50D4B82B01B687E
:1024300098470C4B01AC1B6898470B4B2200694630
:1024400000930A48042325F05BF8094B1B68984762
:10245000084B1B6898470120E378184002B010BD74
:102460001844022024440220002E00FF00C0034034
:10247000204402201C440220F0B5CE46474680B5D9
:102480001C4B83B098461B6898471B4F01AC3B68B8
:1024900098471A4B042221001948019325F028F887
:1024A000184E33689847184D2B6898470A201CF03F
:1024B00009FDFF231B06994602E001201CF002FDE6
:1024C00043461B6898473B6898474B46220069463D
:1024D00000930B48042325F013F8336898472B68C2
:1024E00098470323E356002BE7DB03B0C0BCB94693
:1024F000B046F0BD184402202444022000000480AD
:1025000000C00340204402201C440220F0B557467E
:102510004E464546DE46E0B54A4D0E0085B0010008
:102520002800170006F0CCF9002F00DC86E0464BAF
:1025300000240093454BBB4602930F239846444B1F
:102540000395019308E0315D009806F0B9F90F2D6D
:102550005AD001345C450FD04546434625402342BE
:10256000F1D12100019806F0ABF9315D00980134FA
:1025700006F0A6F95C45EFD15F46039D0F243C426F
:1025800033D0FB171B0FFA181440E31A9846102398
:1025900042469B1A5A00914699442E4BAA46002463
:1025A0004D46B1461E00300006F08AF92300013482
:1025B0009D42F8DA43464E465546FC1AA74211DDC5
:1025C000254B341998466826B944244F4346217850
:1025D0005B5CB34300D12E213800013406F070F962
:1025E000A145F3D1029806F06BF9029C2800210066
:1025F00006F066F9200006F063F905B0F0BCBB46B2
:10260000B246A946A046F0BD154806F059F9124B4E
:1026100025009946114B68279A460F3D4B46715D40
:102620005B5CBB4300D12E215046013506F048F9D2
:10263000A542F3DD029806F043F98AE7034B0293C3
:102640009CE7C046F477021004780210B4DD021053
:10265000F877021000780210B19F03101078021072
:102660000C78021070B51C4B1C4C82B020701A7094
:10267000002900D1A1310026194B1A4D1E601A689D
:10268000194B29801A6003F037FC207800F0D4FF42
:10269000002302212A88207801F024F82378984228
:1026A00005D0124809F0FEFB002002B070BDF020FA
:1026B0000422694600010096FEF7F6FE694601A86D
:1026C000019603F01BFC0A482B882278094906F082
:1026D000F7F80120E9E7C0468A1100208B1100209D
:1026E000D882022088110020B0820220E02400005D
:1026F0002078021014780210F0B5DE4657464E4698
:1027000045460023E0B5A5B00F931D90002801DCDD
:1027100001231D931CF01CFC0023394F1793394BE8
:10272000BB461E90169314E00223012410935B46CF
:102730001B78A12B03D89F2B01D8302B6ED03248A9
:1027400009F0B0FB179B1D9A013317939A4200D1F1
:10275000A2E31CF0FDFB1E9BC01A312800D99BE3AD
:10276000169B1878FEF7F2FF002800D194E30023AF
:1027700020AA53812393C023021C9B00984200D9B6
:102780001A1C169B20A98C4618780A2363440093D0
:10279000594692B223AB01F087FB002800DC7BE3B3
:1027A000C022C12400265B460004A400050C920050
:1027B0009D501E51154B002199461E51144B484601
:1027C0001E701393134B14931E7014F089FC2A008F
:1027D00059461148FFF79AFE5B461E514B461E5163
:1027E0005B465A785B785BB2002B9DDA7F231340FF
:1027F000012B01D100F0D9FD5C1C0233109396E748
:10280000787C02208B110020EE240000807F0220C3
:1028100004860220038602204C780210109D59463F
:102820002A00484614F062FCC12359469B00CD5053
:102830004946AC46C8585A466044C8505B460234C4
:1028400012571D1901211B5D002A01DA00F0D6FC88
:10285000109A5C469446A25C614401310C00A12AA6
:1028600001D900F0B5FC9F2A02D8302A00D05C18AC
:102870005B46109A9B5C022B01D000F0A2FD5B46E8
:102880005B5C002B01D000F09CFD13005B44A21A9E
:102890001900484416001A9214F028FCC123594626
:1028A0009B00CC504946B446CD58621C6544CD507F
:1028B0005B46995C9E189A56002A01DA00F0C9FC22
:1028C0000A0001210B195946095D01339846A129D7
:1028D00001D900F0A5FC9F2903D8302901D099180F
:1028E00088465946095D042901D000F066FDB649C5
:1028F0000978914201D000F060FD5B441800B349B3
:1029000020F0E4FB002801D000F071FD43462100D7
:1029100028001B1B1A00594448441C001B9314F048
:10292000E5FBC123404659469B00C8504946A44692
:10293000CA5801246244CA50A54B15921A5C1B5612
:10294000002B02DA7E341440013442465B469B5C25
:1029500044441A00A03A661C0C930E92012A03D933
:10296000A32B01D000F047FD434659461598F31AB2
:102970001A00414448441D001C9314F0B7FBC123C6
:1029800059469B00CE504946CA580234AF18CF5022
:102990004A46A223414653545A465B4612571819D9
:1029A00001211B5D002A01DA00F0ACFC5A46925D61
:1029B00074180134A12A01D900F05DFC9F2A02D8C5
:1029C000302A00D0E4185B463800A51B2A0099196C
:1029D000484414F08BFBC1235A469B00D4504A460E
:1029E000D05859462818D0505B46621C9D189B5CF5
:1029F0008A560121002A01DA00F073FC5A460919AF
:102A0000125D4D1C1995A12A01D900F040FC9F2AA6
:102A100003D8302A01D0199AD51821002F1B3A006B
:102A20005944484414F062FBC1235A469B00D550D8
:102A30004A46D05859463818D0505B466A1C9C18F4
:102A40009B5C8A560121002A01DA00F039FC5A46C3
:102A50004919525D013118911291A12A01D900F052
:102A600010FC9F2A05D8302A03D0189A9446634454
:102A700012932900129F59447C1B2200484414F0F1
:102A800035FBC1235A469B00D7504A46A246D2582E
:102A90000124924451464A46D1503B004C4A4C498D
:102AA000D25CCB56BF1B002B02DA7E3414400134BB
:102AB000129B5A469C46D35C64440134302B01D0AF
:102AC00000F091FC4E46129B5644E21A5B441900FA
:102AD00030001D00119214F009FBC12359469B00E0
:102AE000CC504946CA5811998C4649466244CA504E
:102AF0005A46043BD3589C4201DB00F042FC0023C1
:102B000004930393324B21970B93324B5F460D9303
:102B1000314B099343461F935346CA4620930B9B60
:102B200001251A5D1B57002B02DA7E351540013551
:102B300065196B1C9B463B5D302B01D000F010FCEF
:102B40005B46C1261A1B5346B6009B59391918001B
:102B5000504490460592069314F0C8FA5B46BB5168
:102B6000534652469B590235434493517A57079333
:102B70007E5D01237819002A00DAEBE15A465B44B6
:102B8000BA5C01330293A12A00D9AAE19F2A03D893
:102B9000302A01D0F2180292621C08925A46BA5C9E
:102BA000062A00D0A7E198460D9BB8441B689946B9
:102BB000002B00DCCFE2084B00251C000A933B00F1
:102BC0004F4699460FE0C046FCE6021000E70210AF
:102BD000797C0220F8E6021090110020013558346B
:102BE000BD4200D160E123789E42F7D132004146D8
:102BF000601C20F06BFA0028F0D14B46B9461F004C
:102C00000C9BA02B00D158E1A32B00D155E106234A
:102C100052460799013553544D4500DBA5E2C123C7
:102C2000029A9B00FA50079B5646581C991C582341
:102C30006B430A9C5144E25C3254002A44D0A446BF
:102C400063445A780A70325C012A36D99A784A70FD
:102C5000325C022A31D9DA788A70325C032A2CD9A4
:102C60001A79CA70325C042A27D95A790A71325CFF
:102C7000052A22D99B794B71335C062B1DD9582329
:102C80006B436344DA798A71325C072A15D91A7A60
:102C9000CA71325C082A10D95A7A0A72325C092A3F
:102CA0000BD99A7A4A72325C0A2A06D9DA7A8A727F
:102CB000325C0B2A01D91B7BCB72C12352469B008D
:102CC000D358079353445A78931C9C46079A0A9307
:102CD00062449046C123414652469B00D150029B1C
:102CE00001210133FC5CF818FB56002B00DA6CE183
:102CF000029B9C46FB5C614401318B46A12B00D9B1
:102D000009E19F2B03D8302B01D00B199B465B4662
:102D1000029A9E1A6B1C00D106E10E9B012B00D873
:102D200064E15823099A6B43944663445A7B029B9F
:102D30007918FB5C934200D047E3062B06D000D9FC
:102D40009DE1022B00D19EE1042B0DD158235D4360
:102D5000099B28009C4610306044220014F0C6F9FC
:102D6000099B9C466544AC734046029B3200F918AF
:102D7000504414F0BBF9C123524651469B00D2582F
:102D80009219CA505A46FA500A9B9C46089B6644C0
:102D9000FA5CFB56002B00DAEDE0069B53445E70B4
:102DA000059B9E1900D5FEE0049B9C46B4446346F7
:102DB0000493C1239B00FC58039B01330393C0235E
:102DC0009B00FB589C4200DAA9E6BB461F9BD146FC
:102DD0009846209B219F9A46119B63441193129B16
:102DE0005B445A785B785BB2002B00DAA4E253466E
:102DF000049A4B445A70119B002B00DAD7E0119BC8
:102E0000FA1843465B4459785B785BB2002B00DAD2
:102E100043E2159B4B445A70139B1B78002B07D041
:102E2000494619980B54149B18981B7801330B547E
:102E30001C9B9B1800D5BDE01B9AD31800D5BCE0A5
:102E40001A9ADA4200D5BBE0C1234A469B00D25809
:102E5000109BD41A5B4659785B785BB2002B00DA82
:102E6000E4E14B465C70169B4946187820AB5B89C1
:102E700092B2009323AB00F05BFFC1234A469B0054
:102E8000D2584946D548FFF741FB179B1D9A01339D
:102E900017939A4200D05CE4179825B0F0BCBB466B
:102EA000B246A946A046F0BD4B460125B9461F00D3
:102EB0000C9B6D42A02B00D0A6E65B465A46029CB6
:102EC0000798E31A1E00B91850441A000A9314F028
:102ED0000DF9C1235146B0469B00C858FC508044B0
:102EE000F8E6A32A00D055E6621C08925A46BA5C5E
:102EF000062A00D157E6BA4808F0D4FF089BFA5CCE
:102F0000FB56002B00DA30E2FF22069B53445A7036
:102F1000059E013E48E7A32B00D0F6E65B46029AE9
:102F20009E1A6B1C00D0F8E64046B9185044320097
:102F300014F0DCF8C123524651469B00D258921936
:102F4000CA505A46FA50149B039A1A700223139AD5
:102F5000137019E77F2333404678012B00D1E4E159
:102F6000821C0130C0181178360201320E439042A3
:102F7000F9D1013302E67F200300069913400231A4
:102F8000104200D10CE7581EC200C01A5144C000C4
:102F900033001341083A0B7001318242F8D1059B8E
:102FA0009E1900D400E7BB468E4808F07BFF8E4890
:102FB00008F078FF8D4808F075FF8D4808F072FF23
:102FC0008C4808F06FFFFFF7BDFB7F21214044785C
:102FD000012900D1A7E1831C013040181A7824028E
:102FE000013314439842F9D1013181E6434602335B
:102FF000534402934D4500DBF1E158236B43099A9A
:10300000D218517B0F91062900D1C9E05DD8022961
:103010006DD004295DD1099819008046126D1031D8
:103020008844002A08D00E33C11840469047C12377
:10303000B3469B00FB589B44404620F009FD5823B3
:10304000099A6B439446C4B263449C732200414680
:10305000029814F04BF8C12352469B00D358A61C8B
:103060009846424653460F999019995443445C70D0
:10307000C12352469B00D0505A46FA5084E6413B49
:10308000022B00D970E600200022002C08DD002071
:103090000A190B780002013118439142F9D102005C
:1030A000582309996B438C4663441A619C735B6D8A
:1030B000002B00D158E69847C12352469B00D258B6
:1030C000FB5890469B46B3444EE60B00413B022B17
:1030D0000DD9494808F0E6FEC1235246B3469B008D
:1030E000D258FB589046002402269B44B9E758204A
:1030F0006843099A13181B6D002B0BD001009446EE
:103100000E311030614460449847C123B3469B00A0
:10311000FB589B445823099A6B43944663449C7B19
:10312000002C38D023001100A61C58228C466A437C
:1031300062441169013B029ADB000800D840083B59
:103140001070180001320830F7D1C12352469B009D
:10315000D358984685E70C9BA02B00D1E7E0A32B22
:1031600000D1E4E0534607995A545B465A46029C04
:103170000798E31A1D00B91850441A000A9313F077
:10318000B5FFC1235146A84601259B00C858FC50F5
:1031900080446D429EE50424062604231100C4E702
:1031A000099819008046126D10318844002A08D011
:1031B0000E33C11840469047C123B3469B00FB58CD
:1031C0009B445823099A6B43944663449C7B3DE798
:1031D000A32A01D0FFF74BFBFFF74AFB5C780210F4
:1031E000E3240000E6240000E8240000EA240000B4
:1031F000ED240000EF240000E12400007F211940AD
:103200006B78012900D1CDE0AA1C01356D18147826
:103210001B02013223439542F9D10131FFF718FB1C
:10322000A32901D0FFF75BFBFFF75BFB7F200300C7
:103230000B40084200D116E64946013BDB00881CE2
:1032400021001941083B0170190001300831F7D104
:1032500009E67F2211407278012900D19FE0B31C5A
:103260000136761818781202013302439E42F9D1D2
:103270000131FFF727FBA32A01D0FFF7A3FBFFF7DC
:10328000A2FBA32A01D0FFF7F0FBFFF7F2FBA32A72
:1032900001D0FFF7C0FBFFF7C0FB7F2003000B400E
:1032A000084200D1B8E51599013BDB004944100004
:1032B0001841083B8870180001310830F7D1ABE5A0
:1032C0007F2119406378012966D0A21C013464185B
:1032D00017781B0201323B439442F9D10131FFF7C9
:1032E000B6FB7F2119406B78012952D0AA1C013509
:1032F0006D1817781B0201323B439542F9D1013119
:10330000FFF77CFB7F2119404378012952D0821CB2
:103310000130401814781B02013223439042F9D146
:103320000131FFF743FB0221E2E4022326E40125F9
:103330006D42C2E5002304937F210B00134011422C
:1033400000D158E55246013B0498DB004A44010095
:103350001941083B9170190001320831F7D14AE553
:103360002748BB4608F09EFD1EE67F200300069915
:1033700013400231104200D1CAE50126581E7642A0
:1033800002E60123EB566A78002BD3DB002373702F
:1033900035E50221FFF732FB0221FFF758FB02213E
:1033A000FFF790FA0221FFF753FA03230224109348
:1033B000FFF7BDF90221FFF7F9FA124808F072FD94
:1033C000FBE5114808F06EFDFAE50323139A0F4858
:1033D0001370149B039A1A7008F064FD6CE60026C3
:1033E000F4B202363DE60A4808F05CFDDFE5094824
:1033F00008F058FDE1E5084808F054FDDAE5C0465C
:10340000E4240000E9240000EC240000E224000091
:10341000E5240000EB240000E7240000024A1368C2
:10342000013313607047C046D8820220044B054A1E
:103430001B6812689B1A036004230B707047C04618
:10344000D8820220B08202200CB4F0B5DE46574686
:103450004E464546E0B58BB01593754B30269846E1
:10346000170004221E708123924642465B0053805F
:103470000023994643464A46069038000D001A71CB
:1034800020F0E6FA43460400524639005A7198711A
:103490002200D81D13F02AFE08239C46A44463464C
:1034A00005934346A4221B19DA719E3A5A7215AA53
:1034B00017780B349F724346181906AB9C463D2182
:1034C0003A00614413F012FE424640233F19D3559F
:1034D000D31952465A702A7802219A706A782B982A
:1034E000DA70AA781A71EA7899715A7101225972C0
:1034F0002C99DA719A725A734A46D97243213D0067
:103500009A732D9A18721973DE732EAB103511371A
:103510000893002A00D188E09B460023C1469A46C2
:103520000393079520E0062B44D1AB7B10351A009E
:10353000434662702370049C90462000290013F0DB
:10354000D5FD44444B460236DB19A41B5C70039B3B
:1035500002349C46A4446346039301239C462D9B5E
:10356000E2443F19534532D0042294465B46E3447B
:103570005A461D6808924B463022DE19DA55FF2361
:103580007370F93BB3702A78341D2000F270691C07
:1035900013F0ACFD2B78E4186B7B9846A31C0493C6
:1035A0004346042BBFD11035280020F051FAC3B296
:1035B0001A00BDE72370042363702B69A01C1BBA9B
:1035C000042209A90993063413F090FDBAE76B466B
:1035D000C846079D1B7B4246404605995355FBB2A2
:1035E000144C5A1A013A023B42544370207800F0BE
:1035F00023F80023A2220221207800F073F8A223EE
:1036000041462078BAB20093069B00F091FB2078E7
:1036100000F012F800200BB0F0BCBB46B246A94641
:10362000A046F0BC08BC02B018470023D3E7C04650
:10363000E48202208A110020F0B5C646070000B5DA
:10364000072843D8082398464501A8440935FF3583
:1036500010212800FDF7F8FE1BF07AFC060007E0B9
:103660001BF076FC801B04282DD801201BF02AFCBF
:103670002800FDF7BFFE041EF2D180208000FF214C
:103680004044FDF7E1FE0123BB4012490A889A43FA
:103690000A8011490A889A43104B0A807A00D45252
:1036A00000220F4BDA55C027BF00474402E001203B
:1036B0001BF008FC3800FDF79DFE0028F7D1013013
:1036C00080BCB846F0BD0D204042F9E701204042E1
:1036D000F6E7C046E4850220E68502201C8502202C
:1036E00014850220F0B5C64600B504000E00170090
:1036F000984682B0072800D9A4E0012966D08B1E25
:10370000022B00D97DE043465B0700D59DE0434690
:10371000002B02D0022900D176E02000FFF78CFFB9
:103720000F23414665019943083528003143FDF7D1
:103730008BFE002F08D14A4A4A4917887B1C9BB24E
:103740008B4200D16BE0138039006F1C2000FF37E3
:10375000FDF70EFF01213800FDF776FE1BF0F8FBA8
:10376000060007E01BF0F4FB801B042846D801206C
:103770001BF0A8FB3800FDF73DFE0028F2D1012325
:10378000474619003B40A140A340374E32888A4348
:103790001343364A338013888B431380344B6200C3
:1037A000D0520022334B1A55C0239B009C466544DF
:1037B00002E001201BF086FB2800FDF71BFE00281D
:1037C000F7D060B202B080BCB846F0BDF020042251
:1037D00001A90001FDF768FE019B002B39D043468B
:1037E0005B0732D44346002B97D021234246134235
:1037F00000D092E7204808F055FB20E00D20404221
:10380000E0E705204042DDE79B060CD543465BB26E
:10381000002B00DA81E7194808F044FB0FE0184B51
:10382000184F138090E74346DB0600D475E7434604
:103830005BB2002B00DA70E7134808F033FB062078
:103840004042BFE701204042BCE7104808F02AFB95
:10385000F5E70F4808F026FB03204042B2E7C046D8
:103860008C110020F0FF0000E4850220E685022094
:103870001C85022014850220C3240000C4240000FB
:1038800000C0FFFFEFFF0000C5240000C2240000BD
:10389000C1240000F8B50600072853D847010837AF
:1038A0003800FDF7A7FD0F230340012B47D17D1CF6
:1038B000FF3508212800FDF7C7FD1BF049FB040078
:1038C00007E01BF045FB001B042830D801201BF04B
:1038D000F9FA2800FDF78EFD0028F2D10121080039
:1038E000B0401A4B1A8882431A80194B1B88334107
:1038F00019421FD1C0239B00FD18013BFF3BFC1860
:10390000082707E02000FDF775FD074209D10A20CE
:103910001BF0D8FA2800FDF76DFD0028F2D1013028
:1039200007E03000FFF788FE0A4808F0BBFA0D20D8
:103930004042F8BD084808F0C7FA0020F9E7052022
:103940004042F6E701204042F3E7C046E685022008
:10395000E4850220C7240000C6220000F0B5C64658
:10396000060000B507285FD8440108342000FDF7A1
:1039700041FD0F230340012B50D1C0239B00E718CA
:103980003800FDF737FD13284BD10134FF340221F5
:103990002000FDF759FD1BF0DBFA050007E01BF0E6
:1039A000D7FA401B042821D801201BF08BFA2000F5
:1039B000FDF720FD0028F2D11BF0CAFA0125804650
:1039C0001B4C3800FDF716FD1C281BD82B0083402C
:1039D00023420ED1142815D1012080BCB846F0BD79
:1039E0003000FFF729FE134808F05CFA0D20404232
:1039F000F3E73000FFF720FE0F4808F053FA0420E9
:103A00004042EAE71BF0A4FA4346C01AFA235B00DF
:103A10009842E5D801201BF055FAD2E70520404234
:103A2000DBE703204042D8E701204042D5E7C0460B
:103A300001008810C9240000C8240000F0B54546E4
:103A4000DE4657464E46E0B583B0050014000091AF
:103A5000072800D9A9E00822924643019A4450461B
:103A6000FDF7C8FC0F230340012B00D0A3E0002C7E
:103A700000D19DE0C0239B00534418009846FDF7F9
:103A8000B9FC172802D01C2800D097E04F4B012723
:103A900001931B882B411F4249D1AF40F8204001C0
:103AA0005044FDF7A7FC8002061C80B2A04200D95A
:103AB000261C1BF04DFA464B81469B46B6B22800A9
:103AC000FDF7C0FD04004046FDF794FC172801D027
:103AD0001C2854D15B461B881F423AD0A64230D8DE
:103AE00028005546013532000099FF35FDF7B2FE3A
:103AF00020212800FDF7A8FC1BF02AFA040028006A
:103B0000FDF778FC00280CD01BF022FA001B0428DB
:103B100048D801201BF0D6F92800FDF76BFC0028DF
:103B2000F2D1019A300013883B4313800AE08026CB
:103B3000B60056443000FDF75DFCC30615D40007FF
:103B40002AD4002003B0F0BCBB46B246A946A0462A
:103B5000F0BDA642C4D91BF0FBF94B46C01A092898
:103B6000EFD801201BF0AEF9A9E7AF4010213000DB
:103B7000FDF76AFC019A1388BB4313808EE7280087
:103B8000FFF75AFD02F048F8012802D0114808F06A
:103B900089F907204042D5E72800FFF74DFD0E4880
:103BA00008F080F90D204042CCE701204042C9E7EF
:103BB0000E204042C6E705204042C3E702F02CF841
:103BC0000128E6D0054808F06DF9E2E7E685022015
:103BD000E4850220CC240000CB240000CA2400008D
:103BE000F0B5DE46454657464E46E0B583B0050083
:103BF00093460191072800D983E0082292464301A9
:103C00009A445046FDF7F6FB0F230340012B00D0EA
:103C10007DE05B46002B00D176E0C0239B0053443F
:103C200018009846FDF7E6FB172802D01C2800D0A4
:103C300070E01BF08DF901263A4B0700AE40994623
:103C40000BE04B461B881E4242D11BF081F9C01B82
:103C500009283DD801201BF035F92800FDF776FD35
:103C600004004046FDF7C6FB172801D01C283BD1B5
:103C7000002CE6D05F46A34534D8F02040015044E4
:103C8000FDF7B8FB8002061CBBB280B2984227D871
:103C90005446B6B20134320028000199FF34FDF7D2
:103CA000F1FE40212000FDF7CFFB1BF051F905008C
:103CB00007E01BF04DF9401B04281FD801201BF022
:103CC00001F92000FDF796FB0028F2D1300000E05A
:103CD000002003B0F0BCBB46B246A946A046F0BDEA
:103CE0003E1CD5E7271CC8E701F096FF012802D04B
:103CF0000D4808F0D7F807204042EAE70D2040427F
:103D0000E7E701204042E4E70E204042E1E70520DA
:103D10004042DEE701F080FF0128ECD0034808F0C4
:103D2000C1F8E8E7E4850220D0240000CF24000099
:103D3000F0B557464E464546DE46E0B583B01F0017
:103D40006B461B8E0600140098460191072800D987
:103D500094E0450108352800FDF74CFB0F23034094
:103D6000022B00D090E0002C00D194E03B78002B97
:103D700065D04346002B00D183E0C0239B009B46C7
:103D8000AB445846FDF736FB222800D07FE0C02325
:103D90001B01E81804223900FDF7B8FB414630004A
:103DA000FDF71AFCF8235B01E818FDF723FB8002FE
:103DB000071C80B2A0424ED81BF0CAF80123B340C2
:103DC0009846364B81469A46BFB23000FDF73AFC22
:103DD00004005846FDF70EFB222846D153464246C2
:103DE0001B881A421FD0A74237D801353A0030004D
:103DF0000199FF35FDF72EFD20212800FDF724FB5A
:103E00001BF0A6F8040007E01BF0A2F8001B042832
:103E100031D801201BF056F82800FDF7EBFA0028F6
:103E2000F2D138001AE0A742DFD91BF091F84B46D7
:103E3000C01A092811D801201BF044F8C5E77B7887
:103E4000002B96D1BB78002B93D1FB78002B90D11F
:103E50000C20404202E0271CAEE7002003B0F0BC7B
:103E6000BB46B246A946A046F0BD0D4808F01AF878
:103E700007204042F2E70D204042EFE70120404298
:103E8000ECE70B204042E9E705204042E6E7054821
:103E900008F008F8ECE70E204042DFE7E485022056
:103EA000D2240000D1240000F0B557464E464546C6
:103EB000DE46E0B585B00500894617000193072866
:103EC00000D918E1002A00D112E144010834200091
:103ED000FDF790FA8D4B80469A466B009B46534601
:103EE0005A469B5A002B4AD007220240032A0ED082
:103EF000042A0CD00026022A09D031002800FDF740
:103F0000DBFE53465A4601349E52FF340BE0013427
:103F1000FF343E1C9F4200D91E1CB6B232004946F7
:103F20002800FDF7AFFD40212000FDF78DFA1BF0C2
:103F30000FF8070007E01BF00BF8C01B04281BD884
:103F400001201AF0BFFF2000FDF754FA0028F2D13B
:103F50005A46534659469B5A52469B1B9BB2535254
:103F60006B4A002B50D15055300005B0F0BCBB4619
:103F7000B246A946A046F0BD0D204042F5E7280014
:103F8000FDF7E4FB061E00D180E007234246134004
:103F9000022B3DD153465A469B5A0134FF34002B25
:103FA000B7D102AE082231002800FDF76BFD402199
:103FB0002000FDF749FA1AF0CBFF804608E01AF01E
:103FC000C7FF4346C01A0428D6D801201AF07AFF4A
:103FD0002000FDF70FFA0028F1D1019A3378137011
:103FE00073785370B3789370F378D370B3880E9A64
:103FF0005BBA1380F2885146584652BA0A52802161
:1040000093B2434A515584E70123505D1843AAE710
:10401000062241460A4200D16FE7032B38D0042B19
:1040200000D06AE753465A469B5A0134FF34002BAE
:1040300000D06EE702AE022231002800FDF722FD1B
:1040400040212000FDF700FA1AF082FF804608E0C8
:104050001AF07EFF4346C01A04288DD801201AF0BA
:1040600031FF2000FDF7C6F90028F1D172783378CE
:10407000023A1B029B18594652469BB25352254A9C
:1040800093423BD88021224A515542E700206CE7F9
:1040900053465A469B5A0134FF34002B00D038E770
:1040A00002AE062231002800FDF7ECFC4021200082
:1040B000FDF7CAF91AF04CFF804609E01AF048FFF4
:1040C0004346C01A042800D956E701201AF0FAFE28
:1040D0002000FDF78FF90028F0D1019A3378137092
:1040E00073785370B3789370F378D370B28882E7A3
:1040F0000E20404239E70120404236E72800FFF712
:104100009BFA054807F0CEFE04482EE71C850220E6
:1041100014850220EA050000D424000017FCFFFFEC
:1041200070B51500072800D980E0072900D96DE097
:10413000444B89005B589F46440108342000FDF73A
:1041400059F90F230340012B00D072E0BC239B01DF
:104150002978E018FDF778F9012070BD3A4B40014D
:104160009C4611786044FDF76FF9F5E7374B1188ED
:104170009C4640010400090A6044FDF765F9982354
:1041800008345B012978E018FDF75EF9E4E7304B6D
:1041900040019C46042229006044FDF7B7F9DBE7A3
:1041A0001188FDF719FAD7E7440108342000FDF71C
:1041B00021F90F230340012B3BD1BC239B01E018C5
:1041C000FDF718F9002837D1651CFF35222128009A
:1041D000FDF73AF980239B009C460826644407E0DB
:1041E0002000FDF707F9064216D101201AF06AFEF9
:1041F0002800FDF7FFF80028F2D1ADE7154B40018C
:104200009C4611786044FDF71FF9A5E7124807F0B6
:1042100049FE0A204042A0E708212000FDF714F9DA
:104220000E4807F03FFE0D20404296E70120404235
:1042300093E70520404290E7094807F033FE02204B
:1042400040428AE7D8E60210081600000812000073
:10425000080C000008150000D9240000D824000034
:10426000D7240000F0B55746DE464E4645460123AA
:10427000E0B587080340BF001F4302230821034025
:104280008FB01F4308900A220F2039430AF012FD15
:10429000002800D116E101201AF014FE0A2239008C
:1042A0000F200AF007FD002800D1EDE001201AF0F0
:1042B00009FED04A10219369DB0606D4936919429E
:1042C000FCD1136893691942F8D03C201AF0FAFD2A
:1042D00010F058FF00261025C64FC74C06900791D6
:1042E000BB691D4200D0C0E00136BB691D42FCD154
:1042F0003B68A355BB691D4201D1802EF4D110F05B
:1043000041FF069A079B801A9941002900D0BFE01F
:10431000BA4B984200D9BBE001201AF0D3FD802EA1
:10432000DED1B74D2F00173FBF190F2606E0B3436C
:10433000F02B06D00135BD4200D1ACE02B78552BD7
:10434000F5D16B785A2BF5D1AE4C182229002000FC
:1043500012F0CCFE20000023A21C1730117801328D
:104360005B18DBB28242F9D1E27D9A42E2D1237836
:10437000A54AE1781370A278090212040A43217950
:10438000667B0A4311000C92A04A11606279A17900
:10439000120409020A43E1790A4311000D929C4A72
:1043A0001160227A617A120409020A43A17A0A434F
:1043B00011000A92974A1160E27A217B12040902E5
:1043C0000A431643944AE17B1660A27B0902120459
:1043D0000A43217C0A4311000992904A1160677CCC
:1043E000A27C3F0412021743E27C17438C4A1760F9
:1043F00002221A4006921B0769D40D9D002D00D1A0
:10440000B8E00C9812F0ABFD041C280012F0A7FDD8
:10441000011C201C12F03DFD824B9946089BDD00DB
:10442000EC184B46A40019594C4412F046FDA16803
:1044300012F029FD7C4B041C9A461860002E00D017
:10444000A3E00022794B111C1A60904612F07AFD0D
:10445000002800D04FE3534642461A60069B002BCB
:1044600000D161E3724B1A60F4E010F08BFE069A03
:10447000079B801A994100290AD1604B984207D8BE
:1044800001201AF01FFD2BE76A4807F00BFD10E72B
:10449000172E00D945E700230024654A1360634ABC
:1044A0001360614A1360644B0022002118680023E6
:1044B00018F074FB20000FB0F0BCBB46B246A94612
:1044C000A046F0BDD020800107F0ECFCF1E6564B91
:1044D0009A46002352461360002E00D1B2E00A989B
:1044E00012F03DFD041C300012F039FD011C201CAF
:1044F00012F0CFFC4B4B9946089BDD00EC18A40052
:104500004C44616812F0D9FCE16812F0BCFC474BE6
:1045100080469B4618605346002140461C6812F0B6
:1045200011FD002806D04046444912F013FD002832
:1045300000D1B2E100239A465B465246201C1A6025
:10454000514612F0BAFC069B041C002B02D1002F2E
:1045500000D0ACE1364D5146286012F0F3FC002843
:1045600078D10023364C2B6063780993002B76D1E9
:10457000012498E700242C4B9A461C60002E00D1A1
:1045800098E2284B9946089BDD000A9812F0E7FC58
:104590008046300012F0E3FC011C404612F079FC2A
:1045A000089BEB189B004B449846596812F085FC19
:1045B0004346D96812F067FC1C4B80461860002106
:1045C000201C9B4612F0BEFC002800D0BEE1002457
:1045D000534640461C60211C12F0B4FC0028A2D1B6
:1045E0005B461C60069B002B00D15EE1104B1C60FB
:1045F00030E0C04600400340AB74022090D003007E
:10460000AC740220183C00208E110020544102207E
:104610005041022044410220404102204C410220EE
:1046200048410220DC490220585202205052022008
:104630005452022001340000348502200000C84298
:10464000107A0220CA4A1360069A002A00D185E136
:10465000C84A1360C84C63780993002B88D0257B27
:10466000089BAB4284D10C9962698C4694446246A3
:104670000D99E37B8C4606926261A269B34694442D
:1046800062460C92A2610A9A267C9446226AE769E5
:1046900093445A46013322620136A27BDBB267445F
:1046A000F6B2E373E7612674934200D260E75210DA
:1046B000964200DA2AE2B14B002199464A46EB00C5
:1046C00008935B199B00D358181C984612F042FCC3
:1046D000002801D1AA4B9846089B00215B199B003A
:1046E0004B445B68181C9A4612F034FC002802D137
:1046F000FC239B059A46300012F036FC061C0698F7
:1047000012F02DFC311C12F0C4FB0A900C9812F030
:1047100026FC311C12F0BDFB0C90380012F01FFC7F
:10472000311C12F0B6FB071C584612F018FC311C65
:1047300012F0AFFB2278061C012A00D187E1089B0A
:104740005B199B004B449968DB6806919B46022AE3
:1047500000D12DE1033A012A00D9D7E1A368002155
:10476000181C9A4612F0E6FB002800D0CEE100218A
:10477000381C12F0DFFB002800D0C7E10021301CFC
:1047800012F0D8FB002800D0C0E1311C381C12F018
:1047900080FB002112F0CEFB002800D0B6E153468A
:1047A0005846191C099312F071FB391C8246301CC3
:1047B00012F06FFB011C504612F07FFB82465846F8
:1047C00012F0F4FB04900591099812F0EFFB0290AF
:1047D0000391504612F0EAFB6A4E6B4F0090019134
:1047E0002A003100380004F06BF800230993089B7D
:1047F00042465F194B46BF00DA51069B4F44BB60EF
:1048000053467B605B464046FB605D4912F041FBCE
:104810005E49804612F051FB5D493861404612F016
:104820004CFB5C4B099ABB61CA2378613B77002A39
:1048300000D17B7F089A28005119890049444B77A1
:1048400007F098FD2A003100534804F039F824227B
:10485000A35C0133A354257B6A1C637BD2B29342D1
:1048600000D9E6E02378012B00D1E0E0022B00D153
:10487000DBE0042B00D1D6E0032B00D1D1E0474A86
:1048800025212423615CE35C45480091310004F05C
:1048900017F800232380012405E6211C404612F06E
:1048A0000CFB069B041C002B46D1002F44D009981A
:1048B00012F055FB8046380012F051FB011C4046B7
:1048C00012F0E7FA089B9C464B466544AD005959E7
:1048D0004D4412F0F2FA696812F0EFFA254D00210A
:1048E0002860071C12F020FB002826D12D49381C17
:1048F00012F030FB002820D12B49201C12F02AFB9B
:10490000002800D108E1211C381C12F0BCFA40003C
:10491000211C400812F0BDFAFC21890512F01AFB97
:10492000002800D1F8E02C601E49201C12F012FB78
:10493000002800D015E68DE60E4D00212C60201CCD
:1049400012F000FB002800D10BE6EDE71749201C10
:1049500012F000FB002800D039E6DCE5002F00D182
:1049600076E6064B9946089BDD0000249FE7C0468B
:104970005052022054520220107A0220DC490220B8
:10498000D7A3F03FA478021030790210007EE549E9
:1049900000007A446F12033B7C7902108C7802107D
:1049A000D079021000401C47CDCCCC3D0000C8435C
:1049B00067680021381C12F0CDFA002800D1A5E06C
:1049C00000210A9812F0C6FA002800D19EE00C9B44
:1049D0000021181C984612F0BDFA002800D195E07D
:1049E0000698391C12F052FA0A99061C404612F039
:1049F00050FA011C301C12F060FA8046381C12F08C
:104A0000D5FA02900391404612F0D0FA4A4E009037
:104A100001912A003100494803F052FF0023099315
:104A2000E5E6474A2CE7474A2AE7474A28E7474A44
:104A300026E70023310046482273E3732374636141
:104A4000A361E361236203F03BFF01242BE50C9B90
:104A50000021181C9B4612F07DFA002841D05946CF
:104A60000A9812F016FA414612F027FA069012F050
:104A70009DFA0A900B910021301C12F06BFA00286D
:104A80002AD0311C381C12F004FA514612F015FAE3
:104A9000834612F08BFA02000B00274E029203931A
:104AA0000A9A0B9B3100009201932A482A0003F0D6
:104AB00007FF9CE6284B1C60201C002112F0FDF92A
:104AC000069B041C002B00D090E5002F10D0234B38
:104AD0009946089BDD00EAE60021002200238B4670
:104AE000DBE7002300220A920B9300230693C2E720
:104AF0001B4D2C6018E71B49201C12F02BFA0028D4
:104B0000DAD05346424644461A60D5E72522A35CD4
:104B1000094E0133A3549FE60021381C12F012FA0B
:104B2000002800D096E51CE5002F00D01DE70C4DB5
:104B300044462A60F8E6C046A4780210F0780210D5
:104B4000947802107C780210747802106C7802104D
:104B5000A8790210B078021050520220DC490220DD
:104B6000545202200000C843F0B54546DE46574681
:104B70004E46E0B5A94B87B05D78002D00D0D1E05E
:104B8000A74E04AB3478DF1D39002000DD7109F039
:104B900075FC3F78A34B1F55072C00D9B0E010F0EF
:104BA000F1FAA14B00909A46A3009846534642461C
:104BB0009B5801919946002F00D1CEE09B4FE30016
:104BC0009B46FB181A685B681100194300D0DDE0B2
:104BD000009A019B5F4449463A607B604246944B91
:104BE0009950944B6421186818F0ECFB012800D10F
:104BF000BCE02300002D03D107233278013213409B
:104C00003370072C00D086E08B4D00212C68201CCF
:104C100012F098F9002806D08849201C12F084F977
:104C2000002800D0E2E000246E680021301C12F061
:104C300089F9002806D08149301C12F075F9002846
:104C400000D0CDE0AE680021301C12F07BF90028C6
:104C500006D07A49301C12F067F9002800D0B9E07C
:104C6000EE680021301C12F06DF9002806D073495F
:104C7000301C12F059F9002800D0A5E02E6900215F
:104C8000301C12F05FF9002806D06C49301C12F07D
:104C90004BF9002800D0B5E06E690021301C12F0FD
:104CA00051F9002806D06549301C12F03DF9002862
:104CB00000D0A1E0AE690021301C12F043F90028B9
:104CC00006D05E49301C12F02FF9002800D09FE07A
:104CD000ED690021281C12F035F900280AD0574947
:104CE000281C12F021F9002804D0201C291C12F0E5
:104CF000CDF8041C0122524B1C60524B1A700AE082
:104D00004B4B5148A400E55007F0CCF8072332780C
:104D100001321340337007B0F0BCBB46B246A9461F
:104D2000A046F0BD1C7B04ABDF1D00233C4E3900C8
:104D300020003B709846347009F0A0FB3F78394B57
:104D40001F55072C00D82AE74146394BA2003E48A0
:104D5000D15007F0A7F83470DDE73C4B334F1A68A9
:104D60005B6800920193E3009B4631E72000FFF768
:104D700079FA002800D13CE74146354A354B1268A4
:104D80005A50354A2C4B12685A5032E70098019914
:104D9000801A994101225242D31712184B410292B4
:104DA0000393039B002B00D012E72C4B029A9A42EC
:104DB00000D90DE700232A4A11F07CF981445346BB
:104DC00042464946995003E7201C311C12F05EF818
:104DD000041C53E7201C311C12F058F8041C3FE758
:104DE000201C311C12F052F8041C2BE7201C00215F
:104DF00012F04CF8041C17E7201C311C12F046F886
:104E0000041C57E7201C311C12F040F8041C43E737
:104E1000201C311C12F03AF8041C59E7107A0220C9
:104E2000F585022090490220FC4A0220583A0020D1
:104E30009849022034850220704902200000C842AF
:104E4000E0820220FE8502200234000080990310D7
:104E500058520220B8490220505202207E969800F3
:104E600040420F0010B507280ED8094B8000C458E7
:104E70000021201C12F066F8002805D00549201CEE
:104E800012F052F8002800D10024201C10BDC046AA
:104E9000B84902200000C84310B507280ED8094BB6
:104EA0008000C4580021201C12F04CF8002805D0C6
:104EB0000549201C12F038F8002800D10024201CDD
:104EC00010BDC046704902200000C84270B50728D6
:104ED00024D8134B84001D590021281C12F032F8ED
:104EE000002805D00F49281C12F01EF8002800D118
:104EF00000250D4B00211C59201C12F023F800281E
:104F00000AD00A49201C12F00FF8002804D0291CEE
:104F1000201C11F0D2FF70BD0024F8E70020FAE752
:104F2000B84902200000C843704902200000C8426E
:104F300003000020072B02D8014A9B0098587047B5
:104F40009849022003000020072B01D8014AD05CB9
:104F50007047C04690490220014B18687047C04610
:104F6000E0820220034A1378D8B2002B01D000233C
:104F700013707047FE850220F0B5DE464E4645466A
:104F80005746E0B5454B8BB019004548994603F0AC
:104F900097FC444B00269846FC239B059B46424DBC
:104FA00001AC54E00021206811F0D4FF002801D1A9
:104FB000434623600021606811F0CCFF002801D136
:104FC0005B466360A3683949181C9A4611F0C2FF1A
:104FD000002805D05046364911F0A6FF002801D11F
:104FE0000023A360E3683149181C9A4611F0B2FF10
:104FF000002805D050462E4911F096FF002801D117
:105000000023E3600021206911F0A4FF002801D1F2
:10501000284B23610021606911F09CFF002801D119
:10502000234B63610021A06911F094FF002801D196
:10503000214BA3612B00220083CA83C383CA83C38D
:105040000136F6B283CA83C32435082E1AD0210054
:1050500030000AF039F90028A4D043462B605B46A3
:105060006B600023AB60EB60124B01362B61104B81
:10507000F6B26B61104BAB6101235B42AB8324350D
:10508000082EE4D149460D4803F01AFC0BB0F0BCE1
:10509000BB46B246A946A046F0BDC046A478021061
:1050A0000C7A0210D7A3F03FDC49022000007AC43A
:1050B00000007A44007EE5496F12033B3C7A0210FF
:1050C00070B52B4E2B48310003F0FAFB012017F08E
:1050D000EBFE294B1860002846D09621274849014D
:1050E00010F0ECF8022101200FF0B8F802210020A6
:1050F0000FF0B4F8012301220821204810F06EF9C6
:105100001F4B20221C685D6800211E4811F0E8FF3B
:105110001D4B082200211D481C605D609C60DD6005
:105120001C615D619C61DD611C625D629C62DD628F
:105130001C635D639C63DD6311F0D2FF20220021BC
:10514000134811F0CDFF20220021124811F0C8FFB2
:1051500000212022104811F0C3FFFFF70DFF31009E
:105160000E4803F0ADFB70BD0D4806F09BFEFAE75C
:10517000A4780210647A02103485022000400340B3
:1051800080990310FC4A0220583A002090490220DE
:10519000B84902207049022098490220907A0210F2
:1051A0000334000010B5124B5A78002A19D102219D
:1051B000FF3119800021596099600E490E4CD96069
:1051C00000210E48197421009A845A619A61DA61AB
:1051D0001A6203F075FB0A48210003F071FB0120FD
:1051E00010BD0848044903F0D9FB0020F8E7C04689
:1051F000107A022000080A00A4780210EC7A02104B
:10520000307B0210B47A021070B50400072826D84B
:10521000144B5A78002A1ED10221FF311980002137
:1052200059609960411C59730A21D98100210E4DA2
:1052300018739A8419745A619A61DA611A622900A2
:1052400022000A4803F03CFB09482200290003F031
:1052500037FB012070BD0449064803F09FFB002086
:10526000F8E7C046107A0220A4780210607B021092
:105270009C7B0210B47A021070B50025291C041C16
:1052800011F058FE002825D1134B5A78002A1DD161
:1052900081214900198011495C60D96000219A84FC
:1052A0005A619A61DA611A629D601974201C11F0CA
:1052B0007DFE0B4C02000B000A48210003F000FBAE
:1052C0000948210003F0FCFA012070BD0449074899
:1052D00003F064FB0020F8E7107A022000080A00BF
:1052E000A4780210D07B02101C7C0210B47A021049
:1052F000F0B5040083B00D1C072832D80026281C06
:10530000311C11F017FE00282BD1174B5A78002AB8
:1053100023D1812149001980611C59730A21D98147
:1053200000219E609A845A619A61DA611A625D6016
:105330001C731974281C11F039FE0C4F0C4E009090
:10534000019122003900300003F0BAFA0948220026
:10535000390003F0B5FA012004E00449064803F0DF
:105360001DFB002003B0F0BD107A0220A4780210CB
:105370005C7C0210A07C0210B47A0210F0B504002C
:1053800083B00D1C072832D80026281C311C11F0D0
:10539000D1FD00282BD1174B5A78002A23D10421A4
:1053A000FF311980611C59730A21D98100215E6087
:1053B0009A845A619A61DA611A629D601C73197449
:1053C000281C11F0F3FD0C4F0C4E009001912200AF
:1053D0003900300003F074FA09482200390003F064
:1053E0006FFA012004E00449064803F0D7FA0020D0
:1053F00003B0F0BD107A0220A4780210D87C02100D
:10540000247D0210B47A021070B50025291C041CFA
:1054100011F090FD002825D1134B5A78002A1DD198
:1054200082214900198011499C60D96000219A8429
:105430005A619A61DA611A625D601974201C11F078
:10544000B5FD0B4C02000B000A48210003F038FAAE
:105450000948210003F034FA012070BD04490748CF
:1054600003F09CFA0020F8E7107A022000080A00F6
:10547000A4780210607D0210AC7D0210B47A021094
:10548000014B58787047C046107A0220F0B5464666
:10549000D6464F46C0B5804684B0072805D904B02B
:1054A000E0BCBA46B146A846F0BD42462E492F4858
:1054B00003F006FA2E4B9A464346DB001C00994641
:1054C00053464444A400185911F070FD544406009A
:1054D00060680F0011F06AFD264D32003B0000901D
:1054E0000191280003F0ECF9A06811F05FFD0600BF
:1054F000E0680F0011F05AFD1F4D32003B00009094
:105500000191280003F0DCF9206911F04FFD06003D
:10551000A0690F0011F04AFD02900391606911F03B
:1055200045FD164D3B00009001913200280003F02C
:10553000C7F9237FCA2B0CD04B4643449B005344EE
:105540005B7F0F49CA2B0CD00D4A0E4803F0B8F907
:10555000A5E74B4643449B0053445B7F0A49CA2B53
:10556000F2D1094AF1E7C046A4780210FC7D02108E
:10557000DC490220147E0210287E0210407E0210B8
:10558000F87D0210607E0210F47D021070B50400F8
:1055900088B00B00144A2021684613F02DFA200031
:1055A00069461EF0DFF8041E14D068461EF050FA5B
:1055B0002618262130001DF031FE00280FD0851B53
:1055C0007F2D0AD8094C2A003100200011F08EFDF1
:1055D00000236355200008B070BD7F25F2E730003E
:1055E0001EF036FA3018EAE7807E0210508502205D
:1055F000F0B50378002B0CD00200110001322B2BE8
:105600002DD0252B08D001300B700378002BF4D15E
:10561000100000230370F0BD44782500303DEEB249
:10562000092E1FD92500413D052D24D92500613DB6
:10563000052DE8D8573C85782E00303EF7B2092F6B
:1056400017D92E00413E052E17D92E00613E052E9A
:10565000D9D8573D24012C43E3B20330D4E70130BD
:105660000B3BD1E72C0085782E00303EF7B2092F96
:10567000E7D83500EEE7373CDDE7373DEAE7C046DF
:1056800030B5040087B0002835D06D46811D042256
:10569000A81D11F02BFD21000E2004220E316844BC
:1056A00011F024FD21000A2004220A31684411F07F
:1056B0001DFD2100122004221231684411F016FD54
:1056C00006222100684611F011FDA37D6846013BCA
:1056D0005A425341AB75FCF71DFE6846FCF7CEFB02
:1056E000041E01D1002403E00A21012009F06AFA16
:1056F000200007B030BD024806F0D4FB0024F7E7D5
:105700000174000070B5154C154B22689A4202D105
:10571000A388012B1FD0134D2A222800002111F04D
:10572000DFFC0F4B063D2B600123AB80A3600E4BCB
:105730009A68E260DA6822611A6962615A69A26154
:105740009A69E261DA6922621A6A62625A6AA2623C
:105750009B6AE36270BDA3680133E7E720860220FD
:1057600050414E53268602200080054070B5204CE3
:10577000204B226882B09A4202D1A388012B0BD021
:105780001D4C200003F09CF81C4803F099F8200001
:1057900003F096F802B070BD174D280003F090F8A2
:1057A000174803F08DF8E268A168164803F088F8FE
:1057B000154803F085F8E669A36962692169134811
:1057C000009603F07DF8E66AA36A626A216A1048CF
:1057D000009603F075F8280003F072F8200000230B
:1057E000202200211030E36011F07AFCD2E7C0469D
:1057F0002086022050414E53847E0210C07E02104B
:10580000F47E0210287F0210547F02107C7F021069
:10581000BC7F0210044A10B513680133136019F0FD
:1058200097FB024B186010BD284E02202C4E022020
:10583000014B18687047C046284E022010B5064B31
:10584000064CE3607346236160611AF01BFBA061A4
:10585000034808F00FFDFEE7F200EFBE00800540B0
:10586000FC7F021010B5084B084CE36073462361BF
:105870001AF026FB606100201AF004FBA0610448C6
:1058800008F0F8FCFEE7C046F300EFBE00800540DC
:10589000FC7F0210054B064A10B5DA6072460548D7
:1058A0001A61596108F0E6FCFEE7C0460080054039
:1058B000F400EFBEFC7F021070B5214D00212C00DA
:1058C0002800942211F00CFC1E4B083C23601E4B58
:1058D0000120636001231D4994355B422278013425
:1058E0005A405308024052420A4053405A0803406B
:1058F0005B420B405A405308024052420A40534018
:105900005A0803405B420B405A405308024052423F
:105910000A4053405A0803405B420B405A40530828
:10592000024052420A4053405A0803405B420B4037
:105930005340AC42D2D1DB43054A936070BDC046B0
:1059400058860220474C524302009C002083B8ED49
:1059500050860220F8B54F4C4F4B226805009A4202
:1059600002D1A388022B54D0FFF7A6FFE16B0029D8
:1059700002D0A9424BD8691AE56380250F22635DE6
:105980001340180001331A40625581221030800004
:105990002150A35C0F2B01D80133A3540023250011
:1059A0000126200001213D4AA3609C357642037800
:1059B000013073405E080B405B42134073405E0849
:1059C0000B405B4213405E4073080E407642164027
:1059D00073405E080B405B4213405E4073080E400C
:1059E0007642164073405E080B405B4213405E40B7
:1059F00073080E407642164073405E080B405B42CF
:105A000013405E40A842D2D1F643A660F8BD002103
:105A1000B2E7E3889C2BA7D1A36827009C4600230C
:105A2000260001201D49A3609C37013B32780136D6
:105A30005A405308024052420A4053405A08034019
:105A40005B420B405A405308024052420A405340C6
:105A50005A0803405B420B405A40530802405242EE
:105A60000A4053405A0803405B420B405A405308D7
:105A7000024052420A4053405A0803405B420B40E6
:105A80005340B742D2D16246DB43A2609C4500D16D
:105A90006CE769E750860220474C52432083B8EDFB
:105AA000F8B54B4C4B4B226805009A4202D1A388B3
:105AB000022B4CD0FFF700FF002D47D02A7800239F
:105AC000002A08D0444901E0172B04D0CA540133FE
:105AD000EA5C002AF8D100222500012620000121DD
:105AE000E31884331A70A2603C4A9C3576420378EE
:105AF000013073405E080B405B42134073405E0808
:105B00000B405B4213405E4073080E4076421640E5
:105B100073405E080B405B4213405E4073080E40CA
:105B20007642164073405E080B405B4213405E4075
:105B300073080E407642164073405E080B405B428D
:105B400013405E40A842D2D1F643A660F8BDE38878
:105B50009C2BAFD1A36827009C4600232600012080
:105B60001E49A3609C37013B327801365A405308E6
:105B7000024052420A4053405A0803405B420B40E5
:105B80005A405308024052420A4053405A080340C8
:105B90005B420B405A405308024052420A40534075
:105BA0005A0803405B420B405A405308024052429D
:105BB0000A4053405A0803405B420B405340B742EF
:105BC000D2D16246DB43A2609C4500D174E771E705
:105BD00050860220474C5243D48602202083B8EDE1
:105BE000002210B5084B094C1A7022702378002B44
:105BF00005D10A21012008F095FF012323700449F3
:105C0000044802F05DFE10BD1286022015860220B7
:105C10000880021014800210014B1878C0B270473F
:105C20001286022070B5184D2B78012B27D0174C07
:105C30001748210002F044FE08F036FD322008F03B
:105C40009FFE3221002008F01DFF3221002008F0C5
:105C5000B9FF3221012008F065FFD0238022012600
:105C60001B0652032E709A610FF08CFA094B21002B
:105C700009481E7002F024FE02F0AEFE70BD074817
:105C800006F022F9FAE7C0461286022008800210C8
:105C900048800210158602206C80021010620000FD
:105CA00070B51C4C2378002B2FD002F0A1FE1A4DAA
:105CB0001A48290002F004FED02380221B06184E49
:105CC00052035A613378002B18D00A21002008F0C3
:105CD00079FF0BF0BFF8002329001248237002F06F
:105CE000EFFD8822104B11499950083ADA67104BA2
:105CF0001A68012393430F4A136070BD0A210120E3
:105D000008F010FF01233370DFE70B4806F0DCF8E2
:105D1000F3E7C04612860220088002108C80021031
:105D200015860220B080021000000540FFFF000031
:105D300078000540781005401162000070B50FF042
:105D400021FA002948D0FA220023920010F0CAF963
:105D50000400414B1B78DDB2012B10D000223F4BD9
:105D60001A603F4B01321A703E4B1B78002B05D056
:105D70003D4B3E4A1B681B041B0C136070BD374A29
:105D80001368002B2ED1364B394E1D7033781460BA
:105D9000002B55D0334D2B78002B38D0354B18685D
:105DA00000284AD0FA21201AC90010F05DF9080035
:105DB000FA2103048900884248D3C01A2E4B9C461E
:105DC000604410F051F90300274A126853401B0445
:105DD000264A1B0C1360D1E7FA21890010F044F920
:105DE0000400B6E7FA21E31A89008B42D2D314608B
:105DF00001221B4B1E4E1D7855401D7033789D426D
:105E0000C8D00A21280008F08DFE3570C2E70421B1
:105E10001C200EF023FA8822184B19499950083A91
:105E2000DA67184B1A68012319009143164A11606A
:105E30002B70104B1C60002C00D11C600023C3E7AA
:105E40000A21012008F06EFE3570A3E7181A10F041
:105E50000BF90300B8E7C04612860220147B02202B
:105E60008F11002014860220840005408410054014
:105E700015860220087A022030F8CF07000005407E
:105E8000FFFF0000780005407810054010B504229F
:105E90000C00034911F02AF90423237010BDC046F9
:105EA000E880021010B519220C00034911F01EF908
:105EB0001923237010BDC046F080021010B51322C4
:105EC0000C00034911F012F91323237010BDC046D2
:105ED0000C810210F8B50E0007000BF0C1F90500A7
:105EE0001DF0B6FDFF22040029000240380011F029
:105EF000FDF83470F8BDC0467047C04670B5AEB00E
:105F000004000D0058220B4918A811F0EFF80023E7
:105F1000094E1793169319A9013354226846159315
:105F200011F0E4F8320029002000189BFDF78CFAEC
:105F30002EB070BD08E7021000E7021070B590B0F7
:105F40000AAC060020000D0006F06CF800280ED008
:105F5000617AA3790291217A30000191E179084AAE
:105F60000091102112F048FD287010B070BD04A8F7
:105F70000AF09EF91722200004A911F0B7F8E7E70C
:105F80002081021070B590B00AAC060020000D0010
:105F900006F048F800280ED0617BA37A0291217B9D
:105FA00030000191E17A084A0091102112F024FD9D
:105FB000287010B070BD04A80AF07AF917222000EA
:105FC00004A911F093F8E7E72081021070B590B0B2
:105FD0000AAC060020000D0006F024F800280ED0C0
:105FE000617CA37B0291217C30000191E17B084A16
:105FF0000091102112F000FD287010B070BD04A8AF
:106000000AF056F91722200004A911F06FF8E7E70B
:106010002081021070B590B00AAC060020000D007F
:1060200006F000F800280ED0617DA37C0291217D4E
:1060300030000191E17C084A0091102112F0DCFC53
:10604000287010B070BD04A80AF032F917222000A1
:1060500004A911F04BF8E7E72081021070B592B067
:106060000CAC060020000D0005F0DCFF002813D06A
:10607000617923780491217930000391E1780B4A0A
:106080000291A178019161780091122112F0B4FC83
:1060900011232B7012B070BD06A80AF009F917225F
:1060A000200006A911F022F8E2E7C0462C81021078
:1060B00030B583B06A46002305000C000020D11CD7
:1060C0000193D37008F07AFB002802D06B46DB788E
:1060D00001930422280001A911F008F8002C01D036
:1060E0000423237003B030BD30B583B06A4600236B
:1060F00005000C000120D11C0193D37008F05EFB59
:10610000002802D06B46DB7801930422280001A905
:1061100010F0ECFF002C01D00423237003B030BD3D
:1061200030B583B06A46002305000C000220D11C64
:106130000193D37008F042FB002802D06B46DB7855
:1061400001930422280001A910F0D0FF002C01D0F7
:106150000423237003B030BD30B583B06A460023FA
:1061600005000C000320D11C0193D37008F026FB1E
:10617000002802D06B46DB7801930422280001A995
:1061800010F0B4FF002C01D00423237003B030BD05
:1061900030B583B06A46002305000C000420D11CF2
:1061A0000193D37008F00AFB002802D06B46DB781D
:1061B00001930422280001A910F098FF002C01D0BF
:1061C0000423237003B030BD30B583B06A4600238A
:1061D00005000C000520D11C0193D37008F0EEFAE5
:1061E000002802D06B46DB7801930422280001A925
:1061F00010F07CFF002C01D00423237003B030BDCD
:1062000030B583B06A46002305000C000620D11C7F
:106210000193D37008F0D2FA002802D06B46DB78E5
:1062200001930422280001A910F060FF002C01D086
:106230000423237003B030BD30B583B06A46002319
:1062400005000C000720D11C0193D37008F0B6FAAA
:10625000002802D06B46DB7801930422280001A9B4
:1062600010F044FF002C01D00423237003B030BD94
:106270001300002200B583B000210192002B01D051
:10628000002805DC0022002008F0D2FA03B000BD8F
:106290000200042808D8190001A810F027FF01996E
:1062A0004B1E9941C9B2EDE71900042201A810F074
:1062B0001DFF01994B1E9941C9B2E3E7130000226B
:1062C00000B583B000210192002B01D0002805DC2D
:1062D0000022012008F0ACFA03B000BD020004283F
:1062E00008D8190001A810F001FF01994B1E99412F
:1062F000C9B2EDE71900042201A810F0F7FE0199D8
:106300004B1E9941C9B2E3E71300002200B583B0E8
:1063100000210192002B01D0002805DC0022022080
:1063200008F086FA03B000BD0200042808D819005E
:1063300001A810F0DBFE01994B1E9941C9B2EDE7AF
:106340001900042201A810F0D1FE01994B1E9941B9
:10635000C9B2E3E71300002200B583B00021019227
:10636000002B01D0002805DC0022032008F060FA91
:1063700003B000BD0200042808D8190001A810F0DD
:10638000B5FE01994B1E9941C9B2EDE719000422EF
:1063900001A810F0ABFE01994B1E9941C9B2E3E789
:1063A0001300002200B583B000210192002B01D020
:1063B000002805DC0022042008F03AFA03B000BDF2
:1063C0000200042808D8190001A810F08FFE0199D6
:1063D0004B1E9941C9B2EDE71900042201A810F043
:1063E00085FE01994B1E9941C9B2E3E713000022D3
:1063F00000B583B000210192002B01D0002805DCFC
:106400000022052008F014FA03B000BD02000428A1
:1064100008D8190001A810F069FE01994B1E994196
:10642000C9B2EDE71900042201A810F05FFE01993E
:106430004B1E9941C9B2E3E71300002200B583B0B7
:1064400000210192002B01D0002805DC002206204B
:1064500008F0EEF903B000BD0200042808D81900C6
:1064600001A810F043FE01994B1E9941C9B2EDE716
:106470001900042201A810F039FE01994B1E994120
:10648000C9B2E3E71300002200B583B000210192F6
:10649000002B01D0002805DC0022072008F0C8F9F5
:1064A00003B000BD0200042808D8190001A810F0AC
:1064B0001DFE01994B1E9941C9B2EDE71900042256
:1064C00001A810F013FE01994B1E9941C9B2E3E7F0
:1064D000002310B582B00C00042201A9019310F032
:1064E00005FE0423237002B010BDC046002300B592
:1064F00083B0111E019301D0002801DC03B000BD60
:106500000200042811D801A810F0F0FD019B002B17
:10651000F4D0FA20400008F0B5F90028EED18A2125
:106520000348890102F03AFAE8E70422EBE7C046A3
:106530004C810210002310B582B00C00042201A986
:10654000019310F0D3FD0423237002B010BDC046A8
:10655000002300B583B0111E019301D0002801DC97
:1065600003B000BD0200042810D801A810F0BEFD41
:10657000019B002BF4D0FA20400008F0C5F9002858
:10658000EED10348034902F009FAE9E70422ECE7F7
:10659000748102108122000030B58DB005000C001E
:1065A000002002A906F026FE002806D06A4608212F
:1065B00024235218D35C002B0BD100200021009023
:1065C0000191064A1021280012F016FA20700DB031
:1065D00030BD039810F0EAFCF1E7C0469C81021040
:1065E00030B58DB005000C00002002A906F002FEB7
:1065F000002806D06A46082124235218D35C002BB9
:106600000BD10020002100900191064A10212800A2
:1066100012F0F2F920700DB030BD049810F0C6FCF5
:10662000F1E7C046A481021030B58DB005000C0022
:10663000002002A906F0DEFD002806D06A460821E7
:1066400024235218D35C002B0BD100200021009092
:106650000191064A1021280012F0CEF920700DB0E9
:1066600030BD059810F0A2FCF1E7C046AC810210E5
:1066700030B58DB005000C00002002A906F0BAFD6F
:10668000002806D06A46082124235218D35C002B28
:106690000BD10020002100900191064A1021280012
:1066A00012F0AAF920700DB030BD069810F07EFCF3
:1066B000F1E7C046A481021030B58DB005000C0092
:1066C000002002A906F096FD002806D06A4608219F
:1066D00024235218D35C002B0BD100200021009002
:1066E0000191064A1021280012F086F920700DB0A1
:1066F00030BD089810F05AFCF1E7C046A4810210A2
:1067000030B58BB005000C000020694606F072FD24
:106710000023002805D0242269468A5C002A00D084
:10672000059B10212800034A12F066F920700BB077
:1067300030BDC046B481021030B58DB005000C00EC
:10674000012002A906F056FD002806D06A4608215D
:1067500024235218D35C002B0BD100200021009081
:106760000191064A1021280012F046F920700DB060
:1067700030BD039810F01AFCF1E7C0469C8102106E
:1067800030B58DB005000C00012002A906F032FDE5
:10679000002806D06A46082124235218D35C002B17
:1067A0000BD10020002100900191064A1021280001
:1067B00012F022F920700DB030BD049810F0F6FBF5
:1067C000F1E7C046A481021030B58DB005000C0081
:1067D000012002A906F00EFD002806D06A46082115
:1067E00024235218D35C002B0BD1002000210090F1
:1067F0000191064A1021280012F0FEF820700DB019
:1068000030BD059810F0D2FBF1E7C046AC81021014
:1068100030B58DB005000C00012002A906F0EAFC9D
:10682000002806D06A46082124235218D35C002B86
:106830000BD10020002100900191064A1021280070
:1068400012F0DAF820700DB030BD069810F0AEFBF3
:10685000F1E7C046A481021030B58DB005000C00F0
:10686000012002A906F0C6FC002806D06A460821CD
:1068700024235218D35C002B0BD100200021009060
:106880000191064A1021280012F0B6F820700DB0D0
:1068900030BD089810F08AFBF1E7C046A4810210D1
:1068A00030B58BB005000C000120694606F0A2FC53
:1068B0000023002805D0242269468A5C002A00D0E3
:1068C000059B10212800034A12F096F820700BB0A7
:1068D00030BDC046B481021030B58DB005000C004B
:1068E000022002A906F086FC002806D06A4608218C
:1068F00024235218D35C002B0BD1002000210090E0
:106900000191064A1021280012F076F820700DB08F
:1069100030BD039810F04AFBF1E7C0469C8102109D
:1069200030B58DB005000C00022002A906F062FC13
:10693000002806D06A46082124235218D35C002B75
:106940000BD10020002100900191064A102128005F
:1069500012F052F820700DB030BD049810F026FBF4
:10696000F1E7C046A481021030B58DB005000C00DF
:10697000022002A906F03EFC002806D06A46082143
:1069800024235218D35C002B0BD10020002100904F
:106990000191064A1021280012F02EF820700DB047
:1069A00030BD059810F002FBF1E7C046AC81021043
:1069B00030B58DB005000C00022002A906F01AFCCB
:1069C000002806D06A46082124235218D35C002BE5
:1069D0000BD10020002100900191064A10212800CF
:1069E00012F00AF820700DB030BD069810F0DEFAF3
:1069F000F1E7C046A481021030B58DB005000C004F
:106A0000022002A906F0F6FB002806D06A460821FB
:106A100024235218D35C002B0BD1002000210090BE
:106A20000191064A1021280011F0E6FF20700DB0F8
:106A300030BD089810F0BAFAF1E7C046A481021000
:106A400030B58BB005000C000220694606F0D2FB81
:106A50000023002805D0242269468A5C002A00D041
:106A6000059B10212800034A11F0C6FF20700BB0CF
:106A700030BDC046B481021030B58DB005000C00A9
:106A8000032002A906F0B6FB002806D06A460821BA
:106A900024235218D35C002B0BD10020002100903E
:106AA0000191064A1021280011F0A6FF20700DB0B8
:106AB00030BD039810F07AFAF1E7C0469C810210CD
:106AC00030B58DB005000C00032002A906F092FB42
:106AD000002806D06A46082124235218D35C002BD4
:106AE0000BD10020002100900191064A10212800BE
:106AF00011F082FF20700DB030BD049810F056FAEE
:106B0000F1E7C046A481021030B58DB005000C003D
:106B1000032002A906F06EFB002806D06A46082171
:106B200024235218D35C002B0BD1002000210090AD
:106B30000191064A1021280011F05EFF20700DB06F
:106B400030BD059810F032FAF1E7C046AC81021072
:106B500030B58DB005000C00032002A906F04AFBF9
:106B6000002806D06A46082124235218D35C002B43
:106B70000BD10020002100900191064A102128002D
:106B800011F03AFF20700DB030BD069810F00EFAEB
:106B9000F1E7C046A481021030B58DB005000C00AD
:106BA000032002A906F026FB002806D06A46082129
:106BB00024235218D35C002B0BD10020002100901D
:106BC0000191064A1021280011F016FF20700DB027
:106BD00030BD089810F0EAF9F1E7C046A481021030
:106BE00030B58BB005000C000320694606F002FBAF
:106BF0000023002805D0242269468A5C002A00D0A0
:106C0000059B10212800034A11F0F6FE20700BB0FE
:106C100030BDC046B481021030B58DB005000C0007
:106C2000042002A906F0E6FA002806D06A460821E8
:106C300024235218D35C002B0BD10020002100909C
:106C40000191064A1021280011F0D6FE20700DB0E7
:106C500030BD039810F0AAF9F1E7C0469C810210FC
:106C600030B58DB005000C00042002A906F0C2FA70
:106C7000002806D06A46082124235218D35C002B32
:106C80000BD10020002100900191064A102128001C
:106C900011F0B2FE20700DB030BD049810F086F9EE
:106CA000F1E7C046A481021030B58DB005000C009C
:106CB000042002A906F09EFA002806D06A460821A0
:106CC00024235218D35C002B0BD10020002100900C
:106CD0000191064A1021280011F08EFE20700DB09F
:106CE00030BD059810F062F9F1E7C046AC810210A2
:106CF00030B58DB005000C00042002A906F07AFA28
:106D0000002806D06A46082124235218D35C002BA1
:106D10000BD10020002100900191064A102128008B
:106D200011F06AFE20700DB030BD069810F03EF9EB
:106D3000F1E7C046A481021030B58DB005000C000B
:106D4000042002A906F056FA002806D06A46082157
:106D500024235218D35C002B0BD10020002100907B
:106D60000191064A1021280011F046FE20700DB056
:106D700030BD089810F01AF9F1E7C046A48102105E
:106D800030B58BB005000C000420694606F032FADD
:106D90000023002805D0242269468A5C002A00D0FE
:106DA000059B10212800034A11F026FE20700BB02D
:106DB00030BDC046B481021030B58DB005000C0066
:106DC000052002A906F016FA002806D06A46082116
:106DD00024235218D35C002B0BD1002000210090FB
:106DE0000191064A1021280011F006FE20700DB016
:106DF00030BD039810F0DAF8F1E7C0469C8102102C
:106E000030B58DB005000C00052002A906F0F2F99E
:106E1000002806D06A46082124235218D35C002B90
:106E20000BD10020002100900191064A102128007A
:106E300011F0E2FD20700DB030BD049810F0B6F8EE
:106E4000F1E7C046A481021030B58DB005000C00FA
:106E5000052002A906F0CEF9002806D06A460821CE
:106E600024235218D35C002B0BD10020002100906A
:106E70000191064A1021280011F0BEFD20700DB0CE
:106E800030BD059810F092F8F1E7C046AC810210D1
:106E900030B58DB005000C00052002A906F0AAF956
:106EA000002806D06A46082124235218D35C002B00
:106EB0000BD10020002100900191064A10212800EA
:106EC00011F09AFD20700DB030BD069810F06EF8EC
:106ED000F1E7C046A481021030B58DB005000C006A
:106EE000052002A906F086F9002806D06A46082186
:106EF00024235218D35C002B0BD1002000210090DA
:106F00000191064A1021280011F076FD20700DB085
:106F100030BD089810F04AF8F1E7C046A48102108D
:106F200030B58BB005000C000520694606F062F90B
:106F30000023002805D0242269468A5C002A00D05C
:106F4000059B10212800034A11F056FD20700BB05C
:106F500030BDC046B481021030B58DB005000C00C4
:106F6000062002A906F046F9002806D06A46082144
:106F700024235218D35C002B0BD100200021009059
:106F80000191064A1021280011F036FD20700DB045
:106F900030BD039810F00AF8F1E7C0469C8102105A
:106FA00030B58DB005000C00062002A906F022F9CC
:106FB000002806D06A46082124235218D35C002BEF
:106FC0000BD10020002100900191064A10212800D9
:106FD00011F012FD20700DB030BD04980FF0E6FFE7
:106FE000F1E7C046A481021030B58DB005000C0059
:106FF000062002A906F0FEF8002806D06A460821FD
:1070000024235218D35C002B0BD1002000210090C8
:107010000191064A1021280011F0EEFC20700DB0FD
:1070200030BD05980FF0C2FFF1E7C046AC810210F9
:1070300030B58DB005000C00062002A906F0DAF884
:10704000002806D06A46082124235218D35C002B5E
:107050000BD10020002100900191064A1021280048
:1070600011F0CAFC20700DB030BD06980FF09EFFE5
:10707000F1E7C046A481021030B58DB005000C00C8
:10708000062002A906F0B6F8002806D06A460821B4
:1070900024235218D35C002B0BD100200021009038
:1070A0000191064A1021280011F0A6FC20700DB0B5
:1070B00030BD08980FF07AFFF1E7C046A4810210B6
:1070C00030B58BB005000C000620694606F092F83A
:1070D0000023002805D0242269468A5C002A00D0BB
:1070E000059B10212800034A11F086FC20700BB08C
:1070F00030BDC046B481021030B58DB005000C0023
:10710000072002A906F076F8002806D06A46082172
:1071100024235218D35C002B0BD1002000210090B7
:107120000191064A1021280011F066FC20700DB074
:1071300030BD03980FF03AFFF1E7C0469C81021082
:1071400030B58DB005000C00072002A906F052F8FA
:10715000002806D06A46082124235218D35C002B4D
:107160000BD10020002100900191064A1021280037
:1071700011F042FC20700DB030BD04980FF016FFE6
:10718000F1E7C046A481021030B58DB005000C00B7
:10719000072002A906F02EF8002806D06A4608212A
:1071A00024235218D35C002B0BD100200021009027
:1071B0000191064A1021280011F01EFC20700DB02C
:1071C00030BD05980FF0F2FEF1E7C046AC81021029
:1071D00030B58DB005000C00072002A906F00AF8B2
:1071E000002806D06A46082124235218D35C002BBD
:1071F0000BD10020002100900191064A10212800A7
:1072000011F0FAFB20700DB030BD06980FF0CEFEE5
:10721000F1E7C046A481021030B58DB005000C0026
:10722000072002A905F0E6FF002806D06A460821DB
:1072300024235218D35C002B0BD100200021009096
:107240000191064A1021280011F0D6FB20700DB0E4
:1072500030BD08980FF0AAFEF1E7C046A4810210E5
:1072600030B58BB005000C000720694605F0C2FF61
:107270000023002805D0242269468A5C002A00D019
:10728000059B10212800034A11F0B6FB20700BB0BB
:1072900030BDC046B481021030B58DB0050002A8E3
:1072A0000C0000F00FFD00280BD06B461B7A0193F9
:1072B0000422280001A90FF019FF042323700DB048
:1072C00030BD0190F4E7C04670B58CB0050002A84F
:1072D0000C0000F0F7FC00280ED003980FF066FEBB
:1072E0000B4E0090019132001021280011F084FB18
:1072F000C0B220700CB070BD00200021044A009084
:1073000001911021280011F077FBC0B2F1E7C046CF
:10731000A481021070B58CB0050002A80C0000F02A
:10732000D1FC00280ED004980FF040FE0B4E0090C8
:10733000019132001021280011F05EFBC0B22070D4
:107340000CB070BD00200021044A00900191102172
:10735000280011F051FBC0B2F1E7C0469C81021039
:1073600070B58CB0050002A80C0000F0ABFC002842
:107370000ED005980FF01AFE0B4E009001913200CE
:107380001021280011F038FBC0B220700CB070BD85
:1073900000200021044A009001911021280011F0E2
:1073A0002BFBC0B2F1E7C0469C81021070B58CB0D7
:1073B000050002A80C0000F085FC00280ED00698FD
:1073C0000FF0F4FD0B4E00900191320010212800C7
:1073D00011F012FBC0B220700CB070BD0020002173
:1073E000044A009001911021280011F005FBC0B261
:1073F000F1E7C0469C81021070B58CB0050002A870
:107400000C0000F05FFC00280ED007980FF0CEFDB6
:107410000B4E0090019132001021280011F0ECFA7F
:10742000C0B220700CB070BD00200021044A009052
:1074300001911021280011F0DFFAC0B2F1E7C04637
:107440009C81021030B58DB0050002A80C0000F040
:1074500039FC002811D020226B469B181A78002393
:10746000072A00D8531C0422280001A901930FF019
:107470003DFE042323700DB030BD0023F3E7C0466A
:1074800030B58DB0050002A80C0000F01BFC0028F0
:107490000AD0099B0422280001A901930FF026FEBF
:1074A000042323700DB030BD0023F3E730B58DB059
:1074B000050002A80C0000F005FC00280AD00A9B79
:1074C0000422280001A901930FF010FE0423237069
:1074D0000DB030BD0023F3E730B58DB0050002A834
:1074E0000C0000F0EFFB00280ED06A460821242390
:1074F0005218D35C0422280001A901930FF0F6FD75
:10750000042323700DB030BD0123F3E7002310B531
:1075100082B00C00042201A901930FF0E7FD0423BF
:10752000237002B010BDC04610B5002800D110BDB8
:1075300000F002FCFBE7C04670B58AB005000C0005
:107540001C22002103A80FF0CBFD03A805F06EFE5E
:10755000002815D06B46188B0FF001FDE921890535
:107560000FF0ABFC0FF022FD0B4E009001913200AA
:107570001021280011F040FAC0B220700AB070BD8E
:1075800000200021044A009001911021280011F0F0
:1075900033FAC0B2F1E7C046B881021070B58AB0C4
:1075A00005000C001C22002103A80FF099FD03A880
:1075B00005F03CFE00280ED003980FF0F7FC0B4EB0
:1075C0000090019132001021280011F015FAC0B28C
:1075D00020700AB070BD00200021044A0090019183
:1075E0001021280011F008FAC0B2F1E7A4810210BE
:1075F00070B58AB005000C001C22002103A80FF012
:107600006FFD03A805F012FE00280ED005980FF0BC
:10761000CDFC0B4E0090019132001021280011F09A
:10762000EBF9C0B220700AB070BD00200021044AFE
:10763000009001911021280011F0DEF9C0B2F1E7AD
:10764000A481021070B58AB005000C001C22002134
:1076500003A80FF045FD03A805F0E8FD00280ED0B3
:1076600004980FF0A3FC0B4E009001913200102102
:10767000280011F0C1F9C0B220700AB070BD00201E
:107680000021044A009001911021280011F0B4F962
:10769000C0B2F1E7A481021070B58AB005000C00F9
:1076A0001C22002103A80FF01BFD03A805F0BEFD5E
:1076B000002815D06B46988B0FF051FCE921890505
:1076C0000FF0FBFB0FF072FC0B4E009001913200AB
:1076D0001021280011F090F9C0B220700AB070BDDE
:1076E00000200021044A009001911021280011F08F
:1076F00083F9C0B2F1E7C046A481021070B58AB028
:1077000005000C001C22002103A80FF0E9FC03A8CF
:1077100005F08CFD002815D06B46588B0FF01FFC30
:10772000E92189050FF0C9FB0FF040FC0B4E0090DA
:10773000019132001021280011F05EF9C0B22070D2
:107740000AB070BD00200021044A00900191102170
:10775000280011F051F9C0B2F1E7C046A48102102F
:1077600070B505000F200D4B82B01B680C0018404F
:107770000FF0F5FB0A490FF0A0FB0A490FF086FB5A
:107780000FF014FC084E00900191320010212800E7
:1077900011F032F9207002B070BDC04600400640C2
:1077A000CDCC4C3D9A99593F9C810210084B10B5A5
:1077B0001B680C009B0F032B08D0064A9B009B58AC
:1077C0001021054A11F018F9207010BD034BF7E79E
:1077D0000040064060E70210F4770210C0810210FA
:1077E00010B505220C0003490FF080FC0423237020
:1077F00010BDC046C881021010B505220C00034917
:107800000FF074FC0423237010BDC046D081021019
:1078100010B505220C0003490FF068FC0423237007
:1078200010BDC046D8810210F0B5DE464546574629
:107830004E46E0B58DB009F01BFD050009F01EFDB8
:10784000FE21041C8905552D65D00FF083FB00280F
:1078500000D18FE08049201C0FF066FB002800D18A
:1078600088E0452D00D085E08221201CC9050FF05D
:107870005BFB00287ED17949201C0FF06BFB0028B0
:1078800078D1FE21764B89051C60201C99460FF0AB
:10789000FAFAFC21734B061C18608905201C0FF0B6
:1078A000F2FAFF21704B071C18608905201C9A46CC
:1078B0000FF0E9FA6D4B80461860301C9B460FF0C4
:1078C00075FB0A900B91391C301C0FF03BFB002814
:1078D00000D1A4E06649301C0FF0D8FA5346186076
:1078E000071C0FF063FB08900991391C201C0FF056
:1078F00021FB002800D09DE04146301C0FF01AFB10
:10790000002851D0301C5B490FF0BDFA5B4618606F
:107910000FF04CFB4BE00FF01DFB002811D04E493F
:10792000201C0FF001FB00280BD05349201C0FF046
:10793000FBFA002805D15149201C0FF00BFB002851
:107940009FD0474B4E4C99464A464E4B1360454B91
:107950004D4A1A60444B4D4A1A60444B4C4A1A60D7
:107960004B4B98460023089309940023494C0A93F3
:107970000B9417E03A4B484C99464A46474B1360E4
:10798000384B474A1A60384B464A1A60374B464ACA
:107990001A60454B98460023089309940023434CF2
:1079A0000A930B944B461C6840460FF0FFFA0023E5
:1079B00000263F4AFF2713703E4A166001263E4AC2
:1079C00016703E4A17703E4A13603E4A13603E4AA4
:1079D00013703E4B1E70452D1FD0552D39D03C4F96
:1079E00006900791089A099B201C049205930A9A15
:1079F0000B9B029203930FF0D9FA364E364D00904E
:107A000001913A003100280000F05AFF0DB0F0BC9F
:107A1000BB46B246A946A046F0BD304FE0E7381C51
:107A20000FF0C4FA08900991391C201C0FF082FA5B
:107A3000002805D00E49381C0FF028FA4B46186074
:107A40004146301C0FF076FA0028ABD04B461C683C
:107A500058E7234FC4E7C0460000484200004041B9
:107A60004832002044320020403200203C320020C6
:107A7000CDCC4C3DCDCCCC3D0000504100008841E8
:107A800000002D400000704100006041000068418E
:107A90000000584100002C4000002340000020411D
:107AA0000000104100001841000008410000224081
:107AB00018860220DC820220393200203832002071
:107AC000E4840220187B02201B8602200886022004
:107AD000FC8102100482021010820210F881021050
:107AE000ACBD0210F0B5CE4600B55D4B82B01B7840
:107AF000041C002B29D000210FF016FA00281DD1FC
:107B00005849201C0FF026FA051E17D1564B574F27
:107B10001C603B78DEB2022B47D0022E17D8002E15
:107B200000D16EE0524B211C18680FF003FA051EBD
:107B300030D002233B703878C0B202E04B4B18784B
:107B4000C0B202B080BCB946F0BD0020F9E7032EF8
:107B500029D1484B201C1B68191C99460FF0E4F9E9
:107B600000286BD00122444B3D701A70434B201CFF
:107B70001D700FF01BFA050048460E000FF016FAB4
:107B80003F4C009001912A00330020003D4900F055
:107B900097FED0E73C4B211C18680FF0DBF900285A
:107BA0005AD0364B1D703D70C5E7314B201C19680B
:107BB0000FF0C8F900283FD003233B702E4B1D70F7
:107BC000324B1B78DCB2072B3AD80021200006F09C
:107BD000EBFC2C492E48621C00F072FE2D4A136803
:107BE000013313600DF0CEFA002930D0FA220023C1
:107BF00092000EF077FA284B1860284804F052F9EA
:107C000099E71B4B211C18680FF094F9002800D04D
:107C10008FE71D4B211C18680FF08CF900280BD042
:107C20000125164C3D702378002B00D083E71C48BB
:107C300004F038F925707EE738707CE73E707AE70B
:107C400006F032FD0F49174800F03AFEC6E7FA2168
:107C500089000EF009FACEE701233B706BE7C046BE
:107C60000886022000004843DC8202201886022099
:107C7000403200203C320020393200201B86022096
:107C80006082021004820210443200203832002048
:107C9000A0820210E4840220187B0220FB9F0000D7
:107CA000FA940000DC820210044B1B78002B03D0F6
:107CB000034B1878C0B270470120FCE70886022009
:107CC00039320020002820D0114B1B780370114B53
:107CD0001B684360104B1B688360104B1B68C360BC
:107CE0000F4B1B6803610F4B1B6843610E4B1B78E6
:107CF00003760E4B1B68C3610D4B1B6803620D4B73
:107D00001A782423C254012070470020FCE7C046A3
:107D100018860220DC8202204832002044320020F3
:107D2000403200203C32002038320020E48402201F
:107D3000187B02203932002010B5094B00201A7838
:107D4000032A00D010BD1870064B023A1A70064B79
:107D500006491870064800F0B3FD0120F2E7C0465E
:107D600018860220393200201B860220048202106D
:107D700020830210F0B5DE4657464E464546E0B534
:107D800095B009F06DFA0390012000F065FD17F041
:107D9000DFF8FA23DB00C41806E017F0D9F8A04298
:107DA00006D20A2017F08EF800F04EFD0028F4D01D
:107DB000E84BE9481900994600F082FD19200CF0C3
:107DC0008FFAD024802324069B0463621C20636105
:107DD0000CF086FA80235B0563621720A3610CF028
:107DE0007FFA80231B046362182063610CF078FA29
:107DF00080235B046362112063610CF071FA8023BD
:107E00009B026362152063610CF06AFA802380256F
:107E10009B03A3626D0314200CF062FA65620A20D2
:107E2000656117F04FF8A5610A2017F04BF86561FE
:107E3000642017F047F80C200CF052FA80235B0105
:107E4000A3620D200CF04CFA80239B01A3620E204C
:107E50000CF046FA8023DB01A3620F200CF040FAFD
:107E600080231B02A36204211C200CF0F7F9882256
:107E7000BA4BBB4902249950083ADA67B94B4946D4
:107E80001A6801239343B84AB848136000F018FDFC
:107E9000B74BB84918009A4613F0BEFE03210420E0
:107EA0000CF0DCF9032105200CF0D8F900220121A7
:107EB00004200CF0EDF90022012105200CF0E8F976
:107EC000AD4BAC4918009B4613F0A6FE03210220DF
:107ED0000CF0C4F9032103200CF0C0F900220121A9
:107EE00002200CF0D5F90022012103200CF0D0F97A
:107EF000A24D0A2016F0E6FFF8F79EFB4946A0487F
:107F000000F0DEFC9F49280013F01EFC9E4A6B68BF
:107F100014600722296823405140C8320A409B4917
:107F200013200A609A4A012113600CF097F901218D
:107F300012200CF093F9974F012110200CF08EF9CC
:107F40004946954800F0BCFC13F0D6FE1F211A20CC
:107F50003C600CF083F9002200211A200CF098F903
:107F600000211A200CF0A8F91F211D200CF076F931
:107F7000002200211D200CF08BF900211D200CF0A7
:107F80009BF94946854800F09BFCF9F777F9F9F72A
:107F900013F9642016F096FF042380269846804C3F
:107FA0007600C023DB012361C02322689B0153407C
:107FB000E022D20113407B4A136043463B602368B2
:107FC0003342FCD0636804233B6023683342FCD017
:107FD00001206368102516F075FF002243463B60C0
:107FE00023683342FCD06368013D1B041B0CD2188C
:107FF000002DF3D1120990B20EF0B1FFE9218905ED
:108000000EF05BFF68490EF058FF68490EF08CFFD8
:10801000002807D0664803F045FFFA20400016F01C
:1080200051FFBEE7634E0DAC300000F049FC4946FD
:10803000614800F045FCFA239B00220001932021B7
:10804000012358460095F8F729FB5C4A0590002863
:1080500000DA3AE320234946594800F031FCFA2778
:108060000025BF00220001232121504601970095E1
:10807000F8F714FB534A0490002800DA06E3504B4B
:10808000494698462123404600F01AFC012322006D
:108090002321504601970095F8F700FB002800DAED
:1080A000EAE12323484A4946404600F009FC049B84
:1080B000059A134300D5E7E14946444800F000FC27
:1080C000FA239B000193002322000093502158467D
:1080D0000133F8F7E3FA3E4A002800DAEFE25023D2
:1080E0004946374800F0ECFB300000F0E9FB494618
:1080F000384800F0E5FB00F0A7FB002800D1D3E1F1
:108100004946354800F0DCFB012002F081FC16F006
:108110001FFF324F050007E016F01AFF401BB84260
:1081200006D80A2016F0CEFE02F0E0FC0028F3D0BC
:1081300002F0DCFC002800D1B2E14946284800F0FA
:10814000BFFB012003F0D2FE16F002FF234F050013
:1081500050E0C046588302106083021000000540C2
:10816000FFFF00007800054078100540948302105E
:1081700030330020801A06002833002000C003405E
:10818000B0830210005A620204F0034000D00340A2
:1081900004E0034000E00440D4830210FC8302109A
:1081A00000C0044000D004400000304100002041E5
:1081B000FC140000B4DD0210188402104C8402107C
:1081C0005C840210A8840210BC840210D0840210C7
:1081D000F4840210088502104C85021087130000F9
:1081E0006C85021016F0B4FE401BB84206D80A2077
:1081F00016F068FE03F0EEFE0028F3D003F0EAFE6E
:10820000002800D148E14946B14800F059FB01205F
:1082100006F00AF916F09CFEAE4F050007E016F0D6
:1082200097FE401BB84206D80A2016F04BFE06F017
:1082300015F90028F3D006F011F9002800D143E128
:108240004946A54800F03CFB012005F097FB16F0DD
:108250007FFEA04F050007E016F07AFE401BB842F3
:1082600006D80A2016F02EFE05F00CFC0028F3D0EC
:1082700005F008FC002800D122E14946974800F0AB
:108280001FFB012004F0E0FB012802D0944803F01A
:1082900009FE16F05DFE8F4F050007E016F058FE50
:1082A000401BB84206D80A2016F00CFE04F010FC61
:1082B0000028F3D004F00CFC002800D1FCE0494673
:1082C000884800F0FDFA012004F0BCFE012802D02D
:1082D000854803F0E7FD16F03BFE7E4F050007E002
:1082E00016F036FE401BB84206D80A2016F0EAFD0A
:1082F00004F078FF0028F3D004F074FF002800D1C8
:10830000D6E04946794800F0DBFA300000F0D8FAB0
:108310007748494600F0D4FA764803F071FE002809
:1083200000D02FE1744807AD03F0BCFD280003F036
:1083300079FE002800D030E103F0DCFC002800D0FA
:1083400054E1300000F0BCFA49466C4800F0B8FA3D
:108350006B4816F025FE011E03D00020694A05F087
:10836000F9FE694816F01CFE011E03D00120674A81
:1083700005F0F0FE664816F013FE011E03D0022041
:10838000644A05F0E7FE644C200016F009FE011E69
:1083900003D02200032005F0DDFE604C200016F023
:1083A000FFFD011E03D02200042005F0D3FE5C482F
:1083B00016F0F6FD011E03D005205A4A05F0CAFE4C
:1083C000594C200016F0ECFD011E03D022000620BF
:1083D00005F0C0FE04F006FF002800D17DE104F0A6
:1083E00001FF002854D005F09BFE49464F4800F09D
:1083F00067FA4F4B0022186801235B42009301216A
:10840000023314F025F849464A4800F059FAFDF7BE
:10841000ADF94946484800F053FA300000F050FAF0
:10842000300000F04DFA454C200000F049FA444875
:1084300000F046FA200000F043FA4249424800F0BA
:108440003FFA0399414800F03BFA414D280000F003
:1084500037FA200000F034FA3E4800F031FA2800E4
:1084600000F02EFA002016F0A9F815B0F0BCBB46BB
:10847000B246A946A046F0BD374B9846232349464D
:108480004046364A00F01CFA354803F00BFD17E66B
:10849000344803F007FDA8E7334803F003FDB6E6D0
:1084A000324803F0FFFC4CE6314803F0FBFC2BE6BE
:1084B000304803F0F7FC28E72F4803F0F3FC02E70D
:1084C0002E4803F0EFFCDCE62D4803F0EBFCBBE6A6
:1084D0008C85021087130000AC850210CC85021039
:1084E000F6140000EC850210F81400000886021053
:1084F0002486021010270000FA14000014890210CC
:10850000448902104C8902105889021060890210B7
:108510006C89021074890210808902108C89021003
:10852000988902109C890210A4890210F489021013
:10853000D8490220248A0210408A0210748A02104C
:10854000A88A0210DC8A0210E48A0210FC8A021057
:10855000108B0210448B021080840210BC84021025
:10856000F0140000FB140000F3140000F2140000EB
:10857000F1140000F9140000F7140000F5140000D5
:10858000F41400009248494607AD00F099F928001C
:1085900003F048FD002800D1CEE649468D4800F0A2
:1085A0008FF96F7A2B7AEA79A9798B48009700F0D6
:1085B00087F96F7B2B7BEA7AA97A8848009700F0CD
:1085C0007FF96F7C2B7CEA7BA97B8548009700F0C4
:1085D00077F92B7DEA7CA97C6D7D8248009500F0BF
:1085E0006FF903F087FB002800D1AAE605F036FFFB
:1085F000002800D1A5E6300000F062F949467A482B
:1086000000F05EF94946794800F05AF908F012FB8B
:108610000500FF2878D0210008F014FA00287ED049
:10862000E37EA52B75D1A37E714800932A00230019
:10863000494600F045F9280008F0B6FB002800D1B3
:10864000C1E001221500A37E1D401A4200D0B2E015
:10865000A37E9B0700D5A4E0A37E5B0700D596E030
:10866000A37E1B0700D588E0A37EDB067BD4A37E18
:108670009B066ED4A37E5B0661D4A37EDB0954D136
:108680002A0049465B4800F01BF95AE65A4B494616
:1086900098462123404600F013F9012322002321AC
:1086A000504601970095F7F7F9FF002800DAE5E654
:1086B00023234946514A524800F002F9E4E6502388
:1086C00049464D4800F0FCF80EE54B4B49469846AC
:1086D0002023404600F0F4F8C1E44946494800F040
:1086E000EFF816F035FC484D040008E016F030FCB9
:1086F000001BA84200D972E6322016F0E3FB04F01A
:1087000071FD0028F2D06AE64946404800F0D8F8EA
:1087100017E62A0049463E4800F040F911E62A00D3
:1087200049463C4800F03AF90BE608213A4800F087
:10873000C7F801356420EDB216F0C4FBA0E70721AD
:10874000354800F0BDF801356420EDB216F0BAFBF3
:1087500093E70621304800F0B3F801356420EDB20C
:1087600016F0B0FB86E705212B4800F0A9F801358B
:108770006420EDB216F0A6FB79E70421264800F04C
:108780009FF801356420EDB216F09CFB6CE70321E5
:10879000214800F095F801356420EDB216F092FB07
:1087A0005EE702211C4800F08BF801356420EDB231
:1087B00016F088FB50E70121174800F081F864208B
:1087C00016F080FB44E74946144800F0E7F8B8E5A6
:1087D000588602107C860210A0860210CC860210F9
:1087E000F886021024870210508702108887021032
:1087F00054880210D888021080840210BC840210B1
:108800005C840210B08902102F750000BC87021032
:1088100028880210F8870210C08802109088021081
:108820000023802200B583B00193163300930449DE
:1088300000231201034815F0AFFE03B000BDC0468F
:10884000788B0210757D0010024B1868431E98410A
:10885000C0B270472454022010B582B0002807D05F
:10886000124C2368002B14D0114B1A68002A02D036
:10887000012002B010BD0193802202230D49009314
:108880000D480023D20015F087FE013843425841BD
:10889000EFE700228021402014F0C6F82060002875
:1088A000E2D1064803F0FEFA0020E2E72454022059
:1088B000287B0220448902100D890010F07400000A
:1088C0000FB410B50F4CA2B02368002B06D0249B28
:1088D000002B03D00C4B1B68002B04D022B010BC23
:1088E00008BC04B0184725AB249A802102A8019344
:1088F00010F096F800230022206802A914F04EF927
:10890000ECE7C04624540220247B0220F0B5A1B03D
:1089100010F01CFAFA20FA25800016F0D3FA1A4952
:108920001A48FFF7CDFF1A4C1A4E1B4F6D000CF082
:1089300029FC00291AD0FA22002392000DF0D2FB64
:108940002368C31AAB4219D232226946306814F048
:10895000B7FB0128EBD16946380010F015FB002069
:1089600005F032FC0CF00EFC0029E4D1FA2189005C
:108970000DF07AFB2368C31AAB42E5D320600020D8
:1089800005F022FCE0E7C046848B0210908B0210B9
:10899000384E022024540220F47702100FB410B590
:1089A0000C4CA2B02368002B0FD0249B002B0CD0C2
:1089B0001A00802125AB02A8019310F031F80023A2
:1089C0000022206802A914F0E9F822B010BC08BC0B
:1089D00004B018472454022010B513F053FA034A88
:1089E00013680133136013F059FA10BD247B022081
:1089F00010B513F047FA054B1A68002A02D01A681E
:108A0000013A1A6013F04AFA10BDC046247B0220D6
:108A1000F0B5DE4657464E464546E0B56549E9B0F5
:108A20006548FFF74DFF654816F04CFA644B9B46CE
:108A30001800FFF745FF6348FFF742FF6248FFF762
:108A40003FFF5846FFF73CFF604B614F9A46614B32
:108A500055460793604B0893604B0993604B0A930C
:108A6000604B0B93604B1093604B99460CF08AFB64
:108A7000002928D0FA22002392000DF033FB0400D5
:108A8000FDF7CAF8FA222B685200E31A012827D012
:108A9000934231D2002010F05DF9831C35D0C0B272
:108AA0003B88082823D07F2821D00D2831D00A28E0
:108AB0002FD07E2BDAD85A1C3A80079AD0540CF06B
:108AC00061FB0029D6D1FA2189000DF0CDFA04000E
:108AD000FDF7A2F8FA222B685200E31A0128D7D139
:108AE00093421FD29620400016F0ECF9BEE7002B0F
:108AF000BCD0013B3B80B9E701202C6005F064FB52
:108B0000002010F027F9831CC9D10A2016F0DAF9E9
:108B1000ACE70024079AD454002B07D14846FFF74E
:108B2000CFFEA3E72C6005F04FFBDBE7110048A860
:108B30007F221AF031FCD8217F2312AA5218D45474
:108B400048AB1A78202A01D0092A01D10133F8E76D
:108B500018009A461AF07CFF01385044824513D21F
:108B6000012200245646AC4621490378093BDBB27A
:108B7000172B07D80D00DD402A4203D004700138BE
:108B80008642F2D1B246654653461E78002E00D189
:108B900043E1202150461AF041FB041E47D0002338
:108BA000013403702378202B01D0092B22D101340A
:108BB000F8E7C046D48B0210908B0210DC05000051
:108BC000E08B0210EC8B0210148C0210344E022049
:108BD000D8850220A0530220408C0210E48C0210A1
:108BE000048D0210A4980210688D0210B4DD0210EA
:108BF0001300800020001AF02BFF01382218944245
:108C000011D201210026AC46DD481378093BDBB2C6
:108C1000172B07D80500DD40294203D01670013A12
:108C20009442F2D1654653461E78002E0CD053462E
:108C30000321D448825D0A40022A00D1F0E01E7070
:108C40005E780133002EF5D1504608991AF07EFE69
:108C5000002809D053461B783F2B00D0E8E053464C
:108C60005B78002B00D0E3E0C748FFF729FEC74838
:108C7000FFF726FEC64CC74A20000899FFF720FEE2
:108C80002000C54A0999FFF71BFE2000C34A0A9934
:108C9000FFF716FE2000C24A0B99FFF711FE2000D5
:108CA000C04A1099FFF70CFE2000BF4ABF49FFF7EA
:108CB00007FEBF4ABF492000FFF702FEBE48FFF78C
:108CC000FFFD2000BD4ABE49FFF7FAFD2000BD4A66
:108CD000BD49FFF7F5FD2000BC4ABD49FFF7F0FD97
:108CE0002000BC4ABC49FFF7EBFD2000BB4ABC4951
:108CF000FFF7E6FD2000BB4ABB49FFF7E1FD20007E
:108D0000BA4ABB49FFF7DCFD2000BA4ABA49FFF76F
:108D1000D7FD2000B94ABA49FFF7D2FD2000B94A71
:108D2000B949FFF7CDFDB94AB9492000FFF7C8FDA1
:108D3000B848FFF7C5FD2000B74AB849FFF7C0FDA6
:108D40002000B74AB749FFF7BBFD2000B64AB74934
:108D5000FFF7B6FD2000B64AB649FFF7B1FD200087
:108D6000B54AB649FFF7ACFDB54AB6492000FFF752
:108D7000A7FDB548FFF7A4FD2000B44AB449FFF7AA
:108D80009FFD2000B34AB449FFF79AFD2000B34A83
:108D9000B349FFF795FD2000B24AB349FFF790FDB4
:108DA0002000B24AB249FFF78BFD2000B14AB24918
:108DB000FFF786FD2000B14AB149FFF781FD200091
:108DC000B04AB149FFF77CFDB04AB1492000FFF736
:108DD00077FDB048FFF774FD2000AF4AAF49FFF7B9
:108DE0006FFD2000AE4AAF49FFF76AFD2000AE4A92
:108DF000AE49FFF765FD2000AD4AAE49FFF760FDC3
:108E00002000AD4AAD49FFF75BFD2000AC4AAD49FB
:108E1000FFF756FDAC48FFF753FD00233B807DE68E
:108E2000203E1E705E780133002E00D002E70BE773
:108E3000504609991AF08AFD002800D168E10A9984
:108E400050461AF083FD011E00D14BE150460B99AC
:108E50001AF07CFD002800D179E2504610991AF0F2
:108E600075FD002801D100F0A1FE50464F491AF0CF
:108E70006DFD002800D1CBE150464E491AF066FD49
:108E8000002800D1B9E2504690491AF05FFD002851
:108E900000D070E2002C00D1EAE231AB9A46180013
:108EA0001022002138AE0EF01BF9102200213000F4
:108EB0000EF016F933005246200085491AF0DAF810
:108EC0005346022800D0CFE203212E4806E0845CFE
:108ED0000C40022C00D1203A1A7001331A78002A73
:108EE000F5D133781400302B00D182E33200312BDE
:108EF00000D1D2E3234B03209C4607E06146C95CC6
:108F00000140022900D1203B137001321378002B5D
:108F1000F4D130006F491AF019FD002800D16DE33B
:108F200030006D491AF012FD002801D000F076FEE5
:108F300050466A491AF00AFD002801D000F050FEA0
:108F4000FEF7B2FE0123002801D100F041FE01220C
:108F500090461A4092461E0004E00134E4B2082C08
:108F600000D168E35146200005F01EFB0C9000285C
:108F7000F3D15B4802F096FF0C9B9846EDE7C046A4
:108F800013008000B19F0310488C0210788C0210EF
:108F9000B88C0210948C0210CC8C0210EC8C021055
:108FA000108D02104C8D0210708D0210848D0210F5
:108FB0008C8D0210A88D0210AC8D0210D48D021081
:108FC000F88D02100C8E0210348E0210408E0210AA
:108FD000648E0210708E0210948E0210A08E021009
:108FE000C48E0210D48E0210F88E02100C8F021064
:108FF000408F0210588F02107C8F0210948F021045
:10900000C88F0210E88F02101C9002103C900210D2
:109010005C9002106C90021088900210BC900210BC
:10902000C4900210EC900210F89002100891021007
:10903000189102102C9102103891021048910210E0
:10904000589102107891021098910210B09102107C
:10905000C8910210D4910210EC910210F491021008
:10906000189202103C9202105C9202106892021058
:109070008492021090920210B0920210C0920210DC
:10908000E0920210EC9202100C9302101C9302105A
:109090004C9302105893021078930210949302108C
:1090A0009C930210C4930210D8930210EC93021008
:1090B000F8930210149402102C9402104894021099
:1090C000609402107C94021088940210749902102B
:1090D0007C990210AC8B021058BC0210F48D021067
:1090E0000884000038AE1C2230000DF0F9FF30007B
:1090F00004F09CF8002800D186E038980DF056FF67
:109100000B00B18902000091DF48FFF7D9FB84E62C
:1091100008F0A6F838AE1C220021804630000DF081
:10912000DFFF300004F082F8169006200CF020FBE0
:10913000824605200CF01CFB0DF011FFD3490DF009
:10914000A8FE0E9007200CF013FB0DF008FFCF498E
:109150000DF09FFE119050460DF001FFCB490DF030
:1091600098FE129008200CF003FB0DF0F8FEC749A2
:109170000DF08FFEC64B13901968C64B1A68CB6969
:10918000096AD469126A5B18991CA4180C910234FC
:10919000023303D050460CF067FF0C90002C2DD109
:1091A000BD4812F06FFB0DF0DAFEB8490DF071FE0C
:1091B000BA4B14901A6807231A40100092460DF01B
:1091C000CEFEB7490DF079FEB6490DF05FFE159061
:1091D000B548FFF775FBB548FFF772FB43465B7C6C
:1091E000002B00D1BDE043461B7C452B17D0B04A75
:1091F0001792552B15D1AF4B179312E02100504613
:109200000CF032FF0400CBE7AB48FFF759FB04E654
:10921000010005F037FCA948FFF752FBFDE5A84B1C
:1092200017934146A748FFF74BFB1799A648FFF74E
:1092300047FBA648FFF744FB08F020F80DF0B6FE08
:1092400002000B00A248FFF73BFBA248FFF738FBE8
:10925000A14BA24898461900FFF732FB4146A048AF
:10926000FFF72EFB9F48FFF72BFB0E980DF09EFE9D
:1092700002000B009C48FFF723FB11980DF096FEAF
:1092800002000B009948FFF71BFB12980DF08EFEB1
:1092900002000B009648FFF713FB13980DF086FEB3
:1092A00002000B009348FFF70BFB0C980DF057FEE4
:1092B00076490DF0EEFD0DF079FE02000B008E48B0
:1092C000FFF7FEFA20000DF04AFE70490DF0E1FDB7
:1092D0000DF06CFE02000B008848FFF7F1FA1498BD
:1092E0000DF064FE02000B008548FFF7E9FA1598BF
:1092F0000DF05CFE0B005146020000918148FFF723
:10930000DFFA8148FFF7DCFA169B002B1BD0706850
:109310000DF04CFE02000B007C48FFF7D1FAB0685C
:109320000DF044FE02000B007948FFF7C9FA3898A7
:109330000DF03CFE02000B007648FFF7C1FA7648BC
:10934000FFF7BEFA69E57548FFF7BAFAF7E7744820
:10935000FFF7B6FA642015F0B5FD724804F08AFFF5
:109360005BE57148FFF7ACFA7048FFF7A9FA70485F
:10937000FFF7A6FA69E750466E491AF0E7FA0028A7
:1093800055D050466C4919F027FF002800D1BAE1AA
:1093900050466A4919F020FF002800D1A6E1504646
:1093A00067491AF0D3FA002800D07BE1002C01D1E4
:1093B00000F03BFD31AB1A002000624919F05AFE63
:1093C000012801D000F02CFD31980138072801D97F
:1093D00000F026FD38AE3100C0B203F00BFF319C27
:1093E000002805D02423F35C002B01D000F024FCDE
:1093F00021005548FFF764FA0FE55448FFF760FA7B
:10940000534802F07FFF002809D05248FFF758FA6E
:10941000642015F057FD434804F02CFFFDE40A21B9
:10942000012005F02FFB4C48FFF7B8FAF5E4002CBB
:1094300000D1DAE02378002B00D1D6E00F21200004
:1094400019F0D8FF804638AE02002100300019F034
:10945000A3FF002342463400B3542378202B01D0CD
:10946000092B07D10134F8E73C4802F01BFDD4E496
:109470003B4C12E520001AF0EBFA0022431E944602
:109480000120384EE3187BE01C9802100024744938
:10949000303300202833002000C003400040064045
:1094A000CDCC4C3DCDCC8C3FD0940210F494021026
:1094B000FC810210ACBD02104C980210D49802102E
:1094C000F8810210809502109C950210B895021048
:1094D000D4950210F4950210DC8A02101496021042
:1094E00034960210549602106C9602108496021064
:1094F0009C960210B4960210D0960210F0960210BC
:1095000010970210309702105C97021078970210A3
:1095100098970210B8970210F8970210D897021087
:1095200080980210A098021018950210449502101D
:1095300064950210989A0210648E0210948E0210A4
:10954000C48E0210B49A0210FC9D0210F098021012
:109550001027000018990210489902100684000094
:10956000BCBE0210130080001A78093AD2B2172A42
:1095700008D83100D140014204D06246013B5A7004
:109580009C42F1D923000320AE4E06E0B15C0140BD
:10959000022900D1203A1A7001331A78002AF5D135
:1095A0002000A94990461AF0D1F9061E51D1012494
:1095B00031AB9A46A54B9846A54B0C93A54B0E9301
:1095C0005346601E1E705146C0B204F057FF53460A
:1095D0001B780C9A002B00D00E9A210040460134D3
:1095E000FFF76EF9092CEBD117E49B4802F05AFC07
:1095F00013E473783200002B00D07BE4504692498C
:109600001AF0A4F9031E00D1A1E4504617F090FE11
:1096100006000138072800D9FBE20021C0B204F09F
:10962000C3FF8B4A002800D1EEE231008B48FFF7E0
:1096300047F9FFF7F2FB4246002A01D1FFF7EDFBA5
:109640008349002E00D083498548FFF739F9FFF799
:10965000E4FB31AB1A002000824919F00BFD012810
:1096600016D131980138072812D843462CAC210076
:109670002370C0B204F002FF23783199744A002BA2
:1096800000D0744A714B1800FFF71AF9FFF7C5FBB9
:10969000754802F007FCFFF7C0FB7378002B00D180
:1096A00046E427E4504671491AF050F9002800D1E9
:1096B000B7E150466E491AF049F9002800D009E197
:1096C000002C00D133E32378002B00D12FE338AEF8
:1096D000F0771F222100300019F05EFE3378202B36
:1096E00002D0092B00D044E30136F7E7FEF724FB54
:1096F000002800D116E35F48FFF7E2F85E48FFF765
:10970000DFF8FFF78AFB38AE3000FEF7DBFA0028FF
:1097100000D192E05948FFF7D3F807F0A9FD45289A
:1097200000D186E0552861D05548FFF7C9F8B068E8
:109730000DF03CFC02000B005248FFF7C1F8F06846
:109740000DF034FC0022504C504B0092019302006B
:109750000B002000FFF7B4F830690DF027FC002261
:109760004B4C4C4B0092019302000B002000FFF782
:10977000A7F870690DF01AFC0022474C474B009285
:10978000019302000B002000FFF79AF85846FFF7FC
:1097900097F870680DF00AFC0B0002004048FFF7D4
:1097A0008FF833783F49032B02D83F4A9B009958E2
:1097B0003E48FFF785F82423F35C3D49002B00D099
:1097C0003C493D48FFF77CF85846FFF779F8F169C6
:1097D0003A48FFF775F8317E072920D9336A002B04
:1097E00008D15846FFF76CF8FFF717FB3448FFF72E
:1097F00067F89CE70BF0C6FC002915D0FA2200237D
:1098000092000CF06FFCFA21336A8900C01A0CF048
:109810002BFC2C4B01001800FFF752F8E1E72A4817
:109820000131FFF74DF8D9E7FA2189000CF01CFC53
:10983000E9E72648FFF744F879E72548FFF740F8BD
:10984000FFF7EBFAB19F0310F48D0210A09A0210FB
:10985000AC8B021058BC02100B840000849A0210DA
:109860001C9A0210B49A02100C840000909E021000
:10987000089F0210249D0210509D0210EC9A0210C5
:10988000709B0210949B0210B89B02100000F03FE6
:10989000EC9B02100000E03F209C02100000F83F0B
:1098A000549C0210FC8102106CE70210789C02109C
:1098B000B88B0210B08B0210989C0210B89C02105A
:1098C000489B0210F89C0210D89C02101C9B0210AE
:1098D000B89A02105046E4491AF038F88046002839
:1098E0005DD1002C59D02378002B56D03F2238AEC2
:1098F000B0542100300019F04FFDDC4B300019004E
:109900009A4619F087FD51460400404619F082FD41
:109910000600002C37D0200017F004FD0CF006FFE5
:109920000021041C0DF016FB00282CD0002E05D0C1
:109930003000CF4919F050FC00287AD1CD4E3000CC
:10994000FEF7BEFFCC48FEF7BBFF3000FEF7B8FFC6
:10995000201C0DF02BFB02000B00C848FEF7B0FFE7
:10996000C748FEF7ADFFC748FEF7AAFFC648FEF797
:10997000A7FF201CFBF780FC002806D0C348FEF799
:109980009FFFFFF74AFAC24CD0E7C24802F08AFABA
:10999000C148FEF795FFFFF740FABD4CCEE75046B1
:1099A000BE4919F0D3FF8046002800D088E2002C81
:1099B00000D17DE22378002B00D179E23F2238AE3E
:1099C000B0542100300019F0E7FCA84B300019001A
:1099D0009A4619F01FFD51460400404619F01AFD41
:1099E0000600002C00D163E2002800D160E22000D4
:1099F00017F098FC0CF09AFE9D49041C300019F0F9
:109A0000EBFB002879D10021201C0DF093FA0028EF
:109A100043D0A34802F046FAA248FEF751FFFFF7F1
:109A2000FCF9A148FEF74CFFA048FEF749FFFFF7FD
:109A3000F4F9300017F07CFC431E06009846072B13
:109A400000D95BE28B4B9A461800FEF739FF8A4833
:109A5000FEF736FF5046FEF733FF31009448FEF71D
:109A60002FFF201C0DF0A2FA0B0002009148FEF718
:109A700027FF9148FEF724FF8348FEF721FF434666
:109A8000211CD8B2FBF734FC002800D12EE23100B3
:109A90008A48FEF715FFFFF7C0F9764E3000FEF753
:109AA0000FFF8748FEF70CFF3000FEF709FF201C70
:109AB0000DF07CFA02000B008248FEF701FF82489D
:109AC000FEF7FEFE8148FEF7FBFE8148FEF7F8FE3A
:109AD0006D48FEF7F5FE201CFBF796FC002803D12D
:109AE0004CE0322015F0EEF9FBF7CAFC0028F8D163
:109AF0007848FEF7E5FEFFF790F9300017F018FC04
:109B000000218046461E201C0DF014FA002880D14A
:109B1000B31CC2D0072E41D8564B9A461800FEF708
:109B2000CFFE6748FEF7CCFE5046FEF7C9FE604BFD
:109B300041461800FEF7C4FE201C0DF037FA020063
:109B40000B006548FEF7BCFE6448FEF7B9FE6048AE
:109B5000FEF7B6FE6248FEF7B3FE6248FEF7B0FEBF
:109B60004948FEF7ADFEF0B2211CFBF707FC0028C8
:109B70000CD05D48FEF7A4FEFFF74FF95B4802F0FA
:109B800091F95B48FEF79CFEFFF747F9574802F052
:109B900089F95848FEF794FEFFF73FF9564802F05E
:109BA00081F95648FEF78CFEFFF737F90400544858
:109BB000FEF786FE142015F085F912F063F915F012
:109BC0005BF828200BF01CFB210020000CF0CAF8E9
:109BD0004C48FEF775FE4C48FEF772FEFFF71DF984
:109BE000504617F0A5FB06000138072811D8C4B26B
:109BF000FEF75AF8002816D00121200004F0D4FC0A
:109C0000424A002800D010E5414802F04BF9FFF726
:109C100004F9404802F046F9FFF7FFF83E4802F029
:109C200041F9FFF7FAF831003C48FEF749FE3648A3
:109C3000FEF746FEFFF7F1F839980DF0B7F90C90F2
:109C40000D913B980DF0B2F9029003913A980DF006
:109C5000ADF90C9A0D9B0090019121003048FEF760
:109C60002FFEFFF7DAF8C04650A202105CA20210E5
:109C7000F48D0210189F021060A2021040A302107F
:109C800070A30210B0A3021020A002104CA4021076
:109C9000000066431284000000A40210FCA402101D
:109CA0001384000070A502109C9E0210C09E02103A
:109CB0008CA20210A4A20210C8A20210C4A4021016
:109CC000D8A5021004A6021034A6021074A6021031
:109CD000BCA602102CA7021064A7021088A70210CD
:109CE000C8A7021000A802106CA80210158400007A
:109CF000E8A6021020A80210148400009CA50210FF
:109D0000AC98021088990210D099021058BC021029
:109D10000A84000009840000078400003C9A0210B5
:109D2000CC9D0210D548FEF7CBFDFFF776F8D44C5A
:109D30002000FEF7C5FDD348FEF7C2FD2000FEF768
:109D4000BFFDD148FEF7BCFDD048FEF7B9FDD048B5
:109D5000FEF7B6FDCF48FEF7B3FDCF48FEF7B0FDE6
:109D6000FBF720FA002853D0CC48FEF7A9FDFFF7F7
:109D700054F8300019F06CFE0022431E9446012076
:109D8000C74CF3180BE01A78093AD2B2172A08D850
:109D90002100D140014204D06246013B5A709E42EC
:109DA000F1D33378002BC2D03000BE4919F014FA39
:109DB0000028BCD0300017F0BBFA461E0400072E66
:109DC0006ED8AF4B98461800FEF77AFDAD48FEF707
:109DD00077FD4046FEF774FD2100B348FEF770FDA5
:109DE0003100B248FEF76CFDB148FEF769FDB1489D
:109DF000FEF766FDA848FEF763FDF0B2FBF704FA34
:109E0000002845D02100AC48FEF75AFDFFF705F8C1
:109E1000AA4802F047F8AA48FEF752FDFEF7FDFFF8
:109E2000A84802F03FF8FEF7F8FFA74B04009A4657
:109E3000A64B38AE0E9305E021005046FEF740FDDC
:109E4000082C20D0E0B2310003F0D4F9013400280E
:109E5000F2D02423F35C002BEED070680DF0A6F84E
:109E60000C900D91F0680DF0A1F802900391B0688C
:109E70000DF09CF80C9A0D9B0090019121000E981A
:109E8000FEF71EFDDCE75846FEF71AFDFEF7C5FF9C
:109E90008A4802F007F88E48FEF712FDFEF7BDFF74
:109EA0008C48FEF70DFD8C48FEF70AFDFEF7B5FF66
:109EB0008A48FEF705FD8A48FEF702FDFEF7ADFF72
:109EC0005046884919F042FD00282BD1002C1FD0A4
:109ED0002678002E1DD0200017F02AFA0138072816
:109EE00011D8C0B2FBF7D2FAFEF797FF7E4801F017
:109EF000D9FF7E48FEF7E4FCFEF78FFF7C48FEF7B3
:109F0000DFFCFEF78AFF7B4801F0CCFFFEF785FF00
:109F1000260030000136F6B2FBF7B8FA082EF8D169
:109F2000FEF77BFF5046744919F010FD002840D021
:109F30005046724919F00AFD002800D000E1002CBB
:109F400000D198E031AB38AE009320006C49019607
:109F50002CAB27AA19F08EF8042800D086E0279BA6
:109F60000C93FF2B7AD82C9CFF2C77D8319B9846EA
:109F7000FF2B73D8389B9A46FF2B6FD8300002F026
:109F800051F8002865D04246327252460C9B300090
:109F9000B371F471727202F07DF8002854D0524609
:109FA00043460092574822000C99FEF789FCFEF7C1
:109FB00034FF554838AEFEF783FC300002F032F82B
:109FC000002838D05148FEF77BFC7479B37872785A
:109FD0003178029434794E480194F4780094FEF775
:109FE0006FFC747A337AF279B1794A480094FEF7BB
:109FF00067FC747B337BF27AB17A47480094FEF7B2
:10A000005FFC747C337CF27BB17B44480094FEF7A8
:10A0100057FC747D337DB17CF27C41480094FEF79F
:10A020004FFCB37D3F49002B00D03F493F48FEF72E
:10A0300047FCFEF7F2FE18A806F03AF917223000A6
:10A0400018A90DF053F8BDE72A4801F02BFFFEF7E1
:10A05000E4FE374801F026FFFEF7DFFE354801F049
:10A0600021FF354801F01EFFFEF7D7FE84200002D5
:10A0700001F018FFF5E7314C64E7C0469C9D0210E3
:10A08000189F02104C9F0210A0A00210D0A0021036
:10A0900004A1021038A1021020A00210ACA10210ED
:10A0A00013008000F48D02107C9F02109C9F021010
:10A0B000BC9F0210E49F02101CA20210108400003A
:10A0C00060A10210028400005C9E0210309E02100B
:10A0D000D8A1021054A002107CA0021008A5021002
:10A0E0003CA502109CA80210128400007CA402105F
:10A0F0000CA3021016840000BC900210D4A9021018
:10A10000DCA90210E8A90210A8A80210C8A8021031
:10A11000F0A8021028A902104CA9021070A9021080
:10A1200094A90210C88B0210C08B0210B8A90210AB
:10A13000158400000184000014840000BCBE0210DD
:10A140005046CE4919F002FC00283ED1002C00D127
:10A15000E7E031AB38AE00932000C94901962CAB43
:10A1600027AA18F087FF042800D0D5E0279B0C937E
:10A17000FF2B00D9C8E02C9CFF2C00D9C4E0319BF8
:10A180009846FF2B00D9BFE0389B9A46FF2B00D999
:10A19000BAE0300001F046FF002800D1AFE04246AF
:10A1A000327352460C9B3000B372F472727301F03A
:10A1B00071FF002847D0524643460092B148220022
:10A1C0000C99FEF77DFBFEF728FE5046AE4919F0CC
:10A1D000BDFB002855D1002C51D031AB38AE0093D7
:10A1E0002000A74901962CAB27AA18F043FF0428AA
:10A1F00040D1279B0C93FF2B34D82C9CFF2C31D8BB
:10A20000319B9846FF2B2DD8389B9A46FF2B29D897
:10A21000300001F007FF00281FD04246327452463A
:10A220000C9B3000B373F473727401F033FF002899
:10A230000ED0524643460092944822000C99FEF7F5
:10A240003FFBFEF7EAFD924801F02CFEFEF7E5FD2C
:10A25000904801F027FEFEF7E0FD8F4801F022FE56
:10A26000FEF7DBFD8D4801F01DFE8D4801F01AFE62
:10A27000FEF7D3FD8420000201F014FEF5E7894CBF
:10A28000ABE75046884919F061FB002864D1002CE7
:10A2900060D031AB38AE00932000794901962CABE9
:10A2A00027AA18F0E7FE04284FD1279B0C93FF2B19
:10A2B00043D82C9CFF2C40D8319B9846FF2B3CD890
:10A2C000389B9A46FF2B38D8300001F0ABFE0028AF
:10A2D0002ED04246327552460C9B3000B374F47453
:10A2E000727501F0D7FE00281DD0524643460092F9
:10A2F0006E4822000C99FEF7E3FAFEF78EFD6C48DB
:10A3000001F0D0FDFEF789FD644801F0CBFD6948FE
:10A3100001F0C8FDFEF781FD8420000201F0C2FDBE
:10A32000F5E7604C15E7644801F0BCFDFEF775FDEC
:10A33000624801F0B7FDFEF770FD584801F0B2FD2C
:10A340005F4801F0AFFDFEF768FD8420000201F0D8
:10A35000A9FDF5E7534C9CE750465A4919F0F6FA27
:10A36000002816D1002C00D1DCE131AB9A460193D4
:10A370002CAB22AA00932000534927AB0C9218F073
:10A3800079FE042800D133E1504801F08BFDFEF73F
:10A3900044FD4F49504619F0D9FA011E00D1D0E0D2
:10A3A0004C49504619F0D2FA011E00D130E2504615
:10A3B000494919F0CBFA061E00D0F3E1002C00D178
:10A3C000BAE02378002B00D1B6E031AB9A46010009
:10A3D0001C2218000CF084FE504602F027FF0028D3
:10A3E00000D1A4E053461B7E002B00D19FE021AB9F
:10A3F00003223100180098460CF072FE00232293CD
:10A400002793364B42462C93200022AB34490C93C1
:10A4100018F030FE022806D14046324919F096FA6B
:10A42000002800D1A1E02CAB019327AB009342465A
:10A4300020002D490C9B18F01DFE022805DD40462A
:10A440002A4919F083FA002804D02948FEF738FA7F
:10A45000FEF7E3FC53469B892C98984614F032FD96
:10A46000504602F0E3FE002803D053461B7E002B2B
:10A4700042D12048FEF724FAFEF7CFFC24AA0210AE
:10A48000DCA902102CAA021068AA021070AA0210FD
:10A49000198400001C8400001B840000018400005B
:10A4A0001A840000BCBE0210A8AA0210B0AA0210B2
:10A4B00018840000178400001F8400001E84000020
:10A4C0001D840000E4AA0210F4AA021020840000F7
:10A4D000C8910210EC9102105CAC0210DC05000087
:10A4E000FCAC021004AD02106CAD02107CAD021089
:10A4F00068AC021080AD0210534638AE9B894146CD
:10A50000279A229800960C9304F0E0FF041E00D0D6
:10A5100047E2D54BFA2118689A4612F053FF0128FA
:10A5200000D12BE2D148FEF7CBF9FEF776FCD048FC
:10A53000FEF7C6F9FEF771FCCE48FEF7C1F9FEF74B
:10A540006CFC38AE1C2230000CF0CAFD300002F06A
:10A550006DFE00281FD03A980CF028FD02000B0079
:10A56000C548FEF7ADF9FEF758FC534638AE320049
:10A570009989229804F034FF041E24D1BA4BFA21A1
:10A580001868984612F01EFF012809D0BB4801F058
:10A5900089FCFEF742FCBA48FEF792F9FEF73DFC53
:10A5A000300004F0C3FE23002200210044460C903A
:10A5B000206812F0F3FA0C9B002B09D0B14801F08F
:10A5C00071FCFEF72AFCB048FEF77AF9FEF725FC8D
:10A5D000300005F041F8F0680CF0E8FC0B00514643
:10A5E000898902000091A948FEF76AF9FEF715FC77
:10A5F00038AE300001F016FD002800D1CDE021ABCF
:10A60000A34920AC984601930C9800941FAB1EAA56
:10A610000E9118F02FFD042800D0B9E01E98FF28F5
:10A6200000D9ADE01F99FF2900D9A9E0209AFF2A9F
:10A6300000D9A5E0219BFF2B00D9A1E0737243460E
:10A64000B071F17132720E99019300941FAB1EAA82
:10A6500027A818F00FFD042800D08CE01E98FF28D2
:10A6600000D980E01F99FF297DD8209AFF2A7AD847
:10A67000219BFF2B77D873734346B072F17232730C
:10A680000E99019300941FAB1EAA2CA818F0F2FC9F
:10A69000042863D11E98FF2858D81F99FF2955D840
:10A6A000209AFF2A52D8219BFF2B4FD87374434620
:10A6B000B073F1733274504601930E9900941FAB3E
:10A6C0001EAA18F0D7FC04283BD11E98FF2830D8CA
:10A6D0001F99FF292DD8209AFF2A2AD8219BFF2BCA
:10A6E00027D8B074F17430003275737501F0D2FC64
:10A6F000002819D06748FEF7E3F80C996648FEF782
:10A70000DFF827A96548FEF7DBF82CA96448FEF7B7
:10A71000D7F851466348FEF7D3F86348FEF7D0F800
:10A72000FEF77BFB614C20E6614801F0BBFBFEF7C6
:10A7300074FB604801F0B6FB5F4801F0B3FBFEF725
:10A740006CFB8420000201F0ADFBF5E7594801F0F5
:10A75000A9FB5A4801F0A6FBFEF75FFB842000022C
:10A7600001F0A0FBF5E7534801F09CFB544801F0D1
:10A7700099FBFEF752FB8420000201F093FBF5E702
:10A780004C4801F08FFB4F4801F08CFBFEF745FB76
:10A790008420000201F086FBF5E74B4801F082FBC4
:10A7A000FEF73BFB5046494919F0D0F8002800D18C
:10A7B000D5E05046464919F0C9F8002800D1C3E059
:10A7C0005046444919F0C2F8002800D1A9E050468B
:10A7D000414919F0BBF8002800D19AE050463F49A2
:10A7E00019F0B4F8002800D186E050463C4919F031
:10A7F000ADF8002831D050463A4919F0A7F80028A2
:10A800001CD1002C18D0200004F080FAFEF705FBC4
:10A8100038AE1C2230000CF063FC300002F006FD64
:10A82000002815D039980CF0C1FB02000B002E480F
:10A83000FEF746F8FEF7F1FA1C4CE4E70A21012086
:10A8400004F020F951462948FEF7A8F8FEF7E5FA8A
:10A850002748FEF735F8FEF7E0FA2648FEF730F80D
:10A8600001F0EEFAFEF7D9FA844B0220FCAD02109B
:10A87000B8AC021068AC0210C4AB02100384000034
:10A88000E0AB02100484000008AD021038AD0210E5
:10A89000DCA9021014AB021040AB021054AB021042
:10A8A0006CAB021084AB021098AB0210BCBE02105D
:10A8B0002684000001840000258400002484000018
:10A8C0002384000022840000218400005C92021096
:10A8D00084920210B0920210E09202100C930210C7
:10A8E0004C9302109493021010AC021024AF02108B
:10A8F0002CAC0210F0AE021001F082FA00281BD13D
:10A90000394801F0CFFA0021080004F0BBF8FEF747
:10A9100084FA01F055FA002812D1344801F0C2FA45
:10A92000F1E701F02DFA002801D0FEF776FA304861
:10A9300001F0B8FAFEF771FA2E48FDF7C1FFE2E721
:10A940002D48FDF7BDFFDEE701F0FAF9002801D040
:10A95000FEF763FA294801F0A5FAFEF75EFA01F066
:10A96000CFF9002801D0FEF758FA0A21013004F08F
:10A9700089F82348FEF712F8FEF74FFA300004F08A
:10A98000D5FC23002200210054460E90206812F0CE
:10A9900005F90E9B002B09D01A4801F083FAFEF747
:10A9A0003CFA1948FDF78CFFFEF737FA300004F047
:10A9B00053FE70680CF0FAFA0C9B0E900F91059301
:10A9C00043460493F0680CF0F1FA02900391B068EA
:10A9D0000CF0ECFA0E9A0F9B0C4C009001912000A9
:10A9E000FDF76EFFFEF719FA2A84000029840000A3
:10A9F00028840000C4AE021098AE02102784000024
:10AA000074AE021005840000C4AD02101CAE02102A
:10AA100070B582B0002802D1012002B070BD14F0E0
:10AA200097FAFA250400ED0007E014F091FA001BF4
:10AA3000A84206D20A2014F045FAFDF705FF0028C7
:10AA4000F3D000220321082011F0EEFF1E4C00225B
:10AA500002212060082011F0E7FF1C4D0022052193
:10AA60002860082011F0E0FF194E002230605021CC
:10AA7000082011F0D9FF174B18602368002B19D05C
:10AA8000002817D02B68002B14D03368002B11D06E
:10AA9000002380220193033300930F4900230F48C2
:10AAA000D20013F079FD012809D00D4801F0FAF920
:10AAB0000020B2E70B4801F0F5F90020ADE70A21CC
:10AAC0000948FDF7FDFEA7E7A07402209474022058
:10AAD0009C7402209074022058890210118A001080
:10AAE0002C8400002B84000058AF0210024B186821
:10AAF000431E9841C0B2704790740220F0B5CE4614
:10AB00004746012180B5364BA3B0186849429946A3
:10AB100012F058FC334E1CA805F0CAFB17221CA9E2
:10AB200030000CF0E3FA0AA806F0BEFA3000412229
:10AB30000AA917300CF0DAFA684606F0F5FD340081
:10AB4000300021226946583079340CF0CFFA0821C0
:10AB5000200006F013FA244F002837D1234B00249D
:10AB60009846234D03E001342435082C0ED02900EB
:10AB7000E0B204F0A9FB0028F5D0220039004046DD
:10AB80000134FDF70BFF2435082CF0D104F01CFF35
:10AB90004B46002200211868002311F0FFFF30000F
:10ABA000D2230024A93008225B000021FF30F4509A
:10ABB0000CF096FAD82339005B000E48F450FDF7EC
:10ABC0007FFE23B0C0BCB946B046F0BD39000A488C
:10ABD000FDF7E4FE0822002120000CF081FABDE719
:10ABE000844B0220D04B0220BCAF021004B00210F4
:10ABF000544C022038B00210C8AF0210012170B5C9
:10AC0000D226D54D4942286812F0DCFBD34C7600A1
:10AC1000A35D002B46D1A626FF36A35D002B57D19E
:10AC2000D3267600A35D002B69D1A826FF36A35D4D
:10AC3000002B00D075E0D4267600A35D002B00D059
:10AC400082E0AA26FF36A35D002B00D090E0D52637
:10AC50007600A35D002B00D09EE0AC26FF36A35DFE
:10AC6000002B00D0ACE0D6267600A35D002B00D0F0
:10AC7000BAE0AE26FF36A35D002B00D0C9E0D72690
:10AC80007600A35D002B00D0D7E0B026FF36A35D91
:10AC9000002B00D0E5E0286800230022002111F0FD
:10ACA0007DFF70BD200005F081FA002800D06DE125
:10ACB000A055A626AA49AB48FDF702FE642014F071
:10ACC00001F9FF36A84803F0D5FAA35D002BA7D001
:10ACD0002000173006F066F9002800D0D0E0A0551B
:10ACE000D3269F49A148FDF7EBFD642014F0EAF854
:10ACF00076009D4803F0BEFAA35D002B95D020009E
:10AD0000583006F0F3FC002800D0C2E0A055A82679
:10AD100093499748FF36FDF7D3FDA35D002B00D183
:10AD200089E720000821793006F016F9002800D0C4
:10AD3000B8E0A055D4268A498E487600FDF7C0FDBC
:10AD4000A35D002B00D17CE721000020843104F0BA
:10AD5000A1FA002800D0AEE0A055AA260022804922
:10AD60008548FF36FDF7ACFDA35D002B00D16EE7F3
:10AD700021000120A83104F08DFA002800D0A4E0C1
:10AD8000A055D526012276497B487600FDF798FD2F
:10AD9000A35D002B00D160E721000220CC3104F03C
:10ADA00079FA002800D09AE0A055AC2602226C491E
:10ADB0007148FF36FDF784FDA35D002B00D152E7FB
:10ADC00021000320F03104F065FA002800D090E063
:10ADD000A055D6260322624967487600FDF770FD2C
:10ADE000A35D002B00D144E7210015310420FF3181
:10ADF00004F050FA002800D085E0A055AE260422C9
:10AE000057495D48FF36FDF75BFDA35D002B00D180
:10AE100035E7210039310520FF3104F03BFA0028E5
:10AE20007BD1A055D72605224D4953487600FDF722
:10AE300047FDA35D002B00D127E721005D310620EF
:10AE4000FF3104F027FA002871D1A055B026062260
:10AE500043494948FF36FDF733FDA35D002B00D180
:10AE600019E7210081310720FF3104F013FA00288F
:10AE700067D1A05507223A493F48FDF721FD0AE76F
:10AE80000A21012003F0FEFD35493C48FDF786FD0F
:10AE9000C6E60A21012003F0F5FD31493848FDF7E7
:10AEA0007DFDC2E60A21012003F0ECFD2C49354866
:10AEB000FDF774FDBFE60A21012003F0E3FD002247
:10AEC00027493148FDF76AFDBBE60A21012003F05E
:10AED000D9FD012222492C48FDF760FDB7E60A2181
:10AEE000012003F0CFFD02221D492748FDF756FD42
:10AEF000B3E60A21012003F0C5FD032218492248C8
:10AF0000FDF74CFDAFE60A21012003F0BBFD042252
:10AF100013491D48FDF742FDABE60A21012003F06D
:10AF2000B1FD05220E491848FDF738FDA7E60A21B4
:10AF3000012003F0A7FD062209491348FDF72EFD65
:10AF4000A3E60A21012003F09DFD072204490E48D3
:10AF5000FDF724FD9FE6C046844B0220D04B022023
:10AF6000BCAF021060B0021088B00210CCB002106A
:10AF70001CB102106CB10210C0B10210F0B002108E
:10AF800040B10210E8B1021090B102100A21012074
:10AF900003F078FD02490348FDF700FD3BE6C0469B
:10AFA000BCAF02109CB00210F0B5DE4657464E46CC
:10AFB0004546FA20E0B58000E3B013F083FFD94B9B
:10AFC000D94819002393FDF77BFC04F0FBFFFFF742
:10AFD00095FD05F027FB002801D100F07FFE01223E
:10AFE000D24B01211A70D24B4EAF186811F004FBFE
:10AFF000D0482399FDF764FCCF4B0E93CF4B0993B8
:10B00000CF4B0A93CF4B0C93CF4B0F93CF4B109357
:10B01000CF4B1193CF4B1293CF4B2093CF4B0B932E
:10B02000CF4B9A46CF4B2D93CF4B1393CF4B2193BE
:10B03000CF4B2E93CF4B1693CF4B2F93CF4BD04A62
:10B040001793D04B02923093CF4BD04A1893D04BEA
:10B0500025923193CF4BD04A1E93D04B1F9214931D
:10B06000CF4BD04A2A93D04B24922B93CF4BD04A2C
:10B070000093D04BD04C019332AB9946CF4DD04B7F
:10B080000692D04A9346D04A0792D04A1992D04AA3
:10B090001D92D04A2692D04A2C92D04A2792D04A6A
:10B0A0002292D04A1592D04A2892D04A29925246EA
:10B0B000DA469B4604925346DA469B460AF062F80B
:10B0C000002900D1E1E0FA22002392000BF00AF8F7
:10B0D000FA220E9B52001B68C31A934200D3E0E091
:10B0E000099B0A221B78002B17D10A9B1B78002B87
:10B0F00013D10C9B1B78002B0FD10F9B1B78002BBF
:10B100000BD1109B1B78002B07D1119B1A78531E73
:10B110009A41592352429A436432129B3AA91868C1
:10B1200011F0CEFF012800D12DE3D8260B9B76002D
:10B130009B59002B00D0E4E0049B0521186812F015
:10B1400041F9012830D101230026984620680028C3
:10B1500000D1ACE00022390011F0B2FF012800D08C
:10B16000A5E0009A3B88127859BA002A03D0019AC8
:10B1700012889A42EAD04B464846198004F056FDA0
:10B180003B88019A013613804246009BB6B20220EA
:10B190001A7003F019F8042ED8D1049B0022186805
:10B1A0000021002311F0FAFC099B1B78002B00D032
:10B1B00020E1119B1B78002B00D043E10A9B1B78F8
:10B1C000002B00D070E10C9B1B78002B00D0F7E126
:10B1D0000F9B1B78002B00D07FE2109B1B78002B6D
:10B1E00000D16BE75B468026D3469A461E9BB6008D
:10B1F0001B889846B34201D300F063FCFF21202254
:10B2000038000BF06DFF049B0521186812F0DAF886
:10B21000012800D04FE74346F61A331CB6B2202E61
:10B2200000D920239EB2C0235B0143449BB232006D
:10B23000390018000393F6F73DF88046002801D046
:10B2400000F02FFC049B002100221868002311F05D
:10B25000A5FC1E9A02201388F3181600138002F032
:10B26000B3FF012013F02EFE802332889B009A4208
:10B2700000D220E7C0225E4B520123992998FDF7A6
:10B280001FFB4246109B1A7015E7FA2189000AF04D
:10B29000EBFEFA220E9B52001B68C31A934200D2A7
:10B2A0001EE70E9B1860022002F08EFF18E70123B4
:10B2B00098462868002800D16FE70022390011F075
:10B2C000FFFE012800D068E752463B88127859BA41
:10B2D000002A03D0029A12889A42EAD04B46484686
:10B2E000198004F0DBFC3B88029A01361380534638
:10B2F0004246B6B202201A7002F066FF042ED8D180
:10B300004BE713F025FE0B9B9B59C01AFA23DB0079
:10B31000984200D210E7FFF771FC00230B9A93517B
:10B320000AE7C046BCAF0210908B0210EC850220E9
:10B33000D849022050B20210444E0220FF8502205C
:10B34000028602201A860220018602201986022027
:10B3500000860220907402207CE70210D04B02206D
:10B36000844B02206CB20210FC790220F879022092
:10B370009CB20210DC850220D0B20210E2850220CD
:10B38000D685022004B30210DA850220C4B302106D
:10B3900038B30210E0850220D4B30210007A0220F4
:10B3A00070B3021010B40210A0B30210F185022095
:10B3B00020B40210D4850220084E0220304E022014
:10B3C000F285022004780210787E0210ED850220BA
:10B3D000AC4B022028B402104CB4021078B4021016
:10B3E000CCB3021018B40210A0B40210D4B40210EE
:10B3F000FF190000139B1B680393002B01D100F081
:10B40000FAFB8023039A1B029A4200D262E30026D1
:10B410002498FDF7C3FAFDF7EBFA099B1E70219BF8
:10B420001868002806D000230022002111F0B6FB86
:10B43000219B1E60012013F045FD119B1B78002B02
:10B4400000D1BBE6199B1B78002B00D1C1E3802300
:10B45000149A1B0212689A4200D3B2E30121049BA2
:10B460004942186811F0AEFF149A1D9910882022E5
:10B47000F5F720FF049B0600002218680021002336
:10B4800011F08CFB002E00D0C9E3149B1968203109
:10B4900019608B0500D1EAE3062013F013FD0A9B27
:10B4A0001B78002B00D18EE6169B1B88002B00D149
:10B4B000ACE380229200934275D2D21A111C92B250
:10B4C000202A00D92021B022520194468EB20121B7
:10B4D000049A63449BB2106849420D93059611F09B
:10B4E00071FF320049460D98F5F734FF049A0023A6
:10B4F00010680021002211F051FB002303935346F2
:10B500001A941B931C95039C50212300A4464B4482
:10B5100098460D9B380063449BB2069A0DF06CFA76
:10B52000059B1B1B102B00D925E1DEB29BB20893B3
:10B53000002E00D19DE232AA7723944663441C007A
:10B54000502300259A4652464346E11B5B5D20008E
:10B55000511A5A460DF050FA0135EBB224189E42AA
:10B56000F1D839000798FDF719FA089A039B944619
:10B57000059A63449BB203939A42C4D89446169E9C
:10B580001B9B02209A4633881A9C634433801C9D7F
:10B5900002F01AFE012013F095FC802332889B00F4
:10B5A0009A4200D20FE61598FDF7F8F9FDF720FA58
:10B5B00000230A9A13700C9B1B78002B00D107E61E
:10B5C000179B1B88002B00D10CE380229200934232
:10B5D00076D2D21A111C92B2202A00D92021C02280
:10B5E000520194468EB20121049A63449BB21068C2
:10B5F00049420D93059611F0E5FE320049460D983B
:10B60000F5F7A8FE049A002310680021002211F02B
:10B61000C5FA0023039353461A941B931C95039C6D
:10B620000D9A23004B4494469846230063449BB2F2
:10B6300050213800069A0DF0DFF9059B1B1B102BDB
:10B6400000D99CE0DEB29BB20893002E00D10DE23F
:10B6500032AA7723944663441C00502300259A465F
:10B6600052464346E11B5B5D2000511A5A460DF0DD
:10B67000C3F90135EBB224189E42F1D8390007987E
:10B68000FDF78CF9089A039B9446059A63449BB294
:10B6900003939A42C3D89446179E1B9B02209A4656
:10B6A00033881A9C634433801C9D02F08DFD012079
:10B6B00013F008FC802332889B009A4200D287E571
:10B6C0001598FDF76BF9FDF793F900230C9A1370A9
:10B6D0000F9B1B78002B00D17FE5189B1E888023D1
:10B6E0009B0098469E4200D3D6E1FF2120223800DD
:10B6F0000BF0F6FC049B0521186811F063FE01288D
:10B7000000D06AE543469B1B1A1C9BB2202B00D934
:10B71000202293B29846B0235B019C466644B3B2A4
:10B720004246390018000393F5F7C4FD061E00D009
:10B73000A2E1049B002100221868002311F02EFAD8
:10B74000189A022013884344138002F03DFD012023
:10B7500013F0B8FB8023189A9B0012889A4200D2FB
:10B760003BE5B022D94B239929985201FDF7A8F85F
:10B770000F9B1E7031E5102310260893DBE6102383
:10B780001026089364E7202232AB9B181A78172AF8
:10B7900000D976E2209B92009B589F464C98002847
:10B7A00004D00B99212258310BF0A0FC4D980028B1
:10B7B00000D1BAE400230022002111F0EFF94D98E6
:10B7C000002800D1B1E400230022002111F0E6F9A5
:10B7D000ABE405F0A7FAF2E7242232AB9B18187805
:10B7E00005F046FAEBE7242232AB9B18187805F0F7
:10B7F000CBF9E4E73F22242132AB9B181A7832AB15
:10B800005B1832A98C46187825236344190005F08B
:10B8100043F9D4E7099B1B78002B00D136E22D9821
:10B820002399FDF7BBF84D98002800D17DE4002353
:10B830001A00190011F0B2F977E4099B1B78002B6C
:10B84000BDD10A9B1B78002BB9D10C9B1B78002B18
:10B85000B5D10F9B1B78002BB1D1109B1B78002B0F
:10B86000ADD1119B1B78002BA9D1012211992A98E7
:10B870000A708021149A09021360FDF721F89EE7EF
:10B88000109B1B78002B00D023E2012210990A7034
:10B890001E9A138093E70F9B1B78002B00D013E2B6
:10B8A00001220F990A70189A138088E70B9B3BAA14
:10B8B000583343CA43C343CA43C303CA03C31278BA
:10B8C0001A70D32301220B9E5B00F25413F040FB4D
:10B8D000D8235B00F05072E7242232AB9B181B7810
:10B8E000072B00D96BE70121049E4942306811F013
:10B8F00069FD242232AB9B1832AA9446187825237E
:10B900006344190004F0C6F8306853E7242232ABD0
:10B910009B181878072800D951E74C99002900D1C5
:10B920004DE71C3204F08CF849E70B9E08223000EA
:10B930003BA979300BF0DAFBA8230122FF33C4E7DF
:10B940004C98002800D13AE70B99082279310BF086
:10B95000CDFB34E70B9E412230003BA917300BF0A2
:10B96000C5FBA623E9E74C98002800D11EE70B99F8
:10B97000412217310BF0BAFB18E70B9B3BAA43CAD5
:10B9800043C303CA03C31188198092789A70D223E3
:10B9900001220B9E5B0098E74C98002800D10EE72F
:10B9A00017220B990BF0A2FB09E7242232AB9B185C
:10B9B0001B789846072B00D901E7D900444B414436
:10B9C0009C46890061440B003CAA43CA43C343CA56
:10B9D00043C343CA43C3664643460122843EF31829
:10B9E000A933FF331A7013F0B3FAD8235B00F05079
:10B9F000E5E6242232AB9B181978072900D9DEE648
:10BA00004C98002800D1DAE60B9B51439C468431C8
:10BA100061440BF06BFBD2E60C9B1B78002B00D132
:10BA200040E123992F98FCF7B9FFFFF77EFB0A9BB3
:10BA30001B78002B00D13EE123992E98FCF7AEFF36
:10BA4000FFF773FB0121049E4942306811F0BAFCF4
:10BA500004F05CF9002300220021306811F09EF808
:10BA6000FFF74CF8ABE6FFF7C9F8A8E60023089308
:10BA700004E60023089374E50A21012003F002F88C
:10BA8000039A23992898FCF789FF049B00221868E1
:10BA90000021002311F082F800230F9A1370FFF7A2
:10BAA0009CFB0A21012002F0EDFF039A23992898BC
:10BAB000FCF774FF049B002218680021002311F09A
:10BAC0006DF80023109A1370FFF7F5FAFF170000C6
:10BAD000544C022091B22032884620269A4202D944
:10BAE000814E761AB6B20121049B4942186811F0C2
:10BAF00069FC320049464046F5F72CFC049B0022C5
:10BB000018680021002311F049F852464E46139B55
:10BB100008941B680D921A958022120293423DD21E
:10BB2000039C069A2300502138000CF065FF6F4AF1
:10BB3000A3B2934241D9E3B25A42D2B29046002B0B
:10BB400000D19BE0059232AA7723944663441C00FF
:10BB500050239A46330000254646984652464346AF
:10BB6000E11B5B5D2000511A5A460CF045FF013580
:10BB7000EBB224189E42F1D8464639000798FCF7EC
:10BB80000DFF0599139A8C461368103663441360B1
:10BB9000039A103203923AAAB242BDD10D9B022001
:10BBA0009A46089C1A9D02F00FFB8023139A1B02F1
:10BBB00012689A4200D23DE429E410239846059386
:10BBC000C1E70023119A26981370FCF779FEFFF75E
:10BBD000F5FA2022FF211D980BF082FA0123199A11
:10BBE000137034E42298FCF7D9FE1F98FCF7D6FEB8
:10BBF000179B1B88E9E42598FCF7D0FE1F98FCF7FB
:10BC0000CDFE139B1B680393FFF7FBFB2298FCF709
:10BC1000C5FE1F98FCF7C2FE169B1B8849E40A204C
:10BC200013F050F90121049B4942186811F0CAFB36
:10BC3000149A1D9910882022F5F73CFB049B0600FE
:10BC4000002218680021002310F0A8FF002E00D168
:10BC50001BE40A21012002F015FF149B2C9819689F
:10BC6000FCF79CFE0023119A1370FFF7A7FA8022BD
:10BC700027981202FCF724FEFFF70EFC0023059321
:10BC80007BE723992B98FCF789FE98E50122099917
:10BC90000A70139A13604D9B219A1360FCF79CFE67
:10BCA000FFF743FA01220C990A70179A1380FCF7E8
:10BCB00093FEFFF73AFA01220A990A70169A138046
:10BCC000FCF78AFEFFF731FA23993098FCF766FEFD
:10BCD00075E523993198FCF761FE70E504482399D6
:10BCE000FCF75CFEFFF77BF90080FFFFF07F0000B0
:10BCF00014B20210014B1878C0B27047EC850220D4
:10BD000000B50D4B95B01B78D8B2002B12D0502245
:10BD1000002168460BF0E4F911236A461370074BC3
:10BD2000002218686946002310F038FF01384342AA
:10BD30005841C0B215B000BDEC85022090740220BD
:10BD400000B50D4B95B01B78D8B2002B12D0502205
:10BD5000002168460BF0C4F90C236A461370074BA8
:10BD6000002218686946002310F018FF013843428A
:10BD70005841C0B215B000BDEC850220907402207D
:10BD800000B50D4B95B01B78D8B2002B12D05022C5
:10BD9000002168460BF0A4F90D236A461370074B87
:10BDA000002218686946002310F0F8FE013843426B
:10BDB0005841C0B215B000BDEC850220907402203D
:10BDC00000B50D4B95B01B78D8B2002B12D0502285
:10BDD000002168460BF084F90E236A461370074B66
:10BDE000002218686946002310F0D8FE013843424B
:10BDF0005841C0B215B000BDEC85022090740220FD
:10BE000000B50D4B95B01B78D8B2002B12D0502244
:10BE1000002168460BF064F90F236A461370074B44
:10BE2000002218686946002310F0B8FE013843422A
:10BE30005841C0B215B000BDEC85022090740220BC
:10BE400000B5144B95B01B78002B0BD1124B186822
:10BE5000002804D0002110F097FBC00702D4002076
:10BE600015B000BD0D4B1B78002BF8D150220021DE
:10BE700068460BF035F910236A461370084B002210
:10BE800018686946002310F089FE01384342584182
:10BE9000C0B2E5E7EC850220D849022000860220E6
:10BEA0009074022000B583B06B46991D054B088045
:10BEB0001868002803D00023002210F06FFE03B0A2
:10BEC00000BDC046084E022000B583B06B46991DE8
:10BED000054B08801868002803D00023002210F0CA
:10BEE0005DFE03B000BDC046304E0220002370B599
:10BEF0002C4D82B02B70002801D102B070BD13F020
:10BF000027F8294BC41806E013F022F8A04206D205
:10BF10000A2012F0D7FFFEF7E9FD0028F4D0012037
:10BF200010F0C2FF214C206010F086FA204E002253
:10BF300002213060202010F077FD1E4B0022186097
:10BF40000221202010F070FD1B4B18602368002B8D
:10BF50001FD03368002B1CD00023802201930233B2
:10BF60000093164900231648120112F015FB040035
:10BF7000012808D00A21012002F084FD114912484D
:10BF8000FCF70CFDB9E70F491048FCF799FC2C7041
:10BF9000B3E70A21012002F075FD0A490C48FCF7BD
:10BFA000FDFCAAE7F985022088130000844B0220DB
:10BFB000D8490220084E0220304E02206C8902101F
:10BFC000A9AF0010BCAF021030B5021054B502107A
:10BFD00004B50210084B10B51B78D8B2002B09D15C
:10BFE000064B1B68002B05D01800002110F0CCFA7E
:10BFF0000123184010BDC046EC850220D84902201C
:10C00000030000B5064A83B01068012100930022A6
:10C01000012310F01DFA0123184003B000BDC046F3
:10C02000D849022070B5040094B0002803D0174B03
:10C030001B78002B03D10024200014B070BD032214
:10C040000021012010F0F0FC051EF4D04822002150
:10C0500068460BF045F8FA220D4B694618689200C5
:10C0600000231294139510F099FD0024012803D0A9
:10C07000280011F0A5FDDFE7FA212800890011F062
:10C08000A1F9441E63425C41E4B2F1E7EC85022071
:10C090009074022010B5040094B0002820D0114BF9
:10C0A0001B78D8B2002B01D114B010BD5022002152
:10C0B00068460BF015F801236A462100137001A8A9
:10C0C00017220BF013F8FA22074B69461868920002
:10C0D000002310F063FD013843425841C0B2E3E74A
:10C0E0000020E1E7EC8502209074022070B5040086
:10C0F00094B0002803D01A4B1B78002B03D10024E6
:10C10000200014B070BD03220021012010F08CFC2F
:10C11000051EF4D04822002168460AF0E1FF6E4671
:10C120000223FA2233700F4B6946186892000023ED
:10C130001294139510F032FD012803D0280011F05D
:10C140003FFDDCE7FA212800890011F03BF9441E8D
:10C1500063425C412800E4B211F032FDD0E7C046F2
:10C16000EC8502209074022010B5040094B00028E1
:10C1700020D0114B1B78D8B2002B01D114B010BDC8
:10C180005022002168460AF0ABFF03236A462100D3
:10C19000137001A841220AF0A9FFFA22074B694651
:10C1A00018689200002310F0F9FC0138434258410E
:10C1B000C0B2E3E70020E1E7EC85022090740220A2
:10C1C00070B5040094B0002803D01A4B1B78002BE4
:10C1D00003D10024200014B070BD032200210120EF
:10C1E00010F022FC051EF4D04822002168460AF017
:10C1F00077FF6E461623FA2233700F4B6946186894
:10C20000920000231294139510F0C8FC012803D06B
:10C21000280011F0D5FCDCE7FA212800890011F094
:10C22000D1F8441E63425C412800E4B211F0C8FC1E
:10C23000D0E7C046EC8502209074022010B50400BF
:10C2400094B0002820D0114B1B78D8B2002B01D11C
:10C2500014B010BD5022002168460AF041FF172398
:10C260006A462100137001A821220AF03FFFFA223A
:10C27000074B694618689200002310F08FFC0138C4
:10C2800043425841C0B2E3E70020E1E7EC850220D9
:10C290009074022070B5194B04001B7894B0002BE9
:10C2A00003D10024200014B070BD0322002101201E
:10C2B00010F0BAFB051EF4D04C22002168460AF0AB
:10C2C0000FFF6E46082333700D4B22001868694635
:10C2D0000023139510F062FC012803D0280011F010
:10C2E0006FFCDEE72100280011F06CF8441E634269
:10C2F0005C412800E4B211F063FCD3E7EC85022036
:10C300009074022070B5194B04001B7894B0002B78
:10C3100003D10024200014B070BD032200210120AD
:10C3200010F082FB051EF4D04C22002168460AF072
:10C33000D7FE6E46092333700D4B220018686946FC
:10C340000023139510F02AFC012803D0280011F0D7
:10C3500037FCDEE72100280011F034F8441E634268
:10C360005C412800E4B211F02BFCD3E7EC850220FD
:10C370009074022070B504000D0094B0072823D8F3
:10C38000002921D0114B1B78D8B2002B01D114B059
:10C3900070BD5022002168460AF0A2FE6E460B23B3
:10C3A0002422290002A8337034710AF09FFEFA2279
:10C3B000074B694618689200002310F0EFFB013824
:10C3C00043425841C0B2E2E70020E0E7EC8502209A
:10C3D00090740220F0B5144B06001B780F00140077
:10C3E00095B0D8B2002B01D115B0F0BD502200217C
:10C3F00068460AF075FE6D4612232E712B70EC779D
:10C40000002F04D019223900681D16F0C5FF074B14
:10C41000002218682900002310F0C0FB01384342B5
:10C420005841C0B2E0E7C046EC850220907402207B
:10C4300030B50E4B04001B7895B0D8B2002B13D04A
:10C440005022002168460AF04BFE6D4613232B70E4
:10C45000074B00221868694600232C7110F09EFBE0
:10C46000013843425841C0B215B030BDEC850220BE
:10C470009074022030B50E4B04001B7895B0D8B2F2
:10C48000002B13D05022002168460AF029FE6D4689
:10C4900014232B70074B00221868694600232C7167
:10C4A00010F07CFB013843425841C0B215B030BD9A
:10C4B000EC8502209074022000B50D4B95B01B78DE
:10C4C000D8B2002B12D05022002168460AF008FE94
:10C4D00015236A461370074B00221868694600232B
:10C4E00010F05CFB013843425841C0B215B000BDAA
:10C4F000EC8502209074022070B5F5F7BDFF052091
:10C5000001F062FE12F024FD204D04000AE012F05A
:10C510001FFD001BA8422ED8052001F055FE642007
:10C5200012F0D0FCF5F780FF0128F0D11848F9F798
:10C53000A7F800281BD0052001F046FE05F0A2F95F
:10C5400007F0CAFB13491448FCF7BAF9052001F0BB
:10C550003BFE0222A1210120F6F784F800280ED12B
:10C560000E48FFF79FFC052001F02EFE70BD0C4821
:10C57000FFF7AAFCFAE70B48FFF7A6FCF6E7012253
:10C58000A1210948FCF79CF9EDE7C046DB05000056
:10C59000407C022074B502107CB50210F224000029
:10C5A000F8220000F7220000A0B50210F0B5DE4628
:10C5B000454657464E46E0B5DA4B8DB01900DA488D
:10C5C0000193FCF77DF9D94D10E0FA220023920087
:10C5D00009F088FDFA222B685200C31A934218D240
:10C5E000D348FFF771FC0A2012F06CFCD148FFF72A
:10C5F00007FD002812D108F0C5FD0029E5D1FA2178
:10C60000890009F031FDFA222B685200C31A9342C7
:10C61000E6D32860052001F0D7FDE1E7052001F011
:10C62000D3FDC54C2000FFF7FDFC002868D0052095
:10C6300001F0CAFDF5F7D2FB00282DD0052001F04E
:10C64000C3FD2000F9F71CF8002851D0052001F0A7
:10C65000BBFDF5F7E9FEB94B9946187001285ED08D
:10C66000B74B00209A46012352461370B54B0A215E
:10C670000093187002F0A6FA08F084FD002900D09B
:10C680004AE1FA21890009F0EFFCAF4B1860AF488E
:10C690009B46FFF719FC53E0AD48FFF703FC002071
:10C6A000F4F7A8FE102303421CD1AA48FFF7FAFBB7
:10C6B0000FE0FA220023920009F014FD2B68C31A40
:10C6C000F92B03D92860052001F07EFD642012F0CB
:10C6D000F9FB08F057FD0029EBD1FA21890009F098
:10C6E000C3FCEBE79843C1B20020F4F7ADFEDCE7F2
:10C6F000F5F79AFE0128A9D19748FFF7E5FBA5E7D2
:10C700009648FFF7CFFB06A803F0D2FD17222000C2
:10C7100006A90AF0EBFC9248FFF7D6FB87E7884BA7
:10C720000A219A46002352461370864B00931870D4
:10C7300002F048FA8B480199FCF7C2F8824B9B46FD
:10C74000019C89482100FCF7BBF805F09BF807F035
:10C75000C3FA21008548FCF7B3F8052001F034FD49
:10C760000222A1210120F5F77DFF002800D060E121
:10C770007F48FFF797FB052001F026FDF9F74CFAFB
:10C780007C4B9846474618707B4B04937B4B059334
:10C790007B4B02937B4B039308F0F4FC00291ED0E3
:10C7A000FA220023920009F09DFC0600F9F734FA02
:10C7B0003B7804009846012B1DD03C70012C38D1E9
:10C7C000FA222B685200F31A934200D304E1962018
:10C7D000400012F077FB08F0D5FC0029E0D1FA21E7
:10C7E000890009F041FC0600F9F716FA3B780400CD
:10C7F0009846012BE1D10028DFD101990498FCF77C
:10C800005FF8C82012F05EFBFFF776FE4B461C7007
:10C81000F5F70AFE5346012800D102E142461A709C
:10C82000009B0A2100201C7002F0CCF95B463C7092
:10C830001E60F5F7F9FD4B461B780400834213D0C8
:10C84000012800D1D2E05048FFF73EFB01235246B9
:10C8500013700023009A0A210020137002F0B2F92D
:10C860005B461E604B461C7053461B78002B07D05E
:10C870005B46FA221B685200F31A934200D3C5E0CC
:10C880002B68F31AF92B00D9ABE008F07BFC0029E8
:10C8900000D18FE0FA220023920009F023FC04006B
:10C8A00005F040F808F06EFC002977D0FA2200234A
:10C8B000920009F017FC354B011B994276D80120F4
:10C8C00012F000FB0FF0D2FA08F05CFC00295FD0F8
:10C8D000FA220023920009F005FC0400F6F79EFD01
:10C8E0000220F5F709FF002802DD052001F06CFCAD
:10C8F00008F048FC002963D0FA220023920009F0D6
:10C90000F1FB224B011B994262D8052001F05CFC2F
:10C910000A2012F0D7FA3FE7FA220023920009F02A
:10C92000E1FBB2E674B50210908B0210404E02207B
:10C93000F322000088130000407C02200C860220B5
:10C940000586022006860220047A0220F5220000D5
:10C95000F1240000F4240000F1220000F324000080
:10C96000F9220000D4B5021008B602107CB50210FE
:10C97000F22400000D86022038B602106CB60210B8
:10C98000A0B60210B4B60210F6220000EE020000BB
:10C99000FA21890009F068FB04009FE7FA21890069
:10C9A00009F062FB264B011B994288D9029801F0DD
:10C9B00029FC84E7FA21890009F056FB04006FE79F
:10C9C000FA21890009F050FB1D4B011B99429CD9AB
:10C9D000039801F017FC98E705202E6001F0F4FBA6
:10C9E000F5E605202E6001F0EFFB4EE70199059872
:10C9F000FBF766FFFFF780FD002352461370009B94
:10CA00000A2101201C7002F0DDF82BE75B461E6056
:10CA10000123009A0A2110785840107002F0D2F8D1
:10CA20002EE71C70009B0A21187002F0CBF83C70B6
:10CA3000FFE60122A1210348FBF742FF9BE6C04627
:10CA4000EE020000A0B50210002330B5184D83B0EF
:10CA50002B70002801D1012420E012F079FA154B47
:10CA6000C41806E012F074FAA04206D20A2012F0AE
:10CA700029FAFFF7AFFA0028F4D00F4B8022019378
:10CA800004230E4900930E480023520111F084FD47
:10CA90000400012805D00B48FFF704FA200003B07A
:10CAA00030BD09490948FBF70BFF2C700124F5E75D
:10CAB000F7850220881300002C7402209889021048
:10CAC000ADC50010F524000074B50210C0B6021008
:10CAD000024B1868431E9841C0B270472C74022064
:10CAE000F0B5DE4657464E464546E0B5A1B012F0D9
:10CAF0002FFAA4491590A448FBF7E2FE08F042FB88
:10CB0000002900D17DE2FA220023920009F0EAFA1E
:10CB100002000B909D4B16AF0C931A605A609A60FE
:10CB2000DA601A615A619A61DA61994B0993994BFB
:10CB30000D93994B0E93994B0F93994B0A93994BE5
:10CB40001193994B1293994B1393994B109308F0AF
:10CB500019FB002919D0FA220023920009F0C2FA29
:10CB60000400F9F759F8FA22099B52001B68E31AEE
:10CB7000012810D1934200D3F2E09620400012F039
:10CB8000A1F908F0FFFA0029E5D1FA21890009F09E
:10CB90006BFA0400E5E7934200D3ECE0F7F7E4FF1B
:10CBA000F8F7E0F9002800D0E0E008F0EBFA0029FF
:10CBB00000D1CFE0FA220023920009F093FA02900C
:10CBC0000C9B002698460D9B0F9D99460E9B01934A
:10CBD00038E04346029A1A6000239B46049303936D
:10CBE000039A3B617A60049A069BBA605A467B615D
:10CBF000059BFA60BB61079B01223B77029B3E705D
:10CC00003B622423FA543A00019B13CA13C313CA8C
:10CC100013C313CA13C3126805211A6028680130B0
:10CC2000286009F021FA002900D181E004239C4604
:10CC3000019B01362833F6B2E044E1440193043508
:10CC4000082E7DD03000F8F70DF903903000F8F78A
:10CC500023F904903000F8F739F983463000F8F7EB
:10CC600067F906903000F8F76DF943461B680790A6
:10CC70009A464B461B6805930028AAD0049903984E
:10CC80000AF01BF953460890002B3BD05246029BFA
:10CC90009C1A534536D0002158460AF05BF900280B
:10CCA00030D020000AF05BF942490AF0F2F842491C
:10CCB000824658460AF0EDF8011C50460AF0FDF88D
:10CCC000011C05980AF0E2F84A4610604246029BB1
:10CCD000089C059039491360201C0AF03BF9002894
:10CCE00024D05846211C0AF0D4F88246FE21504632
:10CCF00089050AF02FF95346002800D170E7FE237A
:10CD00009B056DE74346029A089C2C491A60201C3B
:10CD10000AF020F9002809D0211C58460AF0B9F879
:10CD2000002182460AF000F90028DFD0002357E7EF
:10CD30000A9B00223900186800230FF02FFF75E7C7
:10CD4000029B0B9A9B1AC72B3AD8282115A812F0E0
:10CD500049F8FCE6FA21890009F086F902902FE7EC
:10CD6000099B05301C6001F02FFA06E7F8F7F4F88C
:10CD7000FAF7B8FE19E7099B06201C6001F024FAB7
:10CD80000CE7C046E8B60210908B0210383C002039
:10CD90003C4E0220884B02205C520220EC84022090
:10CDA00098740220503200204C320020D48202209D
:10CDB000B882022000BA5B4A00007A440AD7233CBA
:10CDC000E021934AC90113680B4092490B6004218A
:10CDD000914B1960FC3113680B42FCD0536804225C
:10CDE00080218D4B49001A60894A13680B42FCD0A0
:10CDF0000120536812F066F88022102500260420D6
:10CE00008549834C5200086023681342FCD0636854
:10CE1000013D1B041B0CF618002DF4D13609B3B2EA
:10CE200018009B460AF09BF8E92189050AF045F8AD
:10CE3000011C0AF02BF879490AF03FF8C023226858
:10CE40009B015340E022D2011340724A80211360BB
:10CE500004228146704B49001A606D4A13680B42E8
:10CE6000FCD05368042280216B4B49001A60684A49
:10CE700013680B42FCD00120536812F023F8802184
:10CE8000102404266448624A4900066013680B4275
:10CE9000FCD05368013C1B041B0CED18002CF4D192
:10CEA0002D09ABB2180001930AF059F8E921890560
:10CEB0000AF003F85A490AF000F8584909F0FDFF52
:10CEC000584980460AF030F8002800D095E0022347
:10CED00051494F4A0B6080231068DB014340E0203A
:10CEE000C00103404B48036004230B6080214900CC
:10CEF00013680B42FCD0536804228021464B490042
:10CF00001A60434A13680B42FCD00120536811F0A9
:10CF1000D9FF8021202604253F483D4A490005606D
:10CF200013680B42FCD05368013E1B041B0CE41831
:10CF3000002EF4D16409A4B220000AF010F8E9210F
:10CF4000890509F0BAFF119B196809F09CFF129B33
:10CF5000196809F09EFF011C334809F094FF139BE8
:10CF6000196809F093FF3149824609F0F3FF002860
:10CF700029D1052011F0A6FF062001F025F9002196
:10CF8000504609F0D1FF002802D02948FEF78AFF59
:10CF9000062001F019F9052011F094FF50462549AB
:10CFA00009F0D0FF002823D15B46109A0299D38163
:10CFB0004B465360019B51611382434693600123AA
:10CFC0000B911376C1E61C48FEF76CFF052011F0AB
:10CFD00079FF062001F0F8F8062001F0F5F80520A9
:10CFE00011F070FF5046154909F0A4FF0028DBD06E
:10CFF0005246109B9C811A60D6E71148FEF752FFFB
:10D0000065E7FA21890009F02FF802000B9081E50D
:10D0100000C0044000D0044000E00440D7A3803F9B
:10D0200000003041000020410000D8410000704263
:10D03000F53400000000A0C1F43400000000F0420C
:10D04000F3340000002270B5574D030082B0012078
:10D050002A70002B01D102B070BD11F079FF534B43
:10D06000C41806E011F074FFA04206D20A2011F0A5
:10D0700029FFFFF72DFD0028F4D0002228211020E1
:10D080000FF0D2FC4A4B186000287DD0F8F718F852
:10D09000FAF7CAFB0EF030FE0222464C464B2068DF
:10D0A0001A60002804D0FA2110F08CF9012870D001
:10D0B000002002F065FB414C2822002120000AF0EC
:10D0C0000FF820002822002128300AF009F8282330
:10D0D00001222000E2540021273250300AF000F8EB
:10D0E000200050230226282200217830E65409F03F
:10D0F000F7FF782303222000E25400212532A030DC
:10D1000009F0EEFFA02304222000E2540021243283
:10D11000C83009F0E5FFC82305222000E2540021B1
:10D120002332F03009F0DCFF2000F0230622193012
:10D13000E25400212232FF3009F0D2FF8C23072273
:10D140005B00E254002119321D4809F0C9FF20227A
:10D1500000211C4809F0C4FF1C2200211A4809F0D4
:10D16000BFFF1A491A48FBF7ABFB8022194B1A493B
:10D1700001931A4800230096920011F00DFA01283D
:10D1800000D068E7287066E71548FEF78BFE0020A0
:10D1900061E7002002F0F4FA002300220021206859
:10D1A0000FF0FCFC87E7C046F885022088130000DA
:10D1B00098740220844B022000E004405C5202205C
:10D1C000884B0220EC840220B8820220E8B60210CC
:10D1D000F8B6021028540220A4890210E1CA0010F7
:10D1E000F0340000024B1868431E9841C0B27047EB
:10D1F00028540220F0B5072814D8002912D0830043
:10D20000094A1B18DC00100013190A00E0CBE0C229
:10D2100062CB62C262CB62C219680019116024300D
:10D220000078F0BD0020FCE75C52022070B50028B9
:10D230000AD0084903000A0070CA70C331CA31C35A
:10D2400012681A60087E70BD0348FEF72BFE0020AE
:10D25000F9E7C046B8820220F134000070B50C1C1A
:10D26000061C1549201C151C09F064FE00281ED15F
:10D270001249201C09F066FE002818D11049301C04
:10D2800009F058FE00280DD10E49301C09F05AFE55
:10D29000002807D101200C4B1E600C4B1C600C4B6E
:10D2A0001D6070BD0B48FEF70FFE0020F9E70A482D
:10D2B000FEF70AFE0020F4E76F12033A0AD7A33BF9
:10D2C0009A99193F9A99593F503200204C320020C8
:10D2D000D4820220F4320000F332000070B5040062
:10D2E00019480068002900D0086018490E68002A13
:10D2F00000D01660164A1568002B00D01D60154935
:10D3000009F0C1FD40001449400809F00DFE002855
:10D310000AD01249301C09F0B6FD400010494008FF
:10D3200009F002FE002805D10220002C00D0207058
:10D33000012070BD68000B49400809F0F5FD431E4F
:10D34000984101235840F0E7503200204C32002031
:10D35000D48202206ABC343F6F12033A2D93E13A23
:10D36000ACC5A7370AD7A33B0122014B1A707047FF
:10D37000FA850220F0B5DE4657464E464546E0B5F2
:10D380000F2095B006F0ACFF012100220F2006F01F
:10D390007FFFD02780233F061B02BB62F3F7A6F86E
:10D3A0000400F2F7F9FFD44BFF2698460302304001
:10D3B0000025184343461D7318805C609C60F2F79B
:10D3C000F1FFCE4B99460302304018434B461D7384
:10D3D00018805C609C60F2F7EBFFC94B06409A46F0
:10D3E00003021E4353465C609C601E801D737B6875
:10D3F000C44E1B04DB0F1A02134333803573746071
:10D40000B460F2F7DBFFC04B11AF1D700293BF4B4E
:10D410001D700B93BE4B1D700C93BE4B9B461C6046
:10D42000F3F764F8BC4BBD4D0D93BD4B04900393D3
:10D43000BC4B0F93BC4B0E932B004546D846B346CE
:10D4400056469A46FCE06A68A21A632A00D838E178
:10D450006B702870AC60002B00D0FEE1089009933F
:10D46000F2F7A0FF4B461B78984200D133E14A46C1
:10D470005268A21A632A00D82FE14A4653701070EE
:10D480009460002B00D0EFE106900793F2F790FF35
:10D490003378984200D129E17268A21A632A00D831
:10D4A00025E173703070B460002B00D0EAE10A907F
:10D4B0000593D0231B065A68802359461B021A4045
:10D4C00009781304D80F814200D133E15B465B68D1
:10D4D000E31A632B00D859E15B46597018709C60C1
:10D4E000002900D0C7E11B7B002A07D0002B05D004
:10D4F0005B461973019B012B00D11AE2019B002BA3
:10D5000000D09AE0099B002B29D0029A1378002BB7
:10D5100000D0E6E1013313700D9A012014600C9ADB
:10D52000137043461C6001F0BFFB039B0121187878
:10D53000C0B2F2F74DFF53461B68002B00D1E0E16B
:10D5400001233B70F2F7D2FF039B78601B78002227
:10D550003B7253463900186800230FF01FFB089BED
:10D56000002B00D0A9E1079B002B29D0029A137849
:10D57000002B00D0C9E1013313700D9A0120146013
:10D580000C9A137043461C6001F08EFB039B012133
:10D590001878C0B2F2F71CFF53461B68002B00D16D
:10D5A000C3E103233B70F2F7A1FF039B78601B7874
:10D5B00000223B7253463900186800230FF0EEFA40
:10D5C000069B002B00D064E1059A3378002A00D135
:10D5D00037E101223273002B00D010E1B368534AC7
:10D5E000E31A934200D9D6E00A9B002B25D00023F2
:10D5F0003373029B1B78002B00D10FE1029B1B7839
:10D60000002B01D00D9B1C60039B1878C0B2F2F771
:10D6100065FF53461B68002B00D1A3E105233B7037
:10D62000F2F764FF039B78601B7800223B7253463D
:10D630003900186800230FF0B1FA0A2011F042FCFB
:10D64000F2F754FFFA22049B0400C31A52009342DB
:10D6500000D396E0F8F772FBF8F7DEFA0B9A019028
:10D660001378002B26D0130000221A7043461B6843
:10D67000E31A7C2B1ED943461C60029B1B78002BAF
:10D6800006D00D9B2A4A1B68E31A934200D956E143
:10D69000029B1B78DAB2002B00D1D9E001220C9951
:10D6A0000B7853400B70039B18780978C0B2C9B24D
:10D6B000F2F78EFEF2F770FE2B78984200D0C2E6A9
:10D6C0006C60002309930893F2F76CFE4B461B78BD
:10D6D000984200D0CBE64B465C600023079306934C
:10D6E000F2F766FE3378984200D0D5E674600023E6
:10D6F00005930A93DDE6C046587C02202C7C02206C
:10D70000A0820220687C02201D860220FA85022069
:10D71000FB8502200C7B0220107B02208C740220EF
:10D720001686022018B702105CB70210C309000069
:10D730000F2700005B465C60002900D0DEE61B7B03
:10D74000002B00D1DAE65B468A4A9B68E31A9342D3
:10D7500000D8D3E65B4600221A73019B002B00D051
:10D760006BE70F98FBF7ACF8F8F75CFA029A019BAD
:10D7700013700C9A1370F2F721FE002001F094FA56
:10D78000C0E6032000F020FD049463E7002900D0E8
:10D79000B4E65B46D3E700233373FEF711FB0220A8
:10D7A00000F012FD0A2011F08DFBFEF729FB02208C
:10D7B00000F00AFD0A2011F085FB0021002001F095
:10D7C00061F953461B68002B00D1CFE006233B7064
:10D7D000F2F78CFE039B78601B7800223B72534665
:10D7E0003900186800230FF0D9F90023029A13704A
:10D7F0000C9A1370F2F7E2FD002001F055FA0A9B33
:10D80000002B00D119E7337B002B00D115E7002353
:10D810003373029B1B78002B00D0EFE6029A013392
:10D8200013700D9A012014600C9A137043461C600B
:10D8300001F03AFA039B01211878C0B2F2F7C8FD53
:10D84000FBE6002BDBD1337B002B00D1F5E6C5E6F0
:10D850000C9B1A70F2F7B2FD2CE701235840C3B2BB
:10D86000099300230893FBE501235840C3B20793B3
:10D87000002306930AE6002A00D03FE601235A4619
:10D8800013733BE601235840C3B2059300230A9368
:10D890000FE653461B68002B60D004233B70F2F761
:10D8A00025FE039B78601B7800223B7253463900AB
:10D8B000186800230FF072F986E653461B68002BA8
:10D8C00048D002233B70F2F711FE039B78601B786F
:10D8D00000223B7253463900186800230FF05EF9AE
:10D8E00041E601210398F2F7C7FD029B1B78002B4C
:10D8F00000D120E60D9B1C6053461B68002B00D016
:10D900001EE61D48FEF7CEFA29E601210398F2F73C
:10D9100081FD029B1B78002B00D13DE60D9B1C6016
:10D9200053461B68002B00D03BE61348FEF7BAFABB
:10D9300046E60E98FAF7C4FFF8F7B2F97DE6002341
:10D94000029A13700C9A1370F2F738FD002001F060
:10D95000ABF9AFE60848FEF7A5FA04E60648FEF77D
:10D96000A1FA31E60448FEF79DFA66E60248FEF7A2
:10D9700099FA3AE7C3090000F0540000002370B59B
:10D98000344E82B03370002802D1012002B070BD45
:10D99000F2F7D4FC11F0DCFA2F4D040007E011F08F
:10D9A000D7FA001BA8421FD80A2011F08BFAFEF705
:10D9B00011FB0028F3D0F8F713F9284C2368002B4B
:10D9C00035D0274C2368002B13D0002380220193ED
:10D9D00006330093234900232348D20010F0DCFDD6
:10D9E00001281FD13070D0E72048FEF75BFA0020F5
:10D9F000CCE71F4B01220093FA2100231D4813F0AE
:10DA0000DBF8051E20601FD011F0A2FA0A230200E5
:10DA1000009301210023280013F032F90128D4D00B
:10DA20000020B3E71448FEF73DFA0020AEE70022DD
:10DA30000C2120200EF0F8FF20600028C1D10F48F3
:10DA4000FEF730FA0020A1E70D48FEF72BFA002080
:10DA50009CE7C046FC850220871300008C740220DE
:10DA6000507502208089021075D30010F154000017
:10DA700069D30010A0B70210F4540000F254000063
:10DA8000F3540000014B1878C0B27047FC850220A7
:10DA9000F0B5DE46454657464E46E0B5734B0500A9
:10DAA0009B461B78B9B0002B27D1714B6F241A000D
:10DAB0000593002301201F006E4E117B00290ED01C
:10DAC0002100D94008420AD09168002907D0A94214
:10DAD00005D8691AB14202D9010099400F430133B8
:10DAE0001032102BE9D1B846002F27D139B0F0BC45
:10DAF000BB46B246A946A046F0BD5D4B6F241A0056
:10DB00000593002301201F005A4E117B00290ED0DF
:10DB10002100D94008420AD09168002904D08D42E2
:10DB200005D3691AB14202D9010099400F4301336C
:10DB30001032102BE9D1B846002FD7D006AB99464A
:10DB40004A464D4B172613CB13C213CB13C2424682
:10DB50004A4B00249A464A4BA8460393494B4A4FE6
:10DB60000493029212E00025AC46904502D345464C
:10DB7000AA1A94466246009252460AF03DFF3618B1
:10DB8000C72E18D801341037102C14D00123A3400D
:10DB9000029A1A42F6D03B68002B48D049468819B1
:10DBA000C8217A68891B002ADDD1039A0AF024FF74
:10DBB0003618C72EE6D9029B344845469846FEF7EC
:10DBC00071F95B461878002833D0002400236F27B2
:10DBD00001262F4A117900290CD03900D9400E4274
:10DBE00008D0116800293ED08D4203D3691A8C42B7
:10DBF00000D20C0001331032102BEBD1254B264AFA
:10DC00001968264B691ADA6001221A6142465A6184
:10DC1000184A9C61DA616F22FA241D625A6200225E
:10DC2000E400A1425241520002439A625EE7049B23
:10DC3000B4E7002400236F270126059A117B0029F1
:10DC40000CD03900D9400E4208D09168002905D087
:10DC50008D4203D3691A8C4200D20C00013310327A
:10DC6000102BEBD1CAE70E4CC8E7C0461C86022039
:10DC70002C7B022070170000B4B70210D8B7021036
:10DC8000CCB70210ACB70210307B0220F16F00005D
:10DC9000347B0220B482022048544C480080054066
:10DCA00071170000F0B5DE4657464E464546E0B5D2
:10DCB000C1B007F067FA002900D1D7E1FA220023AA
:10DCC000920008F00FFACC4B0A93186008F008F89D
:10DCD000002805D0C94BCA4AD968914200D1CAE18F
:10DCE00010AB0593C74B0D93C74B0B93C74B0893D2
:10DCF000C749C848FAF7E4FD11F02AF903900F90DC
:10DD0000F7F796FD002304000493C34BC34E06931C
:10DD1000C34B0993C34B0193C34B9B46C34B029325
:10DD2000C34B0793C34B0C93FA210FA811F05AF879
:10DD300007F028FA002963D0FA220023920008F0A5
:10DD4000D1F905003378DFB2002BEDD1002000F0CF
:10DD500089FFF7F76DFD8246844262D00023049369
:10DD600011F0F6F8039BC01AB34B98426ED8019B92
:10DD70001C78002C00D187E0029B1B78002B08D177
:10DD80005B461A682B002D33FF339B1AAB4A934234
:10DD90003CD80023BC466F2401201F00A84A1179FB
:10DDA00000290CD02100D940084208D01168002970
:10DDB0001AD08D4203D3691A8F4200D20F0001336B
:10DDC0001032102BEBD13B0067469C465B469B4ACA
:10DDD0001B68E91A914207D89A4A944504D8944698
:10DDE0006344AB4200D0C5E02800FFF751FE544623
:10DDF000FA210FA810F0F6FF07F0C4F900299BD113
:10DE0000FA21890008F030F905009BE78E48FEF7FB
:10DE100049F80123029A1370019B1B78002BB8D19B
:10DE2000E2E7049A1300FC3306D81300FA331A0011
:10DE30000493864B9A4293D98548FEF745F811F032
:10DE400087F8039BC01A7C4B984290D980225200DD
:10DE50009446069B1C0063449846237B002B04D009
:10DE60002068002801D012F00DF81034A045F4D13C
:10DE700013F0D4F9099B1B6811F06AF8019B039019
:10DE80001C78002C00D077E76F2100238C460120FE
:10DE90006B4A1179002906D06146D940084202D068
:10DEA000116800292FD001331032102BF1D1FA2242
:10DEB0000A9BD2001B68EB1A934298D30121614858
:10DEC00007F0CAFE07F0BEFE5B461D600023029A03
:10DED0001370079B1B78002B45D15E4B01241B68F8
:10DEE0005D4ADB431B041B0C1360079B28001C705E
:10DEF000F7F730FD0123019A13705B461D60002384
:10DF0000029A137045E7059B0C9A152713CA13C391
:10DF100003CA03C3128800241A806F2399466E3BFC
:10DF200098460D9D0DE0C022D11B059AD019089A84
:10DF30000AF062FD3F18BF2F10D801341035102CA5
:10DF40000CD04B464246E3401A42F6D06B68002B99
:10DF5000F3D12B68002BE6D10B9BE4E73F48FDF79C
:10DF6000B3FF544644E73B4B3B4A1B681B041B0C66
:10DF70001360BAE707F066FE5B461D600023029A55
:10DF80001370079B1B78002B2ED1324B01271B6887
:10DF9000314ADB431B041B0C1360079B00241F70DA
:10DFA0006F2399466E3B9846069F0AE0AB4203D822
:10DFB0002B4AEB1A934213D801341037102C00D19E
:10DFC00015E74B464246E3401A42F5D03B7B002B17
:10DFD000F2D0BB68002BE9D12248FDF775FFEBE7D3
:10DFE0002148FDF771FFE7E71A4B1B4A1B681B042A
:10DFF0001B0C1360D1E7C046B482022000800540AC
:10E0000048544C48307B0220ACB70210F8B70210DD
:10E01000E0B70210908B02102C7B02200A860220AF
:10E02000547902201C860220207B022013860220C5
:10E03000F6850220FCB702105FEA00006F170000AF
:10E04000347B022070170000F26F0000ED02000028
:10E05000F06200008400054084100540F162000079
:10E0600093110000F2620000F3620000FA218900BF
:10E0700007F0FAFF27E61F69012F00D030E65A6942
:10E0800090469A69DA691A6A5A6A9B6A4346002B73
:10E0900012D110AB05931D4B0D931D4B0B931D4BD4
:10E0A000089300221C4BDA601A615A619A61DA61A6
:10E0B0001A625A629A621BE610AA184B059213CB99
:10E0C00013C2124B0B251E000D93114B00240B9312
:10E0D000104B0893C02399460DE04A46511B059A00
:10E0E0005019089A0AF088FC2D18BF2DD9D8013490
:10E0F0001036102CD5D03B004246A3401A42F6D031
:10E100003368002BE9D10B9BE7E7C046307B022048
:10E11000ACB70210F8B7021000800540ECB702104F
:10E1200000B5094B83B01A68002A01D003B000BDC6
:10E1300001938022172305490093D200002304484D
:10E1400010F02AFAF2E7C0460C7A022014B8021046
:10E15000A5DC001070B50F281BD8184D04012B1931
:10E16000187B2951002A19D02B195A600A00561E13
:10E17000B2411A7300280DD100290AD007F002F825
:10E18000002915D0FA220023920007F0ABFF2D19C9
:10E19000A86070BD0A48FDF797FEFAE7094A2B19F7
:10E1A0005A600A00561EB2411A730028E4D0F1E703
:10E1B000FA21890007F058FFE9E7C0462C7B0220CE
:10E1C000F4620000ACB7021070B50F2805D80C4DF2
:10E1D00004012B191B7B002B00D170BD06F0D2FF70
:10E1E000002907D0FA220023920007F07BFF2D19A7
:10E1F000A860F2E7FA21890007F036FFF7E7C0468A
:10E200002C7B0220F8B5002207000D0016480121E2
:10E2100008F072FF1F24044006F0B4FF00291AD052
:10E22000FA220023920007F05DFF80220F4E640166
:10E23000305133195202954200D30D4D9D83002F6A
:10E240000ED0201D17223900301815F0A5F8002334
:10E250003419E376F8BDFA21890007F005FFE4E7F9
:10E2600036193771F6E7C0465479022054750220FA
:10E27000FFFF000070B5050006F084FF002931D0D3
:10E28000FA220023920007F02DFF04000122194B0F
:10E2900019491A70194A1A4BFA20D36002231361E4
:10E2A000002353619361D1616F211462516215495A
:10E2B000C0000968611A81425B4113495B0009781B
:10E2C0000B439362002D13D02800F7F7E9FB2000E1
:10E2D000F7F740FBF7F716FA00220021002005F0BF
:10E2E0006DFFFEE7FA21890007F0BEFE0400CDE7CE
:10E2F000064DE9E70A8602207017000000800540FD
:10E3000048544C48B48202201C860220A098021077
:10E31000F0B5D6464F464646C0B584B0F2F79CFFEE
:10E320000400F2F79FFF0500002C0FD0237B002B89
:10E330000CD000280AD0037B002B07D010F008FE79
:10E34000224B824699461B68834205D904B0E0BC43
:10E35000BA46B146A846F0BD0123002600279846DC
:10E360002000F1B2F2F7A0FE002803D04346B340EC
:10E370001F43FFB20136082EF2D13B00FF220021DD
:10E380002800F2F7C3FE002804D157464B46C83791
:10E390001F60DBE70F2400236C4423700C4B2979AA
:10E3A0002868002200932300F2F742FA2378002B1A
:10E3B000CCD02800F2F7BEFDF2F75AFF0028C5D0F6
:10E3C000037B002BC2D0F2F7B5FDBFE7F479022042
:10E3D0008813000070B504000D00F2F73DFF00281F
:10E3E00015D0037B002B12D02A002100F2F70CFE7F
:10E3F00000280CD0FFF78CFF0A4B1868002804D0C7
:10E400000023002200210EF0C9FB002009E0054B8B
:10E410001868002804D00023002200210EF0BEFB63
:10E42000042070BD3C7C0220002370B5094C237091
:10E43000002805D0084D2B68002B03D00123237042
:10E44000012070BD01200EF02FFD28600028F5D1BD
:10E45000F7E7C046078602203C7C0220054B1B786C
:10E46000D8B2002B04D0044B1868431E9841C0B2A8
:10E470007047C046078602203C7C022070B505002C
:10E480000C1E2CD0072828D81B4B1B78002B0BD038
:10E490001A4E3068002805D0FA2189000EF092FF4C
:10E4A000012803D0032000E0012070BDF2F7D4FE64
:10E4B000002816D0037B002B13D02900F2F7F4FDBF
:10E4C000431E984120703068002804D000230022A9
:10E4D00000210EF063FB0020E7E70220E5E70720BC
:10E4E000E3E73068002804D00023002200210EF06A
:10E4F00055FB0420D9E7C046078602203C7C022059
:10E50000F8B5CE464746050080B500283BD0244BE1
:10E510001B78002B0ED0234F3868002805D0FA2135
:10E5200089000EF04FFF012806D00320C0BCB94679
:10E53000B046F8BD0120F9E7F2F78EFE061E24D0A2
:10E54000037B002B21D000239946013300249846F9
:10E550003000E1B2F2F7A8FD002805D043464A4654
:10E56000A3401A43D3B299460134082CF0D14B464C
:10E5700038682B70002804D00023002200210EF000
:10E580000DFB0020D2E70720D0E73868002804D030
:10E590000023002200210EF001FB0420C6E7C04644
:10E5A000078602203C7C022070B504000D0007287D
:10E5B00013D8104B1B78002B0DD000290FD10E4B18
:10E5C0001868002805D0FA2189000EF0FBFE01280A
:10E5D0000BD0032070BD0120FCE70220FAE7F9F719
:10E5E00063FB0028EBD10630F4E729002000FFF799
:10E5F000F1FEEFE7078602203C7C0220F8B504001C
:10E60000072839D8264D2B78002B01D10120F8BDE1
:10E610002B78002BFAD0234E306800282ED0FA2118
:10E6200089000EF0CFFE012828D1F2F715FE002850
:10E6300026D0037B002B23D02100F2F735FD070005
:10E640003068002804D00023002200210EF0A6FA32
:10E650002B78002BDAD00025002F1BD03068002843
:10E660000CD0FA2189000EF0ADFE012806D1290058
:10E670002000FFF7AFFECAE70220C8E70320C6E785
:10E680003068002804D00023002200210EF086FA12
:10E690000420BCE7F9F708FB051EDFD10620B6E72A
:10E6A000078602203C7C02201D4B70B51B78002B96
:10E6B0002AD01C4E3068002824D0FA2189000EF0A0
:10E6C00081FE01281ED1F2F7C7FD051E1ED0037B77
:10E6D0000024002B1AD0002221002800F2F794FC1D
:10E6E000002813D00134E4B2082CF4D1FFF710FE57
:10E6F0003068002804D00023002200210EF04EFADA
:10E70000002000E0032070BD0120FCE730680028F5
:10E7100004D00023002200210EF040FA0420F2E78A
:10E72000078602203C7C0220F0B5C646214B05003E
:10E730001B7800B5002B30D01F4F3868002828D038
:10E74000FA2189000EF03EFE012822D1F2F784FD65
:10E75000061E24D00122037B00249046002B1ED0ED
:10E760002A004346E24030001A40E1B2F2F74CFC86
:10E77000002814D00134082CF2D1FFF7C9FD386805
:10E78000002804D00023002200210EF007FA002008
:10E7900000E0032080BCB846F0BD0120FAE73868ED
:10E7A000002804D00023002200210EF0F7F90420F5
:10E7B000F0E7C046078602203C7C0220F8B5060040
:10E7C0000C1E0FD007280DD8174B1B78002B09D033
:10E7D000164F3868002805D0FA2189000EF0F2FDA6
:10E7E000012802D000252800F8BDF2F735FD0028E9
:10E7F00011D0057B002D0ED03100F2F755FC431EE1
:10E800009841207038680028EDD0002300220021B4
:10E810000EF0C4F9E7E738680028E3D000230022AF
:10E8200000210EF0BBF9DDE7078602203C7C0220C8
:10E8300070B504000D0007280FD8104B1B78002B73
:10E840000BD000290BD10E4B1868002805D0FA21F7
:10E8500089000EF0B7FD012806D0002070BDF9F741
:10E8600023FA0028EFD1F8E729002000FFF7B2FDD6
:10E8700001234007C00F5840C0B2EFE707860220CF
:10E880003C7C0220F8B51E4B1B78002B02D10024E3
:10E890002000F8BDF9F708FA0028F8D0194F3868B9
:10E8A0000028F4D0FA2189000EF08CFD0128EED169
:10E8B000F2F7D2FC061E19D0037B0025002B15D0E1
:10E8C000012229003000F2F79FFB041E0ED0013513
:10E8D000EDB2082DF4D1FFF71BFD38680028D7D022
:10E8E0000023002200210EF059F9D1E738680028F2
:10E8F000CDD00023002200210EF050F9C7E7C0461A
:10E90000078602203C7C0220F8B51B4B1B78002BAD
:10E910002FD01A4F386800282BD0FA2189000EF02A
:10E9200051FD012825D1F2F797FC061E19D0037B73
:10E930000024002B15D0002221003000F2F764FBE8
:10E94000051E0ED00134E4B2082CF4D1FFF7E0FC30
:10E95000386800280ED00023002200210EF01EF996
:10E9600008E03868002804D00023002200210EF0BF
:10E9700015F900252800F8BD078602203C7C0220FE
:10E98000194B70B51B78DCB2002B0DD0174B1B78E0
:10E99000002B0AD0164D2868002805D0FA218900DE
:10E9A0000EF010FD012802D00024200070BDF2F707
:10E9B0005FFC061E02D0037B002B08D128680028CC
:10E9C000F3D00023002200210EF0E8F8EDE7002349
:10E9D000FF220021F2F79AFB0023FF2201213000E1
:10E9E000F2F794FBEAE7C046078602201186022070
:10E9F0003C7C0220F0B5C64604000E0000B5072896
:10EA000035D81D4B1B78DDB2002B30D01B4B1B784B
:10EA1000002B2DD01A4F3868002828D0FA21890001
:10EA20000EF0D0FC012822D1F2F722FC804600280B
:10EA300014D0037B002B11D00023FF220021F2F71A
:10EA400065FB0023FF2201214046F2F75FFB002E09
:10EA500004D0012221004046F2F7D6FA3868002897
:10EA600006D00023002200210EF098F800E00025D7
:10EA7000280080BCB846F0BD07860220118602201F
:10EA80003C7C0220F0B5D6464F464646214B050059
:10EA90001B78C0B5DCB2002B34D01F4E3068002884
:10EAA00030D0FA2189000EF08DFC01282AD11B4BB1
:10EAB00098461B78AB421CD0F2F7D4FB070010F04D
:10EAC00047FA8146002F12D03B7B002B0FD0144B0E
:10EAD0009A461B6883420AD82A0008213800F2F7B8
:10EAE00093FA002803D148465346C830186043467D
:10EAF0001D703068002806D00023002200210EF08F
:10EB00004DF800E000242000E0BCBA46B146A8461B
:10EB1000F0BDC046078602203C7C02200F86022002
:10EB2000F4790220F0B5D6464F464646214B050003
:10EB30001B78C0B5DCB2002B34D01F4E30680028E3
:10EB400030D0FA2189000EF03DFC01282AD11B4B60
:10EB500098461B78AB421CD0F2F784FB070010F0FC
:10EB6000F7F98146002F12D03B7B002B0FD0144BBE
:10EB70009A461B6883420AD82A000A213800F2F715
:10EB800043FA002803D148465346C830186043462C
:10EB90001D703068002806D00023002200210DF0EF
:10EBA000FDFF00E000242000E0BCBA46B146A846C4
:10EBB000F0BDC046078602203C7C02201086022061
:10EBC000F4790220F0B5D6464F464646214B050063
:10EBD0001B78C0B5DCB2002B34D01F4E3068002843
:10EBE00030D0FA2189000EF0EDFB01282AD11B4B11
:10EBF00098461B78AB421CD0F2F734FB070010F0AC
:10EC0000A7F98146002F12D03B7B002B0FD0144B6D
:10EC10009A461B6883420AD82A0009213800F2F775
:10EC2000F3F9002803D148465346C83018604346DC
:10EC30001D703068002806D00023002200210DF04E
:10EC4000ADFF00E000242000E0BCBA46B146A84673
:10EC5000F0BDC046078602203C7C02200E860220C2
:10EC6000F47902200E4B70B51B78DCB2002B09D072
:10EC70000C4D2868002805D0FA2189000EF0A2FB6F
:10EC8000012802D00024200070BDFFF741FB286856
:10EC90000028F8D00023002200210DF07FFFF2E7CA
:10ECA000078602203C7C0220014B18707047C0464A
:10ECB0001186022070B5134C0D0024780600110057
:10ECC000002C07D0104C2068002803D00EF07AFBEF
:10ECD000012801D0012070BDF2F7BEFA002802D051
:10ECE000037B002B08D120680028F3D000230022EA
:10ECF00000210DF053FFEDE72B0032000121F2F768
:10ED000005FAF0E7078602203C7C0220F0B50100FE
:10ED1000B3B0002802D00378002B21D1C248F9F704
:10ED2000CFFDC24CC24A2000C249F9F7C9FD2000FC
:10ED3000C14AC249F9F7C4FD2000C14AC149F9F7E7
:10ED4000BFFD2000C04AC149F9F7BAFD2000C04A02
:10ED5000C049F9F7B5FDC048F9F7B2FD33B0F0BDD1
:10ED60007F2212A814F018FB694648207F23091857
:10ED700000220C00CA542378202B01D0092B01D18A
:10ED80000134F8E7002B00D1DAE01A0025000D2A43
:10ED900003D07BD8093A012A7AD800232B70237834
:10EDA0000135002B0BD022000320AC4EF15C01405A
:10EDB000022964D0137053780132002BF6D12E78DB
:10EDC000202E01D0092E01D10135F8E72000A449F9
:10EDD00014F0BCFD071E68D02000A24914F0B6FD57
:10EDE00000285BD02000A04914F0B0FD071E00D120
:10EDF000B0E020009D4914F0A9FD071E00D105E1F7
:10EE000020009B4914F0A2FD002800D0B3E002F0DE
:10EE100027FA04009748F9F753FD21009648F9F7BF
:10EE20004FFD237C452B00D1A8E1552B00D1ABE150
:10EE300092499348F9F744FD02F020FA08F0B6F839
:10EE400002000B008F48F9F73BFD637C002B00D1DB
:10EE500092E18D498D48F9F733FD02F063FA0028FD
:10EE600000D187E18A498B48F9F72AFD02F05AFA66
:10EE7000002800D084E18848F9F722FD6EE7203BA6
:10EE8000137053780132002B90D198E7202A84D058
:10EE90006A780135002A00D079E784E702F032FA77
:10EEA0007E497F48F9F70CFD58E7002E4DD03F22F0
:10EEB000290002A814F070FA08216A463F2352186C
:10EEC0001400D7547749012200E001342378093B2C
:10EED000DBB2172B03D80800D8400242F5D120003E
:10EEE00014F0B6FD00280FD0012200256D4901382D
:10EEF000235C093BDBB2172B06D80E00DE40324202
:10EF000002D025540028F2D1200002F0CBF90028CD
:10EF100037D0624C3C2221006348F9F7D1FC210034
:10EF20006248F9F7CDFC21006148F9F7C9FC2100DE
:10EF30006048F9F7C5FC21005F48F9F7C1FC0DE70F
:10EF400056495E48F9F7BCFC08E754495C48F9F7B4
:10EF5000B7FC03E7002E19D1504C5A482100F9F7AD
:10EF6000AFFC21000F225848F9F7AAFC21005748AE
:10EF7000F9F7A6FCF2E6220048495548F9F7A0FC4B
:10EF8000ECE646495348F9F79BFCE7E63F222900A7
:10EF900002A814F001FA08216A463F23521814000F
:10EFA000D7544049012204E00800D840024205D06D
:10EFB00001342378093BDBB2172BF5D9200014F07C
:10EFC00047FD00280FD00122002536490138235C77
:10EFD000093BDBB2172B06D80E00DE40324202D0CE
:10EFE00025540028F2D1200002F0BEF90200431C93
:10EFF00000D1D7E0002800DBD9E0C31C00D1CCE071
:10F00000831C00D0C4E0254C3348A7E7002E00D174
:10F01000A2E002AC0F222900200014F0BDF9012269
:10F020002049E7735FE0C04650B8021094B8021060
:10F0300080B80210C4930210D8930210EC9302100F
:10F04000A8B8021014940210BCB802104894021020
:10F05000609402107C940210C8B80210B19F031093
:10F0600030B902108CBA021024AA021050BC02104F
:10F07000A8BD0210B0BD0210E0BD0210FC8102105C
:10F08000FCBD021010BE021034B8021030BE0210D7
:10F090003CB802104CBE021090BE0210F8B802102C
:10F0A00094BA02101300800060B9021094B90210E3
:10F0B000B4B90210F0B9021024BA021000B902105B
:10F0C00038B90210B4BA0210DCBA021004BB021044
:10F0D000C0BE021060BA0210CCBB02100800D840BB
:10F0E000024205D001342378093BDBB2172BF5D956
:10F0F000200014F0ADFC00280FD001220025464965
:10F100000138235C093BDBB2172B06D80E00DE402A
:10F11000324202D025540028F2D1404D200029006F
:10F1200014F05AF8002852D03D4D2000290014F068
:10F1300053F8002869D1552002F0EEF90200431C73
:10F1400030D000284DDAC31C27D0831C20D135498C
:10F150003548F9F7B5FB01E6324C34482100F9F7A0
:10F16000AFFB21003248F9F7ABFB21003148F9F73A
:10F17000A7FBF3E5304976E630496BE6304958E6BF
:10F180003048F9F79DFB76E62F4952E6C31C04D0C0
:10F1900024492E48F9F794FBE0E522492C48F9F779
:10F1A0008FFBDBE51F492B48F9F78AFBD6E50028E2
:10F1B000EED102F059F81B4C274B02002100180039
:10F1C000F9F77EFB21002548F9F77AFBC6E54520D3
:10F1D00002F0A2F90200831CB9D0431CD6DB431C09
:10F1E000E0D0002AD4D102F049F807F0DFFE0D4C40
:10F1F0001B4E009001912A0021003000F9F760FBBE
:10F2000021001848F9F75CFBA8E5220005491648DB
:10F21000F9F756FBA2E5C04613008000F881021002
:10F22000ACBD0210F8B8021080BD02105CBC021028
:10F2300088BC0210B8BC021048B8021038B80210DE
:10F240001CB8021068BE021028B8021028BC0210B8
:10F2500000BC02108CBB021034BB021058BB021061
:10F2600020BD02104CBD0210E8BC0210A82310B54E
:10F270005B00994206D88AB201008020C000F2F7F4
:10F2800019F810BD0248FCF70DFE01204042F8E7D6
:10F2900001440000030010B507280CD800290AD04B
:10F2A000242058438023DB009C466044242280B203
:10F2B000F2F700F810BD0348FCF7F4FD01204042CE
:10F2C000F8E7C0460344000010B503000C0007280F
:10F2D0001BD8002919D0242058438023DB009C46EA
:10F2E0006044242280B2F2F735F8237FCA2B0AD07B
:10F2F000094B2360FC239B056360084B2361084B8B
:10F300006361084BA361002010BD0748FCF7CAFDEC
:10F3100001204042F8E7C046D7A3F03F007EE54910
:10F3200000007A446F12033B0F44000030B589B0EF
:10F33000002848D06B46694634C834C334C834C347
:10F3400014C814C3234B6D460B8001238B7000231C
:10F35000012421480793013B2A7801355A4053087C
:10F3600022405242024053405A0823405B4203402D
:10F370005A40530822405242024053405A08234008
:10F380005B4203405A4053082240524202405340DD
:10F390005A0823405B4203405A40530822405242DD
:10F3A000024053405A0823405B420340534008AA9E
:10F3B000AA42D1D18020DB4320220001CB61F1F7AA
:10F3C00079FF09B030BD0548FCF76CFD01204042D3
:10F3D000F7E7C046435400002083B8ED0444000022
:10F3E000F0B5C6461400884600B5051C002A5BD05F
:10F3F000200010220021103007F072FE2D4E2E4BFF
:10F400002E4F2360A6604046676007F0A8FDE92103
:10F41000890507F052FD391C07F035FD311C07F056
:10F4200038FD011C264807F02EFD011C281C07F0A2
:10F430002AFD26000123E06025000120214A203614
:10F440005B422978013559404B080140494211403F
:10F450004B40590803405B42134059404B08014060
:10F46000494211404B40590803405B421340594008
:10F470004B080140494211404B40590803405B4250
:10F48000134059404B080140494211404B40590834
:10F4900003405B4213404B40B542D2D1DB430020D6
:10F4A000E36180BCB846F0BD0748FCF7FBFC0120D7
:10F4B0004042F6E72D93E13A435401016ABC343FE0
:10F4C0000000D8412083B8ED08440000F0B5C646DE
:10F4D00000B5069C0F009846061C151C002C00D198
:10F4E0009BE0111C07F018FD002800D091E02000DF
:10F4F000142200210C3007F0F3FD4A4B3800236042
:10F50000494B6360494BA36007F029FDE921890558
:10F5100007F0D3FC071C404607F021FDE9218905CF
:10F5200007F0CBFC391C07F0AEFC291C8046301CD0
:10F5300007F0A9FC011C404607F0ABFC311C051C80
:10F540003B4807F0A0FC291C07F0B7FC011C381C45
:10F5500007F099FC3749061C281C07F0FBFC002823
:10F560004DD03549281C07F0DFFC002847D033492F
:10F57000301C07F0EFFC002847D03149301C07F061
:10F58000D3FC002841D0012366602600A56001203D
:10F5900025002C4920365B422A7801355A40530811
:10F5A000024052420A4053405A0803405B420B401B
:10F5B0005A405308024052420A4053405A080340FE
:10F5C0005B420B405A405308024052420A405340AB
:10F5D0005A0803405B420B405A40530802405242D3
:10F5E0000A4053405A0803405B420B405340B54227
:10F5F000D2D1DB430020E36180BCB846F0BD1248A5
:10F60000FCF750FC01204042F6E71048FCF74AFCAA
:10F61000F8E70F48FCF746FCF4E70E48FCF742FC1D
:10F62000F0E7C046435401026ABC343F2D93E13AEF
:10F630000000D8416F12033A0AD7A33B9A99193FA9
:10F640009A99593F2083B8ED0B4400000C44000008
:10F650000A44000009440000F0B5C64600B50400A5
:10F6600088B0002800D176E03D4B02889A4202D152
:10F670008378012B08D03B48FCF714FC0120404262
:10F6800008B080BCB846F0BDC378022BF3D84568FB
:10F690003549281C07F05EFC0028ECD03349281CB3
:10F6A00007F042FC0028E6D0A6683149301C07F07C
:10F6B00051FC0028DFD02F49301C07F035FC002812
:10F6C000D9D0E3699C46002B3ED06B46220083CA0A
:10F6D00083C383CA83C303CA03C300236F460120C5
:10F6E00025490793013B3A7801375A4053080240B5
:10F6F00052420A4053405A0803405B420B405A4072
:10F700005308024052420A4053405A0803405B42A9
:10F710000B405A405308024052420A4053405A0894
:10F7200003405B420B405A405308024052420A4099
:10F7300053405A0803405B420B40534008AABA4268
:10F74000D1D1DB439C4596D1E268311C281CFDF7E2
:10F7500085FD013894E70948FCF7A4FB8EE7C04615
:10F76000435400000E4400009A99193F9A99593F5A
:10F770006F12033A0AD7A33B2083B8ED0D44000073
:10F78000F0B5DE4657464E464546E0B599B008AD61
:10F79000202200210600280007F0A2FC8020202261
:10F7A00029000001F1F7D6FD7D4B2A8800279A42F7
:10F7B00036D06C461D220021E01CA77007F090FC9B
:10F7C0007848FCF76FFB784B0125984600239B4651
:10F7D0009A46764B002799466D42494640463A1C68
:10F7E000FDF73CFD002E13D06D4BE7602380012315
:10F7F000A3705B46E370434663604B46A360534689
:10F80000E361330007CC07C307CC07C306CC06C3AC
:10F81000280019B0F0BCBB46B246A946A046F0BDD0
:10F82000AB78012BC5D1EB789B46022BC1D86B6816
:10F830005F49181C984607F08DFB0028B9D0404658
:10F840005C4907F071FB0028B3D0AB685A49181C1B
:10F85000994607F07FFB0028ABD04846574907F090
:10F8600063FB0028A5D0EB699A46002B3CD02022F0
:10F870002900012410A807F039FC0121504A1797EC
:10F8800010A86442037801305C4063080C40644275
:10F89000144063405C080B405B4213405C406308CB
:10F8A0000C406442144063405C080B405B421340D0
:10F8B0005C4063080C406442144063405C080B40A9
:10F8C0005B4213405C4063080C4064421440634058
:10F8D0005C080B405B4213405C4018AB8342D1D1C3
:10F8E000E443A24500D064E720222900684607F0DF
:10F8F000FDFB53466C46EF68002B4ED0284B202270
:10F9000023800123A3705B46E370434601934B467B
:10F9100002935346694610A807930125039707F001
:10F92000E5FB00230121264A179310A86D420378B6
:10F9300001305D406B080D406D4215406B405D0825
:10F940000B405B4213405D406B080D406D4215401B
:10F950006B405D080B405B4213405D406B080D40FF
:10F960006D4215406B405D080B405B4213405D40AB
:10F970006B080D406D4215406B405D080B405B42CB
:10F9800013405D4018AB8342D1D1ED43AA4504D06A
:10F990000C48FCF787FA002524E700251DE7C04640
:10F9A00043540000074400006ABC343F2D93E13A01
:10F9B0009A99193F9A99593F6F12033A0AD7A33B74
:10F9C0002083B8ED0E440000F0B5C646002300B514
:10F9D000D025E02790B06E469846154C6D017F010A
:10F9E000402231002800F1F7B5FC3378FF2B1BD003
:10F9F000320000231178002904D0E1540133013290
:10FA0000192BF7D14246E2544035ADB21A34BD420B
:10FA1000E6D10122074B084908481A70F8F750FF51
:10FA200010B080BCB846F0BD43462370ECE7C0463A
:10FA30003C7A02200B860220FCBE021050BF02104E
:10FA4000F8B50E00170007281DD800291BD0002A82
:10FA500019D00E4B1B78002B14D01A2444430C4BA6
:10FA6000E418200013F0F4FF0500874208D92A00AB
:10FA70002100300007F03AFB002300207355F8BD49
:10FA80007D1EF4E70B7001204042F8E70B86022050
:10FA90003C7A022030B5050091B0072833D8002900
:10FAA00031D01A24444319480023041903E0E254D6
:10FAB0000133192B02D0CA5C002AF8D11A226A43FA
:10FAC00080180022C2546A460023541E02E0E25409
:10FAD000192B15D0CA5C18000133002AF7D16C46E7
:10FAE0000022225440320021D21AE018683507F073
:10FAF000F7FA40226946A801F1F7DCFB11B030BDEE
:10FB000019201A23EBE701204042F7E73C7A022054
:10FB1000F0B5C64606000C00150000B5002903D05C
:10FB2000002A01D0072804D90027380080BCB84635
:10FB3000F0BDFCF7DFF8002801D12070F4E70D4B91
:10FB40001F78002F14D01A235E430B4BF618300099
:10FB500013F07EFF8046854201D86B1E98464246D0
:10FB60003100200007F0C2FA00234246A354DCE72C
:10FB70002770DAE70B8602203C7A022070B5050078
:10FB80000C0094B0002901D0072802D9002014B03D
:10FB900070BDFCF7AFF80028F8D05022002168466D
:10FBA00007F09EFA6E46072335713370002304E098
:10FBB000F11801334A71192B02D0E25C002AF7D107
:10FBC0000022F3185A71FA22054B3100186892008E
:10FBD00000230CF0E3FF013843425841C0B2D6E79E
:10FBE00090740220802310B55B00994206D88AB237
:10FBF0000100A8204001F1F75DFB10BD0248FCF7B1
:10FC000051F901204042F8E721440000802310B55B
:10FC10009B00994206D88AB20100B0204001F1F75A
:10FC200049FB10BD01204042FBE7C04670B582B0E1
:10FC30006B460500B02000269C1D022221004001D9
:10FC40002680F1F787FB2388FE2B1ED8124A5B0023
:10FC50009446634498B202222900F1F72BFB002856
:10FC600016D1FE222388210001339BB29A424041E3
:10FC700040420340B020FC3A40012380F1F71AFBD8
:10FC8000431E9841404202B070BD03482680E2E71F
:10FC900001204042F7E7C0460216000070B582B06E
:10FCA0006B460500C02000269C1D02222100400159
:10FCB0002680F1F74FFB2388FE2B1ED8124A5B00EB
:10FCC0009446634498B202222900F1F7F3FA00281F
:10FCD00016D1FE222388210001339BB29A42404173
:10FCE00040420340C020FC3A40012380F1F7E2FA91
:10FCF000431E9841404202B070BD03482680E2E7AF
:10FD000001204042F7E7C04602180000F0B5D64691
:10FD10004F4646460A20C0B5DAB03A220021684470
:10FD200007F0DEF9924B01AC1A68062101929B881C
:10FD30002000A38000F028FA8E4C050021008E4898
:10FD4000F8F7BEFD08218D4801F006F921000543B2
:10FD50008B48F8F7B5FD17228A4911A807F0C6F9B4
:10FD600011A801F097FC11A800F020FA210005432A
:10FD70008548F8F7A5FD9222FF21520011A807F04F
:10FD8000AFF9824BA8469A461593814B52469C4642
:10FD90001693804B1E92994662461F924A462092C5
:10FDA00052462792624628924A4629925246FC259C
:10FDB0003092694644226046179380270023764E8E
:10FDC000AD058918139314931C931D9325932693C3
:10FDD000119612951A961B95239624952C962D957F
:10FDE000C8516946484689180437C85169460C37D6
:10FDF00089182E932F93CE51694604378918CD5117
:10FE00006946504689180C37C851694660468918BA
:10FE10000437C8516946484689180437C8516946AD
:10FE2000103F8918CB51694604378918CB51694670
:10FE300018378918CE51694604378918CD5169465B
:10FE4000504689180C37C8516946604689180437EE
:10FE5000C8516946484689180437C8516946103F59
:10FE60008918CB51694604378918CB516946183730
:10FE70008918CE51694604378918CD5169465046D4
:10FE800089180C37C8516946604689180437C8512B
:10FE90006946484689180437C8516946103F891891
:10FEA000CB51694604378918CB51694618378918F0
:10FEB000CE5169468026170076008A18955186250E
:10FEC000CA1951466D00515188206A46614640006A
:10FED000D21911508A216A464D464900D21955500F
:10FEE0006D468222E81952008350E91904328B5082
:10FEF000922111A84900FFF7B9F9454621000543B1
:10FF00002648F8F7DDFC40212548FFF76BFE21006D
:10FF100005432448F8F7D4FC40212348FFF776FE38
:10FF2000210005432148F8F7CBFC01F0E3F821005C
:10FF300005431F48F8F7C4FC01F05AFC21000543B3
:10FF40001C48F8F7BDFC002D0ED121001A48F8F727
:10FF5000B7FC21001948F8F721FD28005AB0E0BC91
:10FF6000BA46B146A846F0BD1548FBF79BFFF4E73B
:10FF7000DC8A021078BF021084BF0210B8E80210B9
:10FF8000C4BF0210A0E80210E8BF0210007EE549DD
:10FF900000007A446F12033BD7A3F03F14C0021055
:10FFA0001CE8021040C00210DCE7021070C0021012
:10FFB00094C00210BCC00210E0C0021014C10210B4
:10FFC00041440000F0B5DE4657464E464546022302
:10FFD0000124E0B593B06B44644299461C8001F063
:10FFE000B7F8564B21009B4618680DF0EBF9544BBF
:10FFF000544819009A46F8F763FC022249465248D1
:020000041001E9
:10000000F1F7A8F95B4600220021186800230CF0E4
:10001000C5FD4B4651461A884C48F8F751FC4B46F3
:100020001A884B4B9A4200D181E051464948F8F773
:1000300047FC5B46210018680DF0C4F9FFF766FE27
:1000400000210500202201A807F04AF86A46012392
:10005000D371414B01A80293404BFC270393FFF758
:1000600065F920220021054309A807F039F880200E
:10007000202209A90001F1F76DF951463848F8F737
:100080001FFC384B00249846374EBF050822FF213D
:1000900010A807F025F843460993344B20000E932F
:1000A000334B09A90F9300230A970D960B930C93DA
:1000B000FFF7F0F80134E4B20543082CE6D124221E
:1000C000002109A807F00CF8802009A9C00024220B
:1000D000F1F740F951462748F8F7F2FB002D11D00F
:1000E0005B4600220021186800230CF057FD2248CF
:1000F000FBF7D8FE002013B0F0BCBB46B246A946C1
:10010000A046F0BD4A461D4B494613800E480222C8
:10011000F1F7D0F85B4600220021186800230CF0AC
:100120003DFD17485146F8F7CBFB0120E3E71548A2
:100130005146F8F7C5FB0120DDE7C046844B02209D
:1001400078BF021058C10210FE7F00007CC102106F
:100150005AA50000A0C102106ABC343F2D93E13AB9
:10016000E0C10210D7A3F03F007EE54900007A44C9
:100170006F12033B00C20210424400005AA5FFFF69
:100180002CC2021060C2021010B5302905D88AB204
:1001900001000020F1F78EF810BD0348FBF782FE46
:1001A00001204042F8E7C0466144000030B5040039
:1001B00087B000282ED06D4601000622684606F062
:1001C00095FF0422A11DA81D06F090FF21000A2022
:1001D00004220A31684406F089FF21000E2004221F
:1001E0000E31684406F082FF2100122004221231F1
:1001F000684406F07BFFA37D17216846AB7500F0CD
:10020000B1F8E875C020182269468000F1F752F86D
:1002100007B030BD0248FBF745FE01204042F7E73A
:100220006844000030B5040087B0002837D0C020F3
:100230001822694680006D46F1F78CF81721684650
:1002400000F090F8EB7D834223D10622694620001E
:1002500006F04CFF0422A91DA01D06F047FF200058
:100260000A21042269440A3006F040FF20000E21D2
:10027000042269440E3006F039FF200012210422C6
:100280001230694406F032FF0020AB7DA37507B041
:1002900030BD0548FBF706FE01204042F7E7034862
:1002A000FBF700FEF8E7C0466A440000694400001E
:1002B00030B58DB004006846FFF7B4FF002842D087
:1002C0002548FBF701FE17226846244906F00EFF79
:1002D000684600F0AFF806AD06226946280006F031
:1002E00005FF6B461E20991D0422684406F0FEFEA1
:1002F0000A21222004226944684406F0F7FE0E21F8
:10030000262004226944684406F0F0FE12212A20C7
:1003100004226944684406F0E9FE6B469B7D172180
:100320002800AB7500F01EF8E875C02018222900DF
:100330008000F0F7BFFF17226946200006F0D6FEC6
:1003400020000DB030BD684600F078F80028F2D0EB
:100350000348FBF7B9FDBEE762420000A0E80210C7
:100360006142000030B5002962D044180200072124
:10037000002027E04000C3B240B200282DDB5B0024
:10038000D8B25BB2002B2EDB4000C3B240B20028D3
:100390002FDB5B00D8B25BB2002B30DB4000C3B276
:1003A00040B2002831DB5B00DDB25BB2002B32DBF8
:1003B0006D00E8B26DB2002D33DB40000132C0B2F7
:1003C000A24234D01378584043B2002BD2DA5B00FB
:1003D0004B4058B2DBB20028D1DA4000484043B26B
:1003E000C0B2002BD0DA5B004B4058B2DBB2002821
:1003F000CFDA4000484043B2C0B2002BCEDA5B00F7
:100400004B4058B2DBB20028CDDA45004D406BB20C
:10041000EDB2002BCCDA5800484045B2C0B2002DF6
:10042000CBDA6D004D400132E8B2A242CAD130BDF4
:100430000020FCE710B501F02DF910BDF0B50378F0
:100440000500012683B0022B18D0E9782B790C0027
:100450006A791C430B4013401443FF3B6042444104
:100460005A425341E4B2DFB200F016FF00280ED129
:1004700030003C4320431BD103B0F0BD4378452BF3
:10048000E3D186784E3E731E9E41F6B2DDE76846A4
:1004900001F000F906226946280012F017FE002834
:1004A000E6D006226946280006F020FE0120E3E798
:1004B000280001F0EFF80120DEE7C046F0B5CE4697
:1004C0004746534C80B520002200524B5249A7B0FA
:1004D000903027E05B009EB21BB2002B2EDB760033
:1004E000B5B236B2002E2FDB6D00ABB22DB2002DAF
:1004F00030DB5B009DB21BB2002B31DB6D00ABB279
:100500002DB2002D32DB5B009DB21BB2002B33DB22
:100510006D00ABB22DB2002D34DB5B0001329BB21B
:10052000904235D015782D026B401EB2002ED1DAE4
:1005300076004E4033B2B6B2002BD0DA5B004B40AF
:100540001EB29DB2002ECFDA76004E4035B2B3B265
:10055000002DCEDA6D004D402BB2ADB2002BCDDABE
:100560005B004B401DB29BB2002DCCDA6D004D40BC
:100570002BB2ADB2002BCBDA5B004B401DB29BB26D
:10058000002DCADA6D004D400132ABB29042C9D1A4
:100590009022A3523F239846922300254027994654
:1005A000802342469B00EB1898B213404A46FB1A40
:1005B000511B1E1C8AB29BB2934200D90E1CB6B2CC
:1005C00032006119F0F776FE002817D17519ADB227
:1005D000912DE5D98020922201A98000F0F7BAFE82
:1005E0009222210001A812F071FD03000120002BCE
:1005F00009D127B0C0BCB946B046F0BD0748FBF7EB
:1006000051FC0020F5E70648FBF74CFC0020F0E722
:100610005C790220FFFF00002110000081440000EF
:1006200082440000F0B5AD4CA7B02368002B00D188
:1006300029E1FA21AA4D890028680CF0C3FE01289F
:1006400000D0A8E0802001AC922221008000F0F7C9
:1006500081FE2278C52A00D02BE12200A14BA249BD
:1006600025A827E05B009FB21BB2002B2EDB7F008A
:10067000BEB23FB2002F2FDB7600B3B236B2002EEF
:1006800030DB5B009EB21BB2002B31DB7600B3B2D5
:1006900036B2002E32DB5B009EB21BB2002B33DB86
:1006A0007600B3B236B2002E34DB5B0001329BB26F
:1006B000904235D01678360273401FB2002FD1DA3F
:1006C0007F004F403BB2BFB2002BD0DA5B004B4003
:1006D0001FB29EB2002FCFDA7F004F403EB2BBB2B6
:1006E000002ECEDA76004E4033B2B6B2002BCDDA11
:1006F0005B004B401EB29BB2002ECCDA76004E401F
:1007000033B2B6B2002BCBDA5B004B401EB29BB2C9
:10071000002ECADA76004E400132B3B29042C9D1FF
:100720009022A25A9A4200D05AE16278531FDBB25B
:10073000F92B00D8B3E0FF2A00D157E1D3009B1A70
:100740009B00E318DB7F694EA52B05D0310068487C
:10075000F8F7B6F8FF236370664F92222100380045
:1007600006F0C4FC00230022002128680CF016FAD1
:100770000122614B1A707A78FF2A00D197E0D300EA
:100780009B1A9B000433FA185C483100F8F798F87C
:10079000012027B0F0BD5A48FBF784FB594890224E
:1007A0000400002106F09CFC3B2320005B42A21EBB
:1007B00013804D494B4B8E3027E05B009DB21BB23E
:1007C000002B2EDB6D00ACB22DB2002D2FDB6400B0
:1007D000A3B224B2002C30DB5B009CB21BB2002B16
:1007E00031DB6400A3B224B2002C32DB5B009CB28C
:1007F0001BB2002B33DB6400A3B224B2002C34DB29
:100800005B0001329BB2904235D0147824026340E1
:100810001DB2002DD1DA6D004D402BB2ADB2002BD0
:10082000D0DA5B004B401DB29CB2002DCFDA6D00D8
:100830004D402CB2ABB2002CCEDA64004C4023B257
:10084000A4B2002BCDDA5B004B401CB29BB2002C53
:10085000CCDA64004C4023B2A4B2002BCBDA5B00AC
:100860004B401CB29BB2002CCADA64004C400132EF
:10087000A3B29042C9D190211E4A002053520122B6
:100880001D4B1A7085E701200CF00EFB206000283C
:1008900000D0CEE61C48FBF705FB002079E7134E9D
:1008A0001A483100F8F70CF8FF23637054E7184A30
:1008B0006AE70E4E17483100F8F702F81148902207
:1008C0000400002106F00CFC3B2320005B42A21E2A
:1008D00013800549034B8E3046E0C046F079022074
:1008E000844B0220FFFF0000211000008CC2021088
:1008F00050C302105C790220FD85022080C30210E3
:10090000844400005E790220834400001CC302106E
:1009100084C2021098C202105B009FB21BB2002B6F
:100920002EDB7F00BCB23FB2002F2FDB6400A3B2EE
:1009300024B2002C30DB5B009CB21BB2002B31DBFD
:100940006400A3B224B2002C32DB5B009CB21BB269
:10095000002B33DB6400A3B224B2002C34DB5B0039
:1009600001329BB2824235D01478240263401FB218
:10097000002FD1DA7F004F403BB2BFB2002BD0DA5C
:100980005B004B401FB29CB2002FCFDA7F004F407C
:100990003CB2BBB2002CCEDA64004C4023B2A4B20D
:1009A000002BCDDA5B004B401CB29BB2002CCCDAA2
:1009B00064004C4023B2A4B2002BCBDA5B004B4066
:1009C0001CB29BB2002CCADA64004C400132A3B2C4
:1009D0008242C9D19022064FBB52FFF76FFDC1E69C
:1009E000044E05483100F7F76BFF67E7014EB3E6A9
:1009F0005C7902208CC20210D0C2021070B5041EB5
:100A000003D00D4B1D78002D02D10025280070BDAC
:100A10000A4E642130680CF0D5FC0128F5D18C22F7
:100A20002000074906F062FB002300220021306805
:100A30000CF0B4F8EAE7C046FD850220F079022008
:100A400060790220F8B505000C1E05D0042803D8F3
:100A50000E4B1E78002E02D100263000F8BD0C4F40
:100A6000642138680CF0AEFC0128F5D1E900094B8F
:100A7000491B8900C9181C22200006F037FB0023FF
:100A80000022002138680CF089F8E6E7FD85022095
:100A9000F079022060790220F0B54E464546DE46E8
:100AA0005746E0B504000D00160083B0042803D8B3
:100AB0002E4B1B78002B08D10025280003B0F0BC7A
:100AC000BB46B246A946A046F0BD294F642138680E
:100AD0000CF078FC0128EFD1264AE30092469846B4
:100AE0001B1B9B009B46043353441A220021180011
:100AF000994606F0F5FA002D02D02B78002B2BD169
:100B00004346A5221B1B9B005344DA77002138681B
:100B10009E77002200230CF041F8FA21164F89003D
:100B200038680CF04FFC012803D01448FBF7BAF9E1
:100B3000C2E7FFF7C3FC002305000022002138684C
:100B40000CF02CF8002DB7D04B4622000C490D4874
:100B50000096F7F7B5FEB0E719222900484612F0D3
:100B60001BFC5B46002253445A77C9E7FD850220EF
:100B7000F07902205C790220844B02208544000039
:100B80008CC20210A4C30210F8B50400042803D8D4
:100B9000214B1B78002B02D100252800F8BD1F4EE9
:100BA000642130680CF00EFC0128F5D1E5002D1B06
:100BB0001B4FAD00281D1C220021C01906F090FA21
:100BC00000237D19EB777B78A34201D1FF237B7053
:100BD00000213068002300220BF0E0FFFA21114EC3
:100BE000890030680CF0EEFB012803D00E48FBF7BB
:100BF00059F9D1E7FFF762FC00230500002200212C
:100C000030680BF0CBFF002DC6D022000749084802
:100C1000F7F756FEC1E7C046FD850220F0790220B5
:100C20005C790220844B0220864400008CC20210B2
:100C3000D4C302100B4B70B51B78002B06D00A4DA5
:100C4000642128680CF0BEFB012802D0FF2420009C
:100C500070BD064B00225C780021002328680BF051
:100C60009DFFF4E7FD850220F07902205C790220E7
:100C700070B50400042803D8224B1B78002B02D146
:100C80000025280070BD204D642128680CF09AFBD7
:100C90000128F5D1E3001D4A1B1B9B00D318DB7F05
:100CA0002868A52B0AD00023002200210BF076FF34
:100CB000220017491748F7F703FEE1E700215470B7
:100CC000002300220BF06AFFFA21134E89003068DE
:100CD0000CF078FB012810D1FFF7F0FB0023050092
:100CE0000022002130680BF059FF002DC8D02200EF
:100CF00007490A48F7F7E4FDC3E70948FBF7D2F8CC
:100D0000BEE7C046FD850220F07902205C79022012
:100D10008CC20210F4C30210844B022028C40210BB
:100D200087440000194B70B51B78002B02D10024BA
:100D3000200070BD164C642120680CF043FB012894
:100D4000F5D1FF22134B00215A70206800230022A6
:100D50000BF024FFFA21104D890028680CF032FBBB
:100D6000012803D00D48FBF79DF8E0E7FFF7A6FB4D
:100D7000002304000022002128680BF00FFF002C44
:100D8000D5D007490748F7F79BFDD1E7FD8502203D
:100D9000F07902205C790220844B02208844000014
:100DA0008CC202104CC40210F0B5C64600B5040057
:100DB0008AB0042803D8214B1D78002D05D10025C9
:100DC00028000AB080BCB846F0BD1D4B64211868ED
:100DD00098460CF0F7FA0128F1D1E300194A1B1BE1
:100DE00003AE9B009B18320083CB83C283CB83C2AC
:100DF0001B680021136043460022186800230BF093
:100E0000CDFEF37EA52B05D022000F490F48F7F742
:100E100057FDD4E7B07EFDF787FC002808D1B37EEC
:100E200022000093084933000948F7F749FDC7E756
:100E30008520C001FBF748F8C1E7C046FD850220C8
:100E4000F0790220607902208CC2021070C4021076
:100E50009CC40210F0B5D6464F464646C0B5364D46
:100E60008AB02C78002C06D120000AB0E0BCBA462B
:100E7000B146A846F0BD314F642138680CF0A2FAA3
:100E8000012804D02E492F48F7F71AFDECE72E4B26
:100E900000225E7899460021002338680BF07EFE20
:100EA000FF2EEFD0264B3200190028489846F7F75E
:100EB00007FD042E02D82C78002C01D10024D3E7A2
:100EC000642138680CF07EFA0128F7D103AB4A465A
:100ED0009A46F3009B1B04329B009B18524623CB7F
:100EE00023C223CB23C21B68002113603868002370
:100EF00000220BF053FE5346DB7EA52B06D03200BA
:100F000041461348F7F7DCFC0024ADE75346987ED2
:100F1000FDF70AFC002809D153469B7E320000935E
:100F2000414653460B48F7F7CBFC9DE78520C001AF
:100F3000FAF7CAFF002497E7FD850220F079022026
:100F40008CC20210CCC402105C790220F4C40210DE
:100F500070C402109CC4021010B5082906D88AB2C9
:100F60000100BC208000F0F7A5F910BD0248FAF797
:100F700099FF01204042F8E7894400000A0010B5BB
:100F8000082906D80100BC208000F0F7E3F9002012
:100F900010BD0348FAF786FF01204042F8E7C0463B
:100FA0008A44000010B5040092B0002827D0010048
:100FB000202201A806F09AF821002022203109A859
:100FC00006F094F840236946E25C0431CA5401A853
:100FD0004121FFF7C7F96A4641230432D0548020EB
:100FE000402201A98001F0F765F904008120022266
:100FF00011A98001F0F75EF9204312B010BD03483B
:10100000FAF750FF01204042F7E7C0469344000042
:1010100030B5040093B000283AD0802069464222BF
:101020008001F0F797F941216B4669441A7899429B
:1010300021D00133FF2AF9D041216846FFF792F908
:1010400041236A46D35C83421ED11F226946200099
:1010500006F04CF8002520001F22E577203008A973
:1010600006F044F83F236A460020E5540133D25C81
:10107000E25413B030BDFF2ADED107490748F7F725
:101080001FFC01204042F4E70548FAF70BFFF8E7A0
:101090000448FAF707FFF4E71CC5021028C5021040
:1010A000954400009444000010B592B0040001A8DB
:1010B000FFF7AEFF00280AD00A48FAF705FF4122E1
:1010C0002000094906F012F8200012B010BD0749AF
:1010D0000748F7F7F5FB4122200001A906F006F8C2
:1010E000F2E7C046904200005CE802101CC5021006
:1010F0005CC5021010B5154C92B02100202201A849
:1011000005F0F4FF21002022203109A805F0EEFFB0
:1011100040236946E25C0431CA5401A84121FFF72B
:1011200021F96A4641230432D054802001A940228B
:101130008001F0F7BFF804008120022211A980018C
:10114000F0F7B8F8204312B010BDC0465CE80210BA
:10115000FA21F0B5364D8BB0286849000CF032F911
:10116000012807D03348FAF79DFE0122324B1A704E
:101170000BB0F0BD05AC13220021200005F0B0FF3C
:10118000132221003020F0F7E5F811212000677CC0
:10119000FFF7E8F8030087421FD122006B460027C3
:1011A00043CA43C3126869461A60267C234C0F2247
:1011B0002000E77312F0F0F8452E2BD0552E30D0DA
:1011C00022782774531E9A411D4BD2B262741D4976
:1011D00022001D48F7F774FB12E01A4E3A00310066
:1011E0001A48F7F76DFB154C19490F22200012F031
:1011F000D3F8002331001748E3732382F7F760FB2D
:1012000000230022002128680BF0C8FC01220A4BB1
:101210001A70ADE722782674531E9A410E4BD2B253
:10122000D4E722782674531E9A410C4BD2B2CDE7F4
:10123000844B0220A2440000098602205432002080
:10124000FC81021088C502101CC6021094C5021051
:10125000CCC50210DCC50210F8810210ACBD021032
:101260000048704754320020004870475432002034
:10127000014B187C7047C04654320020034B1B7C46
:10128000552B01D0024870470248FCE75432002039
:101290000000204100007041014B587C7047C0465F
:1012A0005432002010B500281FD0114911F094FFCE
:1012B000002816D103F066FF00290DD0FA22002382
:1012C000920004F00FFF0B4B3C2218600A490B48B8
:1012D000F7F7F6FA012010BDFA21890004F0C4FEE8
:1012E000F1E705490648F7F7EBFA0020F3E7C046B7
:1012F00044C60210E884022088C502107CC6021091
:1013000050C60210002210B5034B044904481A606D
:10131000F7F7D6FA10BDC046E884022088C502104F
:10132000B0C6021010B50E4C2368002B01D100206E
:1013300010BD03F027FF00290DD0FA2200239200F0
:1013400004F0D0FE2368074AC31A01209342EFD964
:1013500000232360EBE7FA21890004F085FEF1E722
:10136000E884022060EA0000F0B5CE46474680B52A
:10137000604C060023688BB0002B0BD101255E4921
:101380005E48F7F79DFA6D4228000BB0C0BCB94625
:10139000B046F0BD03F0F6FE002900D188E0FA2245
:1013A0000023920004F09EFE2368C01A544B98421A
:1013B00000D987E0002E00D194E03378002B00D1D3
:1013C00090E0300012F044FB0F2800D98AE000289A
:1013D00011D03300202185191C7822008A43413A1C
:1013E000192A05D92200303A092A01D92D2C79D1A0
:1013F00001339D42F0D10F2003220021684405F003
:101400006FFE31000F22684611F0C6FFFA216C46CC
:101410003C4E3D4B377C18684900984627740BF0CA
:10142000D1FF01285BD105AB99462430002102226F
:10143000684405F055FE4B466A4623CA23C312682A
:1014400011211A604B4648461F74FEF78BFF4B462E
:1014500060745874102249463020EFF72BFF0028A3
:1014600033D1032209A94030EFF724FF051E2CD108
:10147000434600220021186800230BF08FFB0F2247
:1014800069463000F57311F087FF452F05D03B000A
:10149000553B5A4253415B421F40337816495A1E0E
:1014A00093411A48320037747374F7F709FA6BE7FF
:1014B000FA21890004F0D8FD2368C01A104B984225
:1014C00000D877E70023236058E71148FAF7EAFCD1
:1014D000434600221868002100230BF05FFB032520
:1014E0006D4251E7022504490A48F7F7E9F96D42D0
:1014F0004AE7C046E884022088C50210D0C6021020
:1015000060EA000054320020844B022030C70210F1
:10151000A144000004C70210F0B5CE46474680B58E
:10152000514D04002B688BB0002B0BD101264F4985
:101530004F48F7F7C5F9764230000BB0C0BCB9464A
:10154000B046F0BD03F01EFE00296ED0FA22002343
:10155000920004F0C7FD2B68C01A464B98426DD824
:10156000102322009A43452A06D002263F494248CA
:10157000F7F7A6F97642DFE70F200322002168443F
:1015800005F0AEFD3D4F0F223900684611F004FF13
:10159000FA216D463A4B4900186898462C740BF0B6
:1015A00011FF01285CD105AB9946243000210222AD
:1015B000684405F095FD4B466A4643CA43C312682A
:1015C00011211A604B4648461C74FEF7CBFE4B4671
:1015D00068745874102249463020EFF76BFE0028DB
:1015E00034D1032209A94030EFF764FE061E2DD145
:1015F000434600220021186800230BF0CFFA0F2287
:1016000069463800FE7311F0C7FE3B785A1E9341BD
:10161000DBB2452C18D0552C13D11A4A13491A485D
:101620003C747B74F7F74CF986E7FA21890004F0E3
:101630001BFD2B68C01A0F4B984291D900232B60D9
:1016400074E700240F4AE9E7104AE7E71048FAF781
:1016500029FC434600221868002100230BF09EFA63
:101660000326764268E7C046E884022088C5021057
:1016700054C7021060EA00008CC7021054320020E8
:10168000844B0220ACBD0210C4C70210F8810210C6
:10169000A144000010B513490B78002B1ED0124A4C
:1016A0005A4013049B185B009B18DB009B18DB005F
:1016B0009B185B0001319A180B78002BF0D1110CAC
:1016C000130AC9B2DBB2D2B20224047043344470AC
:1016D00009348470C1700371427110BDC5229D230D
:1016E0001C21F1E754320020C59D1C8110B58AB041
:1016F000002816D0037801AC23706B462022411CD1
:10170000581D05F0F3FC21212000FEF72BFE2123BC
:10171000E0548820222221008001EFF7CBFD0AB09F
:1017200010BD01204042FAE770B50500882094B052
:101730000AAC210022228001EFF70CFE4A2123008F
:10174000694402E00133994226D01A78FF2AF9D081
:1017500021212000FEF706FE2123E35C834218D1FD
:10176000237801AE337029216B461F22581D69442E
:1017700005F0BCFC18491948F7F7A2F8002220230D
:101780003100F2542800213205F0B0FC280014B0DA
:1017900070BD1348FAF798FB0F491248F7F7FEF8A7
:1017A0002200114B43CB43C243CB43C203CB03C202
:1017B0001B78212113702000FEF7D4FD2123E05473
:1017C0008820210022228001EFF774FD21222800C9
:1017D000064905F08BFCD9E7E0C70210ECC7021000
:1017E000B042000018C80210E4E80210C0E802107D
:1017F00030B58BB001AC22000B4B23CB23C223CBE3
:1018000023C203CB03C21B78212113702000FEF7F3
:10181000A9FD2123E0548820222221008001EFF736
:1018200049FD0BB030BDC046E4E80210F0B5C64635
:1018300006000F00150000B5002A15D080235B01BB
:10184000002498462A1B424501DD802252013000C7
:1018500092B23919F2F7F2F800280CDD24180520AD
:10186000FCF7B2FCA54202DC80BCB846F0BD052006
:101870000DF028FBE6E70248FAF714FBF4E7C04650
:1018800010240000802030B5000183B00FF052FB1F
:101890001D4D2860002831D0002350220121002056
:1018A000F1F720FF194C207000281FDB18236A462F
:1018B0000721D371C0B20732F2F732FC2078F2F779
:1018C0004DF8012807D1124850221249F6F7F8FFC7
:1018D000012003B030BD2078F1F7AEFE28680FF08C
:1018E00013FC0D48FAF7DEFA0020F2E728680FF043
:1018F0000BFC0A48FAF7D6FA0020EAE70848FAF79C
:10190000D1FA0020E5E7C0464C4E0220EE850220C9
:1019100060C8021054C802101324000012240000F2
:1019200011240000F0B5DE4657464E4645460020DD
:10193000E0B5C44BC7B000931856C2239B009C4629
:1019400040016044EFF756FD172826D01C2810D020
:10195000132803D1009B1878F2F700F847B0F0BCC9
:10196000BB46B246A946A046F0BD009B187802F0DF
:101970000FFB009C2078F1F78DFF2078F1F75CFEDB
:101980000023502201210020F1F7ACFE2070002836
:10199000E4DBC0B2F1F7E2FFE0E70020009B18565D
:1019A00082239B009C4640016044EFF723FDC00763
:1019B00000D5D9E0009BA44D1B7800249846A34B8A
:1019C0001E680293A24B994600239B462B00454676
:1019D00098464B461A1B280092B23119F2F700F9CB
:1019E000071E14DD0520FCF7EFFB5B46E4194146BA
:1019F0003000335511F0B6FE002823D10520FCF746
:101A0000E3FB01200DF05EFA924B9C42E1DD009D6C
:101A10002878EFF717FE0023EB568F4A5B0104008E
:101A20009818EFF7E7FC06000DF092FA8B4B0700D1
:101A300098461B88A34200D1D8E0894B1F604346DB
:101A40001C808BE7831BA84603930433DFD49B469B
:101A5000B344370001935E451FD2824BB1469A468C
:101A60005E46A3460DE0C41B102C07D90F22514639
:101A7000380011F035FC002800D193E06F1CBE4205
:101A800009D9F41B22000A21380011F0A3FF051E1A
:101A9000E9D13500E8E74E465C46019BE71A002392
:101AA0009946002F7ADA6B4B9A46694B9B4617E0B2
:101AB0005B461A1B404692B23119F2F791F8051EA7
:101AC0006CDD0520FCF780FB0023641905203355ED
:101AD000FCF77AFB7F1901200DF0F4F9B9455DDDC3
:101AE0005445E5DDFB43DB171F400022029D012129
:101AF0002B685D481A5505F0FFFA802303992E687C
:101B0000544A1B010331F318914239D8019A904687
:101B10003A00B04442441F0093423DD200231522B4
:101B2000300052493B7011F003FC002800D11CE743
:101B3000152230004E4911F0FBFB00287BD0142207
:101B400030004C4911F0F4FB002849D00E2230003F
:101B5000494911F0EDFB002800D091E0009B41467F
:101B6000187802F0E9F904E70020009B01211856DB
:101B700082239B009C4640016044EFF765FC19E717
:101B80003219904647449F42C8D980273F013F1BE6
:101B9000D219002F00DA42461700BFE7002C00DC04
:101BA00035E79FE738000F304E465C46854207D93F
:101BB0000378202B01D0092B02D101308542F7D1C7
:101BC0000A22002111F098F92C4B421E81469A42BC
:101BD00000D962E7019BE71AB84200DD63E784E7BA
:101BE000009B3100187802F0F5F9C2E6B602B6B2F1
:101BF000B34200D121E79622194CD2002368C31AC0
:101C0000934200D2AAE6009D2878F1F743FE287897
:101C1000F1F712FD0023502201210020F1F762FDAF
:101C20002870002802DBC0B2F1F798FE002342467C
:101C30002760138092E6009B32004146187802F03C
:101C400003FA96E6EE8502208C8302104C4E0220A9
:101C5000FF070000FE070000081F0000DE850220CD
:101C60001C7B022080C80210184E022090C802106F
:101C7000A8C80210C0C80210D8C80210FEFFFF0F8B
:101C800002F05EF800284CD1029B0F221C685A49D2
:101C9000200011F04DFB00284ED0112220005749A2
:101CA00011F046FB00284CD012222000544911F0BC
:101CB0003FFB00284AD011222000524911F038FB86
:101CC000002849D0172220004F4911F031FB00288D
:101CD00048D0182220004D4911F02AFB002846D098
:101CE000162220004A4911F023FB002845D0182273
:101CF0002000484911F01CFB002844D00C22200091
:101D0000454911F015FB002871D0122220004349EB
:101D100011F00EFB00283CD1009B187800F0CCF9A4
:101D200027E6029B186802F013F80028ACD1009B4C
:101D3000187802F015FA1CE6009B187800F022FDD6
:101D400017E6009B187800F021FA12E6009B414646
:101D5000187800F087FB0CE6009B4146187800F0ED
:101D600063F806E6009B187801F044FC01E6009B4E
:101D70004146187801F0D2FDFBE5009B41461878FA
:101D800001F0AEFEF5E5009B4146187801F008FF32
:101D9000EFE500232000059300F060FF029B0700A1
:101DA00005A9186800F090FFC443059BE4170600DE
:101DB0001B4A0440002B00D11A4A06AB98468021EA
:101DC00023004900404606F017FE009D02004146F0
:101DD0002878FFF72BFD002E00DCCAE5002F00D18C
:101DE000C7E5220039002878FFF720FDC1E5009BF8
:101DF000187800F0C7FFBCE5E8C80210F8C8021068
:101E00000CC9021020C9021034C902104CC90210BA
:101E100068C9021080C902109CC90210ACC9021026
:101E2000C0C9021068CA0210F0B5D6464F464646F1
:101E3000C0B58146AAB005200D00FCF7C5F9052004
:101E4000FCF7C2F9002D00D117E12800F3F7D0FB11
:101E50000520FCF7B9F9924B01249846012300268E
:101E60009A46032710212300424602A806F0C4FD2B
:101E7000280002A9F3F78AFB00280DD003786F2B06
:101E80000AD143786E2B07D18378002B04D15246B8
:101E9000631E9A401643F6B2274200D191E0013406
:101EA000092CDFD16B46DC1D002320002370FCF7DA
:101EB00027FB0520FCF788F9320023789A4300D0ED
:101EC000D5E09E4245D0012211001A4031408A429D
:101ED00000D0C8E00520FCF777F9012322787108CB
:101EE000520819401340994200D0AFE001232278F4
:101EF000B108920819401340994200D099E001239B
:101F00002278F108D20819401340994200D083E0AA
:101F1000012322783109120919401340994200D057
:101F200076E00520FCF750F9012322787109520967
:101F30001940134099425FD101232278B1099209D7
:101F40001940134099424ED12378F109DB09994297
:101F500045D10520FCF738F9524B0024984601275B
:101F6000E6B2013423004246102102A806F044FDE7
:101F700002A92800F3F70AFB011E02D03000FDF78A
:101F8000FDFD374225D0082CEAD10323A021464A83
:101F900002A806F031FD8C2202A94846F1F74EFD59
:101FA0000520FCF711F9032248464049F1F746FDA8
:101FB0000520FCF709F92AB0E0BCBA46B146A846AC
:101FC000F0BD05200134FCF7FFF8092C00D049E7EB
:101FD00068E70520FCF7F8F8082CC1D1D5E7072001
:101FE000FCF7E2FAB5E70620FCF7DEFA2378F10900
:101FF000DB099942ADD0F2E70520FCF7D5FA0123C1
:102000002278B10992091940134099429CD0EAE71D
:102010000420FCF7C9FA84E70320FCF7C5FA012382
:1020200022783109120919401340994200D178E70A
:10203000EEE70220FCF7B8FA01232278F108D20873
:1020400019401340994200D162E7E5E70120FCF70F
:10205000ABFA01232278B108920819401340994243
:1020600000D14CE7E5E70020FCF79EFA32E7F5F7F0
:102070001BFE00280AD0237823E7B42248460C49E7
:10208000F1F7DCFC0520FCF79FF894E7DE224846D8
:102090000849F1F7D3FC0520FCF796F88BE7C0461A
:1020A000F8CA021004CB02100CCB021008E902108F
:1020B000ECE902100CE90210F0B5CE46474680B5B7
:1020C0000500C1B00520FCF77FF880212B4B684646
:1020D0002B4A490006F090FCA62380276E46002478
:1020E00098467F0143461A1BBA4201DD8022520105
:1020F000280092B23119F1F7A1FC002833DD241831
:102100000520FCF761F8A52C25DD0520FCF75CF81F
:102110001C4B802698461C4B00249946174F76018D
:102120003A1BB24201DD802252014346280092B29E
:102130001919F1F783FC00281ADD24180520FCF793
:1021400043F84C450BDD0520FCF73EF841B0C0BC20
:10215000B946B046F0BD05200CF0B4FEC2E705203C
:102160000CF0B0FEDCE791208001F9F79BFECCE794
:1021700091208001F9F796FEE5E7C046FD210000B9
:10218000C0C90210C8EB0210FC210000F0B5DE4609
:10219000454657464E46E0B5994C8046A544052035
:1021A0003BACFCF711F82000F9F73CFF002800D108
:1021B00016E169AB18009946F9F798FF002800D19D
:1021C00005E180238F4ADB0111684B40E021C90102
:1021D0000B408D490B6004218C4B1960FC31136856
:1021E0000B42FCD050680004000C04F0BDFE88498E
:1021F00004F063FEE621890504F05FFE854904F0E2
:1022000042FE854904F045FE011C844804F03BFE73
:1022100040234A46D35C051C012B00D1C9E0022BA8
:1022200017D17F4904F032FE7E4B051C2093FFF747
:1022300017F8002813D0437C002B10D01F90037C8C
:10224000452B00D1D8E0552B00D1D2E0764B21931D
:1022500009E0764B2093FFF703F80028EBD1744B8D
:102260001F93714B21935FAE28220021300004F0B0
:1022700037FF3000F5F726FD41A98B4661792378B9
:10228000049121796B4A0391E17858460291A17833
:10229000019161780091182106F0AEFB619804F07D
:1022A00085FE654F009001913A00202147A806F075
:1022B000A3FB629804F07AFE604F009001913A000F
:1022C00020214FA806F098FB57AB63989A4604F07C
:1022D0006DFE3A00009001912021504606F08CFBE3
:1022E0005246A3791C924FAA1B9247AA1A92219A8E
:1022F0001E931992524B1F9A281C189317931692EB
:1023000004F054FE209A1490159112924A461092AD
:102310005A4671AB0F921193637DAF270E93237DC5
:10232000484E0D93E37CFF000C93A37C32000B938B
:10233000637B39000A93237BA2A80993E37A08936D
:10234000A37A0793637C0693237C0593E37B049332
:10235000A37B0393637A0293237A0193E379009337
:102360001E9B06F049FB0400B8421EDD3C00230022
:10237000A021354A7AA806F03FFB7AA982B24046EE
:10238000F1F75CFB0520FBF71FFFA2B2A2A94046B4
:10239000F1F754FB0520FBF717FF2C4B9D44F0BCD5
:1023A000BB46B246A946A046F0BDC343DB171C405E
:1023B000DDE7274904F081FD264904F06AFD842108
:1023C000C90504F063FD244B051C20932FE722A8C8
:1023D000FEF76AFE4122484622A904F087FEF0E695
:1023E00034A8FDF765FF1722200034A904F07EFE13
:1023F000DFE61A4B219336E7194B219333E7C046AA
:10240000FCF7FFFF00C0044000D0044000E004409F
:10241000000040406ABC343F2D93E13A0000D841AF
:1024200033938843A8CB0210FC810210B0CB02107A
:10243000BCBE02102C810210B8CB0210C0CB02101F
:10244000DC8A0210C8CB02100CCD02100408000078
:10245000000010410000A0409CCB0210ACBD021057
:10246000F8810210F0B54746CE4680B58046DBB015
:1024700005200C00FBF7A8FE002C00D15AE11CAE91
:102480003000F9F7CFFD002800D113E11722310009
:1024900022A804F02BFE2000AC49F3F777F8051EC4
:1024A00000D1D3E0F3F7A4F829003F2228A810F0C8
:1024B00073FFA02069463F230022091849AF38ADB9
:1024C000CA5428A8A249019700951BAB1AAA10F07C
:1024D000D1FD042800D0BBE01A9B2000B3711B9BE8
:1024E0009C49F371389B3372499B7372F3F74EF832
:1024F0008146002800D0B3E020009749F3F746F862
:10250000814600281ED0F3F773F83F22494628A8D9
:1025100010F042FFA02069463F2300220918CA5448
:1025200028A88B49019700951BAB1AAA10F0A2FDB1
:10253000042807D11A9BB3721B9BF372389B337329
:10254000499B737320008549F3F720F881460028E2
:102550001ED0F3F74DF83F22494628A810F01CFF83
:10256000A02069463F2300220918CA5428A87849A8
:10257000019700951BAB1AAA10F07CFD042807D127
:102580001A9BB3741B9BF374389B3375499B73750B
:102590000520FBF719FE1722300022A910F096FD46
:1025A000002800D08FE02800F9F7A0FD002800D116
:1025B00077E041222900380004F098FD20006849A6
:1025C000F2F7E4FF061E08D0F3F712F81F223100DD
:1025D000280010F0E1FE0023EB7720006149F2F7BC
:1025E000D5FF061E09D0F3F703F81F22310040A8DB
:1025F00010F0D2FE3F230022EA5420005A49F2F79D
:10260000C5FF041E0BD0F2F7F3FF2000574911F06D
:102610009DF9002800D080E040230122EA544122A5
:102620003900280010F052FD00286CD16722504973
:102630004046F1F703FA0520FBF7C6FD4D48F9F7D0
:1026400029FE5BB0C0BCB946B046F0BD49AF38AD5D
:1026500020004049F2F79AFF8146002800D14BE75D
:10266000F2F7C6FF3F22494628A810F095FEA020A9
:1026700069463F2300220918CA5428A83449019703
:1026800000951BAB1AAA10F0F5FC042800D033E724
:102690001A9BB3731B9BF373389B3374499B7374FE
:1026A0002AE702A8FEF700FD4122280002A904F053
:1026B0001DFD7EE714A8FDF7FBFD1722300014A9CD
:1026C00004F014FDE2E63000F9F7E4FC0A200CF017
:1026D000F9FB0520FBF778FD209B1D9899461C9B74
:1026E0001E9949934B461F9A4D93B38A4A904B913A
:1026F0004C92BB82B37D3800BB75EFF70BFE052013
:10270000FBF762FD4FE72800F9F72EFD0A200CF0D9
:10271000D9FB0520FBF758FD88E72000164911F08A
:1027200015F94023002802D10222EA5477E700225B
:10273000EA5474E7B92211494046F1F77FF90520C0
:10274000FBF742FD0E48F9F7ADFB7AE7A0CD02108A
:102750002081021024910210A4CD0210ACCD0210F1
:10276000B0CD0210BCCD0210C8CD02109CCB02101F
:10277000A4EA021088130000A8CB02100CEB021090
:1027800041240000F0B5DE4657464E464546E0B5CA
:10279000A64CA5441D900520FBF716FD1C22002128
:1027A00022A804F09DFC22A8FAF740FD002844D09E
:1027B000229B1B9333A8F9F799FC94210EAA40237E
:1027C0005218002826D1D054994B1C934F21002336
:1027D0000EAA521813700EAA94464F336344180081
:1027E000FBF78EFE29AB9B4618002822002104F03F
:1027F00077FC5846F5F766FA5B461B78032B1FD823
:102800008C4A99008A581E92032B00D0F9E18A4B1A
:102810001F9319E0D35C012B00D0E7E187491B9897
:1028200004F04BFB864904F034FB8421C90504F015
:102830002DFB844B1B901C93C8E700231B93B9E727
:10284000814B1E93814B1F930520FBF7BDFCACAB66
:102850001D0012930023002698466CAF43462022A9
:102860003B702B7039003000FDF752F93B782C009B
:10287000002B20D001200022791C0D2B00D19AE0E2
:102880000D2B00D9A5E0092B00D1B6E00A2B00D012
:1028900089E0931C3E2A77D05C24AC546E222A54E3
:1028A0001A000B78002B00D191E0501C01313F2A17
:1028B000E3D12C003F3443460136F6B22370203773
:1028C0004035082ECAD10520FBF77EFC604BFFAADD
:1028D000B43213CB13C21B881380002399460D33E7
:1028E0009A4644AB98465B4B4D4618935A4B1F0093
:1028F0004F220EAB9B181C780123EC404146E8B2F6
:102900001C40FAF777FC002800D17FE024234246E0
:10291000D35C002B7AD053695068994604F046FB8B
:10292000434614901591986804F040FB4346169076
:102930001791D86804F03AFB02000B00802156463C
:10294000FFA8B43009015044891B002C6CD0434CC3
:10295000069207934B46129E08940493189A169B6E
:10296000179C0A9702930394149B159C0996009355
:10297000019406F041F8012382442B4272D0129B4D
:10298000013540331293B3E70B78002B00D124E1DB
:1029900001310D2BF8D042D83E223F20092BF3D035
:1029A0000A2B00D175E70B78002B10D0501C013199
:1029B0000D2B00D064E7931C3E2AE5D05C24AC5478
:1029C00072222A541A000B78002B00D06DE7AC1845
:1029D00071E7222B08D05C2B06D01C00203C5E2C1B
:1029E000E1D8AB5402005CE7941CA1463E2ACBD050
:1029F0005C24AC544A462B5453E7931C3E2AC3D064
:102A00005C24AC5474222A541A004AE700220023A2
:102A10000021169217938946149215938EE7222B64
:102A2000B2D03F203E22D6E70D4C91E74CF3FFFF9A
:102A3000D8CD0210C80D0310B4AF02100000104131
:102A40000000A040D4CD0210FC810210E0810210F1
:102A5000ECCD0210FCCD021050CE0210DCCD0210E5
:102A6000E4CD0210052040360135FBF7ADFB129690
:102A7000072D00D03CE74F220EAB9B181C78414637
:102A80000720E409FAF7B6FB002805D024234246C4
:102A9000D35C002B00D0BAE00022002300211600F6
:102AA0001F0089461292139380215546FFA8B43027
:102AB00009015044491B002C00D094E05E4CA44610
:102AC0005E4C069207930A94FFAC74344B4609940B
:102AD0006446189A0096019708940493129B139CDD
:102AE0000293039405F088FFFFABB4338027994627
:102AF00050443F01060081443F1A1B9804F056FAE7
:102B00005B4612901391586804F050FA5B4614909B
:102B10001591986804F04AFA5B4616901791D868A8
:102B200004F044FA5B4618901991186904F03EFAD3
:102B30005B46040058690D0004F038FA24235A4615
:102B4000D35C002B4CD13C4B9C465B46DB690C9420
:102B50000D95119363461093189B199C0A930B943F
:102B6000169B179C08930994149B159C0693079435
:102B70001E9B0E900F9104931F9B390003931C9B87
:102B80002F4A02934846129B139C0093019405F030
:102B900033FF86190520FBF717FB3300A0214046C1
:102BA000284A05F029FF1D9C414682B22000F0F71B
:102BB00045FF0520FBF708FBFFA9B2B2B4312000A6
:102BC000F0F73CFF0520FBF7FFFA1F4B9D44F0BCDC
:102BD000BB46B246A946A046F0BD3E22AC186AE606
:102BE0001A4B9C46B1E7194CA44669E7022B00D06A
:102BF000EAE51B98164904F049F9164B1B901C9303
:102C0000E4E5002B00D11DE6134B1F931CE653692E
:102C10005068994604F0CAF94346060098680F00C8
:102C200004F0C4F9434612901391D86804F0BEF939
:102C300002000B0038E7C046E4CD0210BCBE021013
:102C400054CE02100CCD0210B40C0000DCCD0210EA
:102C500033938843F4930210A0AF021010B51149CA
:102C6000040010F07FFD002801D00F4810BD2000A7
:102C70000E4910F077FD002801D00D48F6E720003E
:102C80000C4910F06FFD002801D00B48EEE7200042
:102C90000A4910F067FD002801D00948E6E7094815
:102CA000E4E7C046ACC90210641603106CCF0210F2
:102CB000643803107CCF0210D80D031094CF02109B
:102CC000547A03108063031070B505000C1E14D0F5
:102CD00000230B60224910F045FD002803D001239A
:102CE0002360204870BD28001F4910F03BFD0028DC
:102CF00016D0012323601D48F4E7194910F032FD76
:102D00000028EED12800184910F02CFD0028F2D13F
:102D10002800174910F026FD002819D01548E1E7D2
:102D20002800134910F01EFD002803D0012311488C
:102D30002360D7E72800104910F014FD002803D0C5
:102D400001230E482360CDE7012323600C48C9E727
:102D50002800094910F006FD0028F7D00748C1E710
:102D6000ACC90210FD2100006CCF02101C2B00002A
:102D70007CCF02108B08000094CF02109208000054
:102D8000D1160000F0B5DE4657464E464546E0B542
:102D9000D1B002900520FBF717FAFEF761FA0400A4
:102DA00002F0F0F9002900D17BE1FA220023920021
:102DB00003F098F9FA21890003F056F91C228246A3
:102DC000002109A804F08CF909A8FAF72FFA0028C5
:102DD00006D0342202AB9B181B78002B00D065E193
:102DE000002399469846039302AB9C460F25002387
:102DF00065442B70280008AB07AA06A9FAF76EFAFB
:102E000000239B46002804D02B781A00531E9A41B9
:102E10009346D44F5D22D449380004F067F9052069
:102E2000FBF7D2F938000094D04BD14AD1495C303D
:102E300005F0E2FD80265C300400B601B04200DB04
:102E400076E30520FBF7C0F9311B38195346CA4A0F
:102E500005F0D2FD2418B44200DB73E33A19404672
:102E6000924604F0A3F8C54A00900191311B5046E8
:102E700005F0C2FD2418B44200DB5EE3311B3819B3
:102E80005B46BF4A873405F0B7FDB44200DB63E31D
:102E90002B78BC4A311B381905F0AEFD2518B54218
:102EA00000DB54E3731B9A4648467B19984604F0AE
:102EB0007DF8B54C0090019122005146404605F046
:102EC0009BFD2D18B54200DB55E3731B9846039814
:102ED0007B19994604F06AF8AC4C009001912200ED
:102EE0004146484605F088FD2C18B44200DB3DE31E
:102EF0000520FBF769F9A64B311B38191B68A54A59
:102F000005F07AFD2418B44200DB2AE30520FBF724
:102F10005BF9311B3819A04A5B3405F06DFD10AD2B
:102F2000B44200DB9BE0002398469C4BB2469B4694
:102F3000002399463B004746984610AD4B46290072
:102F40002B70F8B2FBF79AFA434618192B78013721
:102F5000311B00935A463B0005F04EFD2300203400
:102F6000544579DA082FE9D199460520FBF72CF969
:102F70004746311B4E468A4A38199F3605F03CFDBC
:102F8000564500DB46E1874B00249B4680239B018E
:102F9000994624235F469A46C346282200212800EA
:102FA00004F09EF82900E0B2FAF724F94B46991B89
:102FB0005B4698195346EB5C013400933A002300BA
:102FC00005F01AFD33002A364E4500DB22E1082CBD
:102FD000E3D198460520FBF7F7F85F464B46444699
:102FE000714A991BB8198B3405F006FD4C4500DB7E
:102FF00052E16E4B0026994624239A4680239B017A
:103000004F469846D94619E05346EB5C002B20D03A
:10301000686803F0CBFF02000B00414648460136CA
:1030200000920193091B001933003A0005F0E4FCFB
:103030002418444500DB2FE1082E3ED00021282231
:10304000280004F04DF82900F0B2FAF7D3F8002870
:10305000DAD100220023E0E75548F8F723FF55486E
:10306000F8F720FF80211823534A4900280005F073
:10307000C3FC029C652229002000F0F7DFFC05203C
:10308000FBF7A2F8182220004C49F0F7D7FC0520E6
:10309000FBF79AF851B0F0BCBB46B246A946A04631
:1030A000F0BDFA21890002F0DFFF83E6099B984614
:1030B0000A9B99460B9B039396E60520FBF784F841
:1030C0004F4643463819191B3D4A5F3405F094FCBE
:1030D000444500DB8CE13B4B0026994624239A466D
:1030E00080239B01984618E05346EB5C002B1FD0D1
:1030F000A86803F05BFF02000B0041460136009216
:103100000193091B381933004A4605F075FC241851
:10311000444500DB6CE1082E0DD000212822280058
:1031200003F0DEFF2900F0B2FAF764F80028DBD1E3
:1031300000220023E1E70520FBF746F84346381953
:10314000191B214A663405F057FC444500DB53E166
:103150001E4B0026994624239A4680239B019846BD
:103160004FE0C0462C540220F0CF0210DC8A02103F
:1031700050D00210A41F0000D8D0021064D1021059
:1031800004D2021090D202102CD3021094D3021059
:10319000184E02200CD4021098D40210F4D402105D
:1031A00018D5021098D50210C8D502102CD60210DE
:1031B000292400002F240000C0DC021028DD0210AA
:1031C0005CD60210BCD60210E8D6021050D702100E
:1031D0005346EB5C002B1AD0E86803F0E7FE0200D0
:1031E0000B004146013600920193091B3819330048
:1031F0004A4605F001FC2418444500DBFCE0082E9B
:103200000CD02900F0B2F9F7F5FF0028E0D1002238
:103210000023E6E7DA48F8F745FE20E70520FAF74D
:10322000D3FF43463819191BD64A863405F0E4FB10
:10323000444500DB78E100239846D34B994624238C
:103240009A463B00474698461DE05346EB5C002BF0
:103250001FD0CE49A86903F030FE03F0A7FE02009C
:103260000B00802640460137B60100920193311BC6
:1032700000193B004A4605F0BFFB2418B44200DBAE
:1032800052E1082F0CD02900F8B2F9F7B3FF00285B
:10329000DBD100220023E4E7BD48F8F703FEDEE6B9
:1032A0000520FAF791FFBB4B474618009846F4F704
:1032B00009FD3B199C46311B002800D0A0E00023EB
:1032C0006046B54A05F098FB20009330B04200DB21
:1032D000C5E62334311A0023B04A3818FF3405F00C
:1032E0008BFBB44200DBBAE6AD4B00220393002314
:1032F000311B009201933819039A05F07DFB2418C5
:10330000B44200DBABE6A74B002203930023311B42
:10331000009201933819039A05F06EFB2418B44209
:1033200000DB9CE6A04B002203930023311B00929C
:1033300001933819039A05F05FFB2418B44200DBAF
:103340008DE69A4B002203930023311B00920193D8
:103350003819039A05F050FB2418B44200DB7EE6CE
:10336000934B002203930023311B009201933819E1
:10337000039A05F041FB0419B44200DB6FE6802399
:103380009B019846191B381900238A4A8C3405F092
:1033900033FB2600444500DB61E64346191B00234E
:1033A0003819854A05F028FB802386199B019E4227
:1033B00000DB54E60520FAF707FF002E00DA4EE6A0
:1033C000802133007D4A4900280005F015FB2900C3
:1033D00082B20298F0F732FB0520FAF7F5FE002ED4
:1033E00000D098E0320076497648F5F769FA51E660
:1033F0007548F8F757FD32E67448F8F753FD2EE6A6
:10340000434660461B78644A05F0F6FA2418B44235
:1034100000DB24E642462423311BD35C38195F4A83
:103420008F3405F0E9FAB44200DB18E6331B9A4604
:103430003B1999464346586803F0B8FD584A009036
:1034400001915146484605F0D7FA0419B44200DB11
:1034500005E6331B9A463B1999464346986803F0A4
:10346000A5FD504A009001915146484605F0C4FA26
:103470000419B44200DBF2E5331B9A463B19994626
:103480004346D86803F092FD474A009001915146A7
:10349000484605F0B1FA0419B44200DBDFE5331BFE
:1034A0009A463B1999464346186903F07FFD3F4A07
:1034B000009001915146484605F09EFA0419B44225
:1034C00000DBCCE5331B9A463B19994643465869C5
:1034D00003F06CFD364A009001914846514605F0D4
:1034E0008BFAA1468144B14500DBB8E58024434610
:1034F00049464846A401DB692E4A611A381805F08E
:103500007BFA48440600A04200DBA8E54346B81910
:103510001B6AA11B45E739000298B2B2F0F78EFA98
:103520000520FAF751FE5DE72948F8F7BBFC96E560
:103530002848F8F7B7FC10AD91E52748F8F7B2FC3A
:1035400010AD8CE52548F8F7ADFC10AD87E52448B3
:10355000F8F7A8FC10AD82E52248F8F7A3FC10ADFF
:103560007DE52148F8F79EFC10AD78E51F48F8F797
:1035700099FC10AD73E51E48F8F794FC10AD6EE5AC
:103580002A2400007CD7021004D8021000007A44DC
:103590002B2400004C7402203CD80210D4D8021016
:1035A00068D90210F8D9021070DA021008DB021094
:1035B000E0DD0210A4DB021034DC021044DD021056
:1035C000B0CF0210B8DD02102C2400002D24000022
:1035D0002E240000212400002324000022240000C7
:1035E00025240000242400002824000027240000B3
:1035F00026240000F0B5DE464E4645465746E0B567
:10360000B94C0500A5440520FAF7DEFD0BA8FDF72F
:10361000F5F98146031E00D148E1FDF70BFB824618
:103620000520FAF7D1FD5EAB98464246AF4B002627
:1036300013CB13C21B780C2713700BAB9B46AC4B00
:103640000895079353465C244A465D460993EB7EF2
:10365000AA46A52B00D099E0F3B20493079B0396EA
:103660000693002A00D13AE153461A78002A00D185
:1036700033E172208346043800238146691C059596
:103680001BE05C2A1BD00A2A35D00D2A47D0092A14
:1036900059D01F2A6BD9AB2008ADAC46C000954D60
:1036A00018186044AC466044027001330A78002A5E
:1036B0001CD001313F2B00D1A6E0222AE1D1981C79
:1036C0003E2B00D1DAE0AB25ED005B1908ADAC462E
:1036D000884D6344AC469C4465462C70864DAC4690
:1036E00063441A700A780300002AE2D12EAA944695
:1036F000059D63448DE09A1C3E2B00D1BEE0AB20BB
:10370000C0001B1808A884467A486344181804703F
:10371000794884464846634418701300C6E79A1CEB
:103720003E2B00D1AAE0AB20C0001B1808A884469D
:1037300070486344181804706F48844658466344C0
:1037400018701300B2E79A1C3E2B00D196E0AB2014
:10375000C0001B1808A88446664863441818047003
:103760006548844674206344187013009EE70A7805
:10377000002ABBD00131A0E702363835052E0AD029
:10378000EB7EAA46A52B00D17EE0002201361C3537
:10379000052E00D05BE7099B80269A464346F6003B
:1037A000F11BD819554A089D05F026F94346C4195E
:1037B00018195346311BFF2B6CD0514A05F01CF9E8
:1037C00080232418DB009C426CDD1C002300C021F8
:1037D0004C4A2EA805F010F92EA982B22800F0F765
:1037E0002DF90520FAF7F0FC41462800A2B2F0F7C7
:1037F00025F90520FAF7E8FC434B9D44F0BCBB4695
:10380000B246A946A046F0BD08AAD7239446059D16
:10381000634400221A704346D819534680219B7E88
:10382000C90001932EABC91B0093069A039B05F0B8
:10383000E3F8049B3F18DB071CD5731C9B461C2335
:103840009946A944042EA6D04B46DB7ECA46A52B3A
:1038500092D15B46DBB204935B46039380214346DF
:10386000C900C91BD819294A05F0C6F85E464D465D
:103870003F18F9E60520FAF7A7FCDEE708AAD623E9
:103880009446059D6344C4E7F3B2B346A946049346
:103890000396E3E71E4A05F0AFF880232418DB0007
:1038A0009C4292DCE343DB171C408FE72C33C021A2
:1038B000184A5EA805F0A0F85EA9A3222800F0F738
:1038C000BDF80520FAF780FC2C2228001249F0F7F9
:1038D000B5F80520FAF778FC8EE72EAB99E7044B94
:1038E000B346A9460693B9E784FAFFFF20DF02102A
:1038F00030DF021040FBFFFF41FBFFFF50DF0210F3
:103900004CDF02100CCD02107C05000050CE0210DE
:1039100060DF02107CDE0210688E0310F0B5C64630
:1039200000B507008EB005200C00FAF74DFC002C06
:1039300000D18EE02000F1F75BFE0520FAF744FC91
:1039400001AE1022002103A803F0CAFB08220021C7
:10395000300003F0C5FB20005349F1F717FE051EA8
:103960003BD001000F2203A80FF016FD6B464F4914
:1039700020001D7BF1F70AFE011E05D00722300052
:103980000FF00AFD0023F371002D31D03378002BA6
:103990002ED030000DF0CCFC0500042868D8444936
:1039A00003A80FF0D3FF061E2ED0424903A80FF044
:1039B000CDFF002865D1E8B2F8F73AFD04000520F4
:1039C000FAF702FC002C4DD0A32238003A49F0F758
:1039D00035F80520FAF7F8FB12E034492000F1F73A
:1039E000D5FD011E04D0072230000FF0D5FCF57183
:1039F000A32238003149F0F721F80520FAF7E4FB5B
:103A00000EB080BCB846F0BD07AB2D491870200041
:103A10009846F1F7BBFD011E05D0192240460FF074
:103A2000BBFC43465E7620002649F1F7AFFD002837
:103A300032D00A2200210FF011FBFF282AD8C2B28F
:103A40004146E8B2F8F7C6FC04000520FAF7BCFBD3
:103A5000B8E71D499B223800EFF7F0FF0520FAF781
:103A6000B3FBCDE7C12238001849EFF7E7FFB0E715
:103A7000992238001649EFF7E1FF0520FAF7A4FB79
:103A8000BEE79D2238001349EFF7D8FF0520FAF76B
:103A90009BFBB5E7FF20D2E720000F49F1F776FD49
:103AA0000028C6D10D49D5E768DF021070DF02108B
:103AB00074DF021098DF0210AC8A0310288D031007
:103AC0007CDF021084DF0210CC8D0310E889031024
:103AD0008C8C0310508B03108CDF0210F08B0310C2
:103AE00070B5050005200C00FAF76EFB002C35D0F0
:103AF0002000F1F77DFD0520FAF766FB2000214943
:103B0000F1F744FD00283BD00DF012FC040004281E
:103B100015D8F4F7C9F8002829D0E0B2FDF744F928
:103B200004000520FAF750FB002C11D1A522280033
:103B30001549EFF783FF0520FAF746FB07E0134925
:103B400099222800EFF77AFF0520FAF73DFB70BDB8
:103B5000A32228000E49EFF771FFECE79B22280013
:103B60000C49EFF76BFF0520FAF72EFBEFE7B122C8
:103B700028000949EFF762FF0520FAF725FBE6E781
:103B80000649DDE770DF0210148603101488031065
:103B9000BC8603104C89031060870310B0880310A3
:103BA000F0B5060087B005200C00FAF70DFB002CDD
:103BB00000D168E02000F1F71BFD0520FAF704FBB7
:103BC0001022002102A803F08BFA08220021684687
:103BD00003F086FA20003849F1F7D8FC6F46051E3D
:103BE00034D001000F2202A80FF0D6FB3349200089
:103BF0003D7AF1F7CBFC011E05D0072268460FF095
:103C0000CBFB0023FB71002D05D02D4902A80FF03E
:103C10009DFE002849D03B78002B25D038000DF0C0
:103C200087FB042838D8C0B2F8F724FC040005202C
:103C3000FAF7CAFA002C20D0A32230002149EFF76E
:103C4000FDFE0520FAF7C0FA07B0F0BD1B492000C1
:103C5000F1F79CFC011EDED0072268460FF09CFBAA
:103C60003B78FD71002BD9D1A32230001649EFF724
:103C7000E5FE0520FAF7A8FAE6E7A9223000134985
:103C8000EFF7DCFEDDE79B2230001149EFF7D6FEAF
:103C90000520FAF799FAD7E7992230000D49EFF796
:103CA000CDFE0520FAF790FACEE7F8F705FC040000
:103CB0000520FAF789FABDE768DF021070DF02100D
:103CC000A0DF02109483031038840310E8820310ED
:103CD00078850310DC8403100022114B70B500219D
:103CE0001A701048113203F0FBF90F4D2800F8F755
:103CF00067FA041E08D02B78002B0ED10B4A0C4912
:103D00000C48F4F7DDFD70BD01231F220A49681C31
:103D10002B700FF041FB2023EC54084AEFE7C0461C
:103D2000178602208C8202202C750220B0DF021040
:103D3000C4DF0210CCDF0210BCDF0210A8DF0210CB
:103D4000024B1878431E9841C0B270472C75022070
:103D5000F8B5304B05001B78002B1BD02E4C237878
:103D6000002B01D10020F8BD0BF0F2F82B4E336888
:103D7000C01A2B4B98420FD900232370F2E7200082
:103D80001022284908300FF0D3FA0028EAD10BF0AE
:103D9000DFF830600120E6E7280023490FF0E2FC5D
:103DA00000282AD0C41D200020490FF0DBFC051E8E
:103DB0002AD0AC42D6D21E4F2378202B03D03B2BE7
:103DC00001D0092B03D10134AC42F5D1CAE7072257
:103DD000390020000FF0ACFA002802D1E3793D2B26
:103DE000CDD0A54203D8BDE70134A542BAD023788F
:103DF0003B2BF9D1A542DFD8B4E728000D490FF0DD
:103E0000B1FC0028CED1ADE720000FF021FE25182F
:103E1000CFE7C0462C750220178602208882022038
:103E2000C02709008C820220E0DF0210B4DD0210FE
:103E3000F0DF0210E8DF0210F0B5CE46474680B54D
:103E4000050083B0002865D0334E30000FF000FE2F
:103E5000070028000FF0FCFD3B1A591E8B416946F4
:103E6000DBB20200CC1D38002370974250D80028E6
:103E700009D00023F15CEF5C227879400A430133DA
:103E800022709842F6D12378002B43D1234B02268F
:103E90009946180010239C4601210F25204F214AE6
:103EA000CC44D369D4695B000C4033402343D469CC
:103EB0005B000C402343D4695B000C402343D4696E
:103EC0005B000C402343D4695B000C402343D4695E
:103ED0005B000C402343D4695B000C4023432B4020
:103EE000FB5C037001308445DBD14A460023137428
:103EF0000D4B19700BF02CF80C4B0D4918600D4848
:103F0000F4F7DEFC484603B0C0BCB946B046F0BD8D
:103F10001000ACE70020F6E72D7502208C8202200D
:103F2000689903100000064017860220888202204C
:103F3000C4DF0210F8DF021030B50500C1B0080080
:103F40001049F1F723FB041E16D0F1F751FB2000B6
:103F5000FFF772FF031E0FD080210B4A490068460D
:103F600004F04AFD694682B22800EFF767FD05209C
:103F7000FAF72AF941B030BDB02228000349EFF723
:103F80005DFDF4E730E102102CE00210B49803105C
:103F9000002210B504000A4B00211A7009481132A2
:103FA00003F09EF808490948F4F78AFCC42208493E
:103FB0002000EFF743FD0520FAF706F910BDC046D3
:103FC000178602208C820220C4DF021018E0021043
:103FD000EC97031030B50500CBB00800FFF7B8FE32
:103FE000144B1B78002B1FD0134B00281FD01249F5
:103FF0000091124A602102A804F0FEFC04000300B4
:10400000C0210F4A1AA804F0F7FC1AA9932228002D
:10401000EFF714FDA2B202A92800EFF70FFD05206B
:10402000FAF7D2F84BB030BD064B0028DFD1054976
:10403000DEE7C0462C750220DCCD0210F8E002104D
:104040000CCD0210E4CD0210F0B5C64600B53D4ED1
:10405000070034788846100088B0002C04D0FFF7A1
:1040600077FE002864D0347820220021684603F0CF
:1040700037F840463449F1F789FA051E47D0F1F781
:10408000B7FA2B78312B3AD16B78002B37D14046D9
:104090002E49F1F77BFA0124051E47D02800F1F7DD
:1040A000A7FA1F22290068460FF076F96B461B78A5
:1040B000002B32D01F226946701C34700FF06CF94F
:1040C00020230022F254002C01D1214B1C7030001F
:1040D000F8F7B4F80A200AF0F5FE0520FAF774F8AC
:1040E0008A221C493800EFF7A9FC0520FAF76CF882
:1040F0001948F8F7CFF808B080BCB846F0BD2B7867
:104100001C006F3C6F2B0AD063425C41E4B2404616
:104110000E49F1F73BFA051EC0D13470D3E76B7836
:104120001C006E3C6E2BEFD1AC78EDE73470CEE71F
:10413000982238000949EFF781FC0520FAF744F886
:10414000D9E7C0462C7502201CE102102CE10210B8
:1041500017860220C496031088130000509703109E
:1041600010B50449044AEFF769FC0520FAF72CF86A
:1041700010BDC046988E03102A0800000FB480219D
:1041800000B5C3B044AB04CB490002A8019304F0CE
:1041900047FC002804DBFF2806D80748F7F782FE13
:1041A00043B008BC04B0184769460820FF2300222A
:1041B0000918CA54F1E7C046306F000010B504007A
:1041C00082B00B000092714622000248FFF7D6FF32
:1041D00030BFFDE73CE1021010B50C4C82B0002866
:1041E0000DD0002A0FD0002B0BD0094C00931300E8
:1041F0000A0001002000FFF7C1FF30BFFDE72000EB
:10420000EFE72300F1E72200EDE7C04674E102107A
:1042100078E102100FB400B57146C3B00948FFF74A
:10422000ADFF449B002B0AD0802145AB449A490046
:1042300002A8019304F0F4FB0348F7F733FE30BF04
:10424000FDE7C04698E10210316F000010B502484A
:10425000F7F728FE30BFFDE7326F0000094A830000
:104260009A1810B514684022544080322240064CFF
:10427000C000A44663441A60044B9C4660444160FD
:1042800010BDC04604C0014004D0014000400140C0
:10429000074B8000C3181B68C90092000A435A40AC
:1042A0000C231340034A9446604403607047C046A1
:1042B00004C0014004D001408000002905D0064B15
:1042C0009C464023604403607047044B9C46402357
:1042D00060440360F8E7C04604E0014004F0014098
:1042E0000123D0228340120693629361094A83001E
:1042F0009A1811684022514080320A400649C00095
:104300008C4663441A60054B9C4605236044436019
:104310007047C04604C0014004D001400040014045
:104320008023DB051868000F7047C0460FB400B546
:10433000084883B004F0A4FD049B002B07D005A916
:104340001800019104F08CFB034804F099FD012052
:1043500004F09EFBB4E102105897021010B501481A
:10436000FFF7E4FFC4E1021070B5EFF3108C72B6F2
:104370000D4D2B68002BFCD0BFF35F8F0724CB08BB
:10438000C618C05C01230C40A3401C00044003423B
:1043900007D118433070BFF35F8F2C608CF3108807
:1043A00070BD1000FFF736FF2C0100D0F8B547466E
:1043B000CE46884680B5EFF3108C72B61C4D2C6843
:1043C000002CFCD0BFF35F8F9A4222D80721012630
:1043D000894602E00132934218D34D46370015401A
:1043E000AF40D4080119045D2742F3D110003C43CB
:1043F0000C70BFF35F8F00220D4B1A608CF3108896
:1044000000280EDBC0BCB946B046F8BD01204042D2
:10441000EFE7BFF35F8F00232B608CF31088012040
:1044200040424346002BEDD00898FFF7F3FEC0460C
:104430002C0100D0044A1078431CDBB2172B00D9A2
:10444000102313707047C0466632002010B5064B2B
:10445000064C82B00100009318221F232000FFF7B2
:10446000A5FF02B010BDC046D4E10210244B0220CB
:104470000021044B044ABFF35F8F02C39342FAD179
:104480007047C046000100D0800100D0054B064AAD
:104490001360064A136053609360D36013615361E5
:1044A000936170478080808000E400E004E400E0D5
:1044B0001F2318401E3B8340002905D0C021044A19
:1044C0004900535013607047802201498B50FAE72E
:1044D00000E100E001228240034B1B6813405A1E9A
:1044E0009341D8B27047C04600E100E00123834009
:1044F000014A13607047C04600E200E0064B1030EE
:104500009B688000C358054A00209B1A2F229A42BC
:104510004041C0B27047C04600ED00E06832002064
:1045200070B50D00EFF3108672B60F4A1368002BBA
:10453000FCD0BFF35F8F0D4B10309B6884001B597C
:104540000B4A934203D09D4201D0FFF77FFE074BF9
:104550009B681D51BFF35F8FBFF35F8F0022024B3B
:104560001A6086F3108870BD240100D000ED00E0D1
:10457000C1010010F0B557464E46DE464546E0B54F
:1045800085B0060000911700EFF3108B72B66A4AEF
:104590001368002BFCD0BFF35F8F0025674B5D577E
:1045A0009A46002D00DAA9E06B00654C01935B1977
:1045B0009B009846A146C1444B4652469B79103613
:1045C0001370604BB6009B6899590B1B2F2B33D986
:1045D0005D4B994200D0ACE0019B42469C465B4B50
:1045E0006544AD0063535A4B0232A218043B9B1A38
:1045F0001B05584A5B0D651913436B80564B01210F
:10460000AB80FF23AB71009BEF71AB604B460B435C
:1046100019004C4B9B689951BFF35F8FBFF35F8FBD
:104620000022454B1A608BF3108805B0F0BCBB46E6
:10463000B246A946A046F0BD01200A008243D379C4
:104640008C46BB4231D84546130044491B1B5B4195
:104650005943090D3D4B63533D4B02356519043BEE
:104660005B1B1B053B4D5B0D2B43AA464D466B80E8
:104670000425AC465546E044131F44441B1B1B0550
:104680005B0D1D434B46997100999D809960494689
:10469000DF71334B01431360BBE75800C018800043
:1046A0002018C179B9422FD902000623D356002B16
:1046B000F3DA02932B4B61460393131D9A460423AE
:1046C0005B429C46E14450464B461B1A1B055B0D62
:1046D0009C46204B95719846634640460343938021
:1046E000019B5A199200039BA418A380029B1C4AA9
:1046F000A371009B2260E771A3608AE7FFF7A6FD24
:10470000002553465D574FE7908802934005131DDF
:104710009A46031561469C464046D444634604309D
:104720002018181AE0230005400D1B0218430390BF
:10473000C5E7FFF78BFD4FE7240100D0EF8502208E
:104740006832002000ED00E0C101001000A1FFFF71
:104750009832002000E0FFFF01BDFFFFAAAA000081
:104760000148804701BD000010B583080400032004
:104770002040FF24054AC0009446844081409B00AD
:1047800063441A68A2430A431A6010BD00E400E0C3
:1047900070B501240443EFF30581EFF3108C72B67A
:1047A000214A1368002BFCD0BFF35F8F1F4B05001D
:1047B0001F4AED1A6D416A43120D1E4D8900AE6805
:1047C00052B27658A6421CD00621595691421CD0AE
:1047D00012215956914222D01E215956914220D081
:1047E0002A2159560324914210D0134B19781A707C
:1047F0008171BFF35F8F00220B4B1A608CF310881E
:1048000070BDAB680D4C5C50EFE7002461000919E6
:1048100089005B18FF21997109499980E5E7012416
:10482000F4E70224F2E7C046240100D068320020F9
:10483000AAAA000000ED00E0EF850220C1010010EF
:1048400001BDFFFF10B5084B084C82B0010000937A
:10485000002205232000FFF7A9FD002801DB1F230C
:10486000181A02B010BDC046F0E102101E860220E8
:10487000024B9C466144890001607047400000344F
:1048800070B5114C114DAC420FD2FF262368002B9E
:104890000CD0FFF7CFFD01002000FFF7E9FFA68055
:1048A000BFF35F8F0834AC42F0D370BDFFF7C2FD99
:1048B00001002000FFF7DCFF2671BFF35F8F083493
:1048C000AC42E3D3F1E7C046003A0020083A0020AA
:1048D00010B50400FFF7AEFD01002000FFF7C8FF90
:1048E000FF232371BFF35F8F10BDC04610B50400D6
:1048F0000120FFF7ABFD034BC3189B002360BFF300
:104900005F8F10BD40000034034B9C46614489001A
:104910000160BFF35F8F7047400000340A4B196895
:10492000EFF3108072B60A68002AFCD0BFF35F8FE5
:104930001B68BFF35F8F00221A6080F3108840BFAE
:10494000002000217047C04610850220F0B5DE46E9
:1049500057464E464546E0B587B0EFF30583032240
:1049600001251A40954091008846A946B34B039211
:104970005C58B34B1D60B34B04934B46B248436342
:104980000823E55E002D37DAA3881BB2002B00DB7D
:10499000ADE0A379002B00D0EEE00823E05E002814
:1049A00020DB430062691B18DB00D3189E68DD68BA
:1049B000731C00D111E1A44801004144826A0B69D3
:1049C000B71A9B1A9F4215D30123026A03988340AA
:1049D0001A420FD09C4800F0CDFB8D4202DCCCD1B6
:1049E0008642CAD940BF07B0F0BCBB46B246A94612
:1049F000A046F0BD0E61EDE762696B0092465B195F
:104A0000DB009A4453469E68DF6800F0B3FB8F4298
:104A1000BADC00D103E1002F00DAE8E05246534649
:104A200052691B699346049A934200D1D9E05246D9
:104A30000821605E52880004594610439847009050
:104A400001910099019A0B001000134300D1CEE0B0
:104A500013000A00B61A9F41002806DB7A4800F0CE
:104A600089FB009E019F36184F4153469E60DF60D0
:104A700000229A5E002A00DA86E7530099186069DE
:104A8000C900411802938B68C9689B46B94200DD92
:104A90007AE702D1B34200D976E708239C46A444C2
:104AA000059565462281A446029B2C0006E0530032
:104AB0009918C90041188D68C968AB469B18DB007E
:104AC000C318B94206DC00D1B3E01C000023E25E4B
:104AD000002AECDA230064469C4653461A8063465B
:104AE000059D1D80A3881BB2002B00DA51E72269C7
:104AF000EFF3108172B61368002BFCD0BFF35F8F09
:104B00000123A7885B42A3803FB22369BFF35F8F75
:104B100000221A6081F31088002F00DA39E72300A1
:104B2000083322009A4666697B00DB19DB00F31824
:104B3000996850468C460824115FDD68002910DB17
:104B4000029306E0AB4244D00023E15E200000293E
:104B500006DB4C006418E4003419E368AB42F1DD75
:104B6000029B078000201F5E1980002FDCDA1400F2
:104B7000A379002B00D110E70023A371260008239E
:104B8000E15E08364B1C00D12CE70800A24665699F
:104B900002E03E004B1C1AD04B005B18DB00EF1804
:104BA0000A008C46E95E7B881BB2002BF1DA0123F8
:104BB0005B42DC17BB60FC60824205D0534631800B
:104BC0001B893B8053461A8160464B1CE4D15446F6
:104BD000E5E6A3686345B7D9C2E76B1C00D0EAE6F7
:104BE000F8E65B4658461B69984700281BD1534698
:104BF0001B8822692381EFF3108372B611680029A4
:104C0000FCD0BFF35F8F514662880A8022696580BD
:104C1000BFF35F8F0021116083F31088B4E68642F2
:104C200000D8F8E6B0E65B461A685B68009201932C
:104C300007E7B34500D848E74CE7C0467C7402203C
:104C40003C7005404D4901100040054070B52E4CA8
:104C50002569002D04D00A212C48FFF709FE70BDFC
:104C60002B4E0321300000F07BFAE660FFF7E2FBF9
:104C7000284B03229C46D02322701B061B6801216F
:104C80006370254B6044A3600F23800020610220E5
:104C9000638063694942A1801980023119864731D6
:104CA0001D83585218315A5275325C399952183254
:104CB0000131995218320131995218320131995209
:104CC000083518329D52023118329952183201318A
:104CD00099521832013199521832013199521832D1
:104CE000013199521832013199520C4B0C49DC6058
:104CF00001303562FFF714FC01210320FFF7D8FBD8
:104D0000084B1D60A7E7C046B03200201085022086
:104D10000040054040000034FFFF10007C7402207A
:104D20004D4901103860054000487047B0320020FE
:104D3000F8B51F0008AB1B7804001600002B08D143
:104D400000F020FA32003B00121A8B41002B00DAEF
:104D500052E02269EFF3108072B61368002BFCD08A
:104D6000BFF35F8F0223E15E63694A005218D200ED
:104D70009B182269002936DB1D886580BFF35F8F91
:104D80000025156080F31088069A9E60DF601A6126
:104D9000079A5A615A8801325204520C101C002A98
:104DA0001FD082B25880080410432669EFF31087A1
:104DB00072B63268002AFCD0BFF35F8FA2881A80D7
:104DC000A1802369BFF35F8F00221A6087F31088E8
:104DD0000A4923788C4601329A40E36863441A609A
:104DE000F8BD0120DDE7BFF35F8F0023136080F380
:104DF000108801204042F3E70020F1E73C2000004A
:104E000070B501000469EFF3108C72B620680028B9
:104E1000FCD0BFF35F8F02200D5E4C696800401923
:104E2000C00024180869002D36DB26884E80BFF3A9
:104E30005F8F002606608CF31088E3606388049817
:104E4000013320615B0405985B0CA26060611A1C51
:104E5000002B1FD093B22804628018430A69EFF335
:104E6000108C72B61368002BFCD0BFF35F8F8B8859
:104E700023808D800B69BFF35F8F00221A608CF353
:104E800010880B7801329A40CB6808498C466344FD
:104E90001A6070BD0122DDE7BFF35F8F002303605E
:104EA0008CF3108801204042F3E7C0463C2000000C
:104EB00010B543890A1493421ADD53009B184269C6
:104EC000DB00D3180469EFF3108C72B62268002A55
:104ED000FCD0BFF35F8F5A88090494B2090C8A4250
:104EE00008D00369BFF35F8F00221A608CF310882B
:104EF000002010BD8022120214435C80012302694D
:104F00008371BFF35F8F002111608CF31088044917
:104F100002788C469340C268012062441360E8E73F
:104F20003C20000040787047F0B5C64600B582B01E
:104F3000040000F027F9FA2206000F0020000023E9
:104F40000021920001F082FF8019794104000D1EBA
:104F500002DA01242E4D644206267642F7173619EE
:104F60006F41AF4214D811D000F00CF932003B0071
:104F7000121A8B41002B15DC002B46D02000290093
:104F800000F08CF902B080BCB846F0BDA642EBD967
:104F90000026002700F0F6F832003B00121A8B4181
:104FA000002BE9DD00F0EEF832003B00121A8B41D5
:104FB000002B0ADB00230193164B320000931648A6
:104FC0003B00FFF71DFF0130D8D000233900B04669
:104FD0009C46124A1248536A994204D8966A46453A
:104FE000CCD29942CAD10668EFF3108772B6336803
:104FF000002BFCD0BFF35F8F0368BFF35F8F664663
:105000001E6087F3108820BFE5E7002AB6D0C9E705
:10501000FFFFFF7F1D490110B03200200040054016
:1050200010850220F0B557464E46DE464546E0B5AF
:1050300006000F0085B0EFF3058399468B46002BE1
:1050400012D0384900204B6ABB4206D38A6ADB1B68
:10505000591E8B41B2424041184305B0F0BCBB46DB
:10506000B246A946A046F0BD2F4B9A46DB6898464B
:1050700053461B784046039300F07CF84246039B5E
:10508000040004339B009B580D001B1A39003000AC
:10509000001BA941894510DC0DD020BF214A00200A
:1050A000536A5B45D9D3926ADB1B591E8B41B242CE
:1050B00040411843D1E78342EFD900F063F8320052
:1050C0003B00121A8B41002B1ADB00230193174B74
:1050D0003200009350463B00FFF792FE011E0FDDA9
:1050E000104B5A6A5A451BD39B6AB34216D350469B
:1050F000FFF7DEFE0B4A0020536A5B45ADD3D2E7D3
:10510000084A0020536A5B45A7D30020926ADB1B44
:10511000B24240415A1E934118439EE75A45E6D198
:1051200020BFE4E700400540B03200201D490110D7
:10513000074943684A6A10B504680020934206D8BC
:10514000896A9B1A5A1E9341A1424041184310BDDF
:105150000040054002604360004870473151011033
:1051600010B5024A0248FFF7FFF810BD0CE202102A
:10517000284B02200300416A0A00986A596A8A4251
:10518000FAD17047034B596A0A00986A596A9142EA
:10519000FAD170470040054070B504000D00174A71
:1051A000536A1900966A536A8B42FAD1300019008B
:1051B00024184D41AB4216D813D0104B2A005B6A1D
:1051C0009D4203D90D494B6A9342FCD3934207D1C8
:1051D0000A4A02E0516A994202D1916AA142F9D386
:1051E00070BDA642E9D9054B5B6A1C005A1CEFD082
:1051F000012201246442E5175242E3E700400540E2
:10520000244B70B598420BD843011B1A224A9B00CD
:105210001818916AC000936A5B1A9842FBD870BD57
:10522000FA2200239200002101F010FE04000D007C
:10523000194A536A1900966A536A8B42FAD13000B0
:10524000190024184D41AB4218D9134B5B6A1C005E
:105250005A1C0AD0012301246442E5175B420E491F
:105260004A6A9A42FCD39A42D9D10B4A02E0516A67
:105270009942D4D1916AA142F9D3D0E7AB4205D08B
:10528000054A2B00526A9542E9D8ECE7A642F7D9C5
:10529000DBE7C0469BC4200000400540064A536A35
:1052A0009942FCD807D1044B02E05A6A914202D1DC
:1052B0009A6A9042F9D8704700400540F8B504005A
:1052C00006200D0000F054FA002844D0374B38492E
:1052D000E3185A1E93418022120494465B429B0DB0
:1052E000344A9B0563441360334A136018000A680C
:1052F0009043FBD12D4B314AE31859424B41802159
:105300005B0049000620995200F032FA2900C000E3
:1053100000F0AAFE0130C3091ED1402701226262BB
:10532000A362266BF30722D4E36A254B0620E51817
:1053300000232B60266300F01BFA3900800000F088
:1053400093FE7023E26A5A400E3313402B601D4BCC
:1053500023630323A364F8BD1B4A93421ED9002391
:105360001A4A1B4F6262A362266BF307DCD5194B06
:10537000144AE3181A60656AA36A0620AD01ED18A5
:1053800000F0F6F9144900F06FFEAD0201002800AC
:1053900000F06AFE0021FFF7FFFEC5E74006800E21
:1053A0009F011A003F180300B9E7C0460080FCBF08
:1053B00008C0004000E0004000F0004038850220B6
:1053C0002C10000001030000FEFF0000FFFF0000A2
:1053D000C0FF3F00303000004E0E00000539013A9A
:1053E000F8B5D2004C0105001443002B06D0013B58
:1053F0005A4253419B00234302241C432E6BF30764
:1054000008D46E23EA6A624013400E4AAA18136059
:105410002E63F8BD0C4B0D4AEB181A606F6AAB6A2D
:105420000620BF01FF1800F0A3F9094900F01CFE97
:10543000BF020100380000F017FE0021FFF7ACFEAC
:10544000DFE7C0462C1000003030000001030000F0
:105450004E0E0000F8B5454657464E46DE46E0B5CE
:105460001E000A9B050088461700B34200D986E05B
:105470001A00330E994633029B464946002358468C
:1054800000F030FE414B6C009C466419A400020001
:105490006444002939D0636800234E469A462B1F86
:1054A000DBB29946012B45D9C02380229B01E3182A
:1054B00012011A60364BAD0059599B46002907D09E
:1054C000586900F0D1FD013043001B18033BFDD2A9
:1054D0007B01E027226853401F4080234A465B013E
:1054E000E3181F60012A3DD9802380229B01E31825
:1054F00012011A60534663605B4601205E51F0BCA6
:10550000BB46B246A946A046F8BD802382469B0012
:10551000984236D300235846494600F0E3FD060082
:1055200063689A45BBD9534663602B1FDBB299462B
:10553000012BB9D84346012BB6D1C02303229B01CE
:10554000E3181A60023AA3681A42FCD07B01E027F4
:105550002268AD0053401F4080230D4A5B019346F3
:10556000E3181F6042462168514003220A401A6036
:10557000012243469A40A3681A42FCD0B4E70020B7
:10558000BDE780235B009A46CAE7C0460080004022
:105590002C4B0220F8B5DE464E4657464546E0B550
:1055A0008B4605000A991800160000F05DFD0A9B65
:1055B0006C001F02324B64199C46A400644463686B
:1055C00081469F4200D967602B1FDBB29846012BB2
:1055D00030D9C02380229B01E31812011A60294BA5
:1055E000AD0059599A4600291BD17301E026226863
:1055F00053401E40802342465B01E3181E60012A8F
:1056000030D9802380229B01E31812011A6053468F
:105610004A4667605A51F0BCBB46B246A946A0460E
:10562000F8BD586900F020FD013043001B18033B12
:10563000FDD2DAE75B46012BCBD1C02303229B01CD
:10564000E3181A60023AA3681A42FCD07301E026FC
:105650002268AD0053401E4080230A4A5B019246F7
:10566000E3181E605A462168514003220A401A601E
:1056700001225B469A40A3681A42FCD0C1E7C046AB
:10568000008000402C4B0220F0B546464F46D646DF
:10569000C0B51F00344B44009C462418A400644449
:1056A000636888461600FF2B02D880235B00636086
:1056B000031FDBB29A46012B30D9C02380229B0105
:1056C000E31812011A60294B85005959994600299F
:1056D0001BD17301E026226853401E4080235246AE
:1056E0005B01E3181E60012A30D9802380229B01D0
:1056F000E31812011A6080235B0063604B465F5120
:10570000E0BCBA46B146A846F0BD586900F0ACFC12
:10571000013043001B18033BFDD2DAE74346012B5F
:10572000CBD1C02303229B01E3181A60023AA3687D
:105730001A42FCD07301E0262268850053401E40C7
:1057400080230A4A5B019146E3181E6042462168A5
:10575000514003220A401A60012342469340A26846
:105760001342FCD0C1E7C046008000402C4B022011
:10577000014B8000C05870472C4B0220F0B54746C3
:10578000CE4680B55B4B16005A680700884683B04A
:10579000FF2A02D8802252005A600322564B554DF0
:1057A0001A600123AC682342FCD0202229685140B2
:1057B000C0320A4051490A602A684E4D5A400323BC
:1057C00013400B600223AC682342FCD080224C4B78
:1057D00012011A6080235B006B604A4C99464A4B69
:1057E0003A006361012143464848009600F0D8F929
:1057F00041463800714300F037FC454B05005A68BC
:10580000FF2A01D84A465A608022424B12011A6090
:105810002169002907D0606900F026FC01304300AF
:105820001B18033BFDD2E023394A3B4811680B406B
:10583000036002231168594001330B4004210360C7
:1058400093681942FCD08021344B090119608021F2
:10585000334B490051602361264B5A68FF2A00D818
:10586000596003220121244B1A60224A936819428D
:10587000FCD0E02310680340204803601268032333
:105880004A40022113401B4A036093681942FCD02E
:1058900080211B4B090119608021224B4900516076
:1058A00065615A68FF2A00D8596080221E4B120198
:1058B0001A60A169002907D0606900F0D5FB0130AA
:1058C00043001B18033BFDD2402316490A685A4087
:1058D000A0331340154A13608022154B12011A6041
:1058E00080235B004B60084BA36103B0C0BCB9468A
:1058F000B046F0BD3C8000403CB000403C900040D1
:105900003CA000402C4B0220006CDC0200800240D6
:105910003080004030B000403090004030A0004067
:10592000001BB7004880004048B00040489000404D
:1059300048A00040F0B54E46DE4657464546E0B525
:105940001600924A85B09346A022520091465A46CC
:1059500003969B46060001920291019B8C4A93425A
:105960000DD901235B429C468A4AE1449446019B3F
:10597000634401934B460F2BEFD100208EE01F00B4
:10598000854B07249C466744230063433800190075
:10599000984600F069FBA246651E864250D06C43D3
:1059A0003800210000F060FB864259D06B1E9846FB
:1059B000012D00D1D3E05346E41A2100380000F055
:1059C00053FB864258D0AB1E9846022D00D1B9E059
:1059D0005346E41A2100380000F046FB864264D0AA
:1059E000EB1E9846032D66D05346E41A210038007A
:1059F00000F03AFB864200D172E02B1F9846042D3E
:105A000000D174E05346E41A2100380000F02CFB6A
:105A1000864200D17DE0052D00D17FE0534638005D
:105A2000E11A00F021FB06248642ADD10029ABD15A
:105A3000C8465B46D14601250298039E26E0A8464B
:105A40004146380000F010FB002900D197E0651EA8
:105A5000A2466C433800210000F006FB8642A5D127
:105A60002100380000F000FB00299FD1C8465B46AA
:105A7000D1460298039E09E00029A4D15246C246AD
:105A80005B46C846554691460298039E42464349A6
:105A900051434A460160012032601D6005B0F0BCF0
:105AA000BB46B246A946A046F0BD0029E6D0EB1E93
:105AB0009846032D98D1092138000324092500F0C8
:105AC000D3FA8642BBD00323062138009A4603341A
:105AD000073D00F0C9FA8642C2D0012398466AE722
:105AE0000029CBD02B1F9846042D00D08AE7042430
:105AF0000C353B099E42A2D004230C2138009A4663
:105B000008340D3D00F0B0FA8642A9D00223984631
:105B100051E70029B2D0052D00D07FE719213800C8
:105B2000192500F0A1FA864226D01421380000F091
:105B30009BFA052314249A4686421BD0023B9846C2
:105B4000153D38E7042302249846BB089E4200D145
:105B500076E7A246013D7B089E4200D180E7B7422E
:105B600000D0FEE60122C8465B4691460125029818
:105B7000039E8BE7042573E7A846052460E7C84623
:105B80005B46A14625000298039E7FE750262F0022
:105B900050F80C0020D1FFFFB0710B00001BB700C4
:105BA000F8B5040021481E0017000D0000F05CFA53
:105BB0000100380000F058FA069B36041B031E4310
:105BC0002368002B20DB1A4B1A49E3185A1E934115
:105BD0008022920194465B421B0B174A1B036344CD
:105BE0001360164A13601F000A689743FBD1144BD9
:105BF0002560E2182123A06013602368002BFCDAE3
:105C00000823E6601360F8BD3F2322681340AB42CF
:105C1000D9D1A3681B051B0D8342D4D1EE22E368C2
:105C2000D2021340B342CED1EDE7C046001BB7000D
:105C30000040FDBF08C0004000E0004000F0004010
:105C400004300000024B1A68024B5A607047C0468D
:105C50002054022000800540194B1A4A10B5DA6121
:105C60008022194BD2051A60184C194A1460002979
:105C70000AD0E022174BD2041A60002809D18022F2
:105C8000144B12061A6010BDE022D2041A600028DC
:105C9000F5D043011B1A9B001818802300015B04F8
:105CA000984209D203000C4A13608022044BD205AB
:105CB0005860084B1A60E6E7084B1800F3E7C04647
:105CC000008005402131B76A00B00540FCFF0100AB
:105CD0000820014000A0054020540220FFFFFF00E3
:105CE000024B9868431E9841C0B27047008005403F
:105CF0008023024A9B000B43D3627047008005401B
:105D0000002310B50100988A1B8B984710BDC04630
:105D1000162310B50100188802331B88984710BD60
:105D2000F8B54746CE4680B50F1E18D014239946C5
:105D3000043304000025012698464B461888434644
:105D400021681B88984701C4431E984101350640CD
:105D5000AF42F2D13000C0BCB946B046F8BD012612
:105D6000F8E7C046002370B504000D00988A034987
:105D70001B8B9847290003002000984755420000DC
:105D8000002370B504000D00988A05491B8B9847C5
:105D900003000020002C01DB0130A04029009847BF
:105DA00055420000AA23064A1B0113608D235B00A5
:105DB000D3600449044B19605368002BFCDA704728
:105DC0000040024000B0FA00006002407047C04648
:105DD00070B5074D074EB54209D20024013E761B2F
:105DE000B60808CD984723000134B342F9D170BDFD
:105DF000607502109C750210054B064A06491A6030
:105E0000064A074B1A6010000B689843FBD1704795
:105E100000E00040BFCDFBFE08C00040FE7F3C001C
:105E200000F00040044BDB6C002B03D18022034BBD
:105E3000D2021A607047C046000011504C20115029
:105E4000044A054B1A60054A1368DB018033FBD115
:105E50007047C046FFFFFF0100F0004008C000404F
:105E60004022034B9A675A671A67DA667047C04642
:105E700000F0014010B5FEF7FBFA10BDF8B5274958
:105E8000274C284D641AA6103200302E00D930223B
:105E90002800920001F02AF9BC2C3BD830202F2397
:105EA0002C196407204A801BE40F9B1B052B16D975
:105EB0003700002C02D0B300771CEA50001B3319C6
:105EC0009B004108EB18C900C9181A605A600833D2
:105ED0009942FAD1012303421CD09843C619B3005A
:105EE000EA50731C2F2E15D09B00EA50B31C2E2EA7
:105EF00010D09B00EA50F31C2D2E0BD09B00EA50D3
:105F0000331D2C2E06D09B00EA50731D2B2E01D082
:105F10009B00EA50054B9D60F8BDC0460001001093
:105F2000C001001000000020C101001000ED00E0E1
:105F3000002310B5294C82B0A367FFF733FF01227D
:105F4000274B1A60636C012BFCD10322254B1A608E
:105F5000224A936B012BFCD1013300930121224A89
:105F600022480433FFF71CFE052301210093204A39
:105F70002048FFF715FE0022022104201E4BFFF7E8
:105F800083FB0022012105201C4BFFF77DFB002233
:105F9000002107201A4BFFF777FB00220021082081
:105FA000174BFFF771FB8023DB00009300220021D9
:105FB0000920134BFFF7EEFA0022104B00210620B8
:105FC000FFF762FB0420FFF7D3FB0E4900F04CF80B
:105FD00001000020FFF78CFE02B010BD00800040E1
:105FE0003CB0004030B00040002F685900800240B3
:105FF000008C864700C00240001BB7004059730761
:10600000006CDC0240420F0001480421014B18479C
:10601000D0320020215D0110124A936F9B0815D2E7
:106020009066D166002905D0FFE7FFE7FFE7516FD3
:10603000106F704704B580210906C217514000282F
:1060400000D0C84311F03CFA002104BDF0B5146E35
:10605000556E576F166FFFF7E3FF14665566576767
:106060001667F0BD000000D0114A936F9B0813D251
:1060700010665166002905D0FFE7FFE7FFE7516F83
:10608000106F704704B5002801D00020C04311F004
:1060900017FA002104BDC046F0B5146E556E576F57
:1060A000166FFFF7E5FF1466556657671667F0BD74
:1060B000000000D094464A4A926F9208624601D28C
:1060C00028E0C046F0B5464E346E756E776F366F79
:1060D00000F020F89446424A1466556657671667E2
:1060E0006246F0BD94463E4A926F9208624601D2E3
:1060F00054E0C046F0B53A4E346E756E776F366F29
:1061000000F04CF89446364A146655665767166791
:106110006246F0BD002B24DB11D000293EDA00B529
:10612000C943404200D1013100F038F8C943404230
:1061300000D10131DB43524200D1013300BD002ABE
:10614000EBD1002801D1002905D00020C90FC907D3
:1061500001D1C043410800B511F0AAF90022002383
:1061600000BD00B500290ADBDB43524200D10133F8
:1061700000F014F8C943404200D1013100BDC943C9
:10618000404200D10131DB43524200D1013300F0E3
:1061900005F8DB43524200D1013300BD002923D171
:1061A000002B18D1002A0CD0BC460D4F38667A66F9
:1061B00000210023FFE7FFE7FFE77A6F386F6746AC
:1061C0007047002801D00748010000B511F070F9B0
:1061D0000022002300BD02000B00002000217047B8
:1061E000000000D0FFFFFFFF002B00D0BFE0130C2A
:1061F00028D1002AE7D080B4114F39667A66FFE7CC
:10620000FFE730B4040C7B6F396F1B0423433B66FC
:106210007A66FFE7FFE7FFE7C04684B27B6F3D6F1A
:106220001B0423433B667A66FFE7FFE7C046002373
:106230002C042D0C7A6F386F00196941B0BC70477F
:10624000000000D0F0B594460025140E01D11202D2
:106250000835140F01D112010435940F01D19200B9
:106260000235D40F01D152000135D40B0134254F32
:106270007C66254C3C660E0C93B2FFE7FFE7FFE718
:106280003C6F6643360C7703BE467343DF0B5B04FB
:10629000C01AB941130C7343DB18C91ACE08664300
:1062A000360CB64493B273431F0F1B01C01AB94199
:1062B000130C73431F0B1B05C01AB941860D8F02C7
:1062C0003E436643360C092D24DB520A7243801A82
:1062D0007703460A6643360C16235B1BDE40DF401D
:1062E000BF1964466643821B7046043506330100BD
:1062F000D940A840C01900D30131A24206D20023E0
:10630000F0BD0000000000D0FFFFFFFF121B0130B6
:10631000F3D3F1E709277F1BFE406446A2B2724324
:10632000801A00D20139220C7243130C1204821A13
:1063300099410B007046043513370100F940A8401D
:10634000801900D30131002B02D1A2420AD2F0BD44
:10635000013000D30131121BFAD2013BF8D1A24225
:1063600000D2F0BD013000D30131121BF7E7F0B5C8
:106370001C0C00D080E00CB400251C0A04D11B02C8
:10638000160E3343120208351C0B04D11B01160FE5
:106390003343120104359C0B04D19B00960F334309
:1063A00092000235DC0B02D192185B4101351C00D2
:1063B000971864410134464F7C66464C3C660E0C8F
:1063C000FFE7FFE7FFE7C0463C6F6643360C770305
:1063D000BE4697B27743C01B00D20139C01B00D222
:1063E00001399FB27743C91BC91B170C77437E0441
:1063F000FF0B801BB941CE086643360C0C2D33DBF6
:10640000B644120B1F053A431B0B97B27743C01BD0
:1064100000D201399FB27743C91B170C77433E0462
:106420003F0C801BB941860D8F023E4366432927EE
:106430007F1BFE400C3D7746AF40BF1930BCA2B277
:10644000ABB272437343801A9941220C7243130C0E
:106450001204801A994102000B000137001BA94168
:10646000F9D2781E0021F0BD0C277F1BFE40774635
:106470007F0BAF40FF19E0E700245D1C07D0144FED
:106480007D663966FFE7FFE7FFE7FFE73C6F95B200
:106490009EB265436643401BB141150C1E0C65431B
:1064A000664336042F0C3E432D04401BB1419942F4
:1064B00004D202000B0020000021F0BD01D1904267
:1064C000F7D3801A994101349942F2D3F6E70000DC
:1064D000000000D0FFFFFFFF48404140484018B493
:1064E0001B4B5B68FC46019308BD04DF1B68011071
:1064F00018B4174B1B68FC46019308BD00DF2568E4
:1065000001109446134A926F920809D2624618B459
:106510000F4BDB68FC46019308BD0CDFDD6A011000
:106520000C4AF0B5146E556E576F166F6246FFF742
:10653000EEFF084A1466556657671667F0BD18B433
:10654000034B9B68FC46019308BD08DF816901107D
:10655000583C0020000000D0FFB550404240504061
:1065600059404B40594000E0FFB5154F4C00640DB9
:1065700003D0BC4204D10C0314D80020090D090536
:106580005C00640D03D0BC4204D11C030AD8002275
:106590001B0D1B0501264B4009D44B4003D58B42F4
:1065A00000D18242FFBD9942FCD19042FFBD0B4316
:1065B000DB1803431343F5D0C9434918FFBD00005E
:1065C000FF07000000B5FFF7CFFF01D0002000BD9E
:1065D000012000BD00B5FFF7C7FF804100BDC046E8
:1065E00000B5FFF7C1FF01D9002000BD012000BDAB
:1065F00000B5FFF7B1FF01D9002000BD012000BDAB
:1066000000B5FFF7A9FF804100BD012040054A0009
:10661000121804D85A00121801D80020704701201F
:10662000704700000021002805D17047C11748407D
:10663000401AFAD0C90713B5064B1B6898470CBC23
:10664000441CA2401005120B0349091B09051943FC
:10665000114310BD0C8502201F04000010B54C0032
:10666000620D8023D218DB00D21A5B057E2A10DD72
:106670009E3A13DACC170903490819435242D14014
:10668000640001341532202A05DAD0400843604303
:1066900010BD002010BD0846604310BDC80FC018D3
:1066A000013810BD18B4044B5B6AFC46019308BD69
:1066B00024DF8D6C01100000583C002018B4044BFE
:1066C000DB6DFC46019308BD5CDF996D0110000095
:1066D000583C0020C94211D300B5490049080022A6
:1066E00000F018F8002904D4002240428A411146E3
:1066F00000BD80210906002000BD000018B4044B35
:10670000DB6EFC46019308BD6CDF9B6C0110000042
:10671000583C002018B4044B9B6FFC46019308BD05
:1067200078DFB76C01100000583C002018B4044B0F
:10673000DB6FFC46019308BD7CDF256D0110000076
:10674000583C0020132370B51D78012D19D014DD9D
:106750001F48FFF7DDFA06001E48FFF7D9FA1E4C66
:1067600080223100200000F0C1FC022D2DD01B48FA
:10677000FFF7C6FA1A4B186070BD1A4B164CA3648B
:10678000F5E7184B144C23606360A360E36023615A
:106790006361A361E36123626362A362E3622363D3
:1067A0006363A363E36323646364A364E3642365B3
:1067B0006365A365E36523666366A366E366236793
:1067C0006367A367E367A364D1E7064BA364CEE7DF
:1067D0005344000053460000583C00204C33000056
:1067E0000C850220E967011007B5604601880A0A96
:1067F0000230DF2AFAD1C9B2820804D30288408865
:106800000004104300E00068014A5050039007BDA7
:10681000583C00200FB403BC0CBCF0B50124E407C5
:10682000634000E0F0B50C0DCF0F661E3605891BE6
:10683000640503D3C943404200D30131640D03D042
:10684000661CF60A07D0E41B00207F00791C89072C
:106850008912803C24031D0DDF0F6E1E36059B1B25
:106860006D0503D3DB43524200D301336D0D03D0DA
:106870006E1CF60A07D0ED1B00227F007B1C9B07D5
:106880009B12803D2D032F1B661B58D4A446202E3F
:1068900046DA20371400BC401D00BD40F2403341B1
:1068A0002A4380185941CB0F05D0C943C043002269
:1068B00064425041514162464D0D28D10D0D07D122
:1068C00000281FD0241940414941013A0D0DF9D04B
:1068D000640006D3013000D30131002C01D14008FF
:1068E0004000013A0BD4941CE40A04D1120511446F
:1068F000DB071944F0BDD907204B194300E0D90745
:106900000020F0BD0029DDD1002CDBD1F0BD01322B
:10691000C6074008CD0728434908002EE1D0D9E733
:106920003C2E29DA203E40371400BC4000D0012420
:10693000F24014431A00BB401C43D317ACE7AC46EB
:10694000202F08DA20360400B4400D00B540F8408E
:1069500039412843A5E73C2F0CDA203F403604009C
:10696000B44000D00124F84004430800B1400C4377
:10697000C117EAE710001900002494E70000F07F37
:10698000F0B50C0D661E3605891BE60A6405640D1C
:1069900002D0651CED0A04D0002001210905803CCD
:1069A0002403A4461C0D671E3F05DB1BE70A640594
:1069B000640D02D0651CED0A04D0002201231B05E2
:1069C000803C24037740644497B484B296B2744305
:1069D000070C7E43150C6F4380B26843361802D310
:1069E000012000043F183004350C00197D41844615
:1069F00088B29AB250430C0C62431F0C7C438EB297
:106A00007E43921902D301263604A4191604170CEA
:106A10003618674101BC81B29AB25143040C6243FB
:106A20001B0C5C4380B25843121802D301200004AF
:106A300024181004130C401863412D185E410020E7
:106A4000474106BC88B293B258430C0C6343120C06
:106A5000544389B251435B1802D3012109046418DD
:106A600019041A0C091862416D185641002047415B
:106A700018BCF902720D1143F0026A0D1043ED02C9
:106A80000A0D03D16D1940414941013B124E9B1B38
:106A90007600B3420ED26D0007D30130002671415B
:106AA0006646354301D1400840001B05C918E4077C
:106AB0002144F0BD0BDA013306D1013004D101319C
:106AC0004F0D01D04908F2E7E1070020F0BD013683
:106AD00031050020EBE70000FF030000F0B51C0DBE
:106AE000671E3F05DB1BE70A6405640D02D0661CC8
:106AF000F60A04D0002201231B05803C2403D02584
:106B00002D060026F6432E661E096E66CE0FF61978
:106B1000B44649004F0D02D07E1CF60A03D0002077
:106B20000021403F3F033E1BB600B444013F7F05B8
:106B3000C91B49082E6F013676089C02950D254326
:106B40007543ED137543AD1301356D10F603761BD8
:106B50000CB4CC02450D2C43A2B2B3B25A43270C5D
:106B60007B43350C6F43A4B26C431B1902D3012441
:106B700024043F191C041D0CA4187D4124196D41E7
:106B8000009A91B2ACB26143170C7C432B0C5F436B
:106B900092B25A43A41802D301221204BF1822044D
:106BA000230C52187B41019C6C431B19520ED901D6
:106BB0000A434401A01A81B2B2B2514303145A43AA
:106BC000360C734387B27743D617D21900277E411C
:106BD00036049B191704160C7F185E417316ED18C6
:106BE000F301002680337541A90F06D16400690ABC
:106BF000E8055B0A184309D22FE00422944480334D
:106C00007541A90AA8059B0A184326D3404149416A
:106C10002404009A019B0D005543641B4343E41A6E
:106C200095B286B27543170C7E43030C5F4392B254
:106C30005A43B61802D301221204BF183204330C8F
:106C400052197B4152429C41002C02D40022013057
:106C500051414008CA071043490802B06246D707AD
:106C60009210084BD218084B9A4203D21205891889
:106C7000C919F0BD0020002A01DC3900F0BD013344
:106C80001905F5E7FD030000FE070000002200B52E
:106C9000203200F010F8080000BD002200B500F01E
:106CA0000CF8CA179A4200D100BDD8430121C90788
:106CB000414000BD00220B150AD410B5944600F0E7
:106CC000A7F81414013400DA0021CB17144C204724
:106CD0000020002170476244343A0CD40C2A07DAB1
:106CE00004009140904052422032D440214310BDD4
:106CF000D843D94310BD203207D40C4694405242A9
:106D000020321141D040204310BD0800C917203265
:106D100003D452422032104110BD1800190010BD9A
:106D2000D76C01104A00520D144BD21A13DDFF2A02
:106D30001EDAD205CB0FDB071A43C300400F09034D
:106D4000490A084310435B0001D301D0013070476A
:106D50004308FBD2704702D0C80FC00770470A0330
:106D600012130132F8D1420F072AF5D1012200E0B7
:106D7000FF22C80F00028018C00570478003000082
:106D800000210A00002104E000210A00C11704E0EC
:106D90000022002306E0C0460022CB17584059408D
:106DA000C01A994130B5184CA21A002903D101002C
:106DB00010D00020203A4C1512D104D2013A00180C
:106DC00049414C0DFAD3114CA24204D21205891844
:106DD000DB07C91830BDD243520D00200021F5E772
:106DE00003D4013A00184941FBD50B324405C00ACF
:106DF0004D052843C90A640003D000246041614165
:106E0000E1E7E0D34408F8E732040000FE070000A1
:106E10000A0DCC0F531E1B05C91A520503D3C943D3
:106E2000404200D30131520D03D0531CDB0A07D07E
:106E3000121B00206400611C89078912803A12032A
:106E4000014BD21A70470000FF0300005143434337
:106E5000C9188C46110C83B24B4310B4040C614327
:106E600092B280B2504362431C041B0C001910BC48
:106E700059411304120CC01851416144704700007D
:106E80004840414048400E4B5B6818470C4B1B681C
:106E900018470C4A936F9B0802D2094BDB681847CE
:106EA000F0B5146E556E576F166FFFF7F6FF054A73
:106EB0001466556657671667F0BD014B9B68184707
:106EC000583D0020000000D007B5484041404840F0
:106ED00001E0C04607B54200120E03D0FF2A03D1DD
:106EE000420218D8C00DC0054A00120E03D0FF2A76
:106EF00003D14A020FD8C90DC9050122414005D46A
:106F0000414001D5814207BD884207BD0143491870
:106F100001D0C043001807BD00B5FFF7DBFF01D06B
:106F2000002000BD012000BD00B5FFF7D3FF804168
:106F300000BDC04600B5FFF7CDFF01D9002000BD60
:106F4000012000BD00B5FFF7BFFF01D9002000BD43
:106F5000012000BD00B5FFF7B7FF804100BD491A11
:106F6000002807D108467047C10FC90700D5404225
:106F7000002817D0F44603B40B4B1B68984706BC97
:106F800081409E384042803107D20B0607D049002D
:106F9000490AC0051043084360470130F8E7490A31
:106FA0008902F5E7704700000C850220034BDB6F78
:106FB000FC4618477CDF517001100000583D00204E
:106FC000132310B512481C78FEF7A2FE0100012C15
:106FD0000AD003DD80220F4800F088F80E48FEF743
:106FE0008FFE0E4B186010BD0A4C5422200000F09A
:106FF0007DF80B4B6365A365E36523666366A36653
:10700000E36623676367A367E3672362E361E5E7FA
:1070100053460000583D00204C3300000C850220F0
:107020002570011007B5604601880A0A0230DF2A80
:10703000FAD1C9B2820804D3028840880004104300
:1070400000E00068014A5050039007BD583D002001
:10705000C30FDB0741000A0E07D0FF2A08D0090939
:10706000054A8918194340077047190000207047E6
:107070000249C918FAE70000000000380000F07F5C
:1070800010B504000AF0AEF9002804D0034B04192F
:107090009C4200D810BD0248FDF7BCF80000042057
:1070A00030E2021010B50C000AF0A6FC002804D053
:1070B000034B04199C4200D810BD0248FDF7AAF802
:1070C0000000042030E2021010B50AF095F910BD5E
:1070D00001480421014B1847E0320020215D0110D6
:1070E000014B1B6818470000E0320020014B5B6831
:1070F00018470000E03200200300EFF3108C72B656
:10710000074A10680028FCD0BFF35F8F1868411849
:107110001960BFF35F8F002313608CF310887047F2
:10712000340100D09A4200D2885470477047C0465C
:10713000F8B55746DE464E464546E0B599460A9BA9
:1071400007009A460D9B884693460B9C9B073BD1B4
:107150000C9B9C423DD21E1B0B9415000C005E4400
:107160002A004B46013521002020B847B542F7D10F
:10717000A0460B9C002C20D0454636195346321BA6
:10718000013C185D29004B46B847002CF6D12B0076
:10719000350098460D9B9B070FD55B46EC1A0C9B60
:1071A000A3420AD9464698462A004B463100202081
:1071B0000134B84701354445F6D32800F0BCBB463E
:1071C000B246A946A046F8BD16001500002CD3D142
:1071D000E0E716001500002CCED1EEE7F0B54546ED
:1071E000DE4657464E46E0B585B09C4610AB1B7850
:1071F000149F934698460F9C129E139DBB074CD438
:10720000002D42D1B44248D201233B4099460E9B07
:10721000013B9A46302304E0524601341355A642FE
:1072200001D9202CF8D14B46002B00D183E00E9BD6
:10723000013B99463023A54205D82EE04A46013449
:107240001355AC4229D0202CF8D1FB060CD57B0578
:1072500054D4A64263D0A54261D0119B102B50D0CC
:10726000022B57D0202C32D1202301930E9B5A465B
:107270000093039763460295FFF75AFF05B0F0BCF1
:10728000BB46B246A946A046F0BD01233B40994605
:1072900001233B422AD1B442B9D3FB061CD57B055E
:1072A000DBD4002CD5D1119B102B5BD0119B022B72
:1072B0006BD0302301240E9A13704346002B10D15B
:1072C0007B073ED52B260E9A631C1655CDE723006F
:1072D000013430260E9AD654202CC5D04346002BBC
:1072E000EED02D260E9A631C1655BEE74346002BA2
:1072F0002FD0013DB44200D289E798E7119B102BB3
:10730000B2D1BB0637D5202CAED058230E9A1355D8
:107310000134A7E7202CA7D02300013407E0631E27
:10732000012CC0D0119A102A31D0022AD1D1622664
:107330000E9AD65496E7FB06CED57B0500D488E797
:107340008BE723003E0790D520260E9A0133165571
:107350008BE70C233B405A1E9341ED1AB44200D2F6
:1073600055E764E7BB060ED478230E9A0224137007
:1073700030235370A1E7202C00D175E778230E9AB3
:10738000135501346EE75823EFE76033EDE70E9AAB
:10739000A61E91464E44BA0602D55822327098E78E
:1073A0007822327095E7C04610B5002800D110BD94
:1073B00001F01CFDFBE7C0460B0010B5002802D011
:1073C00049681B68984710BDF0B55746DE464E46E3
:1073D0004546E0B595B083460F00924698461E9A02
:1073E0001F9B10001900209EFFF70FF9002800D006
:1073F000EAE11E981F990122C54B5242FFF7EAF8B5
:10740000002800D014E11E981F990122C14B52425E
:10741000FFF7F6F8002800D0E9E01E981F99002237
:10742000BD4BFFF7EDF8002800D0C8E01E981F996B
:107430000022BA4BFFF7CEF8002800D0BFE01E981C
:107440001F9900220023FFF7C5F8002800D0E4E0D0
:1074500000230B93229B5B0500D4062600243023D7
:1074600007E0172106AA013452181355013E202CBB
:1074700001D0092EF5D81E981F99FFF7EFF8A84BF9
:10748000F2009B181A685B68050008920993FFF7E1
:10749000CDF802000B001E981F99FFF720F8089AFC
:1074A000099BFFF74CF806900791FFF7FBF8814620
:1074B000FFF7B8F802000B0006980799FFF70FF8DE
:1074C0000022984B06900791FFF79AF8002800D108
:1074D0000DE101239C46E1444846FFF7A3F8020072
:1074E0000B0008980999FFF77BF8002802D00023C9
:1074F00099460135002E00D1D9E006954D46B94692
:1075000014E006AA944617230A2163442800013494
:107510001F19FEF7A9FD3031397028000A21013EFC
:10752000FEF7A2FD092D00D817E10500202CE8D1B7
:107530004F46069D20240CAE06AA172394466344AA
:1075400099465B46B34606930FE04B4628000A2156
:107550000134E618FEF760FD3031280031700A2151
:10756000FEF75AFD051E00D1E4E0202CEDD1069B6C
:107570005E469B460323229A1340012B18D1219B80
:10758000002B15D00B9B002B00D1FDE0219B013B74
:107590002193202B0CD93023219A07E0172006A92C
:1075A000013409180B55944200D3CCE0202CF5D1BE
:1075B000229B01940393219B0096029322E0229B3D
:1075C00052460493219B3900039358461E9B1F9CEF
:1075D000029600930194434600F04AF9040020000B
:1075E00015B0F0BCBB46B246A946A046F0BD229BF2
:1075F0005B070FD403224C4B2299019203912199EE
:10760000009302914346524639005846FFF790FDD9
:107610000400E4E70422454BEEE71E9A1F9B00207E
:107620000021FEF75CFF01231E901F910B9311E7D1
:10763000229B54469B0711D1219B042B0ED9219BE1
:1076400055469C465E46043C64442A004346013548
:1076500039002020B047A542F7D1B346344D26006B
:107660002B1F99465B46A3461C003200E878434630
:107670003900013DA04701364D45F6D123005C4657
:107680009B46229B04349B07A9D55346219AE31AB3
:107690009A42A4D95E4615002200434639002020B4
:1076A000B04753460134E31A9D42F5D897E72800C6
:1076B000FEF7BCFF02000B001E981F99FEF70FFF9C
:1076C0000022184B06900791FEF784FF0CAE0028AD
:1076D00000D031E7069807990022124BFEF790FF81
:1076E000002800D028E7012301359D4324E700222C
:1076F000069807990B4BFEF76DFF002800D0F9E6BE
:107700004B46002B5CD101239C46E144F2E6C04687
:10771000FFFFEFFFFFFFEF7F65CDCD4165CDCDC111
:10772000889B03100000E03FA0E2021098E20210E4
:10773000A8E20210069B5E469B460323229A134052
:10774000012B00D181E0202C00D131E70B9B002BD5
:1077500027D02D23335501342AE74F46069D202C90
:1077600000D1E7E63022331907E0172006A90134DB
:1077700009180A55202C00D1DCE6A342F5D12E22AF
:107780000CAE0134F254D7E60C23229A134257D0A0
:10779000219B013B2193A34200D9FCE6202C00D180
:1077A00006E7229B5B0703D52B2333550134FFE605
:1077B000229B1B0700D4FBE6202333550134F7E658
:1077C000DB0700D496E69EE7229B55469B0711D126
:1077D000219B032B0ED9219B54469C465E46033DBC
:1077E000654422004346013439002020B047AC42B2
:1077F000F7D1B346B9465F461C4EEC1C2A00B07860
:10780000434649460135B847013EAC42F6D1229B7A
:10781000BB464F469B0700D4E1E65346219AE31A44
:107820009A4200D8DBE65E46150022004346390046
:107830002020B04753460134E31AAB42F5D3CEE6DD
:10784000219BA34200D9A6E6B2E6219B002B00D1E2
:1078500079E70B9B002B97D0219B013B21939C4206
:1078600000D298E6202C00D073E7A1E6A4E2021033
:10787000F0B5DE4657464E464546E0B599B08146DE
:107880008B4692469846229A239B10001900FEF7D9
:10789000BCFE002800D0CAE0229823990122824B26
:1078A0005242FEF7ADFE002800D0C0E02298239996
:1078B00001227E4B5242FEF78DFE002800D0B6E03A
:1078C0002298239900220023FEF784FE002800D08E
:1078D000C9E1229B239C0893099408980999802365
:1078E000269ADB001A400D928022269C1201144039
:1078F00022000B94269C07000E001C4200D0ADE035
:107900000B00034300D0D5E0002A00D00AE2220099
:1079100006332493022313400C930223134200D016
:1079200002E2259B042B00D20FE2043B0B930023C1
:1079300004250A930022229823990023FEF74AFE89
:10794000002800D003E25A4B269A134004930B9B65
:107950000393249B0293089B099C0093019459462E
:10796000434652464846FFF72FFD02002020269B43
:107970001F27034059424B415B421840531C089358
:10798000594643464530C8470A9AD317D4185C4035
:10799000D30F0A936B1E0B9308AB9C4600256744DC
:1079A00001E0202D0FD020000A21FEF75DFB0135FC
:1079B0007E193031317020000A21FEF755FB260078
:1079C0000400092EEDD8052306930B9B5946059319
:1079D000002304930A3303930A9B4846029310AB97
:1079E0000093089A43460195FFF7F8FB0C9B002B88
:1079F0002DD05346C41A259BA34228D94D465F4635
:107A000081461E00534639001A192020434601348E
:107A1000A847A642F6D8534648462599C21A0132CD
:107A20000023914200D386E1013018180FE0269B15
:107A30000493259B0393249B0293229B239C0093F6
:107A400001944346524659464846FFF7BDFC19B0DB
:107A5000F0BCBB46B246A946A046F0BD01432BD1BF
:107A60000B9B2200002B00D154E700230A93249B98
:107A70000A9A0024934200DD85E12298239900228E
:107A80000023FEF7A7FD002800D035E1269B084A19
:107A900002941A408023DB0013430493259B039335
:107AA000089B099CCBE7C046FFFFEF7FFFFFEFFF7E
:107AB000FFF7FFFF06232493B44B70009C46400D54
:107AC0006044FEF7B3FDB24AB24BFEF738FDB24A4E
:107AD000B24BFEF70DFD3603B14B360B33430400BA
:107AE0000D00380019000022AE4BFEF7F8FCAE4A3C
:107AF000AE4BFEF724FD02000B0020002900FEF72C
:107B0000F7FCFEF7ABFD0A90FEF790FDA84AA94BE3
:107B100004000D00FEF713FD0022A74BFEF7E8FC62
:107B2000FEF79CFDA54A0600A54B20002900FEF7A4
:107B300006FD040030000D000C96FEF777FDA14A0B
:107B4000A14BFEF7FCFC02000B0020002900FEF711
:107B5000C6FC02000B0006000F00FEF7F0FC32002E
:107B600004000D003B0030003900FEF7C1FC00228C
:107B70000E900F91954B20002900FEF7C2FC0022C9
:107B8000934BFEF7B5FC02000B0020002900FEF726
:107B9000B8FC00228F4BFEF7ABFC02000B0020006C
:107BA0002900FEF7AEFC0D008021040032003B00EE
:107BB0000020C905FEF793FC02000B0020002900FD
:107BC000FEF796FC02000B000E980F99FEF799FC49
:107BD0000022734BFEF78CFC7F4B0C9C9C4664444C
:107BE00000222305FEF7ABFC06000F0002000B008D
:107BF00008980999FEF7EEFC00280AD00A9B30008D
:107C0000013B39000A930022714BFEF77AFC060013
:107C10000F000A9A330063323900C62A12D80222B2
:107C20002698042510400B9A0C90002A25D1259BFC
:107C3000042B05D9002800D0A1E0259B043B0B9321
:107C4000042541E00222269810400B9A0C90002A4D
:107C500012D1259B052B76D9002872D1259B0525AD
:107C6000053B0B9334E0802212069446229B089336
:107C7000239B6344099330E605250B4300D1F6E6C8
:107C800008980999554A564BFEF7B2FC002808D0CF
:107C9000089809990022534BFEF79CFC002800D05D
:107CA000E5E6249B002B1CD00D9B002B19D0249BB8
:107CB000013B2493259BAB4204D90C9B002B5AD04B
:107CC00002230C9300230B930A9B002B00D131E677
:107CD0000898099932003B00FEF713FC08900991BF
:107CE00028E6259BAB42EDD90C9B002B43D000230B
:107CF0000B9302330C93E7E78020269B3A4A000659
:107D00001A40802384460294089C099D2900DB00C8
:107D100013430493259B6144220003930B000092BC
:107D200001938EE60524A8E600230B930A93023301
:107D300004250C93FEE553468C46013B63441B1A15
:107D400072E602230C930525C2E70423EDE58020AB
:107D5000089E099F000639008446269A224B6144FA
:107D6000134004930B9B32000393249B02930B005C
:107D700000920193F3E5259B5B1B0B93A4E7022381
:107D800004250C93A0E79C1A013C76E601FCFFFF5A
:107D9000FB799F501344D33FB3C8608B288AC63FFA
:107DA0000000F03F0000F83F61436F63A787D23FB8
:107DB00071A379094F930A400000E03F1655B5BB07
:107DC000B16B0240EF39FAFE422EE63F00002C4034
:107DD0000000244000001840FF0300002D431CEB6E
:107DE000E2361A3F80842E41FFF7FFFFF0B5DE46F2
:107DF00057464E464546E0B5A5B01E002E9B92461E
:107E00000C93CD4ACD4B80468B461A60002900D199
:107E1000EAE1002330789946002800D1ECE1C84B14
:107E20004C460B93C74B454657460E930AE0631CDE
:107E3000984622003B005946A8474446307800281F
:107E400000D187E001362528F1D108239A46043B6A
:107E50009946023B9846013B00229C460D9430789F
:107E6000711C0300203BDBB2102B03D80B9C9B0042
:107E7000E3589F460300303B89460D9C092B3AD9B5
:107E8000002398462A2800D1C1E000239A462E28D4
:107E90004BD00300683BDBB2122B1ED80E999B001F
:107EA000CB589F4663460E001A43D8E743460E0060
:107EB0001A43D4E74B460E001A43D0E710230E00B6
:107EC0001A43CCE753460E001A43C8E780235B00F1
:107ED0001A43FF3B9C467078E1444E4667284FD8D2
:107EE0002428A4D90300253BDBB2422B9FD8964916
:107EF0009B00CB589F46002394461E0000E00131B2
:107F0000B3009B195B001E180878303E0300303B1D
:107F1000092BF4D90123624689469C460023B046CA
:107F20009A460E00E1442E28B3D1302180204942E8
:107F30008C46C000024370784B4684446146092950
:107F400000D86CE12A2800D17AE101239C464E46F4
:107F5000E1449EE7A146A846BA46CA4503D8012394
:107F60005B425344994653464A4659460020C0470F
:107F7000200025B0F0BCBB46B246A946A046F0BDE5
:107F80000300693BDBB20D930F2B00D94FE70121B2
:107F900099408C466D49894661464B4619400F9180
:107FA000634649460B4200D028E10D9B0A2B3AD08C
:107FB000072B00D03BE70C9B190008C98846002B13
:107FC00000D14BE121200243914614A98C461F2287
:107FD0000F2162448C4651460D950C91A246150026
:107FE0000F9902E020290CD0130064461C402000A9
:107FF0003730092C00D80738013168541A090F2B83
:10800000F0D80C9B54460D9D9A460F9133E10C9B82
:1080100002CB8846002947DB0C9301239C467078ED
:108020004E46E14431E70C9B02CB14935346002BA0
:1080300000D138E19C4608780B000C908C44002855
:1080400001D100F098FC89466146944603E05A78D5
:108050000133002A01D08B42F9D1494662465B1AAE
:108060000C900F93530500D520E102231800104017
:108070000D90134200D1CBE30D930B1BB1469A46F2
:108080005E460C9822003B003100A847534601345D
:10809000185D0028F6D1B3464E460D9B002B00D04C
:1080A000C7E1149B0C93C9E60C9301239C46283826
:1080B00049420243884670784E46E144E5E67078CE
:1080C0006C2800D17FE180235B001A43FF3B9C4674
:1080D000E14402E780239B001A4301239C46707809
:1080E000E144FAE67078682800D173E180231A43EE
:1080F0007F3B9C46E144F0E6672800D103E1472836
:1081000000D15AE1452800D15AE1049207214246A4
:108110000C9B0392073352468B43190002920CC901
:108120002800009201930C9122003B005946FFF772
:108130009FFB040082E6C046ED7D01109C530220A7
:10814000E89903102C9A0310789A031041900000CC
:10815000462800D1DBE00492072142460C9B0392A3
:10816000073352468B43190002920CC92800009233
:1081700001930C9122003B005946FFF725F90400BA
:108180005CE6631C984622003B0059462520A84720
:10819000444653E60C9B04330D93631C99469207A7
:1081A00000D422E10C9B2200187859463B00A847D6
:1081B00043464444012B00D885E23300B8462E00E4
:1081C0005F4625004C46994622004346013439005B
:1081D0002020B047AC42F7D12C00BB4635004746C3
:1081E0004E460D9B0C9329E6DB4B307898460023D6
:1081F0009946002800D012E60024AEE66F2800D190
:1082000088E000D80BE31023782800D1CFE09A4310
:108210000A239C4600230F930A330D9380E05646B1
:10822000B1008919490001330E181878303E010059
:1082300030390929F4D9B2461E000133994628E69F
:108240000C9B023602CB8A46C9435046C9170840E8
:1082500082460C933078731C99461AE6102310005E
:10826000984311331843814680201300C000034017
:10827000024200D1A9E64B460693082305935346D4
:10828000049310230393002302930F9B2200019376
:108290001CAB009359463B002800FEF79FFF434666
:1082A00004000C93CAE501235B42C3E60F9B5345D0
:1082B00001D953460F930223180010400D9013422A
:1082C00000D1B7E10D93D1460B1B9A463300A14470
:1082D0002E0022004D460C98B9465F469B4608E0AA
:1082E0004B463900541CB0475346185D002877D0E0
:1082F00022009542F4D15B46BB464F46A946350065
:108300004C461E00C9E680231B011A43FDE62023CC
:108310001A4320E708239C4600230F9308330D934C
:1083200080231100DB0019401A4200D116E10D2311
:108330009A431000802302009B001A4014921842B6
:1083400000D0C2E1802302005B001A4091460C9AE3
:1083500004320F92184200D0B7E2430600D59FE1E5
:10836000030600D419E30C9B1B880993002B00D053
:10837000FCE110339843002900D1F7E1002399462E
:1083800043460593534604930D9B069003930023A5
:10839000D2E0582808D0622867D102239C460023E7
:1083A0000F9302330D93BBE720231A43103B9C46E7
:1083B00000230F9310330D93B2E780231B011A4360
:1083C00020231A43A1E6C0239B001A43F31C9946BD
:1083D000B07882E5C0231A43F31C9946B0787CE557
:1083E00035005E46BB464F4657E64346012B00D854
:1083F00063E1631E43449A463300B9462E005F464C
:1084000055469B46A24622004B46013439002020A7
:10841000B047AC42F7D135005E46BB464F46A14659
:1084200054460C9B4A46187859463B004444A8479A
:10843000D7E6A1460F9B984500D832E64444E41A9B
:108440003300B8462E005F4625004C469946220070
:108450004346013439002020B047AC42F7D12C000C
:10846000BB46350047464E461BE680231000DB0026
:1084700018401A4200D10FE1112118008A430D92D1
:108480000D9A802311009B0019408C461A4269D135
:10849000802311005B00194089460C9904310F912B
:1084A0001A4200D0CAE113005B0600D5F0E01300C9
:1084B0001B0600D459E20C9B00229B5ED9175A1868
:1084C0004A4092B2D90F0C91002B00D1F9E1100073
:1084D00014AA944642461F23149252466344A84667
:1084E00016944D460400B946B2461F00159201E0AD
:1084F000202D0FD020000A21FDF7B6FD01357E1991
:108500003031317020000A21FDF7AEFD2600040055
:10851000092EEDD8149B4F46A94645469846159B13
:1085200056469A46169C0D9B069343460593534622
:1085300004930A2303930C9B02934B4601931CABB9
:108540002200009359463B002800FEF747FE0F9B90
:1085500004000C9372E4C0462D7101100C239A4361
:108560001000E7E607220C9B073393430132944641
:108570009C4462460C920CCBD90F0F911100194309
:1085800000D191E0D9171391129151401091139994
:108590005940119110981199129A139B801A994180
:1085A0001090119114AA00239446424699461492C1
:1085B00052461F336344A846B24616944E46109C5A
:1085C000119DB94615921F0001E0202E10D0200009
:1085D00029000A220023FDF785FD013630322B00E9
:1085E000BA550D0022000400002BEED1092AECD868
:1085F000149B1094119545469846159B4F46B146DD
:1086000056469A46169C0D9B069343460593534641
:1086100004930A2303930F9B02934B4601931CABD5
:108620002200009359463B002800FEF7D7FD0400C6
:10863000FFF704FC0F9B984500D8C1E18023DB00C5
:108640000D9343460F9A1B199B1A994633002E002F
:108650004D46B9465F469B460C9122004B4601347D
:1086600039002020B047AC42F7D143460C99013382
:108670000F930B7835000C935E46BB464F46002B9C
:1086800000D10EE50D9B002B00D1F6E4002319E686
:108690000C9B1B781A0015E710239A430D92EFE606
:1086A0000C9B1B78099361E6002399460028AAD108
:1086B000002200231092119374E70C9B220018787B
:1086C00059463B00A8474C468BE50C9AFA3BFF3BCA
:1086D00007329A430133994691444B460C931368F1
:1086E000526815921A4306D1103290430022099223
:1086F000002900D081E06122810600D54122D2B25A
:108700000A9214AA91460A9A00210A3A1492424601
:108710001792524618925A460991B3461F311E00CD
:108720000F9B4944BA4619941A9500246746984607
:108730008946159D16901B920AE03032D2B24B4604
:1087400001341A55A8454AD0202C4AD006000D0005
:108750003A00002330002900FDF7C4FCD2B2092AF8
:10876000EBD9149B9C466244D2B2E8E761238206AF
:1087700000D54123DBB20A3B0C93434614A91F22C8
:108780008C46159353466244A046B2464C46179712
:10879000A9461700099D0D9E1490169308E03033EA
:1087A000DBB201343B55B5420ED3202C0CD0050072
:1087B00031002800FDF758FCCBB20929EFD90C9AFB
:1087C00094466344DBB2ECE7159B4D46A146444614
:1087D0009846169B564614989A46179FD0E5B7427E
:1087E000B2D9179B57469846189B5E469A461B9BE4
:1087F00009949B461698199C1A9D43460593534627
:1088000004930D9B0690039300230293099B05E7B5
:108810000F9B984500D914E701330F932DE41023E3
:10882000110099430D91692800D0BAE0802310000F
:10883000DB0018401A4200D122E61DE60C9B1B68A3
:10884000DA0F1100002B00D18CE0DA179818504095
:1088500014AA914642461F23149252464B44A04606
:10886000A946169704006546B2461F000C91159262
:1088700001E0202D0FD020000A21FDF7F5FB013586
:108880007E193031317020000A21FDF7EDFB260002
:108890000400092EEDD8149B444698460C9BAC4628
:1088A0001900159B56464D469A46169F0D9B029100
:1088B000069343460593534604930A230393634662
:1088C0003CE6002800D02EE602E60C9B1B68994689
:1088D000002B03D110339843002938D1612382063D
:1088E00000D54123DBB20A3B0C9343461693534613
:1088F00014A91F228C4617932B006244A0464D46B4
:10890000B246189799461700149C0D9E159008E0E2
:108910003033DBB201343B55B5420ED3202C0CD0A2
:10892000050031002800FDF79FFBCBB20929EFD9E4
:108930000C9A94466344DBB2ECE7169B14944446CD
:108940009846179B56464D469A461598189F43469B
:108950000593534604930D9B0690039300230293C3
:10896000149BEBE50028A1D172E70C9B1B68D9177B
:108970005A184A40A6E580231000DB0018409C46A8
:108980000F901A420FD00220030013400F931042A1
:1089900019D00023A1460F934CE50C9B1B6809934B
:1089A000E4E40A0034E40223180010400D9013425E
:1089B00000D03EE54346002B00D042E6FFF771FBB6
:1089C00001330F937FE463460D93F3E70EB4012266
:1089D00030B584B007AC08CC064D010000942800E7
:1089E00052420394FFF702FA04B030BC08BC03B053
:1089F0001847C046257101100CB430B585B008ACDD
:108A000008CC064D0A000094010028000394FFF7EB
:108A1000EDF905B030BC08BC02B018472571011053
:108A200010B5054C82B0009313000A00010020002D
:108A3000FFF7DCF902B010BD2571011010B50C0074
:108A400084B00394012402A9029000930348130008
:108A50006242FFF7CBF904B010BDC046B9730110F4
:108A600010B5094A0300146884B0002C08D0012214
:108A700000910648524203A9A047012004B010BD4E
:108A800000F0FEF90020F9E79C530220A9730110C1
:108A900000BEFDE7094A03001068002805D0084918
:108AA000C3188B4207D81360704706480449C3189F
:108AB00010608B42F7D901204042F5E7484E022072
:108AC00000000420EC86022010B5FFF7E1FFC0464D
:108AD00070B5FDF77DF9074D074EB54209D2002468
:108AE000013E761BB60808CD984723000134B342F7
:108AF000F9D170BD9C750210A8750210030010B565
:108B0000080011001B68984710BDC046F0B5C64666
:108B100000B5437D07000C001600002B46D0002A4C
:108B200017DD0B780A2B24D000239846012E13D092
:108B300001252900635C01350A2B26D0B542F8D106
:108B4000464509DCA419013C23780D3B5A425341A8
:108B50003B7580BCB846F0BD4346E018A419F11A35
:108B6000013C3B68984723780D3B5A4253413B7583
:108B7000EFE7037D002BD7D102210F483B689847D0
:108B8000012EDFD001239846D2E7631E5B5C0D2BDC
:108B9000D4D0884504DA4346C91AE0183B689847A0
:108BA000022105483B68A8469847C7E703681100BB
:108BB00020009847CDE7C046D89B0310F0B5C646C5
:108BC0000B6806000C0000B5802B06D05A1C2260F2
:108BD000E418267180BCB846F0BD0F4B1D68002D0F
:108BE00016D00B1D98460D4F02E02D69002D0FD0B9
:108BF0002B68002BF9D03B68002B01D0AB42F4D19D
:108C0000280041462268FFF781FF2D69002DEFD132
:108C100001220023DBE7C0467C4B0220CC4B022024
:108C2000F0B54546DE464E465746E0B583B0914620
:108C30001C0080460D00FCF7A5FA0023304A1218EC
:108C40004B41002B02DA01222E4B52422E490800E2
:108C50008A460EF065FC07006B1C03D140460AF003
:108C6000F7FE0500002C27D0284E294B1C68002C4D
:108C700018D04B46002B21D1264B994602E024699F
:108C8000002C0FD02368002BF9D04B461B68002B1B
:108C900001D09C42F3D120002A004146B04724690C
:108CA000002CEFD1002F26D1280003B0F0BCBB462A
:108CB000B246A946A046F0BD174ED6E7154B9946D9
:108CC0000A239B4602E02469002CEBD02368002B8A
:108CD000F9D04B461B68002B01D0A342F3D12A00E8
:108CE00041462000B0476B465A462000DA71D91D34
:108CF0000122B047E7E750460EF0D2FBD4E7C0466A
:108D000040420F00FFFFFF7F003A00200D8B011053
:108D10007C4B0220CC4B0220FD8A01100A4A1368CA
:108D2000002B05D10CE01A001B691032002B07D074
:108D30008342F8D1002902D1186910601961704787
:108D40000029FCD01060FAE77C4B022010B500F03F
:108D50003DFB10BDF0B5CE464746040080B583B05C
:108D6000FCF710FA2600002736184F41002F02DAD0
:108D700001261A4F76421A4B1A4D994601AB984676
:108D80004B461C68002C03D116E02469002C13D03C
:108D90002B68002B01D09C42F7D1A368002BF4D0A4
:108DA0000121404698470028EFDD4346187803B07C
:108DB000C0BCB946B046F0BD0B4B5A6A974207D8C3
:108DC0009B6AB34202D302204042F0E79742FAD1B5
:108DD00001200021FCF7E0F9D2E7C046FFFFFF7F4A
:108DE0007C4B0220CC4B022000400540F0B5CE4623
:108DF000474680B583B06B460600DD1D2870FCF742
:108E0000C1F90023194A12184B41002B02DA012242
:108E1000174B52421749080088460EF081FB164B4B
:108E200081461C68002C14D0144F02E02469002CE9
:108E30000FD02368002BF9D03B68002B01D09C4257
:108E4000F4D1200001222900FFF760FE2469002CE4
:108E5000EFD14B46002B05D1300003B0C0BCB94662
:108E6000B046F0BD40460EF01BFBF5E740420F0058
:108E7000FFFFFF7F003A00207C4B0220CC4B0220FA
:108E800070B504000AF0E4FD012301000500012291
:108E90002000FFF7C5FE084B1C68002C06D0636855
:108EA000002B05D098472469002CF8D1280070BD0C
:108EB0002469002CF3D1F9E77C4B0220F0B5CE46B3
:108EC000474680B5A3B004000D00FCF75BF9002312
:108ED000274A12184B41002B02DA0122254B52423D
:108EE000254E30000EF01CFB0023220001930700EA
:108EF0002B00224801A9FFF7A1FD214B804699468E
:108F00001C68019B002B1AD0002C2FD01D4D02E0B5
:108F10002469002C0FD02368002BF9D02B68002B7C
:108F200001D0A342F4D12000019A02A9FFF7EEFD7F
:108F30002469002CEFD14B461C6800230193002CC0
:108F400006D06368002B0BD098472469002CF8D119
:108F5000002F07D1404623B0C0BCB946B046F0BD93
:108F60002469ECE730000EF09BFAF3E70194EFE799
:108F700040420F00FFFFFF7F003A0020BD8B011031
:108F80007C4B0220CC4B02200FB400B583B004A967
:108F900001C90191FFF792FF03B008BC04B0184764
:108FA0007047C0460022014B1A707047F0850220BE
:108FB0004B790020FF2B0BD18B79002B08D1CB797B
:108FC000012B05D1082A03D9024B8A7809301A707F
:108FD0007047C046F08502200120704710B5012976
:108FE00013D112495379107909781B0203430020E9
:108FF000994200D010BD5378012B08D0022BF9D133
:10900000642200210020FBF7D9F80120F2E7D37891
:1090100091781B021943480ADB0501D40120404224
:109020007F238A05D20F1940FCF7AAFEF0850220A3
:1090300000487047A49C031070B50500140001207F
:10904000012909D153780020012B05D163791279C8
:109050001B021343072B00D070BD21002800024AD9
:109060009F3301F055FAF7E7FC9B031001230370CF
:1090700000487047DC9B03104B780A781B021343AF
:109080008A7810B512041A43CB781B061343962234
:10909000D200934200D010BD0022012011004042B6
:1090A000FCF76EFE024B1860024B19607047C04619
:1090B0001C4B0220204B022010B5024B1878FBF706
:1090C00015FA10BDF3850220154B70B51A68002AF9
:1090D00022D0EFF3108172B610680028FCD0BFF3E5
:1090E0005F8F00200F4A596010701B68BFF35F8FBD
:1090F000186081F31088002400250B4E3078FBF7B0
:10910000E9F9002804D1002400252900200070BDC1
:109110003078FBF7EBF9F8E7FA240025A400ECE738
:1091200074740220F4850220F385022070B50400D7
:1091300000200E0001F00AFB002834D0002001F0CE
:109140001BFB00282FD0FCF71DF80023174A12182C
:109150004B41002B16DB164D28000EF0E1F90028DC
:1091600021D0002001F0F2FA00280FD101200021C7
:10917000404200F001FD0324644228000EF090F903
:10918000200070BD01220B4B5242E4E7002001F0A9
:10919000F3FA0028EAD021003200002001F0F6FAAC
:1091A000041EEAD1E7E703246442E9E740420F00E6
:1091B0002C850220FFFFFF7F10B5FBF7E3FF0023A4
:1091C0000D4A12184B41002B02DA01220B4B52427E
:1091D0000B4C20000EF0A4F900280CD00120002137
:1091E000404200F0C9FC002001F014FB0028F5D13A
:1091F00020000EF055F910BD40420F00FFFFFF7F29
:109200002C850220F8B5DE46574680B505000C00D7
:10921000FBF7B8FF0023364A12184B41002B02DA45
:109220000122344B5242344908008A460EF078F944
:10923000002803D1C0BCBB46B246F8BD002001F0F7
:1092400085FA00284AD00026002C43DD2B4B9B4694
:1092500014E0A919002001F017FB070001200021EC
:10926000404200F089FC002001F0D4FAFBF78AFFAD
:10927000224BF61918605960B4422BDD002001F032
:1092800023FBA71B0200B84200DD3A00002AE0D110
:1092900001200021404200F06FFC002001F0BAFAEA
:1092A000002001F053FA002814D0002001F00CFB3C
:1092B0000028E1D1FBF766FF5B460F001A685B6888
:1092C000002184460E4812184B419F4202D8D3D148
:1092D0009445D1D950460EF0E3F8ABE700200021C9
:1092E000064B1860596050460EF0DAF8A2E7C04607
:1092F00040420F00FFFFFF7F2C850220303C002002
:1093000020A1070030B52A4C85B0002120000EF0C6
:10931000DFF800281CD1274B1A68002A16D0EFF37B
:10932000108172B610680028FCD0BFF35F8F012453
:109330002148596002781B68D2B20470BFF35F8F76
:109340000020186081F31088002A17D005B030BDC6
:1093500001200021404200F00FFC002001F00CFA37
:10936000050020000EF09CF8002DEFD0134B1B6879
:10937000002BEBD0124A10689847E7E7FBF7D4FCC4
:109380000400FBF7FFFEFA220023920012184B4163
:10939000002B02DA01220B4B5242012102910021E3
:1093A0000191094920000091FBF7C2FCCEE7C046BD
:1093B0002C85022074740220F48502201C4B0220AC
:1093C000204B0220FFFFFF7FC9900110D02310B572
:1093D0001B0684B01C68FBF7A7FCFBF7A3FDA042AB
:1093E00002D0002004B010BD294B002100201B78C2
:1093F00001F05EFD27480368002B45D00120FBF7F4
:1094000021FAFF23244C254920701840FBF788F8E7
:1094100020780121FBF74CF80520FBF76FF80028B6
:1094200024D1082200211E48FDF75AFEFBF77CFCE0
:109430000400FBF7A7FEFA220023920012184B410A
:10944000002B02DA0122174B524201210291002126
:109450000191154920000091FBF76AFC0028C0DB50
:1094600012480121FFF75AFC0120BBE70120FAF75F
:10947000EDFF0B4B01001800FBF746FA0022052018
:109480000B49FBF777F8EBE7FBF722FAB6E7C046A4
:109490008C1104102C850220F38502200593011005
:1094A00074740220FFFFFF7FC9900110F03200208A
:1094B000B990011000487047409D03100048704764
:1094C000EC9C031010B5040017480378002B20D043
:1094D000002C06D1154B16484380063BFF3B03800A
:1094E00010BD052C1DD8134BA400E05812490123D0
:1094F000013804E001330A800231142B0DD0C25C24
:10950000002AF7D1C022DBB25B0092000848134367
:10951000E5E7112100F01AF8DAE7CA2304489B00B6
:10952000DDE70020DCE7C0463C850220090400009E
:10953000544B0220D49C0310564B022010B5024815
:1095400000F0D8F810BDC046A474022030B54B1E00
:10955000012900D1A7E0664A11780D092C003034AA
:109560009F2900D9A2E00470012B00D1BEE00F2199
:10957000147821400C003034092900D998E0447057
:10958000022B00D1B2E054782509290030319F2CFC
:1095900000D990E08170032B00D1A7E00F2121407A
:1095A0000C003034092900D987E0C470042B00D1A5
:1095B0009CE094782509290030319F2C00D97FE068
:1095C0000171052B00D191E00F2121400C003034B6
:1095D000092900D976E04471062B00D186E0D478C1
:1095E0002509290030319F2C00D96EE08171072BAD
:1095F00000D17BE00F2121400C003034092966D8CE
:10960000C471082B00D171E014792509290030318B
:109610009F2C5FD80172092B68D00F2121400C00CC
:109620003034092958D844720A2B5FD0547925095F
:10963000290030319F2C52D881720B2B56D00F212C
:1096400021400C00303409294BD8C4720C2B4DD06A
:1096500094792509290030319F2C00D907310173F5
:109660000D2B43D00F2121400C003034092901D9A2
:1096700037310C0044730E2B38D0D1790C092200FD
:1096800030329F2900D9073282730F2B2ED00F2240
:109690000A4011003731092A01D830321100C17354
:1096A000102B23D010300023037030BD07345AE74D
:1096B00037310C0063E707316CE737310C0074E792
:1096C00007317DE737310C0085E707318EE7373109
:1096D0000C0095E707319DE737310C00A3E7073110
:1096E000AAE737310C00C4720C2BB1D1C018DAE7ED
:1096F000A474022010B588B004000D220021684631
:10970000FDF7EEFC0D22002104A8FDF7E9FC4B2338
:109710006A466846137004A90D220DF0B1FE1521AA
:10972000082220006944FDF7E1FC08B010BDC046E6
:10973000F8B500F047F90C23194DFF22AB6705205F
:109740001849FAF717FF184C402200212000FDF7B6
:10975000C7FC4027002301262121144A6670278375
:10976000A260136063545F31618445396354104AC9
:1097700010496360E2602787A1620B606362E26266
:109780000DF076FE80239B052E64EB6490230A4A3D
:109790000120EA508022094B5202DA64F8BDC0462B
:1097A0000000115045050020504E0220840010504A
:1097B000000110508000105010D001000020115006
:1097C00010B501210520FAF773FE10BD10B5002277
:1097D0000021024800F016F910BDC046704E02206C
:1097E000044B1970002904D080219023024A890279
:1097F000D1507047E9850220002011500B785B069C
:1098000002D14B78052B00D070478A78014B1A6043
:10981000FAE7C04600001150F0B5C646C87800B55A
:109820008007830F1800012B60D08F780A794B795D
:109830007F213940FC091B024E001343334D32197E
:109840005201AA18977001276740577000275B05DF
:109850005B0DD7701383D076B846CA00012C32D086
:109860002B4FBC468F016244BC46AC446746BA608D
:1098700047461760002932D0264AC9009046624602
:10988000414451603F223F339343022837D022495D
:1098900037190A687F01D3180B602049EF19FA6065
:1098A0008B422ED836197601AD19EB7E1C499B06EA
:1098B0004A4013438022120613436A681360012052
:1098C00080BCB846F0BD174FBC468F016244BC4611
:1098D000AC446746BA6247461760002908D10023A6
:1098E00064012C196360104BE360E8E70020E7E7B0
:1098F0000B4AC9009046624641445162C2E75B0090
:10990000C5E7FAF7A3FCFA68CCE7C046504E022040
:10991000840010500400105030740220FF0F1050CB
:1099200000001050800010500001105010B50DF0D4
:109930009FFD10BD10B57F200C0020404000E409C1
:10994000110000191A00034B4001C01800F05AF82A
:10995000012010BD504E02207F23180000B50840A2
:1099600083B00B4204D14B424B41084A013393660A
:109970008022C9094000064B401840010021C01850
:1099800012010DF0E5FD03B000BDC04600201150EE
:10999000504E02207F22130010B50B400A4200D126
:1099A00010BDC9095B005B1804485B01C0180023A7
:1099B00000220349C3700DF0CBFDF1E7504E0220A9
:1099C000FFF7FFFF80220A4B520410B51A60094BC3
:1099D00009491A6010000B689843FBD180220021CE
:1099E00052010648FDF77CFB0922054B5A6710BD62
:1099F00000E0004000F0004008C0004000001050AF
:109A000000001150002310B5C38201338282837697
:109A1000016104000DF094FD002804D08021902302
:109A2000074A8902D15020000DF072FD002802D0B3
:109A30000123237710BD20000DF07AFDFAE7C04620
:109A4000002011507047C0467047C0460020704744
:109A5000002070477047C0467047C0467047C046F8
:109A60007047C046024B5878431E9841C0B27047B9
:109A700088440220024B18784007C00F7047C04648
:109A800088440220F0B5D6464F464646C0B52F4B17
:109A900007009A461B780E00FF2B50D1002941D0B9
:109AA000002154222A48FDF71BFB0022294C2A4B97
:109AB00020001A70FAF70CFF284B1C60284C20007D
:109AC000143CFAF713FF200001F0FAFD254B264D58
:109AD0001C60264B002B04D02800FFF7C7FA244B4C
:109AE00018602449002489462149002388462A78A1
:109AF00010E043461B6862019B18002B12D05B6884
:109B0000002B0FD098472A780134E4B2511C23006F
:109B1000A14209DBA242ECD89B1A5B014B445B6873
:109B2000002BEFD100200BE05346310038001F70AE
:109B3000FFF7FEFD0028F5D03800FFF741FE0120B9
:109B4000E0BCBA46B146A846F0BDC046243300206A
:109B50008844022080440220EA850220DC4402205E
:109B60001C330020E0440220E88502206D900110A3
:109B7000C8420220FC9D0310F0B5DE4657464E4613
:109B80004546E0B5C84B91B002931B78FF2B00D13E
:109B90003EE1C64BC64E9B465F46C64B0DAC01939D
:109BA000C54B009335686A69EFF3108172B613688C
:109BB000002BFCD0BFF35F8FA9612800210001F0CA
:109BC000AFFB6A69AB69BFF35F8F0021116083F35C
:109BD0001088002800D11BE16378082BE2D89B0095
:109BE000FB589F466368002BDCD0A0689847D9E7F4
:109BF0007F222179AF4D0A405300EB189846C809DF
:109C0000804440460123303005799D430571057934
:109C100003339D430571002A00D100E14346A74A62
:109C20001B7D1278934200D3EFE0A54A5B011568D3
:109C3000ED18002D00D1EBE0A36862792078AD69C2
:109C4000A847AFE79F4A1378002B00D1E0E01378D4
:109C5000013BDBB213701378002BA3D10122954D89
:109C600001212B78042013432B703423EA5C8A43B0
:109C7000EA54EA5C8243EA540133EA5C8A43EA54D8
:109C8000EA5C8243EA54237800209B4600F09EFC65
:109C9000602223791A40602A00D1EFE0402A00D1E7
:109CA000F5E0DB06DB0E012B00D113E1022B00D126
:109CB000C7E0002B00D0E1E0202A00D11CE2002AFE
:109CC00000D0DBE06379092B00D9D7E07E4A9B0006
:109CD000D3589F46774D2B78DB0700D462E7FFF718
:109CE000BFFE5FE7019BDB78DB0700D45AE76068C3
:109CF000FFF7AAFE56E76F4D2B78DB0700D451E73C
:109D000028780007C00FFFF7A9FE4BE723786A49C0
:109D100099468B46694B6A4998468A4639001A78B3
:109D200047460023B04600254E46894610E053467C
:109D30001B686A019B18002B00D176E0DB683000BD
:109D400098473A780135EDB2511C2B008D4244DC26
:109D50009542ECD39B1A5B015B44EFE723785849AB
:109D60009946564B8A4698463100BB464E461A786D
:109D700000250023474689460FE053461B686A01C9
:109D80009B18002B55D0DB68300098473A78013596
:109D9000EDB2511C2B008D4207DC9542EDD39B1A8E
:109DA000009A5B0194466344EDE7019D5422002133
:109DB0002800FDF795F91022FF214448FDF790F99E
:109DC00028002022FF2114304E465F46FDF788F917
:109DD00000F0F2FBFFF740FEE4E6364D542200218E
:109DE0002800FDF77DF91022FF21281DFDF778F9E5
:109DF00028002022FF21143046464F46FDF770F917
:109E000000F0DAFB2379AB70CCE6501C984213DAF1
:109E100011B0F0BCBB46B246A946A046F0BDA3684F
:109E20006279207800F0E6FBBCE646464F46214DBD
:109E3000E6E74E465F46CBE71F4D9B1A5B015D1977
:109E4000FAE67023217A0B4218D1C80982460F33F3
:109E50000B405B0098461948EB1853441B7D007873
:109E60009946834266D216485B0100688146994450
:109E7000002A00D15FE14B46002B68D120780021F9
:109E8000FFF76AFD80212078FFF766FD8AE610481B
:109E900000F09CFB012158460EAAFFF7CDF80028E0
:109EA00000D07FE6EAE7C04624330020549D03102B
:109EB000E044022088440220FC9D0310E885022033
:109EC000C8420220EA850220789D03108C440220BB
:109ED00039900110237A0F2BD0D8CF4AEB181B7979
:109EE0001578AB423ED3691C9942C7DB5D1BCB4B57
:109EF0006D01ED18686900F069FB012158466B6936
:109F00000EAA9847002800D04CE66022150023795D
:109F10001D401A42B2D163790A3B012BAED800F042
:109F200055FB63790A2B00D199E158460EA900F040
:109F3000D9FA37E6431C4B4500DAF7E04B461B1ACB
:109F40005B019946B5488144002A00D1F3E04B46B5
:109F5000586900F03BFB4B46012158465B690EAA4D
:109F600098479CE7AE4A5B011568ED18002DC1D1FA
:109F700084E7A37999466B789945D6D06B78002B06
:109F800000D033E14B466B70002B00D12BE14846EB
:109F90000138C0B2FFF792FA002800D17EE1437881
:109FA0000793022B00D079E10122C179B1468B11D0
:109FB000491113400A40302112015B0113432A78F2
:109FC000A8468A4313432B7009239A468244564677
:109FD000BA46C37882781B021343C31805938E4B8D
:109FE00004938E4B08938E4B09938E4B0A93059BDB
:109FF000B34200D855E1737801220B2B03D133789B
:10A00000F278F6187378042B00D044E1059B002702
:10A010009B1B9BB20693049B0B921D78002303931A
:10A020001BE0099A7B011568ED18002D00D132E183
:10A03000310058462B69069A98478446082803D968
:10A04000069A824200D313E1049B01371D78FFB2C8
:10A050006B1C03979F4200DD1DE1BD42E1D8039BCD
:10A060005D1B089B6D019C466544E1E76B780CAA7B
:10A0700002321370584601230EA900F049FA91E507
:10A08000E3881A0AD8B20F2A00D9F7E66649930086
:10A09000CB589F460EA800F09FFA5846A179FFF7CB
:10A0A00095FB02222B7813432B707BE5E388012B71
:10A0B00000D0E3E608222B78584693430EA92B7074
:10A0C00000F010FA6EE5022029780CAB9A1C8B0682
:10A0D0008908DB0F01400B431380584602230EA969
:10A0E00000F016FA5EE5E388012B00D0C6E60822F0
:10A0F0002B7813432B7018E7237A0F2B00D9BDE67A
:10A10000EB181D79444B1B789D4228D2444B6D01BE
:10A110001B685D19002D00D1B0E6686900F056FAA1
:10A12000012158466B690EAA9847B8E6002A00D06C
:10A13000A4E6002399466279022013000392834328
:10A14000012B15D0002A00D098E62B00434453443D
:10A1500030331B790CAA9B07DB0F0232BCE75A1C79
:10A16000AA4200DA8AE6ED1A2C4B6D01ED18D4E70D
:10A17000E388002B12D1029B1878039B012B23D07C
:10A18000FFF7EAFB43460221EB18534430331A79B8
:10A190000A4301211A711A790A431A714B46002B9E
:10A1A00000D1FFE4586900F011FA4B4601215B69C8
:10A1B0000EAA58469847002000F008FA3523EB5CB9
:10A1C000DB0700D5EEE4B0E6FFF7E4FB43460221EF
:10A1D000EB18534430331A798A431A711A79039968
:10A1E0008A431A71DAE7FFF737FC9EE600215846EA
:10A1F000FFF7F6FA5846FFF799FBAB780749039348
:10A200000491054B064998461A78059100232900C8
:10A210001D008A461BE0C046E8850220FC9D031015
:10A22000C84202209C440220A09D0310059B6A01A5
:10A230001B689B18002B4DD0DB6858469847434657
:10A240001A780135EDB2511C2B008D422EDC95425F
:10A25000ECD39B1A049A5B0194466344ECE70CAB85
:10A260009A1C584601230EA9157000F051F999E483
:10A270000B9A012A4FD0002A3CD00023B07804E08A
:10A280000133DBB20F71934234D2C118C9B24144D9
:10A290000D79FF2DF4D04E464546574600236B708E
:10A2A000ECE54E465746FFF7D5FB3EE655465422B1
:10A2B00000212800FCF714FF1022FF21281DFCF7C5
:10A2C0000FFF28002022FF211430FCF709FF039B19
:10A2D000AB7057E65546FAE7FEF7AAFE021E00D11C
:10A2E000CCE5D37891781B020B4358460EA900F0B9
:10A2F0000FF9D4E565463B002A0031000A9800F0CA
:10A300007FFEAC46049B039A1B786644013393425C
:10A3100000DB6CE6BFE7174B29699942ADD1079A7C
:10A32000ABE7FFF793FB021E00D1A7E55846137871
:10A330000EA900F0EDF8B2E52189FFF7C3F8021E7F
:10A34000F4D19BE5022A0FD0FFF782FB021EC8D191
:10A3500094E5FFF7AFF8021E00D18FE512235846AF
:10A360000EA900F0D5F89AE5FFF7A8F8021EB8D1BB
:10A3700084E5C046C9A90110F8B557464E46DE46E9
:10A3800045460C00E0B516001F00002A3CD07023A3
:10A3900098461E4B00259B461D4B9A461AE05B468D
:10A3A0001B78200099465346997800F0EBFD002871
:10A3B0001CD021004846FFF72FFA002816D0A378BA
:10A3C000DA09012A19D00A9A013513702378E418A2
:10A3D000B54219DA6378052B08D1E3789B079B0F08
:10A3E000BB4203D14246A3781A42D8D00020F0BC29
:10A3F000BB46B246A946A046F8BD0B9A013513707C
:10A400002378E418B542E5DB0120F0E7243300208F
:10A4100088440220702270B58B780C001A4201D05B
:10A42000002070BD064B20001D78064B997800F087
:10A43000A9FD0028F4D021002800FFF7EDF9F0E78E
:10A4400024330020884402200B007F2010B51840E0
:10A45000DB0934334000044AC018044B1168C018AB
:10A4600000F04CFD10BDC046DC44022088440220B0
:10A470000B007F2010B51840DB0934334000044A3C
:10A48000C018044B1168C01800F060FD10BDC04634
:10A49000DC4402208844022070B57F240F480C4021
:10A4A00064000419CD09641930342079C00701D53E
:10A4B000002070BD012625790948354300782571B3
:10A4C000FFF738FA0028F4D101222379934323714E
:10A4D0002379033293432371EAE7C046884402207C
:10A4E0002433002070B5094C0600082220000D001E
:10A4F000FCF7FCFD00238021E360A3602B78300093
:10A50000994300220023FFF7C7FF70BD6844022073
:10A51000F8B5CE4647469046254E80B5814608227E
:10A5200030000D001F00FCF7E1FD4346B36000233F
:10A53000F381EC79AB7924021C43231CBC4200D983
:10A540003B1C9FB2B381002C0DD0002F17D0424688
:10A55000002A2BD0402F1BD89FB233787F2B1CD8DA
:10A560000021144A0FE080212B78002299434846AD
:10A570000023FFF791FFC0BCB946B046F8BD7F236A
:10A580000022317899433B004846FFF785FFF2E708
:10A5900040239FB233787F2BE2D9064C3A004146E4
:10A5A0002000FCF7A3FD80212200ECE70020E2E779
:10A5B000684402202844022010B5142200210248D9
:10A5C000FCF78EFD10BDC04668440220014B1861A7
:10A5D0007047C0466844022010B5054C01000822AF
:10A5E0002000FCF783FD0023A360E36010BDC0469C
:10A5F0006844022070B5384C1D0023780600DA0943
:10A60000C9098A4210D00020002D00D070BD210061
:10A610003000FFF7F3F82369002B03D02200032159
:10A62000300098470120F1E77F2B06D8A06800286A
:10A6300034D02A002949FCF759FDE289A168521952
:10A64000E38892B24919E281A160934214D03F2D70
:10A6500012D9A389981A051C80B240282AD82078DC
:10A66000ADB27F2828D800219A4232D01B4A2B0055
:10A670003000FFF711FFC9E72369002B05D0220046
:10A6800002213000984700280AD080212378002238
:10A69000994330000023FFF7FFFEB7E70020B5E73E
:10A6A00000213000FFF758F930008021FFF754F9FE
:10A6B0000120ABE74025D2E79A4207D0074C2A0099
:10A6C0002000FCF713FD80212200D0E7802100222A
:10A6D000CDE70022CBE7C046684402202844022090
:10A6E00070B50400FFF7BEF9002800D170BDFFF778
:10A6F000C1F90028FAD1C8236343124DEE18F1784E
:10A700000029F3D010335D19280000F0F3FD3F2835
:10A71000ECD90020F178FFF797FE0028E6D028005A
:10A7200000F0E8FDF1783F2807D9074BE201D21885
:10A7300000204023FFF7B0FED8E70020FFF798FE87
:10A74000D4E7C04650430220CC42022010B504009A
:10A75000FFF788F9002801D1002010BDFFF78AF922
:10A760000028F9D1C8226243024B01309B181B79A3
:10A770001840F2E750430220C82310B54343024873
:10A78000181800F099FD10BD60430220F8B5C824E8
:10A79000802344431C4F103405003C195B029A424D
:10A7A00000D31A4A200092B200F008FE0600FFF71C
:10A7B00059F9002801D13000F8BDFFF75BF90028F6
:10A7C000F9D1C8236B43FF18FB78002BF3D020008E
:10A7D00000F090FD3F28EED90020F978FFF734FE15
:10A7E0000028E8D0200000F085FDF9783F2807D93F
:10A7F000074BEA01D21800204023FFF74DFEDAE7AD
:10A800000020FFF735FED6E750430220FFFF00008F
:10A81000CC420220F8B50400FFF724F9002801D14A
:10A820000020F8BDFFF726F90028F9D1C8256543B7
:10A830002E00134F2436F619300000F03DFD00289D
:10A84000EED07F190020B978FFF7FEFD0028E7D091
:10A850000C4DE401651929004022300000F0AEFDE6
:10A86000B978041E08D003002A000020FFF714FE68
:10A870000028D5D02000D4E70020FFF7F9FDCFE76E
:10A88000504302200C43022070B5C82444430C4BB3
:10A890000500E41880235B029A4200D3094A200095
:10A8A00092B200F051FE0600200000F005FD3F28A6
:10A8B00001D8300070BD2800FFF7ACFFF9E7C046B3
:10A8C00074430220FFFF0000C82310B54343024831
:10A8D000181800F00FFD10BD74430220F0B50025DC
:10A8E000184C83B0C82200212000FCF7F9FB164B5E
:10A8F00021001D70FF236371E1235B02A360200030
:10A9000008234022A37338310095073B103000F034
:10A910009DFC2700012321002000260040227831E1
:10A920000093B837243000F091FCC0363800F9F7B6
:10A93000CFFF3000F9F7CCFFE5612762266365633E
:10A9400003B0F0BD504302204C4302200A4A116B71
:10A95000136A00290CD0002B07D00023D361536366
:10A960001363002313620120704753631363FAE7F4
:10A97000002BF8D0D161F4E75043022070B50F4CA2
:10A98000052200212000FCF7ABFB0D4D2B78DA07E8
:10A9900007D50C4C9B070CD50121200000F0B0FE20
:10A9A00070BD2000103000F08BFE2B78054C9B070B
:10A9B000F2D4200000F084FEEEE7C04650430220AF
:10A9C0004C43022074430220F0B54B79060083B05B
:10A9D000022B02D18B79022B03D00025280003B073
:10A9E000F0BD204FBB78002BF7D18B7809253B7049
:10A9F0000C780C196378242B07D00CE02378E4182A
:10AA00005D196378ADB2242B05D19542F6D90020AB
:10AA1000FFF766FEE2E71A00052B15D0042AF6D1EF
:10AA200063790A2BF3D1104B2778019301330093FC
:10AA300030000223E119023AFFF79EFC0028CCD037
:10AA40000E35ED19ADB2E2E721003000FFF7E2FC70
:10AA50000028C2D0A3787B7023785D19E41862784F
:10AA6000ADB2DBE75043022052430220F8B5602329
:10AA700014001278050013400020202B07D1304A23
:10AA80006379277916781B023B439E4200D0F8BDBC
:10AA90006378222B1AD007D8202B34D0212BF6D163
:10AAA00001293ED00120F2E7232BF0D1012940D02B
:10AAB0000329F7D1234B002BF4D0E178A3780902C6
:10AAC0000020194300E000BF0120E0E7012930D059
:10AAD0000329E7D101252E00A378E4780239240266
:10AAE0001C431471264024321000714000F008FE0F
:10AAF000154B002BD6D06208002031002A4000E020
:10AB000000BF0120C3E701290BD00329CAD10F4B95
:10AB1000002BC7D0083200201100FEF7ADFA01204B
:10AB2000B5E7072321002800094AFFF7F1FC0120BF
:10AB3000ADE721002800FFF7D5FC0120A7E7C046BC
:10AB40005043022000000000000000007990011036
:10AB500058430220F0B54F464646D646C0B5364D5E
:10AB60008046EA780C001F008A423CD0AB788B42CA
:10AB700010D00020E0BCBA46B146A846F0BD2F4B2D
:10AB8000002B04D02E4800F0ADFB002851D000204F
:10AB9000FFF7A6FDAB78A34201D00120EAE7294BDD
:10ABA000002B02D0002000E000BF0020FFF732FEA3
:10ABB0000028F2D1244C200000F07EFB0028ECD1CC
:10ABC000002FEAD0BF06E8D1243C4046A178FFF729
:10ABD0003BFC0028E1D0002300224046A178FFF78B
:10ABE0005BFC0120C6E79AB210239A46174EAA448E
:10ABF0003100504600F0A8FC154B002BBFD06B79FC
:10AC0000FF2BBCD0002FBAD0F219914603E00136D9
:10AC10004E45B4D06B7932789A42F8D1504600F064
:10AC200061FB0028F3D15346103B597900E000BF87
:10AC3000EDE700E000BFAAE750430220000000005B
:10AC4000604302200000000074430220CC42022036
:10AC5000000000009322F0B5134C85B000212000C5
:10AC60009200FCF73DFA23002000802640270F4D7C
:10AC70004D337600FF3329300295009300220023E4
:10AC8000002103970196FF3000F0D4F94035201DD4
:10AC90002834002301220021039702950196009495
:10ACA00000F0C8F905B0F0BD24460220A4450220FA
:10ACB00010B5054C200000F0F3F920002538FF38CE
:10ACC00000F0EEF9012010BD4C47022070B5084C91
:10ACD000002520003130FF30257000F0F1FC20000D
:10ACE0000C3000F0EDFC2A23FF33E554657170BD94
:10ACF00024460220F8B557464546DE464E46E0B5A6
:10AD00004B7980460F00FF2B5BD1404B99462A239D
:10AD10004946FF33CB5C002B53D14E79002E50D1E6
:10AD2000BB783C780B703B793C19002B46D09823BC
:10AD30005B004B449A460C234B449B46A51803E00A
:10AD4000AC423BD22378E4186378052BF8D1AC42AF
:10AD500034D221004046FFF75DFB002831D0A378B4
:10AD60000136F6B2DB09012B32D0504600F0A8FCC8
:10AD70002A234946A278FF33CA54637922791B02F9
:10AD80001343234A5B0594465B0D942163445A4266
:10AD900053414A4602204900525C5B008243134300
:10ADA0004A46535451464046083900F0E3F900281A
:10ADB00007D02378E4183B79B342C5D8E01B80B2B2
:10ADC00000E00020F0BCBB46B246A946A046F8BD54
:10ADD000584600F075FC5A46A3780C3A53716379D3
:10ADE00021791B020B430A495B058C465B0D6344CA
:10ADF00059424B41022011795B0081430B43594674
:10AE000000200839137100F081F9D2E724460220AE
:10AE100000FEFFFFF8B52A2506001F48FF35455DF7
:10AE20001F008D4215D043798B4201D00020F8BD20
:10AE30001A4B002B04D039040020090C00E000BF9D
:10AE4000174C3000210000F061F900281DD00120CE
:10AE5000EDE79A235B00C35A002B0DD1114B002B59
:10AE600004D000201049BAB200E000BF30000F4902
:10AE700000F080F90120DAE796235B00C1583130F9
:10AE8000BAB2FF3000F060FBE8E73A002100300082
:10AE900000F008F90120CAE7244602200000000063
:10AEA0002846022000000000A44502204C47022052
:10AEB00000B5030083B0002910D00020012B07D873
:10AEC0000A78002A04D00C48C2540120012A01D07B
:10AED00003B000BD1800FEF7D5FDF9E701236A466F
:10AEE000002001A99380FEF7CDFD0028F0D00122BB
:10AEF000014B1A70ECE7C0467C440220037870B521
:10AF0000DB0704000E00DD0F002B17D103785B0771
:10AF100001D5280070BD0121300049420CF0E0FA53
:10AF20002378DB07DD0F002B0AD123785B0708D4D9
:10AF30000422237801251343237002E00025E8E76B
:10AF4000002530000CF0ACFAE3E7C04670B50C0009
:10AF500001210600494220000CF0C2FA33785B0759
:10AF6000DD0F002B04DB20000CF09AFA280070BDE6
:10AF70003378DB0704D40422337893433370F2E749
:10AF80000025F0E7437902791B021343C2785B0581
:10AF900092075B0D920F022A1DD0032A0CD00020CD
:10AFA000012A08D102394A425141124A9446614469
:10AFB00099424041C0B2704702394A1E91410E4A3F
:10AFC000494211408022D2009446002061449942B7
:10AFD0004041C0B2EFE7022905D0002040229A424A
:10AFE0004041C0B2E7E7054A981843425841C0B211
:10AFF000E1E7C046FF03000040FCFFFF00FEFFFF4B
:10B000008A1870B5914207D27F264C78052C04D05F
:10B010000C7809198A42F8D870BD34008D782C401C
:10B0200064000419ED0963550C7809198A42ECD8BB
:10B03000F2E7C046F0B5C64600B582B0150008AAD2
:10B0400040CA040017886A46928D012090460A0083
:10B050002178024081432000114321703A0000937F
:10B0600031000123083000F0F1F8002E01D0002F4C
:10B0700008D10A9B012063604346638002B080BC14
:10B08000B846F0BD26001C363000F9F721FC00233D
:10B09000002D01D0330000266361A661E9E7C046B8
:10B0A00001207047F8B502240B7807001C4063426A
:10B0B0005C41144B64421C40134B08009C46083012
:10B0C0000D001600644400F0F7F8002807D1002EA8
:10B0D00005D0344203D101242B781C4201D000203A
:10B0E000F8BD38006978FFF7AFF90028F7D02B7862
:10B0F0001C42F4D10023002238006978FFF7CCF914
:10B10000EEE7C04640FEFFFFFF010000F8B50D006E
:10B110000835060028000C0000F0CEF8002803D007
:10B12000012723781F4201D00020F8BD300061784C
:10B13000FFF78AF90028F7D028006288616800F0DC
:10B140003DF9237805001F4000280BD0002FEBD1DC
:10B150000300626830006178FFF79EF90028E3D0B1
:10B160002800E2E7002FDFD130006178FFF780F997
:10B17000DAE7C046F8B5CE46474680B58A8906006C
:10B180000C000B78002A07D101251D4240D0002079
:10B19000C0BCB946B046F8BD9B0733D42A4B402506
:10B1A000994627000837380000F0A4F88542EED809
:10B1B0000122237890461A42E9D130006178FFF7E6
:10B1C00043F90028E3D0380000F094F84246237891
:10B1D0001A40854231D8002AD9D14A4663880240B4
:10B1E0001D1C934200D9151CADB200226178002DC0
:10B1F00000D062682B003000FFF74EF90028C6D05F
:10B200002800C5E7FE2380251B029946AD00C8E74C
:10B210004978FFF719F90028B9D023781D42B6D133
:10B22000638800226178002B00D062683000FFF74D
:10B2300033F90028ABD06088AAE7002AA7D13000F4
:10B240006178FFF715F9A2E7C0FF0000F0B5C64628
:10B2500000B504006846057E8020884617001E0061
:10B260000002824226D8E068002803D0012149422A
:10B270000CF036F92069002803D0012149420CF076
:10B280002FF94346236073045B0CED031D43002339
:10B29000E0686381A780E5802381002801D00CF05D
:10B2A000FFF82069002801D00CF0FAF8012080BCDA
:10B2B000B846F0BD0020FAE710B5048941898288BC
:10B2C000A3B288B28C4207D31B1A9BB2101C9A42BD
:10B2D00000D9181C80B210BD5100091A5B189BB22E
:10B2E000F4E7C04603894089181A43425841C0B266
:10B2F0007047C04610B5048941898288A3B288B2DC
:10B300008C4207D31B1A9BB200209A4201D9D21A51
:10B3100090B210BD5100091A5B189BB2F4E7C04609
:10B3200070B5040000690E00002803D001214942D5
:10B330000CF0D6F825896089A288A9B283B285422B
:10B3400032D3CD1AADB2002D28D0AA4208D29142F4
:10B350002FD3891A8BB263819A4203D89B1A9BB26E
:10B360009A42FBD9E28821685204520C53433000C0
:10B37000C918FBF7BBFE63890125591C89B2A28855
:10B380008B420DD900215200891A89B2206961814E
:10B39000002801D00CF084F8280070BD618989B2C2
:10B3A00052009142F2DBEFE75500ED1A4D19ADB2B4
:10B3B000C9E789188BB26381CEE7C046F0B546462F
:10B3C0004F46D646C0B5060000698946904600281B
:10B3D00003D0012149420CF083F831897289B58884
:10B3E0008BB294B2914254D31F1BBFB2002F4AD0EC
:10B3F000BD4205D2AB4251D25B199CB22F00748181
:10B400004346B8453DD89FB2A54203D8641BA4B2B9
:10B41000A542FBD9F28831685204520C904662432F
:10B420002B1B9BB2891842469F4225D953439BB29E
:10B430001A0048469A46FBF759FE434648467D1B8C
:10B4400064195C4331685044A2B2FBF74FFE718926
:10B45000B588CB199BB26A00994216D99B1A9BB248
:10B4600030697381002801D00CF01AF83800E0BC74
:10B47000BA46B146A846F0BD48467A43FBF736FEC9
:10B48000E5E73B1CBFE773899BB26A009342E7DBA9
:10B49000E4E76F003F1BDF19BFB2A7E75B1B9CB25D
:10B4A000ACE7C046F8B50400C0680E00002803D021
:10B4B000012149420CF014F8258920896189A2886C
:10B4C000ADB283B28FB2884229D3DB1B9BB29A42C2
:10B4D00009D8E779FF0906D1E068002801D00BF010
:10B4E000DFFF3800F8BD2B0095421DD39B1A9BB29D
:10B4F0009342FBD2E28820685204520C534331003D
:10B50000C018FBF7F3FD6B1C9BB2A2889D4217D9B4
:10B51000002352009B1A9BB201272381DCE75100D4
:10B52000C91B5B189BB2D2E7E28820685204520C18
:10B5300053433100C018FBF7D9FD0135A288ABB2E7
:10B5400052009342E8DBE5E7F0B54E465746DE464B
:10B550004546E0B589460600170083B0002A67D04B
:10B56000C068002803D0012149420BF0B9FF33899C
:10B57000F2799BB298467389B5889BB2D20940D1C3
:10B5800098455ED26A00D31A43449BB2AB425DD267
:10B59000EB1A1A1C9BB2BB4200D93A1C97B27B1B18
:10B5A0009BB20193F3885B045B0C9A464346DB191C
:10B5B0009BB29B464446A84503D3641BA4B2AC424D
:10B5C000FBD25346634330682D1BADB2C018BD4259
:10B5D0004BD3524649467A43FBF788FDB3885B005C
:10B5E000D84501D89B4503DB5A46D31A9BB29B46EC
:10B5F0005B463D003381F06800281AD00BF050FF05
:10B6000017E0F2885204520C9246AF4220D298457D
:10B610004DD34246D21A92B26900781B80B2D21939
:10B6200001908A4233DA4346FB189BB29B46C1E73E
:10B630000025280003B0F0BCBB46B246A946A04690
:10B64000F0BD4246D31A9BB2AB42A1D30025D2E74C
:10B65000002DD0D07F1B574398465A19002392B231
:10B66000B94493462F000193A4E753465D43ADB21E
:10B670002A004946FBF73AFD019B2900E218534690
:10B680005A43306892B24944FBF730FDA6E75A1995
:10B6900092B29346D21B92B2904693420CD9434643
:10B6A000591A8BB29846FB189BB29B4682E76900F9
:10B6B000CA1A424492B2B0E7914200DD7AE7EEE75F
:10B6C00010B50400C068002803D0012149420BF0E6
:10B6D00007FF2069002803D0012149420BF000FF39
:10B6E0000023E06863812381002801D00BF0D8FE9D
:10B6F0002069002801D00BF0D3FE012010BDC04608
:10B7000070B50400C0680D00002803D00121494233
:10B710000BF0E6FE2069002803D0012149420BF01E
:10B72000DFFE7F21E379ED011940E0682943E171F3
:10B73000002801D00BF0B4FE2069002801D00BF0E6
:10B74000AFFE012070BDC046F0B54E468146474A67
:10B75000DE464A44531E9A418023574645465B02C3
:10B760009C46E0B5424B1204624485B01A60414BDE
:10B770000C0041491A6010000B689843FBD18046C9
:10B780000620F9F7F5FF4B465A6802231A4001924A
:10B790004A460090802004320292384AE70D4A441B
:10B7A0006602136093463B0032000225400007E02A
:10B7B0000099914206D3023592197B41854201D00E
:10B7C000002BF5D0434680260393009B2F02AA4608
:10B7D00098467F1B760003E05346FF1A012E3FD0A8
:10B7E000390040463500013EFAF73EFC8442F3D270
:10B7F0002B0055469A4650463302984668434B46BE
:10B8000042461D611B6880265340FF2276011202CA
:10B8100013404E44336080239B019C46029A019B57
:10B820006244136002215C464B465B6821604C46D3
:10B83000276807246740C8343C40346003240B4029
:10B8400013600F4B4B441C60116001000098FAF725
:10B850000BFC05B0F0BCBB46B246A946A046F0BD05
:10B860005546039B28009846C9E7C0460040FCBFE8
:10B8700000E0004000F0004008C00040043000003C
:10B880002420000070B5056904680620F9F770FFF0
:10B8900029002404240E01346143FAF7E5FB70BD4E
:10B8A000F0B557464E464546DE46E0B5060085B043
:10B8B000009200221C0002930EAB187833680F9D93
:10B8C000DA6601325960109FDA660190221E00DCB0
:10B8D000BFE0013A9346002D03D001213800A8476C
:10B8E00033685A4631798902002A00D183E0002268
:10B8F000002091464C46009A125D0A4302431A61A9
:10B9000010229046002D1AD0002404E041463368EE
:10B910005A6B114229D100213800A8470443E4B2F0
:10B920000028F3D002235B4299464846019B3371BD
:10B9300005B0F0BCBB46B246A946A046F0BD802487
:10B940004846596B0A42FCD019598C46002957D1F8
:10B95000834571D002990130814275D00021834521
:10B960004CD00099095C1961EBE7802299580029B5
:10B9700015D1002C15D1CB4554D001239C46029BF8
:10B98000E1444B45D1D001213800A8470021CB45E7
:10B990001BD04A46009B9A5C33681A61B4E70124C5
:10B9A0005B6D80239B009A465B468B46039304E0C5
:10B9B000514633685A6B0A420DD100213800A8471E
:10B9C0000443E4B20028F3D0ACE733680120019AC5
:10B9D000504040028EE7039A59461B6E9346002C56
:10B9E000CBD0002903D0CB0701D409079DD4012374
:10B9F0005B42994699E700229146E7E78146E5E7F1
:10BA0000596D012188468021814618008900436BC9
:10BA10000B42FCD00300196E41464846002999D0DC
:10BA20006146DEE7019B002BBBD001235B449946B6
:10BA3000029B4B45A7D178E70199002906D05946CA
:10BA4000481C0299814289D181466EE700218846CF
:10BA5000D9E70023994668E7F0B54E465746454674
:10BA6000DE46E0B583B09A460CAB1B78019200939A
:10BA70000E9B026899460023D36601335160D3665A
:10BA8000534605000D9E002B60DD01235B425344AD
:10BA90009B460024002E03D001214846B0472A6867
:10BAA00080235B009C461300516F1029FCD00021BD
:10BAB000002C01D129798902A34541D06046014378
:10BAC0001161002E27D080224027904608E00021F7
:10BAD0004846B04700283BD12B689A6F002A13D103
:10BAE00042469A585A6B1742F1D0002148465B6D86
:10BAF000B047C4432000009B2B7103B0F0BCBB4691
:10BB0000B246A946A046F0BD1B69019A13550134FF
:10BB10005445C1D1EEE780274021D359536B1942D8
:10BB200003D00124536D6442E4E7936F002BF4D0FB
:10BB30001369019A135501345445DBD02A68B2E7E2
:10BB40000127009847407F023943B7E70024D1E737
:10BB500002246442CEE7C046F8B5DE4657464E465C
:10BB600045468346E0B505200C00F9F701FE0600C6
:10BB7000600821008019FAF777FA4300984680445C
:10BB8000070005214046FAF76FFA3B1A9A461E4B0A
:10BB90008146700080199C4231D81C49FAF764FA3A
:10BBA000451C5B461C680023E366226804335A4048
:10BBB0000233134080225201A21813605346E361FE
:10BBC0004B462362434601204F2B03D95021404668
:10BBD000FAF74AFAA023E050E36F39005D400C4BBE
:10BBE0002D042D0CE3181D6001233000E366FAF7E5
:10BBF0003BFAF0BCBB46B246A946A046F8BD054993
:10BC0000FAF732FA451CCCE73F420F0080969800C5
:10BC10007C10000040787D010F4A70B5821A531ED7
:10BC20009A410E4BD20008321A600D4B0D4C1A602F
:10BC3000150023689D432B1EFAD166240268FF3449
:10BC40000571D5661460633C8833FF3CD56395630A
:10BC5000D450FFF781FF70BD3033002000E000407A
:10BC600000F0004008C00040F0B5CE46474680B521
:10BC700089B01F0010AB1B780400994604AB9846AE
:10BC80001600129A139B40460D00F9F763FA4346DB
:10BC900002934B460190009332003B0029002000A4
:10BCA000FFF7FEFD09B0C0BCB946B046F0BDC046C6
:10BCB000F0B5CE46474680B589B01F0010AB1B7863
:10BCC0000400994604AB98461600129A139B40460E
:10BCD0000D00F9F73FFA434602934B46019000935B
:10BCE00032003B0029002000FFF7B6FE09B0C0BCBF
:10BCF000B946B046F0BDC04601230121084A136091
:10BD0000084A1360084A080013689843FBD1074AA1
:10BD100011608021490013680B42FCD07047C04677
:10BD200000E0004000F0004008C0004000C00440B7
:10BD30007047C0460A4A13681868203080F30988A3
:10BD4000022080F31488BFF36F8F3FBCAE4608BC5F
:10BD500004BC62B61847C046C046C046C046C0468E
:10BD60006C3E0020EFF30980154B1A6820381060F4
:10BD7000F0C044464D4656465F46F0C00D221207BD
:10BD8000146E556E566F176F3038F0C008B572B626
:10BD900003F06EFD62B60CBC116808681030F0C884
:10BDA000A046A946B246BB4680F309880D22120779
:10BDB0003038F0C81466556656671767F0C81847DC
:10BDC0006C3E002010B5F8F7C9FAC046D02310B574
:10BDD0001B061A6D82B0D20704D501219A6D1A6D27
:10BDE0001142FBD1D023FF221B061A6500230193C9
:10BDF0000F4B1968EFF3108072B60A68002AFCD066
:10BE0000BFF35F8F002259681C685A60BFF35F8FD1
:10BE1000226080F31088986801AA00F01BFD019B46
:10BE2000002B03D08022034B52051A6002B010BDD4
:10BE3000583E002004ED00E010B58024031F640488
:10BE40001C60043B19600349043B1960143B4038F3
:10BE50001A6010BDC5BD0110B42110B50248FF31F4
:10BE6000E9F718FD10BDC0464CE302108022044BD8
:10BE700052051A60BFF34F8FBFF36F8F7047C046F4
:10BE800004ED00E072B6044AD3680133D360BFF317
:10BE90004F8FBFF36F8F7047583E002010B5084C8E
:10BEA000E368002B05D0013BE360002B00D162B6B4
:10BEB00010BDE92103484900E9F7ECFCE368F2E72B
:10BEC000583E00204CE30210EFF3108072B670472A
:10BED00080F310887047C04610B5FFF7F5FF0400E7
:10BEE00003F0B6FC002803D08022034B52051A60F1
:10BEF0002000FFF7EDFF10BD04ED00E010B50028B5
:10BF000000D010BDFD2102484900E9F7C3FCF8E765
:10BF10004CE30210002310B5084A094C05202360A9
:10BF20001360F9F725FCFA218900FAF79DF8054B13
:10BF3000013818600723236010BDC04618E000E0F8
:10BF400010E000E014E000E0FF221F4B120419682B
:10BF500010B50A431A60FF22196812060A431A60D4
:10BF60001A490E2000F0D4F919490F2000F0D0F939
:10BF700018490B2000F0CCF9FFF7CCFF0022164B3C
:10BF8000DA60D0231B06154A1C681470FF221A655C
:10BF90001A6DD20704D501219A6D1A6D1142FBD199
:10BFA0000F34FF212000F8F7DFFB20000C49F8F7E1
:10BFB000B7FA01212000F8F77BFAFFF7BBFE03F088
:10BFC00057FCF8F7CBF9C04620ED00E065BD011045
:10BFD000D9BE011031BD0110583E00203833002079
:10BFE000CDBD0110D02310B51B061868074B1B7878
:10BFF000834200D010BDEFF30583002B02D05B001D
:10C00000C018F7E703F05CFFF4E7C04638330020C0
:10C0100030B504000D0083B0EFF30583DBB2002BD5
:10C020002CD12368002B30D01B4A1178D022120665
:10C030001268914208D0BFF35F8F00221A6085F327
:10C04000108820BF03B030BDBFF35F8F00221A609D
:10C0500085F31088114A124B94469868236863440C
:10C060009A105C2B00D9183A012301215B429140C0
:10C0700000930122002300F0EBF9E3E709480A49A5
:10C08000E9F708FC2368002BCED1F521054889008B
:10C09000E9F700FC2368C7E73833002000FFFF2FD3
:10C0A000583E00204CE30210D30300000A002A4946
:10C0B00030B58C46036883B063449C105C2B00D978
:10C0C000183C0121254BA1401C78D0231B061B687E
:10C0D0009C421ED040BF224B04681D68AC4233D046
:10C0E0002C68002CFCD0BFF35F8F5C680C435C6055
:10C0F0001B68BFF35F8F002104681960D021002303
:10C1000009064B65BFF35F8F236082F3108803B08D
:10C1100030BD40BF0368BFF35F8F00241C6082F313
:10C120001088EFF305830E4ADBB29068002B0FD026
:10C1300001AA019400F08EFB019B002BE7D0802226
:10C14000084B52051A60E2E7586808435860D5E783
:10C1500000F052FADBE7C04600FFFF2F3833002023
:10C16000583E002004ED00E0F0B5CE46474680B5CD
:10C170008046894614001D0083B0EFF30583DBB2CF
:10C18000002B45D143461B68002B49D0394B1A7808
:10C19000D0231B061B689A4210D043461B68BFF38E
:10C1A0005F8F00221A6089F3108820002900F8F7B9
:10C1B00039FF03B0C0BCB946B046F0BDF8F7E2FFA6
:10C1C00026002F00361A8F4101212B484942801941
:10C1D000794143461E6800292BDC26D0BFF35F8FD0
:10C1E0000023336089F31088244B5A6A954205D89E
:10C1F0009B6A0120A342DCD29542DAD18022204BF7
:10C2000052051A60BFF34F8FBFF36F8F0020D0E746
:10C210001C481D49E9F73EFB43461B68002BB5D17E
:10C2200018481A49E9F736FBB0E7FA239B00984211
:10C23000D4D3FA2200239200F9F73CFF031ECDD09D
:10C24000BFF35F8F0022326089F31088104A1149D2
:10C25000906842468C461268624496105C2A00D967
:10C26000183E01210093B1400023012200F0F0F8B4
:10C27000BAE7C0463833002018FCFFFF00400540F5
:10C2800004ED00E04CE30210390400003A04000021
:10C29000583E002000FFFF2F70B504000D00F8F796
:10C2A00071FF241A8D410123200029000A4A5B42B4
:10C2B00080185941002905DC00D070BDFA239B008D
:10C2C0009842FAD3FA2200239200F9F7F3FE0028ED
:10C2D000F3D002F0F7FDF0E718FCFFFF10B5F8F718
:10C2E000A9F8054B054C9C4660448000206000F096
:10C2F000A3F8A06010BDC04640000034583E0020A6
:10C30000024B80009B68C0587047C04600ED00E0BB
:10C31000F8B50E00EFF3108772B60C4B84009B68E3
:10C320001D59A94204D00A4B9D420AD2F7F78EFF4D
:10C33000064B9B681E51BFF35F8F87F31088280060
:10C34000F8BD044B9D42F3D3F0E7C04600ED00E09A
:10C35000C0010010D40100100B4B70B504000D009B
:10C3600099420ED3094B99420BD2EFF3108372B668
:10C37000074AA4009268A550BFF35F8F83F310882B
:10C3800070BDF7F763FFF0E7C0010010D4010010A3
:10C3900000ED00E00300083B10B5072B11D8032384
:10C3A0000400094A18409446C0009C43FC33834073
:10C3B0006444226881409A43130001200B432360A8
:10C3C00010BD0020FCE7C04614ED00E00300083B70
:10C3D000072B0CD80749032302008C469A4362447A
:10C3E00003401268DB00DA40FF2010407047FF2056
:10C3F000FCE7C04614ED00E070B504000D00002815
:10C4000011D080235B049D4207D2FFF73BFD2368D8
:10C41000AB432360FFF742FD70BDE4210548FF31C7
:10C42000E9F738FAF1E7F12102484900E9F732FA71
:10C43000E7E7C046C0E3021010B5182004F07AFD0B
:10C44000041E03D0002308C000F010FA200010BD25
:10C45000F0B5C64606000D0090461F0000B5002846
:10C4600000D16DE080235B049D4251D2002D2CD081
:10C4700003F036FD002817D1069B002B51D102F0A6
:10C48000FBFB346823002B40002F47D1002B05D045
:10C490004346002B02D02300AB43336002F0F4FB91
:10C4A000200080BCB846F0BD02F0E6FB34682300F3
:10C4B0002B40002F0FD1002BEAD1069B002BEDD093
:10C4C00041464B1E9941090611E04A212D48FF3192
:10C4D000E9F7E0F9CCE79D42DAD0069B002BDDD0EE
:10C4E000434680215A1E9341C9041B061943069AEC
:10C4F0002943301D03F020FA02F0C6FB002837D094
:10C5000003F0EAFD0400830120D52402240AC7E7D2
:10C51000A4211C484900E9F7BDF9A9E79D42BDD116
:10C52000B6E7A62117484900E9F7B4F902F0A4FBE1
:10C53000346823002B40002F20D1002BA8D1BFE767
:10C5400048211048FF31E9F7A5F98BE7FFF79AFC7E
:10C55000346823002B40002F0DD1002B05D043461B
:10C56000002B02D02300AB433360FFF797FCCCE7EE
:10C57000FFF77CFCC4E79D42F7D1F0E79D42AFD1C5
:10C5800086E7C046C0E3021070B504000D00002825
:10C5900013D080235B049D4209D2FFF773FC266809
:10C5A0003300AB432360FFF779FC300070BDE4211A
:10C5B0000548FF31E9F76EF9EFE7F121024849003C
:10C5C000E9F768F9E5E7C046C0E3021010B5044C8E
:10C5D0000A0001000023200004F064FC10BDC046E6
:10C5E000F9C3011010B50400FFF76EFC2468FFF7D3
:10C5F0006FFC200010BDC046F0B54E464546DE46F5
:10C600005746E0B506000D0083B000284BD08023CC
:10C610005B049D4242D237000C37019702F02CFB9D
:10C62000336834691D433560A7422CD000239946F6
:10C630008023DB04984680235B049B4680239B0475
:10C640009A460FE000290AD059460A4202D04A46CB
:10C650001A4391465146294303F0D8FA3568019BA5
:10C66000A3420ED0200029004746026864681302E6
:10C670001B0A19403A42E5D08B42E5D0019BA34208
:10C68000F0D14B469D43356002F0FEFA280003B01E
:10C69000F0BCBB46B246A946A046F0BD04480549D9
:10C6A000E9F7F8F8B7E702480349E9F7F3F8AEE726
:10C6B000C0E302103302000032020000F0B5C646AB
:10C6C0009846802306000F00150000B55B049A42CF
:10C6D00055D2002A3CD003F003FC002816D1434673
:10C6E000002B00D079E002F0C7FA3468390030003E
:10C6F0003C43FFF781FF23002B409D4239D0346833
:10C7000002F0C2FA200080BCB846F0BD02F0B4FAD4
:10C71000390030003468FFF76FFF2B003C432340A3
:10C72000AB4226D04346002BE9D0A021C9044246A3
:10C730002943301D03F000F902F0A6FA002849D081
:10C7400003F0CAFC0400830137D52402240AD9E788
:10C75000234CC6212000E9F79DF803F0C1FB002817
:10C7600017D002F089FA390030003468FFF744FF2F
:10C770003C433368AB43336002F086FAC2E7184C9F
:10C78000C5212000E9F786F803F0AAFB0028BDD1F7
:10C79000A5E74346002BE4D02000C921E9F77AF849
:10C7A00002F06AFA3468390030003C43FFF724FF96
:10C7B00023002B409D42B8D1DBE7FFF763FB3468D1
:10C7C00023002B40AB4202D12300AB433360FFF781
:10C7D00065FBBAE7FFF74AFBB2E7014CDCE7C0466E
:10C7E000C0E3021010B5FFF707FF10BD70B5041EBF
:10C7F00024D0250002F040FA63680C35002B17D0D6
:10C80000114E06E08021890403F000FA6368002BD2
:10C810000ED02069A842F5D130000C49E9F73AF86A
:10C8200080212069890403F0F1F96368002BF0D1BD
:10C8300002F02AFA200004F067FC70BD02480449A7
:10C84000E9F728F8D5E7C046C0E302109D020000D2
:10C850009102000010B5044C13000A0001002000F2
:10C8600004F020FB10BDC046E5C7011003000833EB
:10C8700001224360C360036100235242826003606F
:10C880007047C046002303617047C04643689A68FA
:10C890004B608A60516099600368086101330360EE
:10C8A0007047C046030030B50D6808336A1C0DD0D0
:10C8B0001C005B681A68AA42FAD94B609960036849
:10C8C0008C60013361600861036030BD0469636896
:10C8D000F3E7C0460369416882688A60516059681D
:10C8E000814205D000220261186801381860704743
:10C8F0005A60F7E770B51600026C0400856B002AD9
:10C9000006D1066801350020002E25D0A56370BD34
:10C91000002E0ED14068FAF7E9FB6368226C0135FE
:10C920009B18A2686360934201D323686360002070
:10C93000ECE7C068FAF7DAFB226CE36851429B1A15
:10C940002268E360934202D2A3685B18E360022E80
:10C9500007D000200135D9E7A06803F017FBA660D7
:10C96000D4E7002DF5D00020D0E7C04670B5040014
:10C970000D0000283AD0C36B002B2FD0016C1A0C8D
:10C98000080C002A1DD1002837D1FFF77BFA216C53
:10C99000E36B22684B43D0185B1A6260D218A06028
:10C9A000E260FF2344220020A063A3540132A35479
:10C9B000002D25D12369002B2BD1FFF76FFA012021
:10C9C00013E000280AD1081C9BB289B2594380B2F7
:10C9D00093B24343090C5B181B0CD6D0114CB62103
:10C9E00020004900E8F756FF002070BD38210D4CAB
:10C9F000FF312000E8F74EFFF1E7021C181CE3E7C7
:10CA000020001030FFF732FF20002430FFF72EFF08
:10CA1000D3E72000103003F083F80028CDD0FFF7D3
:10CA200025FACAE71CE4021070B505000E000028C4
:10CA300040D0030C0A0C002B30D1002A42D1300028
:10CA400068430300493335D8483004F073FA041EB4
:10CA500034D00300002E33D12360E5632664FFF752
:10CA600011FA216CE36B22684B43D018A0600020C0
:10CA70005B1A6260D218E260FF234422A0632000A8
:10CA8000A3540132A3541030FFF7F0FE20002430ED
:10CA9000FFF7ECFEFFF702FA200070BD002A09D173
:10CAA000A8B2B2B2424389B29BB24B43120C9B185C
:10CAB0001B0CC4D005480649E8F7ECFE0024EBE760
:10CAC0004833C9E7131C011CEAE7C0461CE4021006
:10CAD0002D02000070B5041E0AD0FFF7D3F92368B9
:10CAE0000025002B00D1A568FFF7D8F9280070BDFC
:10CAF00002480349E8F7CEFEEFE7C0461CE4021007
:10CB0000BB02000010B5041E05D023680020002BD6
:10CB100000D1A06810BD02480249E8F7BBFEF4E767
:10CB20001CE40210DF02000070B505000E000028B2
:10CB300028D0884226D3482004F0FCF9041E26D0D1
:10CB4000C563002500600564FFF79CF9216CE36B69
:10CB500022684B43D0185B1A6260D218E260FF2350
:10CB60004422A0602000A563A3540132A3541030D6
:10CB7000FFF77CFE20002430FFF778FEFFF78EF9E8
:10CB8000A66304E003480449E8F784FE002420007B
:10CB900070BDC0461CE40210A9030000F0B5CE46EB
:10CBA000474680B585B0041E88469946019200D15B
:10CBB0006CE14346002B00D102E14B46022B00D131
:10CBC000F5E003F08DF9002803D1019B002B00D084
:10CBD0004DE1FFF757F9A26BE36B9A427ED34A46C9
:10CBE0000023022A7AD026002436019A002A00D196
:10CBF000EFE0002B00D1D6E0FFF750F902F03CF84F
:10CC0000FFF740F94422A35C5BB2013301D100235A
:10CC1000A3544522A35C5BB2013301D10023A3548A
:10CC2000FFF73CF901A902A803F084F8002800D01E
:10CC3000D3E0FFF727F9A26BE36B9A4262D0FFF7CC
:10CC40002DF9FFF71FF94523E55C6DB2002D05DCDA
:10CC500013E0013DEBB26DB2002B0ED0636A002BE6
:10CC60000BD0300002F05CFF0028F2D0013D03F051
:10CC7000A9F8EBB26DB2002BF0D14523FF22E254AC
:10CC8000FFF70CF9FFF7FEF84423E55C6DB2002DC9
:10CC900016DD2700103704E0013DEBB26DB2002B2A
:10CCA0000ED02369002B0BD0380002F039FF00288A
:10CCB000F2D0013D03F086F8EBB26DB2002BF0D15B
:10CCC0004423FF22E254FFF7E9F801F0DDFFFFF70C
:10CCD000D9F8A16BE26B0123914286D24A464146C4
:10CCE0002000FFF707FE636A002B00D0C4E0002895
:10CCF00000D0C8E0FFF7D2F8012005B0C0BCB946AB
:10CD0000B046F0BD27001037FFF7C8F8380001998A
:10CD100002F0BCFDFFF7B6F84523E55C6DB2002DCF
:10CD200005DC13E0013DEAB26DB2002A0ED0636A61
:10CD3000002B0BD0300002F0F3FE0028F2D0013DB2
:10CD400003F040F8EAB26DB2002AF0D14523FF2289
:10CD5000E254FFF7A3F8FFF795F84423E55C6DB2C2
:10CD6000002D05DC13E0013DEAB26DB2002A0ED0C1
:10CD70002369002B0BD0380002F0D2FE0028F2D03D
:10CD8000013D03F01FF8EAB26DB2002AF0D144234E
:10CD9000FF22E254FFF782F801F076FF002896D1D7
:10CDA000FFF764F893E702A802F0BCFF24E7E36B07
:10CDB000012B00D105E738483849E8F76BFD00E75B
:10CDC000236C002B00D1F8E633483549E8F762FDC3
:10CDD000F3E6FFF763F800208FE7FFF753F84523EA
:10CDE000E55C6DB2002D16DD2600243604E0013D21
:10CDF000EAB26DB2002A0ED0636A002B0BD030006D
:10CE000002F08EFE0028F2D0013D02F0DBFFEAB214
:10CE10006DB2002AF0D14523FF22E254FFF73EF81D
:10CE2000FFF730F84423E55C6DB2002D16DD2600D7
:10CE3000103604E0013DEAB26DB2002A0ED023693B
:10CE4000002B0BD0300002F06BFE0028F2D0013D29
:10CE500002F0B8FFEAB26DB2002AF0D14423FF22FB
:10CE6000E254FFF71BF801F00FFF002045E70A48E6
:10CE70000C49E8F70FFDACE62000243002F050FE2C
:10CE8000002800D136E7FEF7F1FF33E7F021024832
:10CE90008900E8F7FFFC8CE61CE40210C2030000E6
:10CEA000C1030000C503000070B5482004F042F83B
:10CEB000041E29D0002501230060C3630564FEF72A
:10CEC000E1FF216CE36B22684B43D0185B1A626070
:10CED000D218E260FF234422A0602000A563A3547F
:10CEE0000132A3541030FFF7C1FC20002430FFF7BB
:10CEF000BDFCFEF7D3FF0023002200212000A56027
:10CF00002560E560FFF74AFE200070BDF8B5CE460B
:10CF10004746040080B591460F001D00002850D000
:10CF2000002938D0022D0FD0FEF7CEFFA26BE36BA5
:10CF300080469A4213D300264046FEF7C9FF3000D0
:10CF4000C0BCB946B046F8BDE36B012B03D02948FD
:10CF50002949E8F79FFCFEF7B7FF8046A36B4523FE
:10CF6000E65C2A0076B239002000A36BFFF7C2FC12
:10CF7000731C04D1636A002B15D10126DCE701F094
:10CF8000F3FF8642F9D27F2E2FD04523013676B2A9
:10CF9000E6540126D0E7036C002BC3D0154817498F
:10CFA000E8F778FCBEE72000243002F0B9FD002845
:10CFB000E3D04B46002BE0D001234A460126136004
:10CFC000BAE70C4E0D493000E8F764FC30000A491E
:10CFD000E8F760FCFEF778FFA26BE36B80469A42AD
:10CFE000BDD30026022DA7D1B9E702480449E8F7CE
:10CFF00051FCCAE71CE402109B0400009A040000E4
:10D0000027050000F8B504000E00002847D0036C87
:10D01000002B1AD12368002B1FD0FEF755FFA36BFE
:10D02000E26B050000279A420AD94522A75C01332A
:10D030007FB2A3637B1C1AD1636A002B23D1012723
:10D040002800FEF745FF3800F8BD1A4D1A492800A0
:10D05000E8F720FC2368002BDFD1A368002BDCD08D
:10D06000144DAA212800C900E8F714FCD5E701F007
:10D070007BFF8742E3D27F2F17D0452301377FB252
:10D08000E7540127DCE72000243002F049FD0028A6
:10D09000D5D0002ED3D0012301273360D0E7054D32
:10D0A00005492800E8F7F6FBDBE702480349E8F703
:10D0B000F1FBE2E71CE402104B050000D205000082
:10D0C000F0B54746CE4680B585B0041E884601922D
:10D0D00000D14AE14346002B00D138E102F000FFC5
:10D0E000002803D1019B002B00D039E1FEF7CAFED6
:10D0F000A56B002D00D03EE1019B002B00D1C9E0C3
:10D10000260002A802F00EFE44272436FEF7C6FED3
:10D1100001F0B2FDFEF7B6FEE35D5BB2013301D173
:10D120000023E3554522A35C5BB2013301D1002308
:10D13000A354FEF7B3FE01A902A802F0FBFD0028EC
:10D1400052D1FEF79FFEA36B002B00D1AAE0FEF7A1
:10D15000A5FEFEF797FE4523E55C213B99466DB29F
:10D16000A144002D05DC13E0013DEAB26DB2002AB6
:10D170000ED0636A002B0BD0484602F0D1FC002889
:10D18000F2D0013D02F01EFEEAB26DB2002AF0D1EB
:10D190004523FF22E254FEF781FEFEF773FE44238F
:10D1A000E55C343B99466DB2A144002D05DC13E0EB
:10D1B000013DEAB26DB2002A0ED02369002B0BD0DC
:10D1C000484602F0ADFC0028F2D0013D02F0FAFD25
:10D1D000EAB26DB2002AF0D14423FF22E254FEF7F6
:10D1E0005DFE01F051FD4BE0FEF74CFE4523E55C92
:10D1F0006DB2002D05DC13E0013DEAB26DB2002AEC
:10D200000ED0636A002B0BD0300002F089FC00289E
:10D21000F2D0013D02F0D6FDEAB26DB2002AF0D1A3
:10D220004523FF22E254FEF739FEFEF72BFE1023C2
:10D230009946E55DA1446DB2002D05DC13E0013D8A
:10D24000EAB26DB2002A0ED02369002B0BD04846FB
:10D2500002F066FC0028F2D0013D02F0B3FDEAB214
:10D260006DB2002AF0D1FF23E355FEF717FE01F05F
:10D270000BFDFEF707FEA36B002B0BD0FEF70EFE97
:10D28000FEF700FEA56B002D00D074E0019B002B83
:10D2900000D03BE7FEF702FE002005B0C0BCB94657
:10D2A000B046F0BDFEF7FAFD24239946A144484656
:10D2B000019902F0EBFAFEF7E5FD4523E55C6DB25E
:10D2C000002D05DC13E0013DEAB26DB2002A0ED05C
:10D2D000636A002B0BD0484602F022FC0028F2D0F3
:10D2E000013D02F06FFDEAB26DB2002AF0D1452394
:10D2F000FF22E254FEF7D2FDFEF7C4FD4423E55CB5
:10D30000343B99466DB2A144002D05DC13E0013D8C
:10D31000EAB26DB2002A0ED02369002B0BD048462A
:10D3200002F0FEFB0028F2D0013D02F04BFDEAB214
:10D330006DB2002AF0D14423FF22E254FEF7AEFD85
:10D3400001F0A2FC00289BD1FEF790FD98E7236C2A
:10D35000002B00D1C2E618481849E8F79BFABDE651
:10D3600015481749E8F796FAC0E6BE211248C900E9
:10D37000E8F790FAAEE6226C002A08D0E168A368CC
:10D380008918E16099420BD24046F9F7AFFE236954
:10D39000013DA563002B06D1FEF780FD01207CE74F
:10D3A0002168E160F0E72000103002F0B9FB0028AE
:10D3B000F2D0FEF75BFDEFE71CE40210F40500007D
:10D3C000F9050000F0B5CE46474680B585B0041E8D
:10D3D000019100D15FE1236C002B00D04CE102F001
:10D3E0007FFD002803D1019B002B00D049E1FEF70F
:10D3F00049FDA36B002B00D05BE1019B002B00D10A
:10D4000037E102A802F08EFC00232600984644274C
:10D410002436FEF743FD01F02FFCFEF733FDE35DFC
:10D420005BB2013301D10023E3554522A35C5BB21B
:10D43000013301D10023A354FEF730FD01A902A856
:10D4400002F078FC002852D1FEF71CFDA36B002BE4
:10D4500000D1AEE0FEF722FDFEF714FD4523E55CAA
:10D460006DB2002D17DD213B9946A14404E0013D3A
:10D47000EAB26DB2002A0ED0636A002B0BD0484688
:10D4800002F04EFB0028F2D0013D02F09BFCEAB214
:10D490006DB2002AF0D14523FF22E254FEF7FEFCD4
:10D4A000FEF7F0FC4423E55C6DB2002D17DD343B44
:10D4B0009946A14404E0013DEAB26DB2002A0ED0C3
:10D4C0002369002B0BD0484602F02AFB0028F2D03B
:10D4D000013D02F077FCEAB26DB2002AF0D144239C
:10D4E000FF22E254FEF7DAFC01F0CEFB56E0FEF735
:10D4F000C9FC4523E55C6DB2002D05DC13E0013D60
:10D50000EAB26DB2002A0ED0636A002B0BD0300055
:10D5100002F006FB0028F2D0013D02F053FCEAB213
:10D520006DB2002AF0D14523FF22E254FEF7B6FC8B
:10D53000FEF7A8FCE55D6DB2002D17DD10239946BE
:10D54000A14404E0013DEAB26DB2002A0ED0236985
:10D55000002B0BD0484602F0E3FA0028F2D0013D40
:10D5600002F030FCEAB26DB2002AF0D1FF23E3559D
:10D57000FEF794FC01F088FBFEF784FCA36B002B04
:10D580000AD1FEF78BFC4346002B6AD1002005B080
:10D59000C0BCB946B046F0BDFEF780FCFEF772FC99
:10D5A000A36B002B00D084E0019B002B00D030E760
:10D5B0005FE0FEF773FC2368002B71D024239946AB
:10D5C000A1444846019902F061F9FEF75BFC45234E
:10D5D000E55C6DB2002D05DC13E0013DEAB26DB2F1
:10D5E000002A0ED0636A002B0BD0484602F098FA4E
:10D5F0000028F2D0013D02F0E5FBEAB26DB2002A4C
:10D60000F0D14523FF22E254FEF748FCFEF73AFC36
:10D610004423E55C6DB2002D17DD343B9946A144EF
:10D6200004E0013DEAB26DB2002A0ED02369002B5E
:10D630000BD0484602F074FA0028F2D0013D02F007
:10D64000C1FBEAB26DB2002AF0D14423FF22E254BA
:10D65000FEF724FC01F018FB00289FD1FEF706FC22
:10D660009CE7FEF70FFC616A00290FD1A06802F069
:10D67000D9FCFEF713FC89E71A481B49E8F70AF9B9
:10D68000ADE618481949E8F705F9B0E61821236B0B
:10D690001B68C91AEAE713481549E8F7FBF89AE648
:10D6A000FEF7F0FBA06802F02BFC8046FEF7F6FBCD
:10D6B00084E7013BA3632368002B0FD02369002B71
:10D6C00003D1FEF7EBFB012061E72000103002F0F0
:10D6D00027FA0028F5D0FEF7C9FBF2E702F008FDB3
:10D6E000A060EBE71CE402108D060000920600002B
:10D6F00089060000F0B54746CE4680B585B0041EC9
:10D700008846019200D13FE1002900D138E102F0C2
:10D71000E7FB002803D1019B002B00D039E1FEF785
:10D72000B1FBA36B002B00D038E1019B002B00D193
:10D73000C9E0260002A802F0F5FA44272436FEF7D5
:10D74000ADFB01F099FAFEF79DFBE35D5BB201339F
:10D7500001D10023E3554522A35C5BB2013301D123
:10D760000023A354FEF79AFB01A902A802F0E2FAF3
:10D77000002852D1FEF786FBA36B002B00D1AAE054
:10D78000FEF78CFBFEF77EFB4523E55C213B9946CB
:10D790006DB2A144002D05DC13E0013DEAB26DB28B
:10D7A000002A0ED0636A002B0BD0484602F0B8F96D
:10D7B0000028F2D0013D02F005FBEAB26DB2002A6A
:10D7C000F0D14523FF22E254FEF768FBFEF75AFB37
:10D7D0004423E55C343B99466DB2A144002D05DC41
:10D7E00013E0013DEAB26DB2002A0ED02369002B8E
:10D7F0000BD0484602F094F90028F2D0013D02F027
:10D80000E1FAEAB26DB2002AF0D14423FF22E254D9
:10D81000FEF744FB01F038FA4BE0FEF733FB4523FB
:10D82000E55C6DB2002D05DC13E0013DEAB26DB29E
:10D83000002A0ED0636A002B0BD0300002F070F982
:10D840000028F2D0013D02F0BDFAEAB26DB2002A22
:10D85000F0D14523FF22E254FEF720FBFEF712FB36
:10D8600010239946E55DA1446DB2002D05DC13E05F
:10D87000013DEAB26DB2002A0ED02369002B0BD015
:10D88000484602F04DF90028F2D0013D02F09AFA24
:10D89000EAB26DB2002AF0D1FF23E355FEF7FEFA9B
:10D8A00001F0F2F9FEF7EEFAA36B002B0BD0FEF7B6
:10D8B000F5FAFEF7E7FAA36B002B00D06EE0019BB0
:10D8C000002B00D03BE7FEF7E9FA002005B0C0BC12
:10D8D000B946B046F0BDFEF7E1FA24239946A144CB
:10D8E0004846019901F0D2FFFEF7CCFA4523E55CEA
:10D8F0006DB2002D05DC13E0013DEAB26DB2002AE5
:10D900000ED0636A002B0BD0484602F009F90028BC
:10D91000F2D0013D02F056FAEAB26DB2002AF0D11F
:10D920004523FF22E254FEF7B9FAFEF7ABFA44238F
:10D93000E55C343B99466DB2A144002D05DC13E053
:10D94000013DEAB26DB2002A0ED02369002B0BD044
:10D95000484602F0E5F80028F2D0013D02F032FA24
:10D96000EAB26DB2002AF0D14423FF22E254FEF75E
:10D9700095FA01F089F900289BD1FEF777FA98E72C
:10D98000036C002B00D1C2E614481549E7F782FF6B
:10D99000BDE612481349E7F77DFFC0E6226CE56853
:10D9A000002A07D0A368A918E16099420AD240462C
:10D9B000F9F79CFB636AE560002B06D1FEF76EFA6F
:10D9C000012083E72168E160F1E72000243002F0C4
:10D9D000A7F80028F2D0FEF749FAEFE71CE402109E
:10D9E000690700006E070000F8B5CE464746040000
:10D9F0000D00914680B5002843D0002D2CD0FEF7B5
:10DA000063FA0023A76B06009846002F07D1300069
:10DA1000FEF75EFA4046C0BCB946B046F8BD443396
:10DA2000E35C226C5BB29846002A0AD0E168A368E6
:10DA30008918E160994201D32168E1602800F9F773
:10DA400055FB4346013FA76301330DD12369002BEA
:10DA50001CD101239846DAE7236C002BCFD0144861
:10DA60001449E7F717FFCAE701F07EFA8045F0D2C4
:10DA700043467F2B17D04346442201335BB2A35465
:10DA8000E7E70B480C49E7F705FFB6E72000103041
:10DA900002F046F80028DCD04B46002BD9D00123F9
:10DAA0004A461360D5E702480449E7F7F3FEE2E788
:10DAB0001CE40210020800000108000048080000F1
:10DAC000F8B504000F00002836D000292BD0236CB5
:10DAD000002B0BD0FEF7F8F9A36B05000026002BF6
:10DAE00010D12800FEF7F4F93000F8BD154D2800DC
:10DAF0001549E7F7CFFEFEF7E7F9A36B050000260F
:10DB0000002BEED0226CE668002A09D0A368B11879
:10DB1000E160994201D32168E1603800F9F7E6FA43
:10DB2000E6600126DDE7036C064D002BDFD0280000
:10DB30000649E7F7AFFECAE7024D04492800E7F7B8
:10DB4000A9FED4E71CE40210660800006508000086
:10DB500010B5041E06D0FEF795F9A46BFEF79EF9EA
:10DB6000200010BD02480349E7F794FEF3E7C046E2
:10DB70001CE402109E08000010B5041E08D0FEF739
:10DB800081F9A36BE46BE41AFEF788F9200010BD5D
:10DB900002480349E7F77EFEF1E7C0461CE40210A5
:10DBA000B308000010B5041E01D0A06B10BD0248E0
:10DBB0000249E7F76FFEF8E71CE40210C80800000E
:10DBC00070B5041E22D0244B5A68944229D0DA68DA
:10DBD00094422ED05A6994422DD0DA6994422CD0C6
:10DBE0005A6A94422BD0DA6A94422AD05A6B9442F1
:10DBF00029D0DA6B944228D05A6C944227D0DA6C40
:10DC0000944226D0200003F07FFA70BD134D1449D2
:10DC10002800E7F73FFEC22128000901E7F73AFE96
:10DC2000D1E7002200200021D2009B181860596023
:10DC3000E8E70122F6E70222F4E70322F2E70422F2
:10DC4000F0E70522EEE70622ECE70722EAE70822E2
:10DC5000E8E70922E6E7C046083A00201CE4021083
:10DC6000D7080000006C7047C06B704710B5041EE9
:10DC700003D0A06B4342584110BD02480249E7F768
:10DC800009FEF6E71CE40210550A000010B5041E58
:10DC900005D0A36BE06BC01A4342584110BD024847
:10DCA0000249E7F7F7FDF4E71CE40210820A0000DE
:10DCB00070B504000D00002866D0002D44D0594BEB
:10DCC0005A68944200D195E01A68002A3DD0DA687B
:10DCD000944200D1A3E09A68002A5AD05A6994422B
:10DCE00000D19AE01A69002A59D0DA69944200D129
:10DCF00089E09A69002A58D05A6A94425ED01A6A1A
:10DD0000002A5FD0DA6A944200D17EE09A6A002A43
:10DD10005ED05A6B944200D179E01A6B002A5DD034
:10DD2000DA6B944200D174E09A6B002A5CD05A6C92
:10DD3000944200D16FE01A6C002A5DD0DA6C9442F4
:10DD40005FD09A6C002A36D070BDDA68944266D0F3
:10DD50005A69944261D01A00D9698C4253D0596AE9
:10DD60008C422BD0D96A8C424FD0596B8C424ED00A
:10DD7000D96B8C424DD0596C8C424CD0D96C8C42B2
:10DD80003FD015605460DFE727482849E7F782FD58
:10DD900093E75A69944240D01A000832DCE7DA6906
:10DDA000944230D01A001032D9E75A6A944205D012
:10DDB0001A001832D6E748331A00E2E70422D200EC
:10DDC0009A18DEE7DA6A94421FD01A002032CCE7B4
:10DDD0005A6B94421BD01A002832C9E7DA6B94427E
:10DDE00017D01A003032C6E75A6C944213D01A008A
:10DDF0003832C3E70022E2E71A00D96C40328C4285
:10DE0000BFD10922DBE70322D9E70522D7E70622A3
:10DE1000D5E70722D3E70822D1E70222CFE7012284
:10DE2000CDE7C046083A00201CE40210CC0B0000ED
:10DE300010B5041E20D01E4B5A68944221D0DA68D7
:10DE4000944222D05A69944221D0DA69944220D077
:10DE50005A6A94421FD0DA6A94421ED05A6B944296
:10DE60001DD0DA6B94421CD05A6C94421BD0DA6CF1
:10DE70000020A24219D010BD0E480F49E7F70AFD55
:10DE8000D9E70022D2009858F5E70122FAE70222EA
:10DE9000F8E70322F6E70422F4E70522F2E7062278
:10DEA000F0E70722EEE70822ECE70922EAE7C0469E
:10DEB000083A00201CE40210FE0B000010B5041EFE
:10DEC0001FD0204B5A68944221D0DA68944226D061
:10DED0005A69944225D0DA69944224D05A6A94420D
:10DEE00023D0DA6A944222D05A6B944221D0DA6B62
:10DEF000944220D05A6C94421FD0DA6CA2421ED0B9
:10DF000010BDC22110480901E7F7C4FCD9E700227F
:10DF100000200021D2009B1818605960F0E7012210
:10DF2000F6E70222F4E70322F2E70422F0E70522F3
:10DF3000EEE70622ECE70722EAE70822E8E70922F3
:10DF4000E6E7C046083A00201CE4021070B5050060
:10DF500016000C00FDF796FF4422AB5C5BB2013368
:10DF600001D10023AB544522AB5C5BB2013301D13C
:10DF70000023AB54FDF792FFAB6B002B46D0FDF7AF
:10DF800081FF4523EC5C64B2002C16DD2E002436A4
:10DF900004E0013CE2B264B2002A0ED06B6A002BAE
:10DFA0000BD0300001F0BCFD0028F2D0013C01F0A4
:10DFB00009FFE2B264B2002AF0D14523FF22EA54FD
:10DFC000FDF76CFFFDF75EFF4423EC5C64B2002CB0
:10DFD00016DD2E00103604E0013CE2B264B2002AE5
:10DFE0000ED02B69002B0BD0300001F099FD0028DA
:10DFF000F2D0013C01F0E6FEE2B264B2002AF0D1B8
:10E000004423FF22EA54FDF749FF70BD2800320087
:10E010002100243001F002FDB1E7C046F0B5C6464C
:10E0200000B50500FDF72EFF334C23680133236054
:10E030006368002B2DD0636FEA6A002B23D02F4F2B
:10E04000A36F0133A367E36F934200D2E2679300AB
:10E050009B189B00F9184A68281D9668AA60EE6014
:10E0600070609060FA5869610132FA50FDF716FF4E
:10E07000636F002B04D06368DA6AEB6A9A420FD3AD
:10E0800080BCB846F0BD6368DB6A9342D7D8656050
:10E09000D5E765602368012B05D0EA6A174FCFE703
:10E0A000FDF7E4FEECE7F023144F5B0098463E00DA
:10E0B000B84430001436FEF7D9FB4645F9D10823A1
:10E0C00098462600A04440461C36FEF7CFFB3000A1
:10E0D000FEF7CCFB20003030FEF7C8FB20004430B8
:10E0E000FEF7C4FB20005830FEF7C0FB4346EA6A47
:10E0F000E3662667A4E7C046683E0020083F00208C
:10E10000F0B54F464646D646294C2A4BC0B59846F0
:10E110001F68E36E0E009946236F00219A466F2315
:10E12000050062686068D1540430FEF7D3FB6B1CB5
:10E130001AD063687D195D60AF4209D961685046A5
:10E140000431FEF7AFFBE0BCBA46B146A846F0BDCD
:10E15000616848460431FEF7A5FB43465B68AB4265
:10E16000F1D943465D60EEE7002E0CD162687B1E5C
:10E1700053609F42E2D8616848460431FEF792FB43
:10E1800043465B68DFE7E36D6268996893606268A5
:10E19000D160626804324A60626804329A60220088
:10E1A000636858325A61A36D0133A365CBE7C0465B
:10E1B000683E0020E83E00200022F8B52B4B2C4D95
:10E1C0009A6069686A686B6812681B6B10339A42C0
:10E1D00004D90B6B27491A688A4235D06968686888
:10E1E0003431E7F72BFBEB6F234E9A00D418A400D1
:10E1F0003159002919D1143C204F341904E0226808
:10E20000143C013B002A0FD1002BF8D138001C49E7
:10E21000E7F740FB2368143C002B22D12268013B26
:10E22000143C013B002AEFD09A00D2189200B0189B
:10E23000416808324968B6184160B1420ED0CA68D8
:10E240006A60EB676B68F8BD59689142C6D19A68FD
:10E250008A42C3D1DB689342C0D1C4E7C168416040
:10E26000EDE7012304225B425242DEE7E83E002054
:10E27000683E0020A5A5A5A5083F002070E4021077
:10E280002F140000F8B5D6464F46960080B581465B
:10E2900030000D009A4602F04DFE071E00D18DE0C1
:10E2A000702002F047FE041E00D184E0702200219D
:10E2B000F8F716FF3200A52138002763F8F710FFA2
:10E2C000236B043E9E1907239E43002D4BD034221E
:10E2D0002B78A354002B43D06B780132A354002B2E
:10E2E0003ED0AB780132A354002B39D0EB78013209
:10E2F000A354002B34D02B790132A354002B2FD000
:10E300006B790132A354002B2AD0AB790132A3548C
:10E31000002B25D0EB790132A354002B20D02B7A8F
:10E320000132A354002B1BD06B7A0132A354002B73
:10E3300016D0AB7A0132A354002B11D0EB7A013204
:10E34000A354002B0CD02B7B0132A354002B07D0FD
:10E350006B7B0132A354002B02D04223AA7BE254F0
:10E3600043230022E254089B172B1CD81825ED1AD2
:10E37000E3626364201DFEF785FA20001830FEF783
:10E3800081FA5246494630002461A5616462FDF776
:10E3900053FD099B2060002B00D01C602000C0BCF6
:10E3A000BA46B146F8BD06480649E7F773FA17239F
:10E3B00001250893DCE7380002F0A6FE0024EDE713
:10E3C00070E402107A070000F8B5124D124E134F98
:10E3D00014E0FDF757FD336DDC68201DFEF77AFA77
:10E3E0003368013B3360EB68013BEB60FDF756FDA2
:10E3F000206B02F089FE200002F086FEEB68002B05
:10E40000E7D13B68012B01D9FDF730FDE7F702FAB0
:10E41000F4E7C046E83E0020683E0020083F0020A8
:10E42000F0B54546DE4657464E46E0B5554B83B0FF
:10E430001D68554C013501931D60002D14D1E36E0C
:10E440001B68002B00D098E0E36E226FE266019A11
:10E450002367136901331361E36E1B68002B00D03F
:10E4600079E0013B536013005B689D4258D3E36E33
:10E470001B68002B00D176E00023444F9C4600939C
:10E480003AE0614659611168013911609A6A002ABF
:10E490000ED0D969186A8860416051688A461900AF
:10E4A00018318A455DD06146996211680139116061
:10E4B000D96AE26F914200D9E1678A00521892004E
:10E4C000B818824640684E46804698608068D8609A
:10E4D00046604046866050465861BB580133BB5089
:10E4E0006368009ADB6A8B429B415B421A43E36E8E
:10E4F00000921B68002B38D0E36EDB68DB685A683B
:10E50000954237D399685A6988464046D9688160F0
:10E510004860181D814650684845B2D15160B0E747
:10E5200000231A4F00936368019AD96A92688B009E
:10E530005B189B00F95801238B429B41511E8A4175
:10E5400000985B421343184303B0F0BCBB46B2468D
:10E55000A946A046F0BDE36EDB681B68536013005C
:10E5600082E750609FE7094F00930123019A5B42C5
:10E570005360D8E7019B5A60D5E705480549E7F79E
:10E5800089F961E7E83E0020683E0020083F00204E
:10E5900070E402109212000010B582B0059C019444
:10E5A000049C0094FFF76EFE002804D0FFF736FDB0
:10E5B000012002B010BD01204042FAE770B504000E
:10E5C000FDF760FC2C4D002C3FD0261D3000FEF7DF
:10E5D00081F9A36A002B03D020001830FEF77AF9E6
:10E5E000AB6F0133AB676B68A3421FD06B6F2B68B7
:10E5F000013B2B60EB6E1B68002B13D0EB6E1F4EA4
:10E60000DB681B687360FDF749FC206B02F07CFD42
:10E61000200002F079FD6B6F002B02D06B68A342E3
:10E620001FD070BD154E013B7360ECE76B6F002B84
:10E63000DDD0280031004430FEF728F90F4EF36892
:10E640000133F360FDF72AFCE5E76C68002CBCD1D0
:10E650000B490C48E7F71EF90420FEF73BF9A36AC3
:10E66000FFDE7369002B02D1FDF700FCD9E70548F6
:10E670000549E7F70FF9F7E7683E0020E83E00207C
:10E68000B208000070E402102B090000F8B5CE4675
:10E690004746040080B500283CD0234D00206B681D
:10E6A000A3421ED0FDF7EEFBEB6E666998462B6F1A
:10E6B000A76A9946FDF7F2FB2B0030339F4214D036
:10E6C00046452CD04E452AD02B0058339E420ED0C2
:10E6D0004435AE4225D073425E410320764230403D
:10E6E0000130C0BCB946B046F8BD0120F9E7A36AC5
:10E6F0000220002BF5D16C33E35C012BF1D06D23AC
:10E70000E35C012BEDD06E23E05C0138431E9841A1
:10E710000230E6E705480649E7F7BCF8BDE7022006
:10E72000DFE70420DDE7C046683E002070E4021009
:10E73000D709000010B50400FDF7A4FB002C04D09D
:10E74000E46AFDF7ABFB200010BD054B5C68002CB4
:10E75000F6D104480449E7F79DF8E36AFFDEC046B6
:10E76000683E002070E402105C0A000010B504004E
:10E77000FDF7AAFB002C04D0E46AFDF7A9FB2000FA
:10E7800010BD054B5C68002CF6D104480449E7F73E
:10E7900081F8E36AFFDEC046683E002070E40210A4
:10E7A0008E0A000010B50400FDF76CFB002C04D0AD
:10E7B000646CFDF773FB200010BD054B5C68002CFA
:10E7C000F6D104480449E7F765F8636CFFDEC046FC
:10E7D000683E002070E40210AA0A000010B5040090
:10E7E000FDF772FB002C04D0646CFDF771FB200078
:10E7F00010BD054B5C68002CF6D104480449E7F7CE
:10E8000049F8636CFFDEC046683E002070E40210E9
:10E81000DC0A0000F0B5C64604000D0000B517295B
:10E8200036D8FDF72FFB002C3BD0636C9D421DD0EA
:10E830002F4F20D87E68361B72425641E26A9342BF
:10E8400024D0954222D8A3696564002B02DB1823EB
:10E850005B1BA36193009B18264D9B006269EB181C
:10E860009A4228D0002E01D0FDF700FBFDF716FBE1
:10E8700080BCB846F0BD7A68A24236D07A68D66AC3
:10E88000E26AAE42B64176429342DAD1E562DAE715
:10E8900019481A49E6F7FEFF1725FDF7F3FA002C91
:10E8A000C3D1134B5C68002CBFD113481449E6F761
:10E8B000F1FF636CFFDE231D18009846FEF70AF88F
:10E8C000E26AFB6F9A4200D9FA67474693009B18A9
:10E8D0009B00E9184A689068A260E0604760976012
:10E8E000EA5861610132EA50BCE70026A6E7C0465B
:10E8F000683E0020083F002070E40210F90A000082
:10E900000A0B000070B50400FDF7BCFA364D002C70
:10E9100044D0261D3000FDF7DDFFA36A002B03D095
:10E9200020001830FDF7D6FF280031005830FDF7E1
:10E93000ADFF6C23E25C012A01D10022E2546D2379
:10E94000E25C012A01D10022E2546E23E25C012A3A
:10E9500001D10022E254FDF7A1FA6B6F002B03D125
:10E960006B68A34210D070BDFDF78CFAEB6E1B688C
:10E97000002B1FD0EB6EDB681A681C4B5A60FDF74A
:10E980008DFA6B68A342EED16B6F002B17D0174B3B
:10E990005B69002B23D1FDF769FAE4E76C68002C72
:10E9A000B7D113491348E6F775FF0420FDF792FF2E
:10E9B000A36AFFDE01220D4B52425A60DFE729684D
:10E9C000AA6D914206D0094B5A69002A04D001224F
:10E9D0009A60C8E76B60C6E7FFF7EEFBC3E7054840
:10E9E0000549E6F757FFD6E7683E0020E83E0020DD
:10E9F000580C000070E40210C50C0000F0B5C646CB
:10EA0000040000B5002843D0254D6B68984208D01B
:10EA1000FDF738FA2B00626958339A4204D0FDF7AB
:10EA20003DFA80BCB846F0BD2A00A36A303293425A
:10EA3000F5D0002BF3D16C33E35C012BEFD06D23C9
:10EA4000E35C012BEBD06E23E35C012BE7D0261DAA
:10EA50003000FDF73FFFE26AEB6F9A4200D9EA67A8
:10EA6000930010499B189B00C8188046406887682F
:10EA7000A060E7607E60866040466061C8580130F3
:10EA8000C8506B68DB6A9A42C9D9FDF7EFF9C6E74F
:10EA900005480649E6F7FEFE014B5B68C1E7C04644
:10EAA000683E0020083F002070E402103D0D000089
:10EAB000F0B5C646040000B500284DD0FDF704FAB5
:10EAC00005002E4E6269330058339A4207D0002762
:10EAD0002800FDF7FDF9380080BCB846F0BD3000D5
:10EAE000A36A30308342F2D0002BF0D16C33E35C68
:10EAF000012BECD06D23E35C012BE8D06E23E35CAB
:10EB0000012BE4D01E4B5A69002A32D17268E16AA7
:10EB1000D26A0027914202D9012201379A60231D4F
:10EB200018009846FDF7D6FEE26AF36F9A4200D9C4
:10EB3000F267930013499B189B00CA1894464046FD
:10EB400052689668A260E66070609060624662619A
:10EB5000CA580132CA50BBE70B4E0C493000E6F7E9
:10EB600099FEFDF7B1F90A4905003000E6F792FE7B
:10EB7000A7E721001831FDF789FEA8E7683E0020CD
:10EB8000E83E0020083F002070E402107B0D0000EA
:10EB9000F90C000030B587B01022002102A8F8F768
:10EBA0009FFA164B164C029323000025802218333F
:10EBB0000193144800230095920002A9FFF762FB1D
:10EBC00000280BD0FFF72AFA01F0B2FF01280AD083
:10EBD000013003D00C4B1B6807B030BD0B480C490B
:10EBE000E6F758FEF6E772B601235B426360094B15
:10EBF00058672560FDF7A8F9ECE7C04649444C4545
:10EC0000E83E0020C9E30110649E031070E4021086
:10EC1000C30E0000683E002070B502F07FF8FFF7D9
:10EC2000CDFC134DA869FFF7C9FCEB68114E002B12
:10EC300017D0FDF727F9336DDC68201DFDF74AFE7C
:10EC40003368013B3360EB68013BEB60FDF726F96D
:10EC5000206B02F059FA200002F056FAEB68002B04
:10EC6000E7D172B600237367FDF7F6F870BDC046B2
:10EC7000E83E0020683E0020024A53690133536198
:10EC80007047C046E83E0020F0B5DE464546574690
:10EC90004E46E0B583B0FDF7F5F84D4D6B69002B9E
:10ECA00000D185E06B69013B6B616B69002B6CD116
:10ECB000484C2368002B68D0236B002B4BD0464B6D
:10ECC0009B460023994601339C46E36BDB68DE6973
:10ECD000196A9A6AB1604E601E0057681836B742CA
:10ECE00064D0494699621168013911609E68D968FB
:10ECF0005A69B1604E601E1DB0465668464553D0F5
:10ED00001168DF6A01391160E26F974200D9E76745
:10ED1000BA00D21992001100404659440191496845
:10ED20008E689960DE6070608860019959615B4609
:10ED300059469B5801338B506368DB6A9F422FD939
:10ED40006346AB60236B002BBFD1E36E1B68002BC7
:10ED500033D1013B6B60EE69002E13D0012707E031
:10ED6000FFF75EFB002800D0AF60013E002E08D008
:10ED70006B69002BF4D0EB69013E0133EB61002E8F
:10ED8000F6D1EE61AB68002B1CD10024FDF786F8AC
:10ED9000200003B0F0BCBB46B246A946A046F0BD79
:10EDA000236B002B91D1D0E75160A9E7516098E720
:10EDB0000A480B49E6F76EFD74E7E36EDB681B68F3
:10EDC0006B60C8E76368FDF751F80124DEE7C046D1
:10EDD000E83E0020683E0020083F002070E402105A
:10EDE000C10F0000F0B5D6464F46464605000C0060
:10EDF000C0B5002854D0002C4DD02C4E736901337F
:10EE0000736137687369012B03D029482949E6F7F4
:10EE100041FD2B681C19BB420DD9A3420DD82C60B3
:10EE20000024FFF731FF002829D02000E0BCBA46BB
:10EE3000B146A846F0BDA34201D8A742EFD233683D
:10EE40002C601D4DDF1B9846EB6E002199462B6F01
:10EE50006A689A466F236868D1540430FDF73AFD1A
:10EE60006B686968E7195F600431B8450AD9504694
:10EE7000FDF718FD0124FFF707FF0028D5D1FCF7A7
:10EE8000F5FFD2E74846FDF70DFD73689F42F1D2CA
:10EE900001247760EFE706480849E6F7FBFCACE79A
:10EEA00003480749E6F7F6FCA5E7C046E83E002020
:10EEB00070E402104F090000683E0020470900007E
:10EEC00046090000F8B5CE464746040080B5002844
:10EED00022D01B4E7369013373617369012B29D1F1
:10EEE000184D3768EB6E002198462B6F6A6899467B
:10EEF0006F236868D1540430FDF7ECFC6B686968D7
:10EF0000E4195C600431A7420CD94846FDF7CAFCFD
:10EF1000FFF7BAFE002801D1FCF7A8FFC0BCB94634
:10EF2000B046F8BD4046FDF7BDFC73689C42EFD289
:10EF30007460EDE704480549E6F7ACFCD0E7C0464D
:10EF4000E83E0020683E002070E40210A5090000A1
:10EF5000014B18687047C046E83E0020014B186816
:10EF60007047C046E83E0020014B18687047C04615
:10EF7000683E002010B5041E02D02000343010BDC1
:10EF8000044B5C68002CF8D103480449E6F782FC86
:10EF9000F3E7C046683E002070E402108B100000CA
:10EFA000F0B54546DE4657464E46E0B583B005000F
:10EFB00004F04EFD0F2800D962E3B34A53690133D0
:10EFC0005361B24B352718009B4636239C460133CC
:10EFD000994601339A4608305B461B68002B00D1E6
:10EFE0009EE04368834200D19AE0392290465A4617
:10EFF000342629780192DC68A25D8A4200D089E03B
:10F00000002900D132E3E25D93466A785A4500D088
:10F0100080E0002A00D129E36246A25C9346AA78E8
:10F020005A4577D1002A00D120E34A46A25C934694
:10F03000EA785A456ED1002A00D117E35246A25C05
:10F0400093462A795A4565D1002A00D10EE34246FB
:10F05000A25C93466A795A455CD1002A00D105E347
:10F060003A22A25C9346AA795A4553D1002A00D18C
:10F07000FCE23B22A25C9346EA795A454AD1002A37
:10F0800000D1F3E23C22A25C93462A7A5A4541D150
:10F09000002A00D1EAE23D22A25C93466A7A5A45F0
:10F0A00038D1002A00D1E1E23E22A25C9346AA7A3E
:10F0B0005A452FD1002A00D1D8E23F22A25C9346C4
:10F0C000EA7A5A4526D1002A00D1CFE24022A25C3A
:10F0D00093462A7B5A451DD1002A00D1C6E241221F
:10F0E000A25C93466A7B5A4514D1002A00D1BDE246
:10F0F0004222A25C9346AA7B5A450BD1002A00D13A
:10F10000B4E24322A25C9346EA7B5A4502D1002A2C
:10F1100000D1ABE25B68834200D06CE7019B9B4669
:10F1200014235B429846C018594BC344834200D015
:10F1300052E7584BDA6E1168002900D1ACE010009C
:10F14000D2680830904200D1A6E03524A2460134AE
:10F15000A1460134A04601343426A4462978D46857
:10F16000A75D8F4200D08AE0002900D17EE2574699
:10F17000E75DBB466F785F4500D080E0002F00D18F
:10F1800074E24F46E75DBB46AF785F4577D1002F0D
:10F1900000D16BE24746E75DBB46EF785F456ED135
:10F1A000002F00D162E26746E75DBB462F795F45DD
:10F1B00065D1002F00D159E23927E75DBB466F7951
:10F1C0005F455CD1002F00D150E23A27E75DBB4696
:10F1D000AF795F4553D1002F00D147E23B27E75D70
:10F1E000BB46EF795F454AD1002F00D13EE23C2774
:10F1F000E75DBB462F7A5F4541D1002F00D135E254
:10F200003D27E75DBB466F7A5F4538D1002F00D1BF
:10F210002CE23E27E75DBB46AF7A5F452FD1002F3A
:10F2200000D123E23F27E75DBB46EF7A5F4526D159
:10F23000002F00D11AE24027E75DBB462F7B5F45D8
:10F240001DD1002F00D111E24127E75DBB466F7B46
:10F250005F4514D1002F00D108E24227E75DBB468D
:10F26000AF7B5F450BD1002F00D1FFE14327E75D66
:10F27000BB46EF7B5F4502D1002F00D1F6E152681B
:10F28000904200D06BE707E0E83E0020D440002029
:10F29000FC3E0020683E00201A6F1168002900D152
:10F2A000A2E01000D2680830904200D19CE03424E3
:10F2B000A2460134A1460134A0460134A4463827B1
:10F2C00029785646D468A65D8E4200D088E0002991
:10F2D00000D1CBE14E46A65DB3466E785E457FD148
:10F2E000002E00D1C2E14646A65DB346AE785E452B
:10F2F00076D1002E00D1B9E16646A65DB346EE7820
:10F300005E456DD1002E00D1B0E1E65DB3462E79A9
:10F310005E4565D1002E00D1A8E13926A65DB34631
:10F320006E795E455CD1002E00D19FE13A26A65D44
:10F33000B346AE795E4553D1002E00D196E13B260F
:10F34000A65DB346EE795E454AD1002E00D18DE12F
:10F350003C26A65DB3462E7A5E4541D1002E00D1F3
:10F3600084E13D26A65DB3466E7A5E4538D1002E17
:10F3700000D17BE13E26A65DB346AE7A5E452FD135
:10F38000002E00D172E13F26A65DB346EE7A5E45BF
:10F3900026D1002E00D169E14026A65DB3462E7B22
:10F3A0005E451DD1002E00D160E14126A65DB34629
:10F3B0006E7B5E4514D1002E00D157E14226A65D3A
:10F3C000B346AE7B5E450BD1002E00D14EE1432605
:10F3D000A65DB346EE7B5E4502D1002E00D145E12D
:10F3E0005268904200D06CE79A6D002A00D1A4E0E8
:10F3F00019005A6E60318A4200D19EE03420824664
:10F400000130814601308046013084463827392654
:10F4100029785046D468205C884200D087E00029D3
:10F4200000D123E14846205C8346687858457ED168
:10F43000002800D11AE14046205C8346A878584550
:10F4400075D1002800D111E16046205C8346E87840
:10F4500058456CD1002800D108E1E05D8346287949
:10F46000584564D1002800D100E1A05D8346687949
:10F4700058455CD1002800D1F8E03A20205C834652
:10F48000A879584553D1002800D1EFE03B20205CFB
:10F490008346E87958454AD1002800D1E6E03C206F
:10F4A000205C8346287A584541D1002800D1DDE010
:10F4B0003D20205C8346687A584538D1002800D129
:10F4C000D4E03E20205C8346A87A58452FD10028FE
:10F4D00000D1CBE03F20205C8346E87A584526D116
:10F4E000002800D1C2E04020205C8346287B58459C
:10F4F0001DD1002800D1B9E04120205C8346687B03
:10F50000584514D1002800D1B0E04220205C834649
:10F51000A87B58450BD1002800D1A7E04320205CF0
:10F520008346E87B584502D1002800D19EE01800B0
:10F5300052686030824200D06BE75A6C002A00D1DA
:10F5400093E019001A6D4C318A4200D18DE03420CD
:10F55000824601308146013080460130844638279A
:10F56000392629785046D468205C814277D1002919
:10F570007CD04846205C8346687858456FD1002887
:10F5800074D04046205C8346A878584567D100284F
:10F590006CD06046205C8346E87858455FD10028EF
:10F5A00064D0E05D83462879584558D100285DD065
:10F5B000A05D83466879584551D1002856D03A203D
:10F5C000205C8346A879584549D100284ED03B207D
:10F5D000205C8346E879584541D1002846D03C203C
:10F5E000205C8346287A584539D100283ED03D20FA
:10F5F000205C8346687A584531D1002836D03E20B9
:10F60000205C8346A87A584529D100282ED03F2077
:10F61000205C8346E87A584521D1002826D0402036
:10F62000205C8346287B584519D100281ED04120F4
:10F63000205C8346687B584511D1002816D04220B3
:10F64000205C8346A87B584509D100280ED0432072
:10F65000205C8346E87B584501D1002806D018007D
:10F6600052684C30824200D07CE70024FFF70CFB4C
:10F67000200003B0F0BCBB46B246A946A046F0BD90
:10F6800002480349E6F706F997E4C04670E4021021
:10F69000E510000010B5054CA069002800D010BD91
:10F6A00003480449E6F7F6F8A069F8E7E83E0020C9
:10F6B00070E40210AE11000010B5041E06D10B4B11
:10F6C000A4001C19A06900280AD010BD08480949E7
:10F6D000E6F7E0F8054BA4001C19A0690028F4D156
:10F6E00003480549E6F7D6F8A069EEE7E83E0020B2
:10F6F00070E40210BB110000BF11000070B50B4C8C
:10F7000005006369002B0CD1636901336361FCF769
:10F71000B9FBE3695B19E361FCF7C0FBFFF7B4FADF
:10F7200070BD03480349E6F7B5F8EDE7E83E002071
:10F7300070E4021001120000F0B5D6464F4646466E
:10F740000400C0B500285CD03B4E7369013373617F
:10F750003A4D6B689C4216D0FCF794FBA36A67692C
:10F760009846EB6E99462B6F9A46FCF797FB2B0059
:10F770003033984507D04F4511D057450FD02B0057
:10F7800058339F4208D00024FFF77EFA2000E0BCE7
:10F79000BA46B146A846F0BDA36A002B3FD0271D4C
:10F7A0003800FDF797F8FCF76DFBA36A002B06D035
:10F7B00020001830FDF78EF86F230122E254FCF789
:10F7C0006DFBE26AEB6F9A4200D9EA6793001C492D
:10F7D0009B189B00C8188446406899468368A060BF
:10F7E000E3605F606346876063614B46C8580130E1
:10F7F000C8506B68DB6A9A4201D90123B3600124C7
:10F80000C2E7104D10492800E6F744F80A4E736924
:10F81000013373610D492800E6F73CF898E76C3333
:10F82000E35C012BBBD06D23E35C012BB7D06E23CF
:10F83000E35C012BA7D1B2E7E83E0020683E002040
:10F84000083F002070E402101E120000D7090000DB
:10F85000064B10B55A69002A02D1FEF7E1FD10BD32
:10F86000DA6900200132DA61F9E7C046E83E00209B
:10F87000054B10B55A69002A02D001229A6010BDCA
:10F88000FEF79AFCFBE7C046E83E0020F8B5CE46FE
:10F89000474606000D0080B500283FD0224C3000BE
:10F8A00061681831FCF7FEFF204E00213768E36ED7
:10F8B0009846236F626899466F236068D15404307C
:10F8C000FDF708F86B1C15D063686168ED195D6081
:10F8D0000431AF4206D94846FCF7E4FFC0BCB94644
:10F8E000B046F8BD4046FCF7DDFF73689D42F5D297
:10F8F0007560F3E7E36D6268996893606268D16050
:10F90000626804324A60626804329A602200636866
:10F9100058325A61A36D0133A365DFE704480549F6
:10F92000E5F7B8FFBAE7C046683E0020E83E002091
:10F9300070E40210B5140000F8B54746CE46050045
:10F940008846160080B5002859D02F4F7B69002BC0
:10F9500050D0802142462D4C0906636811439961BD
:10F9600062686B689968D361626811626268183274
:10F970004A606268002118329A6063689D622B6851
:10F9800001332B603D68E36E9846236F62689946A9
:10F990006F236068D1540430FCF79CFF731C15D0B2
:10F9A0006368616876195E600431B54206D94846DD
:10F9B000FCF778FFC0BCB946B046F8BD4046FCF73E
:10F9C00071FF7B689E42F5D27E60F3E7E36D62686B
:10F9D000996893606268D160626804324A606268C4
:10F9E00004329A602200636858325A61A36D013371
:10F9F000A365DFE706480749E5F74CFFA9E7044898
:10FA00000549E5F747FFA0E7E83E0020683E0020F3
:10FA100070E40210D7140000D3140000F0B54F4674
:10FA20004646D6460500C0B50E00170000285DD03A
:10FA3000374C6B6862689968D3616268116262686A
:10FA400018324A60626818329A6063689D622B6857
:10FA500001332B602F4B002F22D01B680021E36E57
:10FA6000236F6F2362686068D1540430FCF732FF63
:10FA7000E36D6268996893606268D160626804327D
:10FA80004A60626804329A602200636858325A61A0
:10FA9000A36D0133A365E0BCBA46B146A846F0BDEC
:10FAA0001D689846E36E9946236F62689A466F23F5
:10FAB0006068D7540430FCF70DFF731C1BD06368DB
:10FAC00076195E60B5420BD8616848460431FCF790
:10FAD000E9FE43465B689E42DDD243465E60DAE75C
:10FAE000616850460431FCF7DDFED4E70A480B4953
:10FAF000E5F7D0FE9CE762686B1E53609D42EFD82D
:10FB0000616848460431FCF7CDFE43465B68C2E7B6
:10FB1000683E0020E83E002070E40210F31400006C
:10FB2000F8B5CE464746C36880B5DC68002C5DD08A
:10FB30002000A36AE169226A18308A60516059681E
:10FB4000814248D00022A2621A682B4D013A1A6005
:10FB50006B69E16A002B2ED16369A068E268271DFA
:10FB6000826050605868B84237D01A68013A1A600B
:10FB7000224BDA6F8A422CD38A0021485218920015
:10FB80008618B44676689146B268A660E26057600F
:10FB90006246B76062614A468458013484505B68AB
:10FBA0000020DB6A8B4202D201230130AB60C0BC73
:10FBB000B946B046F8BD114B5A6B9668E2612662B1
:10FBC000706090601A003032A2621A6B01321A63C0
:10FBD000E5E7D967D0E75A60B4E75A601A68013A96
:10FBE0001A60064BDA6F8A42C6D2F2E70548064928
:10FBF000E5F750FE9CE7C046E83E0020683E002046
:10FC0000083F002070E402102A150000F8B5CE4627
:10FC10004746324B050099465B690C0080B5002BC6
:10FC200041D0802109062143EC682960002C45D091
:10FC30002B696968AA688A6051605968A94249D0ED
:10FC400000222A611A68A168013A1A606369E268B1
:10FC5000251D8A6051605968A9423DD01A68204F1D
:10FC6000013A1A60E26AFB6F9A4200D9FA67930080
:10FC70001C499B189B00C818844640688668A06091
:10FC8000E6607560856060466061C8580130C850A4
:10FC90007B68DB6A9A4202D901234A469360C0BC62
:10FCA000B946B046F8BD10491048E5F7F3FD80218C
:10FCB00009062143EC682960002CB9D10C490B4896
:10FCC000E5F7E8FD2B696968AA688A6051605968A0
:10FCD000A942B5D15A60B3E75A60BFE7E83E0020B9
:10FCE000683E0020083F00207815000070E40210F4
:10FCF0008315000010B5041E09D0FCF7C3F8064BAD
:10FD00001A691B6822606360FCF7C8F810BD0348DD
:10FD10000349E5F7BFFDF0E7E83E002070E402107C
:10FD2000BB150000024B1A691B68026043607047F4
:10FD3000E83E0020F8B504000D0000282CD0002D6E
:10FD400030D0FCF79FF86F22194B1A491E6848689B
:10FD5000805C002807D04B68002199540124FCF7EF
:10FD60009DF82000F8BD2A68511C13D01869276837
:10FD70006168874204D0B14202D800232B60EDE7CE
:10FD8000701A8242F9D9921B52182A601A691B68AC
:10FD9000226063600024E2E707480849E5F77AFD3E
:10FDA000002DCED104480649E5F774FDC9E7C046E9
:10FDB000E83E0020683E002070E40210DA150000E2
:10FDC000DB1500000122014B9A607047E83E0020DD
:10FDD00070B50C001500042904D8002803D0A40035
:10FDE0000019C56470BD064B58680028F7D112345D
:10FDF00004480549A400E5F74DFD6560FFDEC046F7
:10FE0000683E002070E402107417000010B50C006A
:10FE1000042911D8002803D0A4000019C06C10BD1B
:10FE2000064B58680028F7D1123405480549A4004C
:10FE3000E5F730FD6368FFDE0020F0E7683E002054
:10FE400070E402108C17000010B5041E0AD0226B5B
:10FE500000201378A52B04D10130135CA52BFBD017
:10FE6000800810BD044B5C68002CF0D103480449A5
:10FE7000E5F710FD236BFFDE683E002070E4021002
:10FE80000519000010B5041E0AD0226B002013785B
:10FE9000A52B04D10130135CA52BFBD0800810BD2D
:10FEA000044B5C68002CF0D103480449E5F7F2FCF0
:10FEB000236BFFDE683E002070E40210261900006C
:10FEC000014B58687047C046683E0020002802D1A8
:10FED000024B586870470020FCE7C046683E00208F
:10FEE000054B01205B6F002B04D0044B5869434243
:10FEF000584140007047C046683E0020E83E002060
:10FF0000F8B5041E21D01F4DC26A6B68DB6A9A42A5
:10FF100014D28369002B04DB6B68D96A18235B1A3F
:10FF2000836193009B18184E9B006269F3189A42F4
:10FF30000DD06B680120DB6AE36205E06B68406C02
:10FF4000DB6A984280414042F8BD0020FCE7271D53
:10FF50003800FCF7BFFC6B68DA6AEB6FE2629A422A
:10FF600000D9EA6793009B189B00F1184A689068D3
:10FF7000A260E06047609760F25861610132012041
:10FF8000F250E1E7683E0020083F002070B5041EF3
:10FF900012D01F4D6B68834203D01E481E49E5F7FF
:10FFA00079FCA36C002B09D0E16A626C013BA3646D
:10FFB000914201D0002B0DD0002070BD174915488B
:10FFC000E5F768FCA36CE16A626C013BA3649142B3
:10FFD000F0D1F1E7261D3000FCF77CFC1823626CA1
:10FFE0009B1AA361EB6FE2629A4200D9EA67930021
:10FFF0000B499B189B00C81842689568A260E56091
:020000041002E8
:100000006E609660CA58606101320120CA50D4E720
:10001000683E002070E40210631A0000641A0000B9
:10002000083F0020F8B504000D0000280BD0836CB9
:10003000002B0ED0666CAE4206D3E36AB34202D008
:10004000A26C012A0DD0F8BDE36A2E00B342F7D1AD
:10005000F9E71C481C49E5F71DFC666CAE42ECD282
:10006000F2E71A4D6A68A24226D0A269E662002A27
:1000700002DB1822921BA2619A00D318144E9B0037
:100080006269F3189A42DED1271D3800FCF722FC82
:10009000E26AEB6F9A4200D9EA6793009B189B00D3
:1000A000F1184A689068A260E06047609760F25873
:1000B00061610132F250C6E702480649E5F7EAFB02
:1000C000E36AD2E770E40210C11A0000683E002023
:1000D000083F0020DC1A0000044B5A6859689069F8
:1000E0005A681823C96A5B1A93617047683E0020FA
:1000F000034B5868002802D0836C01338364704737
:10010000683E0020F8B5CE464746040080B59146CB
:100110000F00022828D82500274E18357368AA003A
:10012000D3589046002B02D14B46002B21D1FBF730
:10013000A9FE7368AD00EB589846002B04D0736895
:10014000002F0DD00022EA50002273681B196C3377
:100150001A70FBF7A3FE4046C0BCB946B046F8BDD6
:100160004246013AEA50EFE714481549E5F792FB99
:10017000D1E7144A536901335361FBF783FE4246CA
:100180007368D358002B04D0FBF788FEFEF77CFD84
:10019000CDE7012273681B196C331A70FBF77EFEE2
:1001A00001214846FDF7ACFFFEF76EFD0028BED1E9
:1001B000FBF75CFEBBE7C046683E002070E402101F
:1001C000141E0000E83E0020F0B5C6460400884634
:1001D00016001F0000B5022851D82E4D686800197E
:1001E0006C300378022B02D0069B002B22D1FBF748
:1001F00049FE002F05D023006A6818339B009B58E6
:100200003B606B6800271B196C331B78022B06D1EF
:100210006B68A2009B181A6E0137B2431A6600225F
:100220006B681B196C331A70FBF738FE380080BC02
:10023000B846F0BD184A536901335361FBF722FEFB
:100240006B681B196C331B78022B1DD041466B6801
:10025000A2009B181A6E8A431A6601226B681B194A
:100260006C331A70FBF71AFE01210698FDF748FF60
:10027000FEF70AFD0028BAD1FBF7F8FDB7E70748FB
:100280000749E5F707FBA8E7FBF708FEFEF7FCFCCC
:10029000ADE7C046683E0020E83E002070E4021052
:1002A0007B1E0000F0B5C64600B504000D00904668
:1002B0001E00069F022955D8002C59D0FBF7E2FDFD
:1002C000002F04D02B0018339B001B593B600222E7
:1002D00063196C331F781A70FFB2042E62D8374B43
:1002E000B6009B599F4643461835AD002B51012F50
:1002F00006D00124FBF7D2FD200080BCB846F0BD3B
:100300006369A168E268261D8A6051605968B1423C
:1003100051D01A682A4D013A1A60E26AEB6F9A428C
:1003200000D9EA67930027499B189B00C8188046AC
:1003300040688768A060E7607E60866040466061D4
:10034000C8580130C850A36A002B04D01E481F496A
:10035000E5F7A0FAE26A6B68DB6A9342C9D2FBF761
:1003600085FDC6E718481A49E5F794FA002CA5D18F
:1003700015481849E5F78EFAA0E7AD0065192B6E10
:1003800001332B66012FB4D1BAE7022FABD1002481
:10039000B0E74246AD0065192B6E13432B66012F63
:1003A000A7D1ADE70C4B1B68002BA0D006480B492A
:1003B000E5F770FA9BE75A60ABE7C0463C9E031036
:1003C000683E0020083F002070E40210341F000047
:1003D000EF1E0000F01E0000E83E0020251F000078
:1003E000F0B54F464646D646C0B505000C009146CE
:1003F0001E00089F002800D18FE0022C4ED8FBF78A
:1004000063FD8046002F04D0230018339B005B5906
:100410003B6002222B196C331F781A70FFB2042E36
:1004200000D97FE0454BB6009B599F464B46183498
:10043000A4006351012F09D001244046FBF748FD79
:100440002000E0BCBA46B146A846F0BDAB6A002B1E
:1004500003D03B483B49E5F71DFA3B48E96A43694D
:10046000002B35D02C00394B18345A6B9668EA6152
:100470002E62746094601A003032AA621A6B0132E4
:100480001A635B68DB6A8B42D6D2099B002B02D0D1
:100490001A000123136001238360CDE728482C490B
:1004A000E5F7F8F9ABE7A4002C19236E01332366B6
:1004B000012FC1D1CAE7022FB8D10024BDE74A46B7
:1004C000A4002C19236E13432366012FB4D1BDE77A
:1004D0006B69AC68EA682F1DA26054605C68BC421E
:1004E0002AD01A68013A1A60184BDA6F8A4200D291
:1004F000D9678A00174C52189200A618B44676683D
:100500009246B268AE60EA6057606246B7606A6160
:100510005246A5580135A550B3E709480E49E5F7FD
:10052000B9F96AE7084B1B68002B00D182E7044841
:100530000A49E5F7AFF97DE75A60D2E7509E03100C
:1005400070E40210BF1F0000E83E0020683E00205B
:100550006A1F0000083F0020691F0000B41F000050
:10056000F0B557464546DE464E46E0B50C00050060
:10057000170083B0002800D171E0022C40D8FBF7AF
:10058000A3FC02212B196C33A4001A782C191970C2
:10059000236E060001332366012A09D03000FBF7E1
:1005A00097FC03B0F0BCBB46B246A946A046F0BDDE
:1005B000AB6A002B03D02D482D49E5F76BF92D4B85
:1005C000E96A9B465B69002B1FD02C002A4B18342C
:1005D0005A6B9068EA612862446094601A00303275
:1005E000AA621A6B01321A635B68DB6A8B42D5D24E
:1005F000002F01D001233B6001235A469360CDE7D1
:100600001A481E49E5F746F9B9E7AC68EA686B692C
:10061000A26054602C1DA0465C68444524D01A6832
:10062000013A1A60144BDA6F8A4200D2D967144A31
:1006300094468A0052189000020062445468914621
:1006400042460190A068AC60E8604260A2604A4601
:100650006A6162460198145801341450C4E7034893
:100660000849E5F717F988E75A60D8E770E40210FF
:1006700045200000E83E0020683E00201C200000CD
:10068000083F00201B20000070B504000D00022967
:100690000FD8002C13D064196C34FBF7F3FB2378CC
:1006A0000025022B01D125700135FBF7F7FB28004F
:1006B00070BD09480949E5F7EDF8002CEBD1084B6E
:1006C0005C68002CE7D1044806496C35E5F7E2F890
:1006D000FBF7D8FB2B78FFDE70E402109D200000B2
:1006E000683E0020A220000070B504000D00160036
:1006F00002290DD8002C11D0AD006519FBF7C2FB03
:100700002C6E2B6EB3432B66FBF7C8FB200070BD2D
:1007100009480A49E5F7BEF8002CEDD1084B5C68A2
:10072000002CE9D1183504480649AD00E5F7B2F8C8
:10073000FBF7A8FB2B68FFDE70E40210C520000069
:10074000683E0020CA2000000023074A07494B608A
:100750008B67D3600B601360CB674B67D36193608B
:100760001361536053617047E83E0020683E0020EB
:10077000F0B5DE4657464E464546CA4BE0B59A466A
:1007800089B004AB9B46C84BC84C039353461B68C7
:100790001E68002E6DD1FEF76FFAFEF7D9FB5346A7
:1007A0005B680500834200D914E1534658609B689A
:1007B0001A6853425A415346711BD868FDF7C6FB6D
:1007C000FEF762FA002800D169E1102200215846A4
:1007D0002700F6F785FC544600225946E068FCF7EE
:1007E0006FFC00283ED05B461B68002B79DB5B4624
:1007F0009E68002EF0D07369002B02D0301DFCF7EC
:1008000069F8FEF7A5FB63680500984274D35B4660
:100810001B686560092BDFD89B00FB589F4624228C
:100820000123B05C0343B3545B46B2695968366137
:100830008B187360AB4200D9AAE0691A8A4200D9CA
:1008400028E1410700D5AAE0012398432333F0545F
:100850003000336A984700225946E068FCF730FCC4
:100860000028C0D1A24653461B683C001E68002EDB
:1008700091D0DB681E68FEF7FFF9FEF769FB53466F
:100880005B680500984200D2A4E053465860864257
:1008900000D80FE100228EE724220121B35C0B4334
:1008A000B3545B465B68B361002B00D1E4E05B1995
:1008B000736036619D4200D3ECE02068311DFBF788
:1008C000F1FF89E724220121B35C8B43B35483E712
:1008D0002422B35C990700D4CAE001218B43B354AE
:1008E0007AE75B46D96898685B6898475B461B68FF
:1008F000002B00DA70E77AE723681A68002A43D0F1
:1009000024229146203A9246A046009601900297F2
:100910000BE0012293434A46AB542B6A28009847C8
:1009200043461B681A68002A2AD0DB68DD681F6806
:100930002C1D2000FBF7CEFF4B465246EB5C1A42C3
:10094000E7D0AB692D61FE18FF436E609F420AD36A
:100950003700FF432B6A28009847AB692D61F618D2
:100960006E60BB42F4D9434621009868FBF79AFFBA
:100970002B6A2800984743461B681A68002AD4D17E
:100980004446009E019D029FA268A36022603EE74C
:10099000A94292D9994290D8410700D454E7A04681
:1009A0002C0008E0E31A934200D299E0336A300049
:1009B00098472B00B2699D1875603661AC42F1D240
:1009C0009C4201D2AB42F1D94446311D2068FBF76D
:1009D00069FF3DE753461B681A68002A3FD024226E
:1009E0009046203A9146009501940BE001229343F2
:1009F0004246A354236A2000984753461B681A684E
:100A0000002A2AD0DB68DC681E68271D3800FBF747
:100A100061FF43464A46E35C1A42E7D0A36924617A
:100A2000F518F64365609E420AD32E00F643236A0A
:100A300020009847A3692461ED186560B342F4D99A
:100A4000534639009868FBF72DFF236A200098472A
:100A500053461B681A68002AD4D1009D019C524657
:100A6000514692684D600A608B60FEF70DF9ACE666
:100A7000300000F049FBAFE60D490398E4F70AFFA8
:100A8000B36936615A197260AA4200D915E7002B82
:100A900000D1A1E6A068311DFBF704FF9CE6FBF73F
:100AA000E5F992E6E8400020C4E40210689E0310D5
:100AB0000E040000FEF7E8F853461B68DB68DF68A9
:100AC0003B1D18009846FBF705FF2422BB5C590725
:100AD0000CD401218B43BB5438003B6A984774E621
:100AE0004446311DA068FBF7DDFEB1E6A1462C00AF
:100AF00006E0A61BB34214D838003B6A98472E0084
:100B0000BB693F61F5187D60A542F2D9A64201D9C3
:100B1000AE42F1D95346414618684C46FBF7C2FE37
:100B2000DAE75346414698684C46FBF7BBFED3E7ED
:100B300070B582B0FBF7A6F91A4CE368002B19D008
:100B4000FBF7ACF9E368002B0CD002238022383489
:100B500000931549002315480194D200FDF71CFDB0
:100B6000002805D1A32112484900E4F793FE002094
:100B700002B070BD26002500103630002435FBF78A
:100B800075FE2800FBF772FE002210210A20266065
:100B9000A560FBF749FFE0600028D1D00549FDF7CB
:100BA00087F8CDE7E840002020E502107107021029
:100BB000C4E4021018E50210F8B54546DE46574673
:100BC0004E468046E0B528200D0017001E0000F0BC
:100BD000B1F9041E1DD024230022C254002D1FD0C1
:100BE000FBF750F9234B9946DB68002B24D0FBF729
:100BF00055F9434623600A9BA561E6612362201DE7
:100C0000FBF740FE002F04D024220421A35C0B43F9
:100C1000A3542000F0BCBB46B246A946A046F8BD8E
:100C2000AA211548FF31E4F735FEFBF72BF9114BEC
:100C30009946DB68002BDAD110334B4418009B46F1
:100C4000FBF714FE24234B4418009A46FBF70EFED4
:100C50004B465A461A60524610219A600A200022DA
:100C6000FBF7E2FE4B46D8600028C0D00349FDF7F1
:100C70001FF8BCE7E8400020C4E4021018E50210A9
:100C800030B5134C85B0E368002B17D0002815D081
:100C900000910192029005290BDCFFF721F9E4682D
:100CA00002280ED00023002269462000FBF776FFC1
:100CB00005E0EB2107484900E4F7ECFD002005B012
:100CC00030BD002369462000089AFBF767FFF6E76E
:100CD000E8400020C4E4021070B51C000C4B84B046
:100CE000DD68002D11D000280FD0009101920290F4
:100CF000052906DD0023220069462800FCF706F9D5
:100D000004E004480449E4F7C5FD002004B070BDC8
:100D1000E8400020C4E402100702000010B5054CB2
:100D2000A06B002800D010BD03480449E4F7B2FDD1
:100D3000A06BF8E7E8400020C4E4021021020000A4
:100D400010B5041E01D0A06910BD02480249E4F7A5
:100D5000A1FDF8E7C4E402102F02000070B5040002
:100D60000D0000280ED0FBF78DF824230422E35C4D
:100D7000002D05D013432422A354FBF78FF870BD38
:100D80009343F8E702480349E4F784FDEBE7C046E4
:100D9000C4E402103E02000010B5041E09D0FBF7A7
:100DA00071F82423E45CFBF779F86407E40F200072
:100DB00010BD02480249E4F76DFDF0E7C4E40210FB
:100DC0005702000010B5041E09D0FBF75BF824237E
:100DD000E45CFBF763F86407E40F200010BD0248F1
:100DE0000249E4F757FDF0E7C4E40210570200009F
:100DF00010B5041E01D0606810BD02480249E4F736
:100E000049FDF8E7C4E402108102000010B5041E99
:100E100001D0206810BD02480249E4F73BFDF8E725
:100E2000C4E40210AF02000010B5041E09D0FBF7A5
:100E300029F82423E35C01241C40FBF72FF8200051
:100E400010BD02480249E4F725FDF0E7C4E40210B2
:100E50009404000010B5041E06D0FBF713F8E469F3
:100E6000FBF71CF8200010BD02480349E4F712FD0F
:100E7000F3E7C046C4E40210B104000070B50400FA
:100E80000D00002805D0FAF7FDFFE561FBF706F835
:100E900070BD02480249E4F7FDFCF4E7C4E4021027
:100EA000C604000030B514001A0002230D0085B0FE
:100EB0005B420093054B01906946D8680023029578
:100EC0000394FCF723F805B030BDC046E84000208D
:100ED000F0B5C64600B51C000F4B0700D8680E00E1
:100EE0001500984684B000280ED001235B42009381
:100EF000694600232200019702960395FBF74EFEF8
:100F000004B080BCB846F0BD04480549E4F7C2FC13
:100F10004346D868E9E7C046E8400020C4E4021030
:100F2000FF0400000022024BDA609A637047C0465B
:100F3000E8400020F8B5DE4657464E464546431E7B
:100F4000E0B50A3315D8072306001A0008363240E8
:100F5000334200D1B9E01300093BB34209D310304A
:100F6000861AFDF789FE634F3400BB68002B2BD136
:100F700013E0FDF781FE5F4FBB68002B0BD0FDF740
:100F800083FE0024E4F76EFC2000F0BCBB46B246B2
:100F9000A946A046F8BD002400260720564B1A009B
:100FA0001900184200D08CE0544D0020AC460725B3
:100FB0006344AB439A1A7860396058601860BB602C
:100FC0004A600B60FA603A61002CD8DB002ED6D064
:100FD0003B69B342D3D3484B3D6898469D4203D307
:100FE000474B43449D4203D9F6214648E4F752FC5F
:100FF0006B68B946B34215D2424B9B46404B4344C3
:101000009A460CE0444501D3544503D9FC21584687
:10101000E4F740FC6368A9462500B34202D22C687D
:10102000002CEFD1BB68AB42A9D04B461C680834FA
:10103000444534D3324B43449C4230D84A462B6813
:1010400013606B68B34235D39A1B102A0CD9AB19C5
:1010500098465B0745D143465A604B4642461B685B
:1010600013604B461A6033003A69F968D21A3A6144
:101070008A4200D2FA608022120613436B6000237A
:101080002B607B6901337B61FDF7FEFD630700D1B7
:101090007AE75E211B48FF31E4F7FCFB74E783210C
:1010A00018484900E4F7F6FB4A462B6813606B6862
:1010B000B342C9D2872113484900E4F7EBFB6B68C0
:1010C000C2E7DA1D824311006EE7FDF7D5FD094F37
:1010D0003400BB68002B00D15FE7002E00DB77E710
:1010E0004DE718210748FF31E4F7D4FB6A68921BEB
:1010F000B1E7C0462441002040410020F8FF010034
:10110000FFFF010028E50210F0B5C64600B5002833
:1011100021D03D4E083804000700B04203D33B4BBA
:10112000F318984205D9B821394D49002800E4F751
:10113000B1FB6368002B11DA2268002A1AD0344D03
:10114000B92128004900E4F7A5FB6368002B02DA07
:101150002268002A0ED080BCB846F0BD72212C4D0A
:10116000FF312800E4F796FB2368002BE8D1636881
:10117000002BF0DA5B005B086360FDF77DFD254B1B
:101180006268984641461B699B180B6143461D00E7
:101190001B689C42FBD845450CD0B54204D31B4983
:1011A0008C466644B54205D919481B49E4F772FBE1
:1011B00062682B686968681884420ED0A1188B4257
:1011C0001BD02360BD4200D02F60434642469B693E
:1011D00001339361FDF758FDBDE75218A9186A6005
:1011E0008B42F2D1414689682F0099420AD0596852
:1011F0001B688A187A603B60E4E741468968994237
:10120000F5D1DEE72B60E0E740410020FFFF010061
:1012100028E502102441002006020000014B186955
:101220007047C04624410020014BD8687047C04633
:1012300024410020014B1A69DA60704724410020E4
:101240007047C04670B5002805D0030C0A0C002B6F
:101250001CD1002A0CD1414308000D00FFF76AFEA3
:10126000041E03D02A000021F5F73AFF200070BDCC
:10127000131C041C85B28AB26A43A4B29BB26343B6
:10128000120C9B181B0CE6D00024EFE7002AFBD1C0
:101290000C1CEFE7F0B5C64600B50700FDF7ECFC07
:1012A0001A4B98461B68002B2AD0424601259168AC
:1012B000002600246D428B420AD05A6801349642BF
:1012C00000D21600954200D915001B688B42F4D15C
:1012D000FDF7DAFC7E60BD60FC60FAF7D3FD4346A3
:1012E0001B693B6043465B697B6143469B69BB610D
:1012F0004346DB683B61FAF7D1FD80BCB846F0BDE0
:101300000125002600246D42E2E7C046244100206A
:101310000022034B9A601A61DA605A619A61704741
:101320002441002010B5002101F028FD10BDC04669
:1013300010B50A22002101F0DFFD10BD70B50B0CC5
:101340000024150C002B28D1002D3CD18BB291B27A
:10135000594300F05BF8051E33D00300083B5A6880
:1013600003239A43043A242A12D80300132A0AD9E1
:101370000460446008331B2A05D98460C460242AB1
:101380002AD00300103300221A605A609A6002E0EB
:101390000021F5F7A5FE280070BD002D16D1151C03
:1013A00089B292B24A43ADB29BB26B43110C5B1847
:1013B000190C0BD1190492B2114300F027F8051E45
:1013C000CBD10025E7E72B1C0D1CE9E702F0A6FABC
:1013D0000C2300250360DEE7030004611833446139
:1013E000D1E7C04610B5034B0100186800F00EF8B5
:1013F00010BDC046BC38002010B5034B0100186872
:1014000002F0B8FB10BDC046BC380020F0B54E4617
:101410004546DE465746E0B50D000B35060085B063
:10142000162D21D8102900D9D4E000F0D5FA1025C6
:1014300018230221CA4FFB181A005C68083A94422C
:1014400000D186E103226368A1689343E268CA6021
:1014500091600121E3185A6830000A435A6000F095
:10146000C3FA20000830B8E007239D4300D5B1E05F
:10147000A94200D9AEE000F0AFFAFC235B009D4228
:1014800000D2E0E1690A00D1AEE0042900D9A1E16F
:1014900038239846A90988443931CB0008225242A2
:1014A0009446AF4FFB189C446346DC68A44514D0B7
:1014B000032399460B0061469C4607E0E068002A3A
:1014C00000DB40E1814200D141E104004A4663680B
:1014D00093435A1B0F2AF1DD41463A003C6908321A
:1014E000944200D11EE1032063688343581B0F28F8
:1014F00000DDACE13A617A610028AADA7A689046A8
:1015000080229200934200D336E1DA085809012381
:101510008340404618438046D300DB199A687860C0
:10152000E360A2609C60D46001208B10984040452D
:1015300062D8434603420AD10323994343464000FD
:101540000431034203D1400004310342FBD00323A2
:10155000B3469C460E00B8460190F000404401009E
:10156000B246CB680BE064465A681F00A243DB68B2
:10157000541B0F2C00DD39E1002C00DB53E19942B4
:10158000F1D101239946CA44534608319B07E8D15B
:10159000032205E003680838013E834200D013E2CD
:1015A0003242F7D14346019A5B6893434246536007
:1015B000019A520001929A421CD8002A06D119E0E1
:1015C00004229146019ACA44520001921342F7D074
:1015D0005646C2E70C233360002005B0F0BCBB4682
:1015E000B246A946A046F0BD80233F224021904646
:1015F0009B0053E75E4647460322BC6863689343FB
:101600009846AB4203D35B1B0F2B00DD8DE023001C
:1016100043440293534B08201B6810335B1901931A
:1016200002F086F9504903900B688A46013306D0D0
:101630008446019B4242013B6344134001933000C6
:10164000019902F059F903008146013300D11CE1F0
:10165000029B834200D916E1444B02989B461A68CC
:10166000019B59469C4662440A60039901394845EA
:1016700000D157E153461B68013300D15EE14B4670
:1016800002981B1A9B185A46136007234A4648467D
:101690001A400292184200D115E1039801338446A2
:1016A0009B1A019A99444A44019263440A409B1A46
:1016B000194030008A4602F01FF9431C00D158E15E
:1016C0004B46C01A0300534401935B461A6801203D
:1016D00052441A604B464946BB60019B03434B6032
:1016E000BC4213D043460F2B00D82BE107210C3B03
:1016F0008B4361680140052019436160E11848602F
:1017000088600F2B00D93FE14B465B681849086899
:10171000904200D20A6017490868904200D20A60DD
:101720004C46B4E07B689846FEE60122290013434C
:101730001143651961603000BD606B6000F054F9C1
:101740002000083049E7A268D060826081E66146E7
:10175000C3E6DC680231A34200D1BEE672E6C046B1
:10176000483300208C4102203C3300205C410220A1
:1017700084410220884102205A0A042A7CD9142A72
:1017800000D9B0E010005B3082465C32D200082005
:1017900040428446BA189444624692680B308146AF
:1017A000944500D186E00800A2466146844602E0E6
:1017B0009268914204D04C465068A0439842F7D8B2
:1017C000D368614654469C466346A260E3609C60D1
:1017D000D460A9E6142967D9542900D98CE06E2376
:1017E0009846290B88446F31CB0057E6BA46012052
:1017F0005146844649190543504645608568474629
:101800006046EB605E469D605346396179612043D6
:1018100008374860CF6030008F609C5000F0E4F8DB
:1018200050460830D9E6BA4601205E465244516817
:1018300001435160BA683000D3609A6000F0D4F878
:1018400038000830C9E62B00E9080833F2E56119D1
:10185000884601218C460D434146656039617961B6
:10186000CA608A60624602434A60E050300000F07D
:10187000BBF820000830B0E69A0910003932383041
:101880008246D20083E7BC4241D0BC686368032231
:1018900093431A005B1BAA4202D30F2B00DD44E7DF
:1018A000300000F0A1F897E65B23984688445C314D
:1018B000CB00F3E55346981001238340404618437C
:1018C0008046786080E7019B039A4B440B40D31A13
:1018D000194030008A4602F00FF8431C00D0EFE6B2
:1018E00000239A46F1E6542A2ED81A0B10006F32C4
:1018F0006E308246D2004AE7AA235B0099422ED876
:10190000DD3B9846E90B88447831CB00C6E5304B87
:101910009B461A68019B9C465B4662441A60039B87
:10192000591EA7E64846084200D0A3E6B9684344DA
:10193000894601210B4349464B60E7E653464A4638
:101940001A60A2E64860ABE7AA204000824226D88F
:10195000DA0B1000783277308246D20017E71D4B41
:10196000994226D87C239846A90C88447D31CB0027
:1019700094E5019A029B94464A46083B63449B1AAD
:10198000019300239A46A0E621003000083102F0BE
:10199000F1F85B461A68BB6899465B68B6E60D4885
:1019A00082420CD89A0C10007D327C308246D200E4
:1019B000EDE6FE237E227F2190469B006EE5FE220F
:1019C0007E2092008246E2E643465B68F0E5C04630
:1019D0005C4102205405000010B5024801F0A4FF4C
:1019E00010BDC0465841022010B5024801F09EFFCC
:1019F00010BDC04658410220030010B50A0003493B
:101A00000868190000F004F810BDC046BC3800207A
:101A1000F0B557464E46DE464546E0B50C0006009A
:101A2000170083B0002900D1ACE0FFF7D5FF0823F1
:101A30005B429946A1444B465B68032219003D0076
:101A400091430B35CA468846162D67D81025AF42FC
:101A500067D8A8456EDA4946C04841444A680090B4
:101A600080689346884200D1A0E00120844610009F
:101A70006246904308184068104200D077E05A460A
:101A8000032082439346C3445D454EDD60461842C1
:101A900012D14B4648461B68C31A03209B465B681D
:101AA0008343D21842440092954200DCCCE0434488
:101AB00000939D4200DCCBE039003000FFF7A6FC2C
:101AC000071E00D11EE14B4601225B6893430200D2
:101AD0004B44083A934200D1E3E04246043A242AB8
:101AE00000D9E3E003002100132A09D92368036029
:101AF000636843601B2A00D9DCE003000831083327
:101B00000A681A604A685A608A689A603000210040
:101B100002F030F83000FFF767FF20E00432954311
:101B200095D50C230027336019E0D846CB688A6826
:101B3000D3609A6043465F1B5346012250465B6860
:101B4000404413400F2F22D841460B4351464B606F
:101B50004368134343603000FFF746FF2700380017
:101B600003B0F0BCBB46B246A946A046F0BD1A423F
:101B7000A2D14B464A461B68D31A03229B465B6898
:101B8000934394E71100FFF741FC0700E7E7514654
:101B90002B434919554617436B604F604368083122
:101BA00013434360300001F0E5FFD4E703218A438B
:101BB00094462900C44410318C4500DB84E0DB07E7
:101BC00000D579E74B4648461B68C31A03209B465D
:101BD0005B688343D21842440192914200DD66E77C
:101BE0005B465A46DB6892685F46D3609A6042461D
:101BF000043A0837242A00D999E03B00132A0AD96D
:101C0000594623688B606368CB601B2A00D993E038
:101C10005B460834103322681A6062685A60A26812
:101C20009A605B4601225919009B30009960019B24
:101C30005B1B13434B605B465B6813405A462B4368
:101C40005360FFF7D1FE8AE7CB688A68D3609A6059
:101C50005B465A46DB6892685F46D3609A604246AC
:101C6000043A0837242A17D83B00132A09D95946C1
:101C700023688B606368CB601B2A39D85B460834C5
:101C8000103322681A6062685A60A2689A60009BEA
:101C90003C009846DA464DE72100380001F03AFA58
:101CA000F5E703225B689343984443E7210001F082
:101CB00031FA2BE7A3688360E368C360242A26D047
:101CC0000300103110331BE74B465919009B0122CA
:101CD000996063465B1B13434B604B465B68300067
:101CE00013404A462B435360FFF77EFE270036E73A
:101CF000A3680B61E3684B61242A10D05B46103463
:101D00001833BEE73000FFF76FFE002727E723698F
:101D1000183103610300626918334261F0E62369F8
:101D20008B615B4662692033CA611834A9E72100E0
:101D3000380001F0EFF974E7A3680B61E3684B61C9
:101D4000242A03D05B461034183364E723698B617F
:101D50005B4662692033CA6118345CE7483300206F
:101D600070B516000D0003F0B7F8002E0DD06B23F0
:101D70006A00520D9B1A002B07DD0024034A1B0545
:101D80009D182B002200F4F7DAFB70BD0000F03F35
:101D9000F0B54546DE4657464E46E0B59FB0069242
:101DA00000220C001A920021002280460491059224
:101DB000210019910A780F002D2A03D8AA4D90000E
:101DC000285887460021079100210891302A00D128
:101DD000C4E02F2A00D889E200239A46190038006F
:101DE0000026130055460BE08B005B1801305B00AA
:101DF0001990991802783039130001362F2A0FDD17
:101E0000392A6FDC082EEFDDAB005B1901305B0077
:101E100019909D180278303D130001362F2AEFDC0F
:101E2000894601229149AA4601F082FA002800D190
:101E30004AE20023089612930A930B93089B1C0016
:101E4000102B00DD10244846F4F7ECFB089B0490AF
:101E50000591092B19DD2200854B093AD2009B1808
:101E60001A685B68F4F76BFB049005915046F4F731
:101E7000D9FB0B00020004980599F4F739FB089B85
:101E8000049005910F2B00DDAFE00A9B002B01D1E0
:101E900000F066FC0A9B002B00DC46E3162B01DCFD
:101EA00000F05FFD2523089A9B1A0A9A934200DAF4
:101EB0009BE00F24089B6E4DE41AE1006918049A18
:101EC000059B08684968F4F73AFB0A9B1C1BE40071
:101ED0002D192A686B68F4F732FB06000F0013E235
:101EE000013166E7894601226049AA461D0001F0DA
:101EF0001FFA002846D1199D2B00691C19915B78A7
:101F00000D001A00002E00D0E2E12B000020302A44
:101F100007D11800013319931A78302AF9D0401BE1
:101F200001301300313B082B00D867E220239A438D
:101F3000452A00D118E3089B034300D0E2E1069B49
:101F400000260027002B00D01C60300039001FB095
:101F5000F0BCBB46B246A946A046F0BD7A78203117
:101F60008A437D1C582A01D100F0FDFB2F001995F2
:101F70003A780135302AF9D0002A00D1C2E1012394
:101F8000089326E700230020002209961293652D6E
:101F900000D1D2E100230B93452D00D1CDE1002EDD
:101FA00000D0BFE1089B034300D0ABE1002AC6D1BB
:101FB000692D00D1E6E201DD00F0C2FC492D00D11F
:101FC000E0E24E2DBBD12B4919A802F01DFA0028E2
:101FD000B5D0199B1B78282B01D100F079FD26483C
:101FE00001F064FD06000F008EE10A9A089B9446FA
:101FF0001B1B6344002B00DC70E20F221C0011004D
:10200000944319401A4201D100F02CFC184BC9002E
:10201000591808684968049A059BF4F790FA0490E7
:102020000591002C01D000F01DFC002309934B46C4
:102030003200009339004046089B02F099FB139050
:10204000002801D100F09AFC0A9B1299DA430B9800
:10205000D217081AD9171340149300230840994641
:102060009B461290F0E0C046909E031090E502104F
:10207000E8A10310A0E50210BCBE0210C91A521A52
:102080001F2900DD26E301238B40109300231593C5
:10209000AB189A46099BA4189C462B0064445545EE
:1020A00000DD5346A34200DD2300002B04DD524631
:1020B000D21A9246E41AED1A129B002B00DDB0E210
:1020C0005346002B00DDC8E20A9B002B00DDF3E243
:1020D000002C00DDE4E2002D08DD49462A004046E0
:1020E00002F08AFD8146002800D1E2E240461A99BA
:1020F000089A02F01DFE8346002800D1D9E2C36889
:1021000049460E930023C36002F0F4FD002801DA73
:1021100000F009FD059B0B9301D100F0A2FC49469C
:10212000584602F0B7FF80230022DB0504000D00B3
:10213000F4F756FA002800D165E20E9B002B00D080
:10214000D5E2049B002B00D05AE30B9B1B0300D06D
:10215000FDE2002220002900D74BF4F73BFA0028CB
:1021600001D000F074FC0022D44B20002900F4F7C9
:10217000E6F90A0001001300109111920C908022E0
:102180001206944663440D930B9BCD4A0C9C0D9D07
:1021900013409A46CB4B9A4500D1AFE2099B002BE6
:1021A00029D0D423DB049A4525D810981199C64A22
:1021B000C64BF4F715FA002818D010981199F4F7C7
:1021C00071FA002800D10130F4F72CFA0E9B109020
:1021D0001191002B01D000F024FC802212060B008C
:1021E0009446634416901793169C179DD623524627
:1021F000DB04EB189D1A3000390002F06DFE02007E
:102200000B0020002900F4F79AF932003B00F4F7A4
:102210006FF90E0004900591099B002B04D1A84B87
:1022200033409A4500D1B9E240461A9902F044FA87
:102230004046089902F040FA4946404602F03CFA0E
:102240005946404602F038FA139C4046616802F055
:102250000BFA031E089000D12BE222690C330232E4
:102260000C34210018009200F4F740FF049E059FF3
:102270001CAB01931BAB009332003B00404602F0C5
:10228000A7FE011E1A9000D1F0E10121404602F0A4
:102290003FFB8146002800D10BE21B9B002B00DA9C
:1022A000D7E1129A149C9D1809991C9A5B1A362141
:1022B0009B188A1A8649013B8B4200DADEE600232E
:1022C000159301331093E3E6199B591C19915B7820
:1022D0001A00303A092A00D9D4E0151E01D100F0C5
:1022E00037FD012330000996129315E301223800CF
:1022F000784901F01DF8002800D188E3089B002BE5
:1023000000D11CE600260027069A002A01D0199B5E
:102310001360079B002B00D117E6802109067B186C
:102320001F0012E60B9B129A08969B1A0A93099BB0
:10233000002B00D182E51E0080E53300034308999D
:102340000B4300D1FBE5199C631C199365782B2D79
:1023500000D1F9E12D2D00D0AAE001230A93A31C9E
:102360001993A5782B00303B092B00D9AEE11999C0
:10237000302D0ED14B1C19931D7819000133302DCF
:10238000F9D000230B932B00313B082B00D906E634
:1023900001334D1C1995AC464D780B932F2D00DC65
:1023A000D4E20E9101000B9B0B928B460B99624677
:1023B00060468C460BE09900C91801324900199219
:1023C0004B194578303B2F2D00DCC5E21000392D2C
:1023D000F1DD0B9363460E9994461A006346584606
:1023E000591A082900DCB1E23B4B0B930A9B002BE6
:1023F00000D1D4E50B9B5B420B93D0E5431C199FA6
:10240000303A1293002315003900012609934B46F8
:102410009B004B44A94600205B0099444B1C199338
:102420001D7819002B00303B092B00D9F5E11D0068
:10243000421C4B1C002D01D100F087FC129B9C46D6
:10244000944463461293012A01D100F07CFC524669
:102450008A462100731C4C469C468946110008E0C0
:10246000A2001419640001339A1B013A904200DC67
:102470004AE25A1E082AF3DD102BF4DC8A005118B8
:102480004900F0E720229343452B74D04846F4F7E7
:10249000C9F804900591092E00DC61E13400102E8A
:1024A00000DD10240023089612930B930A93D2E4C4
:1024B00000230A9356E7C0460000F03F0000E03FCB
:1024C0000000F07F0000E07F0000C0FFFFFFDF4161
:1024D00002FCFFFF90E502101F4E0000002B00D110
:1024E000A3E50F2211005B4219401D111A4200D0D2
:1024F0009DE21F2D00DD80E010231A002A40099282
:102500002B4201D05A3309930123049805999A4626
:10251000C34C53462B4200D134E222686368F4F77F
:102520000EF86D1044D00834F3E70A9B163300DA36
:102530005BE50B99129ABB4B521AD2009B181A6892
:102540005B6804980599F3F7DCFF06000F00DBE6F3
:10255000002207924F1C19974A78002A00D033E4D2
:10256000EDE401220792F5E700220300099212929E
:1025700000260132E3E600230C0000200122099628
:102580001293E1E6A84919A801F03EFF002800D106
:10259000D5E4199BA549013B19A8199301F034FF13
:1025A000002802D1199B013319930026A04FABE6F6
:1025B000099A0E900F910E9B0F9C04930594002A8C
:1025C00012D00F9B20005A006B23520D9B1A002B38
:1025D0000ADD1F2B00DC33E300210491342B00DCE7
:1025E00059E3DC239B0405930022049805990023FA
:1025F000F3F7E8FF002800D119E522234246002620
:102600000027136080E68B4B002220002900F3F79F
:1026100096FF0E9B10901191002B63D10B000C9034
:10262000ADE549461A00404602F07AFA1A99814609
:1026300000281BD00A000100404602F099F91A99BF
:102640000B90002812D0404602F036F80B9B1A93EC
:1026500036E5149A129DD41A26E61A995246404637
:1026600002F0CAFA011E1A9000D02DE5DA462223A4
:10267000424600266E4F1360404602F01DF8404669
:10268000089902F019F84946404602F015F840460C
:10269000139902F011F85146404602F00DF833E666
:1026A00022004046089902F0A7FA0890002800D0BE
:1026B00011E5DA461A99DAE74046149A089902F0C9
:1026C0002FFA0890002800D002E5F2E700231994C1
:1026D0000B9364E45849CB1A0121994001231591C9
:1026E0001093D5E4109B119C0C930D944CE50023A2
:1026F000524C0C930D941093119445E5504A0B9B4A
:10270000944663440593049C059D2000290002F033
:10271000E3FB0C9A0D9BF3F712FF22002B00F3F75B
:10272000E7FE434B474A049005910B40934200D883
:1027300001E1454A974201D10136BAD00123424C0A
:102740005B42049305946FE500230A9307E6002398
:102750003E4C0C930D940023384C1093119413E5C8
:10276000049E059FD0E50293079B404601931AAB58
:102770000093374A1BAB19A901F04CFB0F231E0035
:1027800004000640034200D1BCE5062E00D0FCE068
:1027900000230026002719950793B5E5109C119D8D
:1027A00020002900F3F796FFF3F788FF02000B00E3
:1027B00020002900F3F793FE049A0E9B360313437F
:1027C000360B04000D00234A33430AD1224BF3F7A2
:1027D00001FF002800D127E5DA46049E059F1A99DB
:1027E0004AE71E4BF3F7F6FE0028F5D1200029003A
:1027F0001B4A104BF3F704FF002800D114E5EBE768
:10280000012BA4D10B9B002BA1D1DA4622234246F7
:10281000002600271A9913602EE70122FFF7B7FB65
:10282000889F0310E8A1031094E5021098E50210B8
:102830000000F07F0000E03FE2FBFFFF0000F03F00
:102840000000B0FCFFFF9F7CFFFFEF7F0000F0BFA8
:10285000749F03109535A094FFFFCF3FFFFFDF3F2C
:1028600035E5AF359A235B009C4200DD86E02411FC
:10287000012C00D188E1049805990022924601328A
:1028800093465246D14BB2461D00099316000023D1
:102890005A46224204D02A686B68F3F750FE01239F
:1028A000013664100835012CF2D1320056469246AA
:1028B000002B01D004900591C54A059B94466344C2
:1028C00005935346D900099B9C46049A059B614495
:1028D00008684968F3F733FEBE4BBF4A0490059180
:1028E0000B4093424AD8D42080048446BB4A6144BA
:1028F0000591934201D8FFF798FB0123B84C5B4246
:1029000004930594FFF791FB0A004B465146A146FC
:1029100092461C0001386044461C082800DC76E51D
:102920000020102E00DD79E553469B005344AA4653
:102930005B009A4472E5D4239B04CE1805966BE4A1
:102940006E2D01D1FFF73FFBFFF7F9FA0B99A54B6D
:10295000994200DC4AE548E560460B930E99030076
:102960003AE50A9AA04BD100591808684968049AB8
:10297000059BF3F7E4FD06000F00C5E42223424661
:10298000136012E66D100834C3E51A9A002A07D0C6
:1029900035211CA802F0B2FB40461A9901F08CFECA
:1029A000052E00D9BEE1914BB6009B599F461C9B5A
:1029B0008F4904931D9B1B9A0B408E498C466244A1
:1029C000120513430593E40503D580221206134331
:1029D0000593804A049E059F134200D094E400F0C2
:1029E0009DFF222303608FE40122834B5242049215
:1029F0000593E40500D4B3E6059BE6E7754B059324
:102A0000F7E71C991D9A1D9B04910592DBE7199D20
:102A10002B00013519955A78002399469A46FFF7FD
:102A200074FA109B119C16931794FFF7DDFB6E4B05
:102A3000C9005B181A685B6804980599F3F761FD93
:102A400004900591002D01D1FFF7EFFA51E5002325
:102A50006A4C0C930D940023694C10931194FFF76A
:102A600093FB159B0E9A9C46059BDA461B031B0B9A
:102A7000002A41D0634A934200D1D1E06346002B43
:102A800000D1C7E062460B9B13420CD00498059915
:102A9000099AFFF765F902000B0030003900F3F7DF
:102AA00027FD06000F00099B002B00D197E63000A0
:102AB0003900554B0022F3F742FD464B06000F004C
:102AC0000B4200D08BE6222342461A991360D3E5CD
:102AD0001CAC22004D4919A801F0ACFC052801D01E
:102AE000FFF77DFA1D9B3B4A1A431C9B05920493FA
:102AF000049E059FFFF708FC002B4AD1049B002B86
:102B000000D0B5E0099B002B00D1A0E0314C0B9B1D
:102B100023401C00D623DB049C4229D8DC239B04E1
:102B20009C42C4D872E60E9B0499059ADA460B4380
:102B3000B9D10B921303B6D1D623264CDB04144033
:102B40009C42B0D95B465B69002B03D15B461B6995
:102B5000012BA8DD51460122404602F04DF84946BE
:102B6000824602F0C7F800289DDD099B002B6ED03D
:102B7000274B244A9C460123644422435B4205922E
:102B80000493049E059F92E700239A460F4B0993F6
:102B900092E66346002B73D062460B9B134200D132
:102BA00081E704980599099AFFF7DAF802000B000B
:102BB00030003900F3F793FC0022002306000F00D9
:102BC000F3F700FD002800D16DE71FE6C0A1031058
:102BD0000000B0FC0000F07F0000A07C0000907CB2
:102BE000FFFFEF7F1F4E0000E8A10310489F031076
:102BF000FFFFEFFF33040000FFFFFF7F0000E0BF97
:102C00000000E03FFFFF0F0000005039609F0310FD
:102C10000000F0FF109B049A134200D143E735E710
:102C2000099A049B002A4FD15A1C3BD06246002AC5
:102C300000D17FE00B9B134200D027E71A991BE5D8
:102C4000012252429A40049B13400493CCE4434B2C
:102C50000B9A1A991A401300414A9446414A634418
:102C60001A4301235B4205920493049E059F03E5EA
:102C70006246002A0AD00B9B134200D113E790E76B
:102C8000109B049A134200D10DE78AE7109A1A426A
:102C900000D108E785E74B239A1A4C3B9340184034
:102CA0000590A1E4304A0B9991421DD02B4B0B9A11
:102CB0001A40130080225203944663440593002374
:102CC0000493049E059FEEE6D421244A0B98C90480
:102CD00002408A4216D95A1CE4D06246002A0CD01F
:102CE000104200D1E3E6D1E60133DFD12223424690
:102CF00000261A99194F1360BEE4109A1A4200D1A7
:102D0000D5E6C3E66B21120D891A012252428A4090
:102D10009342C7D06246002AEFD00B9B134200D1EA
:102D2000C5E6B3E6E4050BD580231B060593049E98
:102D3000059F54E6109A1A4200D0A7E61A999BE420
:102D4000002600274BE63000E6E51000FFF767FBA2
:102D5000012009961292FFF761FBC0460000F07F48
:102D60000000F0FFFFFF0F00FFFFEF7F10B5024BE9
:102D7000FFF70EF810BDC0465037002010B5040014
:102D80000A000349034B08682100FFF701F810BD52
:102D9000BC38002050370020F0B557464E46454617
:102DA000DE46E0B582460F0090461E00994683B08D
:102DB000242B43D8012B41D00B0008204A4D1A0088
:102DC00014780133295D0842F9D11D002D2C00D162
:102DD00076E02B2C3ED0454B9B4600230193002EE2
:102DE00053D1302C00D173E00A230A269946494674
:102DF0005846F3F739F92B008C463D0002002700B6
:102E000000214C460020E146AC463D00303D092DF6
:102E100007D9113D192D03D93D00613D192D20D849
:102E20000A35AE421DDD4F1C05D082422AD327D081
:102E30000121604328181F780133E6E700F06EFD9A
:102E400016230360002003B0F0BCBB46B246A9467F
:102E5000A046F0BD1C78254B951C9B460023019392
:102E6000BDE767464A1C21D0019A002A00D04042A3
:102E70004246002AE7D0002933D143461F60E2E7EB
:102E8000A945D5DA01214942D5E7102EAFD110234B
:102E90009946302CABD120222B789343582BA6D1C6
:102EA00010236C78994610260235A0E7222251465D
:102EB0000A6042465846002AC5D058465F1EDCE7E5
:102EC0001C7880231B069B460123951C019386E7F3
:102ED00020222B789343582BE2D0082308369946BA
:102EE00085E78346E9E7C046B19F0310FFFFFF7FF8
:102EF00010B5FFF751FF10BD10B504001300034AD1
:102F000010680A002100FFF747FF10BDBC38002001
:102F1000F0B557464E464546DE468846E0B50C00BD
:102F200092461E00082183B00190464823001D7878
:102F30000134425D1142F9D12D2D5ED0002293461D
:102F40002B2D33D0002E07D1302D62D00A2305213E
:102F500099460A263C4F0DE0102E53D00120310037
:102F60004042F3F781F80700012031004042B146AA
:102F7000F3F77AF8002200202B00303B092B07D909
:102F8000113B192B03D92B00613B192B11D80A33A4
:102F90009E420EDD551C06D0B84221D81ED04A46AE
:102FA00050430122181825780134E5E725789C1C48
:102FB000C8E7531C17D05B46002B00D04042534655
:102FC000002B04D0002A15D1534642461A6003B0A4
:102FD000F0BCBB46B246A946A046F0BD8B42DEDD42
:102FE00001225242DFE72223019910000B60534671
:102FF000002BECD0631E9846E6E725789C1C012345
:103000009B469FE7302D0FD010230F2199460F4F7D
:10301000B0E7202223789343582B0AD008230721B6
:1030200099460B4F0836A5E7202223789343582B67
:10303000EAD1102365780F2199461026034F0234F8
:1030400098E7C046B19F031099999919FFFFFF0FA8
:10305000FFFFFF1F10B5FFF75BFF10BD10B50400A9
:103060001300034A10680A002100FFF751FF10BD4A
:10307000BC3800200EB48123F0B500269CB021ADF1
:1030800002AC9B0080CDA3811B960290069000F0BD
:10309000DFFC0B4B03900A9301235B42E381094B56
:1030A00007903A00210018682B000E9613960195A0
:1030B00002F036F91CB0F0BC08BC03B01847C0469B
:1030C000C9300210BC3800200020704730B5032AF8
:1030D0000CD90B0003439B0719D104680B689C4271
:1030E00015D1043A04300431032AF6D8551E002ABB
:1030F0000BD0002303E05A1C9D4206D01300C25C93
:10310000CC5CA242F7D0101B00E0002030BD551E61
:10311000EFE7C046F0B5CE46474680B588420DD9A8
:103120008B1898420AD2531E002A03D0CA5CC2549C
:10313000013BFBD2C0BCB946B046F0BD0F2A0BD84C
:103140000500561E002AF5D00023CC5C1A00EC5472
:1031500001339642F9D1EDE703000B4388469B0704
:1031600034D110261700B1460C000300103F3F0970
:103170003F01C519A94426681E6066685E60A6689E
:103180009E60E6681034DE601E001033AE42F2D15D
:10319000CF1939000F230C2610318C4613401642EC
:1031A00017D04446043B9B089B00FF181437061BAE
:1031B0000C688D1904312C60B942F9D16146043391
:1031C00059184B441D0003231A40BAE70500561E48
:1031D000BAE74D461A00B4E7F0B50700002403250E
:1031E0000D4E3B5DF25C2A40012A00D12033085D80
:1031F000325C2A40012A06D01A1A83420AD10134CD
:103200000028EED1F0BD02002032981A9342F9D185
:103210000134E6E71000F5E7B19F03100323CAB2BB
:10322000F0B50340002A35D00324002B2DD1FF2315
:103230000B401D02ED182B04ED182C000168264EE2
:103240004C408B198B43A119A143244E0B433342AD
:1032500011D14168204F0C00CB196C408B43E11910
:10326000A1430B4304303342F3D00378002B05D045
:103270009A4204D001300378002BF9D10020F0BD30
:103280009342FCD001302042D1D00378002BF7D1FB
:103290000020F4E7002B08D0032202E001301042A6
:1032A00003D00378002BF9D1E9E702680A4B0B49F8
:1032B000D31893430B4206D14268074B0430D3180E
:1032C00093430B42F8D00378002BD8D043780130D9
:1032D000002BFBD1D3E7C046FFFEFEFE808080803E
:1032E0008446F0B5002A1DD0002303260F4F07E0C7
:1032F000251A844218D1002813D001339A4211D0E4
:103300006046C45C3D5D3540012D00D12034C85C71
:103310003D5C3540012DEBD120300500201AAC4238
:10332000EBD0F0BD0020FCE72800FAE7B19F0310C6
:1033300030B5002A27D003000B439B0713D1032A83
:1033400011D9134D0BE0043A002A1CD0114C1C1962
:103350009C432C4217D104300431032A03D903685B
:103360000C68A342EFD00D78047801230139AC42F8
:1033700007D00AE0002C06D0C45C0133CD5CAC421F
:1033800003D19A42F6D1002030BD601BFCE7C04655
:1033900080808080FFFEFEFE0B00034370B50600B8
:1033A0009B070DD1032A0BD9104D0C68104BE31865
:1033B000A3432B4204D1043A043110C6032AF4D8A3
:1033C0003300002406E00D5D013A35550133013428
:1033D000002D02D0002AF6D170BD00219C18002AD1
:1033E000FAD0197001339C42FBD1F5E780808080D0
:1033F000FFFEFEFE10B503004418002903D107E0CC
:103400000133A34202D01A78002AF9D1181A10BD4C
:103410000020FCE7034B10B51A680123503200F07E
:1034200003F810BDBC380020F0B5002826D00700F6
:1034300038000C000678013702E00134AE4214D0A7
:103440002578002DF9D1002E1DD03E000B003578D7
:10345000013702E00133002CF7D01C78A542F9D1E6
:103460000023002D06D11360F0BD002BE0D11760C2
:103470000370F9E700213B003170F4E71068002881
:10348000D5D10020F0E700201660EDE7F0B5CE467C
:1034900047460300944680B5012959D901220120ED
:1034A0009046012500260124404206E0221A90465B
:1034B000260001257419A1420DD91F181A5D7F5DE0
:1034C000BA42F3D336D001250122300001367419F7
:1034D0009046A142F1D844466246146001229146CA
:1034E000023A012500269046012407E04246A21A2E
:1034F0009146260001257419A1420ED94746DF19CD
:103500001A5D7F5DBA42F1D818D001250122B0467C
:10351000013674199146A142F0D843460130013377
:10352000834203D36246494618001160C0BCB946C5
:10353000B046F0BD454505D00135BBE74D4504D04B
:103540000135D8E776190125B4E776190125D2E7C8
:10355000012399460023E5E7F0B5DE4657464E467F
:103560004546E0B57D4C8246A544140089462000BE
:10357000190005AA1D00FFF789FF06AB9B460190C5
:10358000FFAA20C31C329342FAD1002D0BD0230096
:10359000681E661920185F461A78C11A9200013316
:1035A000B950B342F7D1059B2000019AE11802936C
:1035B000FFF78CFD002800D072E0002398464B46B0
:1035C000591B80231B012B4303932B006F1E0026E6
:1035D00045460800984608E0002D04D0029A9A4219
:1035E00001D943469B1A0025F618B04220D3534612
:1035F0005A469919CB5D9B00D358002BECD1019A08
:103600002B00954200D213009F4227D98446080020
:1036100002E001339F421FD0E15CC25C9142F8D0CE
:10362000010060469F4219D9019AB61A0136DAE7BD
:10363000504603994844FFF7DDFE81444B4642461D
:10364000981AB042D3D20020454B9D44F0BCBB46F3
:10365000B246A946A046F0BD01006046019A531E3D
:10366000954279D28446080003E05A1E9D4210D04C
:103670001300E15CC25C9142F7D001006046013367
:1036800001359D420AD8029B42469C46D51A6644A3
:10369000ABE70135010060469D42F4D90800D3E74D
:1036A000019AAB1A934255D30133029305934B46CB
:1036B000591B80231B012B430026984608006F1ED0
:1036C000B0420AD353465A469919CB5D9B00D35852
:1036D000002B14D0F618B042F4D25046414648446C
:1036E000FFF788FE81444B46581BB042ABD353468C
:1036F0005A469919CB5D9B00D358002BEAD1019A09
:103700001300BA4214D28446080002E00133BB42DF
:103710000CD0E15CC25C9142F8D0010060469F424F
:1037200006D9019AB61A0136F618D4E701006046A8
:10373000019B013BB2D38446080002E0013B00D26A
:1037400082E7E15CC25C9142F8D0029B60469C46F5
:103750006644B5E71300A7E7130091E7E4FBFFFF1A
:103760001C040000F0B54646D6464F46C0B50E00D4
:1037700009780500040090B0002953D07078002823
:1037800000D176E0B778002F53D0F378002B00D12A
:103790008AE03279002A00D170E0300000F058F958
:1037A00080218900070001432800FFF723FE87429C
:1037B0004FD8FE2F00D98FE0C01B804640226846BC
:1037C000791CE946A844F3F78BFC002F10D03F2268
:1037D000F8B2824633009446BC19B24461461A7866
:1037E00048460A405146C91A013381549C42F5D1DA
:1037F0002C003F254A46013CE35D2B40D35CE41896
:10380000A04503D227E05444A04524D34A46E35DB3
:1038100031002B40D35C20003A009A46FFF756FC5B
:103820000028F0D1200010B0E0BCBA46B146A8464E
:10383000F0BD002309042A780143002A07D01B04A5
:10384000013513432A789942F7D1AC1EEAE7994231
:10385000FBD00024E6E74346D819DB5D002BF8D007
:1038600080210901FFF7C6FD8044A045C2D2002493
:10387000D8E72800FFF7D2FC0400D3E72A78002A13
:10388000E7D0000208433F0407431B063B4319BA35
:1038900000232C001B02013513432A78002A13D081
:1038A0008B42F6D1033CBDE70906000401433F0209
:1038B0002A783943002A0BD0134301351B022A789A
:1038C0009942F7D1EC1EADE78B42EBD00024A9E77B
:1038D0009942F7D00024A5E701003B003200280000
:1038E000FFF73AFE04009DE79422024B5200985CD9
:1038F0007047C04650370020002370B5064C0500C5
:1039000008002360F5F7C6F8431C00D070BD23689B
:10391000002BFBD02B60F9E7A84B0220014B186865
:103920007047C046BC3800207047C0467047C0464C
:10393000802310B55B01082801D1180010BDFFF7E6
:10394000EDFF16230360173BF7E7C046024670B54C
:103950000A4392072AD11E4DEE0104C808C9541B20
:103960009443344017D0D0B2D9B2401A2106014353
:1039700010D190B299B2401A210401430AD1100229
:103980001902000A090A401A2102014302D1100E4D
:10399000190E401A70BD9A42DFD010BA19BA884287
:1039A00001D9012070BD0020C04370BD02780B78A2
:1039B00001300131002A09D09A4207D102780B78F0
:1039C00001300131002A01D09A42EFD0D01A70BDE7
:1039D000010101010300F0B50700CCB2980730D017
:1039E00003269D1806E01878A04207D0581C3042E4
:1039F00006D00300AB42F6D10020F0BD1800FCE772
:103A0000013AD219D21A032A11D9FF230B40190205
:103A1000C9180B040C4EC91803680C4D4B405D19B6
:103A20009D43354205D1043A0430032AF4D8002AD4
:103A3000E2D082180378A342DFD001309042F9D15E
:103A4000DAE71800DFE7C04680808080FFFEFEFED8
:103A500010B583070AD00300032102E001330B42B3
:103A600005D01A78002AF9D1181A10BD0300196878
:103A70000C4A0D4C8A188A4322420FD15968094AD0
:103A800004338A188A43224208D15968054A04330C
:103A90008A188A432242F1D000E001331A78002AC2
:103AA000FBD1E1E7FFFEFEFE80808080002001491F
:103AB0007047C0460000F87F004870470000C07F94
:103AC000F0B5C646060000B508200D00FFF730FF30
:103AD00004003000FDF780FF234B210098469B68CF
:103AE0005F6803239F4338001138401B0019F2F729
:103AF000BBFA451E6543AC4208DC00213000FFF7ED
:103B0000FBFE43469B68DB19984206D03000FDF768
:103B10006BFF002080BCB846F0BD30006942FFF763
:103B2000EBFE01300ED0012243467F1B9B681743FA
:103B30000E4A5F60136830005B1B1360FDF754FF93
:103B40000120E7E700213000FFF7D6FE43469A68E0
:103B5000831A0F2BDADD064C04492468001B086029
:103B600001210B435360D1E7483300205C41022020
:103B70003C330020F0B5D6464F46464605000C00C3
:103B8000C0B5002948D0FDF727FF210001270839DB
:103B90004B6803209C46BB43CE1872688243604644
:103BA000384080466A4891468468B44200D17CE03F
:103BB0007260B41864683C40A2464446002C30D180
:103BC0000C68A446091B8C686344A4460824A046DC
:103BD0008044C4455CD0CC68A04664464246E2605E
:103BE00094605246002A1FD01F434F6033608022EA
:103BF0009200934230D2DA085C090123A340446862
:103C000023434360D3001B189A68CB608A60996095
:103C1000D1602800FDF7E8FEE0BCBA46B146A846F0
:103C2000F0BD5246002A0FD101224B44CF18BC46AA
:103C3000B468484F1A43BC425BD0F668E660B46093
:103C40004A6062461360D2E762463A434A60802285
:103C5000336092009342CED35C0A042C3FD89C0977
:103C6000260039343836E40004192268083C03275A
:103C7000944203D14EE09268944203D05068B84316
:103C80009842F8D8D468CC608A60A160D160C0E75F
:103C90005246002A35D14B441A00B068F3681743E6
:103CA000C36098604F608A50B3E74B441A004346A4
:103CB000002B06D10B68C91A8C68D218CB68E36058
:103CC0009C60012313434B60234B81601B6893422C
:103CD0009FD8224B28001968FFF7F2FE99E7142CB1
:103CE00013D9542C1DD81C0B26006F346E36E400FB
:103CF000BAE7E160A1604A606246CC608C60136004
:103D000087E71F434F60336083E726005C345B36F0
:103D1000E400A9E70123B610B3404668334343608B
:103D2000B1E7AA225200944205D8DC0B2600783471
:103D30007736E40098E70A4A944205D89C0C26009E
:103D40007D347C36E4008FE7FE247E26A4008BE7DA
:103D50004833002050330020403300208C410220A3
:103D600054050000F0B5D6464F4646460369C0B537
:103D70000A009A464F11BB4208DC0023036100236E
:103D80004361E0BCBA46B146A846F0BD1F218C464F
:103D90000600644614369D00BB007519F3181140E7
:103DA00014421FD02022521A944604CBCA40904697
:103DB0009D4228D9B14664461A68A240444622432F
:103DC0004C4604C404CBA146CA4090469D42F2D85A
:103DD0005346DC1BA4003419043C2260002A0CD09A
:103DE00004340AE032009D42C7D902CB02C29D4290
:103DF000FBD85346DC1BA4003419A31B9B100361A2
:103E0000B442BED1BBE74261002AB6D034000434CC
:103E1000F3E7C046F0B5DE46454657464E46E0B5A8
:103E20008846096893468A7887B003900593302ABC
:103E300000D0CDE1CB1C1D0001335A1E1278302A70
:103E4000F9D0691A8B1E9A46C24FBB5C002B00D179
:103E5000FCE0002200242B789146BF4AFB5C0292D2
:103E6000002B00D16AE12E0073780136FB5C002B39
:103E7000FAD1012230000299FFF75AFA0190002886
:103E800052D0002233780192002C02D0A41BA20051
:103E90000192202234009343502B51D043461E60A0
:103EA0004B46002B7DD1631B013B0021072B03DD1B
:103EB00001315B10072BFBDC039800F0D5FB824639
:103EC000002800D18FE2142353440493A54200D369
:103ED000D1E19846002399463B0000264746A84674
:103EE0004D4699460CE0202E19D032000436494642
:103EF0002378CB5C0F210B4093401D4344455ED09B
:103F0000013C23782E2BEED14445ECD30122200036
:103F10000299FFF70DFA0028F0D0202EE5D120C736
:103F2000002204260025E2E7002C00D143E12022F4
:103F3000A41BA3000193337834009343502BADD1DD
:103F400063782B2B00D11EE12D2B00D0EBE001225A
:103F5000A378A11CFB5C2600581E18289ED84E1C76
:103F60004978103B795C180000290AD10CE08300E5
:103F70001B185B000136581833781038F95C00299B
:103F800001D01929F3DD0300002A00D05B42019A19
:103F900094469C446346019343461E604B46002B67
:103FA00081D053465A42534106245B421C402000B4
:103FB00007B0F0BCBB46B246A946A046F0BDB84625
:103FC000A94646464B4608C6049B4846F61A534641
:103FD000B6101E6100F024FC5B461D687601361A9F
:103FE000AE4251DC00DAD0E09B68019A934200DADD
:103FF000C0E05B465B689A4200DB97E09C1A671E54
:10400000AC426FDA0026002F00D04EE11F210123C1
:1040100039408B407A11049992008A585046210009
:104020002D1B1A4200D12BE1FFF79CFE5B465B681B
:1040300001935B46DC68022C00D1DBE0032C00D14D
:1040400042E1012C00D16EE1122470E0424B0122CA
:10405000190028000293FFF76BF9814600286FD101
:104060006B786C1CFA5C002A6CD02500302B00D0D9
:104070005DE16B780135302BFBD0FB5C5A425A4135
:10408000914601229246EBE6741B2100504601F056
:1040900055F8061E0FD01F210123601E01408B40E2
:1040A0004211049992008A5801261A4203D001282D
:1040B00000DD00E1022621005046FFF753FE019B80
:1040C0009C465B46A44462469B680192634551DB73
:1040D0005B46019A5B68934200DC7DE09C1AA54236
:1040E00000DDD4E05A46D268022A37D0032A00D134
:1040F000F1E0012A35D1AC4233D1012C07D0504632
:10410000611E01F01BF800282BD05B465B68059A06
:1041100062241360012352461361049A13605246CD
:10412000109B1A6043E70022611C13E701245246EA
:10413000109B1A60059B019A1A6038E72E0098E6DA
:104140002C002B7820229343502B00D1BEE0434615
:104150001C6026E7B4A0031090E50210119A002A13
:10416000D5D05146039800F0A7FA0023109A5024A6
:1041700013601CE75146039800F09EFA0023109A42
:10418000A324136013E70022E2E6AE1B320051467F
:10419000039800F031FD019B82469A1B5B469B68A9
:1041A00001929A42E6DC5B465B689A42BEDA1421D1
:1041B0005144049122E77378741CFA5C2600002AAB
:1041C00000D166E673780136FA5C002AFAD15DE622
:1041D00000238D1C9A4637E60124002EA7D05B46AB
:1041E000DB68022B06D0032B08D0012B55D01023FF
:1041F0001C439CE70123119A9B1A1193119B002BDE
:10420000F5D053461F69049BBA00914618009846A2
:104210000021484402E002C3984261D91A68561C42
:10422000F9D001321A60022C69D01F231E0021240C
:104230002E402B4200D17AE74B464344043B18689A
:1042400000F0EEFA20239B1B984200DB6FE75346F9
:104250001969002900DD93E0002352461361002311
:10426000524653615B46019A9B6801320192934228
:1042700080DB21245BE7049B984600239946A0E657
:10428000FFF770FD5B465B6802240193A5E7671E9C
:10429000002E00D1B6E60126B8E6B307A7D5049BE9
:1042A0001B681E43F607ACD4A1E73900504600F066
:1042B00045FF0600AAE65046A11E00F03FFF002879
:1042C00000D1F7E60326F6E6022497E700230193E0
:1042D0000133994634E6119A002A00D017E740E7E7
:1042E00053469B689F4225DA53460122791C196187
:1042F000BB0053445A61049B9846022CA9D15B46EB
:104300001B682224013BAB4200D010E71F21012390
:1043100029408B4041466A11920054581C40634228
:104320005C41213403E7022302241E43B7E7012343
:104330009A4698E5534659680398013100F094F97C
:10434000061E56D0534651461A690C31023292006D
:104350000C30F2F7CBFE5146039800F0ADF9012284
:104360003369B246591C9B00F31831615A6114231A
:104370009846B044022CC2D08F4200DB55E768E774
:10438000534650465B698900414418305B088142BE
:104390001FD944461A000368DB07134308C404C846
:1043A00052088142F7D8130052468A1A4146193AF8
:1043B00092089200043152181360002B00D004328E
:1043C00043465146D31A9B100B61424500D049E742
:1043D00045E742461360002B02D042460432EFE725
:1043E000524613613BE70022E421054B0548EFF7F5
:1043F000F3FE00228421024B0248EFF7EDFEC04697
:10440000E8E50210FCE5021030B5026808E0137818
:104410001D00413D192D00D820330131A34206D1A2
:104420000C780132002CF2D10260012030BD002056
:10443000FCE7C046F0B54546DE4657464E461F24CB
:1044400003000800E0B525001100006887B04211A4
:10445000920005408A180395044200D09EE01000A7
:10446000171F021F914600224846026018684678CE
:10447000002E00D1AFE001906F48049380464B4678
:104480000F200024002283460198019343460296A0
:104490003D0026008946B846390092461F00029C1E
:1044A00015E0202C00D98AE052450CDD8D4201D266
:1044B000072E55DD0826A94505D2291F002392465F
:1044C0000D0000260B6084780130002C12D03B5D7B
:1044D000002BE6D001360132082E39DC2C6824018D
:1044E000A4465C462340644623432B608478013015
:1044F000002CECD1019B8C46340049464746994636
:10450000002A68D0654502D2072C00DC77E0A9427A
:1045100047D20A002B0001CB01C29F42FBD26A1C8A
:10452000781C0023904266D200200A1D9B181A00B6
:1045300004331060BB42FAD94B461B68002B05D1EF
:10454000B94250D0043F3B68002BF9D0052043E02E
:10455000A945B8D20024043DA44601262C60C0E73A
:1045600008239B1B9B009C46202364462E001C1B9B
:1045700002952B6865460590944620002A007568D0
:104580002C0084401C432B00D340346073600436FD
:104590008E42F4D36246029D05988BE71700101DEA
:1045A0005FE74B46039A1B68002ACDD02020801A73
:1045B00001225242C24013404A461360C4E7A24659
:1045C000340056464746804601988C46049B49462F
:1045D0008146292E0BD0042007B0F0BCBB46B24662
:1045E000A946A046F0BD012305200B60F4E7404634
:1045F0000230186084E77D1BAD08AB0094E7082605
:104600002023361BB6009B1B98462B6828001A00F7
:104610000B0031006646AC46454698464468230088
:10462000AB4013432200CA40036042600430B042F2
:10463000F4D3654641466AE7B4A0031082B000296E
:104640000AD0002A0BD0002B0BD013780B60107807
:10465000431E984102B0704701A9002AF3D10020FF
:10466000F8E702204042F5E7436C70B504000D0006
:10467000002B0AD0AA009B18186800280ED00268E8
:104680001A6000230361C36070BD21220421FCF77E
:1046900055FE031E6064EDD10020F5E70126AE4013
:1046A000721D012120009200FCF748FE0028F3D083
:1046B00045608660E5E7C046002906D04A68436C3D
:1046C00092009B181A680A6019607047F0B5C646D8
:1046D0001F008046002300B50E000D6914310C68E0
:1046E00001332004000C5043240C5443C019070C20
:1046F000E4190004270C000C2404241810C19D4266
:10470000EDDC002F07D0B368AB4208DDAB00F31837
:1047100001355F613561300080BCB846F0BD71681D
:1047200040460131FFF7A0FF041E16D03100326968
:104730000C31023292000C30F2F7D8FC434672681A
:104740005B6C92009B181A6832601E602600AB00FA
:10475000F31801355F613561DDE70022BA21024BB4
:104760000248EFF739FDC046E8E5021060E60210A6
:10477000F8B54746CE460600180080B50C00083054
:1047800009211F009046F1F747FC092F3BDD012569
:1047900000216D000131A842FBDC3000FFF764FF0F
:1047A000011E32D0089B4361012303614346092B5C
:1047B00016DC092398460A3447450CDD4346E719C1
:1047C000FF1A23780A223000303BFFF77FFF0134C5
:1047D0000100BC42F5D10800C0BCB946B046F8BDE6
:1047E00009239946A1444D4644442B780A223000BF
:1047F000303BFFF76BFF01350100A542F5D14C4678
:104800004444083CD8E70021C7E70022024B034894
:10481000D331EFF7E1FCC046E8E5021060E6021094
:104820008022030052020020934201D21B04103068
:1048300080225204934201D208301B02802252058A
:10484000934207D38022D205934214D29B0014D402
:10485000033008E0802104301A01C9058A4203D3DD
:10486000D243D20F801870479A019B0105D40A42A7
:10487000EED12020F7E71A00F2E70230F3E7C04656
:104880000368010010B55A0707D0DA072BD49A073E
:104890002ED55B080360012010BD1A0410D1FF2241
:1048A0001B0C10201A4201D108301B0A1A0717D01E
:1048B0009A070ED0DA0701D401305B080B60EBE7F2
:1048C000FF221A4211D01A071AD104201B099A0795
:1048D000F0D19A085C070FD5130002300B60DBE7BC
:1048E00004301B09F3E70020D6E708201B0ADDE7A8
:1048F0009B0803600220CFE7DB0805D12020CBE72F
:10490000DB0803200B60C7E703300B60C4E7C04639
:10491000436C70B504000D00002B0AD058680028C5
:1049200015D002685A600023C360013345610361FA
:1049300070BD21220421FCF701FD031E6064EDD14E
:1049400046210022084B0948FF31EFF745FC1C22A5
:1049500001212000FCF7F2FC0028F1D00123436084
:1049600001338360DFE7C046E8E5021060E602102D
:10497000F0B54E4657464546DE46E0B50B6916692A
:104980008A469146984685B0B34204DB3300894697
:104990004646924698464B4659684346F5184B465C
:1049A0009B68AB4200DA0131FFF75EFE071E00D1C3
:1049B000AAE014239C4684446346AC006444180077
:1049C0000022A34202D204C39C42FCD814234B44CD
:1049D0009B46434651469B0098461431B600884496
:1049E0005E44414576D200239A464B4615339E429B
:1049F00000D382E05B460193434600935346B4469E
:104A0000A246AB46B9460C00029306E02D0C32D10B
:104A1000009B04340430A34259D925682B04190C97
:104A2000002BF3D0019D5346A04600260C00824681
:104A30002F00039308CF01681A04120C62431B0C69
:104A40000D0463432D0C52199219090C5B18110CBB
:104A50005B1812041E0C120C1B04134308C0BC4547
:104A6000E8D850464446039B9A46029BC3185E60B2
:104A700025682D0CCCD0060000220368A0466046B5
:104A800019001400B446019F3A88090C6A431219B0
:104A900052181B0411041B0C0B43336010CF7168B8
:104AA000240C6C430B041B0CE318120C9B181C0CFD
:104AB0000436B842E8D86246844610004446029A5A
:104AC000043482185360009B0430A342A5D8544696
:104AD0005D464F46002D03DC06E0013D002D03D06E
:104AE000043C2368002BF8D038003D6105B0F0BCD1
:104AF000BB46B246A946A046F0BD4B46F31A153B4D
:104B00009B089B009A4675E7B1210022024B03489F
:104B10004900EFF761FBC046E8E5021060E60210CD
:104B2000F8B5032347461400CE461A0080B50E00A0
:104B300007002240234239D1A41032D03D6C002D11
:104B40003DD00123984600239946434623406410F4
:104B5000002B08D12868002819D0050043462340BF
:104B60006410002BF6D02A0031003800FFF700FF58
:104B7000002E06D072687B6C92009B181A68326017
:104B80001E60002C0ED0060028680028E5D12A00FF
:104B900029003800FFF7ECFE4B4628600500036053
:104BA000DCE73000C0BCB946B046F8BD0E4B013A58
:104BB0009200D2580023FFF789FD0600BCE70121CF
:104BC0003800FFF751FD051E07D0084B4361012354
:104BD0000361002338640360B3E746210022044BDD
:104BE0000448FF31EFF7F8FAB4A103107102000096
:104BF000E8E5021060E60210F0B54546DE4657468D
:104C00004E46E0B50D002B6954119846A04443462A
:104C10005E1CAB6883461700496883B09E4203DD83
:104C200001315B009E42FBDC5846FFF71DFD8446C8
:104C3000002854D0010014310B000191002C0CDD30
:104C4000A400220000201432624401C39342FCD12C
:104C5000019B9946A1444B4601931F222B00110052
:104C60002C691433A40039408A461C193A4230D0CA
:104C70000132521A91460027019851461A688A401B
:104C80003A4304C04A4680CBD7409C42F5D82A001C
:104C900015320023944203D3631B153B9B089B00F2
:104CA000019A91464B445F60002F00D1464663460F
:104CB0001E615B4660466A685B6C92009B181A68CE
:104CC0002A601D6003B0F0BCBB46B246A946A046B0
:104CD000F0BD019904CB04C19C42FBD8E6E7EF216B
:104CE0000022024B02484900EFF776FAE8E502108D
:104CF00060E6021002690B6930B50500D01A9A42CD
:104D000014D19B0014351431EA18CB1801E09542F8
:104D10000CD2043A043B146819688C42F7D0002383
:104D20008C425B4102205B421840013830BDC046D6
:104D3000F0B545469046DE4657464E464346E0B5FA
:104D40000A690C00196983B0551A8A4214D12700E8
:104D500042468900143714327B18521802E09F42F1
:104D600000D396E0043B043A1E6811688E42F6D0E8
:104D700000D399E0012504E0002DFBDBA0460025CF
:104D80001C0043465968FFF76FFC8446002800D199
:104D900094E043461A6914339600B246C5609A44BB
:104DA00065460093534621692000890089461435E1
:104DB000002101932B00143081444D46A346142753
:104DC0000C00924601009946434601C9DE5902048F
:104DD0003304120C1B0C9B1A62461B19000C360C78
:104DE000361A181430181B0404141B0C0004034357
:104DF000D35104378D42E7D82100019C48465246E2
:104E0000A2465C46A9460500200015301E0000277A
:104E1000009B814504D34846001B15388008870055
:104E20007819041DDF19A0463C1DA146EF1A0300A6
:104E3000A2451DD93B00574692461A000E00A51800
:104E400001CC03041B0C5B181B14010C86195B18A6
:104E500036041914360C1B041E432E60A742EDD8ED
:104E60003B0049465246013B5B1A9B089B0043446A
:104E7000002E04D1043B1968013A0029FAD0634698
:104E80001A61604603B0F0BCBB46B246A946A046D4
:104E9000F0BD0021FFF7E8FB8446002808D001237D
:104EA000036100234361ECE74346A0461C0068E72A
:104EB0000022054B05480649EFF78EF90022024B08
:104EC00002480449EFF788F9E8E5021060E60210AD
:104ED00037020000450200000D4A0E4B94460B407D
:104EE00063440022002B02DD1900100070475B4272
:104EF0001915132903DC80231B030B41F4E7143934
:104F000001221E2902DC80221206CA400023EBE7A0
:104F10000000C0FC0000F07FF8B506004746CE4612
:104F200004691436A4003419231F1D6880B52800B5
:104F30000F009846FFF774FC2022111A0300396015
:104F40000A282EDD07000B3F464519D208235B4295
:104F50009C46A44463461B68002F1AD01900D21B3C
:104F6000D140BD409146194A0D432A431100BB4030
:104F7000664511D24A460C3C2468D44023430BE0DA
:104F80000B2805D0BD40114B2B431900002303E033
:104F900000230E4A2A4311001800C0BCB946B0468F
:104FA000F8BD2F00153A121AD7409146074A3A43E6
:104FB00011000027464503D24A46083C2768D740DF
:104FC00015339D402B003B43E6E7C0460000F03F11
:104FD000F0B5012183B014001D00FFF745FB061E4C
:104FE00047D02B036F001B0B7F0D02D08022520392
:104FF00013430193002C16D101A8FFF741FC0124B3
:10500000019B203073613461002F23D01C4B352469
:105010009C46089B67443F181F60241A3000099B78
:105020001C6003B0F0BD68460094FFF729FC019CAA
:10503000009B002806D020222100121A9140C44073
:105040000B4301947361B461631E9C41013434616C
:10505000002FDBD10B4B9C46089B6044186000235B
:10506000E3189B00F3181869FFF7DAFB6401241AB0
:10507000D4E70022044B05480549EFF7ADF8C046D8
:10508000CDFBFFFFCEFBFFFFE8E5021060E602105C
:105090000F030000F0B5CE46474680B585B0884680
:1050A00002A98146FFF738FF04000D00404603A91E
:1050B000FFF732FF02000B004046494600690969CC
:1050C00000920193091A4901884602980399401AEF
:1050D0000100414400290BDD09054F193D00200066
:1050E0002900F1F70EFA05B0C0BCB946B046F0BDD4
:1050F00009055B1A0193009A019BF0E7130001393F
:1051000070B54C111169013414338900A400591889
:1051100004198B420AD2050040CB40C59942FBD806
:105120008B1A153B9B089B0004301818844203D946
:10513000002308C08442FCD870BDC04610B50400EE
:1051400002691434481182420ADA9200A31803E07B
:10515000043B1A68002A14D1A342F9D8002010BDDC
:105160008300E3188242F7DD1F22100008400A4244
:10517000F2D019680A00C240824001209142EED16B
:10518000EAE70120EBE7C046002909D0FF2A02D850
:1051900001200A7070478A23036001204042F9E72A
:1051A0000020F7E770B514004B1C1BD09389202218
:1051B000FF259343226BA381CEB263680D40002A82
:1051C00013D0626B9A4208DD2368013B23601E7096
:1051D000636801336360280070BD210001F0C0FDE9
:1051E0000028F1D001256D42F5E7216922680029E8
:1051F00005D0914203D2511E0878A8420ED0E36335
:10520000230040332363032363633F33A263E654E5
:1052100023004233236001236360DCE70133216014
:105220006360D8E710B50C00096B00290FD023008C
:105230004033994201D0FEF79DFC00232363E36BCA
:105240006360002B03D00020A36B236010BD0022FD
:10525000202101206260A28923690A43A281404281
:10526000F3E7C046F0B5DE4657464E464546834610
:105270001800E0B5504385B00F000E9C0193002844
:1052800035D000239846403399466568060021686A
:10529000A144A84220D90290039238002A00F1F7D5
:1052A00025FF2368216B5B1923604346B246636088
:1052B0007F19761B002921D0494502D05846FEF7B8
:1052C00059FC43462363E36B6360002B16D0A16B4C
:1052D0001D002160B342E0D332003800F1F706FF31
:1052E000636801989B1B636023689B19236005B06A
:1052F000F0BCBB46B246A946A046F0BD23692021BA
:10530000236000236360A38902980B43A381534663
:10531000039A28181100C01AF0F7A6FEE7E7C04666
:10532000F0B557464546DE464E46E0B5C94C0D0041
:10533000A54402AFBA6580227B6378650C23C95E01
:1053400092016B6E114200D0A5E00A43AA81C24AC5
:1053500013406B66602008231B18D819082200210F
:10536000F1F7BEFE00239A463B62FB63FB643B649D
:105370007B64BA4BBB64BA4BBB63BA4B7B62E4231E
:10538000BA6CD458FEF7B0FA602108225218D2192C
:10539000009204310300BA6D786D7918A047002897
:1053A0005FDBBB6D06009C4684446346BB657B6E39
:1053B000002B3DD0012864D0252B1CD00028DED046
:1053C000BB6D9E1B52465044804654466B68B61ACD
:1053D000002B21DD2A68335D1178994228D16B6852
:1053E0000132013B01346B602A604445F0D1A24692
:1053F000C5E701200126BB6D00241A7800238446EE
:105400009B46BB6D591C1300253BDBB2552B0FD8B7
:10541000B86B9B00C3589F462900786DFFF702FFC9
:105420000028D7D07B6C002B4AD0AB895B0647D4D1
:10543000FB6B002B0AD0FB6B18687B6C013301D12E
:1054400001F024FC002801D0F1F73EFEBD46786C47
:10545000B9239B009D44F0BCBB46B246A946A0467A
:10546000F0BD814B60207B6608231B18D8190822E9
:105470000021F1F735FEBB6D0133BB657B6E002B60
:10548000D6D07A6AD25C120736D4252BB1D0BB6D48
:1054900001205E1E96E79B0400D45BE701235B427C
:1054A0007B64D3E72307C3D1BB6DB9655A78A8E7FE
:1054B0002307BDD102231C43BB6DB9655A78A0E711
:1054C000FB6B002BEAD0DB889B46FB6B18685B46C6
:1054D000002B0DD005000024002680462B680134E7
:1054E0001868F1F7F1FD08CD1E605C45F6DB40461B
:1054F00001235B427B64A5E77A6A082456469046FE
:105500006B680BE041462A681378CB5C1C420DD0D7
:105510006B680132013B01366B602A60002BF1DCC5
:105520002900786DFFF77EFE0028EBD0B24626E713
:105530008F23234200D07BE75B469B005B445B00EC
:105540009B183022524293469B44BB6DB9655A78F2
:1055500057E76B683963002B01DC01F0C3FA0423C1
:1055600099462A683F4E1378F35C1B0722D508231F
:1055700098465346A2461C0006E0414601322A6086
:105580001378F35C194212D06B680134013B6B60F5
:10559000002BF2DC2900786DFFF744FE002800D0D4
:1055A00040E741462A681378F35C1942ECD12300A6
:1055B00054469A464B46022B01D100F03EFD032B88
:1055C00001D100F0F4FD786D01F046FC0368AE22D5
:1055D00019005B46013B5200934201D800F0FFFFE7
:1055E0005D3BFF3BFB605E23FF339B46F023DB000C
:1055F00023433B6500239946BB657B613B61BB62EE
:10560000BB612133FF339C46C03B9846B844C44439
:1056100063465446E0468A46FB61144BFB622A68A7
:1056200011780B002B3BDBB24E2B00D901E3F86A5B
:105630009B00C3589F4680239B001C436B683963C3
:10564000002B00DCA2E20A4B3B6210233B640D3BC3
:10565000994686E714FDFFFFFFDFFFFF503700206C
:10566000B0A20310B19F0310FDFF000008A40310B7
:10567000553002106B683963002B01DC01F036FAFB
:105680005E46002E00D10136E30701D501F046F950
:10569000E30601D501F090F87B6B04CB90467B6369
:1056A000240601D401F01FF8002A00D1C0E6300022
:1056B000F1F7E6FC041E00D102E74346FA6B1860DE
:1056C000D188F9619388994201D301F058F91068A3
:1056D000FA69F96B531CCB80930042461A5000952F
:1056E000210033000122786DFFF7BCFD041E01D1BB
:1056F00001F0C4FA864208D9434621001868F1F740
:10570000D1FC002801D043461860A24400F038FCC8
:105710006B683963002B01DC01F0DCF9B84B3B62AC
:1057200008233B64053B99461BE76B683963002BF4
:1057300001DC01F0CBF90223994612E76B6839636B
:10574000002B01DC01F0BFF9AD4B3B620A233B6447
:10575000073B994605E78F231A002240234200D0D9
:1057600066E6FB6B002B01D101F044F980231C435A
:105770009AE63963B965E30600D500E67A6B08CA94
:105780007A63220701D501F0F7F8620701D401F02E
:105790001EFA52461A80F2E5230700D048E6BB6D98
:1057A0005A7802236C2A01D100F068FF0123B96501
:1057B0001C4326E601231C436B683963002B01DC84
:1057C00001F0CFF88F4BC0E7230700D030E6BB6D68
:1057D0005A78682A01D100F050FF0423B9651C43B0
:1057E0000FE66B683963002B01DC01F093F9854B00
:1057F0003B6200233B6403339946B2E660222023D8
:105800009B18D81901F06CFA6B68B865002B01DCA5
:1058100001F076F95B46002B01D1013B9B46012349
:1058200010221E00224026403A63234201D100F09C
:10583000E7FD002A01D000F0DCFF7B6B04CBBA62ED
:105840007B63240601D401F017F9002A00D1EFE5AB
:105850008020F1F715FC8046002801D101F0E4F921
:10586000BB6A1860FB6BDA88FA619C88A24201D39C
:1058700001F01AF81868FA69F96B531CCB80930091
:10588000BA6A1A504346FB612023BB610026FEF72B
:105890002BF8B04200D1C5E5902160202B6849006B
:1058A0001A780918C91901338A556A682B60FB6C8C
:1058B000013A741C6A60032B00D1A5E110239946BC
:1058C00050339C46BC44E144082200214846F1F78D
:1058D00007FC90224B4660215200FC625218009354
:1058E00041462300786DD21901F074FCF864431C22
:1058F00000D197E5002800D091E1424600261060D3
:10590000602018231B1808220021D819F1F7E8FBA2
:10591000E023BA6C6021D258C83B3A6560229B18DC
:10592000786D3200DB193E6D7918B04700260128EA
:1059300002D16023FB181E78202360229B18DB19FC
:105940009B5D002B01D101F0F7F8FB6CA244032B07
:1059500000D14BE301235B429C463B6BE344002BAD
:105960000ED104239C46BB6AE044002B08D043467A
:10597000FA699C1ABA69A310934201D300F0D7FCCC
:105980006B68002B00DC3EE35B46002B00D07DE71C
:105990003B6B002B00D0F2E442461360BB6A002B45
:1059A0000FD04346FA69991A8B10BA6901339A42AB
:1059B00007D9BC6A04312068F1F774FB002800D0D5
:1059C00020607B6C01337B64D9E401231C436B684A
:1059D0003963002B00DDA1E62900786DFFF722FC7A
:1059E000002800D19AE61DE56B683963002B01DCC5
:1059F00001F05FF801231C4301339946B1E5C0462D
:105A000055300210F12E021041231C436B6839639C
:105A1000002B01DC01F086F85E46002E00D1013635
:105A200010231A0022403A65234201D000F0BDFE47
:105A30007B6B04CBFA627B63240601D401F024F86B
:105A4000002A00D1F4E48020F1F71AFB81460028F7
:105A500001D101F0E9F8FB6A1860FB6BDA88FA61A2
:105A60009C88A24201D300F0D0FE1868FA69F96B55
:105A7000531CCB809300FA6A1A504B46FB612023DB
:105A8000BB6290235B009B46C03B9C460024B04613
:105A9000BC44FE6CE344FDF727FFA04200D1C1E403
:105AA00059462B68621CBA651A7801330A556A6830
:105AB0002B60013A18236A6060229B18DC19032EC0
:105AC00002D1BB6F042B04D0082200212000F1F783
:105AD00007FB00945A464946BB6D786D01F07AFB8E
:105AE0000600431C00D19DE4002879D1BB6D9C4683
:105AF00001235B42E2449C463B6DE044002B10D105
:105B00004A461360FB6A002B08D04B46FA699C1A80
:105B1000BA6AA310934201D300F0F3FC04239C461D
:105B2000E1446B68002B0ADD4346002B0DD00024B6
:105B3000B1E73B6D002BE5D06B68002BF7DC29004B
:105B4000786DFFF76FFB0028EED0FE64FB6A002B38
:105B500008D04B46FA69991ABA6A8B10934201D25F
:105B600000F032FF3B6D5A4253417A6C94469C449C
:105B700063467B643B6BBB65FFF701FC88239B009E
:105B80001C436B683963002B00DD5CE52900786DF0
:105B9000FFF748FB002800D155E543E46B68396303
:105BA000002B00DD0EE6BF4B3B620A233B64073B44
:105BB00099462900786DFFF735FB002800D1D0E425
:105BC00030E45B4623439B4600D031E4BB6D102498
:105BD0005A78B965FFF715FC6046B965FFF7EEFB2B
:105BE000831C00D117E2BB6D9C46E244032802D11E
:105BF0002368042B9DD001235B429C463B6DE0440F
:105C0000002B00D17EE78CE71023994650339C4649
:105C10003B6FBC44E144042B00D055E659E6FB6CD5
:105C2000023300D171E343461E68731C00D067E65F
:105C300082E63B6D9B0565D553461B788B4261D14F
:105C40005B467B6043460026BB6006E0534601325C
:105C50002A6011789B5D99421AD15346B0460136AD
:105C60009B5DA3460134002B01D100F0A1FC6B68C1
:105C7000013B6B60002BE9DC2900786DFFF7D2FA5D
:105C8000002805D153462A689B5D11789942E4D0DB
:105C900043465146FB622B000D009846BE68FC6AE5
:105CA000B2467E6D295D42463000FFF77BFA013C2B
:105CB000F8D25B46FA6A56469B1A45469A4623E056
:105CC000BB6D4B44002B1DD1774B3A6D1A4000231E
:105CD00099463A65BB654346197001235B429C4671
:105CE0000233E3449C46E0446B680134013B6B6043
:105CF000002B00DC72E12B6801332B605B46002B2C
:105D000000D08CE44646A246BB6DBA6A013B002A2D
:105D100000D1E9E0396D654A11403965012B01D8A0
:105D200000F0CFFC4B46013B062B01D800F07FFD75
:105D3000396D10230A00386B1A40B8650B4201D048
:105D4000FFF71DFBC02332708022DB000B40D20026
:105D5000934200D0FFE0BB6ABA69934200D1FFE0F2
:105D60001300BA6A7E619A1A6021514B5B187969F7
:105D7000DB19994207D34F4B9C4660239846B844A1
:105D8000C44463467B614C497869F2F71FFEE7E043
:105D90003A6D1305B6D5BB6D4B44002BB2D1424BC7
:105DA00094E74B46072BADD10823994693E79823F8
:105DB0008022386D1B01034052009342A2D1BB6A7E
:105DC000012B9FD18022394B12011840024330230E
:105DD0003A6542461370313B9C460233E3449C468D
:105DE0000023E044BB6276E74B46062B8AD10723AB
:105DF000994670E73B6D1B0584D53A6DA0201300D2
:105E0000C00003400138FF38834205D0024200D170
:105E100078E7BB6A002B63D03B6D9B0505D4BB6A5A
:105E2000BA699B1A3B6143467B61244B3A6D1A4029
:105E30001300C02252001A4300233A65BB624AE7AE
:105E4000BB6D002B00D0ABE3BB6A002B07D1E02376
:105E50003A6DDB001A409A4201D100F0D5FE4B4664
:105E6000012B02D0042B00D04CE74B460133DBB2B0
:105E7000994630E73B6D1B0504D5BB6D4B44002BA9
:105E800000D121E7BB6D012B00D03BE70223BB65AE
:105E900021E780233A6D134200D133E79A433A65F4
:105EA00019E7C046F12E02107FFEFFFFFFFEFFFF45
:105EB0007302000072020000BCE602107FF0FFFFD8
:105EC0004B46002B00D060E3BB6A002B00D0ECE314
:105ED000E0233A6DDB001A409A4201D100F09CFEAB
:105EE0004646A246BB6D013B012B00D8E9E34B4679
:105EF0000022013BBA62062B01D800F0BBFC3A6DD0
:105F0000D30500D414E7530501D500F0A6FE012304
:105F1000741E5B4221785344984665290BD045296D
:105F200009D02A00786DFFF73DF902235B42534404
:105F30009846B41E21782A00786DFFF733F9396D41
:105F400010230A00386BC2461A40B8650B4201D0D4
:105F5000FFF715FA22703B69002B01D000F07DFDA0
:105F60000022F969786DFCF701FF7B6BB865F96574
:105F700010CB7B633B6DDB0700D48DE32060616059
:105F80007B6C01337B643B6BBB65FFF7F8F93B6DC2
:105F90001B0504D5BB6D4B44002B00D194E64B464A
:105FA000022B00D0AEE60323994694E63A6D130522
:105FB00000D422E7EFE63B6DDB0500D480E68023CA
:105FC0003A6D9A43BB6A3A650133BB62FB68002BAA
:105FD00000D0B4E3013B9C46E34485E62900786D9C
:105FE000FFF720F9002800D188E68BE64B461B68B6
:105FF000042B00D0AEE43B6B002B00D1B1E46B6806
:10600000002B00DD42E42900786DFFF70BF9002832
:1060100000D1B9E4BCE46B68002B01DDBC6D3AE54E
:106020002900786DFFF7FEF80028F7D0BB6DFE64FD
:10603000002B00D18AE5FFF7F5F95B46002B01D173
:10604000013B9B4601231A00224090461022224029
:106050009146234200D17CE1002A00D076E37B6B9D
:1060600004CBBA657B63240601D400F01AFD002A34
:1060700001D1FFF7DDF98020F1F702F88046002812
:1060800001D100F0D1FDBB6D1860FB6BDA88FA61BD
:106090009C88A24201D300F0F5FB1868FA69F96BFD
:1060A000531CCB809300BA6D1A504346BB62202329
:1060B0003B652B681B78F35C1B0700D54EE25B4603
:1060C00000243B60FDF710FCA04201D1FFF7AAF9C4
:1060D000902149008C46C0398B46BB44DC44614664
:1060E0002B68621CFA621A7801330A556A682B60C1
:1060F000FB6C013AF9616A60032B01D000F02BFCC4
:10610000182360229B18DC19BB6F042B04D00822D3
:1061100000212000F0F7E4FFFB6A4146BB610094D8
:10612000FA69786D01F056F8F864431C01D1FFF765
:1061300079F9002801D000F064FC4246106000208C
:1061400001F072F8002800D0F8E1FB6A9C46E244B6
:1061500001235B429C463B6863443B604B46002BFB
:1061600001D000F085FC04339C46BB6DE044002B5D
:1061700001D100F07DFC4346BA6A9C1A0022FA6203
:106180003A6DA310934201D300F057FD6B68002BCA
:1061900001DC00F026FD2B681B78F35C1B0700D5A3
:1061A000DCE13B68002B00D1D8E1FC6A8AE75B4662
:1061B000AE220021013B88465200934205D9D94BBB
:1061C0005B4498465E23FF339B46D8231B011C4348
:1061D0000023BB652133FF339C46C03B9946B9443D
:1061E000CC446346FB61D04B5E469946E3462A6841
:1061F00011780B002B3BDBB24D2B17D848469B0088
:10620000C3589F463B6C0A2B10DDC84B1C405B46B5
:10621000197001239C46E3446B68013B6B60002BC3
:106220006CDD01322A60013E002EE0D15A46D9468B
:10623000E30509D5FB699A4200D961E24A46FB6948
:106240009A4201D1FFF7F4F810231A0022402342AA
:1062500014D14B46F9691A70786D00223B6C3E6A86
:10626000B0477A6B131D9846A30600D40DE213685D
:1062700018607B6C01337B6443467B634A46FB6951
:10628000D61ABB6D9C466644B2443B6BBB65FFF7B8
:1062900076F8386CA64B4000C35E3B64A34B1C40B1
:1062A000B5E7C0238020DB00234080008342BDD1BE
:1062B000A04B2340A024E4001C4310233B64A6E72A
:1062C00080232342B2D09C43A1E7386C984B400016
:1062D000C35E3B64082B98DCA8E7230597D53B6C8D
:1062E000002B05D180239B001C43F93BFF3B3B6403
:1062F000630500D4B3E1904B1C4088E72900786D1A
:10630000FEF790FF00288ED090E76B68002B02DD2F
:106310002600FFF7BCFA2900786DFEF783FF0028FE
:10632000F6D0002C01D1FFF733FBFFF77BF8F869BB
:10633000D1001600F0F7B6FEF861002801D100F098
:1063400073FC8046BA6A7300A0441060BB61FFF71B
:1063500017FB002A01D000F004FC7B6B04CB9146B4
:106360007B63240600D440E3002A01D1FFF760F8E4
:106370002020F0F785FE041E01D1FFF7A1F84B465F
:10638000FA6B1860D188F9619388994200D3C0E113
:106390001068FA69F96B531CCB8093004A461A5077
:1063A0002023BB652B681A78B25C120700D5CBE1BD
:1063B00021003C655C466A68013A6A605A1C2A60A2
:1063C0001B784A1C0B704B469046002B07D01300DD
:1063D0003A6D9B1A9B46BB6D9B4500D32CE3013C59
:1063E000002C00D121E16B68002B00DC16E10821B4
:1063F0002B681A78B25C114200D016E14146DAE708
:106400003B6B002B00D0A9E17B6B04CB90467B63F8
:10641000240600D440E3002A01D1FFF709F8202028
:10642000F0F72EFE041E01D1FFF74AF8434618602C
:10643000FB6BDA88FA619E88B24200D345E21868A5
:10644000FA69F96B531CCB80930042461A50202303
:106450001800202160262B6889191A78C9198A5CCE
:10646000002A01D1FEF7E4FF52465E46A14683466C
:106470003A6516E04B46D31A9A4614005B452FD274
:10648000013E002E00D1AEE06B68002B16DD20210E
:1064900060202B6809181A78C9198A5C002A00D173
:1064A000A1E06A68013A6A605A1C2A601B78621C83
:1064B00023704346002BDDD11400E1E72900786DFD
:1064C000FEF7B0FE0028E2D03B6D4E469A465B4692
:1064D00018004C4501D1FEF7A5FFA31B99468DE09E
:1064E0005B465B00484619009B46F0F7DBFD8146A2
:1064F000002801D1FEF7E4FF544643464C4418609F
:10650000BEE7F869D100F0F7CDFDF861002800D1B1
:106510008AE38146BB6AFA6A5B00A1441060BB62F1
:10652000FFF7FCFAA3FEFFFF44A503107FF4FFFF73
:106530007CA60310FFFDFFFF7FFAFFFF20236022F0
:10654000FF339B18DC197B6DBE699B46A15D2A0059
:106550005846013EFEF726FE002EF7D14B46002B93
:1065600000D092E643464A461A60BB6D002B08D025
:106570004346BA6A991A8B103A6D01339A4200D990
:1065800018E27B6C01337B647FE6FD22033B134200
:1065900001D0FFF7B7FB0433DBB29946FFF79BFB53
:1065A000BB6D022B00D05AE40323BB65FFF793FBBE
:1065B000BB683A6D98467B685C469B46D94B404623
:1065C0001A403A655146320000F00CFC01235B4250
:1065D0009C46BB6A8046E344BB61FFF785FB002312
:1065E000FB60FFF703F83B6D4E469A465B4618008A
:1065F000A31B9946B44201D1FEF71AFF0023237072
:106600004346002B04D04B46591C884200D9CFE2A8
:106610007B6CCA4401337B64FEF7B1FE2900786DC0
:10662000FEF700FE002800D1E1E6434644463A6DFD
:106630009B1A591C9A44002323704B46002B00D10F
:106640009EE4BB6D994200D39AE44B461868F0F77C
:1066500029FD002800D193E44B46186090E4B24B2A
:106660001C404346002B04D001235B429C4601366C
:10667000E044BB6D0133BB65CEE508231C43BB6D15
:106680009A780233BB65FEF7BCFE230700D42EE1E7
:106690007B6B1B681870ECE53B6D9B0700D44BE1EE
:1066A000BA6DFB6D226063606AE4A04B3A6D4646AA
:1066B0001A40BB6DA246013B3A65012B01D9FFF799
:1066C00037FBFB699E4201D8FEF7B2FE34002E0074
:1066D0001D00013C32002178786DFEF763FDAC426D
:1066E000F7D1FEF7A5FE0095330001224146786DF3
:1066F000FEF7B8FD041E01D1FEF794FEA2443FE46C
:106700005E46013E2A003178786DFEF74BFDB146BA
:1067100094E5874A934200D9BBE208229046984408
:1067200043469900FB6B1868F0F7BCFCFB6B002834
:1067300001D1FEF7C8FE424618609A8029E6FB6840
:10674000013BFB60FFF7D0FA012174E700233B65B2
:10675000BB62BB656433FB189846AAE42021602025
:106760002A6809181378C919CB5C002B01D1FEF7F0
:106770005FFE5C4607E02021602013780918C919E4
:10678000CB5C002B3ED06B680132013B01366B6065
:106790002A60A64236D0002BEDDC2900786DFEF78A
:1067A00041FD00282ED12A68E5E700239946BB6207
:1067B000FB61FB62FFF765F97B6D002498460AE0F8
:1067C000D218290040462A60E418F61AFEF72AFD7E
:1067D000002800D0F6E16B682A689E42F0DC9B1B23
:1067E0009219A4196B602A603B6BA244BB65FEF74B
:1067F000C6FD0023BB61FB61BB626433FB18984696
:10680000FFF744F8B244FEF7BAFD494B9C4200D969
:106810000AE2FB6B08341868A100F0F743FC00287B
:1068200000D101E2FB6B18609C80FFF71FF94B461B
:10683000022B00D831E2032B01D1FFF779FAA846E9
:1068400034004D46013C42462178786DFEF7AAFCA3
:1068500063199B1BDBB2032BF4D1A9464B4652466E
:10686000043BDBB2013AD21A013E45469246F61A83
:10687000FFF745FB4B46022B00D80EE2032BDED17F
:10688000FFF73DFB2A4B9C4200D9CDE1FB6B08345E
:106890001868A100F0F706FC002800D1C4E1FB6BEA
:1068A00018609C80FFF7FAFB214A944200D9BBE1B3
:1068B000FE6B08343068A100F0F7F4FB002800D12B
:1068C000B2E13060B480FEF7D6FF194A964200D993
:1068D000DFE1FB6B08361868B100F0F7E3FBFB6BF8
:1068E000002801D1FEF7EFFD18609E80A8E5630740
:1068F0005CD4E30700D582E1A40700D47FE10D4B0F
:106900003A6A9A4200D1D9E100223B6CF969786D6C
:1069100000F076FB7B6B1B6803C3AAE440231C4397
:10692000FFF77EF87FFDFFFF7FFCFFFFFFFEFFFF0D
:10693000F6FF000055300210B86DF96D02000B0033
:10694000EFF763FE00284AD1B86DF96DEFF7EEFE60
:106950002060FFF715FB182360229B18DC19FFF756
:10696000D6FB2900786DFEF75DFC002801D0FEF70C
:1069700059FDD64BFEF7E9FE52461A7085E4D44A1B
:10698000934200D985E10822914699444B469900EB
:10699000FB6B1868F0F786FBFB6B002801D1FEF754
:1069A00092FD4A4618609A80FEF792FE7B6B1B6848
:1069B00018805EE4BC6D04312068F0F773FB00289A
:1069C00000D1DEE52060DCE5FC6A2068F0F76AFBB8
:1069D000002801D1FFF7C6F82060FFF7C3F8BD48D3
:1069E000FDF76AF82060FFF7CBFA00231400994600
:1069F000BB65D7E482B002ABFB6302920392FEF761
:106A0000B5FEFB6C023301D1FFF7C0FB43461868AB
:106A100000F00AFC002800D090E5FB6A9C46FB6C65
:106A2000E244032B01D0FFF793FB2368042B01D032
:106A3000FFF78EFBFFF792FB5B0019001000BB65B0
:106A4000F0F730FB3865002801D1FEF739FD020070
:106A50005A4490464A461060C1E47B690022591CA2
:106A6000786D0A23FCF744FA3B69C21AFFF77CF9F8
:106A70000023FB62FFF78AFBBB6A98460023BB61D9
:106A8000FB61BB62FEF702FFFB6A99460023BB6213
:106A9000FB61FB62FEF7F5FF002314001800984627
:106AA000D7E4BB6D984600233B65BB62BB65FFF72F
:106AB00000FB2900786DFEF7B5FB002801D1FEF739
:106AC00099FFFEF7AFFC844BFFF76EF8022399465F
:106AD000FFF76FF8804B3B6208233B64053B994608
:106AE000FFF767F804239946FFF763F82900786DEC
:106AF000FEF798FB002801D1FEF7C2FDFEF792FCDD
:106B00002900786DFEF78EFB002801D1FEF782FE8A
:106B1000FEF788FC6D4B3B6200233B6403339946D0
:106B2000FFF747F82900786DFEF77CFB002801D1BC
:106B3000FEF772FFFEF776FC002C01D1FEF728FF6E
:106B40002023FF339B18DC197B6DFE6A9946A15DFB
:106B50002A004846013EFEF725FB002EF7D1FEF73E
:106B600017FF2A681378F35C1B0701D5FFF78DFB2D
:106B7000330008244646984604E041461378CB5C2F
:106B80001C4211D16B680132013B01366B602A60F7
:106B90005E4509D0002BF0DC2900786DFEF742FB42
:106BA000002801D12A68E8E7B046C244FFF76DFB30
:106BB00043461868F0F776FA002800D128E54346E6
:106BC000186025E5002C00D00EE6FEF72BFCE2074E
:106BD0002FD4A4072DD552461A60D2175A60FFF75A
:106BE00054FB2900786DFEF71DFB002801D1FFF74B
:106BF000D2FAFB6A002B01D0FEF714FCAEE47B6BEB
:106C00001B681860FFF735FB344B3A6D1A400123BF
:106C10003A65BB65FFF75FF8304B3A6D1A400123C8
:106C20003A659946FFF757F801235B427B64FEF70C
:106C3000FFFB52461A60FFF728FBB86AD100F0F755
:106C400031FAB8620028EFD080463B6DBA6D5B0028
:106C5000A04410603B65FFF799FAFB699E4201D89A
:106C6000FEF7E6FB3400013C2A002178786DFEF740
:106C700099FAFB699C42F6D1FEF7DAFB7B6C002B9C
:106C800004D0AB895B0601D4FEF7D5FBFB6BFEF7A6
:106C90001AFCFB699B46FEF718FCFB6934009E4218
:106CA00001D8FEF7C5FB013C2A002178786DFEF77C
:106CB00079FAFB699C42F6D1FEF7BAFB00223B6CE5
:106CC000F969786D00F082FA24E6C046F12E0210D0
:106CD000F6FF0000BCBE0210553002107FF8FFFF27
:106CE00070B50D7804005E2D1BD0481C00260021D5
:106CF0002300621CFF32197001339342FBD1002D37
:106D00000DD00122724062550378461C2D2B0FD006
:106D10005D2B0BD0002B03D01D003000F3E70138B2
:106D200070BD4D78881C01260121E1E73000F7E7AE
:106D300041785D2910D08D420EDC2B0002300133EA
:106D4000E2549942FBDC8D4203DB002101354D19F1
:106D5000DAE7491B0139F9E72D253000D3E7C046B2
:106D6000F0B50C002300C646096B403300B59942CC
:106D700015D0666B77003A00FAF74AFE051E28D058
:106D800083199846010032001800F0F7AFF9434626
:106D9000256323606763002080BCB846F0BD802176
:106DA000C900FAF733FB002813D08023DB006363AC
:106DB00042232063E25C084BC2544123E25C074B50
:106DC000C2544023E25C064B9C46C254604420609F
:106DD000E1E701204042DFE7FF030000FE0300007F
:106DE000FD030000030070B5060008003043800773
:106DF00001D1032A1BD83000002307E0CC5C013A04
:106E0000F454451C0133002C03D02800002AF5D18E
:106E100070BD2B000024A918002A04D01C70013377
:106E20009942FBD10D000028F2D12800F0E7084C70
:106E300008681E00074BC31883432342DBD133008D
:106E4000043A043101C3032AF2D81E00D3E7C04636
:106E500080808080FFFEFEFE0048704740380020A2
:106E6000F0B5DE464E4645465746E0B589B00D00C2
:106E7000059193461E00082107905F482B001C785F
:106E80000135025D1142F9D12D2C00D184E02B2C6B
:106E90004BD001235B420393584B0493002306938A
:106EA000002E08D1302C00D180E00A239A4600231E
:106EB0000A26994605E0102E00D182E0F317B2466B
:106EC000994652464B4603980499EFF70BF9230075
:106ED0000F008046029200200022002113E0B942F8
:106EE00001D140451ED8804543D052464B46EFF76E
:106EF000ADFFE31700940193009B019C0122C01891
:106F000061412B7801351C00303C092C04D9113C1F
:106F1000192C0DD8373B1C00A64211DD531CF0D0B4
:106F2000B942DCD901225242EBE72C789D1CB0E734
:106F30001C00613C192C03D8573B1C00A642EDDC19
:106F4000531C1ED0069B002B04D003000C00002114
:106F50005842A1415B46002B04D0002A45D15B4634
:106F6000059A1A6009B0F0BCBB46B246A946A046D5
:106F7000F0BD8F42B9D1029BA342B6DA0122524240
:106F8000BFE72223079A13605B46002B30D06B1EAD
:106F9000039804990593E2E72C789D1C0023039342
:106FA00080231B0604930123069379E720222B7884
:106FB0009343582B11D008239A460023083699464C
:106FC0007FE7302C04D010239A460023994678E7B7
:106FD00020222B789343582BF5D110239A46002377
:106FE0006C789946102602356BE703900491CEE742
:106FF00003980499B6E7C046B19F0310FFFFFF7FD7
:1070000010B5FFF72DFF10BDF0B54546DE465746DB
:107010004E46E0B587B00D000391984608210590D3
:10702000654801922B001C780135025D1142F9D1AF
:107030002D2C00D188E0002204922B2C67D04346EF
:10704000002B0FD1302C00D183E0052302935B4B42
:107050009A465B4B99460A23009300239B460A33CA
:10706000984615E0102B00D185E0424600930120A0
:107070004042C117DB179B46EFF734F84246824681
:1070800089465B4601204042C117EFF72BF8029278
:1070900000220020002116E01C00A0451EDD531C2C
:1070A0000FD049453BD801D1504538D8504531D053
:1070B000009A5B46EFF7CAFE2600E7178019794170
:1070C00001222C7801352300303B092BE4D9230021
:1070D000413B192B26D8373CA045E0DC531C27D078
:1070E000049B002B04D003000C0000215842A14156
:1070F000019B002B04D0002A23D1019B039A1A6024
:1071000007B0F0BCBB46B246A946A046F0BD2C78FD
:107110009D1C94E74945CBD1029B9C42C8DD0122CE
:107120005242CEE72300613B192BD7D8573CB4E736
:107130002223059A01204042C1171360019B002BB6
:10714000DED06B1E0393D8E72C789D1C012304939B
:1071500075E720222B789343582B1ED007230293E8
:10716000083B9A46174B99460823009300239B46F9
:10717000083398468CE7302C0AD00F230293103B3B
:107180009A46114B99461023009300239B467FE7B4
:1071900020222B789343582BEFD10F230293103BDF
:1071A0009A46094B6C7899461023009300239B461E
:1071B0001033984602356BE7B19F0310999999995E
:1071C00099999919FFFFFF1FFFFFFF0F10B5FFF7F8
:1071D0001BFF10BD70B582B0069C0500002C0BD0C3
:1071E000E4260F488659002A0DD028000094B047A5
:1071F000431C10D002B070BD0400E4260848F434EB
:107200008659002AF1D1012300212800054A009463
:10721000B047431CEED1002323608A332B60E9E79B
:1072200050370020BCBE021010B5002100F002F85B
:1072300010BDC04610B500F0B9F8040000F0EAF83F
:107240001A38C0B2022805D900200423093CA34201
:10725000404110BD0120FCE7030A30B5DBB2050058
:10726000C4B2022922D0032903D0803B803CDBB288
:10727000E4B21A005032D2B21F2A0AD91A003032B0
:10728000D2B2242A35D83C4A95422FD90120404217
:1072900030BD3A4A9542F9D83949B03BD801C01AB5
:1072A0004000A13C00194000405AF1E79E2C0ED945
:1072B00023348022E4B29F2B0ED8703B5B00D3189E
:1072C000DBB21A005032D2B21F2AD7D8E1E77E3C97
:1072D0007F22E4B29F2BF0D950335B00D318DBB28E
:1072E0001A005032D2B21F2AC8D8D2E72549D03B63
:1072F000D4E75F33DAB2072AC8D8234B92009B58F1
:107300009F46F12CC2D8214AA13C6000805A002837
:10731000BED10138BCE7D82CB8D81D4AA13C6000CA
:10732000805A0028B4D10138B2E7F62CAED8C02379
:107330009B01E018ACE7F32CA8D8164BE018A7E7A0
:10734000154BE35C002BA1D0144BE018A0E7144AC6
:10735000A13C6000805A00289AD1013898E7114A70
:10736000A13C6000805A93E7C02C00D98EE70E4AFA
:10737000A13C6000805A8BE7A6F40000D3CF000048
:107380003CC10310C0A60310A0A60310A8D8031088
:107390004CD90310A02F00001BD9031060FE000081
:1073A00018DA0310D4DA031068D8031070B505009A
:1073B000002918D02B31FF310C0020001149FCF7B7
:1073C000C5FA002804D101212800FFF745FF70BD50
:1073D00020000D49FCF7BAFA002806D10221280046
:1073E000FFF73AFFF3E7094CE7E720000849FCF70D
:1073F000ADFA03002800002BE9D10321FFF72CFF91
:10740000E5E7C046C4E60210C8E602107A3800205C
:10741000D0E60210114BF0B598421BD80025104E53
:10742000104F02E0551CAE4214DBAB19DA0FD21834
:10743000521053009B185B00FB1859885C780902B6
:1074400021439C886418A042ECD8884204D2561E7E
:10745000AE42EADAFF20F0BD1878FCE7EF010E003B
:10746000F908000090DB0310F8B5C04600000000EA
:1074700001B40248844601BC604700BF3D040020BF
:1074800001B40248844601BC604700BF01030020EC
:1074900001B40248844601BC604700BF5910002077
:1074A00001B40248844601BC604700BF25020020A9
:1074B00001B40248844601BC604700BF01110020AE
:1074C00001B40248844601BC604700BF011100209E
:1074D00001B40248844601BC604700BFC1000020DF
:1074E00001B40248844601BC604700BF99010020F6
:1074F00001B40248844601BC604700BF0D10002063
:1075000001B40248844601BC604700BF5D0F002003
:1075100001B40248844601BC604700BF410C002012
:1075200001B40248844601BC604700BF010100204D
:1075300001B40248844601BC604700BFD10C002062
:1075400001B40248844601BC604700BF190C00200A
:1075500001B40248844601BC604700BF810C002092
:10756000F95D0110255E011009600110D170011054
:1075700045670110C16F0110315F0110415E0110BC
:10758000615E0110755E0110814801107D5E011081
:107590004D4C0110CD5D01108D4401103D95011041
:0875A000B1020010DDC2011070
:1075A8005B4D61696E5D205374617274696E67200A
:1075B8004672656552544F53207363686564756CF1
:1075C80065722028435055204020323030204D48E5
:1075D8007A292E2E2E0D0A0D0A0000005379737495
:1075E800656D20636C6F636B206F66202575206B5B
:1075F800487A2063616E6E6F7420626520657861D9
:1076080063746C792061636869657665640000005D
:10761800473A2F5F4769744875622F48575F313082
:107628002D496E2D5261636B5F5044552F73726301
:107638002F536F6674776172652F454E45524749DF
:10764800535F52544F532F7372632F647269766578
:1076580072732F6932635F6275732E6300000000D6
:1076680049324342757300005B4D43505D00000092
:107678005B4552524F525D203078253034582025D2
:107688007320496E76616C696420726567697374EA
:10769800657220706172616D733A206932633D25AD
:1076A8007020616464723D3078253032580D0A00CC
:1076B8005B4552524F525D20307825303458202592
:1076C80073204465766963652072656769737472AF
:1076D800792066756C6C0D0A000000005B455252FB
:1076E8004F525D20307825303458202573204D7551
:1076F80074657820637265617465206661696C657C
:107708006420666F7220616464723D30782530327F
:10771800580D0A005B5741524E494E475D2030785C
:1077280025303458202573205265636F76657220A2
:107738006661696C65643A20616464723D307825DD
:107748003032580D0A0000005B4341543234445231
:10775800565D00005B494E464F5D202573204472FC
:107768006976657220696E697469616C697A6564A5
:107778000D0A00005B494E464F5D205B4554485D4D
:1077880020486172647761726520696E6974696105
:107798006C697A65642028535049204020256C750F
:1077A800204D487A290D0A005B494E464F5D205B03
:1077B8004554485D20504859206C696E6B206573AC
:1077C8007461626C69736865640D0A005B494E46B2
:1077D8004F5D205B4554485D204368697020696EA1
:1077E800697469616C697A65640D0A002573000023
:1077F800307825303478203A20000000253032587F
:107808002000000020200000256300005B534E4D3F
:10781800504452565D0000005B494E464F5D20259E
:1078280073207265616479206F6E2055445020730F
:107838006F636B65742025752C20706F727420251A
:10784800750D0A000A5B534E4D502052585D0D0AC3
:10785800000000000A5B534E4D502054585D0D0A3D
:10786800000000007A65726F00000000766F6C748B
:107878006167650063757272656E7428616C6C2946
:1078880000000000756E6B6E6F776E006375727224
:10789800656E742873696E676C6529005B484C5780
:1078A800383033325D0000005B494E464F5D20257D
:1078B800732043482575206173796E63207A657259
:1078C8006F2063616C6962726174696F6E3A2056E9
:1078D8006F66663D252E33665620496F66663D25E0
:1078E8002E3366410D0A00005B494E464F5D202548
:1078F800732043482575206173796E6320766F6C19
:10790800746167652063616C6962726174696F6E26
:107918003A2056463D252E336620287265663D2559
:107928002E326656290D0A005B494E464F5D2025CA
:10793800732043482575206173796E6320637572DF
:1079480072656E742063616C6962726174696F6ECE
:107958003A2043463D252E366620287265663D2529
:107968002E3366412C20496F66663D252E336641CD
:10797800290D0A005B494E464F5D20257320434878
:107988002575206173796E632063616C6962726129
:1079980074696F6E20636F6D706C6574650D0A0095
:1079A8005B494E464F5D202573204173796E6320F5
:1079B80063616C69623A206D6F76696E6720746FD7
:1079C80020434825750D0A005B494E464F5D20252A
:1079D80073204173796E632025732063616C69623B
:1079E800726174696F6E20636F6D706C6574653A4F
:1079F800202575206F6B2C202575206661696C65C4
:107A0800640D0A005B494E464F5D202573204C6F7C
:107A18006164696E672063616C6962726174696F21
:107A28006E2066726F6D20454550524F4D2E2E2E9A
:107A38000D0A00005B494E464F5D202573204361C7
:107A48006C6962726174696F6E206C6F6164206327
:107A58006F6D706C6574650D0A0000005B494E46D9
:107A68004F5D20257320496E697469616C697A6974
:107A78006E6720484C573830333220647269766517
:107A8800722E2E2E0D0A00005B494E464F5D2025B2
:107A98007320496E697469616C697A6174696F6E83
:107AA80020636F6D706C6574650D0A005B574152F9
:107AB8004E494E475D202573204173796E632063DC
:107AC800616C6962726174696F6E20616C72656164
:107AD800647920696E2070726F67726573730D0A1E
:107AE800000000005B494E464F5D2025732041731E
:107AF800796E63207A65726F2063616C6962726166
:107B080074696F6E207374617274656420666F7235
:107B180020616C6C206368616E6E656C7320283020
:107B2800562F3041290D0A005B494E464F5D2025EE
:107B38007320456E7375726520616C6C2072656C7C
:107B4800617973204F464620616E64206E6F206C09
:107B58006F61640D0A0000005B494E464F5D2025A9
:107B680073204173796E63207A65726F2063616C4C
:107B78006962726174696F6E20737461727465648E
:107B880020666F722043482575202830562F3041D3
:107B9800290D0A005B494E464F5D20257320456E2E
:107BA80073757265206368616E6E656C202575203B
:107BB8006973204F464620616E6420756E6C6F6154
:107BC8006465640D0A0000005B494E464F5D202540
:107BD80073204173796E6320766F6C7461676520DA
:107BE80063616C6962726174696F6E20737461722B
:107BF80074656420666F7220616C6C206368616EC6
:107C08006E656C732028252E3166562C203041294C
:107C18000D0A00005B494E464F5D20257320456ED6
:107C28007375726520616C6C206368616E6E656C3B
:107C380073207365652073616D6520737461626C70
:107C480065206D61696E7320766F6C746167650D70
:107C58000A0000005B494E464F5D202573204173A2
:107C6800796E6320766F6C746167652063616C69F7
:107C780062726174696F6E207374617274656420D6
:107C8800666F7220434825752028252E3166562CAC
:107C9800203041290D0A00005B494E464F5D2025E2
:107CA8007320456E73757265206368616E6E656CCE
:107CB800202575207365657320737461626C652077
:107CC8006D61696E7320766F6C746167650D0A006B
:107CD8005B494E464F5D202573204173796E6320C2
:107CE80063757272656E742063616C696272617427
:107CF800696F6E207374617274656420666F722098
:107D08006368616E6E656C2025752028497265660A
:107D18003D252E336641290D0A0000005B494E4679
:107D28004F5D20257320456E737572652063686109
:107D38006E6E656C202575206861732074686520F7
:107D48006D65617375726564206C6F61642063751D
:107D58007272656E740D0A005B494E464F5D2025B0
:107D680073204173796E632063757272656E742037
:107D780063616C6962726174696F6E207374617299
:107D880074656420666F7220414C4C206368616E94
:107D98006E656C732028497265663D252E336641F1
:107DA800290D0A005B494E464F5D20257320456E1C
:107DB800737572652065616368206368616E6E65BE
:107DC8006C2068617320746865206D6561737572D5
:107DD80065642063757272656E74207768656E20BD
:107DE80070726F6D707465640D0A00005945530018
:107DF8004E4F0000257320434825752043616C6968
:107E080062726174696F6E3A0D0A0000202056464E
:107E18003D252E33662043463D252E36660D0A0045
:107E28002020566F66663D252E336620496F6666AC
:107E38003D252E33660D0A00202052313D252E3077
:107E4800662052323D252E306620527368756E7456
:107E58003D252E36660D0A00202043616C6962724A
:107E6800617465643D2573205A65726F43616C3D8A
:107E780025730D0A0000000025733D00095B444589
:107E88004255475D205B494E464F5D203D3D3D3D97
:107E98003D3D3D3D3D3D3D3D3D3D3D3D3D3D3D3D0A
:107EA8003D3D3D3D3D3D3D3D3D3D3D3D3D3D3D3DFA
:107EB8003D3D3D3D0D0A0000095B44454255475D87
:107EC800205B494E464F5D205B496E69745461736F
:107ED8006B5D204561726C7920736E617073686F99
:107EE800743A203C6E6F6E653E0D0A00095B44458E
:107EF8004255475D205B494E464F5D205B496E69A0
:107F0800745461736B5D204561726C7920736E6186
:107F18007073686F742064756D703A0D0A00000004
:107F2800095B44454255475D205B494E464F5D20FD
:107F38002020626F6F74733D256C75207261773DE8
:107F480030782530386C580D0A000000095B44452C
:107F58004255475D205B494E464F5D20202077649F
:107F68005F736372617463685B302E2E375D3A0D00
:107F78000A000000095B44454255475D205B494EB5
:107F8800464F5D2020202020303D30782530386C49
:107F98005820313D30782530386C5820323D3078C3
:107FA8002530386C5820333D30782530386C580DE2
:107FB8000A000000095B44454255475D205B494E75
:107FC800464F5D2020202020343D30782530386C05
:107FD8005820353D30782530386C5820363D30787B
:107FE8002530386C5820373D30782530386C580D9E
:107FF8000A00000052544F5320686F6F6B00000056
:108008005B506F7765724D67725D00005B494E4645
:108018004F5D20257320506F776572206D616E610A
:1080280067657220696E697469616C697A65642034
:108038002873746174653D52554E290D0A0000007D
:108048005B494E464F5D20257320456E7465726905
:108058006E67205354414E444259206D6F64650D3C
:108068000A0000005B494E464F5D2025732053549B
:10807800414E444259206D6F64652061637469768E
:10808800650D0A005B494E464F5D202573204578F3
:108098006974696E67205354414E444259206D6F8C
:1080A80064650D0A000000005B494E464F5D2025BF
:1080B800732052554E206D6F646520616374697634
:1080C800652C206E6574776F726B2077696C6C20F5
:1080D8007265696E697469616C697A650D0A000078
:1080E8005769656E00000000647669646D616B65B0
:1080F800737468696E677340676D61696C2E636F2E
:108108006D000000454E4552474953204D414E41B0
:10811800474544205044550025752E25752E257554
:108128002E257500253032583A253032583A2530F8
:1081380032583A253032583A253032583A253032BA
:10814800580000005B5741524E494E475D20307839
:1081580025303458205B534E4D505D20416C6C4F98
:108168006E206661696C65640D0A00005B574152B8
:108178004E494E475D20307825303458205B534EA9
:108188004D505D20416C6C4F6666206661696C6578
:10819800640D0A00252E326600000000252E336685
:1081A80000000000252E316600000000256C7500D7
:1081B800252E356600000000556E6B6E6F776E00D9
:1081C800312E313000000000312E38300000000020
:1081D800332E3330000000004F4B00004F7665729D
:1081E8006C6F61640000000048692D5A00000000AF
:1081F80045550000554E4B4E4F574E005B4F435F61
:1082080050524F545D0000005B494E464F5D20259B
:108218007320496E697469616C697A6564202825E0
:10822800733A20252E316641206C696D69742C20C3
:108238007761726E3D252E3266412C206372697417
:108248003D252E3266412C20726563763D252E32FF
:108258006641290D0A0000005B494E464F5D202506
:1082680073205245434F564552593A20437572720E
:10827800656E7420252E326641203C20252E3266FC
:10828800412C20737769746368696E6720554E4C7A
:108298004F434B45440D0A005B494E464F5D202530
:1082A8007320545249503A205475726E696E672093
:1082B8004F4646206368616E6E656C2025752064A4
:1082C800756520746F206F76657263757272656E5E
:1082D800740D0A005B494E464F5D202573205452A9
:1082E80049503A205475726E696E67204F46462091
:1082F800414C4C206368616E6E656C7320286E6F0C
:10830800206C6173742D6F6E20747261636B696E7B
:1083180067290D0A000000005B494E464F5D202585
:1083280073204D414E55414C2052455345543A20F7
:108338004C6F636B6F757420636C65617265642044
:108348006279206F70657261746F720D0A000000A7
:108358005B494E49545D00005B494E464F5D202500
:1083680073203D3D3D3D3D20506861736520313AA5
:1083780020486172647761726520496E6974203D96
:108388003D3D3D3D0D0A0D0A000000005B494E468B
:108398004F5D202573204750494F20636F6E6669F3
:1083A80067757265640D0A005B494E464F5D20256E
:1083B800732049324320627573657320696E69744E
:1083C80069616C697A65640D0A0000005B494E4674
:1083D8004F5D2025732053504920696E6974696187
:1083E8006C697A656420666F722057353530300DB8
:1083F8000A0000005B494E464F5D2025732041442A
:108408004320696E697469616C697A65640D0A0054
:108418005B494E464F5D202573203D3D3D3D3D2047
:10842800506861736520323A2050657269706865DA
:1084380072616C2050726F62696E67203D3D3D3DF0
:108448003D0D0A0052656C6179204D43503233303E
:10845800313700005B494E464F5D20257320257358
:1084680020646574656374656420617420307825C0
:108478003032580D0A0000005B494E464F5D2025FA
:1084880073202573204E4F542064657465637465AA
:1084980064206174203078253032580D0A000000BD
:1084A800446973706C6179204D43503233303137F1
:1084B8000000000053656C656374696F6E204D435E
:1084C80050323330313700005B494E464F5D20252E
:1084D8007320416C6C204D43503233303137732058
:1084E80064657465637465640D0A000045455052FF
:1084F8004F4D20434154323443323536000000009A
:108508005B494E464F5D202573203D3D3D3D3D2056
:10851800506861736520333A2053756273797374B8
:10852800656D204272696E672D75702028646574C8
:1085380065726D696E697374696329203D3D3D3DBF
:108548003D0D0A005B494E464F5D202573204C6F58
:10855800676765725461736B2072656164790D0A8F
:10856800000000005B494E464F5D20257320436F95
:108578006E736F6C655461736B2072656164790DFD
:108588000A0000005B494E464F5D20257320537456
:108598006F726167655461736B2072656164790DF0
:1085A8000A0000005B494E464F5D20257320537733
:1085B800697463685461736B2072656164790D0A2C
:1085C800000000005B494E464F5D20257320427530
:1085D80074746F6E5461736B2072656164790D0AEF
:1085E800000000005B494E464F5D202573204E6514
:1085F800745461736B2072656164790D0A00000020
:108608005B494E464F5D202573204D657465725455
:1086180061736B2072656164790D0A005B494E468F
:108628004F5D202573203D3D3D3D3D2050686173E1
:108638006520343A20436F6E6669677572617469A4
:108648006F6E204C6F6164203D3D3D3D3D0D0A003D
:108658005B494E464F5D2025732053746F726167E6
:108668006520636F6E6669672072656164790D0ABB
:10867800000000005B494E464F5D20257320536182
:10868800766564204E6574776F726B20636F6E66D3
:1086980069673A200D0A00005B494E464F5D20206D
:1086A80020202020202020202020202020202020C2
:1086B800495020203A2025752E25752E25752E2502
:1086C800750D0A005B494E464F5D20202020202072
:1086D800202020202020202020202020534D202032
:1086E8003A2025752E25752E25752E25750D0A001F
:1086F8005B494E464F5D202020202020202020204E
:108708002020202020202020475720203A2025758F
:108718002E25752E25752E25750D0A005B494E46AA
:108728004F5D2020202020202020202020202020D5
:1087380020202020444E53203A2025752E25752EC2
:1087480025752E25750D0A005B494E464F5D20257F
:1087580073203D3D3D3D3D204170706C79696E67E9
:10876800205374617274757020436F6E6669677503
:10877800726174696F6E203D3D3D3D3D0D0A0000FC
:108788005B494E464F5D20257320436865636B69DE
:108798006E6720666F7220737461727475702063DF
:1087A8006F6E66696775726174696F6E2E2E2E0D15
:1087B8000A0000005B494E464F5D202573204E6F2E
:1087C800207374617274757020707265736574209B
:1087D800636F6E66696775726564202D2072656CBB
:1087E8006179732073746179204F46460D0A000041
:1087F8005B5741524E494E475D20257320466169BB
:108808006C656420746F2072656164207374617292
:10881800747570207072657365742025750D0A0073
:108828005B5741524E494E475D2025732053746172
:10883800727475702070726573657420257520696F
:108848007320656D7074790D0A0000005B494E460F
:108858004F5D202573204170706C79696E672073B5
:1088680074617274757020707265736574202575F3
:108878003A202725732720286D61736B3D307825B2
:10888800303258290D0A00005B5741524E494E4775
:108898005D202573204661696C656420746F2061D2
:1088A80070706C7920737461727475702070726561
:1088B8007365740D0A0000005B494E464F5D202029
:1088C800202020434825753A204F4E0D0A0000000D
:1088D8005B494E464F5D202573204170706C696579
:1088E80064207374617274757020636F6E66696753
:1088F80075726174696F6E20282575206368616ED2
:108908006E656C73204F4E290D0A00005B494E4678
:108918004F5D202573203D3D3D3D3D2046696E61FC
:108928006C697A6174696F6E3A20656E74657269F4
:108938006E67203D3D3D3D3D0D0A00004C6F676769
:10894800657200004C6F676765725461736B000055
:10895800436F6E736F6C6500436F6E736F6C655415
:1089680061736B0053746F726167650053746F7243
:108978006167655461736B00427574746F6E5461FE
:10898800736B00005377697463685461736B0000FC
:108998004E6574004E65745461736B004D65746563
:1089A800725461736B0000005B494E464F5D202591
:1089B800732057616974696E6720666F72204D6510
:1089C80074657220746F2062652072656164792015
:1089D8006265666F7265207374617274696E672070
:1089E8004865616C74682E2E2E0D0A005B494E4650
:1089F8004F5D202573203D3D3D3D3D3D3D3D3D3D89
:108A08003D3D3D3D3D3D3D3D3D3D3D3D3D3D3D3D8E
:108A18003D3D3D3D3D3D3D3D3D0D0A005B494E46DA
:108A28004F5D20257320094372617368206C6F675E
:108A3800733A0D0A000000005B494E464F5D202541
:108A480073203D3D3D3D3D3D3D3D3D3D3D3D3D3D35
:108A58003D3D3D3D3D3D3D3D3D3D3D3D3D3D3D3D3E
:108A68003D3D3D3D3D0D0A0D0A0000005B494E4667
:108A78004F5D203D3D3D3D3D3D3D3D3D3D3D3D3D09
:108A88003D3D3D3D3D3D3D3D3D3D3D3D3D3D3D3D0E
:108A98003D3D3D3D3D3D3D3D3D3D3D0D0A00000018
:108AA8005B494E464F5D202020202020202020209A
:108AB800454E4552474953204D414E414745442074
:108AC8005044552020202020202020202020200D28
:108AD8000A000000312E312E300000005B494E465E
:108AE8004F5D204669726D776172653A2025730D76
:108AF8000A0000005B494E464F5D2053657269616C
:108B08006C3A2025730D0A005B494E464F5D203DA7
:108B18003D3D3D3D3D3D3D3D3D3D3D3D3D3D3D3D7D
:108B28003D3D3D3D3D3D3D3D3D3D3D3D3D3D3D3D6D
:108B38003D3D3D3D3D3D3D0D0A0D0A005B494E461C
:108B48004F5D2020202020202020202020202020B1
:108B5800202053595354454D205245414459202013
:108B680020202020202020202020200D0A00000086
:108B7800496E69745461736B000000005B4C4F4789
:108B88004745525D00000000095B4543484F5D20A2
:108B98002573205461736B20737461727465640D5E
:108BA8000A0000004F464600414C4C4F57454400D0
:108BB800424C4F434B454400456E61626C6564000E
:108BC80044697361626C6564000000005B434F4E4A
:108BD800534F4C455D000000095B4543484F5D20FD
:108BE8000A000000095B4543484F5D203D3D3D209C
:108BF800454E455247495320436F6E736F6C65204D
:108C08005265616479203D3D3D0A0000095B45439A
:108C1800484F5D20547970652048454C5020666F58
:108C28007220617661696C61626C6520636F6D6D3D
:108C3800616E64730A00000048454C500000000053
:108C4800095B4543484F5D203D3D3D20454E45521B
:108C58004749532050445520436F6E736F6C65200D
:108C6800436F6D6D616E6473203D3D3D0A000000E9
:108C7800095B4543484F5D2047454E4552414C20CE
:108C8800434F4D4D414E44530A00000053686F77DF
:108C980020617661696C61626C6520636F6D6D61DE
:108CA8006E647320616E642073796E74617800005D
:108CB800095B4543484F5D20252D333273202573CA
:108CC8000A00000053686F772073797374656D200C
:108CD800696E666F726D6174696F6E00535953499E
:108CE8004E464F0053686F77204D43552074656D8D
:108CF8007065726174757265000000004745545FC5
:108D080054454D50000000005265626F6F74207426
:108D180068652050445520286E6574776F726B2003
:108D28006368616E6765732074616B65206566664C
:108D3800656374206166746572207265626F6F7412
:108D48002900000050757420746865204D43552033
:108D5800696E746F20626F6F74206D6F64650000B8
:108D6800424F4F5453454C00436C65617220616C0F
:108D78006C206572726F727300000000434C525F82
:108D880045525200526573746F7265206661637450
:108D98006F72792073657474696E677300000000E0
:108DA80052465300095B4543484F5D204F55545088
:108DB800555420434F4E54524F4C20414E44204D61
:108DC8004541535552454D454E540A00536574204C
:108DD8006368616E6E656C2028312D382920746FA8
:108DE80020307C317C4F4E7C4F46467C414C4C00B9
:108DF8005345545F4348203C63683E203C535441EC
:108E080054453E00526561642063757272656E74E4
:108E1800207374617465206F66206368616E6E6587
:108E28006C2028312D387C414C4C29004745545F33
:108E38004348203C63683E0053686F77206F76652F
:108E48007263757272656E742070726F7465637484
:108E5800696F6E2073746174757300004F435F53BC
:108E680054415455530000004D616E75616C6C7926
:108E780020636C656172206F7665726375727265C6
:108E88006E74206C6F636B6F757400004F435F5294
:108E980045534554000000005265616420706F77A7
:108EA8006572206461746120666F7220616C6C2049
:108EB8006368616E6E656C73000000005245414442
:108EC8005F484C5738303332000000005265616407
:108ED80020706F776572206461746120666F7220FC
:108EE8006368616E6E656C2028312D38290000009A
:108EF800524541445F484C5738303332203C636810
:108F08003E00000053746172742063616C69627280
:108F18006174696F6E206F6E206368616E6E656C38
:108F28002028312D3829207769746820676976658B
:108F38006E20562F4900000043414C49425241548B
:108F480045203C63683E203C563E203C493E00009C
:108F58005A65726F2D63616C696272617465206F06
:108F68006E65206368616E6E656C206F7220414C7F
:108F78004C0000004155544F5F43414C5F5A4552E5
:108F88004F205B63687C414C4C5D0000566F6C74ED
:108F98006167652D63616C696272617465206F6ECB
:108FA80065206368616E6E656C206F7220414C4C61
:108FB8002028304120617373756D656429000000B5
:108FC8004155544F5F43414C5F56203C766F6C745B
:108FD8006167653E205B63687C414C4C5D00000026
:108FE80043757272656E742D63616C696272617427
:108FF800652061206368616E6E656C2C206F72203D
:10900800414C4C2073657175656E7469616C6C793F
:10901800000000004155544F5F43414C5F49203CDC
:1090280063757272656E743E203C63687C414C4C7B
:109038003E00000053686F772063616C696272615B
:1090480074696F6E20646174612028312D387C4109
:109058004C4C290053484F575F43414C4942203CF0
:1090680063683E00095B4543484F5D204E455457B1
:109078004F524B2053455454494E47530A00000061
:10908800446973706C61792063757272656E7420BF
:1090980049502C207375626E6574206D61736B2C5A
:1090A800206761746577617920616E6420444E534E
:1090B800000000004E4554494E464F005365742049
:1090C80073746174696320495020616464726573C4
:1090D8007320287265717569726573207265626F95
:1090E8006F7429005345545F4950203C69703E0015
:1090F800536574207375626E6574206D61736B00BF
:109108005345545F534E203C6D61736B3E00000025
:109118005365742064656661756C74206761746555
:10912800776179005345545F4757203C67773E0085
:1091380053657420444E532073657276657200003F
:109148005345545F444E53203C646E733E00000008
:10915800436F6E66696775726520616C6C206E6519
:1091680074776F726B2073657474696E677300002F
:10917800434F4E4649475F4E4554574F524B203C4C
:10918800697024736E24677724646E733E00000050
:10919800095B4543484F5D20444542554720434FAE
:1091A8004D4D414E44530A00526561642031325698
:1091B80020737570706C79207261696C0000000012
:1091C8004745545F535550504C59000052656164EF
:1091D8002055534220737570706C79207261696CE8
:1091E800000000004745545F5553420043616C69D5
:1091F8006272617465204D43552074656D706572A7
:1092080061747572652073656E736F72000000007B
:1092180043414C49425F54454D50203C31507C32CB
:10922800503E203C54313E203C54323E205B574156
:1092380049545D00456E717565756520666F726D80
:10924800617474656420454550524F4D2064756DB6
:109258007000000044554D505F454550524F4D0039
:1092680044756D70206572726F72206576656E74D4
:10927800206C6F6720726567696F6E0052454144C4
:109288005F4552524F52000044756D7020776172ED
:109298006E696E67206576656E74206C6F672072E4
:1092A8006567696F6E000000524541445F5741523F
:1092B8004E494E4700000000436C6561722065729C
:1092C800726F72206576656E74206C6F67207265A8
:1092D80067696F6E00000000434C4541525F45527C
:1092E800524F5200436C656172207761726E696EED
:1092F80067206576656E74206C6F67207265676994
:109308006F6E0000434C4541525F5741524E494EE3
:1093180047000000457261736520454550524F4D26
:109328002028666163746F727920776970653B20C5
:109338007265626F6F7420726571756972656429F0
:1093480000000000424141444341464500000000FE
:10935800095B4543484F5D2050524F564953494F8A
:109368004E494E4720434F4D4D414E44530A00004D
:1093780053686F772070726F766973696F6E696E64
:109388006720636F6D6D616E6473000050524F56B5
:1093980000000000556E6C6F636B2070726F766909
:1093A80073696F6E696E672028746F6B656E3D68B0
:1093B800657820737472696E6729000050524F56A1
:1093C80020554E4C4F434B203C746F6B656E3E00EE
:1093D8004C6F636B2070726F766973696F6E696E1C
:1093E8006700000050524F56204C4F434B0000007E
:1093F8005365742064657669636520736572696175
:109408006C206E756D6265720000000050524F56F8
:10941800205345545F534E203C73657269616C3E1E
:1094280000000000536574206465766963652072E6
:109438006567696F6E20283130412F313541290029
:1094480050524F56205345545F524547494F4E207E
:109458003C45557C55533E0053686F772070726FBA
:10946800766973696F6E696E67207374617475735A
:109478000000000050524F56205354415455530099
:10948800095B4543484F5D203D3D3D3D3D3D3D3DEC
:109498003D3D3D3D3D3D3D3D3D3D3D3D3D3D3D3DF4
:1094A8003D3D3D3D3D3D3D3D3D3D3D3D3D3D3D3DE4
:1094B8003D3D3D3D3D3D3D3D3D3D3D3D3D3D3D3DD4
:1094C8003D3D3D0A00000000095B4543484F5D20D3
:1094D8003D3D3D2053797374656D20496E666F720A
:1094E8006D6174696F6E203D3D3D0A00095B45431F
:1094F800484F5D203D3D3D204465766963652049C0
:1095080064656E74697479203D3D3D0A0000000071
:10951800095B4543484F5D20446576696365205380
:10952800657269616C3A203C6E6F742070726F7658
:109538006973696F6E65643E0A000000095B454304
:10954800484F5D20526567696F6E3A2020202020C1
:10955800202020554E4B4E4F574E0A00095B45437D
:10956800484F5D2050726F766973696F6E65643A13
:109578002020204E6F0A0A00095B4543484F5D20B2
:109588004465766963652053657269616C3A202584
:10959800730A0000095B4543484F5D2052656769BF
:1095A8006F6E3A202020202020202025730A0000FA
:1095B800095B4543484F5D2050726F766973696F48
:1095C8006E65643A2020205965730A00095B45439B
:1095D800484F5D2043757272656E74204C696D69E1
:1095E800743A20252E316620410A0A00095B45435A
:1095F800484F5D203D3D3D204669726D776172653B
:1096080020496E666F203D3D3D0A0000095B4543D9
:10961800484F5D204669726D7761726520566572A4
:1096280073696F6E3A2025730A000000095B454391
:10963800484F5D2048617264776172652056657293
:1096480073696F6E3A2025730A0A0000095B454367
:10965800484F5D203D3D3D20436C6F636B73203D5B
:109668003D3D0A00095B4543484F5D204350552066
:109678003A20252E3266204D487A0A00095B454378
:10968800484F5D20555342203A20252E3266204D02
:10969800487A0A00095B4543484F5D2050455249C6
:1096A8003A20252E3266204D487A0A00095B454348
:1096B800484F5D20414443203A20252E3266204DF4
:1096C800487A0A0A00000000095B4543484F5D20BC
:1096D80049324330205370656564203A20252E3284
:1096E80066204D487A0A0000095B4543484F5D20D3
:1096F80049324331205370656564203A20252E3263
:1097080066204D487A0A0000095B4543484F5D20B2
:1097180053504930205370656564203A20252E3215
:1097280066204D487A0A0A00095B4543484F5D2088
:10973800436F726520566F6C746167653A20252EF9
:109748003266205620287673656C3D256C75290A8B
:109758000A000000095B4543484F5D203D3D3D2020
:1097680054656C656D65747279203D3D3D0A000055
:10977800095B4543484F5D2055534220566F6C7432
:10978800616765203A20252E326620560A000000BF
:10979800095B4543484F5D20313256205375707040
:1097A8006C7920203A20252E326620560A000000C7
:1097B800095B4543484F5D204469652054656D70D9
:1097C800202020203A20252E326620430A0000005F
:1097D800095B4543484F5D2054656C656D6574723F
:1097E80079206E6F742072656164790A0000000048
:1097F800095B4543484F5D203D3D3D3D3D3D3D3D79
:109808003D3D3D3D3D3D3D3D3D3D3D3D3D3D3D3D80
:109818000A0A0000095B4543484F5D2044696520FA
:1098280054656D70657261747572653A20252E32C3
:109838006620C2B0432028414443207261773D2509
:1098480075290A00095B4543484F5D204469652036
:1098580054656D70657261747572653A204E2F415A
:10986800202874656C656D65747279206E6F74203C
:109878007265616479290A00095B4543484F5D2098
:109888005265626F6F74696E672073797374656D62
:109898002E2E2E0A00000000434C49205245424F0C
:1098A8004F540000095B4543484F5D20456E746581
:1098B80072696E6720424F4F5453454C206D6F6458
:1098C80065206E6F772E2E2E0A000000095B454337
:1098D800484F5D204572726F72204C454420636C7E
:1098E80065617265640A0000095B4543484F5D2065
:1098F800526573746F72696E6720666163746F7204
:10990800792064656661756C74732E2E2E0A0000CA
:10991800095B4543484F5D20466163746F72792047
:1099280064656661756C7473207772697474656EAA
:109938002E205265626F6F74696E672E2E2E0A0094
:109948005B4552524F525D204661696C65642074D4
:109958006F20777269746520666163746F7279200D
:1099680064656661756C74730A0000005345545F42
:109978004348000025313573202531357300000038
:10998800095B4543484F5D204552524F523A204F9C
:1099980076657263757272656E74206C6F636B6F37
:1099A800757420616374697665202D2063616E6E1D
:1099B8006F74207475726E206368616E6E656C7367
:1099C800204F4E0A00000000095B4543484F5D20C8
:1099D800557365204F435F53544154555320666F68
:1099E800722064657461696C732C204F435F524523
:1099F80053455420746F20636C656172202861663A
:109A0800746572207265647563696E67206C6F6136
:109A180064290A00095B4543484F5D20416C6C206E
:109A28006368616E6E656C732073657420746F2053
:109A380025730A00095B4543484F5D204552524F44
:109A4800523A204F76657263757272656E74206C37
:109A58006F636B6F757420616374697665202D2060
:109A680063616E6E6F74207475726E206368616EC8
:109A78006E656C202564204F4E0A0000095B454343
:109A8800484F5D2043482564203D2025730A000087
:109A98004745545F43480000095B4543484F5D20F4
:109AA800434825643A2025730D0A00002564000008
:109AB800095B4543484F5D204552524F523A204674
:109AC80061696C656420746F20676574206F7665C2
:109AD8007263757272656E74207374617475730A3B
:109AE80000000000095B4543484F5D203D3D3D2097
:109AF8004F76657263757272656E742050726F74FA
:109B0800656374696F6E20537461747573203D3D8D
:109B18003D0A0000095B4543484F5D20526567696F
:109B28006F6E3A202020202020202020202045551C
:109B380020284945432F454E4543290A0000000087
:109B4800095B4543484F5D20526567696F6E3A204F
:109B58002020202020202020202055532028554C2C
:109B68002F435341290A0000095B4543484F5D20B4
:109B7800526567696F6E3A2020202020202020201F
:109B88002020554E4B4E4F574E0A0000095B454367
:109B9800484F5D2043757272656E74204C696D691B
:109BA800743A20202020252E316620410A0000002A
:109BB800095B4543484F5D205761726E696E6720A7
:109BC8005468726573683A202020252E3266204139
:109BD80020284C696D6974202D20252E3266290AAB
:109BE80000000000095B4543484F5D2043726974DB
:109BF8006963616C205468726573683A2020252E69
:109C08003266204120284C696D6974202D20252E4C
:109C18003266290A00000000095B4543484F5D2071
:109C28005265636F76657279205468726573683A15
:109C38002020252E3266204120284C696D69742029
:109C48002D20252E3266290A00000000095B4543B5
:109C5800484F5D20546F74616C2043757272656E55
:109C6800743A20202020252E326620410A00000068
:109C7800095B4543484F5D2050726F746563746992
:109C88006F6E2053746174653A2025730A000000D2
:109C9800095B4543484F5D20537769746368696E73
:109CA800673A202020202020202025730A00000069
:109CB800095B4543484F5D205472697020436F75B6
:109CC8006E743A20202020202020256C750A000080
:109CD800095B4543484F5D204C617374207365747C
:109CE8002043483A20202020202025750A00000023
:109CF800095B4543484F5D204C6173742054726979
:109D0800703A2020202020202020256C75207365A3
:109D1800636F6E64732061676F0A0000095B4543D7
:109D2800484F5D204F4B3A204F76657263757272CB
:109D3800656E74206C6F636B6F757420636C6561FE
:109D48007265640A00000000095B4543484F5D20C6
:109D58005741524E494E473A2056657269667920F6
:109D68006C6F616420686173206265656E2072653E
:109D78006475636564206265666F72652072652D1F
:109D8800656E61626C696E67206368616E6E656C92
:109D9800730A0000095B4543484F5D20494E464F12
:109DA8003A2053797374656D206973206E6F74203F
:109DB800696E206C6F636B6F757420737461746562
:109DC8000A000000095B4543484F5D20434825755C
:109DD8003A20563D252E326620562C20493D252E08
:109DE800336620412C20503D252E326620570A0A22
:109DF80000000000095B4543484F5D204348257536
:109E08003A204E6F2076616C69642074656C656DCC
:109E180065747279206461746120617661696C612E
:109E2800626C650A0A000000095B4543484F5D20E3
:109E3800434825753A20563D252E326620562C205B
:109E4800493D252E336620412C20503D252E326673
:109E580020570A00095B4543484F5D204348257554
:109E68003A204E6F2076616C69642074656C656D6C
:109E780065747279206461746120617661696C61CE
:109E8800626C650A0000000043414C49425241544B
:109E980045000000095B4543484F5D2043414C495C
:109EA800425241544520697320646570726563614C
:109EB8007465642E0D0A0000095B4543484F5D2018
:109EC800557365204155544F5F43414C5F5A455285
:109ED8004F202830562F30412920616E642041558B
:109EE800544F5F43414C5F56203C766F6C746167FA
:109EF800653E20696E73746561642E0D0A0000006A
:109F08004155544F5F43414C5F5A45524F00000042
:109F1800095B4543484F5D203D3D3D3D3D3D3D3D51
:109F28003D3D3D3D3D3D3D3D3D3D3D3D3D3D3D3D59
:109F38003D3D3D3D3D3D3D3D3D3D3D3D3D3D3D3D49
:109F48000A000000095B4543484F5D202020415529
:109F5800544F205A45524F2D504F494E542043419B
:109F68004C4942524154494F4E20284153594E437F
:109F7800290A0000095B4543484F5D204368616E2C
:109F88006E656C2028636F6E736F6C65293A2025A7
:109F9800640A0000095B4543484F5D204368616ED1
:109FA8006E656C2028696E7465726E616C293A2042
:109FB80025640A00095B4543484F5D20436F6E6482
:109FC8006974696F6E2020202020202020203A20EC
:109FD8003056202F2030410A00000000095B45431D
:109FE800484F5D20456E73757265207468652073EF
:109FF800656C6563746564206368616E6E656C206A
:10A008006973204F464620616E6420756E6C6F61DF
:10A018006465642E0A000000095B4543484F5D20D3
:10A028003D3D3D3D3D3D3D3D3D3D3D3D3D3D3D3D58
:10A038003D3D3D3D3D3D3D3D3D3D3D3D3D3D3D3D48
:10A048003D3D3D3D3D3D3D3D0A0A0000095B454320
:10A05800484F5D2055736167653A204155544F5FFD
:10A0680043414C5F5A45524F205B63687C414C4CDE
:10A078005D0D0A00095B4543484F5D204578616DD9
:10A08800706C653A204155544F5F43414C5F5A45C7
:10A09800524F20330D0A0000095B4543484F5D20AD
:10A0A80043616C6962726174696E6720616C6C20CF
:10A0B80038206368616E6E656C73202830562C20DA
:10A0C8003041290A00000000095B4543484F5D20E4
:10A0D800456E7375726520616C6C206368616E6E85
:10A0E800656C7320617265204F46462F64697363FF
:10A0F8006F6E6E65637465640A000000095B454312
:10A10800484F5D2043616C6962726174696F6E20AB
:10A1180077696C6C2072756E20696E206261636B62
:10A1280067726F756E643B20636865636B0A200015
:10A13800095B4543484F5D206C6F6720666F72204E
:10A148007065722D6368616E6E656C2072657375DB
:10A158006C74732E0A000000095B4543484F5D206C
:10A168004552524F523A20436F756C64206E6F749B
:10A17800207374617274207A65726F2D706F696EC6
:10A18800742063616C6962726174696F6E20286102
:10A198006C72656164792072756E6E696E673F29AD
:10A1A8002E0D0A00095B4543484F5D204173796EC7
:10A1B80063207A65726F2063616C69627261746989
:10A1C8006F6E20737461727465642E0D0A0000004E
:10A1D800095B4543484F5D204552524F523A204350
:10A1E8006F756C64206E6F74207374617274207361
:10A1F800696E676C652D6368616E6E656C207A6543
:10A20800726F2063616C6962726174696F6E2E0D82
:10A218000A000000095B4543484F5D204173796E91
:10A2280063207A65726F2063616C69627261746918
:10A238006F6E207374617274656420666F72204358
:10A248004825642E0D0A00004155544F5F43414C88
:10A258005F56000020090000095B4543484F5D2018
:10A2680020204155544F20564F4C544147452043D8
:10A27800414C4942524154494F4E20284153594E6E
:10A2880043290A00095B4543484F5D204368616ED6
:10A298006E656C3A2025640A00000000095B45439E
:10A2A800484F5D20567265662020202020202020FF
:10A2B8002020202020203A20252E3166560A000032
:10A2C800095B4543484F5D20456E73757265207480
:10A2D80068652073656C6563746564206368616E86
:10A2E8006E656C2073656573207468652072656699
:10A2F8006572656E636520766F6C746167652E0A9A
:10A3080000000000095B4543484F5D204552524F0D
:10A31800523A20496E76616C6964206368616E6E9A
:10A32800656C2E2055736520312E2E38206F7220D3
:10A33800414C4C2E0D0A0000095B4543484F5D20F7
:10A3480043616C6962726174696E6720616C6C202C
:10A3580038206368616E6E656C732028252E31661F
:10A36800562C203041290A00095B4543484F5D209F
:10A37800456E7375726520616C6C206368616E6EE2
:10A38800656C732068617665207468652073616DFB
:10A398006520737461626C65206D61696E732076E7
:10A3A8006F6C746167650A00095B4543484F5D201F
:10A3B80043616C6962726174696F6E2077696C6C55
:10A3C8002072756E20696E206261636B67726F75AB
:10A3D8006E643B20636865636B206C6F6720666FF3
:10A3E80072207065722D6368616E6E656C2072658F
:10A3F80073756C74732E0A00095B4543484F5D20E2
:10A408004552524F523A20436F756C64206E6F74F8
:10A4180020737461727420766F6C74616765206351
:10A42800616C6962726174696F6E2028616C726513
:10A438006164792072756E6E696E673F292E0D0A08
:10A4480000000000095B4543484F5D204173796E69
:10A458006320766F6C746167652063616C696272F2
:10A468006174696F6E20737461727465642E0D0A6D
:10A4780000000000095B4543484F5D204552524F9C
:10A48800523A20436F756C64206E6F742073746148
:10A4980072742073696E676C652D6368616E6E6592
:10A4A8006C20766F6C746167652063616C69627299
:10A4B8006174696F6E2E0D0A00000000095B454348
:10A4C800484F5D204173796E6320766F6C746167C5
:10A4D800652063616C6962726174696F6E20737460
:10A4E800617274656420666F7220434825642E0D7E
:10A4F8000A0000004155544F5F43414C5F4900003A
:10A50800095B4543484F5D2055736167653A2041B3
:10A5180055544F5F43414C5F49203C6375727265E7
:10A528006E745F413E203C6368616E6E656C3E0DE3
:10A538000A000000095B4543484F5D204578616D7E
:10A54800706C653A204155544F5F43414C5F492038
:10A55800302E313730203220202028666F72204379
:10A568004832290D0A000000095B4543484F5D2029
:10A578004552524F523A20496E76616C6964207296
:10A5880065666572656E63652063757272656E7463
:10A598002E0D0A00095B4543484F5D204552524F36
:10A5A800523A20496E76616C6964206368616E6E08
:10A5B800656C20696E6465782E2056616C6964202C
:10A5C80072616E67653A20312E2E380D0A00000040
:10A5D800095B4543484F5D2020204155544F204397
:10A5E800555252454E542043414C494252415449D8
:10A5F8004F4E20284153594E43290A00095B4543D1
:10A60800484F5D2043616C6962726174696E6720AE
:10A61800414C4C206368616E6E656C7320284972EA
:10A6280065663D252E336641290A0000095B4543CE
:10A63800484F5D205468652064726976657220779A
:10A64800696C6C2073746570207468726F756768C4
:10A65800206368616E6E656C73206175746F6D61DF
:10A66800746963616C6C792E0A000000095B4543CC
:10A67800484F5D20456E737572652065616368207B
:10A688006368616E6E656C206361727269657320C0
:10A69800746865206B6E6F776E2063757272656E75
:10A6A80074207768656E2070726F6D707465642EA3
:10A6B8000A000000095B4543484F5D20557365203B
:10A6C800616E2065787465726E616C20444D4D2012
:10A6D8006173207265666572656E63652E0A000097
:10A6E800095B4543484F5D204552524F523A204638
:10A6F80061696C656420746F2073746172742041A1
:10A708004C4C2D6368616E6E656C73206375727254
:10A71800656E742063616C6962726174696F6E2E14
:10A728000D0A0000095B4543484F5D20414C4C2011
:10A738006368616E6E656C732063757272656E74A2
:10A748002063616C6962726174696F6E20636F6DFA
:10A75800706C6574652E0D0A00000000095B4543A6
:10A76800484F5D2049726566202020202020202047
:10A778002020202020203A20252E3366410A000080
:10A78800095B4543484F5D20456E737572652074BB
:10A7980068652073656C6563746564206368616EC1
:10A7A8006E656C20636172726965732074686520D8
:10A7B8006B6E6F776E2063757272656E742E0A0009
:10A7C800095B4543484F5D2043616C69627261745F
:10A7D800696F6E2072756E7320696E206261636B9B
:10A7E80067726F756E643B20636865636B206C6F7E
:10A7F8006720666F720A0000095B4543484F5D2079
:10A808007065722D6368616E6E656C207265737514
:10A818006C74732E0A000000095B4543484F5D20A5
:10A828004552524F523A20436F756C64206E6F74D4
:10A838002073746172742063757272656E7420631C
:10A84800616C6962726174696F6E2028616C7265EF
:10A858006164792072756E6E696E673F292E0D0AE4
:10A8680000000000095B4543484F5D204173796E45
:10A87800632063757272656E742063616C696272BD
:10A888006174696F6E20737461727465642E0D0A49
:10A898000000000053484F575F43414C49420000B5
:10A8A800095B4543484F5D204E4554574F524B2056
:10A8B800494E464F524D4154494F4E3A0A00000006
:10A8C800095B4543484F5D205B4554485D204E6514
:10A8D80074776F726B20436F6E6669677572617407
:10A8E800696F6E3A0A000000095B4543484F5D20D6
:10A8F8005B4554485D20204D414320203A202530B7
:10A9080032583A253032583A253032583A253032C2
:10A91800583A253032583A253032580A000000009B
:10A92800095B4543484F5D205B4554485D202049FD
:10A93800502020203A2025752E25752E25752E2588
:10A94800750A0000095B4543484F5D205B45544844
:10A958005D20204D61736B203A2025752E25752EBC
:10A9680025752E25750A0000095B4543484F5D2073
:10A978005B4554485D202047572020203A20257504
:10A988002E25752E25752E25750A0000095B454371
:10A99800484F5D205B4554485D2020444E5320209D
:10A9A8003A2025752E25752E25752E25750A000049
:10A9B800095B4543484F5D205B4554485D20204472
:10A9C800484350203A2025730A0000005345545F3D
:10A9D8004950000025642E25642E25642E25640028
:10A9E800095B4543484F5D204950206164647265A6
:10A9F80073732073657420746F2025642E25642E6C
:10AA080025642E256420287265626F6F7420726534
:10AA1800717569726564290A000000005345545F26
:10AA2800534E0000095B4543484F5D205375626EE5
:10AA38006574206D61736B2073657420746F2025B5
:10AA4800642E25642E25642E256420287265626F85
:10AA58006F74207265717569726564290A00000057
:10AA68005345545F47570000095B4543484F5D20F5
:10AA7800476174657761792073657420746F202548
:10AA8800642E25642E25642E256420287265626F45
:10AA98006F74207265717569726564290A00000017
:10AAA8005345545F444E5300095B4543484F5D206E
:10AAB800444E532073657420746F2025642E2564DA
:10AAC8002E25642E256420287265626F6F742072AB
:10AAD80065717569726564290A000000434F4E4626
:10AAE80049475F4E4554574F524B00002531395B5B
:10AAF8005E245D242531395B5E245D242531395B74
:10AB08005E245D242531397300000000095B45434C
:10AB1800484F5D204E6574776F726B20636F6E6669
:10AB280069677572656420737563636573736675A9
:10AB38006C6C793A0A000000095B4543484F5D2078
:10AB4800202049503A2025730A000000095B45433C
:10AB5800484F5D2020205375626E65743A20257336
:10AB68000A000000095B4543484F5D2020204761EB
:10AB780074657761793A2025730A0000095B4543BB
:10AB8800484F5D202020444E533A2025730A000088
:10AB9800095B4543484F5D205265626F6F742072B0
:10ABA8006571756972656420746F206170706C7965
:10ABB800206368616E6765732E0A0000095B454370
:10ABC800484F5D2031325620537570706C793A20A9
:10ABD800252E326620560A00095B4543484F5D2002
:10ABE80031325620537570706C793A204E2F4120BF
:10ABF8002874656C656D65747279206E6F74207247
:10AC080065616479290A0000095B4543484F5D2066
:10AC180055534220537570706C793A20252E326650
:10AC280020560A00095B4543484F5D205553422092
:10AC3800537570706C793A204E2F41202874656CDA
:10AC4800656D65747279206E6F74207265616479C0
:10AC5800290A000043414C49425F54454D500000C9
:10AC6800095B4543484F5D2055736167653A0A2083
:10AC78002043414C49425F54454D50203150203CBF
:10AC880054315F433E0A202043414C49425F5445BA
:10AC98004D50203250203C54315F433E203C5432CA
:10ACA8005F433E205B64656C61795F6D735D0A008C
:10ACB800095B4543484F5D204572726F723A2074B4
:10ACC800656D70657261747572652074656C656D0B
:10ACD80065747279206E6F742072656164792E20B4
:10ACE80054727920616761696E2073686F72746C41
:10ACF800792E0A00253273202566000031500000A5
:10AD0800095B4543484F5D204572726F723A207364
:10AD1800696E676C652D706F696E7420636F6D70F6
:10AD2800757465206661696C65642E0A0000000010
:10AD3800095B4543484F5D2043414C49425F5445B8
:10AD48004D50203150204F4B3A206F666673657422
:10AD58003D252E336620C2B04320287261773D25F9
:10AD680075290A0025327320256620256620257559
:10AD78000000000032500000095B4543484F5D2049
:10AD88004572726F723A2074656D70657261747580
:10AD980072652074656C656D65747279206E6F7468
:10ADA80020726561647920666F72207365636F6EC7
:10ADB8006420706F696E742E0A000000095B4543B9
:10ADC800484F5D204572726F723A2074776F2D700C
:10ADD8006F696E7420636F6D707574652066616944
:10ADE8006C65642E20436865636B20696E707574AA
:10ADF800732E0A00095B4543484F5D204572726F08
:10AE0800723A20454550524F4D20627573792E0A8B
:10AE180000000000095B4543484F5D2043414C4911
:10AE2800425F54454D50203250204F4B3A20563007
:10AE38003D252E346620562C20533D252E3666207F
:10AE4800562FC2B0432C206F66667365743D252E5D
:10AE5800336620C2B0432028726177313D25752CB6
:10AE680020726177323D2575290A00005B455252F0
:10AE78004F525D20454550524F4D2064756D7020EE
:10AE8800656E7175657565206661696C65640A0033
:10AE9800095B4543484F5D204572726F72206576A5
:10AEA800656E74206C6F6720636C656172207265D3
:10AEB800717565737465640A00000000095B454399
:10AEC800484F5D205761726E696E67206576656EC2
:10AED80074206C6F6720636C656172207265717590
:10AEE80065737465640A0000095B4543484F5D203B
:10AEF80045726173696E6720454550524F4D2E2E3D
:10AF08002E2028544849532043414E4E4F54204246
:10AF18004520554E444F4E4521290A005B45525263
:10AF28004F525D20556E6B6E6F776E20636F6D6D3F
:10AF3800616E643A20272573272E20547970652086
:10AF480048454C5020666F72206C6973742E0A0055
:10AF58005B494E464F5D205B436F6E736F6C655D5A
:10AF6800205461736B20696E697469616C697A65D4
:10AF7800642028706F6C6C696E67205553422D43AE
:10AF8800444320402025756D73290D0A00000000F8
:10AF98004E4F524D414C00005741524E494E4700CA
:10AFA800435249544943414C000000004C4F434B25
:10AFB8004F5554005B53544F524147455D000000C4
:10AFC8005B5741524E494E475D20257320466169C3
:10AFD8006C656420746F20726561642072656C61B1
:10AFE80079207374617465732C207573696E67209A
:10AFF80064656661756C74730D0A00005B57415295
:10B008004E494E475D202573204661696C65642072
:10B01800746F20726561642063616C696272617427
:10B02800696F6E20666F7220434825640D0A000020
:10B038005B494E464F5D20257320436F6E666967F6
:10B04800206C6F616465642066726F6D20454550A1
:10B05800524F4D0D0A000000095B4543484F5D20E3
:10B068002573204E6574776F726B20636F6E666907
:10B078006720636F6D6D69747465640D0A00000064
:10B0880053657474696E6773206170706C69656468
:10B09800000000005B4552524F525D202573204648
:10B0A80061696C656420746F20636F6D6D697420CD
:10B0B8006E6574776F726B20636F6E6669670D0AD1
:10B0C80000000000095B4543484F5D20257320556B
:10B0D80073657220707265667320636F6D6D697435
:10B0E8007465640D0A0000005B4552524F525D20A2
:10B0F8002573204661696C656420746F20636F6DE9
:10B108006D697420757365722070726566730D0AB7
:10B1180000000000095B4543484F5D20257320412E
:10B1280075746820636F6E66696720636F6D6D69FB
:10B13800747465640D0A00005B4552524F525D20DD
:10B148002573204661696C656420746F20636F6D98
:10B158006D6974206175746820636F6E6669670D28
:10B168000A000000095B4543484F5D2025732052C3
:10B17800656C61792073746174657320636F6D6D9C
:10B1880069747465640D0A005B4552524F525D2024
:10B198002573204661696C656420746F20636F6D48
:10B1A8006D69742073656E736F722063616C2043E0
:10B1B8004825640D0A000000095B4543484F5D209F
:10B1C80025732053656E736F722063616C2043484A
:10B1D800256420636F6D6D69747465640D0A0000E1
:10B1E8005B4552524F525D202573204661696C655C
:10B1F8006420746F20636F6D6D69742072656C6173
:10B2080079207374617465730D0A00005B574152AD
:10B218004E494E475D20257320557365724F7574EE
:10B2280070757420696E6974206661696C65642C38
:10B23800207072657365747320756E617661696CD0
:10B2480061626C650D0A00005B494E464F5D202522
:10B258007320436F6E6669672072656164790D0AB1
:10B26800000000005B5741524E494E475D20257350
:10B2780020454550524F4D2064756D7020616C72A9
:10B288006561647920696E2070726F677265737387
:10B298000D0A00005B5741524E494E475D20257309
:10B2A800204572726F72206C6F672064756D702014
:10B2B800616C726561647920696E2070726F677263
:10B2C8006573730D0A0000005B5741524E494E47A3
:10B2D8005D202573205761726E696E67206C6F67F9
:10B2E8002064756D7020616C726561647920696E87
:10B2F8002070726F67726573730D0A005B57415255
:10B308004E494E475D202573204572726F72206C3E
:10B318006F6720636C65617220616C726561647926
:10B3280020696E2070726F67726573730D0A000072
:10B338005B5741524E494E475D2025732057617235
:10B348006E696E67206C6F6720636C65617220613F
:10B358006C726561647920696E2070726F677265BE
:10B3680073730D0A000000005B494E464F5D205B79
:10B3780053746F726167655D2045726173696E67AA
:10B3880020454550524F4D20282575206279746517
:10B3980073292E2E2E0D0A005B5741524E494E47F7
:10B3A8005D20257320556E6B6E6F776E20636F6D11
:10B3B8006D616E643A2025640D0A000045455F44BE
:10B3C800554D505F53544152540D0A004164647204
:10B3D80020202030302030312030322030332030CF
:10B3E800342030352030362030372030382030397E
:10B3F8002030412030422030432030442030452046
:10B408003046200D0A00000045455F44554D505F09
:10B41800454E440D0A00000030782530345820008D
:10B428005B494E464F5D205B53746F726167655D83
:10B4380020457261736520636F6D706C6574650D6E
:10B448000A0000005B4552524F525D205B53746FF7
:10B45800726167655D204572617365206661696C1C
:10B4680065642061742030782530346C580D0A00EA
:10B478005B494E464F5D205B53746F726167655D33
:10B488002045726173656420256C752F25752062CF
:10B49800797465730D0A00005B4552524F525D2066
:10B4A8002573204661696C656420746F20636C6540
:10B4B8006172206576656E74206C6F6720617420F8
:10B4C8003078253034580D0A000000005B494E469C
:10B4D8004F5D202573204576656E74206C6F67205C
:10B4E800636C6561726564205B3078253034582E52
:10B4F8002E3078253034585D0D0A00005B455252D5
:10B508004F525D202573204661696C656420746F15
:10B5180020637265617465206D757465782F657632
:10B52800656E74730D0A00005B4552524F525D20E0
:10B538002573204661696C656420746F20637265A9
:10B54800617465207461736B0D0A00005B494E4697
:10B558004F5D202573205461736B20696E6974698F
:10B56800616C697A65640D0A000000005B4E455401
:10B578005D0000005B494E464F5D2025732048540E
:10B5880054502073657276657220696E69746961BA
:10B598006C697A65640D0A005B494E464F5D205B15
:10B5A800534E4D505D204167656E742072756E6E06
:10B5B800696E67206F6E205544502F2575202873BB
:10B5C8006F636B202575290D0A0000005B494E4604
:10B5D8004F5D20257320496E697469616C2050485D
:10B5E80059206C696E6B2064657465637465642C9E
:10B5F80020455448204C4544204F4E0D0A00000079
:10B608005B494E464F5D2025732045746865726E10
:10B6180065742048572075702C20737461727469A2
:10B628006E672073657276696365730D0A000000A2
:10B638005B494E464F5D2025732045786974696ED5
:10B6480067205354414E4442592C207265696E69F3
:10B658007469616C697A696E67206E6574776F7258
:10B668006B0D0A005B494E464F5D202573205048FC
:10B6780059206C696E6B205550206465746563743D
:10B6880065642C2066756C6C205735353030207217
:10B6980065696E69740D0A00687474705F73657209
:10B6A8007665725F70726F6365737300736E6D7029
:10B6B8005F706F6C6C0000005B494E464F5D202543
:10B6C80073205461736B20637265617465642073C1
:10B6D80075636365737366756C6C790D0A00000099
:10B6E8005B4D657465725461736B5D2000000000EA
:10B6F8005B494E464F5D202573204D657465725435
:10B7080061736B20737461727465640D0A000000C4
:10B71800095B44454255475D205B427574746F6E02
:10B728005461736B5D20505752206C6F6E672070A8
:10B73800726573732064657465637465642C206531
:10B748006E746572696E67205354414E4442590DB8
:10B758000A000000095B44454255475D205B42757D
:10B7680074746F6E5461736B5D2050575220736808
:10B778006F72742070726573732064657465637486
:10B7880065642C2065786974696E67205354414E4E
:10B798004442590D0A00000062746E5F626C696E63
:10B7A8006B0000007461736B000000005245424F4B
:10B7B8004F542050454E44494E473B207374616CAA
:10B7C800653A200025733A4E455645522000000040
:10B7D80025733A256C7520005B4845414C54485DFB
:10B7E800000000004F6666656E646572733A20005B
:10B7F8002573200077616974696E672066697273C2
:10B80800742062656174733A200000004865616CB9
:10B818007468000045552028313041290000000097
:10B82800555320283135412900000000596573001F
:10B838004E6F0000554E4C4F434B454400000000EE
:10B848004C4F434B45440000095B4543484F5D203E
:10B858000A3D3D3D204465766963652050726F76E8
:10B868006973696F6E696E6720436F6D6D616E6491
:10B8780073203D3D3D0A0000556E6C6F636B207070
:10B88800726F766973696F6E696E6700095B45430D
:10B89800484F5D20252D3238732025730A0000009B
:10B8A8005365742073657269616C206E756D62658D
:10B8B8007200000053657420726567696F6E00003E
:10B8C800095B4543484F5D203D3D3D3D3D3D3D3D88
:10B8D8003D3D3D3D3D3D3D3D3D3D3D3D3D3D3D3D90
:10B8E8003D3D3D3D3D3D3D3D3D3D3D3D0A0A000060
:10B8F8005B50524F565D0000095B4543484F5D2041
:10B908002573204E6F20737562636F6D6D616E6471
:10B918002E20547970652050524F5620666F722041
:10B9280068656C702E0A0000554E4C4F434B000062
:10B93800095B4543484F5D20257320557361676552
:10B948003A2050524F5620554E4C4F434B203C7492
:10B958006F6B656E3E0A0000095B4543484F5D20EA
:10B9680025732050726F766973696F6E696E6720F0
:10B97800554E4C4F434B454420666F722025752029
:10B988007365636F6E64730A00000000095B4543CA
:10B99800484F5D20257320417661696C61626C6552
:10B9A80020636F6D6D616E64733A0A00095B4543ED
:10B9B800484F5D20257320202050524F5620534574
:10B9C800545F534E203C73657269616C3E202020A1
:10B9D80020202D205365742073657269616C206E78
:10B9E800756D6265720A0000095B4543484F5D202A
:10B9F800257320202050524F56205345545F5245FE
:10BA080047494F4E203C45557C55533E20202D201C
:10BA180053657420726567696F6E0A00095B454358
:10BA2800484F5D20257320202050524F56204C4F00
:10BA3800434B2020202020202020202020202020B0
:10BA480020202D204C6F636B2070726F76697369AC
:10BA58006F6E696E670A0000095B4543484F5D20B9
:10BA6800257320556E6C6F636B204641494C4544E5
:10BA78003A20696E76616C696420746F6B656E0A32
:10BA8800000000004C4F434B00000000095B454399
:10BA9800484F5D2025732050726F766973696F6E09
:10BAA800696E67204C4F434B45440A00095B454388
:10BAB800484F5D2025732055736167653A205052C1
:10BAC8004F56205345545F534E203C73657269614D
:10BAD8006C3E0A00095B4543484F5D2025732020D2
:10BAE800204D6178206C656E6774683A2025642063
:10BAF800636861726163746572730A00095B454328
:10BB0800484F5D202573202020416C6C6F77656459
:10BB18003A20412D5A2C20612D7A2C20302D392C99
:10BB28002068797068656E0A00000000095B45436B
:10BB3800484F5D2025732053657269616C206E75CE
:10BB48006D626572207365743A2025730A000000DF
:10BB5800095B4543484F5D202573205265626F6F2E
:10BB680074207265636F6D6D656E64656420746FB3
:10BB7800206170706C79204D414320616464726566
:10BB880073730A00095B4543484F5D2025732046BF
:10BB980041494C45443A2050726F766973696F6E1B
:10BBA800696E67206C6F636B65642E205573652022
:10BBB80050524F5620554E4C4F434B206669727376
:10BBC800742E0A00095B4543484F5D2025732046C3
:10BBD80041494C45443A20496E76616C696420734A
:10BBE800657269616C206E756D62657220666F7230
:10BBF8006D61740A00000000095B4543484F5D20F1
:10BC08002573204641494C45443A20454550524FFA
:10BC18004D207772697465206572726F720A000030
:10BC2800095B4543484F5D202573204641494C45F3
:10BC3800443A20556E6B6E6F776E206572726F7224
:10BC48002025640A000000005345545F52454749C7
:10BC58004F4E0000095B4543484F5D202573205532
:10BC6800736167653A2050524F56205345545F52CE
:10BC78004547494F4E203C45557C55533E0A0000E8
:10BC8800095B4543484F5D20257320202045553AE0
:10BC9800203130412063757272656E74206C696D55
:10BCA800697420284945432F454E4543290A000019
:10BCB800095B4543484F5D20257320202055533AA2
:10BCC800203135412063757272656E74206C696D20
:10BCD80069742028554C2F435341290A000000005D
:10BCE800095B4543484F5D202573204641494C4533
:10BCF800443A20496E76616C696420726567696FA1
:10BD08006E20272573272E20557365204555206FF3
:10BD1800722055532E0A0000095B4543484F5D20A9
:10BD2800257320526567696F6E207365743A202504
:10BD3800732028252E306641206C696D6974290AA4
:10BD480000000000095B4543484F5D2025732052E1
:10BD580065626F6F742072657175697265642074AD
:10BD68006F206170706C79204F4350207468726541
:10BD780073686F6C64730A00095B4543484F5D2024
:10BD88002573204641494C45443A20496E76616CFA
:10BD9800696420726567696F6E20636F64650A0065
:10BDA8005354415455530000095B4543484F5D20A7
:10BDB8000A3D3D3D204465766963652050726F7683
:10BDC8006973696F6E696E67205374617475732047
:10BDD8003D3D3D0A00000000095B4543484F5D209A
:10BDE80053657269616C204E756D6265723A2025E3
:10BDF800730A0000095B4543484F5D205265676937
:10BE08006F6E3A2025730A00095B4543484F5D2051
:10BE180043757272656E74204C696D69743A202599
:10BE28002E316620410A0000095B4543484F5D20DA
:10BE380050726F766973696F6E65643A2025730A6C
:10BE480000000000095B4543484F5D20556E6C6F4C
:10BE5800636B2053746174653A2025730A000000EF
:10BE6800095B4543484F5D200A5741524E494E47AA
:10BE78003A2057726974652077696E646F77206914
:10BE880073204F50454E0A00095B4543484F5D20DB
:10BE98003D3D3D3D3D3D3D3D3D3D3D3D3D3D3D3DCA
:10BEA8003D3D3D3D3D3D3D3D3D3D3D3D3D3D3D3DBA
:10BEB8003D3D0A0A00000000095B4543484F5D20EC
:10BEC800257320556E6B6E6F776E20737562636F86
:10BED8006D6D616E643A20272573272E2054797082
:10BEE800652050524F5620666F722068656C702E20
:10BEF8000A0000005B53542D43484C41425D00004A
:10BF08005B4552524F525D20257320454550524F94
:10BF18004D5F57726974654368616E6E656C4C61FC
:10BF280062656C20696E76616C696420696E7075F3
:10BF3800743A2063683D25752C206C6162656C3D00
:10BF480025700D0A000000005B494E464F5D202514
:10BF580073204C6162656C73206C6F61646564204A
:10BF6800696E746F2063616368650D0A00000000E4
:10BF78005B53542D464445465D000000095B44452B
:10BF88004255475D202573204669726D7761726559
:10BF98002076657273696F6E207772697474656E46
:10BFA8002028534E207669612070726F7669736914
:10BFB8006F6E696E67290D0A00000000095B444531
:10BFC8004255475D2025732052656C617920537472
:10BFD80061747573207772697474656E0D0A000058
:10BFE800095B44454255475D202573204E657477AB
:10BFF8006F726B20436F6E66696775726174696FE3
:10C008006E207772697474656E0D0A00095B444589
:10C018004255475D2025732053656E736F72204328
:10C02800616C6962726174696F6E20777269747489
:10C03800656E0D0A00000000095B44454255475DE6
:10C0480020257320456E65726779204D6F6E69747F
:10C058006F72696E672044617461207772697474C5
:10C06800656E0D0A00000000095B44454255475DB6
:10C07800202573204576656E74204C6F6773207792
:10C0880072697474656E0D0A00000000095B44450E
:10C098004255475D2025732055736572205072659F
:10C0A800666572656E636573207772697474656E10
:10C0B8000D0A0000095B44454255475D2025732061
:10C0C8004175746820436F6E66696720777269747A
:10C0D80074656E0D0A0000005B494E464F5D2025D1
:10C0E8007320466163746F72792064656661756C4C
:10C0F8007473207772697474656E207375636365F1
:10C10800737366756C6C790D0A0000005B574152B9
:10C118004E494E475D202573204E4F54453A2053D3
:10C12800657269616C206E756D62657220616E64FE
:10C1380020726567696F6E20726571756972652016
:10C1480070726F766973696F6E696E670D0A0000A9
:10C158005B494E464F5D2025732052656164696EC8
:10C168006720454550524F4D206D616769632E2EFB
:10C178002E0D0A00095B44454255475D2025732072
:10C188004D6167696320726561643A2030782530B3
:10C1980034580D0A00000000095B44454255475DCC
:10C1A80020257320466972737420626F6F7420644F
:10C1B800657465637465642C2077726974696E6749
:10C1C80020666163746F72792064656661756C744A
:10C1D800732E2E2E0D0A0000095B44454255475D1B
:10C1E8002025732054656D7043616C2077726974E3
:10C1F80074656E0D0A000000095B44454255475DB1
:10C20800202573204368616E6E656C2063616C69DC
:10C2180062726174696F6E207772697474656E0DED
:10C228000A000000095B44454255475D20257320FC
:10C23800466163746F72792064656661756C7473A6
:10C24800207772697474656E2073756363657373A0
:10C2580066756C6C790D0A005B494E464F5D20256A
:10C2680073204D616769632076616C75652076651A
:10C278007269666965640D0A000000006E6F6E657C
:10C28800000000005B53542D5553524F5D000000D1
:10C298005B494E464F5D202573204E6F2076616CBA
:10C2A8006964206461746120286D616769633D3049
:10C2B8007825303258292C207573696E672064659B
:10C2C8006661756C74730A005B494E464F5D2025A4
:10C2D8007320435243206D69736D6174636820282D
:10C2E80073746F7265643D3078253034582C206340
:10C2F8006F6D70757465643D307825303458292C1D
:10C30800207573696E672064656661756C74730A5D
:10C31800000000005B494E464F5D20257320496EA2
:10C3280076616C69642073746172747570207072C0
:10C338006573657420282575292C20636C656172E6
:10C34800696E670A000000005B494E464F5D202574
:10C35800732053746172747570207072657365749C
:10C3680020257520697320656D7074792C20636CA5
:10C37800656172696E670A005B494E464F5D20250C
:10C388007320496E697469616C697A65642C2073DD
:10C398007461727475703D25730A00005B494E46DE
:10C3A8004F5D2025732050726573657420257520B4
:10C3B80073617665643A2027257327206D61736B56
:10C3C8003D3078253032580A000000005B494E465F
:10C3D8004F5D202573205072657365742025752084
:10C3E80064656C657465640A000000005B494E462C
:10C3F8004F5D2025732043616E6E6F7420736574E2
:10C4080020737461727475703A2070726573657404
:10C4180020257520697320656D7074790A00000005
:10C428005B494E464F5D20257320537461727475C5
:10C4380070207072657365742073657420746F2042
:10C4480025750A005B494E464F5D202573205374BD
:10C4580061727475702070726573657420636C65A1
:10C46800617265640A0000005B494E464F5D2025F5
:10C47800732043616E6E6F74206170706C793A201E
:10C4880070726573657420257520697320656D70F9
:10C4980074790A005B494E464F5D20257320417030
:10C4A800706C6965642070726573657420257520E9
:10C4B80027257327206D61736B3D307825303258FE
:10C4C8000A0000005B494E464F5D202573204E6FE1
:10C4D800207374617274757020707265736574204E
:10C4E800636F6E666967757265640A005B494E46DC
:10C4F8004F5D202573204170706C79696E672073D9
:10C508007461727475702070726573657420257516
:10C518000A0000005B53542D55535250525D0000E1
:10C52800095B44454255475D2025732045455052D7
:10C538004F4D20756E696E697469616C697A6564BE
:10C54800206F722072656164206661696C65640D94
:10C558000A0000005B494E464F5D202573204C6F52
:10C5680061646564207573657220707265667320F6
:10C5780066726F6D20454550524F4D0D0A00000000
:10C588005B4445562D49445D00000000095B444565
:10C598004255475D20257320435243206D69736DD2
:10C5A800617463683A2073746F7265643D307825EE
:10C5B8003032582C2063616C633D30782530325816
:10C5C8000D0A0000554E50524F564953494F4E459B
:10C5D800440000005B494E464F5D202573204E6F96
:10C5E8002076616C6964206964656E746974792069
:10C5F800696E20454550524F4D2C2064657669631D
:10C608006520756E70726F766973696F6E65640DFB
:10C618000A0000005B494E464F5D202573204C6F91
:10C62800616465643A20534E3D25732C205265673A
:10C63800696F6E3D25730D0A0000000036443631DF
:10C6480036373639363300005B494E464F5D202574
:10C658007320556E6C6F636B206661696C65643A14
:10C6680020696E76616C696420746F6B656E0D0A63
:10C67800000000005B494E464F5D20257320507234
:10C688006F766973696F6E696E6720554E4C4F43BC
:10C698004B454420666F72202575207365636F6E65
:10C6A80064730D0A000000005B494E464F5D20256B
:10C6B800732050726F766973696F6E696E67204C6C
:10C6C8004F434B45440D0A005B494E464F5D2025BC
:10C6D800732053657420534E2072656A65637465D0
:10C6E800643A2070726F766973696F6E696E67203D
:10C6F8006C6F636B65640D0A000000005B494E4671
:10C708004F5D2025732053657420534E2072656A4F
:10C7180065637465643A20696E76616C6964206645
:10C728006F726D61740D0A005B494E464F5D20259E
:10C73800732053657269616C206E756D6265722035
:10C748007365743A2025730D0A0000005B494E4654
:10C758004F5D2025732053657420726567696F6E7D
:10C768002072656A65637465643A2070726F7669D1
:10C7780073696F6E696E67206C6F636B65640D0A11
:10C78800000000005B494E464F5D2025732053652D
:10C798007420726567696F6E2072656A6563746577
:10C7A800643A20696E76616C696420726567696FA6
:10C7B8006E20636F64650D0A000000005B494E46F9
:10C7C8004F5D20257320526567696F6E207365740D
:10C7D8003A2025730D0A00005B53542D41555448E7
:10C7E8005D0000005B494E464F5D202573204C6F6D
:10C7F80061646564206175746820636F6E6669673B
:10C808002066726F6D20454550524F4D0D0A00004D
:10C818005B5741524E494E475D2025732041757440
:10C828006820726567696F6E20656D7074792F6313
:10C838006F72727570742C2077726974696E6720D4
:10C8480064656661756C74730D0A00005B5345522C
:10C858005645525D000000005B494E464F5D20255D
:10C8680073204C697374656E696E67206F6E2070F3
:10C878006F72742025640A00436F6E74656E742DA0
:10C888004C656E6774683A00504F5354202F61709E
:10C89800692F617574682F6C6F676F75740000007D
:10C8A800504F5354202F6170692F617574682F633E
:10C8B8006F6E666967000000474554202F617069F4
:10C8C8002F617574682F73746174757300000000AC
:10C8D800504F5354202F6170692F617574680000A0
:10C8E800474554202F6170692F7374617475730004
:10C8F800474554202F6170692F73657474696E679A
:10C9080073000000504F5354202F6170692F7365D6
:10C918007474696E67730000504F5354202F617010
:10C92800692F636F6E74726F6C0000004745542066
:10C938002F6170692F636F6E6669672D70726573FA
:10C9480065747300504F5354202F6170692F636FC3
:10C958006E6669672D7072657365747300000000F8
:10C96800504F5354202F6170692F6170706C792D6E
:10C97800636F6E6669670000504F5354202F6170D3
:10C98800692F737461727475702D636F6E66696751
:10C9980000000000474554202F6D65747269637369
:10C9A80000000000474554202F73657474696E6752
:10C9B800732E68746D6C0000485454502F312E311A
:10C9C80020323030204F4B0D0A436F6E74656E7401
:10C9D8002D547970653A20746578742F68746D6C7D
:10C9E8000D0A436F6E74656E742D456E636F6469CE
:10C9F8006E673A20677A69700D0A436F6E74656EC8
:10CA0800742D4C656E6774683A2025640D0A41637D
:10CA1800636573732D436F6E74726F6C2D416C6C0C
:10CA28006F772D4F726967696E3A202A0D0A436144
:10CA38006368652D436F6E74726F6C3A206E6F2D4C
:10CA480063616368650D0A436F6E6E656374696F31
:10CA58006E3A20636C6F73650D0A0D0A00000000C2
:10CA6800485454502F312E3120323030204F4B0D46
:10CA78000A436F6E74656E742D547970653A20742C
:10CA88006578742F68746D6C0D0A436F6E74656EEB
:10CA9800742D4C656E6774683A2025640D0A4163ED
:10CAA800636573732D436F6E74726F6C2D416C6C7C
:10CAB8006F772D4F726967696E3A202A0D0A4361B4
:10CAC8006368652D436F6E74726F6C3A206E6F2DBC
:10CAD80063616368650D0A436F6E6E656374696FA1
:10CAE8006E3A20636C6F73650D0A0D0A0000000032
:10CAF8006368616E6E656C25640000006C61626538
:10CB08006C257500485454502F312E312032303066
:10CB1800204F4B0D0A436F6E74656E742D547970F7
:10CB2800653A20746578742F706C61696E0D0A43DC
:10CB38006F6E74656E742D4C656E6774683A202547
:10CB4800750D0A4163636573732D436F6E74726F5D
:10CB58006C2D416C6C6F772D4F726967696E3A2046
:10CB68002A0D0A43616368652D436F6E74726F6C9A
:10CB78003A206E6F2D63616368650D0A436F6E6EB0
:10CB8800656374696F6E3A20636C6F73650D0A0D87
:10CB98000A00000066616872656E68656974000065
:10CBA8006B656C76696E000063656C7369757300FC
:10CBB800252E316620410000252E326620410000D6
:10CBC8007B226970223A2225752E25752E25752E11
:10CBD8002575222C2267617465776179223A2225AE
:10CBE800752E25752E25752E2575222C22737562B6
:10CBF8006E6574223A2225752E25752E25752E25EB
:10CC080075222C22646E73223A2225752E25752EE4
:10CC180025752E2575222C226D6163223A222573F3
:10CC2800222C226465766963655F6E616D65223AC0
:10CC3800222573222C226C6F636174696F6E223A0D
:10CC4800222573222C2274656D705F756E697422BB
:10CC58003A222573222C2274656D70657261747591
:10CC68007265223A252E32662C2273657269616CD0
:10CC78005F6E756D626572223A222573222C2266D8
:10CC880069726D776172655F76657273696F6E221E
:10CC98003A222573222C2268617264776172655F7B
:10CCA80076657273696F6E223A222573222C22648C
:10CCB80065766963655F726567696F6E223A2225DA
:10CCC80073222C2263757272656E745F6C696D696C
:10CCD80074223A222573222C227761726E696E675C
:10CCE8005F6C696D6974223A222573222C22637263
:10CCF80069746963616C5F6C696D6974223A222595
:10CD080073227D00485454502F312E312032303058
:10CD1800204F4B0D0A436F6E74656E742D547970F5
:10CD2800653A206170706C69636174696F6E2F6A0F
:10CD3800736F6E0D0A436F6E74656E742D4C656E5D
:10CD48006774683A2025640D0A4163636573732D1F
:10CD5800436F6E74726F6C2D416C6C6F772D4F72D0
:10CD68006967696E3A202A0D0A43616368652D4335
:10CD78006F6E74726F6C3A206E6F2D6361636865B5
:10CD88000D0A436F6E6E656374696F6E3A20636C4B
:10CD98006F73650D0A0D0A00697000007375626E85
:10CDA80065740000646E73006465766963655F6E20
:10CDB800616D65006C6F636174696F6E00000000DF
:10CDC80074656D705F756E6974000000C2B04600CE
:10CDD800C2B04300747275650000000066616C7330
:10CDE800650000007B226368616E6E656C73223A91
:10CDF8005B0000007B22766F6C74616765223A25C0
:10CE08002E38662C2263757272656E74223A252E4E
:10CE180038662C22757074696D65223A256C752CFC
:10CE280022706F776572223A252E38662C22737429
:10CE3800617465223A25732C226C6162656C223A12
:10CE4800222573227D2573002C0000005D2C2269A9
:10CE58006E7465726E616C54656D7065726174751F
:10CE68007265223A252E33662C2274656D706572C0
:10CE78006174757265556E6974223A222573222C85
:10CE88002273797374656D537461747573223A22D1
:10CE98002573222C226F76657263757272656E74C3
:10CEA800223A7B227374617465223A222573222CFC
:10CEB80022746F74616C5F63757272656E745F6102
:10CEC800223A252E34662C226C696D69745F6122C2
:10CED8003A252E31662C227761726E696E675F740F
:10CEE80068726573686F6C645F61223A252E3266DA
:10CEF8002C22637269746963616C5F74687265730C
:10CF0800686F6C645F61223A252E32662C22726546
:10CF1800636F766572795F7468726573686F6C6445
:10CF28005F61223A252E32662C2273776974636812
:10CF3800696E675F616C6C6F776564223A25732C44
:10CF480022747269705F636F756E74223A256C750E
:10CF58002C22726567696F6E223A225553227D7DB5
:10CF680000000000474554202F68656C702E6874D7
:10CF78006D6C0000474554202F757365725F6D61B5
:10CF88006E75616C2E68746D6C0000004745542006
:10CF98002F6175746F6D6174696F6E5F6D616E7509
:10CFA800616C2E68746D6C003C4D657472696373B6
:10CFB8002048616E646C65723E0000005B494E4615
:10CFC8004F5D202573204D657472696373207375F6
:10CFD8006273797374656D20696E697469616C69CF
:10CFE8007A65640A00000000232048454C502065FB
:10CFF8006E65726769735F75702031206966207489
:10D008006865206D6574726963732068616E646C0D
:10D018006572206973206865616C7468792E0A23CB
:10D02800205459504520656E65726769735F757045
:10D038002067617567650A656E65726769735F75F4
:10D048007020310A00000000232048454C5020651C
:10D058006E65726769735F6275696C645F696E6635
:10D068006F204275696C6420616E6420646576691E
:10D078006365206964656E746966696572732E0AF2
:10D0880023205459504520656E65726769735F6245
:10D0980075696C645F696E666F2067617567650A9C
:10D0A800656E65726769735F6275696C645F696EE6
:10D0B800666F7B76657273696F6E3D222573222CCD
:10D0C80073657269616C3D222573227D20310A00E7
:10D0D800232048454C5020656E65726769735F75FB
:10D0E8007074696D655F7365636F6E64735F746F89
:10D0F80074616C2053797374656D20757074696DF3
:10D108006520696E207365636F6E64732E0A232031
:10D118005459504520656E65726769735F75707400
:10D12800696D655F7365636F6E64735F746F746157
:10D138006C20636F756E7465720A656E65726769D7
:10D14800735F757074696D655F7365636F6E647323
:10D158005F746F74616C2025750A000023204845B0
:10D168004C5020656E65726769735F696E7465728D
:10D178006E616C5F74656D70657261747572655F00
:10D1880063656C7369757320496E7465726E616C42
:10D198002074656D70657261747572652E0A23203E
:10D1A8005459504520656E65726769735F696E747E
:10D1B80065726E616C5F74656D70657261747572AD
:10D1C800655F63656C736975732067617567650A68
:10D1D800656E65726769735F696E7465726E616C9E
:10D1E8005F74656D70657261747572655F63656C97
:10D1F8007369757320252E33660A0000232048457D
:10D208004C5020656E65726769735F74656D705FF9
:10D2180063616C696272617465642031206966209B
:10D2280074656D70657261747572652063616C698F
:10D2380062726174696F6E206973206170706C69C5
:10D2480065642E0A23205459504520656E6572671F
:10D2580069735F74656D705F63616C696272617434
:10D2680065642067617567650A656E6572676973CD
:10D278005F74656D705F63616C6962726174656427
:10D288002025640A00000000232048454C502065F2
:10D298006E65726769735F74656D705F63616C69F1
:10D2A80062726174696F6E5F6D6F64652043616C53
:10D2B8006962726174696F6E206D6F64653A2030BF
:10D2C8003D6E6F6E652C20313D3170742C20323DDF
:10D2D8003270742E0A23205459504520656E6572A9
:10D2E8006769735F74656D705F63616C69627261B1
:10D2F80074696F6E5F6D6F64652067617567650A35
:10D30800656E65726769735F74656D705F63616C84
:10D318006962726174696F6E5F6D6F6465202575EF
:10D328000A000000232048454C5020656E6572674E
:10D3380069735F767573625F766F6C74732055538B
:10D3480042207261696C20766F6C746167652E0A81
:10D3580023205459504520656E65726769735F765E
:10D368007573625F766F6C74732067617567650AA1
:10D37800656E65726769735F767573625F766F6CE9
:10D38800747320252E33660A0000000023204845C8
:10D398004C5020656E65726769735F76737570703F
:10D3A8006C795F766F6C74732031325620737570A8
:10D3B800706C79207261696C20766F6C7461676536
:10D3C8002E0A23205459504520656E65726769738B
:10D3D8005F76737570706C795F766F6C74732067A5
:10D3E800617567650A656E65726769735F767375DF
:10D3F80070706C795F766F6C747320252E33660AB3
:10D4080000000000232048454C5020656E65726777
:10D4180069735F687474705F72657175657374732E
:10D428005F746F74616C20546F74616C204854543D
:10D4380050207265717565737473207365727665B3
:10D44800642E0A23205459504520656E6572676919
:10D45800735F687474705F72657175657374735FF8
:10D46800746F74616C20636F756E7465720A656E93
:10D4780065726769735F687474705F7265717565EA
:10D488007374735F746F74616C2025750A000000F3
:10D49800232048454C5020656E65726769735F6349
:10D4A80068616E6E656C5F73746174652052656C3B
:10D4B80061792073746174652028313D4F4E2C20AA
:10D4C800303D4F4646292E0A2320545950452065A1
:10D4D8006E65726769735F6368616E6E656C5F73B2
:10D4E800746174652067617567650A00656E6572A9
:10D4F8006769735F6368616E6E656C5F737461748E
:10D50800657B63683D222564227D2025640A00002E
:10D51800232048454C5020656E65726769735F63C8
:10D5280068616E6E656C5F74656C656D6574727943
:10D538005F76616C696420312069662074656C656A
:10D548006D6574727920666F72206368616E6E65AE
:10D558006C2069732066726573682F76616C6964E4
:10D568002E0A23205459504520656E6572676973E9
:10D578005F6368616E6E656C5F74656C656D65741C
:10D5880072795F76616C69642067617567650A0006
:10D59800656E65726769735F6368616E6E656C5FFF
:10D5A80074656C656D657472795F76616C69647BAE
:10D5B80063683D222564227D2025640A000000005E
:10D5C800232048454C5020656E65726769735F6318
:10D5D80068616E6E656C5F766F6C746167655F76A7
:10D5E8006F6C7473204368616E6E656C20766F6C27
:10D5F800746167652E0A23205459504520656E656D
:10D60800726769735F6368616E6E656C5F766F6C75
:10D61800746167655F766F6C7473206761756765A1
:10D628000A000000656E65726769735F6368616E02
:10D638006E656C5F766F6C746167655F766F6C742E
:10D64800737B63683D222564227D20252E33660A7C
:10D6580000000000232048454C5020656E65726725
:10D6680069735F6368616E6E656C5F63757272651E
:10D678006E745F616D7073204368616E6E656C20B7
:10D6880063757272656E742E0A23205459504520B2
:10D69800656E65726769735F6368616E6E656C5FFE
:10D6A80063757272656E745F616D70732067617502
:10D6B80067650A00656E65726769735F6368616EA6
:10D6C8006E656C5F63757272656E745F616D7073A1
:10D6D8007B63683D222564227D20252E33660A005F
:10D6E800232048454C5020656E65726769735F63F7
:10D6F80068616E6E656C5F706F7765725F77617475
:10D7080074732041637469766520706F7765722041
:10D71800706572206368616E6E656C2E0A232054F2
:10D7280059504520656E65726769735F6368616EFD
:10D738006E656C5F706F7765725F77617474732064
:10D7480067617567650A0000656E65726769735F72
:10D758006368616E6E656C5F706F7765725F776125
:10D768007474737B63683D222564227D20252E33E3
:10D77800660A0000232048454C5020656E65726794
:10D7880069735F6368616E6E656C5F656E6572670D
:10D79800795F776174745F686F7572735F746F74A3
:10D7A800616C20416363756D756C61746564206597
:10D7B8006E6572677920706572206368616E6E6548
:10D7C8006C2E0A23205459504520656E657267698E
:10D7D800735F6368616E6E656C5F656E65726779AD
:10D7E8005F776174745F686F7572735F746F74616B
:10D7F8006C20636F756E7465720A0000656E6572E1
:10D808006769735F6368616E6E656C5F656E65728C
:10D8180067795F776174745F686F7572735F746F2F
:10D8280074616C7B63683D222564227D20252E333C
:10D83800660A0000232048454C5020656E657267D3
:10D8480069735F6F63705F7374617465204F766589
:10D858007263757272656E742070726F746563742A
:10D86800696F6E2073746174652028303D4E4F5285
:10D878004D414C2C313D5741524E494E472C323D7B
:10D88800435249544943414C2C333D4C4F434B4F31
:10D898005554290A23205459504520656E657267EE
:10D8A80069735F6F63705F73746174652067617516
:10D8B80067650A656E65726769735F6F63705F732A
:10D8C800746174652025640A00000000232048451F
:10D8D8004C5020656E65726769735F6F63705F7324
:10D8E8007769746368696E675F616C6C6F7765648C
:10D8F80020537769746368696E6720616C6C6F7711
:10D9080065642028313D7965732C303D6E6F290A96
:10D9180023205459504520656E65726769735F6F9F
:10D9280063705F737769746368696E675F616C6C55
:10D938006F7765642067617567650A656E657267EC
:10D9480069735F6F63705F737769746368696E6723
:10D958005F616C6C6F7765642025640A00000000C5
:10D96800232048454C5020656E65726769735F6F68
:10D9780063705F746F74616C5F63757272656E74E7
:10D988005F616D707320546F74616C206D65617395
:10D99800757265642063757272656E740A2320540B
:10D9A80059504520656E65726769735F6F63705F74
:10D9B800746F74616C5F63757272656E745F616DAC
:10D9C80070732067617567650A656E65726769734C
:10D9D8005F6F63705F746F74616C5F63757272659B
:10D9E8006E745F616D707320252E33660A00000027
:10D9F800232048454C5020656E65726769735F6FD8
:10DA080063705F6C696D69745F616D707320436FDB
:10DA18006E666967757265642063757272656E7487
:10DA2800206C696D69740A23205459504520656E2D
:10DA380065726769735F6F63705F6C696D69745F46
:10DA4800616D70732067617567650A656E657267D9
:10DA580069735F6F63705F6C696D69745F616D7026
:10DA68007320252E33660A00232048454C50206534
:10DA78006E65726769735F6F63705F7761726E69F5
:10DA88006E675F7468726573686F6C645F616D70F0
:10DA980073205761726E696E672074687265736867
:10DAA8006F6C640A23205459504520656E6572676F
:10DAB80069735F6F63705F7761726E696E675F74B9
:10DAC80068726573686F6C645F616D7073206761FD
:10DAD8007567650A656E65726769735F6F63705F06
:10DAE8007761726E696E675F7468726573686F6C70
:10DAF800645F616D707320252E33660A0000000094
:10DB0800232048454C5020656E65726769735F6FC6
:10DB180063705F637269746963616C5F746872656E
:10DB280073686F6C645F616D7073204372697469A8
:10DB380063616C207468726573686F6C640A232073
:10DB48005459504520656E65726769735F6F6370DD
:10DB58005F637269746963616C5F74687265736826
:10DB68006F6C645F616D70732067617567650A65C6
:10DB78006E65726769735F6F63705F6372697469FA
:10DB880063616C5F7468726573686F6C645F616D04
:10DB9800707320252E33660A0000000023204845B4
:10DBA8004C5020656E65726769735F6F63705F7450
:10DBB8007269705F636F756E745F746F74616C20E7
:10DBC8004F76657263757272656E742074726970CF
:10DBD800732073696E636520626F6F740A23205423
:10DBE80059504520656E65726769735F6F63705F32
:10DBF800747269705F636F756E745F746F74616C53
:10DC080020636F756E7465720A656E6572676973F5
:10DC18005F6F63705F747269705F636F756E745F56
:10DC2800746F74616C20256C750A000023204845C8
:10DC38004C5020656E65726769735F6F63705F6CC7
:10DC48006173745F747269705F6D732054696D6578
:10DC58007374616D70206F66206C617374207472C8
:10DC6800697020286D732073696E636520626F6F19
:10DC780074290A23205459504520656E65726769D6
:10DC8800735F6F63705F6C6173745F747269705FE8
:10DC98006D732067617567650A656E65726769737C
:10DCA8005F6F63705F6C6173745F747269705F6DCE
:10DCB8007320256C750A0000485454502F312E31BA
:10DCC80020353033205365727669636520556E615F
:10DCD8007661696C61626C650D0A436F6E74656E7E
:10DCE800742D547970653A20746578742F706C615E
:10DCF800696E0D0A436F6E74656E742D4C656E67A0
:10DD080074683A2025640D0A436F6E6E6563746902
:10DD18006F6E3A20636C6F73650D0A0D0A00000080
:10DD2800353033205365727669636520556E6176A8
:10DD380061696C61626C650A0000000048545450C7
:10DD48002F312E3120323030204F4B0D0A436F6E69
:10DD580074656E742D547970653A20746578742FE3
:10DD6800706C61696E3B2076657273696F6E3D30C9
:10DD78002E302E343B20636861727365743D757470
:10DD8800662D380D0A436F6E74656E742D4C656E82
:10DD98006774683A2025640D0A436F6E6E65637474
:10DDA800696F6E3A20636C6F73650D0A0D0A000087
:10DDB8005B494E464F5D2025732053657276656436
:10DDC800202564206279746573206F66206D657400
:10DDD800726963730A000000232048454C5020658F
:10DDE8006E65726769735F6F63705F7265636F7684
:10DDF8006572795F7468726573686F6C645F616D72
:10DE08007073205265636F766572792074687265E5
:10DE180073686F6C640A23205459504520656E65F9
:10DE2800726769735F6F63705F7265636F7665723F
:10DE3800795F7468726573686F6C645F616D707325
:10DE48002067617567650A656E65726769735F6FDC
:10DE580063705F7265636F766572795F7468726507
:10DE680073686F6C645F616D707320252E33660A6A
:10DE780000000000485454502F312E3120323030E9
:10DE8800204F4B0D0A436F6E74656E742D54797074
:10DE9800653A206170706C69636174696F6E2F6A8E
:10DEA800736F6E0D0A436F6E74656E742D4C656EDC
:10DEB8006774683A2025640D0A4163636573732D9E
:10DEC800436F6E74726F6C2D416C6C6F772D4F724F
:10DED8006967696E3A202A0D0A43616368652D43B4
:10DEE8006F6E74726F6C3A206E6F2D636163686534
:10DEF8000D0A52657472792D41667465723A203143
:10DF08000D0A436F6E6E656374696F6E3A20636CB9
:10DF18006F73650D0A0D0A007B2270726573657454
:10DF280073223A5B000000007B226964223A25755F
:10DF38002C226E616D65223A222573222C226D6196
:10DF4800736B223A25757D005D2C2273746172749F
:10DF58007570223A000000006E756C6C7D00000040
:10DF6800616374696F6E00006964000073617665AF
:10DF7800000000006E616D65000000006D61736B4C
:10DF88000000000072656C61795F6D61736B000061
:10DF980064656C6574650000636C656172000000FF
:10DFA800656E61626C65640064697361626C656466
:10DFB8000000000061646D696E0000005B4155540B
:10DFC800485D00005B494E464F5D20257320417532
:10DFD80074682025730D0A00436F6F6B69653A00FA
:10DFE800636F6F6B69653A0073657373696F6E0071
:10DFF8005B494E464F5D202573204C6F67696E2044
:10E008007375636365737366756C0D0A00000000B1
:10E018005B494E464F5D202573204C6F676F7574C2
:10E028000D0A0000485454502F312E312032303020
:10E03800204F4B0D0A436F6E74656E742D547970C2
:10E04800653A206170706C69636174696F6E2F6ADC
:10E05800736F6E0D0A5365742D436F6F6B69653A64
:10E068002073657373696F6E3D25733B205061742F
:10E07800683D2F3B204D61782D4167653D36303036
:10E088003B2053616D65536974653D5374726963D0
:10E09800740D0A4163636573732D436F6E74726FF9
:10E0A8006C2D416C6C6F772D4F726967696E3A20E1
:10E0B8002A0D0A43616368652D436F6E74726F6C35
:10E0C8003A206E6F2D63616368650D0A436F6E6E4B
:10E0D800656374696F6E3A20636C6F73650D0A0D22
:10E0E8000A7B226F6B223A747275657D000000000E
:10E0F8007B22656E61626C6564223A25732C22610D
:10E10800757468656E74696361746564223A257311
:10E118007D000000617574685F656E61626C65649E
:10E12800000000006E65775F70617373776F7264CB
:10E13800000000005B575241505D207761746368AE
:10E14800646F675F7265626F6F742063616C6C6582
:10E1580064206C723D2530386C7820613D2575202F
:10E16800623D257520633D25750D0A003F000000BE
:10E178005B575241505D205F5F6173736572742015
:10E1880025733A25642025733A2025730D0A00006B
:10E198005B575241505D2070616E69632829206C7D
:10E1A800723D2530386C780D0A0000000A2A2A2AA8
:10E1B8002050414E4943202A2A2A0A006E6F7420B3
:10E1C800737570706F727465640000004E6F207311
:10E1D80070696E6C6F636B73206172652061766124
:10E1E800696C61626C6500004E6F20757365722002
:10E1F800495251732061726520617661696C616270
:10E208006C650000486172647761726520616C61B9
:10E21800726D20256420616C726561647920636C7D
:10E2280061696D65640000004F7574206F66206D2C
:10E23800656D6F727900000052656C6561736500E9
:10E24800626F6F74325F773235713038300000009A
:10E25800322E322E300000007069636F000000001B
:10E26800454E45524749535F6669726D77617265DD
:10E278005F76312E312E305F76617269616E742D52
:10E28800313000004A756C2020342032303236009C
:10E29800666E692B00000000666E69006E616E0094
:10E2A800666E692D0000000055534220737464693E
:10E2B8006E202F207374646F757400005261737040
:10E2C8006265727279205069000000005069636FBE
:10E2D80000000000426F6172642043444300000064
:10E2E8005265736574000000556E68616E646C65F4
:10E2F800642049525120307825780A00657020251D
:10E308003032582077617320616C726561647920BE
:10E31800617661696C61626C6500000043616E271B
:10E328007420636F6E74696E7565207866657220F7
:10E338006F6E20696E61637469766520657020254B
:10E3480030325800473A2F5F4769744875622F4842
:10E35800575F31302D496E2D5261636B5F504455C4
:10E368002F7372632F536F6674776172652F454EF2
:10E3780045524749535F52544F532F6C69622F4699
:10E3880072656552544F532D4B65726E656C2F70D4
:10E398006F727461626C652F54686972645061723F
:10E3A80074792F4743432F5250323034302F706FD7
:10E3B80072742E6300000000473A2F5F4769744863
:10E3C80075622F48575F31302D496E2D5261636B4E
:10E3D8005F5044552F7372632F536F667477617261
:10E3E800652F454E45524749535F52544F532F6C42
:10E3F80069622F4672656552544F532D4B65726E94
:10E40800656C2F6576656E745F67726F7570732EB5
:10E4180063000000473A2F5F4769744875622F48C8
:10E42800575F31302D496E2D5261636B5F504455F3
:10E438002F7372632F536F6674776172652F454E21
:10E4480045524749535F52544F532F6C69622F46C8
:10E4580072656552544F532D4B65726E656C2F7102
:10E46800756575652E630000473A2F5F47697448E4
:10E4780075622F48575F31302D496E2D5261636B9D
:10E488005F5044552F7372632F536F6674776172B0
:10E49800652F454E45524749535F52544F532F6C91
:10E4A80069622F4672656552544F532D4B65726EE3
:10E4B800656C2F7461736B732E630000473A2F5F8E
:10E4C8004769744875622F48575F31302D496E2D62
:10E4D8005261636B5F5044552F7372632F536F669D
:10E4E80074776172652F454E45524749535F5254C0
:10E4F8004F532F6C69622F4672656552544F532DE6
:10E508004B65726E656C2F74696D6572732E63004E
:10E51800546D725100000000546D722053766300F0
:10E52800473A2F5F4769744875622F48575F313003
:10E538002D496E2D5261636B5F5044552F73726382
:10E548002F536F6674776172652F454E4552474960
:10E55800535F52544F532F6C69622F467265655250
:10E56800544F532D4B65726E656C2F706F727461CA
:10E57800626C652F4D656D4D616E672F68656170C2
:10E588005F342E63000000002E0000006E6600005D
:10E59800696E697479000000616E00004C435F4346
:10E5A8004F4C4C41544500004C435F43545950452F
:10E5B800000000004C435F4D4F4E455441525900F6
:10E5C8004C435F4E554D4552494300004C435F5400
:10E5D800494D45004C435F4D455353414745530012
:10E5E80042616C6C6F632073756363656564656411
:10E5F800000000002F646174612F6A656E6B696E9C
:10E60800732F776F726B73706163652F474E552D4B
:10E61800746F6F6C636861696E2F61726D2D313430
:10E628002F7372632F6E65776C69622D63796777D4
:10E63800696E2F6E65776C69622F6C6962632F73E0
:10E6480074646C69622F6764746F612D67657468A0
:10E6580065782E63000000002F646174612F6A657D
:10E668006E6B696E732F776F726B73706163652F52
:10E67800474E552D746F6F6C636861696E2F6172B8
:10E688006D2D31342F7372632F6E65776C69622D2F
:10E6980063796777696E2F6E65776C69622F6C692D
:10E6A80062632F7374646C69622F6D707265632E78
:10E6B8006300000065256C64000000004A495300AF
:10E6C800534A4953000000004555434A5000000092
:10E6D8000C4200105C410010FC4100106C4100101D
:10E6E8008E410010A0410010A841001038410010D0
:10E6F8005F000000060000007075626C696300002E
:10E708000A2B06010401819B1901000000060A007A
:10E718002B06010401819B19010000000000000084
:10E7280000000000000000000000000000000000E1
:10E7380000000000000000000000000000000000D1
:10E7480000000000000000000000000000000000C1
:10E758000000000000000000E0810210E4810210C7
:10E76800F081021098AF0210A0AF0210A8AF0210FB
:10E77800B4AF021098B900107AB9001066B9001049
:10E7880054B9001040B900102AB900100CB9001093
:10E79800D8B8001066BA001044BA0010F2B90010D8
:10E7A800AAB900102EBA001018BA001096B80010B6
:10E7B80080B800103AB8001014B80010F4B7001070
:10E7C800E6B70010D8B70010D2B700109CB70010F9
:10E7D800ACB80010000000000000000000000000BD
:10E7E8000000000000000000000000000000000021
:10E7F8000000000000000000000000000000000011
:10E808000000000000000000000000000000000000
:10E8180000000000000000000000000000000000F0
:10E8280000000000000000000000000000000000E0
:10E8380000000000000000000000000000000000D0
:10E8480000000000000000000000000000000000C0
:10E8580000000000454E45524749532D312E312EB8
:10E868003000000000000000000000000000000070
:10E87800000000004C6F636174696F6E0000000057
:10E888000000000000000000000000000000000080
:10E89800000000000000000002454E000000C0A873
:10E8A8000016FFFFFF00C0A80001080808080000C4
:10E8B80000000000000000000161646D696E000046
:10E8C8000000000000000000000000000000000040
:10E8D8000000000000000000000000000161646DFD
:10E8E800696E000000000000000000000000000049
:10E8F8000000000000000000000000000000000010
:10E908004F4B0A00485454502F312E3120353033A4
:10E91800205365727669636520556E617661696C0E
:10E9280061626C650D0A436F6E74656E742D54795F
:10E9380070653A206170706C69636174696F6E2FDD
:10E948006A736F6E0D0A436F6E74656E742D4C6535
:10E958006E6774683A2036320D0A416363657373D3
:10E968002D436F6E74726F6C2D416C6C6F772D4FE9
:10E97800726967696E3A202A0D0A43616368652DDA
:10E98800436F6E74726F6C3A206E6F2D63616368AB
:10E99800650D0A436F6E6E656374696F6E3A206326
:10E9A8006C6F73650D0A0D0A7B226572726F722295
:10E9B8003A224F76657263757272656E74206C6F59
:10E9C800636B6F757420616374697665202D20729E
:10E9D8006564756365206C6F616420666972737421
:10E9E800227D0000485454502F312E3120343030CD
:10E9F8002042616420526571756573740D0A436F16
:10EA08006E74656E742D547970653A206170706CFF
:10EA180069636174696F6E2F6A736F6E0D0A436F55
:10EA28006E74656E742D4C656E6774683A20323664
:10EA38000D0A4163636573732D436F6E74726F6C57
:10EA48002D416C6C6F772D4F726967696E3A202A79
:10EA58000D0A43616368652D436F6E74726F6C3A7B
:10EA6800206E6F2D63616368650D0A436F6E6E6576
:10EA78006374696F6E3A20636C6F73650D0A0D0AD3
:10EA88007B226572726F72223A224D697373696EC6
:10EA98006720626F6479227D00000000485454505A
:10EAA8002F312E3120323034204E6F20436F6E7458
:10EAB800656E740D0A4163636573732D436F6E74DD
:10EAC800726F6C2D416C6C6F772D4F726967696E30
:10EAD8003A202A0D0A43616368652D436F6E74728C
:10EAE8006F6C3A206E6F2D63616368650D0A436F22
:10EAF8006E6E656374696F6E3A20636C6F73650D33
:10EB08000A0D0A00485454502F312E312034303029
:10EB18002042616420526571756573740D0A436FF4
:10EB28006E74656E742D547970653A206170706CDE
:10EB380069636174696F6E2F6A736F6E0D0A436F34
:10EB48006E74656E742D4C656E6774683A20333048
:10EB58000D0A4163636573732D436F6E74726F6C36
:10EB68002D416C6C6F772D4F726967696E3A202A58
:10EB78000D0A43616368652D436F6E74726F6C3A5A
:10EB8800206E6F2D63616368650D0A436F6E6E6555
:10EB98006374696F6E3A20636C6F73650D0A0D0AB2
:10EBA8007B226572726F72223A224D697373696EA5
:10EBB8006720666F726D20626F6479227D000000A5
:10EBC8001F8B0800D5CD486A02FFED3D6B77DB3619
:10EBD80096DFF79CFD0F8CDA46622BCA92FC88E31D
:10EBE8008732A9E3B4DE4D3239B1B3DD39DD9E0495
:10EBF800122189138AD490941D4FEAFFBEF7022090
:10EC080045820048CA769AD3C66D6C09C4E3E2E22D
:10EC1800BE71011E3D78F6F7938B7FBC3EB5E6C901
:10EC2800C21FFDE77F1CE15FCB27C1ECB845831607
:10EC3800946019252E7CB2E0E7684113624DE62402
:10EC48008A6972DC7A7BF1DCD96F595B85A7015937
:10EC5800D0E3D6A547AF966194B4AC491824348064
:10EC6800DA579E9BCC8F5D7AE94DA8C3BE742D2FD1
:10EC7800F0128FF84E3C213E3D1EF4FAADB4AFC4FD
:10EC88004B7C3A3A7D75FAE6A7B373EBF5B3B796C2
:10EC9800639DD324F182597CB4C59F96879D847E59
:10ECA80018416F73BAA0B9A15D127DC8C11927D7E1
:10ECB800596BFC3988C230B13EAD0BF0C771C6B391
:10ECC800FE81F54DFFA47F3AD8392C3F1CC0C3C143
:10ECD80070B03338293D4C3E26F0F0F4E9E9B3E74B
:10ECE800E5968B5542DD032B9A8D4967B8BDD3B5A0
:10ECF80086DB8FE0D70E7CEAEDD9EAEA434DFDEDDD
:10ED0800FD7283591842F7DF0C8727BBBBA7A5A75D
:10ED180057240AE0E9F3DDC7A7FD1FCBB322D8F4D7
:10ED2800F4F90EFC941E92C904B0A96FCC9F0FB1E0
:10ED3800C2E347DB83BD528508162F9DC8CE6ED728
:10ED48001AECEEC3AF01CEA33C8D784EDCF0EAC0DE
:10ED5800EA5B83BDE5476B671F7EB1A6FDAEC5FFC5
:10ED6800EFEDEA5A0DB1193618EE945B6D2B9A4502
:10ED7800076C947239F434182A1E2C1151CA2631A2
:10ED880009E2032BBE8E13BA70565ED772C872E9B9
:10ED980053879774ADD6399D85D47A7BD6EA5A6F56
:10EDA800C27198845DEB67EA5FD2C49B90AEF5347C
:10EDB800027EE85AD88B13D3C89B9609220CC2034B
:10EDC8006BE5B10FF1924C68D73A7FFE12BE386FEF
:10EDD800E86CE593A86BBDA4810FFD422199C0DFC3
:10EDE800933088439FC45D2B6B93EBF606D93CFDAB
:10EDF800F2BDCC07E3F0A3137BFF664B370E2397D6
:10EE0800460E14E99AA300E9AEBF8E43F75AEE7096
:10EE18004EBDD91CC868D0EF7F274D6E41A2990717
:10EE2800E4D9D775AFEA6F0A5CEE4CC9C2F3AF0FED
:10EE3800AC4B1275F81AC88BCC44435A0118547E4F
:10EE48003E26930FB3285C056E5A09F85FAE145E30
:10EE5800D268EA8757CEC7036BEEB92E0D7490F6C9
:10EE6800C63319D065E8813C8A1C7A096C023412D1
:10EE780084013D94ABC420104340C1D4FB485DE9F4
:10EE8800A91780D82D62077FFEED78814B01226794
:10EE9800A89F53F101FE44C445D13BC3BF0050E7CE
:10EEA80071BF0FCCB2CB7E930498F33BCBD9FFAEA6
:10EEB800ABE4D7E1D0EE5A4904685E92081A43B32E
:10EEC800EFEC6EF5188F58EF3BBB628CC7FDEF7007
:10EED8009C6C8CC7D83D0C341CC218831D698C9D52
:10EEE800FD5A63F019ECA4F3D8C531067DCD44FA78
:10EEF8007BF526E27B0125D17A90C17EDFA5B36E32
:10EF08008E52D69F0736EB454B19200F64D270BD41
:10EF180078E913A0DF59E4C9AB8E450E880EA89096
:10EF28005007C878B5400933DCC6090EA691CC4312
:10EF38005EE0E458EC72AE8523F65C3A2651994CB3
:10EF4800531A8C41247DB896FA4FC265990475030B
:10EF5800B2FE88EB32E9A1109779A6D3A1982FDBEE
:10EF68002E9245F6ABD747E2503F19ECDA25DEE69C
:10EF7800722B124002DE401C7AAEA683472AD1E0EB
:10EF880046E1D2997A3E3030C8417F1575502FC876
:10EF980035B3759CFA549E2B1639AE17D109C72E76
:10EFA8005F4979B1C9B2842849AE00B1BA5AFA5159
:10EFB8008C4B7C6F16381E5010500D6A681A290742
:10EFC8002DABB96CE55095E23FA94E11303F9C85B9
:10EFD800325CCCCC3B00662CF59D528CE251BA5A7F
:10EFE8004007AB58095823B936F1A2894F51146C20
:10EFF8008328D85E4B0269DDC12E9044C16E3D5115
:10F00800B0BD9BA3D3A278796CAB65DBBE8A463FC3
:10F01800E66C9EA2F1224B5F5BAB36220A52C2BB62
:10F02800A41ABDA5D05A1969C673B0CF3E18942F3B
:10F038005BE18383319D861195575AD8DA0756AB21
:10F04800A5058E8C81EDC09C55AB3567A7640FE490
:10F05800C5030CE04DD6589F46E102F407C37C7EF9
:10F06800D1FAB86C9A1506C960EDE1D37C8347BB29
:10F07800DFC9E82481B72042042EBDC0DA8FC5A2BB
:10F0880003A85374594AE8058BCA4B80FD7A7B3A2A
:10F09800E4FDED03BD9E46E0A4C4BCCF4FB2549539
:10F0A8004B5829C209D85EC0C2860988FFCEF61E11
:10F0B8004E5906F8C62C2CE603A5CD04561D05F6B8
:10F0C800DA2DB197CA0C63940FFE173026DA8F4CED
:10F0D8002CF4CA9C89785AAB1FC078851CEBC5AB49
:10F0E800B109B8416984821DC79C235B09BEC3145A
:10F0F80095496005E4B2891CAD2FBF772A0625A57E
:10F10800D5A71F13C7A593301264A7300DABE7BD71
:10F1180056B4FDB2AC560856DE5554922679FC6FAB
:10F12800973A613429187ACD9FC05C43702F1890A4
:10F13800E27346BCECBB4E518EFD70F2C18CAD83C0
:10F14800398AAF925F92930D6A3DBED7D405C8B194
:10F158001BFB8806D7FF762435AF00B047262873F7
:10F168004D1036511A438DD2180CEDC64E4D41A99B
:10F17800E07F03AD4EE172583B5360A73B32163334
:10F188007F65B7AFA5E021EABFBED15E64B31800C2
:10F198006206181341CFFE91C6EE03273B0917D527
:10F1A80086DFDEFD187E9B19604AECF79664461DE3
:10F1B80016FD3249CD9D12E2D8D32B2197F7FAFDDF
:10F1C8007A034DA2D5C2289E870DC573712C613371
:10F1D800C803A007230C473D9C0B5256A219F928D7
:10F1E8002867413EA69D8293D2D7EB3C8BAC9250C8
:10F1F80037ECD6F7D60989DCD8FA7E2B3F0F282AB8
:10F20800874D54B2D6BE33FF6757EBFF0C35EE4F30
:10F2180035FDEF9BC48788ACF0F89ADDCCBEACB462
:10F228004F85CACE18D5E40021B6EFCF0AED9B244E
:10F238008E32D200EB242226E05EE8E20C034598E9
:10F24800416B443E3A6C14382AA3C7EA7941400D11
:10F25800C25AB30C1903F1C586AFB6719C6A49B49A
:10F26800DD4412296DCC6D03ABF655A24E482065DE
:10F27800BC7C7FD736B0F63937ED58C4A5C8E1B1A4
:10F28800D87970D8A3DB076F06D34811BAA974FEE2
:10F2980001C6E7685021412E252184768BC31EDCE8
:10F2A8006D704066CDB2E8E460F70D2C9B83CD27E6
:10F2B80063EA1B24FE401110B88DC669E0DE4E3D9E
:10F2C800EABB609B2C572595843DC0E07A9D32545B
:10F2D800A89C42F8A4DA1C1FE8222195827B60577B
:10F2E8009949C00003B09006FBAA5D932A23D2CCAB
:10F2F800CFE12A41CDA5F4590ABE029F6DDE4358DD
:10F30800AB17D945D02ECCC1349CAC628DB22D70D0
:10F31800BEB4C1B45B6D1A63B845E8695836BB0E14
:10F3280038BF46147A08FCEBDFBA9A0AC07C64EC52
:10F3380053F7B7E6FECBB6DD98D25588A8768B563C
:10F34800518CD5833071880F5ABCB0F1200BA0B313
:10F35800D7166711CECF0519E42DF9ACEF430E315E
:10F368002933ACF6088CA49EB124AEF5DE67E448D8
:10F3780083A82812978442A534121D6DD3C5A122F3
:10F388008EC050A9416261FEC3DA819F74D60A1605
:10F39800CFE33F67E07C161163C41C001294CD4391
:10F3A8009981D4C10FBD79A2F7B24CC070A90504E8
:10F3B80090CCCB5ECB67155EC0C03FAE4093079242
:10F3C800F5304E4A7091E512FC11124CD4B2FDCEC4
:10F3D80074D3EDE3364545BBB369DC2B9583C2DCBA
:10F3E800DE382A960F7CA196CB07C964ADA78D8B12
:10F3F80079010BA56E2E2ACBD26D15A3614D7DB078
:10F40800722B5809A8411D745345C8FED17106E5F1
:10F418008048F5323FB68DE3AB636A6A00FAC6AE40
:10F428009C65E48164BBBE13C6DB30A6B7AD8BE92F
:10F43800153782CAB0CF224AEB880C7474068F4104
:10F44800F93DDEB91DE0C58E86599CA1583EA8003D
:10F458003BA26E1D746F0332F6F6F9BF5B61BBD039
:10F46800D1701D412D94F7F7CD501FA4C69A0CFA00
:10F47800DA35DF6D643B49146BE23910CC6F606696
:10F48800A1CAACC22987CD6D2A953B594F803087D8
:10F49800E92AC2F6F85B8BB33C604AC7EE0E4CBE55
:10F4A8003DA33BB86D760715CAC22CE5739EA82903
:10F4B8000E58983937F493EB253D6EB1F256C9D8FA
:10F4C800E7A9714E01365E268397BAC17BDA1DF330
:10F4D8008A00C145389BF9D48AC1D898CC8B7494DA
:10F4E800B0478E78D4343824AB2679E726BFDF5F5F
:10F4F800D6C139C42A9EA6731B2AC23966AD5CCF11
:10F50800B52FCE5C6954673CDE57CF4997F2523D20
:10F5180028D846A6589C261E699E779D68653D7327
:10F52800ACA61937B40D164FAFB4BF27995C8F1F1F
:10F538003F366E6EE410A50BED56234C1BFBCD3801
:10F5480067BF445D29BB959FF8749A281D4E110822
:10F55800ABE18ACA48DCBF150E770BE91195F47D3B
:10F568003099D3C907EAFE60A6C332D0D2BEE06E96
:10F578009D1843B1CD4E3D7745998FB76FDFC124B4
:10F588007534A4D9E0ED9BCD579DB82E858F139285
:10F59800AC626B41E398CC6851F4129F468976BF00
:10F5A8008A6FD86FECB8C821DA9D062A534A4D44B1
:10F5B800309D7805738DE34A52914CC2DD9AB2456D
:10F5C80032558DDE1E26B3DB15E0D2280A6BD075C6
:10F5D800C114AC0DAC64A21A811D1BF64B803E5EB3
:10F5E800471484B6E4782F79A183D28B788A4D9B0F
:10F5F8007C36CBBE61E978478E722FB279A8B1EE1E
:10F6080096A16ECBBD8A640B3BFD8D761CF4B3EEE0
:10F61800E14995320237D99EE98BDC5AD908D46D75
:10F6280077DCC5568A7262FA0DB67A31AA66F6B1E7
:10F63800941F9C9028592D91AC67F416495A6A4337
:10F64800572083ABD95B242C0844E1F91F4D9C5407
:10F6580079D0601D8EDD31ECDC3C4232E8FFC576A6
:10F668006EB4F8FD12365F043884EDD4C68DDD61C2
:10F678005362C182C41F2ABCECFA2224A24B4A92CC
:10F688000EA2605A4AFBA8070A8A92CFE250FF737B
:10F698001527DEF4DAC92C6865E30DB448C6477B44
:10F6A8003C81DCCC46FB9B725139627C77394AEB52
:10F6B80095C8BBF9CCEC0422DED4D3570B5AC47FCF
:10F6C80014FAF17D64F7F76FA5664B102AA33D0D78
:10F6D800144F05D64BE3F1B0B5D680D6C9E9E67B21
:10F6E8000D1B0BEE9A7B0CB792D8F93C89FDFE8670
:10F6F800025D83DB4D85FBCE5DEE4D5D84244EE4DB
:10F70800A015167D6A724E8ED9CA0A2F88DB1ABBDD
:10F71800256B40E516769C5DCCE572060AE750F24B
:10F72800DBF675A4FECD743ADD8C4C748977DA9CCF
:10F73800B1FE61E3B386F9E083E807831085C4ED81
:10F74800524C22CBDDC524CA46B4ABCEA5DD372545
:10F7580057B3A5EF6DE68DEE6FE68DEE5641B38992
:10F76800B3B9BF99B359098B174CC3A6F19CFAB02A
:10F7780014DB550213CFC32B6D4C75509FE30C7BE4
:10F78800797352CE46CE74E397BD455D7D106E7B8E
:10F79800EFFEF7AD0DF183BF2DA8EB11AB93F38C02
:10F7A800F6F750F6C908571D5F35673A960F2B498B
:10F7B8003D6A0EA2560BFA7C249CB9EAA86E147511
:10F7C80052576FAF8C7E7D58D0C153C3B6AE7A798D
:10F7D800AF7F185B94C454D120139AFB2AE0EACA7D
:10F7E8007A2DDE7AE1B2BC45AC9F57BFBA6315A348
:10F7F800A9B68014EE105B349F4CA8D1262D0FA912
:10F80800CAE72FEADAB23E5760C494A77B4B2AD5E1
:10F81800BB87D56EE08ED20D2C1EDBC33F475BF94C
:10F82800BB498EE249E42D93DC4D255B5BD60B1476
:10F83800173C3002BD27D13548107F492360F4C8F2
:10F848008A71073A12B74FC4EB7624BE0E26D674D7
:10F8580015F004E7294D26F35FBC64FE063BE8ACCF
:10F8680022BF0BB29A7BD4C7D6A79BAE45129C4B3E
:10F87800825F77B36B5A9E5158FC9758B6DDEF9765
:10F8880004834F13CBC51AF0BCD8A0249122AB83B4
:10F89800B53DA8D93F843F47D978F0ED871F6C352F
:10F8A800315FAB8AC5CE0F988811F446AE8897F0C1
:10F8B800E91566A562E3754B4C9BCB1A473DFCDA0C
:10F8C800D1B560B3240981FAC1CAF735B518B06952
:10F8D800BDFF3AFFFBABDE12EFCCE960D7F6A175AE
:10F8E800634D08EE6174DEC154D1EE051F0EB72BCF
:10F8F8005825307FF39451907553AB03ECFEC17AD1
:10F90800F89077FEE0988361EB50833F4025AB2861
:10F91800600D34E06A864BE611E8F4805E59A7680A
:10F92800F5743A6C4C3136B7846CEB49EE9B7560D4
:10F9380075DA3F5F5CBCB6DAD60F80C998ED88D817
:10F948002A5C6628A05AD871B6402230C58C1A1D88
:10F958006B600BB0A8662E7C1511E8D751B8F00083
:10F96800E91105921D819B935C780B0A4E129674DF
:10F9780039ADDABA754E29F92549E63DF0BB3A4367
:10F9880030784523EB7B6BA89C53BD53B9191B5E9C
:10F9980082F30EC8A367CB338C2D74588441C957A2
:10F9A800507345195F418D1EFBD603D18272B6B3E1
:10F9B800F57FCFB6665DABDD96414A1BADA780C625
:10F9C8000BFF463EE28D388CDECE82A4C3AADAD67F
:10F9D800EFBF83F96597B69AB331A133F6F750169E
:10F9E8008EB8541C2A9F06B3646E8D40462817961D
:10F9F800735CC0398E778D5F4E7DBA004571EE8D90
:10FA080041B1CC9E28CA54AA1F46C58A4F7A099983
:10FA1800BDC20030124BFBECD5EBB7176D9B0DD276
:10FA2800635E6DA7EE81E96C696634395B3E070257
:10FA3800FA09057E8789FD33D7569C3782D9B06984
:10FA4800A05874613004B9F7AF158DAECF995F1D1A
:10FA5800464F7DBFF3FE9B6F3F894E6E78FDF732B0
:10FA68004C824D9F4611B9EEE1F1764E0FB10DABC8
:10FA7800B5E49F918C73CB61F7FE09265FA7DD6B18
:10FA88006B6DE66C42314EE8222C4C0704FBB23415
:10FA98002544EA032CE7F01CAA260C74C3E6EB2DD8
:10FAA8007B601078890CC25DA386F782C7484E092F
:10FAB80048768E0C80DE961002E330D07EF57E43C9
:10FAC8005A6EF7EB2006FC16BE73DB113BB75D4B95
:10FAD800B89C9AE5E652ED9977999F16108CA0D7B5
:10FAE8001FAFCFDC4E9B5772449725EC647D306D79
:10FAF80073220E421EA79BC7DADA139FC43127F57B
:10FB0800144A90C06DBEBD5CD8BD6D83302E943351
:10FB180009DDD6F6CC0C8F9EB0F0A0F736CBEF6996
:10FB280057E26F4E02D7A7E7ABF102E880851B4A80
:10FB38006863A518B9C7BFCFE894AC7CAE609514CC
:10FB4800B384C125F66B7B4B6E7969A86C0642F4C9
:10FB58008A412D37144F8CADE3D538A089A2317F67
:10FB6800606CEB328B496E08A5B956AA7668953F4A
:10FB7800136604A8AAE7E22B472088B308BA2CC763
:10FB8800067925B47211256DC6BFC64A62FA50536C
:10FB98007C3257E7136E77054ACC95619250D3E5CE
:10FBA800C69506AF40133F268196FD3BED314B4687
:10FBB800175175DEA0F55B995BD29E7A5986E631BE
:10FBC800D8580A45C44DBFF616597A5BA933005078
:10FBD8002A14D1822673BC28AFFDFAEFE7176DC54A
:10FBE8003D2F7C37196C788D79D2165CEB5C00F070
:10FBF8006D64B625C8C209BBC1610B9CE8AB2B87F5
:10FC08009D7B033B940693D0A5AE6A949BAECA2312
:10FC18007431A00174F1F6CD8B734AA2C9FC358901
:10FC2800C822EEA42B60F792F03CC1686AC79634EC
:10FC38009B5DEEAF97CC698046CF12D685A2CC4C9F
:10FC48003FF7FE198741C7D6B6E116ECC864A1E5AF
:10FC58006D41D960CC3D2BAD54B6B66BF9DB4E2F58
:10FC680078B46272096B2C24D9140CDCEB07D6C566
:10FC78009C5AFCF648F0E77D1FE6300EC3A4D7EB8C
:10FC8800B5BB8C16F443E8754F5B68124E866D3B26
:10FC98005331D4C769535F2638FD2068A64DC25535
:10FCA8009080EB8E14BF6B743958A40674168A7151
:10FCB800101EE25BA7631BB0CD5B8B111CE7505F86
:10FCC8000BD7650DCB11785946078175EC039D65F7
:10FCD80070A4E0D987E656575E0043F4405330B22B
:10FCE800079BD40F89DB3135BB01ACC6B40A9C1C19
:10FCF80055BCDF8C2AACCEB79F321CDCD8EFD7447A
:10FD0800A2854CE31C7559B05B69F0AB1887F935CF
:10FD18001DEE0FE91773C2AE64A49C3B3A6DC62F63
:10FD28000740C919B7546085D5EBA5B96668EC3C9E
:10FD3800271ED26912323C5939E9372580716D9FE7
:10FD48002AD9CA5A2827ACB307042510D73D451528
:10FD5800F6C28B41365298191204C0A0A46CA5B4FF
:10FD6800BE530196F66A58898265BCB634BA19063C
:10FD78007B652DAB6E5B3436721D6894AFBA978283
:10FD8800D591EB44AD93D57DAC0D905C074A555D9C
:10FD98009291B221BB2013908BA9799D7506C58CD1
:10FDA800EADACD7BC46B4D89FF2E582DC63452F547
:10FDB8005DA8908DD2688CA9172DAE4844DF5D826E
:10FDC8000AF798682F0D23D7D96CA43989DCAA9132
:10FDD800E43A9B628E0BBA77119D69062A54D86C57
:10FDE8003E9355840738DFF91E8805D518850A9B88
:10FDF8008D819710435FFA310A15369C47E4E18DEF
:10FE0800BABE6122851AB75C13CC8F32AC083E6E3D
:10FE18003A8354ABAABA4D9F1D36B1783AEF790EA2
:10FE28000BBF2B1B436AEF56011ADCBFB2FE8F5B78
:10FE3800DF7ECA06C89EDEB47E7B6FF7449EF5DA85
:10FE4800ECBE675568A1DA0040B21937D18D395533
:10FE580088DD5882626BA9C49BB288C43E44EE6EAA
:10FE6800C1B291AA6E6D61F8E9F838CBF37D490209
:10FE7800D0CD0BE6D8E3CFBA2ADA8A22F11730FAC6
:10FE8800EB6F87C547224383F7530E346315B6E7F4
:10FE98008AE1CC68FD5C13DC6039159D458C17251B
:10FEA80082A7A2096AA0C1AB2745365CC92D63A108
:10FEB80022EA6B4245CC20F67182ED3424A1688F8A
:10FEC80020F1B01D8F4FD8691B65B882998EC56621
:10FED800B809BE6EC5BE951A15C2267C322C420DD5
:10FEE8008DCA75A5804C2C471E2F43CFC57AE17467
:10FEF8000ACBF30B6E2D6A064423082D225079B0E5
:10FF08000E4AF4ADD7D1E626781AA2CE3D2865B7B9
:10FF1800E4963E17D4E6165661EC882EC24B9A0E2C
:10FF2800DFC56D9B7E75440C37BA2E421687ECE010
:10FF3800676588908729BD38572DA503D6010B5AC8
:10FF48005E22440F1E5CDABD183C638A21E77D1BE4
:10FF5800AFFD02C1C07BE8C0F729D8ED1DCE908562
:10FF68008ACA804BB84A44CC44D55ED964010D5E38
:10FF7800315B424C67341A59FD1A9B52FB62370AAF
:10FF8800C6C488E2314CA5B3B01E5A9D817574640D
:10FF980079B626820BD52B714C10F88BF025C0D37F
:10FFA80081CFCAA0FF8241521F4C5C16E80B40B5B6
:10FFB800A1EDEFC7199C6A3017253CA84105D1E986
:10FFC800D22813806AF1E103B99904487ACC01EB8D
:10FFD8009518010BF98D553F5FBC7C812CDAAE3149
:10FFE800ED5DFD5EA188526338988F0B3412B89D81
:08FFF8008F488E1F7BC0BE285C
:020000041003E7
:10000000393CB6DFF1C9F2DC03CBEBB217481CC0B8
:10001000C85D46BE98507073A8EB196B00F9A178C3
:10002000C8F1CA926D11DBDA56EC90420E47938804
:10003000825F20D004868477D9563686664501963D
:100040003BF4A03658F878E23844F31179C3E298CB
:10005000BCACAD9D1C3BA8F04B44969BCC70DD83A3
:10006000A1355EE8A16CCE1A2A31C49EB4B54D8A82
:1000700092BE2DF42D2A868E07BF06DAC1709E9897
:1000800007039C7132F77CB7C34A6DCD1695A4CE99
:1000900039E919B7B2F9898B0D50C1B397A0711125
:1000A0001D85931C6D633B0927E7BCA5AE8D1A1B0C
:1000B000AC27CD06A9764710403D0B4CD4C36C57F6
:1000C000E5AC455B250930BBDCD086EDA1CE439F76
:1000D000734AFB14035F5655A305F9F882EF731EAC
:1000E0005BC35D43C56C57AAC7CEA7E81C99B43A59
:1000F0004A26EB7D0E72E7DB4FDECD7B038FA7E751
:10010000209A339D68A9449A78A6E7768C30498175
:100110007D69D834A2AAE84234EE711BCE4AAB1AEC
:100120006A1660C4AB6AB29B314CAD6452866253AE
:1001300075B04AC0F6F80055B92585E59C673B9E29
:100140005E6AB9D4DF1811BC6D0D3C888A4A34440C
:10015000D435349170F00C3CC1841AEACB48705904
:1001600003131A523ACA0B0081D2BAD5F9D8EAD889
:1001700094D04525618B42C7A0BBF2F50577D5AC7D
:100180002D00D46AE27C5DDEDC36F0275A04D24EC4
:10019000714DFE142D8B8BBECE4153AD6166254D46
:1001A000E6DC4C82BFCC3C9CCC3586526E43028F41
:1001B000B8348792E93868AA00138BDBC64D107FEC
:1001C000EC1B8664474CB483425B99B84F7E66AAA9
:1001D0001B26ADD1DD39536CBC91A2611D8C3386D9
:1001E0004D4F01B5F555D77193070F84D5F8EB64E2
:1001F000FE9BBE414105A0F4772673F8CB27C5547A
:10020000817609F29409E8B1EBD69D8C7555531AA5
:10021000CCD7C6E635929F94FC22FA5335673E4010
:10022000012A686C48DBE18E0C7A26C244E141AEBB
:100230004EB57B3B097DAC89AE176ED9BF3DEB78DF
:10024000BAC41EC26CFC9ACE6673EE53D1A2E438D7
:10025000E528C1954841295D39797157153A7EF8ED
:1002600030478495D8646EA1EC99EAF029A59416DC
:100270008264F264251752DEDDCF8254ED1722EA44
:1002800097BA6D6C735784784A4708AEF53815995C
:1002900097B974D075B62BDF6E827A536FE688817A
:1002A000304520B7E16FB59F4E267499C8BBFAB8A8
:1002B000D9D4B66E704B708F4553546BB00EEC654D
:1002C000F992C56009DB1517B5EC2C81326D7650BB
:1002D0008C07E612750A31C1AC6F1446E194F72120
:1002E0002AF1C058BABF920E903E3CD025AE9A5724
:1002F00029BFDF9FE58022BBE27AE1806C7B55BBA2
:10030000C9B65EE3343C2A7284D9ABE5BA3C951990
:100310003E99963CB7D79506BD726467D8A6356EF0
:10032000392B40C35E315D631DB9AC93EE9965B462
:100330002AE23945C2A8B5C21BAF526E4252203CD8
:10034000652BEB4D11DB22F4AAEA4B83EAA102D51F
:10035000954995798B5A2772D1583BF56B48C4D48F
:100360003D72CB9270DD13328AE8F189E85AF86465
:1003700018EAB17B49E42D3ACAB03656C6E4EC1C03
:1003800032B96FC887E7BD7706CE7097BF0FD5CE5D
:10039000E3310D88CB24C21256A16196250BDEA352
:1003A000340833A19210170CF80A8FE3609D3A9D30
:1003B000B39021486D98B35AC53DB4FA1F9F3FD7FB
:1003C000246BB1372B1E2B938ECA07C6DC6BA1AAF8
:1003D0003B6D6E2E335641FFCA58D7439612694B78
:1003E0000090B12E73C17954CE580F67BCEE95C7FB
:1003F000A14DF5F172B3EB77355AE57313CACAE232
:1004000056F9649BA48E1912C5D8FC9AE78371052E
:100410006EDA98DBE0AC437A8682A7651C16D3FCC3
:100420001B9E7478C08E3AFCFEBBA53A77609BB3E6
:10043000A498EF15CFF28AD2706881C506AC291353
:10044000966D4386909CDF0623D8CD8E5498CF625C
:10045000E817EB1D5BA6B2AEE23951454D256D584C
:10046000566CCDCA1D6311600BFE64D9454F0ADF7F
:100470002474E525D34DB5F55D0C28E8B4C0EDA591
:10048000111FE756F2C82C016486BF257F772B6CBD
:10049000CEAE9AD96FC5DF8623551A533A636C7373
:1004A000EE6105E7AAD2448B954A0CCA035729CDC1
:1004B00099C6AF71DAA9FAE8516122D5B9937CFFE8
:1004C0004271884CB0198FA5B5DB55E9943262B002
:1004D0004B8C19D79FFD4D25623EDDD497581BC824
:1004E00023CE779F5D221531D45026015822887083
:1004F000F712A9818CC95DCC01B2E6AB8CF9DC3274
:10050000E67C9D7AF35715340D51F0C7491BC1AFF6
:10051000A93716B3532B9FD7062AA3AAA1D861F9EE
:100520003EA9E0B93743888DD2FE2A77BE5CB97305
:10053000822BF4579538B527FFC7CB1AC6499FDFE2
:10054000B42960A8A18851EE90A825CD9594BBA3AD
:1005500038D05AB8364C9D0D8ABD68F241F15139F8
:10056000CB4B994CC62E976BBA33C84AF168E2D38D
:100570000404C87895D04E1B24115B2E013BBFE9C3
:100580004CD352DA4D7C0A72EADA090347343E68EA
:10059000ABE653D873C36EB48721F90576869C1EEB
:1005A000356CBC986F0BCAF35027482E9357616087
:1005B000CA1EE27762B4CB7789B18659CE4A1B6FE7
:1005C000546A6B2A49C87AA5A82A20CF6348B4B6D2
:1005D0003F4B769F66FFE201D027D2B01728F3D8B1
:1005E00033243647A0C04F86C0D4EAD7D52BE2507B
:1005F000A4088134E09F446C3A0D153F492BE01567
:100600001BE54C3575EC5EB50015BB80A2513A87F1
:1006100052F29AB86EE489200F00474CB350514310
:10062000C56130999380A5B6694F3AF205488F4667
:10063000AE81D12C27AB789C52AB3EC9A1606B3503
:10064000DE231239122EBF6020BB3303B79CB4DB0C
:10065000ECEC1E85F81579C5FC3EC9C9ACB19D54BA
:10066000256E3872AA7500BF19FF9CDF155596FEDE
:10067000BA93D9E9ED526D3B9750CEFB420EA08163
:10068000FE6E85EC24C4D31550EE09332BE5231000
:10069000858D63AC27CE6ED8A6338204EA6DF12B2C
:1006A0000B0CC704D9F9C05B9E6CD6AA4104E11DAE
:1006B0000DD841C976FE5C0CB7E9F88366E76304A0
:1006C0002BD48A54904B8AC8E238D5A9F2E59549D3
:1006D00091830DF66E090B7A15466E7AB448A949D6
:1006E00026E67E98BB102DAAFA423E808E50AE5D63
:1006F000B1FB8AA05B259BE66349A2CB1846C7578E
:100700002B590B449479A7526973DC288FBA04E9FA
:1007100031D7A6AB0C526FC0EED5E8B715875D8414
:10072000AF56687C8C325A4D151C31366FF603B4C7
:100730007B985F19D1101DA8B76FCE4EC2C512E4C9
:100740001B489DE595C995630CB2F6E3BEB45DAA5E
:10075000DA5715DC050B67971354B83939BA63F2C9
:100760002A2E1C37AF4A02A814182A76531D71A8E6
:1007700077A851C373A60EAB0FDCAF3190734C1545
:1007800047CA491E3D666E6CE27609EF88E5DCE6F5
:1007900076DBD9897866E3D05E76334F3A648D8D07
:1007A000A6F04538C3BC856A8DE2B38A8AC08781CA
:1007B0004453A12DDF80308FE8145763AB7D584739
:1007C000E69B9B6F7AD8BEA853D36E8EB6B2FB045D
:1007D0008FB690CF47D8E71132667AE1A0EB5D5A29
:1007E0004CDB1FB7C6B3D6E8680B0A14CF4010B471
:1007F00072B7121E05247B24AC86FCE352CF11098C
:100800005CB9825C09D7A408805C73A4A6BAA3F97A
:100810006074FAEAF4CD4F67E730CB81AE566EA82C
:1008200078356E8DF8614DD77AFDECAD765045B9CF
:10083000B22CD7376046395362E14A1FB78437DD9F
:100840009B270BBF353AE1DF8EB688A9CDFA583920
:1008500036CAD684BD2FB3354A6FCBA8E8042F8D96
:1008600014A3FE0C1F2B6AE3AB43DF2D48B02229F3
:10087000A86FA1044FB84249455BBC9775C1A8BB9E
:10088000D8C3EB289C4564B1C0FC315D47327A8FF8
:10089000B600A1A33C2BE4912DDE5F60A2BD245CD9
:1008A0002AA833ABC52EC13A6EA5F79CB2FBF6F36E
:1008B00037EC8BCB4CF14A7D76DD7C4B475E3C9729
:1008C0003F1D15EF536D5922B71E812858E4ADD155
:1008D000C36F1E3F7AB47778B4C59B196876A49726
:1008E000E2F9692E8196F9E9A73C41346C3F8956BB
:1008F00000F688DB9AAB28BB6705B8D70A6802FA0E
:10090000E7037A43E094024E8CDD6FC251FA35C49E
:10091000AB62B52BE8B9C02085BBD75AF2AAF2ABBF
:10092000A2D7C245D1D303C7B1522314EF914C28AB
:10093000572A8E5321B6306BB9C58040CDC28EE8A0
:10094000B56A882016166B991667BE9D1F225D5BDF
:10095000058C20F4B6AB56594248FE5DC33A6AC7CF
:10096000B76814DF186164806C38F61A6E31DEFAED
:100970002A6AD61DBF33BBF03E88D6E894D9CA197F
:10098000F20F4069410F55A3F08861C6E3B9F7C47F
:1009900065AB2FDE6DDEAF049975C8AF5B945EF674
:1009A00091AD6B6ADDD7EA8A6140028DBDA50E2943
:1009B000B0CEE4B6D8EC4C6B5A87B311F62558ECA0
:1009C0001EF5DDB872D972B4C96C7C76E6A4D67413
:1009D000F9524023507E39D3B7357A8557B2AE9756
:1009E000B56A52D252A4C020F8FCD5EA2DB13CD948
:1009F000086C8A8531AB7B6779B9EB2380C7AD176B
:100A0000142DDDB14F820F68F77EA07499DE1FD1DF
:100A1000C2D746F170DC716B7B50B377547F137093
:100A2000DF303F8181E7AC5152B5F0E665BDBB8553
:100A300092DD0A21F4A3C56758B0D2D81B2C5A0AFC
:100A40002D6E2FAD7B2FAED63D2E442DFE2B882153
:100A5000F63A3F26042BC7169604471DFF92D97C11
:100A6000E91940F182F39C8921078AC00C80926ABF
:100A7000D4320F786D3118ED91BA20D658D1227248
:100A8000D87B5AF05D05B9173164EF6148FFF5D99D
:100A9000BB42C52B1E14EFAEC057570C06506D1B42
:100AA000D44A350419E6D67E636BC43FD540C36D86
:100AB0008C1F8DF971CE2EBB4B8D2FC28FF9D6B303
:100AC0003FEED1E0504155C7E248ED4AF96D974DF0
:100AD0001491BC03D94A8DBD62E9A8B6DC642A3101
:100AE00077314575D33B5E67F6E208C020BB820FC5
:100AF000DD84D255BA75D6B2F0D203E39A225D3DB9
:100B0000E3467C76A9A292A49A92D6462456416ADC
:100B100012A01554767B85282BC5DCCD5D19307865
:100B20003AA3812AACA50E711B9093727E448B5F11
:100B3000D2952FAA371E8BF2E634DFB06545F45FFD
:100B40002B2FA26E1DF4D5E09DBB45731AFACA7017
:100B5000FC4214DC1F9EB3210592D7DF8B88AB8F3C
:100B6000F03BC6705D3154C1EAAF8493FEE5F3BA41
:100B70000CE96764F6D1CBA727D653D7053D10DF24
:100B80001FC92DC824A536F631A2C40D03FFFA0BE8
:100B900063C9D1D9EB4D71912AD4F402D5CC02842A
:100BA00002869466F094BC708ECB3C83A2B9CB6A6B
:100BB0001CB7E4376924732FB61B09BE82BB3EEA1B
:100BC000D5F2CCBFC2FAE783B536B77D4EAEFC890D
:100BD000DF1FBC294B16EE25FECA975F61FDCA9741
:100BE00077C397E7FCCD2178CE7A53DECCDFF6FDD4
:100BF0009535BFC2FA9535EF86359FBD3A076F220E
:100C0000BAA4D1A69C99DDA1FF952DBFC2FA1767A2
:100C1000CB3B0A488808CF994B83045F37FEA5C7B2
:100C20001E53403F7BECB1F0060C4CE1C0AFE2122A
:100C3000EBFB0B52144715E18A62619390D81719A8
:100C4000E1E0F8955FFDD11A3D1725D6FFF092FB44
:100C5000C372696C81E852F99F04D7F2CB4F5AA353
:100C60009F45C9FDE3BA34B6C075A9FC0FC3F51D95
:100C700049D634686E3DB45EE0DB4CBEE058EF1AF6
:100C800054B2581E0A70FFA8DD1DFEA69C4CE0BFA2
:100C9000615FEF7D87478C5ADCE311857F12AE2FB1
:100CA000BC25A8353A11AF6061AB7D7FF82D8E2A47
:100CB000F05B2CFC93E0B7F086A4D6E817FED5BA1B
:100CC000984734C6B498FBC371716481E362E19FB5
:100CD00085860B2F88022216DF3F0796A5B1535257
:100CE0002E967EF15AABB94663DAEC822E96342208
:100CF00009261DBF0DBC44AFCCCAB9B78A3CABBDF9
:100D00008A3CABC6DA4DA3D964B06B28B5FCD011D0
:100D100071BDB069025F33CAE354C606126446FD72
:100D2000D85BC5297DADDF09668957826515C41971
:100D3000B89AE39DF06675A8AD765EE15DCC774A22
:100D4000807583395DB35479CAB93A35477B9EB50E
:100D5000F8E226FC81FA975EA09FAC785E7394FF60
:100D600066B5EF6A92F728453419979592A090CA14
:100D700028DE47ADCBB664C970759325F5D961A857
:100D8000A3CAE71D4A075F7227B1E45359B8CEECF6
:100D9000AD60AD759E39FB46C075777CEF12936EE2
:100DA00043DF4BA8282249B8F026502D5AD175D2DE
:100DB0001BCC801F0563E7C392853FFA7F5F805E8F
:100DC0008721CC000000000098AF0210A0AF0210F5
:100DD000A8AF0210B4AF02101F8B08001FCD486AE5
:100DE00002FFB5596D6FDC3612FE7EC0FD075685D9
:100DF0009BDD83B42B695FBC5EAF176D13A70970D1
:100E00006D83B8C1DD7D3228892B11964495A2D619
:100E1000768BFEF71B526F94567236BD1E9CC8121D
:100E20005F86C399679E19D2BBAFDEFCFCFA97FFC1
:100E30007CB8459148E2FDDFFFB693BF518CD3F0FB
:100E4000C620A9012DB28DE000DE10DA254460E451
:100E50004798E744DC189F7E796B6D0C34D7FA52C3
:100E60009C901BE348C963C6B83090CF52415218DA
:100E7000FB480311DD04E4487D62A90F93A654509A
:100E80001C5BB98F6372E3CC6CA31424A888C9FEE1
:100E9000F6A7DB8F3FBCBF431FDE7C4216FA9413DC
:100EA0008E7EC46981E3DDBC1CD05FD46731E32052
:100EB0002C2209D1160E307F6874CCC5733513A16E
:100EC0002D674CA0DFCB0F842CCB0BED2DFADA7EF7
:100ED0006DDF3ACB6BBDD98166C77596CE6BAD59C8
:100EE0003C0968BEFDEEF6CD5B7D745208126C11B4
:100EF0000F3D3C71174B13B98B4B782CE16DB69EAF
:100F00006A03B1EF837E20E2EDEAEAD6FEFEA4C7D3
:100F1000955D57970B67AD75719A86B5F0E5CA4434
:100F2000CE6A030F07642F74D9798403F6B8453667
:100F300072D6D9135A6EE0A126D9262AFFCD56FAC9
:100F400078BE5503F51658DE713B4D394EF32DCA68
:100F50009F734112ABA026B27096C5C42A5B4C6445
:100F6000DC919011F4E9BD61A28FCC638299E81DF8
:100F7000898F44501F9BE83B0EBE369194628133AB
:100F8000E9A112FD8784987CF947EB0B8F3D593915
:100F9000FD4D6DD6633C20DC82A6FE040955B37C72
:100FA000F558F0DC4E8F080D2330AD63DB17CD060E
:100FB00012CC439A824DFA62BA730F801BEB8013F6
:100FC0001A3F6FD111F349B9F1D65A0A66751780E5
:100FD000A0EDF1B0FF107256A441DD0D886ABBD9B7
:100FE00091F0432CDD12D12020695F8F9917B66AEA
:100FF000648C027EB9458E0005307BCA5272DD7664
:10100000E610390C3673A04F2468DA690A61D9EE0C
:1010100010A1DF2C9A06E4698B2C7748CBBA092102
:101020008E031989A1FC0D0B4EAE6C1B20B3524FE1
:101030002C006617C8DA5C9883C873DDA989040799
:10104000236598C36498763135C7655F2AA9CB5567
:1010500025FBCABE90F21BD957522C2CE0BA20DBDC
:1010600059F6642F372FCA2E355ED67AAFA46CC7D7
:101070001E51DC5EBFAC784C5382792BDCD9D80191
:10108000094DCDB7EDBB3355B34F7C0A21D23A356C
:10109000A0791663C055C869EB35F96141044197E1
:1010A0002016C0AB4864A0B90BB909E7C0AF076010
:1010B0007D8C4E56CA69403CCC7508D528C92102A2
:1010C0001F9E1B3982653A4886C4C26C1C042AFEE6
:1010D0003AC4A0437CCC3CA5A957D285CD63664BCE
:1010E000470EF738ABA9164365B4F34A25B040CE96
:1010F000621A8C4CBDEC065FC059661D680C8103FA
:10110000BC11177C2229AC1DD3D8FF1093764FF267
:10111000C30A28277E69ADD203AD7B70D631821613
:10112000AF009D60C0BB1DE938A6616A51F02FF881
:1011300054F23AE13DD13ACB3656978C2DFF6BBD38
:10114000EDC2310B59BBAE4AA65B00BD26A7F669BE
:10115000A7B1B62DF8ABC87B0B9FC50A3EE57E4C08
:1011600064602D20B0166D5CF5FCB258F5036BF58C
:1011700072602D561A72BA417A351D66864D173542
:101180004F5ACE9376739775CAEBB3D574804639B0
:1011900081D8A347F239AEAEC0924790871F06525E
:1011A00089F2CC76EB9103E3A4F550558B6C9161F9
:1011B0000C2C8E3D8038540D7D1AB7965AF6D2030A
:1011C0000FC451BFB5DE81B3045854595037BA2DFE
:1011D000CD3EE2218839B496BDFA84CBD5456B1C4F
:1011E0009CD20457F491D1146DF2CA6DA0DE415621
:1011F0006E9AB132EC5301C09FADFB06F9F6813C0B
:101200001F3894677929E5F79683DA77546A0136AF
:101210004BC0154C000D4E166BB9A1569D3F8683F1
:101220002F727A991BAA0602D05E69D0EE277EC083
:101230001F1132B7E6526F196C333D12E42EAD86A2
:1012400013C15223713FCB0B6F78714793D6A91608
:10125000546D38ED2966293A1E0AF3141F3FC72E34
:10126000E770D7724434D6BC419E8415109FF1CAF2
:10127000E59D72E3A53DB469C2EEB2D509DD94D314
:10128000B9167FBACD16DA4485862A385ADC036847
:10129000DDDC2C95A9DE1BD8A8EF539AF762E63F58
:1012A0000CEF7D1BC910D72A4E2DBE8673CDFA9C3C
:1012B000125003B27A9529FDDF132D09F5D49861F8
:1012C0005FF2CEB01E5F4293EE084D3AEEF4ACD220
:1012D000B543A0F2C719E5CF929F4EF65391DCFFBC
:1012E00088D80402A24A68F699850FC4CF9FAA7BCA
:1012F0009AE278650FC0D99549C41E297D94611C76
:10130000B0AF230F78F238757952C2C00148B0E40B
:10131000F335CCFAAFA861BEA4CA38B1DC2CC32126
:10132000B1D4A17A98D0969A1954FB63E590B56D23
:10133000BF2CD4E74532C292EE592CD9CACD828354
:10134000A55289262E96EE737A96EFB1D7D0A9CC06
:101350001908472634C99D3AAC03034595CADC00F9
:10136000036985EB3FBFB9062B0A996703A5A7342C
:10137000D60B0D6DA9F21A617A7D0EC9F745F6E913
:10138000F1642E9893704950270222AC7BBC816B8C
:10139000D72795A33EB365677AFD17F3F34BB5F2F4
:1013A00062FD25C9CB2F782E17A90EEA8328D89C79
:1013B000C6DCB709819A1A4D12FC54F3DC660DDACB
:1013C0004C5B9375CF8CA3E743FD64D8881F3A0725
:1013D0008EDF17B4370608175091D91A3B36B6720C
:1013E000D7BAB1C6529C258FD9D3FEB06A552D4FBE
:1013F000BB39223827DAC0868637FAE27A42AA6EEB
:1014000061D4D7F4A53DCF5846D291BA52D3D51E58
:1014100016D205AE065D9AAA9AB0736807A3C6D81D
:10142000272394DB56AB08EDE6EDA5E32EF739CD87
:101430004475017928529504213185614CEECA4DDD
:101440004C342804CC2F12103DFBB520FCF98EC47F
:101450009035199FBCAA37FC6A3AF3639CE7FFA456
:10146000B998955226AFA4115E695CA154A8D7DD46
:10147000CDABCB5C7895175FA55A013D2225E8C618
:10148000F04263BF9B43C3490FC0D2A834DFC9E217
:10149000A56AAE54A9BB7AD264A9DC76753BE56136
:1014A000495FAC1DA17D4243E4D497C1A0BDD3EDFB
:1014B000D3C4413D6EEC7FC429E49D40DE1A9F08F1
:1014C000EE7CF7BE3439B0B78EC618459C1CE4FDDF
:1014D000722A388B67F2DAD1D8BF2EBF76733C34CC
:1014E00016A24A40FEC8ABC177D5E7C8E888C45900
:1014F00035F21DBC8E8C2A72C2EF1375055E0E6E1E
:101500001CA36A4863DFB9231F1421A3BC3CD57513
:1015100004ED3F7006556602C55738204037D56E3A
:101520000EE6D9D751A39BADAAFF867150160527A9
:101530004050917163D491A64A1ABD94A9C24A56EB
:1015400030F27C716D749DEF155062A5F51A327EF4
:101550000DC4523F86AA4F2ED9092A63FFCDD75713
:101560009797EBEBDDBC9C7682A34E4357FDB640CC
:10157000EA59F98C69AA0402C7621E3CC2395B525F
:10158000AEC071ACBC6002C9CA2B7D240F9410B7E9
:1015900065764561015A9F0A3F0FD0CD372DABA527
:1015A0005A97BA7C325A0139F7C16C4264F9763ED7
:1015B0000F8E3448F003C945A4901B521115DE8CE0
:1015C000B2F9BB7FDD3BB6F53EB53E4212BE87C8E1
:1015D0009A97DBCFE75558DE4B9B946DF79C1CEF39
:1015E0009D990D3FB0A25126911B43DEC46B0B9712
:1015F00029B76AD67650AAAC6F226BA212EA12DD26
:10160000FDEF0FE899151C799C3D4A8F048CE4503E
:1016100064889AB6918808B0C05B530E433E4E6111
:10162000C4631A331C202A07C90348FC3C148CFFEE
:101630004F7BE8EE1470FC977F45BBF7629C3E1829
:10164000FB887022C36ED6DA236BA2AE21E4EA0DCA
:10165000505CB2B7A274F9B7BBFF02678A5734CBAC
:101660001B0000001F8B0800D5CD486A02FFED3D2E
:101670006B77DB3696DFF79CFD0F8CDA46622BCA60
:1016800092FC88E38732A9E3B4DE4D3239B1B3DD91
:1016900039DD9E04122189138AD490941D4FEAFFEC
:1016A000BEF7022045820048CA769AD3C66D6C09FF
:1016B000C4E3E2E2BE71011E3D78F6F7938B7FBC76
:1016C0003EB5E6C9C21FFDE77F1CE15FCB27C1EC39
:1016D000B8458316946019252E7CB2E0E768411363
:1016E000624DE6248A6972DC7A7BF1DCD96F595B42
:1016F00085A70159D0E3D6A547AF966194B4AC490C
:1017000018243480DA579E9BCC8F5D7AE94DA8C3AC
:10171000BE742D2FF0128FF84E3C213E3D1EF4FA80
:10172000ADB4AFC44B7C3A3A7D75FAE6A7B373EB20
:10173000F5B3B796639DD324F182597CB4C59F96C7
:10174000879D847E18416F73BAA0B9A15D127DC8D0
:10175000C11927D7596BFC3988C230B13EAD0BF0A7
:10176000C771C6B3FE81F54DFFA47F3AD8392C3F2F
:101770001CC0C3C170B03338293D4C3E26F0F0F494
:10178000E9E9B3E7E5968B5542DD032B9A8D49676E
:10179000B8BDD3B586DB8FE0D70E7CEAEDD9EAEA97
:1017A000434DFDEDFD7283591842F7DF0C8727BBCF
:1017B000BBA7A5A757240AE0E9F3DDC7A7FD1FCB08
:1017C000B322D8F4F4F90EFC941E92C904B0A96FA8
:1017D000CC9F0FB1C2E347DB83BD528508162F9D16
:1017E000C8CE6ED71AECEEC3AF01CEA33C8D784EB7
:1017F000DCF0EAC0EA5B83BDE5476B671F7EB1A6FC
:10180000FDAEC5FFEFEDEA5A0DB1193618EE945B47
:101810006D2B9A45076C947239F434182A1E2C11DA
:1018200051CA263109E2032BBE8E13BA70565ED719
:1018300072C872E953879774ADD6399D85D47A7B87
:10184000D6EA5A6FC27198845DEB67EA5FD2C49B97
:1018500090AEF534027EE85AD88B13D3C89B960914
:10186000220CC2036BE5B10FF1924C68D73A7FFEB0
:1018700012BE386FE86CE593A86BBDA4810FFD42E2
:101880002199C0DF933088439FC45D2B6B93EBF6A7
:1018900006D93CFDF2BDCC07E3F0A3137BFF664BFA
:1018A000370E2397460E14E99AA300E9AEBF8E4384
:1018B000F75AEE704EBDD91CC868D0EF7F274D6E29
:1018C00041A29907E4D9D775AFEA6F0A5CEE4CC91B
:1018D000C2F3AF0FAC4B1275F81AC88BCC44435A05
:1018E0000118547E3E26930FB3285C056E5A09F802
:1018F0005FAE145ED268EA8757CEC7036BEEB92E8F
:101900000D7490F6C63319D065E8813C8A1C7A09BB
:101910006C02341284013D94ABC420104340C1D406
:10192000FB485DE9A91780D82D62077FFEED78811D
:101930004B012267A89F53F101FE44C445D13BC32C
:10194000BF0050E771BF0FCCB2CB7E930498F33B3E
:10195000CBD9FFAEABE4D7E1D0EE5A4904685E9232
:10196000081A43B3EFEC6EF5188F58EF3BBB628C4F
:10197000C7FDEF709C6C8CC7D83D0C341CC218831B
:101980001D698C9DFD5A63F019ECA4F3D8C531068E
:101990007DCD44FA7BF526E27B0125D17A90C17E8C
:1019A000DFA5B36E8E52D69F0736EB454B19200F3D
:1019B00064D270BD78E913A0DF59E4C9AB8E450E3F
:1019C000880EA8905007C878B5400933DCC6090EC8
:1019D000A691CC435EE0E458EC72AE8523F65C3A07
:1019E0002651994C531A8C41247DB896FA4FC26502
:1019F00099047503B2FE88EB32E9A1109779A6D35A
:101A0000A1982FDB2E9245F6ABD747E2503F19EC59
:101A1000DA25DEE6722B124002DE401C7AAEA68387
:101A2000472AD1E046E1D2997A3E3030C8417F154D
:101A300075502FC835B3759CFA549E2B1639AE17C6
:101A4000D109C72E5F4979B1C9B2842849AE00B126
:101A5000BA5AFA518C4B7C6F16381E5010500D6AD2
:101A6000681A29072DABB96CE55095E23FA94E11D4
:101A7000303F9C85325CCCCC3B00662CF59D528C73
:101A8000E251BA5A4007AB58095823B936F1A28936
:101A90004F51146C8328D85E4B0269DDC12E9044EF
:101AA000C16E3D51B0BD9BA3D3A278796CAB65DB11
:101AB000BE8A463FE66C9EA2F1224B5F5BAB3622AC
:101AC0000A52C2BBA41ABDA5D05A1969C673B0CFB9
:101AD0003E18942F5BE18383319D861195575AD828
:101AE000DA0756ABA5058E8C81EDC09C55AB3567EA
:101AF000A7640FE4C5030CE04DD6589F46E102F4FD
:101B000007C37C7ED1FAB86C9A1506C960EDE1D3A3
:101B10007C8347BBDFC9E82481B72042042EBDC0C7
:101B2000DA8FC5A203A85374594AE8058BCA4B80C3
:101B3000FD7A7B3AE4FDED03BD9E46E0A4C4BCCF34
:101B40004FB254954B5829C209D85EC0C286098845
:101B5000FFCEF61E4E5906F8C62C2CE603A5CD0482
:101B6000561D05F6DA2DB197CA0C63940FFE173097
:101B700026DA8F4C2CF4CA9C89785AAB1FC0788522
:101B80001CEBC5ABB109B8416984821DC79C235BBE
:101B900009BEC31495496005E4B2891CAD2FBF7717
:101BA0002A0625A5D5A71F13C7A593301264A73011
:101BB0000DABE7BD56B4FDB2AC560856DE55549297
:101BC0002679FC6F973A613429187ACD9FC05C431F
:101BD000702F1890E27346BCECBB4E518EFD70F234
:101BE000C18CAD83398AAF925F92930D6A3DBED7A7
:101BF000D405C8B11BFB8806D7FF762435AF00B0EB
:101C0000472628734D1036511A438DD2180CEDC655
:101C10004E4D41A9E07F03AD4EE172583B5360A7A2
:101C20003B3216337F65B7AFA5E021EABFBED15E78
:101C300064B318006206181341CFFE91C6EE032765
:101C40003B0917D586DFDEFD187E9B19604AECF74D
:101C50009664461D16FD3249CD9D12E2D8D32B2144
:101C600097F7FAFD7A034DA2D5C2289E870DC5735A
:101C7000712C6133C803A007230C473D9C0B5256BF
:101C8000A219F9282867413EA69D8293D2D7EB3C42
:101C90008BAC925037ECD6F7D60989DCD8FA7E2B7C
:101CA0003F0F282A874D54B2D6BE33FF6757EBFF4C
:101CB0000C35EE4F35FDEF9BC48788ACF0F89ADD0C
:101CC000CCBEACB44F85CACE18D5E40021B6EFCF58
:101CD0000AED9B248E32D200EB242226E05EE8E25D
:101CE0000C034598416B443E3A6C14382AA3C7EA6A
:101CF0007941400DC25AB30C1903F1C586AFB671D4
:101D00009C6A49B4DD4412296DCC6D03ABF655A233
:101D10004E482065BC7C7FD736B0F63937ED58C4C5
:101D2000A5C8E1B1D87970D8A3DB076F06D34811F5
:101D3000BAA974FE01C6E7685021412E2521847698
:101D40008BC31EDC6D704066CDB2E8E460F70D2CED
:101D50009B83CD2763EA1B24FE401110B88DC66912
:101D6000E0DE4E3DEABB609B2C572595843DC0E0EC
:101D70007A9D3254A89C42F8A4DA1C1FE8222195CF
:101D8000827B60579949C00003B09006FBAA5D931F
:101D90002A23D2CCCFE12A41CDA5F4590ABE029F15
:101DA0006DDE4358AB17D945D02ECCC1349CAC6204
:101DB0008DB22D70BEB4C1B45B6D1A63B845E869CD
:101DC0005836BB0E38BF46147A08FCEBDFBA9A0AC5
:101DD000C07C64EC53F7B7E6FECBB6DD98D25588ED
:101DE000A8768B56518CD5833071880F5ABCB0F1D0
:101DF000200BA0B3D7166711CECF0519E42DF9AC8F
:101E0000EF430E312933ACF6088CA49EB124AEF515
:101E1000DE67E44883A82812978442A534121D6D1A
:101E2000D3C5A1228EC050A9416261FEC3DA819F51
:101E300074D60A16CFE33F67E07C161163C41C001A
:101E40001294CD439981D4C10FBD79A2F7B24CC091
:101E500070A9050490CCCB5ECB67155EC0C03FAEC9
:101E600040930792F5304E4A7091E512FC11124CE6
:101E7000D4B2FDCE74D3EDE3364545BBB369DC2B5C
:101E80009583C2DCDE382A960F7CA196CB07C96405
:101E9000ADA78D8B79010BA56E2E2ACBD26D15A324
:101EA000614D7DB0722B5809A8411D745345C8FE81
:101EB000D17106E58048F5323FB68DE3AB636A6ABF
:101EC00000FAC6AE9C65E48164BBBE13C6DB30A6D7
:101ED000B7AD8BE9153782CAB0CF224AEB880C74B4
:101EE00074068F41F93DDEB91DE0C58E86599CA16F
:101EF000583EA8003BA26E1D746F0332F6F6F9BF80
:101F00005B61BBD0D1701D412D94F7F7CD501FA45C
:101F1000C69A0CFADA35DF6D643B49146BE239106E
:101F2000CC6F6066A1CAACC22987CD6D2A953B599A
:101F30004F803087E92AC2F6F85B8BB33C604AC712
:101F4000EE0E4CBE3DA33BB86D760715CAC22CE51C
:101F5000739EA8290E58983937F493EB253D6EB13E
:101F6000F256C9D8E7A9714E01365E268397BAC1E9
:101F70007BDA1DF38A00C145389BF9D48AC1D89811
:101F8000CC8B7494B0478E78D4343824AB2679E760
:101F900026BFDF5FD6C139C42A9EA6731B2AC23969
:101FA00066AD5CCFB52FCE5C6954673CDE57CF4938
:101FB00097F2523D28D846A6589C261E699E779DCA
:101FC00068653D73ACA61937B40D164FAFB4BF2783
:101FD000995C8F1F3F366E6EE410A50BED56234CB7
:101FE0001BFBCD3867BF445D29BB959FF8749A28C9
:101FF0001D4E1108ABE18ACA48DCBF150E770BE90C
:102000001195F47D3099D3C907EAFE60A6C332D09A
:10201000D2BEE06E9D1843B1CD4E3D7745998FB746
:102020006FDFC1247534A4D9E0ED9BCD579DB82E48
:10203000858F1392AC626B41E398CC6851F4129F88
:10204000468976BF8A6FD86FECB8C821DA9D062A18
:10205000534A4D44309D7805738DE34A52914CC2EA
:10206000DD9AB24532558DDE1E26B3DB15E0D2284F
:102070000A6BD075C114AC0DAC64A21A811D1BF69D
:102080004B803E5E471484B6E4782F79A183D28BCF
:10209000788A4D9B7C36CBBE61E978478E722FB231
:1020A00079A8B1EE96A16ECBBD8A640B3BFD8D760F
:1020B0001CF4B3EEE14995320237D99EE98BDC5A24
:1020C000D908D46D77DCC5568A7262FA0DB67A31BA
:1020D000AA66F6B1941F9C9028592D91AC67F4160E
:1020E000495A6A43572083ABD95B242C0844E1F951
:1020F0001F4D9C5479D0601D8EDD31ECDC3C4232AA
:10210000E8FFC5766EB4F8FD12365F043884EDD46E
:10211000C68DDD615362C182C41F2ABCECFA222441
:10212000A24B4A920EA2605A4AFBA8070A8A92CF93
:10213000E250FF731527DEF4DAC92C6865E30DB4AD
:1021400048C6477B3C81DCCC46FB9B725139627CA4
:1021500077394AEB95C8BBF9CCEC0422DED4D357CF
:102160000B5AC47F14FAF17D64F7F76FA5664B1024
:102170002AA33D0D144F05D64BE3F1B0B5D680D65A
:10218000C9E9E67B0D1B0BEE9A7B0CB792D8F93CA4
:1021900089FDFE86025D83DB4D85FBCE5DEE4D5DE8
:1021A00084244EE4A015167D6A724E8ED9CA0A2F79
:1021B00088DB1ABB256B40E516769C5DCCE5720684
:1021C0000AE750F2DBF675A4FECD743ADD8C4C7450
:1021D0008977DA9CB1FE61E3B386F9E083E807838F
:1021E0001085C4ED524C22CBDDC524CA46B4ABCE1B
:1021F000A5DD372557B3A5EF6DE68DEE6FE68DEEC5
:102200005641B389B3B9BF99B359098B174CC3A6CB
:10221000F19CFAB014DB550213CFC32B6D4C7550F3
:102220009FE30C7B797352CE46CE74E397BD455D38
:102230007D106E7BEFFEF7AD0DF183BF2DA8EB1186
:10224000AB93F38CF6F750F6C908571D5F35673A24
:10225000960F2B493D6A0EA2560BFA7C249CB9EAD4
:10226000A86E147552576FAF8C7E7D58D0C153C382
:10227000B6AE7A79AF7F185B94C454D120139AFB21
:102280002AE0EACA7A2DDE7AE1B2BC45AC9F57BF9C
:10229000BA6315A3A9B68014EE105B349F4CA8D185
:1022A000262D0FA9CAE72FEADAB23E5760C494A7D9
:1022B0007B4B2AD5BB87D56EE08ED20D2C1EDBC39F
:1022C0003F475BF9BB498EE249E42D93DC4D255B2A
:1022D0005BD60B14173C3002BD27D13548107F491F
:1022E0002360F4C88A71073A12B74FC4EB7624BE54
:1022F0000E26D67415F004E7294D26F35FBC64FE64
:10230000063BE8AC22BF0BB29A7BD4C7D6A79BAEE4
:1023100045129C4B825F77B36B5A9E5158FC97587D
:10232000B6DDEF9704834F13CBC51AF0BCD8A024B9
:102330009122AB83B53DA8D93F843F47D978F0EDD2
:10234000871F6C35315FAB8AC5CE0F988811F44674
:10235000AE8897F0E91566A562E3754B4C9BCB1AE6
:10236000473DFCDAD1B560B3240981FAC1CAF7351B
:10237000B518B069BDFF3AFFFBABDE12EFCCE960E8
:10238000D7F6A175634D08EE6174DEC154D1EE0538
:102390001F0EB72B5825307FF39451907553AB0324
:1023A000ECFEC17AF89077FEE0988361EB50833FB2
:1023B0004025AB28600D34E06A864BE611E8F480D6
:1023C0005E59A768F5743A6C4C3136B7846CEB49AA
:1023D000EE9B756075DA3F5F5CBCB6DAD60F80C9DC
:1023E00098ED88D82A5C6628A05AD871B640223069
:1023F000C58C1A1D6B600BB0A8662E7C1511E8D732
:1024000051B8F000E91105921D819B935C780B0A8D
:102410004E12967439ADDABA754E29F92549E63D62
:10242000F0BB3A4330784523EB7B6BA89C53BD53FC
:10243000B9191B5E82F30EC8A367CB338C2D745879
:102440008441C957507345195F418D1EFBD603D196
:102450008272B6B3F57FCFB6665DABDD96414A1B9F
:10246000ADA780C60BFF463EE28D388CDECE82A43F
:10247000C3AADAD6EFBF83F96597B69AB331A13311
:10248000F6F750168EB8541C2A9F06B3646E8D4022
:1024900046281796735CC0398E778D5F4E7DBA00E3
:1024A0004571EE8D41B1CC9E28CA54AA1F46C58AFB
:1024B0004F7A0999BDC20030124BFBECD5EBB71730
:1024C0006D9B0DD2635E6DA7EE81E96C6966343950
:1024D0005B3E0702FA09057E8789FD33D7569C3794
:1024E00082D9B069A05874613004B9F7AF158DAEC8
:1024F000CF995F1D464F7DBFF3FE9B6F3F894E6EA8
:1025000078FDF7324C824D9F4611B9EEE1F1764EDF
:102510000FB10DABB5E49F918C73CB61F7FE09262B
:102520005FA7DD6B6B6DE66C42314EE8222C4C07E9
:1025300004FBB2342544EA032CE7F01CAA260C74F1
:10254000C3E6EB2D7B601078890CC25DA386F78211
:10255000C7484E0948768E0C80DE961002E330D0D4
:102560007EF57E435A6EF7EB2006FC16BE73DB1138
:102570003BB75D4BB89C9AE5E652ED9977999F166B
:10258000108CA0D71FAFCFDC4E9B5772449725EC21
:10259000647D306D73220E421EA79BC7DADA139F4B
:1025A000C43127F5144A90C06DBEBD5CD8BD6D83A3
:1025B000302E943309DDD6F6CC0C8F9EB0F0A0F708
:1025C00036CBEF6957E26F4E02D7A7E7ABF102E8CF
:1025D00080851B4A6863A518B9C7BFCFE894AC7C57
:1025E000AE609514B384C125F66B7B4B6E7969A8F8
:1025F0006C0642F48A412D37144F8CADE3D538A0D8
:1026000089A2317F606CEB328B496E08A5B956AA5E
:102610007668953F136604A8AAE7E22B472088B3A3
:1026200008BA2CC7067925B47211256DC6BFC64AF3
:1026300062FA50537C3257E7136E77054ACC9561A6
:102640009250D3E5C69506AF40133F268196FD3BD9
:10265000ED314B46175175DEA0F55B995BD29E7A42
:102660005986E631D8580A45C44DBFF616597A5BEB
:10267000A93300502A14D1822673BC28AFFDFAEF8B
:10268000E7176DC53D2F7C37196C788D79D2165CB4
:10269000EB5C00F06D64B625C8C209BBC1610B9C40
:1026A000E8AB2B879D7B033B940693D0A5AE6A9441
:1026B0009BAECA237431A00174F1F6CD8B734AA28C
:1026C000C9FC3589C822EEA42B60F792F03CC168A2
:1026D0006AC796349B5DEEAF97CC698046CF12D621
:1026E00085A2CC4C3FF7FE198741C7D6B6E116EC60
:1026F000C864A1E56D41D960CC3D2BAD54B6B66B35
:10270000F9DB4E2F78B46272096B2C24D9140CDCDF
:10271000EB07D6C59C5AFCF648F0E77D1FE6300E65
:10272000C3A4D7EBB5BB8C16F443E8754F5B6812B6
:102730004E866D3B5331D4C769535F2638FD206800
:10274000A64DC2559080EB8E14BF6B743958A40609
:1027500074168A71101EE25BA7631BB0CD5B8B11F0
:102760001CE7505F0BD7650DCB1178594607817573
:10277000EC039D6570A4E0D987E656575E0043F4EC
:10278000405330B2079BD40F89DB3135BB01ACC657
:10279000B40A9C1C55BCDF8C2AACCEB79F321CDC23
:1027A000D8EFD744A2854CE31C7559B05B69F0ABF8
:1027B0001887F9351DEE0FE91773C2AE64A49C3B70
:1027C0003A6DC62F0740C919B7546085D5EBA5B936
:1027D0006668EC3C271ED26912323C5939E937252C
:1027E00080716D9F2AD9CA5A2827ACB307042510D7
:1027F000D73D4515F6C28B41365298191204C0A038
:10280000A46CA5B4BE530196F66A58898265BCB61D
:1028100034BA19067B652DAB6E5B3436721D689435
:10282000AFBA9782D591EB44AD93D57DAC0D905C5A
:10283000074A555D9291B221BB2013908BA9799DD7
:102840007506C58CEADACD7BC46B4D89FF2E582DF9
:10285000C63452F55DA8908DD2688CA9172DAE486C
:1028600044DF5D820AF798682F0D23D7D96CA4390D
:1028700089DCAA91E43A9B628E0BBA77119D6906B6
:102880002A54D86C3E9355840738DFF91E8805D545
:1028900018850A9B8D819710435FFA310A15369C83
:1028A00047E4E18DBABE6122851AB75C13CC8F3242
:1028B000AC083E6E3A8354ABAABA4D9F1D36B17830
:1028C0003AEF790E0BBF2B1B436AEF56011ADCBFA0
:1028D000B2FE8F5BDF7ECA06C89EDEB47E7B6FF7DA
:1028E000449EF5DAECBE675568A1DA0040B21937AC
:1028F000D18D395588DD5882626BA9C49BB288C4DA
:102900003E44EE6EC1B291AA6E6D61F8E9F838CB23
:10291000F37D4902D0CD0BE6D8E3CFBA2ADA8A227A
:10292000F11730FAEB6F87C547224383F7530E3414
:102930006315B6E78AE1CC68FD5C13DC6039159D50
:10294000458C172582A7A2096AA0C1AB2745365C32
:10295000C92D63A122EA6B4245CC20F67182ED3489
:1029600024A1688F20F1B01D8F4FD8691B65B882F4
:10297000998EC566B809BE6EC5BE951A15C2267C6D
:10298000322C420D8DCA75A5804C2C471E2F43CF8B
:10299000C57AE1740ACBF30B6E2D6A064423082D29
:1029A000225079B00E4AF4ADD7D1E626781AA2CEDD
:1029B0003D2865B7E4963E17D4E6165661EC882E9E
:1029C000C24B9A0EDFC56D9B7E75440C37BA2E4202
:1029D0001687ECE0676588908729BD38572DA503D9
:1029E000D6010B5A5E22440F1E5CDABD183C638A86
:1029F00021E77D1BAFFD02C1C07BE8C0F729D8ED00
:102A00001DCE90858ACA804BB84A44CC44D55ED945
:102A100064010D5E315B424C67341A59FD1A9B52BA
:102A2000FB62370AC6C488E2314CA5B3B01E5A9D7A
:102A30008175746479B626820BD52B714C10F88B96
:102A4000F025C0D381CFCAA0FF8241521F4C5C1633
:102A5000E80B40B5A1EDEFC7199C6A3017253CA8DB
:102A60004105D1E9D22813806AF1E103B9990448FC
:102A70007ACC01EB9518010BF98D553F5FBC7C8139
:102A80002CDAAE31ED5DFD5EA188526338988F0B74
:102A90003412B89D8F488E1F7BC0BE28393CB6DFEC
:102AA000F1C9F2DC03CBEBB217481CC0C85D46BECF
:102AB00098507073A8EB196B00F9A178C8F1CA920D
:102AC0006D11DBDA56EC90420E479388825F20D07E
:102AD00004868477D9563686664501963BF4A0363F
:102AE00058F878E23844F31179C3E298BCACAD9D54
:102AF0001C3BA8F04B44969BCC70DD83A1355EE86F
:102B0000A16CCE1A2A31C49EB4B54D8A92BE2DF462
:102B10002D2A868E07BF06DAC1709E9807039C7126
:102B200032F77CB7C34A6DCD1695A4CE39E919B7F3
:102B3000B2F9898B0D50C1B397A071111D85931CFB
:102B40006D633B0927E7BCA5AE8D1A1BAC27CD06EC
:102B5000A9764710403D0B4CD4C36C57E5AC455BA0
:102B6000250930BBDCD086EDA1CE439F734AFB1410
:102B7000035F5655A305F9F882EF731E5BC35D43EF
:102B8000C56C57AAC7CEA7E81C99B43A4A26EB7D74
:102B90000E72E7DB4FDECD7B038FA7E7209A339DD4
:102BA00068A9449A78A6E7768C3049817D69D83443
:102BB000A2AAE84234EE711BCE4AAB1A6A1660C470
:102BC000AB6AB29B314CAD645286625375B04AC059
:102BD000F6F80055B92585E59C673B9E5E6AB9D439
:102BE000DF1811BC6D0D3C888A4A3444D4353491C9
:102BF00070F00C3CC1841AEACB48705903131A5286
:102C00003ACA0B0081D2BAD5F9D8EAD894D0452572
:102C1000618B42C7A0BBF2F50577D5AC2D00D46A15
:102C2000E27C5DDEDC36F0275A04D24E714DFE1494
:102C30002D8B8BBECE4153AD6166254DE6DC4C82BB
:102C4000BFCC3C9CCC3586526E43028FB834879201
:102C5000E93868AA00138BDBC64D107FEC1B866435
:102C6000474CB483425B99B84F7E66AA1B26ADD110
:102C7000DD39536CBC91A2611D8C33864D4F01B57B
:102C8000F555D77193070F84D5F8EB64FE9BBE41D1
:102C90004105A0F4772673F8CB27C554817609F255
:102CA0009409E8B1EBD69D8C7555531ACCD7C6E67E
:102CB00035929F94FC22FA5335673E40012A686C96
:102CC00048DBE18E0C7A26C244E141AE4EB57B3B37
:102CD000097DAC89AE176ED9BF3DEB78BAC41EC270
:102CE0006CFC9ACE6673EE53D1A2E438E528C19508
:102CF0004841295D39797157153A7EF830478495F6
:102D0000D8646EA1EC99EAF029A594168264F26465
:102D1000251752DEDDCF8254ED1722EA97BA6D6C8B
:102D2000735784784A4708AEF538159997B974D027
:102D300075B62BDF6E827A536FE68881304520B7F7
:102D4000E16FB59F4E267499C8BBFAB8D9D4B66E58
:102D5000704B708F4553546BB00EEC65F992C560A3
:102D600009DB1517B5EC2C81326D76508C07E61215
:102D7000750A31C1AC6F1446E194F7212AF1C058AD
:102D8000BABF920E903E3CD025AE9A5729BFDF9F26
:102D9000E58022BBE27AE1806C7B55BBC9B65EE37D
:102DA000343C2A7284D9ABE5BA3C95193E99963CDD
:102DB000B7D79506BD726467D8A6356E392B40C368
:102DC0005E315D631DB9AC93EE9965B42AE2394575
:102DD000C2A8B5C21BAF526E4252203C652BEB4DD0
:102DE00011DB22F4AAEA4B83EAA102D59549957931
:102DF0008B5A2772D1583BF56B48C4D43D72CB92A5
:102E000070DD13328AE8F189E85AF86418EAB17B78
:102E100049E42D3ACAB03656C6E4EC1C32B96FC844
:102E200087E7BD7706CE7097BF0FD5CEE3310D880B
:102E3000CB24C21256A16196250BDEA3340833A120
:102E40009210170CF80A8FE3609D3A9DB3902148C9
:102E50006D98B35AC53DB4FA1F9F3FD7246BB13765
:102E60002B1E2B938ECA07C6DC6BA1AA3B6D6E2E60
:102E7000335641FFCA58D7439612694B0090B12E82
:102E800073C17954CE580F67BCEE95C7A14DF5F1CB
:102E900072B3EB77355AE57313CACAE256F9649BED
:102EA000A48E1912C5D8FC9AE78371056EDA98DBF7
:102EB000E0AC437A8682A7651C16D3FC1B9E74780F
:102EC000C08E3AFCFEBBA53A77609BB3A498EF1581
:102ED000CFF28AD2706881C506AC2913966D4386FD
:102EE000909CDF0623D8CD8E5498CF62E817EB1D57
:102EF0005BA6B2AEE23951454D256D58566CCDCA30
:102F00001D6311600BFE64D9454F0ADF2474E5256B
:102F1000D34DB5F55D0C28E8B4C0EDA5111FE756FB
:102F2000F2C82C016486BF257F772B6CCEAE9AD970
:102F30006FC5DF8623551A533A636C73EE6105E75C
:102F4000AAD2448B954A0CCA035729CD99C6AF71B2
:102F5000DAA9FAE8516122D5B9937CFF4271884C15
:102F6000B0198FA5B5DB55E9943262B04B8C19D7F7
:102F70009FFD4D25623EDDD497581BC823CE779F19
:102F80005D221531D450260158228870F712A9818C
:102F90008CC95DCC01B2E6AB8CF9DC32E67C9D7A63
:102FA000F35715340D51F0C7491BC1AFA93716B3FC
:102FB000532B9FD7062AA3AAA1D861F93EA9E0B94D
:102FC0003743888DD2FE2A77BE5CB973822BF457C3
:102FD0009538B527FFC7CB1AC6499FDFB42960A82B
:102FE000A18851EE90A825CD9594BBA338D05AB8AE
:102FF000364C9D0D8ABD68F241F15139CB4B994C4D
:10300000C62E976BBA33C84AF168E2D30404C87875
:1030100095D04E1B24115B2E013BBFE94CD352DAF5
:103020004D7C0A72EADA090347343E68ABE653D8AE
:1030300073C36EB48721F90576869C1E356CBC98E7
:103040006F0BCAF35027482E93576160CA1EE27770
:1030500062B4CB7789B18659CE4A1B6F546A6B2A0A
:1030600049C87AA5A82A20CF6348B4B63F4B769FBB
:1030700066FFE201D027D2B01728F3D833243647B1
:10308000A0C04F86C0D4EAD7D52BE250A408813423
:10309000E09F446C3A0D153F492BE0151BE54C357C
:1030A00075EC5EB50015BB80A2513A8752F29AB812
:1030B0006EE489200F00474CB3505143C5613099ED
:1030C0009380A5B6694F3AF205488F46AE81D12C60
:1030D00027AB789C52AB3EC9A1606B35DE23123919
:1030E000122EBF6020BB3303B79CB4DBECEC1E8513
:1030F000F81579C5FC3EC9C9ACB19D54256E38722E
:10310000AA7500BF19FF9CDF155596FEBA93D9E941
:10311000ED526D3B9750CEFB420EA081FE6E85ECCA
:1031200024C4D31550EE09332BE52310858D63ACF1
:1031300027CE6ED8A6338204EA6DF12B0B0CC704A0
:10314000D9F9C05B9E6CD6AA4104E11D0DD841C9D6
:1031500076FE5C0CB7E9F88366E763042BD48A54E7
:10316000904B8AC8E238D5A9F2E5954991830DF6CE
:103170006E090B7A15466E7AB448A94926E67E9800
:10318000BB102DAAFA423E808E50AE5DB1FB8AA0E4
:103190005B259BE66349A2CB1846C7572B590B44C6
:1031A0009479A7526973DC288FBA04E931D7A6ABAA
:1031B0000C526FC0EED5E8B715875D84AF56687CBA
:1031C0008C325A4D151C31366FF603B47B985F195B
:1031D000D1101DA8B76FCE4EC2C512E41B489DE5A5
:1031E00095C995630CB2F6E3BEB45DAADA5715DC57
:1031F000050B67971354B83939BA63F22A2E1C3776
:10320000AF4A02A814182A76531D71A877A851C393
:1032100073A60EAB0FDCAF3190734C1547CA491E35
:103220003D666E6CE27609EF88E5DCE676DBD989EF
:103230007866E3D05E76334F3A648D8DA6F04538DC
:10324000C3BC856A8DE2B38A8AC087814453A12DAD
:10325000DF80308FE8145763AB7D5847E69B9B6F48
:103260007AD8BEA853D36E8EB6B2FB048FB690CF79
:1032700047D8E71132667AE1A0EB5D5A4CDB1FB705
:10328000C6B3D6E8680B0A14CF4010B472B7121E4A
:1032900005247B24AC86FCE352CF11095CB9825C27
:1032A00009D7A408805C73A4A6BAA3F96074FAEAEB
:1032B000F4CD4F67E730CB81AE566EA878356E8D72
:1032C000F8614DD77AFDECAD765045B9B22CD737C1
:1032D0006046395362E14A1FB78437DD9B270BBF35
:1032E000353AE1DF8EB688A9CDFA583936CAD68488
:1032F000BD2FB3354A6FCBA8E8042F8D14A3FE0C65
:103300001F2B6AE3AB43DF2D48B02229A86FA1042D
:103310004FB84249455BBC9775C1A8BBD8C3EB28E1
:103320009C4564B1C0FC315D47327A8FB600A1A3E1
:103330003C2BE4912DDE5F60A2BD245C2AA833AB58
:10334000C52EC13A6EA5F79CB2FBF6F337EC8BCBDA
:103350004CF14A7D76DD7C4B475E3C973F1D15EF77
:10336000536D5922B71E812858E4ADD1C36F1E3F5B
:103370007AB47778B4C59B196876A497E2F9692E78
:103380008196F9E9A73C41346C3F895600F688DB09
:103390009AAB28BB6705B8D70A6802FAE7037A43F5
:1033A000E094024E8CDD6FC251FA35C4AB62B52B8E
:1033B000E8B9C02085BBD75AF2AAF2ABA2D7C24562
:1033C000D1D303C7B1522314EF914C28572A8E53FF
:1033D00021B6306BB9C58040CDC28EE8B56A882071
:1033E00016166B991667BE9D1F225D5B058C20F437
:1033F000B6AB56594248FE5DC33A6AC7B76814DF98
:10340000186164806C38F61A6E31DEFA2A6AD61DAD
:10341000BF33BBF03E88D6E894D9CA19F20F406991
:10342000410F55A3F08861C6E3B9F7C465AB2FDE41
:103430006DDEAF049975C8AF5B945EF691AD6B6AB3
:10344000DDD7EA8A6140028DBDA50E29B0CEE4B673
:10345000D8EC4C6B5A87B311F62558EC1EF5DDB845
:1034600072D972B4C96C7C76E6A4D674F952402342
:10347000507E39D3B7357A8557B2AE97B56A52D2F6
:1034800052A4C020F8FCD5EA2DB13CD9086C8A853D
:1034900031AB7B6779B9EB2380C7AD17142DDDB154
:1034A0004F820F68F77EA07499DE1FD1C2D746F114
:1034B00070DC716B7B50B377547F1370DF303F81CA
:1034C00081E7AC5152B5F0E665BDBB8592DD0A21BE
:1034D000F4A3C56758B0D2D81B2C5A0A2D6E2FAD55
:1034E0007B2FAED63D2E442DFE2B8821F63A3F266B
:1034F000042BC7169604471DFF92D97CE91940F1A9
:1035000082F39C8921078AC00C80926AD4320F789A
:103510006D3118ED91BA20D658D12272D87B5AF06D
:103520005D05B9173164EF6148FFF5D9BB42C52B82
:103530001E14EFAEC057570C06506D1BD44A35040D
:1035400019E6D67E636BC43FD540C36D8C1F8DF9E1
:1035500071CE2EBB4B8D2FC28FF9D6B33FEED1E08B
:10356000504155C7E248ED4AF96D974D1491BC039F
:10357000D94A8DBD62E9A8B6DC642A317731457538
:10358000D33B5E67F6E208C020BB820FDD84D255D4
:10359000BA75D6B2F0D203E39A225D3DE3467C765B
:1035A000A9A292A49A92D6462456416A12A0155412
:1035B000767B85282BC5DCCD5D1930783AA3812A2E
:1035C000ACA50E711B9093727E448B5FD2952FAA8F
:1035D000371E8BF2E634DFB06545F45F2B2FA26E09
:1035E0001DF4D5E09DBB45731AFACA70FC4214DC89
:1035F0001F9EB3210592D7DF8B88AB8FF03BC6703F
:103600005D3154C1EAAF8493FEE5F3BA0CE9676417
:10361000F6D1CBA727D653D7053D10DF1FC92DC83C
:1036200024A536F631A2C40D03FFFA0B63C9D1D924
:10363000EB4D71912AD4F402D5CC028402869466B3
:10364000F094BC708ECB3C83A2B9CB6A1CB7E43734
:103650006924732FB61B09BE82BB3EEAD5F2CCBFEC
:10366000C2FAE783B536B77D4EAEFC89DF1FBC29B1
:103670004B16EE25FECA975F61FDCA9777C397E7A1
:10368000FCCD2178CE7A53DECCDFF6FD9535BFC276
:10369000FA9535EF86359FBD3A076F22BAA4D1A6B9
:1036A0009C99DDA1FF952DBFC2FA1767CB3B0A4855
:1036B0008808CF994B83045F37FEA5C71E53403F50
:1036C0007BECB1F0060C4CE1C0AFE212EBFB0B520D
:1036D000144715E18A62619390D81719E1E0F895D3
:1036E0005FFDD11A3D1725D6FFF092FBC372696CBE
:1036F00081E852F99F04D7F2CB4F5AA39F45C9FDE9
:10370000E3BA34B6C075A9FC0FC3F51D49D63468B9
:103710006E3DB45EE0DB4CBEE058EF1A54B2581E6A
:103720000A70FFA8DD1DFEA69C4CE0BF615FEF7D27
:1037300087478C5ADCE311857F12AE2FBC25A83554
:103740003A11AF6061AB7D7FF82D8E2AF05B2CFCC7
:1037500093E0B7F086A4D6E817FED5BA984734C6EA
:10376000B498FBC371716481E362E19F85860B2F7E
:1037700088022216DF3F0796A5B153522E967EF19E
:103780005AABB94663DAEC822E96342209261DBF65
:103790000DBC44AFCCCAB9B78A3CABBD8A3CABC602
:1037A000DA4DA3D964B06B28B5FCD01171BDB069F6
:1037B000025F33CAE354C606126446FDD85BC529CE
:1037C0007DADDF09668957826515C419B89AE39DF6
:1037D000F06675A8AD765EE15DCC774A8075833979
:1037E0005DB35479CAB93A35477B9EB5F8E226FCF9
:1037F00081FA975EA09FAC785E7394FF66B5EF6A1E
:1038000092F728453419979592A090CA28DE47ADC3
:10381000CBB664C970759325F5D961A8A3CAE71D15
:103820004A075F7227B1E45359B8CEECAD60AD756D
:103830009E39FB46C075777CEF12936E43DF4BA831
:10384000282249B8F026502D5AD175D21BCC801FA2
:103850000563E7C392853FFA7F5F805E8721CC00D6
:10386000000000001F8B08001FCD486A02FFDD7DAD
:10387000EB72DB48B2E6FF899877A8E54C8FA50983
:1038800012BCE86259B615AB96E56E9D634B5E4B74
:103890006E9F893D1B8E2251243106010C2E92D839
:1038A0001DF34EE719CE936D665615500001B240D8
:1038B00053EDD97577BB895B5DB332BFBC55BDFA9B
:1038C0001F6F6E2EEEFEF6E192CDD3857FF6C73FD9
:1038D000BCC2FF339F07B3D71D1174E00EDE13DCAB
:1038E000855F0CFEBC5A8894B3C99CC789485F7732
:1038F0003EDDBDED9D7458BFF434E00BF1BA73EFBB
:103900008987288CD30E9B84412A0278FBC173D30C
:10391000F96B57DC7B13D1A38B2EF3022FF5B8DFA5
:103920004B26DC17AF87CEA0A3CB4ABDD417679731
:10393000D7971F7FBABA651FDE7C623DF6B3F0A34E
:10394000577DF964B5CA49E887319434170B61543F
:10395000EBF2F8ABD1C6245DE65FE39FD3380C539E
:10396000F65B7103FFF47AE3D9E094FD697031B836
:103970001C1EBE5C7D388487C3D1F07078B1F230F4
:103980007D4CE1E1E5F9E59BB7AB5F2EB254B8A7FA
:103990002C9E8DF9DEE8E0B0CB4607CFE1AF43F8CF
:1039A000E51CEFD7BF3E6A78FFE064F5033E99401F
:1039B000A7A1FEB7472F2E073F363C1FE10B2F9ED6
:1039C0001F0C8F575E88BD60A6EB3B3CEAB2E1D18D
:1039D00009FC35C4EA566B4BE6DC0D1F4ED9800D51
:1039E0008FA3477678027FD1A7832E93FF3A474D66
:1039F0005F8DF033FC6074B8FAD541CD67F129D5FD
:103A0000B27A1F4A1A8E6A1E44DC6DF824E14172B4
:103A1000CA9265928A452FF3BAACC7A3C8173D79FD
:103A2000A7CB3AB762160AF6E9AAD3651FC3719805
:103A3000865DA4BD7B917A13DE65E731906C97615A
:103A400029BD44C4DE7475DEC2203C6599473F92AF
:103A5000884F4497DDBE7D0F17BD8F6296F93CEE0F
:103A6000B2F722F0A15CB8C927F0FF8B3048429F23
:103A7000275D967F6314FB4F5C89FAE2AF55721D98
:103A8000878FBDC4FB95A66E1CC6AE887B70ABE964
:103A9000735CE3DDE2721CBACB6A8173E1CDE64070
:103AA00046C3C1E0874AE7163C9E79014C5E53F15C
:103AB00075E54D6131F6A67CE1F9CB5376CFE33D58
:103AC0003907D549A615AC5F8075547D3EE693AFA6
:103AD000B338CC0257BF04CBB4FA52782FE2A91FF7
:103AE0003EF41E4FD9DC735D1134B5D419CFAA0D45
:103AF0008D420FD846DC13F7B04C80468230102F31
:103B0000ABAF24C0B3421882A9F728DCCA532F00F8
:103B1000CE581E1DFCF36BCF0B5C012DEA8D9AFB7A
:103B2000547E807F62EE22779CE1FFA1417B2F06CD
:103B300003582C47F4374F6171FEC07A273F746BEE
:103B4000D7EB68B4DF65690CC31CF1183E86CF7EE5
:103B5000D8EF6EAEE339957E78A4EA7831F801EBC0
:103B6000C9EB7881C54345A311D4313CACD47178FD
:103B7000625587ECC1A1EEC711D6311C3474647054
:103B80006CD711DF0B048F8B4A86270357CCBA06FC
:103B9000A514BF87FB544A2365003FA89286EB25F6
:103BA00091CF817E67B1579D75BCD503D6012FA4F7
:103BB000A207649C2D90C38C0EB083C3695C5D43E7
:103BC0005ED03396D8FDBCB11D89E78A318F57C9C5
:103BD00054D360022CE9EBB2527E1A46AB24D8547F
:103BE0002195C75D97B8470DBB34175DD310CB69DE
:103BF0003B42B2C8FF7206481CF54F8647FB2B6B51
:103C00005BF2AD583512C60DD8A1E73614F0BC8E64
:103C100035B87118F5A69E0F0B18F8A09FC57B2824
:103C200017AA6FE6F338F545B5AF78ABE77AB198E8
:103C3000C8D19533599D6C1EAD0C5485AF00B1BAF7
:103C40008DF453532FF7BD59D0F38082806A5042D0
:103C50008BB8B6D2553197CF1C8A52FCAFF24EB911
:103C6000617E380BABED2224760A8B71A56C4D3149
:103C7000358FF46C011D64496DC35AF1B589174F36
:103C80007C81ACE00058C141C1092AF30EB8A0C242
:103C90000A8EEC58C1C19141A765F6F262BF9EB78A
:103CA0009DD4D1E8A38179CAE0A5CA7DF71BC5469A
:103CB0002C804B78F7A2416ED548AD9C349339E007
:103CC000B3AF6B842FCDF0E9E9584CC35854675A11
:103CD00041E253D6E934368E8F61D901EAAC176BD5
:103CE000BDC3153C60B207A8C09B14A33E8DC3059D
:103CF000C80F1A7973D206386D0D330C9C811DE301
:103D000053F383E7473F54879307DE822B161879D6
:103D1000013B49D4A44353A7A855AC0C2F202A2F0C
:103D200085E5E71C370DDEFFFC2A96D3187489441D
:103D300096F95B95AB56EFD05D6C278CF602263674
:103D40004C81FDEF1D1C6397AB0DFEE77A66311FBA
:103D5000D6622640750296D7D1CAF2AA836144F989
:103D60002245FC82F891D882B3BA32719C0AF103E1
:103D700023BE818F3949365ED7B8E14A0D251C47ED
:103D80003ACC7E6DF37B24A8D631AC80DFB7E1A3BB
:103D9000F6FCFB7043A57C65F6C563DA73C5248C1D
:103DA00015D9D540C3CDFD2E04ED609557D73056BB
:103DB0005954BCC24DCCF13F58298468522DE86259
:103DC0007DC2E21A817A418D54BF73E2A5EB264190
:103DD00039F6C3C9D7F5A3753A47F6B5A29718BC0B
:103DE000A15E8E1FB755018CE5463F1170FDC75E81
:103DF00045CCD734D0E113E4B9EB5AD846688C1AD5
:103E000084C670B4DF5AA9290915FC67D828532441
:103E10001F6EEC292CA71D81C55C5F391A3452F046
:103E200008E5DF602D5EA45E0C61608668BA40CD57
:103E3000FE7903EE03253B0D179B81DFF1D300BF15
:103E4000ED0058EDE83B119F891E19A9D671CDC32D
:103E50009581A3A70F8A2F1F0F0676154DE26CB12F
:103E6000963D8F5AB2E7725D0A33542B400D4601DE
:103E7000C7E6762EF8AA10CDC9A7867216FC511790
:103E80000ADAE0A059E6319EA56153B5FDBFA22D27
:103E9000851A0DB31D662920DC74CEEE6E2E98D6E1
:103EA000A6FEDA5FED614FBDDC42DA10498C562781
:103EB000B2444C12B7A53C4ED734F88E8F815AC20B
:103EC000A98668497D53D370D280DE473518DD66F8
:103ED000DD1FD7906113D06C164FFB3B53198F1A1F
:103EE00055C65183C6B899659C340BE1C35A1AD4A0
:103EF000D868C2FDC91EA9CBAC07387695A3E4A645
:103F000026A08F75244913373F68B74A097018E215
:103F10002E8B22114F78223621BEA3ADF19814408A
:103F2000C3C15A26073D396C0707B7EEC9E1FA9EAF
:103F30004863765357483E0DD87193CA2CC1E74960
:103F40001302A3A7ADA4D1EA40657E75A07C2F81A2
:103F5000814217442D8034A7E1B859D71FACADD5A5
:103F6000F756B8B52A964664EDB74F047BD7537A17
:103F7000DE2F40B235DDAEF09CD5171A81EA5A2CFF
:103F80006C40E164FD98D483DB36C6EAB6D40322E4
:103F9000E13D0A4F2D7DC9A65E2BB56AADED3E22EF
:103FA000B7E14B2B915D11BCCF4FD6AC7E68D6AD3F
:103FB00054AD18D230CC59B951897A584B7E39C496
:103FC000AB91987A49E628B0910AB6C289159BAAA6
:103FD0006AE57A867CB2067EACF0481B7AD8A09956
:103FE00037B4F1B01D86CC99DF7103F353ADAC75D6
:103FF00028BED83C6651136B39A9B0961A43C3D179
:10400000512B25765D4B4F56FC83C4A708789DB293
:10401000BF670078A6CB8D9DC94C37587E37F49B7F
:10402000FA28C794E44A0D79681AF6C534AD72A926
:10403000A6FA61881A9AD0CCC40F378FF4E1538D59
:10404000747D3FF85AD6582FA537C995869AB6631E
:10405000C52B95015316310EDA3A2582FB3E2A0410
:10406000A09F8BA4C27CD5A3DF6A59942480839C33
:1040700041AD1B86552151F17D9D6CB020AD610194
:10408000831A42A9C8D2416160327E0D5A518F1DF8
:10409000ED49C8E3A5B044273B223F3D0B491A87B1
:1040A000C1AC0D4DD496E33CF038F0560B3266B5FA
:1040B000A70AFDD3E5DB43F8B3712E0F5E74D9F187
:1040C00089FCAF3295AB2AAB2B247E29D35A148BB3
:1040D000F656B5836D55A5E7ADA9CDD25E693AE533
:1040E0002B9AD2667C58A5B0976B44D05A13CD0456
:1040F00007797368020660B443B0DB49D5881A6457
:10410000080060FA754DDCC28C5ACC1BC60B6C9A49
:10411000B5065B546D77AB847B15E0F4B07F64DE4D
:10412000E42BCE54857E1D8F9EF7E4F36D24C546A7
:10413000FED1CC9ECAEBBCDC928D4EB267FF391823
:10414000F041E5AF33F6CCDE6A67D1C1EA68FE2FF5
:104150006318891B940793DADE938FD78394C1DAAF
:10416000295D374C661DBC01CA6B2FFD601B05BD68
:104170009DE82F3567F3A43DE904551AD31A8B94B3
:104180000B9BF355C36DAECAD6A8D9964C7CF88D5F
:104190008AA80DA0DA1C337070BCADA89864718237
:1041A00095AB50AC97B62A5AD995BB10AEC7D99EDD
:1041B000A1D952ECD47E75C0EB227DD644F4ACC6B6
:1041C000F294AA5D17B3B33976CC8C1F232989AA40
:1041D00066CD3BDAE67BBC3AFCCD2EB21E0658ED2E
:1041E00037BDAE5A65F803470913AB26BA926FE89C
:1041F000A4AE71A63B4B45FAD1D5BEEDB8396124CA
:10420000820D9E76A35F83CD05D72DB4D2625392E3
:10421000A126B08B26CDE713B1D637B45A659DEBF6
:104220006393E979B594F5AE096B87F76AC1358E6A
:1042300084AAC70078F3A499F66A0243ABD6F31AAE
:104240000E568E81A070ECBE198FFD2A99C45E9423
:104250001AD1D9D32C909A5F1ACE66BEB89524B2E3
:10426000B7B28CDD70922D60A880438B78792B7C5F
:10427000189030DE7BA689EAD9BE33F17992BCF37F
:1042800092D49165ED3D43427B56E1CFAA51BA1DD0
:10429000AFFA2AFA1D7EA2A94D37D4F5EE1915F80A
:1042A000BA339E75CE5EF5E146CD33602E1DA33741
:1042B000AFD015AD1EA986998F574AC6F08BEA0B71
:1042C000D59730E0A7DC80EA9B35B7E9D17CA8C35D
:1042D000EBA197C3A6B78CAA926CDC397BCF033EC7
:1042E000132E46E437565A73BFF69E51368C4C6DEA
:1042F0004F399BC7628AC1FD01A879BE83C1CB9D9E
:10430000B30B79F5AACFD77D039C3485C596A88FCA
:104310006ED5E586AFE6C28FE417F92C52E840E788
:104320004CA61FACFD384B44FC65C1838CEBA67ECC
:10433000823BEC3DDDD9F02D727C19D3542EE13C4B
:10434000BFDF584E75745FF5613CCFCC656F8EB59D
:10435000622BEB484FBA981B698F16EDEB8E66A067
:10436000E41B35BD9E8A4BA283943062A789BAC6EE
:10437000599A42BF54ADC8A83B2C0C2600F2BF622C
:10438000234A6BBE73F6973FBD78FEFCF8E5ABBEE3
:10439000FC6C0DC9363CAA76B370D5CBD9657FE1EC
:1043A0008BE8257BA3B8090D7A13953796471E79BC
:1043B00035F1B30C5ADF65E71FAE18CCB188453034
:1043C000110C83AA10DBCCE28D156CB3C49A67156F
:1043D000A5D2267E5296391D0BB600C2A4B36E7CC0
:1043E000E6076737C0C0E75EC2707C80D91CAC7D31
:1043F000FDD0183A78F970DDCB99BFE629BDE17B95
:1044000067F90AFB130276CC4CEA9C0D1D76A32EAD
:10441000D4A4277C2AD225AEAD577DF8A84DB1D3C0
:10442000185169C40301CB75E4B0B778CDE85A15CB
:104430002E0936D9AAF4C41722EA2D421788F4C0EF
:10444000611FC207181DB57054D3F10D866F6C55EE
:1044500001604ED0AB7D22C6CED9A1033A7D714317
:1044600055F1E06166D056C53F88712FF33A674732
:104470000EFB2CC644F9F11420D5568501DBCFC6BE
:10448000BE48E66188CCBC7376ECB01F79E24D582B
:10449000E5C97613E9C58B071EC3403F87595417FA
:1044A0002C8B5C809A7AAC2331B199C7577DA2CD11
:1044B000F5846EB076597A892DEC94F4315189FBEC
:1044C0003D60AD9DB313877DBAFD91C95BA83C8368
:1044D0003AB9DD74CCD334EAF108CA7CE1B09FEF7D
:1044E000EE3E20ABDBB2A485DF43FE90C0E21CC0F1
:1044F000A4669E9FC27840A9EFDF11E3D86EF52C29
:10450000441A7B132C14967C5F5DB1BD1BC07EEFFB
:10451000E5C5FE76AB325800B61BC26ABFBD7EFF52
:1045200061CB75974F36947480EB2EBFC1C42310B6
:1045300084BF6DA7C358F4001363B7613DBF4793B1
:10454000895B166AB604BC4E2A6D960DA69BBA63AB
:10455000294495B3A7C33CF775A7E0D81BFA0F42CF
:10456000A599A793C4D95080D96AE559501E814DA9
:10457000754BD585BC10679FE527A7A8D8D00DA699
:10458000535893072F9DCC4542E21F9013D01E3005
:1045900071B846A99CB0FBD04F81C8910826618CA8
:1045A0000ADDE64A4DC6CDC29801FADCFCD184038F
:1045B000DEE2F02A232D095600039E39F9DA65C0A0
:1045C000FD00AB40392E5F405330E01DE62F809751
:1045D00000EF8B7F645E442A16BB09FC25FB0700B5
:1045E000516FEA0977738D9188132CC7676467F759
:1045F000784C21799B3F942353EA250E9E1FC204D9
:10460000019EC2444ABC99600732DFD56FD24B0984
:10461000120280AD740EA44F39C7CE0602584BD497
:1046200026D71E3A43F679CED37C6ABD6403B3A67F
:104630002FA3B3E27D68223BC1446A1A9685D2A9B2
:104640002212ED396D908F38F05236853989F9E4B0
:104650006BD2653E1FB331A0484D48C9023ADC8E8B
:104660005212875DF2C91C061026E2EAF2E2627875
:10467000C080DA7D91126D8C8526551C501813CFA1
:1046800085A98619A734059EE074EA965B4CA1E0E3
:1046900049160B249C64F3DBD851B510BA6808C4E2
:1046A000EC8FAE1A16AC3E8B526F219C57FD68F30F
:1046B00060FF2DCCA83FA0E5C728BE911040693D02
:1046C000B5F878A368D51CF71D52220C0D65BA60A9
:1046D000055303F929CC470D7F77F926011E11F107
:1046E0005CD731BD11A0BFF3CD1596CCAC35C093CE
:1046F0005067BB62E84B290BB06D36824677FD17D9
:104700008F538FC75A4E3F98D86E7D5FEB643E8AB9
:10471000F9B68DCF310135DEA2DDF6DD434162828F
:10472000A48B7757767D3271D62DFD6ED7AB121ADA
:104730006B3B29777300C1B3392B4C09C59424A76F
:10474000760DB1A37EB3568DFB6C275D43C6325EFA
:10475000B49CC3967369B613819AE52412B82B8072
:104760005D9B79306BFC007C41C02AC91298D7450B
:1047700004338271DEAFD0C97BA6B1E8AB3E5D32B7
:1047800011B8E4F2902D6C47344438EBBB94E3E06D
:10479000A2DE6D7AB60615B69C9D8D0A52216E4733
:1047A000848C03172412E0161B596BCDC1AF02375E
:1047B00004A1737527452BF26AC064690177CC891F
:1047C000A34402893E4AA08D3E9392D46E14A5B8AC
:1047D0004D9C164BFB1605BD440154DD848F619E34
:1047E000D3843DCC05A0FB4252E7B25CDA48E9E550
:1047F0003169C8528E2E428014216AF3766D450DC0
:1048000038100206DFB19F557B201484298221F1E4
:1048100008139C20C302F4EB7619800618D7280EE3
:1048200053B2E4132C95689EF519004F0029598462
:104830001BCC687027C5BA0D351DB04B057C1145E2
:1048400072B209B3BD245B2C78BCDCDF317545A0A6
:1048500046282A39652747BF9C5F20AC3E18E0AF49
:104860002E3B1AF48F073FFFDA860EDEF3476F9177
:104870002D60C2B16885913045F41CD3A751220345
:104880000710E936451AC0AE5C303E905405ABC403
:104890005B78A80F8C975A3908634991D244D4A603
:1048A000E2BB30E5795598FE42E05D26EAA925C2D3
:1048B0001619AC462412F138012AC4F6EC8E0EDF2C
:1048C0008454B4CBBD64895D0718B3C8FCD403C558
:1048D0001BB16222811D6709740C6EC945AFD617E2
:1048E000A971F2FB29362C84B18FE5E79B7BFFC0D1
:1048F0009718B7E645B28ACD1FA815D382CC0FD939
:104900004FE4F4C790366CAB08EE3D4088C8D376D0
:104910004AE317920A88F480BA89FA58882A221042
:104920003AC7250CE4035732040106CA1CC536D425
:10493000F2413203240ED05C80137BA83B072E0784
:104940000A5C3A4CCFA5980A5808C02EC6CB08245A
:10495000A27A57D12A309836552AE980CA32F60809
:10496000F7AB626E0CFF0F24A38AC3849A530C6DBD
:104970004242028D0750A39BC9E6BA40C3ADD6C5DB
:104980003222E62455179C408C44C0DFA04A617057
:10499000008CECD100BA3A8B05E881170E3B4FD959
:1049A000DC9B21011A6F82BA180B6883B063F47E16
:1049B000C85DD4C0ECDE8E0528F263D0E6D3E50EE8
:1049C000D6E366E5BBD14254D281361B89D698E73F
:1049D00041F59DF37B2F8CED0C46B08646CE905D65
:1049E000288E89127882B4686B0C401D5CB3DBBDE5
:1049F0008B9F87BD8B9F4FF649C38655C3BD181942
:104A000022EA8D3BD558B59DEA27A09C008B372C18
:104A1000558AB1A1EF5F3C95AE70139CEA7A60F9BC
:104A2000E6860665D94199EE7B559B18923B721735
:104A3000325858632C43A19252CAD902C0DF4CA706
:104A4000F5ED9D4E9DEF829AABF37813F30046A8E7
:104A50003C910959F6A4F64744093F9F6C42718482
:104A600082D0A8F3012A0D1FC8C845EC6F9B71FFC7
:104A70001163EC285086FC867A99E04F891640A095
:104A8000C81AC94A45E4311C242BAD709E44A1DCF0
:104A9000B912B4815514939C101C27E90A420930BD
:104AA000D7DCF3A569AB6EFC31C0C56137598AC14B
:104AB00026F01602446FA1BE878F367761466C22BE
:104AC0000CFA40F09BDF26CE41EB641E3E04D65824
:104AD00065040ADE2D7C0A5A327671A7E844AF934A
:104AE0000F9F3F1A0B848C22014858A91211DB59E1
:104AF00062C3517803397920C7C56324C98B06DFA7
:104B0000615753A2453B0A817ED0044CA75DBB810F
:104B1000A62026D264B452940B7F670BB6F0EEFC4D
:104B2000DA74412034056591028BA19A943A86AEDD
:104B300006E20EC06FA3F93221C8816F7425A8CD9B
:104B4000008C5F7DB06B3A30D9A937CBA4EF6A9B5C
:104B5000065F7EAC9D1F01102B26993846422C9A89
:104B60007EE1D35E3F2AB99F037801941401E6B138
:104B70009CA0704AABE61606450A7F4B4E015400D6
:104B800095C602F05500F82A1182AD714E377AA60B
:104B90009D5D1A4846A0D2DE5697BF1FCEBC891D28
:104BA00012B99B237380955E6BBE46F0CB25DFD098
:104BB000BADF0AAF41A47F1F7A2E70FC09B09A2099
:104BC000B5B17A4A612A097CF700071DBC849CE7CD
:104BD00042B5B2A0AFA79285E7C8F8E254D2A1C40B
:104BE000344B4D697280F5A0EEBD135350A63F6261
:104BF000A86417A9701FED38C0785CDC07029A9E84
:104C0000B40339BC2CFDDA7DAC44E536F02810A69F
:104C10006CCE25324538010F0D73C1C5680B0C4CA5
:104C20006A90827D9BDAAEC31244A59A6742326DC8
:104C30008913A65E9CA8E17F89EB94041D0DA74112
:104C400007FFEA98A04AC99F73195F96EC4F4FCFB0
:104C5000B9340162657D49AD06975E84F755EC0174
:104C60008C00461F742890E57D1688C7960E29454E
:104C70004C0E439EA469459151BB9290E6A6A1EFCC
:104C8000870FCA3A15F308A548FA808204D42DBAD2
:104C90000B2AD73694A80706C5C79EB1E6F78DD173
:104CA00091D18B893140A83748FA95808A7AD9AE5C
:104CB0005733ADB6A9A0A4E49B5B5F08CE2EE351A9
:104CC00014878F0E1B963A3241519B3090D0686406
:104CD00011129DC8B5D7924921373416F0366D3F71
:104CE0008732EE3926BF289D5DF25AF84BF217AD98
:104CF00008A0BCC2A4CE7F89157CE187C9EF2D8BAB
:104D000008AE926700274C8F1669645EBA244F3B49
:104D10008C53B75E77984083558081557841095907
:104D200019CA0AA2A4965F7F2FC5FAE90C5466FC43
:104D3000E666FBD4E6084F1BDB940475269C8BCCFF
:104D400042956F2821E0FCA0B520AA438A56240F83
:104D5000A2D67908B20783509E04A4BD911A8FB4DD
:104D600013740D10CFF6FE324B5FB25189115150C2
:104D700079526DB1F36468CE275F5A04EA3369DD76
:104D800048CCED4D3FB9F5FAF347E2DB63953D982A
:104D9000B28173F4F3AF6C6F8848B1CB86A42DEE6B
:104DA0006FC513A1A141182F405FD2F9321CEDB29B
:104DB00020ED2621EE669A05FC9E7B3E6D3296051F
:104DC000A9E7B307FE5564D1BF0677AC1081214E29
:104DD0008DB9071626A6535856CEF63580624F1465
:104DE000D354070E4A62048C11FF53AA1E88734BDA
:104DF00077A934F9E35275D835CD8AA5462AF57DD1
:104E0000589DD0AC6C21929DF4B45852E5C1C43C7D
:104E10003449282DC6F5E9786439047D33975C1F41
:104E2000A4FEFB857B5E2DD007CD031316E3727CB9
:104E300008E3AFA8002231495BB6B231913B738CD5
:104E4000D1B8A03A8DB70BA374A08A07BEB4501195
:104E5000EFF1748A65EEE4467A9EE54E41954A2D5F
:104E60000211CFE8F088A788953C7486EC7D884CC9
:104E700007CAF770AF180C61D8A989EF8D48BC1923
:104E800072661D26098B4F56085CF593CA486EB3AF
:104E9000983E2552ADD1C530C2BFA4652699971260
:104EA0001B4D26B1784005974DD0431164EDA239D2
:104EB000CEC95AB21008A3C9EE06C4A36C06A6D088
:104EC000A6408FC2CBEE66B11CC682F2DB54FA4E0E
:104ED00070E04C04E739E621D178A1196D825D526A
:104EE000F1A4203018F768B30E87FD3B22026976E3
:104EF0000EDCDC7871EF25180EE3FCBE614087CE36
:104F00004821A3C2976B4347A12D1DFD22174B5D7E
:104F10007CCF82CBD06DF242498FAC5ADC4A5280B2
:104F20006C8575D9622E6ABDE6160E73969126C100
:104F30000B4AA4C9B3F4D97232CEA4B64114796332
:104F4000E7025655162191F2858ECA41BEBB372520
:104F5000DF38004B78F255C4FB46240881265229DD
:104F6000A3D8D3A0126AB66BEBC28C73B134424B98
:104F7000D7509B9EDDE03A203029DCAE6697E428CE
:104F8000D178CDC38DE52DA563684BC9074CCD3FC6
:104F90000E13FADD77EBF4400646E16887144D0501
:104FA000FA5D2A59958853123620FE7944605A03D7
:104FB0007DED5BDD26344DA74BA2376A3237DC1816
:104FC000919FCD66E4A003CA960F571CDE6D2AFAA6
:104FD0005190750F21D6449C2A0332355FDB55A6CC
:104FE000532DD6A86E693C02CC9B5FD160E3425B37
:104FF0007881B7F012611B043751713476EF83C6A4
:10500000A4231663310EC376034A6C372D05472956
:10501000C71499378ECEA525BE92494211204A3336
:1050200092DDE49338B47588A8896939F12BE1538E
:10503000320A8A62A742150D65063AE529132DC882
:10504000AC85843864D72225ECF54432C264DB1F7A
:10505000FFEDF088510822F16D498D7D60DAB0B026
:105060000A369D628412ACC1DC0747FC1AE8FFFCDB
:10507000EE88D906DB8C69EFC8FD960206B3199558
:10508000D7179AFBEEFCDA6068DD3C34809A59F25F
:10509000FF6D8395AE3EA04A4118264F8600CE8F05
:1050A000115052382239D0936598C5E564B436F56D
:1050B000BD950179F33049B5DF3FE10B8C061D0743
:1050C000189E489B87C8006B0C343FEDF7FFE2A7A2
:1050D0002FD5A1835E845685BE8EB846386A39FEC8
:1050E00071F88039C930D1C02825CFB1FB12B32265
:1050F0003E5DED587C1C51664241E26C4F650DEC03
:105100003F59649F44A550ED8541F2181A8DD4DEB5
:105110002AB60D0ABBB9057E065A9274E74241D8F9
:105120009D8B37176CEFDE8B538C61BEB879BFAFA8
:1051300004C94B584B3201096D008F69CC991B7B18
:10514000989E61EB8C8F31983BB68B5F36E97A384D
:105150003C1A0D06639E0134387179CAD9D84B13B5
:10516000F48E033C8FBD7489569B348CF0F6366BFD
:10517000464D1AC960184A904618004D7A8BEBF1DB
:105180005910E2BEEDCA0AEBDE2364772B8EF65689
:10519000060660D3326C44A579597E858AEABDC77C
:1051A0001525536B0C15E5FB9A0D746AF96683C1DE
:1051B0006AF2B96588DF1128B0E7930930B6DC825E
:1051C0004F03B153B1721960921C614ECA1693AC71
:1051D0003AD13C5A145C9CF201115A49CC2AF32171
:1051E0008167B7A3EEF780D5195549DC58AF632C1A
:1051F000D864AAC0D4255F45E68D828DB4CF24271C
:10520000426189860C25C05FB682E72DB8B9AD2C06
:10521000DD509CB9D14C7B418166BF38D0F262A78A
:105220006CFF08F45FB5EF0DA5BEB1BD86CD71CAA8
:105230003DE067BB150AB773F4A8225388D10E9FCF
:1052400067066C87E83F1429074F969E7663C60C65
:10525000ECDD5CF76FDEBEDDD7A6151A4E8C2F2570
:105260006FAD52857CBEDCC60EFF5EE6BABA6B53EC
:1052700058B50294A7B27E470BFC2FDCCFD03D205F
:10528000F7B780B9F442E43779466B1E8605EB56D2
:1052900060DAD8D261EF8D845ED2F0271C23625F82
:1052A000E2D02D415AD8F5A5AD0B994C5E14F5A965
:1052B000F8E0225CA89C11338C6877BAC411C554FD
:1052C000C90DA3AACBADB2AF54E972F70BAE6ADA3F
:1052D000C7F02A50E26554AF69D4078EDD25EB157F
:1052E0003EE89A8900DA81D7DA9D60685305EA3092
:1052F000EA2C507F574B8A054FBE76D90C08EA81BD
:1053000003407A737D6B37C398AF6FCB316D6266A4
:10531000CFA7A9E22DA4F7434B01B3C110A1D5A398
:105320006B9AEE00C1C5D2B4B7500E1FA9AF334C73
:10533000204F31284B427E90BBB46DF8E6EE60E121
:105340008178803A6D9CA6BB71445CF0AC32372BFF
:1053500003D09733D4CFE74665C41B6E42EAA99DBC
:105360003D51ADC3D0B7C0008A46807998B8837DDF
:105370000D3074500D5689C4E45E032AB090C057B6
:10538000C92D37E35E60E9A17802D0B912E5B919F9
:105390007D366F526489428F71CB0909C09175E6E1
:1053A000F3B453149AD312997B55EA892627C4A6DD
:1053B000DA7915062F09A316D764026E19DAB75ADF
:1053C000259A462A9BA794AD26B96D3CDF97E4A5A4
:1053D000B602A2566AC769448065B9DB37F3EA832F
:1053E000191DA5EC2C48D0B45954AE27A86D5C8883
:1053F00049625A31427882DB68BCB0147B253C6E2E
:10540000295A25CFDEA67B1F64AA59627A33E34C62
:1054100023F0089FAE00668D9155A6E4870B47C622
:1054200048DB35760A3A29B063975685ADA112E775
:1054300040F592E5C2779B98730C2E3769DC9B622E
:10544000945B6E2133C2516EA577867C673A4067C4
:10545000B29C48C4D82EBA7FDA2A9BDA5239380671
:10546000E5E04665CCAAA454B92E766D102AD1BACF
:10547000E2EB5582D71057FB1672E362FB9C4FB9E3
:10548000E07052D07449F8B931F01FD9D06DBBE249
:1054900095CBAFD6B3A53C5A7DF470C9B43C1C552E
:1054A000346547ED988752EEA53D9F922C5D1D45D2
:1054B000B9554EB30D351C94713AE6E3B05F451C07
:1054C000EE961C68720AF7CBB3C4884FF5129DD4D0
:1054D000C7515CA99E4BE38164DD6DC6F03347770D
:1054E000079B025000591C066EF2B2504AB054A9F4
:1054F000C3B82525A625252C61D5CFE6A9F29D2C7C
:1055000030431B87ED9E9EC00FA0661CC2DC258326
:105510007D23BD6EC77377C8DE86F12C4C2B76F5E4
:10552000279A3A659C0F947509002E258BE1DA9D28
:10553000720C3B58624A35CFFCF49B78AEACB0B4E9
:1055400095172C00A1B7AF50E6506555C25E2F6885
:105550002EC6A88EA30FB31DB95C6926DB5D69B4A6
:10556000DEE30A861478FABDDAC5489962BB1448AE
:105570004C9B63E85EE3D61094E4636F0BA8D909F3
:10558000A87EBBC5FDEF9C399DEF76B919C136EEFB
:105590008709FC72AE4258E40E1AD698F63960DAE2
:1055A0006A99381F9FDE8E760A6B6FC62957284A84
:1055B0004B2809689C6C3ACAE18BA70CF112A1F147
:1055C000D8A566612E43D2D245A5DD26DAD5497D20
:1055D00042C749D9674227FC4972844561405A1D38
:1055E000E6430B9286C5D9EDD6566854E59A1CA1C0
:1055F000290B0F6D3C7BE55C360BEA95EA72661968
:10560000E16D0D94E4E4FC787373777BF94ECF0F72
:10561000FA47A0BAAEDAE650AA83CA8928F26480B3
:1056200044FC23A32D9661A8295A98A12E6F6FBA26
:10563000DDED40DF192A2B80060C22A3E47E1CCE70
:10564000056E4D81AC064D4BE4CF6A47621125F0E3
:1056500036117218A894792A59C6E470326060F045
:105660002FEE28E8055EA2F710B487B0549AEB2518
:10567000AA3BAD50905A0D79A686CADA92DABF6677
:10568000450E5390AC8886D52C5AF99F24A6B4CEEB
:105690004A25079B229E36E477FBB7DBABEBB73797
:1056A0006A547715EA6683E69FCA1EA48335BC4414
:1056B000711A65940EE53E7732937C0284A5788F4B
:1056C000455DB5C4673156B89B571CA305BCC4E6FD
:1056D000E4D6A4213D913B192DF4E65ACA854B60CE
:1056E0000001D9CEE2539F83E274978B3072F2CAE5
:1056F00084AE27D808AA7903A82E05F52CF8632BC9
:10570000E798CC4D80521FD5E6635D4696CA0C8360
:1057100087B0C42E16494593F2D12ACE020F81914B
:1057200000F0D408AAC588DA761BE8E4BB0F52BCA7
:10573000CC70D01F0E06B959A72B05E39EF6FFEBE0
:1057400030862D5D488CCCBBB46DC4CFEF3E9F0C32
:105750000E46B8F319A240DA2C41BB33FC25465E55
:10576000E72CE7FB2607196276330A6BD8B8DB1201
:10577000709DE4AEEC27091329300E1AB89C6F47D0
:105780002418A86A86605C0F5B6EA2A4E5E3CF973D
:10579000EF3E6816958694B4AF768FA3880A120EF2
:1057A000BB0D453B41B6A27671D215ECD62BB4D2D7
:1057B000B11E1D2EDEAA3BE5C2CA220FCA23F55731
:1057C0002F13D483136D9A97FB0926CB2415E82554
:1057D0009C86ED6BFBE9F2EECBDDE57BA3F9EF2FC9
:1057E0003E994EABF6457EBC44D05814A8A086998D
:1057F000D6D0BACC0A0CED2958B902E1103D4AA521
:10580000B9ACD1B4AFF1E2DDC72F971F3F16352AEF
:105810008B57794B8C3D0AD0E049C548B9BFC5A824
:10582000BDBD2D0F1946CF6AD53FD79AF7B41E4D8F
:10583000568FFC2C93647FC7CBE6409931B56FFE41
:105840000916CD2D50DEC5CF64C99ECC29CD107F61
:10585000DEDE9DDF5D9A06ED1E763E972CF253B498
:10586000A7CAA77BC3DEC9BE7552980C3A40A8757B
:10587000FEEEDD93053ADCA61A448D35E71BA8F64B
:10588000F6E52534A26DB84C19EC0D2BE55DABEBBC
:10589000EE96E5C170E806494350CE97FF9FD9A523
:1058A00021E766259A3297147755F009EE709953DF
:1058B0001410036E77B94DDCB56677E76FBE289C90
:1058C00053A98E70104B021E010F97FBC7B7ADABEB
:1058D000C59A2D455D174EDC2758BAD797776511C5
:1058E0001501DA4BF34DC1D8D5876E1E096C8620A1
:1058F0006C210C6142AF3ED08496FC5C5D563CBF8F
:10590000BDA6E718F160BED14ACD84627EFA4CC5CF
:10591000CC1EBEA510E8A4F4CD05C92A13D3BCBB88
:105920008880709E600D5CDC5CBFBDFAE90BCCD159
:10593000E79B8FFFCEBCE8CF49F0E7D9C39FDD20BE
:1059400031849936F21241AE360CFD9D6160ADDFB7
:1059500013D6F9BE08BED8CF7C337E2F1D92639F2D
:10596000C72F1663E1622E097D2C236508EDE1C681
:1059700036B8070670CC9381DCE5F531A2AD1BFE8D
:10598000EDF6E63ADF523CB18D5C513B93436FFA42
:105990008EE3D81B3F30E515A043040A89903B46AF
:1059A000614BFB7850863CEC6CE267AE9649177908
:1059B000DCFAA9DC6842D763BB5FDC0B2816182E23
:1059C000A37626B4719CDD46571F552E379A10904A
:1059D000FCE4B712D2185A6411EDB6D33D0F14820D
:1059E000902CB858113C8E39ED1275C2C2F1DF61AE
:1059F0006012A5C62302E21E6D6225BF556185DBDC
:105A0000B008C5202B4C4CC620566E9255A8728FFC
:105A1000C4D74E6D61E551D1E0F6AE80FF65BDC0E3
:105A2000F5C4B7E906C6C79F022F35F86306430DD4
:105A3000385ABED6F9EFFFBAE814F4D8B212A9105A
:105A4000DD2A8A34D4A838D5B486B950AD4215D7EA
:105A500093742CCEF209F6596350B3B950E875200F
:105A6000EC58582EB611FB7073AB565B0B541EE905
:105A7000533A65406DA22263120F8FB56274C8302D
:105A8000681021B23534BBA94369A69EF0C94D8C7C
:105A9000E18C2E2B2D1A0D36EDCE91B97E3D749CE6
:105AA00093A75BC2D7AF11E2E84946C69233906B29
:105AB000D6CE637483C97C946543BDC7ADEE71BF18
:105AC0005999651300FB8FD2A5A21C8A55C6BAC886
:105AD0009DA5A1A4DD9624ED28EA4FECCEE853C2A3
:105AE000242B3FA0CD4A907952A61F6D5AF2C73F92
:105AF00010F5F5FE43124A672D192A0AEAB0FF8411
:105B000096F47A6471EDA84A8630A4E45554D70718
:105B100070DDD982620F0CF1901FFADA4640683CC2
:105B200019D4E15A791211A683197A30E21694B980
:105B30003BA5376D4122B2484ED56AF0A22A77269E
:105B4000C45BB9A9E0EF36C2A2006CED3EA3B9FE7A
:105B5000820BB7D2161D945CB98D3CF94B5670E39D
:105B600056B5A52BA2C2F9FD76E46DC37673026C1F
:105B70004DC68706E36D47C79FE4E67075F8BA8E99
:105B8000781DF60971DB2A4FB63968AB3C16764CA6
:105B900040F7A6CC05BCE8F5F0C5C8191E9F380330
:105BA0006738224E2069FBF5E8E8C8D1FF0DE8818F
:105BB000A26FF30BBA0FC4FBFAC4A17FE475419541
:105BC000AF950F92EE6B9A7CFD914FBECA4F737AE0
:105BD0007C3D0186E7654995F76C18F59B00D1C4BB
:105BE00084A2E16B03CCCB7C04834DE46EE7E40A32
:105BF0001D0D0EAFC30B795EA276CB5AB8D68BF4CF
:105C0000F2E8A9F49BE2902E8B33189B8EEEB4D170
:105C1000765AE74494539DB4A7B3473B66D49D831B
:105C2000539C7DB34DBC6825D1A3A8CEB48D4AD377
:105C3000F837EF879C9F426ED6437B9C82C0C5138A
:105C40009E18BE4183BB4DF1D573CACD5A7C2EF749
:105C500007A2AC171DC349BB411B67996F5369FD70
:105C600001E76BAB360E322BA78CFF8BEFF9979FBA
:105C7000B665B1629ACEA5657D569C1FB66FEDE5FF
:105C80001BA2D67DA9347FFB0DA0371C4AA6ED0AC6
:105C9000BAA1B0BE8AC6F5CD56A7E2912C8E306D62
:105CA0001BBDF4D1AE246DB9D9F6427688878BFD41
:105CB000E48763EEE75DDBD347EFEE3F810553EE0C
:105CC000B6957CC9A2427798F10C930587181B4EB4
:105CD000B96DAA2100825D5F66E5CE05F7D3F9B202
:105CE000BD4AAAEBC3631ADD2FE8AAFB4D39F2BA0D
:105CF000D2DDFACF4A3B00DBE3DE626CD855C79DAC
:105D0000617CA865A2BDCA4DD311247436A4BB7DA5
:105D10009BA579E28B0AF8FD42310CA6253143ABF5
:105D200041570556CB9769E73BF9FEF6F56A6BC418
:105D30001703637E51906065D6BED96BA96BBDCF4A
:105D400092F11734F12415989CBF20B7902BBDA376
:105D5000DB91746DF328951731C6C48B9DFA0186CB
:105D600078B25A2518638BF554391807E3EE658825
:105D7000B21C8CDF26F3D79D61E79F863BDF7870EE
:105D8000923F7802BD5FCF836ADA17328A41B5FF4E
:105D9000AC59C928BB10E10DE42FFB2D439BABCBC5
:105DA000AD925F68FFE3868A8185C884DC5278BC47
:105DB00065320EC0D4F9B737549929259DD634F3EE
:105DC000DB6B50EAF91720ABA7A9806CA05F1E78A7
:105DD000FA441DA0EB2555F0651E66B1626EE5BA6A
:105DE0007206C727807CF0AC6BDBFD1664F1BBCB81
:105DF000A5D5A21DC31AE4A63EC295095F8AD6A402
:105E0000BF91B438C4C081400705B044D228C7A0B0
:105E10006AD136EE57FD1B95CEB6B91B4AF6A9637B
:105E20005784DA88D7E2603D3A085CE5D5C8D310DC
:105E300015C71B67D329890BB8A925ABDEDC15BDB7
:105E4000154783030A0EF266147B14A8400B4C59C5
:105E500010DC62E0C329130B8F34048BBD3C799CAA
:105E60007A05E6B03FD60FCFF52B9D2A6B1AA61404
:105E7000A3B562B339B04A26318F40BE5149744848
:105E8000708FFD3D1C93C67CCA9E29D2ED456EF6EF
:105E90008CCA544DFE12F1747E9A23577AA48AA2BA
:105EA000210726858747AA0788DA27661DF8071481
:105EB0001A1ECF048630FEEF67851E3F1A9D9E0C8A
:105EC0009EFD9FBC0312819851135A7787E6616843
:105ED000626FF8CC782881213C8216F750117C66DD
:105EE000A9C57F4B141F9D176C81F5470E93A70A18
:105EF000DB82793C610ECFA2BEF7C4C36EF7F1C05E
:105F0000C39015143C65F7C376E1E78B05DA499633
:105F1000DA241965631F4F9B69ED37797FF563EFCD
:105F2000EA4A4792E18E97112307818CEB6F773C09
:105F3000A4778F411614A015C55E429B82A5B110AF
:105F4000BA9500509C63075610FC377C71727CD464
:105F5000A2C1F630884EB392FDB9B97A03F047F684
:105F6000F1299409DDA1117608FE1914C22377489E
:105F7000BD11B02A7344E9E29517D116D5A8A8B58A
:105F80001765E53A47B575DE901FF3EA4D5E6D2261
:105F9000D36791F51AD373F5E6297C89E5061ED4FB
:105FA00036F0537457383EBF750C0E6BAB404B1E2A
:105FB0009FA43BAAE3A8B68E6BD3D41E4E5311E820
:105FC00018DA205B8CDBEDCB5657EB716DADEFCA69
:105FD000D6FC6FADE4796D25B7C8F2262279A225EB
:105FE0005A0D33A4A56AA79E982A4EE938222F514C
:105FF000561217FDC957D777973F5D7E9491175575
:10600000CAD78C69F74ACA0A8F83512EA2D28AA1B5
:1060100026DD5E7E620442BE66E833FDFDFD296733
:106020003FAA9357773A22E804D4082F57C40AEDC1
:10603000ACD5E9EB50D480A99300DA7B5ECD62F059
:10604000E860CA23AE292DD8359DCB43A0A3D664E2
:10605000BE03AA7B61AE6B0C10BA79FBF6C9425F36
:1060600061AA016DCAF3BEBC6929D8519E98B9DDF9
:10607000A11DB7582C1E5B944FDA3D6E99850484A0
:106080003EDF5235DFFF48D8C6A9180E56E6E2FAC1
:10609000FB4D45F0E433117CD72384AC16E611BBED
:1060A000CBED3398E1A8B48296F2A7B40582F6DC72
:1060B000F2240F398A29765F8AA026F2D028F8F4D4
:1060C0009B8DF5D64CE317B5ADFEDE2FFBA7CDEDCE
:1060D00032E556816DBB4C3833A74DA440677480C0
:1060E000EEE46DC2BA2E541CC8DEB96D4347DFD250
:1060F000D081737470B84D3BE586347B9F6D5B79BE
:10610000F02DAD3C39720EB66FA4CE29B46AE7E12A
:10611000B78DE68B1727DB34F492CC676CEFEBE797
:10612000B9ED8016F8BCDDA618E65E906C2FB1AD17
:10613000EEB85575961BE6010BBD971B42229BA638
:1061400028E3B2952F37A555CC7D6AC321E036B33D
:1061500019A6DC2B7B9F85C94C2779E7DB5C211BCB
:10616000B4370E3E59CC03F674165B9F46343C7030
:1061700028A77956B6C325F6669E0367C86E656480
:10618000643217BE9F0336C2E9E8FB6C67D42B0765
:10619000EFB1913A580677E892E54B33808EDC4BAD
:1061A000582F647D57DCF703F4F37F7B24DF68AB63
:1061B000C83D188611BA9068071F1D31EB877472AD
:1061C00043DBFEBF0B6732085E1523681F9F8517F0
:1061D000E04909DA25C526314E17F463B9FFC73FF8
:1061E000FC95E97FF4A8742C226A3B0C6F90FAD4DA
:1061F000BFE7711FDADBD7F67EF986F3F724D7966F
:106200005B0DC68169EACD6304C8CADA7A44FEBF71
:1062100030F36E338887C454E4D9533A50A78803C7
:106220006269B8E324C373D7CDB77EC1ED3E02AA3D
:10623000FF7EA8C3C1E48AD616D46F35A0FE0453EE
:10624000513A0245DA22C8F2B81EF7E539637B837A
:10625000FE70DFFE689302732A6961995B5248E61B
:10626000660CBA5B7B20EEB32F951DD6D71AA81CFF
:10627000993494B10945B416315B75C0D5F7CD2773
:106280005A84B1E8B9A165F0D0A1C3DE63C26E291A
:106290003ACA3EB788424B541C19EA10146DAE92AC
:1062A0008DD47E4E0E6E4726E3BF5C9172CFA7DD84
:1062B00014766BBAD2BB0E55C3D23A6746C819EEF4
:1062C00039446E51E4DC686F333613EBB2844F050A
:1062D0002CA716646C6EFAD1CA88A95B5B1FCFD657
:1062E0003903A60D4860B1A0FD326993ACF3228C4E
:1062F000ADD417DC6F309C84B60738D0F0275DA48E
:1063000061CB4ED2C16E5D9519A60E24D2E864779A
:10631000D0113A8C067F9684196AE35DA0A40474B8
:10632000F314B9B63A36A9C88B8F817FF044A1CC5B
:10633000E25CD2741E87D94CB1B2E9D49B7836E7BF
:106340005AC4220A1364E54B9B7755BCB3ABD126E4
:10635000658F62ACB3B9785486BB71748D25CE6CF1
:10636000F3ACEE7EF59E79AD7FBFEA8F4377496B44
:106370001B163950DBD9FF05DB32D3A4C4D700008C
:106380001F8B08001FCD486A02FFED5DFD72DBC860
:1063900091FFFFAAEE1DC6DCF312BC252802FC14F7
:1063A0002DF1E2C8F2ED56ED876B65672F95DA4A5D
:1063B0002060482202011E004A56367EA73C439EBA
:1063C000ECBA670010C0CC00200D9FF4479458220F
:1063D00081999E999EEE5F7F4C037BF1E2CD4F57F2
:1063E000EFFFF8EE9A6CE2ADB7FCF77FBBC0BFC41D
:1063F000B3FCF56587FA1DB882D7A8E5C027023F30
:10640000175B1A5BC4DE586144E3CBCE87F76FF5A8
:1064100079879C15EEFAD6965E76EE5DFAB00BC2E1
:10642000B843ECC08FA90FAD1F5C27DE5C3AF4DEE9
:10643000B5A9CEBEF45DDF8D5DCBD323DBF2E8A53D
:106440003118765252B11B7B7479FDE3F5CFFFFD15
:10645000DD0D79F7E603D1C915500A03EFE28CDFB1
:106460001407B5032F0881D8866E696E60C70AEFDE
:1064700072B38CE2C7AC37FE2CC22088C96F870B81
:10648000F8A3EBB7EBE1827C35BC1A5E1BE357E265
:106490004D036E1AA63136AE849BF1C7186E5EBFEF
:1064A000BE7EF356ECB9DDC7D45990707D6B69E6BA
:1064B00068DC27E66806BFC6F06930EDC99B9B8A99
:1064C000F6A3B9D8611D0440FE2BD3BC9A4CAE850F
:1064D000BB0F56E8C3DDB793F3EBE1EFC55559D8D1
:1064E000F5FAED187E849B966D0337D59DF97D13E3
:1064F0001B9CCF46C6546810BAFE3A5DC878D227B6
:10650000C6640EBF0C5C87B88C686339C1C3820C4B
:106510008931DD7D24E339FC625D877DC2FF3F98D0
:10652000A87A99D80D3B9863B1D748D22D5CB05169
:10653000C4EB40C930253776C8286997C8F2A3054F
:10654000891EA3986EF5BDDB27BAB5DB7954E757F2
:10655000FAA47343D701251FBEEBF4C9CFC16D1058
:10656000077DF22DF5EE69ECDA569FBC0E411DFA5F
:1065700004A9E8110DDD952810811F2CC8DE651FC8
:10658000A29D65D33EB979FB037CD17FA6EBBD67A5
:10659000857DF203F53DA00B172D1BFE82DE4481A5
:1065A00067457D92F5C991FD844A9E7EF9CFB21E62
:1065B000DC061FF5C8FD1BDBBADB207468A8C32509
:1065C0005577848FFEE1EB6DE03C96096EA8BBDE4B
:1065D000801819C3E1CBD2E2B656B876413C872A7F
:1065E000F2327A2BD0727D656D5DEF7141EEAD5068
:1065F000E37B50DE64060D690350D0F2FD5BCBBE39
:106600005B87C1DE77D246A0FFE546C13D0D575EF0
:10661000F0A07F5C908DEB38D457CD7470BB2E4FBB
:106620007417B88047A14EEF414D4046FCC0A7AF5C
:10663000CA4D22C0C30058B0723F52A774D7F501AB
:10664000748BDCC19FBFE9AEEF5098916EAAD7540E
:10665000BC813FA1E520F2AEF12F4C483B1F0E411B
:106660005926ECB7158372BE24FAFC655FAAAFA663
:10667000D9EB93380436EFAC103A43B797BD7EFDA3
:106680001833467D3C49C6381FBEC471B231CE9125
:106690003C0C649A3086312E8D319E371A83AF6060
:1066A0009CAE6382631843C54286D3660BF15C9F40
:1066B0005AE16110633E74E8BA9F9394C367A3C71D
:1066C000A8282503F0A02C1A8E1BED3C0BE4771DA7
:1066D000BAE55DC74B3A40073488A90E62BCDF2299
:1066E000C298235CA0B10ACB3AE4FA7A4EC5EE37E1
:1066F000CA7944AE436FAD5014D354062380A4BB73
:10670000C712FD38D88922A81A90D1B31C87A18757
:10671000042EF34AA76231DFB6098A45F66B30448E
:10672000E190DF31263D41B7396E85C924816F0084
:1067300087AEA3203093418313063B7DE57AA0C04A
:106740008083DE3ED4D02E945B66FBB8F26879ADD0
:10675000784977DC90DA9CBB7C27CB9B6DED0446B7
:1067600095700584D551CA8F645CCB73D7BEEE8219
:106770000481D4A085A6A17450D1CC653B87A61412
:10678000FF95DA1427E605EBA03C2FE6E42D40192F
:1067900005DAA9C4486EA5BB0572B08FA4133B0AE5
:1067A000D76C37B43D8A50300228181D90A0B4EF42
:1067B000E01794A060D20C0A46939C9C16E1E5BCBD
:1067C00027C7B6B94C463FE67C9EA2F35246DF9EF1
:1067D000D26C841450C2BDA70ABB25B15A99684631
:1067E0001BF0CFEE2A8C2FDBE1C5E296AE829096AD
:1067F000773AF1B517A4D3514ECEBA05B503775603
:106800006ED6F4B1E00FE4E1010670ED03D75761F5
:10681000B005FBC1389FDFB4216E9B62870119C8A8
:1068200014EFE63BCC262FCBECB47C776B2510B86D
:10683000737D328F924D87A9AE306211D80B1E95B1
:106840001B83FA0DA62AE6FDEE8E3EAE42085222CA
:106850004EF3B732AA96AFB0AB384FE0F6163636E5
:106860008801FEB5D114975C9EF0A76AB0D8185283
:106870009F09BC3A0AEA3511D44BE68631C9A731E3
:10688000FA2FE83F325818889A897C3A981FE078A6
:106890000D8E0DA2FD6DD5E40C6184821FC782A30D
:1068A0009E74FA3A33545580E55BF7C7E06873FC91
:1068B0001ED70C6A09BB4F3FC6BA43ED204CC44EED
:1068C000E21AD6AFFB60688722564B8095930A0583
:1068D00034C9F37F241061329928F4413F41B94C07
:1068E000082FD82493CF99F0B2EF2A4379EB05F61D
:1068F0005D35B7161B842F212EC96183DC8E4F8F27
:106900000D0172EAC63EA2C3F53F5AC9CC4B2638E8
:10691000B06CC4DCAA191E63344C85D130CCDED1F6
:10692000414DC1A8E0FF0CA54DE138AC5C29A8534E
:106930004BCE6216AF4C864A0936D1FE0D2BFD4573
:10694000B60A031863604E0423FB99C2EF83203B11
:106950000EB6F58EDFF4CB387EA7396052EE0F7697
:10696000D69AEA2CFB55859A638171ECEE4382CB73
:10697000D3E1B0D94076B8DF56C2B379243C17C70B
:106980004A7C86F20018C1248EA37A9E5B4B34A207
:1069900099F84824676B7D4C891AE670A8B679C4CB
:1069A000DAC7817ACA56E888191219ACF65A0B75FB
:1069B00026CA50C754443AF5A23EAF428A2489C23F
:1069C0005369BDE35CC94A5754E4E597732787557B
:1069D000D0214D19C02E24A90F88135409034392C6
:1069E0002F507A83B35747658024A236707D9F5617
:1069F000A0AEC2DFCF34816F257C556BE1DDCED5F3
:106A0000C3E0A18594444877D48A35542040CCB85B
:106A10008F9A0C7AA7317DEB63AE42905755E89977
:106A2000F87019725745C4B000059FF2B990F9B0DB
:106A30008E8467DD524F14C43AB74B8D879231EE86
:106A40002D6F5F05DDA69215CC944EE5C05ECC7E21
:106A5000628EB757E7BA8F2A66BA0B29A8902E31F3
:106A6000F76D9839117B9967FD10E25DFCFD19A265
:106A7000909BB97437AB5DDB636C576EA4887A105A
:106A800013288DD15CE18C1FEFBF360477A3779A72
:106A9000DF5FE74C56332F67B58DB9B8C7C13E46A7
:106AA000AB578379025717ABC0DE470A8B9B4C5814
:106AB00006D3E37A4F18B32B092B609FD43B7D1B81
:106AC0000B8E86B503A00323605369A876F23EB50A
:106AD0001FD214A5707C6A4868EFC308C7490CD858
:106AE000C901633E268410B1103FE2F76C93F0BBFE
:106AF000CAC5767D9665381D824414DD47088E5CD4
:106B0000E2AA2514A4411E8FCA82C73F6ABA21C6D1
:106B10000AF5DB7C5E298D0B79B8299FC0B0929471
:106B2000BE0B5DC0D7C7E3154C3C453D35DC1DA908
:106B3000C2DD628E549CFB3AA4D46F30733C333771
:106B4000CE677D723EFEBC89170999995F5EBC6E67
:106B5000D44C3BA44E13768F8019D339FFF759DC00
:106B60002E10320FC985C27508082AE2B48D1E5B4B
:106B7000B762C899C2BD78907B589067ED22C085F6
:106B80008882BF6CC572A43CB825C3FA39C41B699E
:106B9000F68CA93EB082AEE263D362D5F946463D9B
:106BA000A75B7BC0FED0B6225AE7614D4E485D1E02
:106BB00099B098F7AAC2FCC9B0093B1DA5E3D284DD
:106BC0005F23954569BA04C15003B462258497EEEA
:106BD000E816A24C8F36584898E0B2B8A27AC03571
:106BE0001B083F7EF2F75BA94B29CFAC087BCE2B6D
:106BF000647AA7B9F04DE38CC384B7340E5DBB4112
:106C0000BD44DD70E22ED71C05940E9A1FDCD8DE41
:106C10001C1DC4960D7E39559C3F601C2B0F18CD52
:106C200071FDCC5C7FB7171CF82C8C1FCAC7549D14
:106C300081AB952E0235A80AE615098D6AE7AB49A6
:106C4000BAE38828A1DE6B357B150EDE40C8F497C9
:106C50003CCCF3F3F3AAFD601C522585EA39A5CCA0
:106C60001A654752734150B2A04522E4ABB87C8408
:106C7000C497C4B1ED84A06EFE59CC9B140C6D81F9
:106C8000754C8417F686DA77D4F946216AE2F44A1D
:106C9000870093DEAB2F1469498B6FE6BDA396A3E3
:106CA000920BC5B9CDB0DAF5564172E9CC1BD308C9
:106CB000BA1420D4EE4F3ED93C1DAAEB2AB0B0D175
:106CC000A82F8050B56821C204A7D518C2BFB9AC9F
:106CD0009CF2988480D938E2170E117322961C1DFD
:106CE00016E2C08252283767B1005B61D34DE0499C
:106CF000E45E74BCCC463B7E6AF641E2AE9F9C7E6D
:106D0000B03DF4ED254988FC5EE632D26D1D0814D5
:106D100078766B09AE6A22DFE6546D79A775922DFD
:106D2000426E834443EA6BCD045FABFA08AC509AE1
:106D3000608EE58E7EE2744A73074922925B856914
:106D4000F383F1E8333DDC54009A9E8317023BA3A2
:106D500042D22D56C9105566FFFF9F12BDEA890D1C
:106D600058B9B2B06C240563549C635A51AC762078
:106D700064E5B52CC32E131CB6E11301E565664727
:106D8000D3277872A41B12E3530AACE6AAF8F0AB3F
:106D9000D56A755A9A4E7588A73CA11ABE3ABA446C
:106DA000392FE6091D745C0AF51E821F931DF983B5
:106DB000B11C1E174E4A8FE0E75535196CEB07D111
:106DC0001E2C7B14D5AA4B3179339F34748B8BDD09
:106DD0002675B3A161181CABBA8DE752EC563B1770
:106DE000D75F05C77A86CDE752EC573B9968238277
:106DF0004F269E46738DABC8736E2CB18821C3B7E6
:106E0000E79DBEAFAF9F1D4DBF7C4E7FAE8ED87E3F
:106E1000B7A58E6B112DE7F1CED1E3ED95192EAB11
:106E20007AAF384A16EBDA0BC356D5AFD7037D3E9F
:106E30006C66E51EE89049DA642E8EC87E75D8A18E
:106E4000E3C3063D5573F11CC48C0815B38905D006
:106E50009CCB26D714EB957C1B043B317DAE5ED7D3
:106E6000B09EB04CD164891C494501DB3474E02BE1
:106E7000FD0A7148591950D1D68AF65CA4924B2E5E
:106E80002FFC78A3DB1BD773B469B9FA3B9F352D70
:106E9000B4AB5CB404613E35D7A6E930D5A64673E1
:106EA0009E359CF3EC94399728ABCB041A97CB0A08
:106EB000EE24AF448FAD30AE6419FEB938CB3FC776
:106EC0007911D9A1BB8B734F757A342620E128063E
:106ED000571BCB5FD3885C129F3E901B1A6B796166
:106EE000CE35FC1E63BFFAD6CC74BD77B7E09642B0
:106EF000A3BDE795EE7B70FB06EBB55322AFC3D085
:106F00007AD4E6BD0178319EB6B2BC880A3360DC23
:106F1000FCDE05AFF592FCE9D7577976AFF63EE394
:106F200022416BF91E07D7B61116BE3FEE684F52CD
:106F30003A0534A807641C085FB7A04883358DAFB5
:106F40003D8A1F7FFFF89DA375D902BA658D7657DC
:106F5000447B41BD1E0969BC0F7D31E54B6C0F5769
:106F6000D44D7CABAEA43F4E895C5E4223E6F27406
:106F70007B691FFEB5D48302234ADDD03B39F4621E
:106F8000DF844E10135951F4A3B5A5D886BBFA5D22
:106F9000F20D7612DB625C7795541A5E12E05B3973
:106FA0001C0BC0C243BB60B5820DF805D54E312025
:106FB0006ECE008045EBE23E48D977900C5C02042F
:106FC0006EF839D8C7F91B42D89113269841DA4395
:106FD000EB91CB6571EC906E21044C87EF931178A7
:106FE000D34ABF27139AFDCE01514479DC479A203A
:106FF0002E2B1ADB1BAD7B66ED5C50286CD3ED8924
:107000004A3A8837D4D7429C5138F86B14F85A4F13
:10701000D90A46B3B0A1041418C8C06D4025CBF7F7
:1070200061F7076067AE2D9880666FFAC4ED55F47E
:1070300063329829D69FDC5F815D2F5ED89B01CE9D
:107040005A663FB301155AF097FBC08BB1CCF53FA0
:107050007E7341788C4F7FE9F132B2F72031401CCA
:1070600048272DC0577D8B7E8466F64E19073C2D30
:10707000CCCC548C93B4C8C6199F34CE7E1783EC05
:10708000540CC31B9C427A173C804BA9A6CCEE370C
:107090009B3E4399223083E710698CB44CAA1A4D69
:1070A000300ED66BAFB0F62479CCE7572723F949D9
:1070B000E58D400B33E3F9C4DCC4780DE025019184
:1070C0004F6A0EFFFE77D2E9A878F649754389EE3C
:1070D000CC9FF72D8FF9D534049D0E69B7B8654C58
:1070E00009D376EF0FCDB22D348E1E1507D3F7BE20
:1070F0001BCB86CACDE40334C11577FFF98FABEE05
:10710000B18324CFD5A740250EC41B70B09310FFC8
:1071100024432DDB4208B4D943F29487EAF5A8CA88
:1071200005EE8AE398660BB85A9270341B763D558B
:10713000EF207B8E9A6841421B52C6B7103C267DD9
:1071400034D16BA0E8CE61D6E70D5D597BAFE8F393
:10715000A4E67FE524FECC5B880EDE00BB3510186C
:107160002B844D923D28C91ED6E7ED3FFCFCFD0D5A
:1071700018437BF3CE0AAD6DC48897E3CD90683891
:10718000C69FEEFAE4FE5712AC6034A9938AAA7A3D
:1071900037603E62F48B1B83ED4A8C49B7D753D9D5
:1071A0000E24ECC25CBEB9031BCAE28C43AF3EE9BD
:1071B0007655C28E6335809C1CDC54A004F203C358
:1071C00060D8430D16D90D7CE9B89F0E5E517199B8
:1071D0004C368E5C24EF53B74425F0F59A2F47BB0D
:1071E000674A0D3A190737319E6968F03174B75A0A
:1071F0004FBACA9AE822EF96D8FCB52FB00CC9CA8C
:10720000B734DEE00B4FBAEF7EBA79DF958821BE46
:10721000BD8686105BFC46BA891FA8BF0777B30BF3
:107220007D50295C9B3D74770621D7C3838E71AF57
:10723000BE0F3DEADB81439D2EF9A490EC0567C0AB
:1072400061B1A505553B51BFA937E30544E6773D3C
:1072500008EB30FBDD552124F7F26D8E1469C42054
:107260006B9829168A86F10AFE5C5C9239FCFDE671
:107270009B5E95ABC5077068E4866C80E3D4A0C6BE
:10728000D4A6645F80C79FF7E9884E8C5F7BE9B224
:1072900006BB7DB40121541946350F5302B08DEB66
:1072A0007843966458B9D64358D54D003D4ABC66DC
:1072B000142C0C2C127A7F0D5C5F437502E73B891E
:1072C000545493E35ADC6CD01BEB1E989144552B1D
:1072D00088271F718C34CA3A72FD25C3C3A2104D92
:1072E0004543A6F9D53D8AD1C47126F6CF4CF4CBDF
:1072F0002B272BCBF540D5FA59CCF8AA3C4AD1091B
:10730000921B38089D5E4370CD3C3D31CA39520B0B
:107310008E93760CDC140E66D14D709B3EB99DADFC
:107320008A6D06DB1EE82C0FF55D7F57A59F99FF40
:1073300009139605FCD05D11F1C39DCC5915804809
:10734000E58AB8628E1B2759E30CA80C0B9F3D9B66
:10735000BCCC88FDCB4A545B09D9263914F480AAE9
:107360006135A79DAC1F1741AE9F7590D42E385C38
:10737000E1C09F870E0FAEEF040F2898D7E8DC62BC
:10738000168542C4008E5160214D4D9671A85C0552
:10739000C0CC771837816268F986623686F9643026
:1073A000CCBB2CB35720F6A927CFF195BB54256C45
:1073B00040E657EE5AE7B9C32F9DB829642879E310
:1073C000AFBFE6515732811EF9AFC277B250FB25ED
:1073D0001C16A2EA3C659262E64F6654BAB02F22B0
:1073E00065E2F2B0731E8F17BF7DFFC3F732482BE3
:1073F0004E2DD8C53F063ECD4FCF0E29EC773243F8
:10740000AD0B2D5C8513CF8F3119013584961B167A
:107410003395DD1BFE5C19E741B762511C2BAF5859
:10742000623FA1A5B4F7D91E6699B75D4DCE2DE395
:10743000C6E99C481699712201C3DDC075EABA14E9
:1074400079B21BE07B1E31D0D0BA5C47987BC6284E
:10745000F1244D053909AB8ECAB9D463D7A786612B
:10746000389FBAA6B0E79FA513A92E208FF02FE76B
:10747000B942333ECB34775D04D0C31015A6992DA5
:107480005AE760F52FFB2C89E28288FA28DE39ED75
:1074900004C3C55533AF2CEC8844C97289057F8D70
:1074A000AC01079553E6C10CE6DAD98080DEFC1307
:1074B000D32A04EFDC57C0EEA28EFDB8DFDE82E5F2
:1074C000CCC91453B8DA48A85D9F0017F428F30913
:1074D0003E354DD9DDF0E36F51FB328DFBDF3D0DC5
:1074E0001F39FA06E02AA407E6DD5EEE2886D342BD
:1074F000E4A345DC3B9C4EA607921767C90B74E1D9
:10750000234A5B7A62E9B8F78411BCECDCAE3BCB72
:107510008B33B820B907D2DDC91D6B5EE02B6792B3
:107520005BC9C4F2B705CAF89AA5728372237CB10D
:10753000577102E5964BF9DE5E6C8CF415BDB04ACE
:1075400043D52A3754B4BFED2C7FB07C0BD316EF54
:10755000DE7C500E2AB92EBD96A30D9C91AED4228E
:107560009B90AEF0EDC02C4218E04B4A3B197BD902
:10757000C3949D65F66E61AB8A0468430CDA18719A
:107580001ACB9BE46B4DAF0DF576498F6FE1634DE0
:107590006B7C18F5CF5BCBDF5BC954971FE00AF912
:1075A000815DA9E98BD52CFCDD65450AEFC2600D34
:1075B00088BE85C92A0995D97B71060C5DE63529F7
:1075C000CFECE4598B2AD9E3EF92510A1F3BBEBF9F
:1075D000ECA44507ACD2345F0C909480603129ABA9
:1075E00025EDA8C4EB761FC72C5466A362154A8705
:1075F00004BE0D36E10E275150FACEF2EBAFCE6746
:10760000B3E9AB8B33DEAD4266976A5F22BFCCC372
:107610003B79322922EF2C08F755B2AD24C2DEB7F0
:1076200003EA11F82E200FC117A46D99AA1076BE97
:1076300046D253D32AC2A728947A0BB1BEA60E3DD8
:10764000921788741A683F7BA709B4EF34E40A7371
:10765000D7AB1A0B4886116B67F95D72B24572475A
:107660005B75BB5126C58C1CA062B4B37CE23A3872
:1076700019F158ADB3D475807A68926B989D847572
:10768000AA47CBEC35578443C91D2B5AE2B58185F7
:107690008745F315E8E6EE6367F9CF7F5CA5A3D7CE
:1076A000C9DA0922F354BB77C3CEF00877194EDB51
:1076B00036094FB150B2C3F6A77088C877B07DE6DF
:1076C000C9754B50FBAC864AA93EFC88183CDAAC25
:1076D0003577FD3B4BEE0BF1E4F11573AE171767F1
:1076E000ACB98A56F2AA12644289168811FB5483F7
:1076F000B158A7034E05FB9299507C3825F732818B
:107700001CF816A29D64C275C05B33528E7A395341
:10771000D2210C852F3B3FD3155CDE20D6CFA7A30B
:107720004915D637DB2694FC26F8C6253E15BEB48F
:107730000871F8AA5263581D280F80A04F10C51D6C
:10774000C21F80B8ECE4139BB870F09EB66E9CF03C
:10775000353BCCC5CC56AF56CF781560BAA0A42A1D
:10776000B0AE17EF99FB0F40D4370E1BB64C482F25
:10777000AFBEBD38833FC7756299C913FADDB00744
:107780007E4FE8F8075E0944B43FF44EE87DC5EB50
:107790007B88F6FA94DE1F58D90ED1A2533ABF6304
:1077A0009E83F6CB317DA169935D448ACD24E3228B
:1077B000CE053E6D8B9093136A7FBFED2C0D98988C
:1077C000731C89E5057FC41391911F98189D04824D
:1077D0003003D549FEFB22EC96D129D82BFEA860B8
:1077E000A7F970857A67FEC0E265E71A9D0B360A35
:1077F000EA392399D04FAB410C507129381E3F72A2
:10780000CAAFF4C9B20C3859C63D87B0B9D3271CEA
:10781000FE6B94C3A8CE755688CAD13BE225A70F4C
:107820003C6E648ADBC9EF537214976D143B8CBBBA
:107830000D3EA69B9578CBC6090C62D9C762049110
:107840001EE1B16D60AE5E3A33F66C32B3A0DC116E
:10785000E316F8F815673E377B6D037755D212456E
:1078600083BB296D904CAB115B2499141EB64891D3
:10787000D71B1E4BB0216EB50232661B20632A4116
:10788000C67C1A90319F1664CCE70A32660DC89800
:10789000ED828CF9242063B60F3266EB2063B60DBF
:1078A00032E6330699511B20335282CCE869406698
:1078B000F4B420337AAE2033AA019951BB20337A35
:1078C000129019B50F32A3D64166D436C88C9E31BA
:1078D000C88CDB0099B11264C64F0332E3A7059947
:1078E000F1730599710DC88CDB0599F19380CCB8C3
:1078F0007D9019B70E32E3B64166FC8C4166D20624
:10790000C84C942033791A90993C2DC84C9E2BC8B2
:107910004C6A4066D22EC84C9E046426ED83CCA4EB
:10792000759099B40D3293670C32D3364066AA0431
:1079300099E9D380CCF4694166FA5C41665A033216
:10794000D3764166FA2420336D1F64A6AD83CCB490
:107950006D90993E639099B501323325C8CC9E064F
:1079600064664F0B32B3E70A32B31A9099B50B3203
:10797000B327019959FB20336B1D64666D83CCECF2
:107980001983CCBC0D90992B4166FE3420337F5A6D
:1079900090993F579099D780CCBC5D90993F09C88A
:1079A000CCDB079979EB20336F1B64E65F0664A09C
:1079B00059838A1A6885455ED2F2B642BBFCE3065B
:1079C0008777EF0A856CAC2EB551C95841C979D576
:1079D0009A502EC8FEFB3D69156352CC76845E1624
:1079E0009E2A60EF08EE2C9B148B8AF36B5CCE987A
:1079F0003C621E877B8AD58C9E477EF28F9971935D
:107A00005143EA8823F237C62543AE560DC7AC2F43
:107A10006BC5D2C316EBC865DF85C75A38EE59D19E
:107A20004120926F56E85ABAE7DEA3C0059E1BD3E9
:107A3000E49215075BD7866621ABC74EE8010FB805
:107A400002B0076CE2ADB7FC3F41A80F7BCD8A00C6
:107A5000000000001F8B08001FCD486A02FFBD59BF
:107A60006D73DBB811FEDE99FE0794376EA40E49E4
:107A700091D48B6559D65C9A388D679AAB274EA600
:107A8000ED270F484224C624C182906CDDCDFDF75E
:107A90002EF80690A21CE57AD371429378592C7681
:107AA0009F677701AFFFF4FE1FEFBEFCFBFE16C51C
:107AB000224D367FFCC35AFE4609CEA21B836406C4
:107AC000B4C83682437843689D12815110635E10BA
:107AD00071637CFDF2C15A1A68A2F565382537C674
:107AE0009E92E79C7161A08065826430F69986223F
:107AF000BE09C99E06C42A3F4C9A514171621501C4
:107B00004EC88D6B3B462548509190CDED4FB79FA9
:107B1000FF76F780EEDF7F4516BAE72CE2384D6935
:107B200016A14F38DBE1643DA9C6F5D70E58C2381F
:107B3000C88C494AB4F543CC9F5A550B71A86722AB
:107B4000B4E28C09F44BF5819065F991B3423F386A
:107B5000EF9C5B7776AD37BBD0EC7AEECC7DA7356A
:107B60008B1701CDB76F6FDF7FD047A73B41C215A1
:107B7000E2918F47DE7466226F7A098F19BCD98B28
:107B8000B136100701E807223ECCAF6E9DBF1EF54F
:107B900078B2EBEA72EA2EB42E0E666884CFE6263F
:107BA00072E74B78B8207BAACB2E621CB2E7157225
:107BB00090BBC85FD06C098F729263A2EA9F3DD7D9
:107BC000C7F35539506F81E55DAFD354E0AC58A190
:107BD000E25008925A3B6A220BE77942ACAAC544AC
:107BE000C6038918415FEF0C137D663E13CC441F1A
:107BF00049B2278206D8446F39B8DC44528A5510FE
:107C00004EB7B5E85F25D2E4CB5F942F7CF66215C2
:107C1000F4E772B33EE321E11634F52748C49AD560
:107C2000ABCFC2839A1E131AC5605AD7712EDA0DD4
:107C3000A4984734039BF4C574E76E0137D616A7A2
:107C40003439ACD01EF351B57165AD12664D178055
:107C500040F5F838788A38DB6561D30D8852DD6CE1
:107C60004FF836916E89691892ACAF87ED474A8D0F
:107C70009C51C02FB7C81EA00066CF5846AE5567AE
:107C8000010462B0992D7D2161DB4E3360A7DA21BA
:107C9000423F5B340BC9CB0A59DE90964D13421C10
:107CA00087929091FC0D0B8EAE1C0720332F9F58AE
:107CB00000CC2E90B5BC300791E7796313090E46CE
:107CC000CA3187C930ED626C9E967D594A9DCD6B55
:107CD000D957CE8594DFCABE92626101CF03D9EE37
:107CE000AC277BB67C5576A5F1ACD17B2E65BBCE9F
:107CF00009C59DC5EB8A273423982BE1EED20949AB
:107D0000646ABE55EFEEB89C7DE453A088726A4861
:107D10008B3CC180AB8853E535F9610183A04B10E2
:107D20000BE0B54B25D1BCA9DC84BBE5D703B0DEA5
:107D3000C7472B1534243EE63A841A9414C0C0A7D2
:107D4000432B47B05C07C99058988DC3B0E45F27B8
:107D500030E8103F659ECAD473E9C2F6613BD29108
:107D6000C33DEE7CAC71A8623BAF55020B142CA155
:107D7000E189A9975DF2859CE5D69626401C881B73
:107D8000C98E8F640853635AFB6F13A2F6243FAC6D
:107D900090721254D6AA3CA0DC83F38E1134BE023A
:107DA00074C201EF76A4E384469945C1BFE053193C
:107DB000D709EF89D6A36C6B7519B1E57FAD572D47
:107DC0009CB088A975CB9CBA02D06B721A9F761AA8
:107DD0001BDB82BF76456FE1B3A242407990104928
:107DE000AC29106BAA78D5F3CB74DE27D6FC75626C
:107DF0004DE71A72BA24BD1A0F47866517352F5AF8
:107E0000CE9376F3664DCAEB47ABF14018E504B864
:107E100047F7E45BB1BA064B11431E7E1A4825A50D
:107E200067562B9F6C1927CA43752DB2428631B015
:107E300038F601E25035F4C3B835D3B2974E3C1052
:107E4000470365BD2D672944D1D282BAD11D69F699
:107E5000131E02CEA185ECD5275CCE2F94717046FF
:107E6000535C878F9C666859D46E03F5B6B280D395
:107E70008C95E3800A00BEBDE81BE4C72772D84298
:107E8000F9468A4ACA2F2A06A977546901364BC196
:107E9000154C40181C4D1772434A9D5F87C917BB8C
:107EA000BDCC0D55030168CF3568F7133FE08F084F
:107EB000995B0BA9B7249BAD3341EED26A6322587C
:107EC000EA04EFED62E70F2FEE6AD23AD542591B72
:107ED0008E7B8A5965381EA27986F7DF8A2EE7C421
:107EE000AED909D158F3067911564802C66B977777
:107EF000CA8DD7F6A0D284D38D5647E1A69ACE3547
:107F0000FEE9369B6A134B34D4E450B807D07A8527
:107F1000592953BFB7B029BF8FC3BC9FB0E0697860
:107F2000EFAB58525CAB38357E0DE79AC53925A0CA
:107F300006E4F255A6F47F8DB424D453C3C6818CD5
:107F40003BC37A7C4F98F44E8449D71B9F55BA7631
:107F500002A8FC714FC6CF2A3E1DEDA70E72FF236B
:107F600062E19C67D509CD39B3F001FEFCA6BAA742
:107F70002D8EE7CE009C3D99449C13A54F691817A0
:107F8000ECEBCA039E3C4E5D1E95307000122CFD3A
:107F9000760DB3F83D6A98EFA9328E2C67E7382248
:107FA0005679A81E0E6833CD0C65FB73ED9085E302
:107FB000BC2E34E0BBF44494F4CE8A924A6E1E6E1A
:107FC000AD329568E212E93EB767F95EF41A3A9568
:107FD000B90374644293DCA9C33A30284365696EDF
:107FE0008081B4C2F56FDF5C8B9512996703A5A7FA
:107FF00034D60B0D6DA9EA1A617C7D4E90EF8BECA7
:1080000087C7A3B9604EC265803A121063DDE32DC5
:108010005CBB3EA91DF58D2DBBE3EBDF393EBF56A2
:108020002B4F17DF93BC821D2FE422F5417D1005F5
:10803000CB63CEFD9812A8A9D128C52F4D9C5B2EED
:10804000409BB13259F7CC78F27CA89F0C5BF1438E
:10805000E7C0D3F705EAC600E11D54648E161D5B28
:108060005B790BDD58A7529C258FD9E3FEB07A557A
:108070002D4F7B0522B820DAC0360C2FF5C5F584CC
:1080800054DFC2945FE3D7F66CB39C6427EA4A4D91
:108090005767584817B81A746956D6849D433B18D9
:1080A00035C10139117255B58AD07AA22E1DD74536
:1080B000C0692EEA0BC8ED2E2B932024A6284AC8AF
:1080C00043B5899106859005BB1444DBFFD9117E29
:1080D000782009644DC6476F9A0DBF19DB41828B2A
:1080E000E2EFB410762565F4461AE18D162B4A1599
:1080F0009A75D793FA4E175EE5C557A55648F7A867
:10810000147463F891B1594FA0E1A8076069D49A3B
:10811000AF65F15237D7AA345D3D69B254565DDD83
:108120004E7958D2175323B44F6888DDE64E18B401
:1081300077BB7D9A38A8C78DCD279C41DE09E5E540
:10814000F191E0CE77EF4B93037BEB688C51CCC978
:1081500056DE2F6782B3C496D78EC6E65DF5B59E10
:10816000E0A1B1C02A01F9A3A8073FD49F2746C7C1
:1081700024C9EB911FE1F5C4A85D41F8635A5E8103
:10818000D783BF424B7B293E3847D2BA3AC6756681
:10819000B62E2DAB4F633374C98E074DB59E8079D3
:1081A000360D6B74B3D5F5DF300EAAA2E0080825B2
:1081B000336E8C86696549A3973235AD640523CF4C
:1081C00017D746D7F9FE0E4AACAC5943F2D7402C2C
:1081D0000B12A8FAE4921D52199B3FFF707579B9F2
:1081E000B85E4FAA694738EA3474D55705D2B0ADA6
:1081F000CE985D5642E0DF2F5FEED1DBFB3B133DB7
:10820000FCF4E9DE44F2261C27F2480F7910122F05
:108210009C7394CF10F890C0D13C20C74B9C87EE44
:10822000F69B56A553A351534B194A40C103B0A125
:108230001079B19A4CC23D0D53FC440A1197308E0F
:10824000A88877BE4DD9E4E33F1F5DC7BACBACCF5A
:1082500090911F816693CA08C5A4E6E8E3DB56FF48
:10826000AAE79193FDA36B3BF003EB1ABD04736384
:10827000C85B7AA3CEC2F597B68F4A717D2B794B36
:108280005428557444DC6DD181ED38F2397B96CC9D
:10829000081929A0EE104D2447222610183E987286
:1082A000180A7006239EB384E1105139489E499202
:1082B000C3103FFF9F5681AC857924FFCAF6E8279B
:1082C000387B3236316040F2D15656C95B3AB691AE
:1082D000BA7E03785761BD8CF5F26F7BFF05B89DC0
:1082E000B967EB1B00000000485454502F312E3169
:1082F0002035303020496E7465726E616C20536594
:1083000072766572204572726F720D0A436F6E74D9
:10831000656E742D547970653A206170706C696374
:108320006174696F6E2F6A736F6E0D0A436F6E749E
:10833000656E742D4C656E6774683A2032390D0A8B
:108340004163636573732D436F6E74726F6C2D415F
:108350006C6C6F772D4F726967696E3A202A0D0A2F
:10836000436F6E6E656374696F6E3A20636C6F73F2
:10837000650D0A0D0A7B226572726F72223A224FD6
:108380007065726174696F6E206661696C656422E4
:108390007D000000485454502F312E3120323030AF
:1083A000204F4B0D0A436F6E74656E742D547970B7
:1083B000653A206170706C69636174696F6E2F6AD1
:1083C000736F6E0D0A436F6E74656E742D4C656E1F
:1083D0006774683A2031350D0A4163636573732D04
:1083E000436F6E74726F6C2D416C6C6F772D4F7292
:1083F0006967696E3A202A0D0A43616368652D43F7
:108400006F6E74726F6C3A206E6F2D636163686576
:108410000D0A436F6E6E656374696F6E3A20636C0C
:108420006F73650D0A0D0A7B227375636365737341
:10843000223A747275657D00485454502F312E31A4
:108440002034303020426164205265717565737448
:108450000D0A436F6E74656E742D547970653A2001
:108460006170706C69636174696F6E2F6A736F6E8F
:108470000D0A436F6E74656E742D4C656E6774687B
:108480003A2033360D0A4163636573732D436F6E73
:1084900074726F6C2D416C6C6F772D4F72696769C8
:1084A0006E3A202A0D0A436F6E6E656374696F6EB3
:1084B0003A20636C6F73650D0A0D0A7B2265727238
:1084C0006F72223A224D697373696E67206163741B
:1084D000696F6E206F72206964227D004854545089
:1084E0002F312E31203430302042616420526571AA
:1084F000756573740D0A436F6E74656E742D5479CF
:1085000070653A206170706C69636174696F6E2F79
:108510006A736F6E0D0A436F6E74656E742D4C65D1
:108520006E6774683A2032340D0A41636365737371
:108530002D436F6E74726F6C2D416C6C6F772D4F85
:10854000726967696E3A202A0D0A436F6E6E656321
:1085500074696F6E3A20636C6F73650D0A0D0A7B48
:10856000226572726F72223A22496E76616C69647A
:10857000206964227D000000485454502F312E3170
:108580002034303020426164205265717565737407
:108590000D0A436F6E74656E742D547970653A20C0
:1085A0006170706C69636174696F6E2F6A736F6E4E
:1085B0000D0A436F6E74656E742D4C656E6774683A
:1085C0003A2032360D0A4163636573732D436F6E33
:1085D00074726F6C2D416C6C6F772D4F7269676987
:1085E0006E3A202A0D0A436F6E6E656374696F6E72
:1085F0003A20636C6F73650D0A0D0A7B22657272F7
:108600006F72223A224D697373696E6720626F64DC
:1086100079227D00485454502F312E31203530308E
:1086200020496E7465726E616C2053657276657256
:10863000204572726F720D0A436F6E74656E742DF1
:10864000547970653A206170706C69636174696F08
:108650006E2F6A736F6E0D0A436F6E74656E742DA4
:108660004C656E6774683A2032370D0A4163636562
:1086700073732D436F6E74726F6C2D416C6C6F77DA
:108680002D4F726967696E3A202A0D0A436F6E6E2C
:10869000656374696F6E3A20636C6F73650D0A0DC4
:1086A0000A7B226572726F72223A224170706C7975
:1086B000206661696C6564227D0000004854545056
:1086C0002F312E3120323030204F4B0D0A436F6E48
:1086D00074656E742D547970653A206170706C69A0
:1086E000636174696F6E2F6A736F6E0D0A436F6EEC
:1086F00074656E742D4C656E6774683A2031350D63
:108700000A4163636573732D436F6E74726F6C2DD2
:10871000416C6C6F772D4F726967696E3A202A0D34
:108720000A43616368652D436F6E74726F6C3A2003
:108730006E6F2D63616368650D0A436F6E6E6563CE
:1087400074696F6E3A20636C6F73650D0A0D0A7B56
:108750002273756363657373223A747275657D0065
:10876000485454502F312E31203530332053657208
:108770007669636520556E617661696C61626C65CE
:108780000D0A436F6E74656E742D547970653A20CE
:108790006170706C69636174696F6E2F6A736F6E5C
:1087A0000D0A436F6E74656E742D4C656E67746848
:1087B0003A2034350D0A4163636573732D436F6E40
:1087C00074726F6C2D416C6C6F772D4F7269676995
:1087D0006E3A202A0D0A436F6E6E656374696F6E80
:1087E0003A20636C6F73650D0A0D0A7B2265727205
:1087F0006F72223A224F76657263757272656E747B
:10880000206C6F636B6F7574206163746976652289
:108810007D000000485454502F312E312034303028
:108820002042616420526571756573740D0A436F4F
:108830006E74656E742D547970653A206170706C39
:1088400069636174696F6E2F6A736F6E0D0A436F8F
:108850006E74656E742D4C656E6774683A203234A0
:108860000D0A4163636573732D436F6E74726F6C91
:108870002D416C6C6F772D4F726967696E3A202AB3
:108880000D0A436F6E6E656374696F6E3A20636C98
:108890006F73650D0A0D0A7B226572726F72223A40
:1088A00022496E76616C6964206964227D00000053
:1088B000485454502F312E312034303020426164DE
:1088C00020526571756573740D0A436F6E74656E21
:1088D000742D547970653A206170706C69636174AD
:1088E000696F6E2F6A736F6E0D0A436F6E74656EDB
:1088F000742D4C656E6774683A2032320D0A4163FC
:10890000636573732D436F6E74726F6C2D416C6C65
:108910006F772D4F726967696E3A202A0D0A436F8F
:108920006E6E656374696F6E3A20636C6F73650D6C
:108930000A0D0A7B226572726F72223A224D6973A8
:1089400073696E67206964227D00000048545450AA
:108950002F312E3120343030204261642052657135
:10896000756573740D0A436F6E74656E742D54795A
:1089700070653A206170706C69636174696F6E2F05
:108980006A736F6E0D0A436F6E74656E742D4C655D
:108990006E6774683A2032360D0A416363657373FB
:1089A0002D436F6E74726F6C2D416C6C6F772D4F11
:1089B000726967696E3A202A0D0A436F6E6E6563AD
:1089C00074696F6E3A20636C6F73650D0A0D0A7BD4
:1089D000226572726F72223A224D697373696E67F3
:1089E00020626F6479227D00485454502F312E311B
:1089F0002035303020496E7465726E616C2053658D
:108A000072766572204572726F720D0A436F6E74D2
:108A1000656E742D547970653A206170706C69636D
:108A20006174696F6E2F6A736F6E0D0A436F6E7497
:108A3000656E742D4C656E6774683A2036320D0A87
:108A40004163636573732D436F6E74726F6C2D4158
:108A50006C6C6F772D4F726967696E3A202A0D0A28
:108A6000436F6E6E656374696F6E3A20636C6F73EB
:108A7000650D0A0D0A7B226572726F72223A2253CB
:108A8000617665206661696C6564202845455052B1
:108A90004F4D2062757379206F722077726974650B
:108AA000206572726F7229227D0000004854545074
:108AB0002F312E3120323030204F4B0D0A436F6E54
:108AC00074656E742D547970653A206170706C69AC
:108AD000636174696F6E2F6A736F6E0D0A436F6EF8
:108AE00074656E742D4C656E6774683A2031350D6F
:108AF0000A4163636573732D436F6E74726F6C2DDF
:108B0000416C6C6F772D4F726967696E3A202A0D40
:108B10000A43616368652D436F6E74726F6C3A200F
:108B20006E6F2D63616368650D0A436F6E6E6563DA
:108B300074696F6E3A20636C6F73650D0A0D0A7B62
:108B40002273756363657373223A747275657D0071
:108B5000485454502F312E3120343030204261643B
:108B600020526571756573740D0A436F6E74656E7E
:108B7000742D547970653A206170706C696361740A
:108B8000696F6E2F6A736F6E0D0A436F6E74656E38
:108B9000742D4C656E6774683A2032380D0A416353
:108BA000636573732D436F6E74726F6C2D416C6CC3
:108BB0006F772D4F726967696E3A202A0D0A436FED
:108BC0006E6E656374696F6E3A20636C6F73650DCA
:108BD0000A0D0A7B226572726F72223A22556E6B01
:108BE0006E6F776E20616374696F6E227D00000086
:108BF000485454502F312E3120343030204261649B
:108C000020526571756573740D0A436F6E74656EDD
:108C1000742D547970653A206170706C6963617469
:108C2000696F6E2F6A736F6E0D0A436F6E74656E97
:108C3000742D4C656E6774683A2032310D0A4163B9
:108C4000636573732D436F6E74726F6C2D416C6C22
:108C50006F772D4F726967696E3A202A0D0A436F4C
:108C60006E6E656374696F6E3A20636C6F73650D29
:108C70000A0D0A7B226572726F72223A224D697365
:108C800073696E67206D61736B227D004854545088
:108C90002F312E31203430302042616420526571F2
:108CA000756573740D0A436F6E74656E742D547917
:108CB00070653A206170706C69636174696F6E2FC2
:108CC0006A736F6E0D0A436F6E74656E742D4C651A
:108CD0006E6774683A2032340D0A416363657373BA
:108CE0002D436F6E74726F6C2D416C6C6F772D4FCE
:108CF000726967696E3A202A0D0A436F6E6E65636A
:108D000074696F6E3A20636C6F73650D0A0D0A7B90
:108D1000226572726F72223A22496E76616C6964C2
:108D2000206964227D000000485454502F312E31B8
:108D3000203430302042616420526571756573744F
:108D40000D0A436F6E74656E742D547970653A2008
:108D50006170706C69636174696F6E2F6A736F6E96
:108D60000D0A436F6E74656E742D4C656E67746882
:108D70003A2033360D0A4163636573732D436F6E7A
:108D800074726F6C2D416C6C6F772D4F72696769CF
:108D90006E3A202A0D0A436F6E6E656374696F6EBA
:108DA0003A20636C6F73650D0A0D0A7B226572723F
:108DB0006F72223A224D697373696E672061637422
:108DC000696F6E206F72206964227D004854545090
:108DD0002F312E31203430302042616420526571B1
:108DE000756573740D0A436F6E74656E742D5479D6
:108DF00070653A206170706C69636174696F6E2F81
:108E00006A736F6E0D0A436F6E74656E742D4C65D8
:108E10006E6774683A2032360D0A41636365737376
:108E20002D436F6E74726F6C2D416C6C6F772D4F8C
:108E3000726967696E3A202A0D0A436F6E6E656328
:108E400074696F6E3A20636C6F73650D0A0D0A7B4F
:108E5000226572726F72223A224D697373696E676E
:108E600020626F6479227D007B2270726573657465
:108E700073223A5B5D2C2273746172747570223AAE
:108E80006E756C6C2C2270656E64696E67223A7424
:108E90007275657D00000000485454502F312E310A
:108EA00020323030204F4B0D0A436F6E74656E7464
:108EB0002D547970653A20746578742F68746D6CE0
:108EC0000D0A4163636573732D436F6E74726F6C2B
:108ED0002D416C6C6F772D4F726967696E3A202A4D
:108EE0000D0A43616368652D436F6E74726F6C3A4F
:108EF000206E6F2D63616368650D0A436F6E6E654A
:108F00006374696F6E3A20636C6F73650D0A0D0AA6
:108F10003C21444F43545950452068746D6C3E3C8D
:108F200068746D6C206C616E673D27656E273E3CF2
:108F3000686561643E3C6D6574612063686172734D
:108F400065743D275554462D38273E3C6D65746148
:108F5000206E616D653D2776696577706F72742745
:108F600020636F6E74656E743D2777696474683D25
:108F70006465766963652D77696474682C696E69C8
:108F80007469616C2D7363616C653D31273E3C747F
:108F900069746C653E454E4552474953202D204C1F
:108FA0006F67696E3C2F7469746C653E3C737479AD
:108FB0006C653E2A7B6D617267696E3A303B706109
:108FC0006464696E673A303B626F782D73697A69C1
:108FD0006E673A626F726465722D626F787D626F40
:108FE00064797B6D696E2D6865696768743A3130A4
:108FF0003076683B646973706C61793A666C657849
:109000003B616C69676E2D6974656D733A63656E5B
:109010007465723B6A7573746966792D636F6E74DB
:10902000656E743A63656E7465723B6261636B670B
:10903000726F756E643A233061306130613B666FE8
:109040006E742D66616D696C793A2D6170706C6516
:109050002D73797374656D2C426C696E6B4D616311
:1090600053797374656D466F6E742C275365676F03
:1090700065205549272C526F626F746F2C73616E97
:10908000732D73657269663B636F6C6F723A23650B
:1090900030653065307D2E6C6F67696E2D6361724F
:1090A000647B6261636B67726F756E643A7267624C
:1090B000612833302C33302C33302C302E39352985
:1090C0003B626F726465723A31707820736F6C69BD
:1090D000642072676261283234352C3135382C3186
:1090E000312C302E33293B626F726465722D7261B0
:1090F000646975733A313670783B70616464696E87
:10910000673A343070783B77696474683A33343046
:1091100070783B746578742D616C69676E3A63652D
:109120006E7465723B626F782D736861646F773A15
:10913000302038707820333270782072676261286E
:10914000302C302C302C302E35297D2E6C6F6769F9
:109150006E2D636172642068317B666F6E742D734F
:10916000697A653A312E3572656D3B636F6C6F724B
:109170003A236635396530623B6D617267696E2DE1
:10918000626F74746F6D3A3870787D2E6C6F67699A
:109190006E2D6361726420707B666F6E742D7369CF
:1091A0007A653A302E383572656D3B636F6C6F723D
:1091B0003A233838383B6D617267696E2D626F747F
:1091C000746F6D3A323470787D696E7075745B744B
:1091D0007970653D70617373776F72645D7B7769D9
:1091E0006474683A313030253B70616464696E673D
:1091F0003A3132707820313670783B626F72646534
:10920000722D7261646975733A3870783B626F725F
:109210006465723A31707820736F6C69642072678C
:109220006261283234352C3135382C31312C302ED6
:1092300033293B6261636B67726F756E643A726764
:10924000626128302C302C302C302E34293B636F57
:109250006C6F723A236530653065303B666F6E74B3
:109260002D73697A653A3172656D3B6F75746C69FF
:109270006E653A6E6F6E653B6D617267696E2D62E9
:109280006F74746F6D3A313670787D696E70757475
:109290005B747970653D70617373776F72645D3A6A
:1092A000666F6375737B626F726465722D636F6C3A
:1092B0006F723A236635396530627D627574746FFA
:1092C0006E7B77696474683A313030253B70616435
:1092D00064696E673A313270783B626F72646572AE
:1092E0002D7261646975733A3870783B626F72648D
:1092F00065723A6E6F6E653B6261636B67726F7524
:109300006E643A6C696E6561722D6772616469653D
:109310006E74283133356465672C236635396530C2
:10932000622C23643937373036293B636F6C6F7298
:109330003A233030303B666F6E742D77656967680D
:10934000743A3630303B666F6E742D73697A653AC5
:109350003172656D3B637572736F723A706F696ECF
:109360007465723B7472616E736974696F6E3A6F83
:1093700070616369747920302E32737D6275747404
:109380006F6E3A686F7665727B6F7061636974792E
:109390003A302E397D2E6572726F727B636F6C6FFF
:1093A000723A236566343434343B666F6E742D73C1
:1093B000697A653A302E383572656D3B6D6172673A
:1093C000696E2D746F703A313270783B64697370D6
:1093D0006C61793A6E6F6E657D3C2F7374796C6544
:1093E0003E3C2F686561643E3C626F64793E3C643C
:1093F000697620636C6173733D276C6F67696E2DAE
:1094000063617264273E3C68313E454E4552474990
:1094100053205044553C2F68313E3C703E456E749D
:1094200065722070617373776F726420746F20634C
:109430006F6E74696E75653C2F703E3C666F726D21
:109440002069643D276627206F6E7375626D6974AD
:109450003D2772657475726E20646F4C6F67696E1C
:10946000286576656E7429273E3C696E7075742098
:10947000747970653D2770617373776F726427200C
:1094800069643D2770772720706C616365686F6C35
:109490006465723D2750617373776F726427206132
:1094A00075746F666F6375733E3C627574746F6E2E
:1094B00020747970653D277375626D6974273E5518
:1094C0006E6C6F636B3C2F627574746F6E3E3C2FD5
:1094D000666F726D3E3C64697620636C6173733DA8
:1094E000276572726F72272069643D276572722743
:1094F0003E496E76616C69642070617373776F7238
:10950000643C2F6469763E3C2F6469763E3C73630D
:10951000726970743E66756E6374696F6E20646FF5
:109520004C6F67696E2865297B652E70726576655C
:109530006E7444656661756C7428293B766172208F
:1095400070773D646F63756D656E742E67657445E5
:109550006C656D656E744279496428277077272998
:109560002E76616C75653B76617220783D6E65770D
:1095700020584D4C48747470526571756573742829
:10958000293B782E6F70656E2827504F5354272C37
:10959000272F6170692F6175746827293B782E73B6
:1095A0006574526571756573744865616465722888
:1095B00027436F6E74656E742D54797065272C2760
:1095C0006170706C69636174696F6E2F782D777745
:1095D000772D666F726D2D75726C656E636F646545
:1095E0006427293B782E6F6E6C6F61643D66756EE3
:1095F0006374696F6E28297B696628782E7374619D
:109600007475733D3D3D323030297B6C6F636174FE
:10961000696F6E2E72656C6F616428297D656C734D
:10962000657B646F63756D656E742E676574456CDC
:10963000656D656E744279496428276572722729C1
:109640002E7374796C652E646973706C61793D2733
:10965000626C6F636B273B646F63756D656E742E10
:10966000676574456C656D656E7442794964282739
:10967000707727292E76616C75653D27277D7D3BA8
:10968000782E73656E64282770617373776F7264C8
:109690003D272B656E636F6465555249436F6D704E
:1096A0006F6E656E7428707729297D3C2F73637205
:1096B0006970743E3C2F626F64793E3C2F68746D14
:1096C0006C3E0000485454502F312E31203230303F
:1096D000204F4B0D0A436F6E74656E742D54797074
:1096E000653A206170706C69636174696F6E2F6A8E
:1096F000736F6E0D0A4163636573732D436F6E74F0
:10970000726F6C2D416C6C6F772D4F726967696E4B
:109710003A202A0D0A43616368652D436F6E7472A7
:109720006F6C3A206E6F2D63616368650D0A436F3D
:109730006E6E656374696F6E3A20636C6F73650D4E
:109740000A0D0A7B226F6B223A747275657D0000E8
:10975000485454502F312E312034303120556E6111
:109760007574686F72697A65640D0A436F6E74650B
:109770006E742D547970653A206170706C69636104
:1097800074696F6E2F6A736F6E0D0A416363657340
:10979000732D436F6E74726F6C2D416C6C6F772DEF
:1097A0004F726967696E3A202A0D0A436F6E6E65C3
:1097B0006374696F6E3A20636C6F73650D0A0D0AEE
:1097C0007B226F6B223A66616C73652C2265727224
:1097D0006F72223A224E6F742061757468656E74E0
:1097E000696361746564227D000000004854545030
:1097F0002F312E3120323030204F4B0D0A436F6E07
:1098000074656E742D547970653A206170706C695E
:10981000636174696F6E2F6A736F6E0D0A5365749E
:109820002D436F6F6B69653A2073657373696F6E53
:109830003D3B20506174683D2F3B204D61782D41A8
:1098400067653D303B2053616D65536974653D53D9
:1098500074726963740D0A4163636573732D436F9A
:109860006E74726F6C2D416C6C6F772D4F726967DF
:10987000696E3A202A0D0A43616368652D436F6E55
:1098800074726F6C3A206E6F2D63616368650D0AA8
:10989000436F6E6E656374696F6E3A20636C6F73AD
:1098A000650D0A0D0A7B226F6B223A747275657D15
:1098B00000000000485454502F312E3120343031F4
:1098C00020556E617574686F72697A65640D0A431C
:1098D0006F6E74656E742D547970653A2061707086
:1098E0006C69636174696F6E2F6A736F6E0D0A41E4
:1098F00063636573732D436F6E74726F6C2D416C6F
:109900006C6F772D4F726967696E3A202A0D0A4392
:10991000616368652D436F6E74726F6C3A206E6F71
:109920002D63616368650D0A436F6E6E65637469CC
:109930006F6E3A20636C6F73650D0A0D0A7B226FA0
:109940006B223A66616C73652C226572726F7222AB
:109950003A22496E76616C69642070617373776F27
:109960007264227D000000003031323334353637E6
:109970003839616263646566000000000000000021
:10998000000000000000000006005250D3F07542B5
:1099900040E2021006005250E182887F48E2021045
:1099A000060052503ABCA911DC8A0210060052503F
:1099B000ABB3605358E2021006005250BBFF3CB6F6
:1099C00060E2021006005250861C030268E2021098
:1099D000060052505422A29D8CE202100500525003
:1099E000DE65F468D84A0410C47E0110747E01104C
:1099F000747E0110BC7E0110747E0110747E011013
:109A0000747E0110747E0110747E0110747E01104A
:109A1000747E0110B47E0110747E0110AC7E0110C2
:109A2000747E0110747E0110A47E0110E480011088
:109A3000DA7E0110D4800110DA7E0110BE800110A0
:109A4000DA7E0110DA7E0110DA7E0110DA7E011072
:109A5000DA7E0110DA7E0110DA7E0110CC7E011070
:109A6000DA7E0110DA7E0110DA7E0110DA7E011052
:109A7000DA7E0110CC7E0110828101102E7E011051
:109A80002E7E01102E7E01102E7E01102E7E0110E2
:109A90002E7E01102E7E01102E7E01102E7E0110D2
:109AA0002E7E01102E7E01102E7E01102E7E0110C2
:109AB0002E7E01102E7E01102E7E01102E7E0110B2
:109AC0002E7E01102E7E01102E7E01102E7E0110A2
:109AD0002E7E01102E7E01102E7E01102E7E011092
:109AE0002E7E01102E7E01102E7E01102E7E011082
:109AF0002E7E01102E7E0110F88001105081011081
:109B0000F88001102E7E01102E7E01102E7E011095
:109B10002E7E01102E7E01102E7E01102E7E011051
:109B20002E7E01102E7E01102E7E01102E7E011041
:109B30002E7E01102E7E01102E7E01102E7E011031
:109B40002E7E0110928301102E7E01102E7E0110B8
:109B50002E7E01102E7E01102E7E01102E7E011011
:109B60002E7E01102E7E01102E7E01109283011098
:109B70009481011092830110F8800110508101102E
:109B8000F880011000000000000000000000F03F1D
:109B900000000000000024400000000000005940C8
:109BA0000000000000408F40000000000088C3401B
:109BB00000000000006AF8400000000080842E4190
:109BC00000000000D01263410000000084D79741DC
:109BD0000000000065CDCD410D0A0000000000002E
:109BE000A18F011000000000A58F0110B18F01109E
:109BF000DD8F0110D98F0110000000000A00000065
:109C000000000306A6000800020002009C001400E9
:109C1000030057494E555342000000000000000069
:109C20000000800004000100280044006500760068
:109C300069006300650049006E00740065007200F1
:109C4000660061006300650047005500490044005C
:109C500000004E007B0062006300370033003900D3
:109C60003800630031002D003700330063006400CA
:109C70002D0034006300620037002D0039003800E9
:109C8000620038002D0039003100330061003800D7
:109C900066006300610037006200660036007D00E8
:109CA00000000000050F2100011C100500DF60DD31
:109CB000D88945C74C9CD2659D9E648A9F0000034D
:109CC00006A60001000000000600525053B4F4A1A3
:109CD000B0E2021000000000C4E20210D4E2021060
:109CE0003C850220DCE20210E8E202100902540086
:109CF000030100807D080B0002020200000904003D
:109D000000010202000405240020010524010001D5
:109D1000042402060524060001070581030800103B
:109D200009040100020A00000007050202400000C9
:109D3000070582024000000904020000FF0001053F
:109D400012011002EF0201408A2E0A0000010102F6
:109D500003010000A49B01100C9D01105C9D0110EB
:109D6000E49C0110F69C0110D49C0110449C01104D
:109D7000F09B0110E49B0110C6A00110ACA00110E3
:109D80007C9E0110E6A001107C9E011094A00110A1
:109D900080A001107C9E01106CA00110729F011028
:109DA0007C9E011052A3011044A3011038A301109E
:109DB0007C9E01107C9E011022A3011044A301107F
:109DC0007C9E01107C9E01107C9E01107C9E0110E7
:109DD0007C9E01107C9E01107C9E0110D8A2011077
:109DE0009E0D00209E0D0020E80D0020080E002092
:109DF0004C0E00205E0E0020940D0020000000009C
:109E0000DDA801104DA901107DA90110C9A90110FB
:109E10006DAA011055AB0110000000000000000009
:109E200055AC0110B1AC0110CDAC0110F5AC011076
:109E30003990011015AE011000000000EE02021072
:109E4000920302107A030210E60202108A03021043
:109E500034040210BE040210A60402102C040210E6
:109E6000B604021017000000D80702101E080210E6
:109E70001E080210C408021098080210D008021030
:109E80001E0802101E080210C408021098080210D2
:109E90003E1F0210C41D0210C41D0210C41D02107A
:109EA000C41D0210C41D0210C41D0210C41D0210E6
:109EB000C41D0210E01E0210E01E0210E01E02107F
:109EC000E01E0210E01E0210C41D0210C41D02108C
:109ED000C41D0210C41D0210C41D0210C41D0210B6
:109EE000C41D0210C41D0210C41D0210C41D0210A6
:109EF000C41D0210C41D0210C41D0210C41D021096
:109F0000C41D0210C41D0210C41D0210C41D021085
:109F1000E01E0210C41D0210C41D0210C41D021058
:109F2000C41D0210C41D0210C41D0210C41D021065
:109F3000C41D0210C41D0210C41D021050250210C1
:109F4000C41D021062250210242D0210AE29021039
:109F5000022A0210FC290210E8290210AE29021080
:109F600034000000CEFBFFFFCB0300000100000027
:109F70000000000035000000CEFBFFFFCB03000017
:109F80000100000000000000BC89D897B2D29C3CC0
:109F900033A7A8D523F649393DA7F444FD0FA532D0
:109FA0009D978CCF08BA5B25436FAC642806681177
:109FB0000020202020202020202028282828282099
:109FC0002020202020202020202020202020202091
:109FD00020881010101010101010101010101010F9
:109FE00010040404040404040404041010101010E9
:109FF00010104141414141410101010101010101B3
:10A000000101010101010101010101011010101004
:10A010001010424242424242020202020202020284
:10A0200002020202020202020202020210101010D8
:10A030002000000000000000000000000000000000
:10A040000000000000000000000000000000000010
:10A050000000000000000000000000000000000000
:10A0600000000000000000000000000000000000F0
:10A0700000000000000000000000000000000000E0
:10A0800000000000000000000000000000000000D0
:10A0900000000000000000000000000000000000C0
:10A0A00000000000000000000000000000000000B0
:10A0B00000000000000000000000000000000000A0
:10A0C0000000000000000000000000000000000090
:10A0D0000000000000000000000000000000000080
:10A0E00000000000101112131415161718190000A3
:10A0F00000000000001A1B1C1D1E1F0000000000B5
:10A10000000000000000000000000000000000004F
:10A1100000000000001A1B1C1D1E1F000000000094
:10A12000000000000000000000000000000000002F
:10A13000000000000000000000000000000000001F
:10A14000000000000000000000000000000000000F
:10A1500000000000000000000000000000000000FF
:10A1600000000000000000000000000000000000EF
:10A1700000000000000000000000000000000000DF
:10A1800000000000000000000000000000000000CF
:10A1900000000000000000000000000000000000BF
:10A1A00000000000000000000000000000000000AF
:10A1B0000000000005000000190000007D00000004
:10A1C0000080E03779C34143176E05B5B5B89346B3
:10A1D000F5F93FE9034F384D321D30F94877825A7F
:10A1E0003CBF737FDD4F1575000000000000F03F9D
:10A1F0000000000000002440000000000000594062
:10A200000000000000408F40000000000088C340B4
:10A2100000000000006AF8400000000080842E4129
:10A2200000000000D01263410000000084D7974175
:10A230000000000065CDCD41000000205FA002427B
:10A24000000000E876483742000000A2941A6D42F0
:10A25000000040E59C30A2420000901EC4BCD642E3
:10A2600000003426F56B0C430080E03779C341438E
:10A2700000A0D8855734764300C84E676DC1AB4304
:10A28000003D9160E458E143408CB5781DAF154422
:10A2900050EFE2D6E41A4B4492D54D06CFF08044FD
:10A2A000F64AE1C7022DB544B49DD9794378EA4412
:10A2B000D85B021030540210305402103054021097
:10A2C00030540210C25B021030540210305402109D
:10A2D0003054021030540210305402103055021025
:10A2E0003055021030550210305502103055021012
:10A2F0003055021030550210305502103055021002
:10A3000030550210305402103054021030540210F4
:10A3100030540210305402103054021030540210E5
:10A320005255021030540210085A0210B45702104D
:10A33000525502105255021052550210305402105C
:10A34000305402103054021030540210B054021035
:10A350003054021030540210CA5902103054021006
:10A360003054021030540210E859021030540210D8
:10A37000305402103054021030540210365602107D
:10A380003054021030540210FC57021030540210A6
:10A390003054021030540210305402103054021065
:10A3A0005255021030540210745602109C5B021079
:10A3B000525502105255021052550210C857021041
:10A3C000E2570210B0540210305402109857021095
:10A3D0005657021072570210105702107C5B021081
:10A3E00030540210305402102A570210A4540210A4
:10A3F0003C570210305402103054021036560210EE
:10A4000030540210A4540210925E0210325C02100A
:10A41000925E0210325C0210325C0210B65F0210D3
:10A42000C05C0210C05C0210C05C0210C05C021074
:10A43000C05C0210C05C0210C05C0210C05C021064
:10A44000C05C0210325C0210325C0210325C0210FE
:10A45000325C0210325C0210325C0210325C02107C
:10A46000745E0210905D0210905D0210905D02100B
:10A47000AC5F02108E5F0210325C0210325C021080
:10A48000C05E0210325C0210325C0210325C0210BC
:10A49000325C0210405E0210325C0210F45D021069
:10A4A000325C0210325C0210325C0210E85D021075
:10A4B000325C0210325C0210325C0210AE5D02109F
:10A4C000A25D0210325C0210325C0210325C02109B
:10A4D000325C0210325C0210325C0210325C0210FC
:10A4E000745E0210905D0210905D0210905D02108B
:10A4F000AC5F02108E5F0210325C0210325C021000
:10A50000C05E0210325C0210325C0210325C02103B
:10A51000325C0210405E0210325C0210F45D0210E8
:10A52000325C0210325C0210325C0210E85D0210F4
:10A53000325C0210325C0210325C0210AE5D02101E
:10A54000A25D0210C06202102C620210C0620210F2
:10A550002C6202102C620210DA6202109262021067
:10A5600092620210926202109262021092620210D3
:10A570009262021092620210CA620210CA62021053
:10A580002C6202102C6202102C6202102C6202104B
:10A590002C6202102C6202102C6202100462021063
:10A5A00004620210046202100462021004620210CB
:10A5B000046202102C6202102C6202102C62021043
:10A5C0002C6202102C6202102C6202102C6202100B
:10A5D0002C6202102C6202102C6202102C620210FB
:10A5E0002C6202102C6202102C6202102C620210EB
:10A5F0002C6202102C620210A26202102C62021065
:10A600002C6202102C6202102C6202102C620210CA
:10A610002C6202102C6202102C62021004620210E2
:10A62000046202100462021004620210046202104A
:10A63000046202102C6202102C6202102C620210C2
:10A640002C6202102C6202102C6202102C6202108A
:10A650002C6202102C6202102C6202102C6202107A
:10A660002C6202102C6202102C6202102C6202106A
:10A670002C6202102C620210A26202100A00010079
:10A68000020003000400050006000700080009009E
:10A690000A000B000C000D000E000F00100000005F
:10A6A0005E7302104E730210407302103673021074
:10A6B0002A730210167302100273021068730210DC
:10A6C0000C5F104E154E2A4E314E364E3C4E3F4ECC
:10A6D000424E564E584E824E854E6B8C8A4E12829A
:10A6E0000D5F8E4E9E4E9F4EA04EA24EB04EB34E6C
:10A6F000B64ECE4ECD4EC44EC64EC24ED74EDE4E98
:10A70000ED4EDF4EF74E094F5A4F304F5B4F5D4FC6
:10A71000574F474F764F884F8F4F984F7B4F694F1A
:10A72000704F914F6F4F864F964F1851D44FDF4F58
:10A73000CE4FD84FDB4FD14FDA4FD04FE44FE54FDC
:10A740001A50285014502A50255005501C4FF64FCF
:10A75000215029502C50FE4FEF4F115006504350BE
:10A76000475003675550505048505A5056506C50FF
:10A77000785080509A508550B450B250C950CA5049
:10A78000B350C250D650DE50E550ED50E350EE507D
:10A79000F950F550095101510251165115511451FA
:10A7A0001A5121513A5137513C513B513F5140517F
:10A7B00052514C5154516251F87A69516A516E515B
:10A7C00080518251D8568C5189518F51915193515A
:10A7D00095519651A451A651A251A951AA51AB51DC
:10A7E000B351B151B251B051B551BD51C551C9511B
:10A7F000DB51E0515586E951ED51F051F551FE51D3
:10A8000004520B5214520E5227522A522E523352D5
:10A8100039524F5244524B524C525E5254526A5229
:10A820007452695273527F527D528D529452925299
:10A83000715288529152A88FA78FAC52AD52BC5220
:10A84000B552C152CD52D752DE52E352E652ED9884
:10A85000E052F352F552F852F95206530853387544
:10A860000D5310530F5315531A5323532F53315372
:10A8700033533853405346534553174E49534D5362
:10A88000D6515E5369536E5318597B537753825395
:10A890009653A053A653A553AE53B053B653C353C8
:10A8A000127CD996DF53FC66EE71EE53E853ED53FC
:10A8B000FA5301543D5440542C542D543C542E54BE
:10A8C000365429541D544E548F5475548E545F542D
:10A8D00071547754705492547B54805476548454F9
:10A8E00090548654C754A254B854A554AC54C4547C
:10A8F000C854A854AB54C254A454BE54BC54D854E5
:10A90000E554E6540F551455FD54EE54ED54FA54E5
:10A91000E2543955405563554C552E555C554555B7
:10A9200056555755385533555D5599558055AF5443
:10A930008A559F557B557E5598559E55AE557C55ED
:10A940008355A9558755A855DA55C555DF55C455C2
:10A95000DC55E455D4551456F7551656FE55FD559D
:10A960001B56F9554E565056DF71345636563256F0
:10A9700038566B5664562F566C566A568656805615
:10A980008A56A05694568F56A556AE56B656B4560D
:10A99000C256BC56C156C356C056C856CE56D156DE
:10A9A000D356D756EE56F9560057FF560457095757
:10A9B00008570B570D57135718571657C7551C579D
:10A9C0002657375738574E573B5740574F576957B9
:10A9D000C057885761577F5789579357A057B35728
:10A9E000A457AA57B057C357C657D457D257D357AF
:10A9F0000A58D657E3570B5819581D587258215802
:10AA000062584B587058C06B52583D587958855809
:10AA1000B9589F58AB58BA58DE58BB58B858AE58BA
:10AA2000C558D358D158D758D958D858E558DC58B4
:10AA3000E458DF58EF58FA58F958FB58FC58FD58BD
:10AA400002590A5910591B59A66825592C592D59D4
:10AA5000325938593E59D27A555950594E595A5946
:10AA600058596259605967596C59695978598159CF
:10AA70009D595E4FAB4FA359B259C659E859DC599D
:10AA80008D59D959DA59255A1F5A115A1C5A095A3F
:10AA90001A5A405A6C5A495A355A365A625A6A5AA0
:10AAA0009A5ABC5ABE5ACB5AC25ABD5AE35AD75ABE
:10AAB000E65AE95AD65AFA5AFB5A0C5B0B5B165BFC
:10AAC000325BD05A2A5B365B3E5B435B455B405B47
:10AAD000515B555B5A5B5B5B655B695B705B735B92
:10AAE000755B785B88657A5B805B835BA65BB85B34
:10AAF000C35BC75BC95BD45BD05BE45BE65BE25BDB
:10AB0000DE5BE55BEB5BF05BF65BF35B055C075CD8
:10AB1000085C0D5C135C205C225C285C385C395C52
:10AB2000415C465C4E5C535C505C4F5C715B6C5CA2
:10AB30006E5C624E765C795C8C5C915C945C9B593B
:10AB4000AB5CBB5CB65CBC5CB75CC55CBE5CC75C4C
:10AB5000D95CE95CFD5CFA5CED5C8C5DEA5C0B5DEC
:10AB6000155D175D5C5D1F5D1B5D115D145D225DF4
:10AB70001A5D195D185D4C5D525D4E5D4B5D6C5DFF
:10AB8000735D765D875D845D825DA25D9D5DAC5D7C
:10AB9000AE5DBD5D905DB75DBC5DC95DCD5DD35DF6
:10ABA000D25DD65DDB5DEB5DF25DF55D0B5E1A5E41
:10ABB000195E115E1B5E365E375E445E435E405E2C
:10ABC0004E5E575E545E5F5E625E645E475E755EBB
:10ABD000765E7A5EBC9E7F5EA05EC15EC25EC85E2F
:10ABE000D05ECF5ED65EE35EDD5EDA5EDB5EE25EA9
:10ABF000E15EE85EE95EEC5EF15EF35EF05EF45EFF
:10AC0000F85EFE5E035F095F5D5F5C5F0B5F115F77
:10AC1000165F295F2D5F385F415F485F4C5F4E5F75
:10AC20002F5F515F565F575F595F615F6D5F735F65
:10AC3000775F835F825F7F5F8A5F885F915F875FF7
:10AC40009E5F995F985FA05FA85FAD5FBC5FD65FB6
:10AC5000FB5FE45FF85FF15FDD5FB360FF5F216082
:10AC600060601960106029600E6031601B601560C3
:10AC70002B6026600F603A605A6041606A607760BE
:10AC80005F604A6046604D6063604360646042603C
:10AC90006C606B60596081608D60E76083609A6072
:10ACA00084609B60966097609260A7608B60E160B3
:10ACB000B860E060D360B460F05FBD60C660B5604E
:10ACC000D8604D6115610661F660F7600061F4605F
:10ACD000FA6003612161FB60F1600D610E61476103
:10ACE0003E61286127614A613F613C612C613461AA
:10ACF0003D614261446173617761586159615A6194
:10AD00006B6174616F61656171615F615D61536108
:10AD10007561996196618761AC6194619A618A619C
:10AD20009161AB61AE61CC61CA61C961F761C86113
:10AD3000C361C661BA61CB61797FCD61E661E361D0
:10AD4000F661FA61F461FF61FD61FC61FE61006220
:10AD5000086209620D620C6214621B621E6221624B
:10AD60002A622E6230623262336241624E625E62F9
:10AD700063625B62606268627C62826289627E6238
:10AD8000926293629662D46283629462D762D16265
:10AD9000BB62CF62FF62C662D464C862DC62CC620E
:10ADA000CA62C262C7629B62C9620C63EE62F162F0
:10ADB000276302630863EF62F56250633E634D638D
:10ADC0001C644F6396638E638063AB637663A36397
:10ADD0008F6389639F63B5636B636963BE63E96374
:10ADE000C063C663E363C963D263F663C463166476
:10ADF000346406641364266436641D65176428642D
:10AE00000F6467646F6476644E642A659564936426
:10AE1000A564A9648864BC64DA64D264C564C76448
:10AE2000BB64D864C264F164E7640982E064E164ED
:10AE3000AC62E364EF642C65F664F464F264FA6473
:10AE40000065FD6418651C650565246523652B6533
:10AE5000346535653765366538654B7548655665C3
:10AE600055654D6558655E655D6572657865826599
:10AE700083658A8B9B659F65AB65B765C365C66552
:10AE8000C165C465CC65D265DB65D965E065E16502
:10AE9000F16572670A660366FB6573673566366639
:10AEA00034661C664F664466496641665E665D664A
:10AEB0006466676668665F666266706683668866F3
:10AEC0008E668966846698669D66C166B966C9663F
:10AED000BE66BC66C466B866D666DA66E0663F667D
:10AEE000E666E966F066F566F7660F6716671E6741
:10AEF0002667276738972E673F6736674167386749
:10AF0000376746675E676067596763676467896725
:10AF10007067A9677C676A678C678B67A667A1679C
:10AF20008567B767EF67B467EC67B367E967B867CA
:10AF3000E467DE67DD67E267EE67B967CE67C6671D
:10AF4000E7679C6A1E684668296840684D683268F1
:10AF50004E68B3682B685968636877687F689F6834
:10AF60008F68AD6894689D689B688368AE6AB968AD
:10AF70007468B568A068BA680F698D687E680169F1
:10AF8000CA680869D86822692669E1680C69CD68D1
:10AF9000D468E768D568366912690469D768E368D8
:10AFA0002569F968E068EF6828692A691A692369E0
:10AFB0002169C668796977695C6978696B695469E0
:10AFC0007E696E69396974693D6959693069616979
:10AFD0005E695D6981696A69B269AE69D069BF6994
:10AFE000C169D369BE69CE69E85BCA69DD69BB69BD
:10AFF000C369A7692E6A9169A0699C699569B4695A
:10B00000DE69E869026A1B6AFF690A6BF969F2691D
:10B01000E769056AB1691E6AED69146AEB690A6A33
:10B02000126AC16A236A136A446A0C6A726A366ACF
:10B03000786A476A626A596A666A486A386A226A3E
:10B04000906A8D6AA06A846AA26AA36A976A178660
:10B05000BB6AC36AC26AB86AB36AAC6ADE6AD16A9A
:10B06000DF6AAA6ADA6AEA6AFB6A056B1686FA6A16
:10B07000126B166B319B1F6B386B376BDC76396B41
:10B08000EE98476B436B496B506B596B546B5B6B22
:10B090005F6B616B786B796B7F6B806B846B836BA1
:10B0A0008D6B986B956B9E6BA46BAA6BAB6BAF6B48
:10B0B000B26BB16BB36BB76BBC6BC66BCB6BD36B4B
:10B0C000DF6BEC6BEB6BF36BEF6BBE9E086C136C82
:10B0D000146C1B6C246C236C5E6C556C626C6A6C1B
:10B0E000826C8D6C9A6C816C9B6C7E6C686C736CE2
:10B0F000926C906CC46CF16CD36CBD6CD76CC56CED
:10B10000DD6CAE6CB16CBE6CBA6CDB6CEF6CD96C88
:10B11000EA6C1F6D4D88366D2B6D3D6D386D196D68
:10B12000356D336D126D0C6D636D936D646D5A6D7D
:10B13000796D596D8E6D956DE46F856DF96D156E38
:10B140000A6EB56DC76DE66DB86DC66DEC6DDE6DE2
:10B15000CC6DE86DD26DC56DFA6DD96DE46DD56DB0
:10B16000EA6DEE6D2D6E6E6E2E6E196E726E5F6EE6
:10B170003E6E236E6B6E2B6E766E4D6E1F6E436E43
:10B180003A6E4E6E246EFF6E1D6E386E826EAA6E23
:10B19000986EC96EB76ED36EBD6EAF6EC46EB26E72
:10B1A000D46ED56E8F6EA56EC26E9F6E416F116F9D
:10B1B0004C70EC6EF86EFE6E3F6FF26E316FEF6E9C
:10B1C000326FCC6E3E6F136FF76E866F7A6F786F4B
:10B1D000816F806F6F6F5B6FF36F6D6F826F7C6FCE
:10B1E000586F8E6F916FC26F666FB36FA36FA16F51
:10B1F000A46FB96FC66FAA6FDF6FD56FEC6FD46F96
:10B20000D86FF16FEE6FDB6F09700B70FA6F117012
:10B2100001700F70FE6F1B701A70746F1D701870C4
:10B220001F7030703E703270517063709970927000
:10B23000AF70F170AC70B870B370AE70DF70CB707F
:10B24000DD70D9700971FD701C71197165715571CE
:10B250008871667162714C7156716C718F71FB717E
:10B2600084719571A871AC71D771B971BE71D271C9
:10B27000C971D471CE71E071EC71E771F571FC7137
:10B28000F971FF710D7210721B7228722D722C727F
:10B29000307232723B723C723F72407246724B7235
:10B2A000587274727E728272817287729272967212
:10B2B000A272A772B972B272C372C672C472CE722F
:10B2C000D272E272E072E172F972F7720F50177384
:10B2D0000A731C7316731D7334732F7329732573CC
:10B2E0003E734E734F73D89E57736A73687370734F
:10B2F000787375737B737A73C873B373CE73BB73D0
:10B30000C073E573EE73DE73A27405746F742574F5
:10B31000F87332743A7455743F745F74597441749D
:10B320005C746974707463746A7476747E748B74FC
:10B330009E74A774CA74CF74D474F173E074E37408
:10B34000E774E974EE74F274F074F174F874F774DD
:10B350000475037505750C750E750D7515751375EA
:10B360001E7526752C753C7544754D754A75497565
:10B370005B7546755A756975647567756B756D751E
:10B38000787576758675877574758A758975827511
:10B3900094759A759D75A575A375C275B375C375BA
:10B3A000B575BD75B875BC75B175CD75CA75D275F5
:10B3B000D975E375DE75FE75FF75FC750176F07560
:10B3C000FA75F275F3750B760D7609761F7627768A
:10B3D0002076217622762476347630763B76477650
:10B3E000487646765C7658766176627668766976D7
:10B3F0006A7667766C7670767276767678767C7614
:10B400008076837688768B768E7696769376997626
:10B410009A76B076B476B876B976BA76C276CD76C4
:10B42000D676D276DE76E176E576E776EA762F8610
:10B43000FB76087707770477297724771E772577B7
:10B4400026771B773777387747775A7768776B7720
:10B450005B7765777F777E7779778E778B77917754
:10B46000A0779E77B077B677B977BF77BC77BD778F
:10B47000BB77C777CD77D777DA77DC77E377EE7767
:10B48000FC770C781278267920782A7945788E789E
:10B49000747886787C789A788C78A378B578AA784E
:10B4A000AF78D178C678CB78D478BE78BC78C578B8
:10B4B000CA78EC78E778DA78FD78F4780779127949
:10B4C000117919792C792B794079607957795F79DD
:10B4D0005A79557953797A797F798A799D79A779DB
:10B4E0004B9FAA79AE79B379B979BA79C979D57907
:10B4F000E779EC79E179E379087A0D7A187A197AA3
:10B50000207A1F7A8079317A3B7A3E7A377A437A89
:10B51000577A497A617A627A697A9D9F707A797AE4
:10B520007D7A887A977A957A987A967AA97AC87A7B
:10B53000B07AB67AC57AC47ABF7A8390C77ACA7A63
:10B54000CD7ACF7AD57AD37AD97ADA7ADD7AE17A76
:10B55000E27AE67AED7AF07A027B0F7B0A7B067B51
:10B56000337B187B197B1E7B357B287B367B507B9E
:10B570007A7B047B4D7B0B7B4C7B457B757B657BB2
:10B58000747B677B707B717B6C7B6E7B9D7B987B18
:10B590009F7B8D7B9C7B9A7B8B7B927B8F7B5D7B68
:10B5A000997BCB7BC17BCC7BCF7BB47BC67BDD7BAC
:10B5B000E97B117C147CE67BE57B607C007C077C6E
:10B5C000137CF37BF77B177C0D7CF67B237C277C3D
:10B5D0002A7C1F7C377C2B7C3D7C4C7C437C547CC0
:10B5E0004F7C407C507C587C5F7C647C567C657CC6
:10B5F0006C7C757C837C907CA47CAD7CA27CAB7CD9
:10B60000A17CA87CB37CB27CB17CAE7CB97CBD7CD7
:10B61000C07CC57CC27CD87CD27CDC7CE27C3B9B41
:10B62000EF7CF27CF47CF67CFA7C067D027D1C7D4E
:10B63000157D0A7D457D4B7D2E7D327D3F7D357D9F
:10B64000467D737D567D4E7D727D687D6E7D4F7D1E
:10B65000637D937D897D5B7D8F7D7D7D9B7DBA7DC7
:10B66000AE7DA37DB57DC77DBD7DAB7D3D7EA27DDD
:10B67000AF7DDC7DB87D9F7DB07DD87DDD7DE47DB7
:10B68000DE7DFB7DF27DE17D057E0A7E237E217ECF
:10B69000127E317E1F7E097E0B7E227E467E667E76
:10B6A0003B7E357E397E437E377E327E3A7E677EB4
:10B6B0005D7E567E5E7E597E5A7E797E6A7E697E8A
:10B6C0007C7E7B7E837ED57D7D7EAE8F7F7E887EF9
:10B6D000897E8C7E927E907E937E947E967E8E7EF8
:10B6E0009B7E9C7E387F3A7F457F4C7F4D7F4E7F8F
:10B6F000507F517F557F547F587F5F7F607F687F89
:10B70000697F677F787F827F867F837F887F877F5F
:10B710008C7F947F9E7F9D7F9A7FA37FAF7FB27F38
:10B72000B97FAE7FB67FB87F718BC57FC67FCA7F7A
:10B73000D57FD47FE17FE67FE97FF37FF97FDC98D7
:10B74000068004800B801280188019801C80218064
:10B7500028803F803B804A804680528058805A80B3
:10B760005F8062806880738072807080768079806C
:10B770007D807F808480868085809B8093809A8076
:10B78000AD809051AC80DB80E580D980DD80C480C5
:10B79000DA80D6800981EF80F1801B8129812381A5
:10B7A0002F814B818B9646813E8153815181FC8054
:10B7B00071816E81658166817481838188818A81CE
:10B7C00080818281A0819581A481A3815F81938101
:10B7D000A981B081B581BE81B881BD81C081C2819E
:10B7E000BA81C981CD81D181D981D881C881DA81DD
:10B7F000DF81E081E781FA81FB81FE8101820282A3
:10B80000058207820A820D821082168229822B828B
:10B81000388233824082598258825D825A825F82A6
:10B820006482628268826A826B822E8271827782EF
:10B8300078827E828D829282AB829F82BB82AC8232
:10B84000E182E382DF82D282F482F382FA829383FE
:10B850000383FB82F982DE820683DC820983D9823C
:10B860003583348316833283318340833983508315
:10B8700045832F832B831783188385839A83AA8319
:10B880009F83A283968323838E8387838A837C838B
:10B89000B58373837583A0838983A883F48313841A
:10B8A000EB83CE83FD830384D8830B84C183F7832A
:10B8B0000784E083F2830D8422842084BD8338844E
:10B8C0000685FB836D842A843C845A85848477842E
:10B8D0006B84AD846E848284698446842C846F84F6
:10B8E00079843584CA846284B984BF849F84D9846E
:10B8F000CD84BB84DA84D084C184C684D684A184F8
:10B900002185FF84F484178518852C851F8515856E
:10B910001485FC8440856385588548854185028669
:10B920004B8555858085A485888591858A85A885E0
:10B930006D8594859B85EA8587859C8577857E8541
:10B940009085C985BA85CF85B985D085D585DD85B2
:10B95000E585DC85F9850A8613860B86FE85FA85E2
:10B96000068622861A8630863F864D86554E548638
:10B970005F86678671869386A386A986AA868B864C
:10B980008C86B686AF86C486C686B086C98623886E
:10B99000AB86D486DE86E986EC86DF86DB86EF869C
:10B9A00012870687088700870387FB861187098728
:10B9B0000D87F9860A8734873F8737873B87258736
:10B9C00029871A8760875F8778874C874E877487B7
:10B9D000578768876E875987538763876A87058883
:10B9E000A2879F878287AF87CB87BD87C087D08795
:10B9F000D696AB87C487B387C787C687BB87EF87D1
:10BA0000F287E0870F880D88FE87F687F7870E8814
:10BA1000D28711881688158822882188318836882F
:10BA2000398827883B8844884288528859885E88AC
:10BA300062886B8881887E889E8875887D88B588B5
:10BA40007288828897889288AE889988A2888D8823
:10BA5000A488B088BF88B188C388C488D488D888AF
:10BA6000D988DD88F9880289FC88F488E888F2881A
:10BA700004890C890A89138943891E8925892A89A1
:10BA80002B89418944893B89368938894C891D89AC
:10BA900060895E89668964896D896A896F8974891C
:10BAA00077897E89838988898A8993899889A189F8
:10BAB000A989A689AC89AF89B289BA89BD89BF89AC
:10BAC000C089DA89DC89DD89E789F489F889038A04
:10BAD000168A108A0C8A1B8A1D8A258A368A418A10
:10BAE0005B8A528A468A488A7C8A6D8A6C8A628A14
:10BAF000858A828A848AA88AA18A918AA58AA68A46
:10BB00009A8AA38AC48ACD8AC28ADA8AEB8AF38A9D
:10BB1000E78AE48AF18A148BE08AE28AF78ADE8A6D
:10BB2000DB8A0C8B078B1A8BE18A168B108B178B99
:10BB3000208B338BAB97268B2B8B3E8B288B418BAB
:10BB40004C8B4F8B4E8B498B568B5B8B5A8B6B8BF5
:10BB50005F8B6C8B6F8B748B7D8B808B8C8B8E8BC8
:10BB6000928B938B968B998B9A8B3A8C418C3F8CD2
:10BB7000488C4C8C4E8C508C558C628C6C8C788C98
:10BB80007A8C828C898C858C8A8C8D8C8E8C948C12
:10BB90007C8C988C1D62AD8CAA8CBD8CB28CB38CC5
:10BBA000AE8CB68CC88CC18CE48CE38CDA8CFD8CAA
:10BBB000FA8CFB8C048D058D0A8D078D0F8D0D8DF4
:10BBC000108D4E9F138DCD8C148D168D678D6D8DC0
:10BBD000718D738D818D998DC28DBE8DBA8DCF8DF6
:10BBE000DA8DD68DCC8DDB8DCB8DEA8DEB8DDF8D17
:10BBF000E38DFC8D088E098EFF8D1D8E1E8E108E9E
:10BC00001F8E428E358E308E348E4A8E478E498EF0
:10BC10004C8E508E488E598E648E608E2A8E638E26
:10BC2000558E768E728E7C8E818E878E858E848EDA
:10BC30008B8E8A8E938E918E948E998EAA8EA18EE3
:10BC4000AC8EB08EC68EB18EBE8EC58EC88ECB8E9B
:10BC5000DB8EE38EFC8EFB8EEB8EFE8E0A8F058FC5
:10BC6000158F128F198F138F1C8F1F8F1B8F0C8FA7
:10BC7000268F338F3B8F398F458F428F3E8F4C8F6E
:10BC8000498F468F4E8F578F5C8F628F638F648F83
:10BC90009C8F9F8FA38FAD8FAF8FB78FDA8FE58F7C
:10BCA000E28FEA8FEF8F8790F48F0590F98FFA8FEC
:10BCB0001190159021900D901E9016900B9027904A
:10BCC000369035903990F88F4F9050905190529017
:10BCD0000E9049903E90569058905E9068906F906C
:10BCE0007690A896729082907D90819080908A90B4
:10BCF00089908F90A890AF90B190B590E290E49029
:10BD00004862DB90029112911991329130914A91DF
:10BD100056915891639165916991739172918B914C
:10BD200089918291A291AB91AF91AA91B591B49171
:10BD3000BA91C091C191C991CB91D091D691DF9127
:10BD4000E191DB91FC91F591F6911E92FF91149295
:10BD50002C92159211925E9257924592499264925A
:10BD6000489295923F924B9250929C9296929392C7
:10BD70009B925A92CF92B992B792E9920F93FA920C
:10BD800044932E93199322931A9323933A933593C2
:10BD90003B935C9360937C936E935693B093AC9378
:10BDA000AD939493B993D693D793E893E593D893AF
:10BDB000C393DD93D093C893E4931A94149413948B
:10BDC00003940794109436942B94359421943A94C8
:10BDD0004194529444945B94609462945E946A9407
:10BDE00029927094759477947D945A947C947E945F
:10BDF00081947F94829587958A9594959695989548
:10BE00009995A095A895A795AD95BC95BB95B99525
:10BE1000BE95CA95F66FC395CD95CC95D595D4951D
:10BE2000D695DC95E195E595E295219628962E9696
:10BE30002F9642964C964F964B9677965C965E96CA
:10BE40005D965F96669672966C968D969896959688
:10BE50009796AA96A796B196B296B096B496B696CD
:10BE6000B896B996CE96CB96C996CD964D89DC9666
:10BE70000D97D596F99604970697089713970E97FE
:10BE800011970F971697199724972A9730973997F4
:10BE90003D973E97449746974897429749975C97B6
:10BEA0006097649766976897D2526B977197799766
:10BEB00085977C9781977A9786978B978F9790979E
:10BEC0009C97A897A697A397B397B497C397C6973D
:10BED000C897CB97DC97ED974F9FF297DF7AF6974D
:10BEE000F5970F980C9838982498219837983D9892
:10BEF00046984F984B986B986F9870987198749873
:10BF00007398AA98AF98B198B698C498C398C698F1
:10BF1000E998EB980399099912991499189921991C
:10BF20001D991E99249920992C992E993D993E99F5
:10BF300042994999459950994B99519952994C99DF
:10BF4000559997999899A599AD99AE99BC99DF990A
:10BF5000DB99DD99D899D199ED99EE99F199F299FA
:10BF6000FB99F899019A0F9A059AE299199A2B9AD6
:10BF7000379A459A429A409A439A3E9A559A4D9AD0
:10BF80005B9A579A5F9A629A659A649A699A6B9AD1
:10BF90006A9AAD9AB09ABC9AC09ACF9AD19AD39A1B
:10BFA000D49ADE9ADF9AE29AE39AE69AEF9AEB9AAB
:10BFB000EE9AF49AF19AF79AFB9A069B189B1A9BB1
:10BFC0001F9B229B239B259B279B289B299B2A9B6E
:10BFD0002E9B2F9B329B449B439B4F9B4D9B4E9B89
:10BFE000519B589B749B939B839B919B969B979B88
:10BFF0009F9BA09BA89BB49BC09BCA9BB99BC69BC5
:10C00000CF9BD19BD29BE39BE29BE49BD49BE19B88
:10C010003A9CF29BF19BF09B159C149C099C139CF1
:10C020000C9C069C089C129C0A9C049C2E9C1B9CAD
:10C03000259C249C219C309C479C329C469C3E9C89
:10C040005A9C609C679C769C789CE79CEC9CF09C3E
:10C05000099D089DEB9C039D069D2A9D269DAF9DF5
:10C06000239D1F9D449D159D129D419D3F9D3E9D7D
:10C07000469D489D5D9D5E9D649D519D509D599D31
:10C08000729D899D879DAB9D6F9D7A9D9A9DA49D74
:10C09000A99DB29DC49DC19DBB9DB89DBA9DC69DE5
:10C0A000CF9DC29DD99DD39DF89DE69DED9DEF9DB1
:10C0B000FD9D1A9E1B9E1E9E759E799E7D9E819E55
:10C0C000889E8B9E8C9E929E959E919E9D9EA59EE7
:10C0D000A99EB89EAA9EAD9E6197CC9ECE9ECF9EF5
:10C0E000D09ED49EDC9EDE9EDD9EE09EE59EE89E78
:10C0F000EF9EF49EF69EF79EF99EFB9EFC9EFD9E93
:10C10000079F089FB776159F219F2C9F3E9F4A9FB0
:10C11000529F549F639F5F9F609F619F669F679F31
:10C120006C9F6A9F779F729F769F959F9C9FA09F11
:10C130002F58C76959906474DC5199719C4E1655FB
:10C14000035A3F96C0541B612863F65922907584A8
:10C150001C83507AAA60E163256EED656684A68231
:10C16000F59B93682757A16571629B5BD0597B86CD
:10C17000F498627DBE7D8E9B16629F7CB788895B3A
:10C18000B55E096397664868C7958D974F67E54E1A
:10C190000A4F4D4F9D4F4950F2563759D459015AC5
:10C1A000095CDF600F61706113660569BA704F75D5
:10C1B0007075FB79AD7DEF7DC3800E846388028B43
:10C1C00055907A903B53954EA54EDF57B280C19063
:10C1D000EF78004EF158A26E3890327A28838B8225
:10C1E0002F9C41517053BD54E154E056FB59155FEB
:10C1F000F298EB6DE4802D8562967096A096FB9781
:10C200000B54F353875BCF70BD7FC28FE8966F539B
:10C210005C9DBA7A114E9378FC81266E18560455AF
:10C220001D6B1A853B9CE559A953666DDC748F958F
:10C230004256914E4B90F2964F830C99E153B6556E
:10C24000305B715F2066F3660468386CF36C296DAF
:10C250005B74C8764E7A3498F1825B88608AED927E
:10C26000B26DAB75CA76C599A660018B8A8DB29501
:10C270008E69AD538651125730584459B45BF65EFF
:10C280002860A963F463BF6C146F8E7014715971C8
:10C29000D5713F73017E7682D182978560905B92E3
:10C2A0001B9D6958BC655A6C2575F9512E59655905
:10C2B000805FDC5FBC62FA652A6A276BB46B8B73A4
:10C2C000C17F56892C9D0E9DC49EA15C966C7B837C
:10C2D00004514B5CB661C68176686172594EFA4F63
:10C2E00078536960296E4F7AF3970B4E1653EE4ED2
:10C2F000554F3D4FA14F734FA052EF5309560F5961
:10C30000C15AB65BE15BD17987669C67B6674C6BB7
:10C31000B36C6B70C2738D79BE793C7A877BB182C6
:10C32000DB8204837783EF83D3836687B28A2956BF
:10C33000A88CE68F4E901E978A86C44FE85C1162E7
:10C3400059723B75E581BD82FE86C08CC5961399F6
:10C35000D599CB4E1A4FE389DE564A58CA58FB5E30
:10C36000EB5F2A6094606260D0611262D0623965CE
:10C37000419B6666B068776D70704C758676757D8A
:10C38000A582F9878B958E969D8CF151BE521659D8
:10C39000B354B35B165D68618269AF6D8D78CB84F1
:10C3A0005788728AA793B89A6C6DA899D986A357B3
:10C3B000FF67CE860E92835287560454D35EE162A5
:10C3C000B9643C683868BB6B7273BA786B7A9A89C7
:10C3D000D2896B8D038FED90A39594966997665BD8
:10C3E000B35C7D694D984E989B63207B2B6A7F6A76
:10C3F000B6680D9C5F6F72529D557060EC623B6D2C
:10C40000076ED16E5B841089448F144E399CF653AD
:10C410001B693A6A84972A685C51C37AB284DC91BA
:10C420008C935B56289D226805833184A57C085235
:10C43000C582E6747E4E834FA051D25B0A52D85219
:10C44000E752FB5D9A552A58E6598C5B985BDB5B9B
:10C45000725E795EA3601F616361BE61DB636265CA
:10C46000D1675368FA683E6B536B576C226F976FB6
:10C47000456FB0741875E3760B77FF7AA17B217C4A
:10C48000E97D367FF07F9D8066829E83B389CC8A6A
:10C49000AB8C8490519493959195A2956596D39782
:10C4A00028991882384E2B54B85CCC5DA9734C7611
:10C4B0003C77A95CEB7F0B8DC196119854985898E6
:10C4C000014F0E4F71539C556856FA574759095BF7
:10C4D000C45B905C0C5E7E5ECC5FEE633A67D765B2
:10C4E000E2651F67CB68C4685F6A305EC56B176C16
:10C4F0007D6C7F754879635B007A007DBD5F8F89B5
:10C50000188AB48C778DCC8E1D8FE2980E9A3C9B46
:10C51000804E7D50005193599C5B2F628062EC6489
:10C520003A6BA07291754779A97FFB87BC8A708BA3
:10C53000AC63CA83A09709540354AB555468586A36
:10C54000708A27787567CD9E7453A25B1A815086D6
:10C550000690184E454EC74E114FCA533854AE5B25
:10C56000135F256051653D67426C726CE36C7870B7
:10C570000374767AAE7A087B1A7DFE7C667DE76569
:10C580005B72BB53455CE85DD262E0621963206E6A
:10C590005A86318ADD8DF892016FA6795A9BA84E92
:10C5A000AB4EAC4E9B4FA04FD1504751F67A7151D4
:10C5B000F651545321537F53EB53AC558358E15CF0
:10C5C000375F4A5F2F6050606D601F6359654B6A2B
:10C5D000C16CC272ED72EF77F880058108824E85DA
:10C5E000F790E193FF9757995A9AF04EDD512D5CE1
:10C5F00081666D69405CF266756989735068817CFB
:10C60000C550E4524757FE5D2693A465236B3D6BEE
:10C6100034748179BD794B7BCA7DB982CC837F88A4
:10C620005F89398BD18FD1911F5480925D4E3650E6
:10C63000E5533A53D7729673E977E682AF8EC6997F
:10C64000C899D29977511A615E86B0557A7A765038
:10C65000D35B47908596324EDB6AE791515C485C2C
:10C6600098639F7A936C7497618FAA7A8A7188967F
:10C67000827C1768707E51686C93F2521B54AB85B4
:10C68000138AA47FCD8EE190665388884179C24F8A
:10C69000BE501152445153552D57EA738B5751597F
:10C6A000625F845F756076616761A961B2633A64B5
:10C6B0006C656F664268136E66753D7AFB7C4C7DD7
:10C6C000997D4B7E6B7F0E834A83CD86088A638A71
:10C6D000668BFD8E1A988F9DB882CE8FE89B87520D
:10C6E0001F628364C06F999641689150206B7A6C89
:10C6F000546F747A507D4088238A0867F64E39500B
:10C70000265065507C5138526352A7550F57055833
:10C71000CC5AFA5EB261F861F36272631C69296AED
:10C720007D72AC722E7314786F78797D0C77A98046
:10C730008B89198BE28CD28E639075937A9655987B
:10C74000139A789E43519F53B3537B5E265F1B6EB3
:10C75000906E8473FE73437D3782008AFA8A509606
:10C760004E4E0B50E4537C54FA56D159645BF15D44
:10C77000AB5E275F38624565AF67566ED072CA7C84
:10C78000B488A180E180F0834E86878AE88D379255
:10C79000C7966798139F944E924E0D4F4853495435
:10C7A0003E542F5A8C5FA15F9F60A7688E6A5A74AF
:10C7B00081789E8AA48A778B90915E4EC99BA44E05
:10C7C0007C4FAF4F1950165049516C519F52B9527E
:10C7D000FE529A53E35311540E5489555157A257A0
:10C7E0007D59545B5D5B8F5BE55DE75DF75D785E72
:10C7F000835E9A5EB75E185F52604C619762D86242
:10C80000A7633B6502664366F4666D6721689768B7
:10C81000CB695F6C2A6D696D2F6E9D6E3275877660
:10C820006C783F7AE07C057D187D5E7DB17D15805A
:10C830000380AF80B18054818F812A8252834C88DB
:10C8400061881B8BA28CFC8CCA90759171923F7889
:10C85000FC92A4954D9605989999D89A3B9D5B5268
:10C86000AB52F7530854D558F762E06F6A8C5F8F6C
:10C87000B99E4B513B524A54FD56407A7791609D88
:10C88000D29E4473096F70811175FD5FDA60A89ABA
:10C89000DB72BC8F646B0398CA4EF0566457BE5867
:10C8A0005A5A6860C7610F6606663968B168F76DE5
:10C8B000D5753A7D6E82429B9B4E504FC9530655AB
:10C8C0006F5DE65DEE5DFB67996C73740278508A6C
:10C8D0009693DF885057A75E2B63B550AC508D51AF
:10C8E0000067C9545E58BB59B05B695F4D62A16374
:10C8F0003D68736B086E7D70C791807215782678DD
:10C900006D798E65307DDC83C188098F9B9664527A
:10C91000285750676A7FA18CB45142572A963A58DB
:10C920008A69B480B2540E5DFC579578FA9D5C4FCD
:10C930004A528B543E6428661467F567847A567BA6
:10C94000227D2F935C68AD9B397B19538A513752F6
:10C95000DF5BF662AE64E6642D67BA6BA985D1969B
:10C960009076D69B4C630693AB9BBF765266094E7E
:10C970009850C253715CE860926463655F68E671C9
:10C98000CA732375977B827E9586838BDB8C789127
:10C990001099AC65AB668B6BD54ED44E3A4F7F4F3A
:10C9A0003A52F853F253E355DB56EB58CB59C95979
:10C9B000FF59505B4D5C025E2B5ED75F1D600763C5
:10C9C0002F655C5BAF65BD65E8659D67626B7B6BE2
:10C9D0000F6C45734979C179F87C197D2B7DA28054
:10C9E0000281F38196895E8A698A668A8C8AEE8AD8
:10C9F000C78CDC8CCC96FC986F6B8B4E3C4F8D4F6C
:10CA00005051575BFA5B486101634266216BCB6E04
:10CA1000BB6C3E72BD74D475C1783A790C8033809A
:10CA2000EA8194849E8F506C7F9E0F5F588B2B9D64
:10CA3000FA7AF88E8D5BEB96034EF153F757315926
:10CA4000C95AA45B89607F6E066FBE75EA8C9F5BD6
:10CA50000085E07B7250F4679D82615C4A851E7E92
:10CA60000E829951045C6863668D9C656E713E7997
:10CA7000177D05801D8BCA8E6E90C786AA901F50A9
:10CA8000FA523A5C53677C7035724C91C8912B9383
:10CA9000E582C25B315FF9603B4ED653885B4B62E7
:10CAA00031678A6BE972E0732E7A6B81A38D5291A4
:10CAB00096991251D7536A54FF5B8863396AAC7DEB
:10CAC0000097DA56CE536854975B315CDE5DEE4FCB
:10CAD0000161FE62326DC079CB79427D4D7ED27F9D
:10CAE000ED811F82908446887289908B748E2F8F7F
:10CAF00031904B916C91C6969C91C04E4F4F4551D1
:10CB00004153935F0E62D467416C0B6E6373267E54
:10CB1000CD918392D4531959BF5BD16D5D792E7E2F
:10CB20009B7C7E589F71FA515388F08FCA4FFB5CF3
:10CB30002566AC77E37A1C82FF99C651AA5FEC6543
:10CB40006F69896BF36D966E646FFE76147DE15D9F
:10CB5000759087910698E6511D5240629166D9669C
:10CB60001A6EB65ED27D727FF866AF85F785F88A59
:10CB7000A952D95373598F5E905F5560E4926496C1
:10CB8000B7501F51DD5220534753EC53E8544655DC
:10CB9000315517566859BE593C5AB55B065C0F5C57
:10CBA000115C1A5C845E8A5EE05E705F7F62846204
:10CBB000DB628C63776307660C662D6676667E673C
:10CBC000A2681F6A356ABC6C886D096E586E3C712C
:10CBD00026716771C77501775D7801796579F0799C
:10CBE000E07A117BA77C397D9680D6838B8449853A
:10CBF0005D88F3881F8A3C8A548A738A618CDE8C34
:10CC0000A49166927E9318949C9698970A4E084E2B
:10CC10001E4E574E97517052CE573458CC58225B07
:10CC2000385EC560FE6461675667446DB6727375A1
:10CC3000637AB884728BB89120933156F457FE987A
:10CC4000ED620D69966BED71547E77807282E68994
:10CC5000DF985587B18F3B5C384FE14FB54F075593
:10CC6000205ADD5BE95BC35F4E612F63B0654B66A5
:10CC7000EE689B69786DF16D3375B9751F775E79D4
:10CC8000E679337DE381AF82AA85AA893A8AAB8EA1
:10CC90009B8F3290DD910797BA4EC14E0352755863
:10CCA000EC580B5C1A753D5C4E810A8AC58F639601
:10CCB0006D97257BCF8A08986291F356A8531790F9
:10CCC00039548257255EA863346C8A7061778B7CF7
:10CCD000E07F708842905491109318938F965E7401
:10CCE000C49A075D695D7065A267A88DDB966E6367
:10CCF00049671969C5831798C096FE88846F7A645E
:10CD0000F85B164E2C705D752F66C4513652E25298
:10CD1000D359815F276010623F6574651F66746632
:10CD2000F2681668636B056E72721F75DB76BE7CE7
:10CD30005680F058FD887F89A08A938ACB8A1D90FF
:10CD400092915297599789650E7A0681BB962D5E0E
:10CD5000DC601A62A56514669067F3774D7A4D7CA6
:10CD60003E7E0A81AC8C648DE18D5F8EA97807527E
:10CD7000D962A563426498622D8A837AC07BAC8AAB
:10CD8000EA96767D0C824987D94E485143536053C9
:10CD9000A35B025C165CDD5D26624762B0641368CB
:10CDA0003468C96C456D176DD3675C6F4E717D71CA
:10CDB000CB657F7AAD7BDA7D4A7EA87F7A811B8244
:10CDC0003982A6856E8ACE8CF58D78907790AD925B
:10CDD00091928395AE9B4D528455386F3671685150
:10CDE0008579557EB381CE7C4C565158A85CAA6398
:10CDF000FE66FD665A69D9728F758E750E79567901
:10CE0000DF79977C207D447D0786348A3B9661904C
:10CE1000209FE7507552CC53E2530950AA55EE5863
:10CE20004F593D728B5B645C1D53E360F3605C6340
:10CE300083633F63BB63CD64E965F966E35DCD69F8
:10CE4000FD69156FE571894EE975F876937ADF7C97
:10CE5000CF7D9C7D6180498358836C84BC84FB8535
:10CE6000C588708D01906D9097931C97129ACF5042
:10CE700097588E61D3813585088D2090C34F7450AB
:10CE8000475273536F6049635F672C6EB38D1F9079
:10CE9000D74F5E5CCA8CCF659A7D52539688765187
:10CEA000C363585B6B5B0A5C0D6451675C90D64E44
:10CEB0001A592A59706C518A3E551558A559F06077
:10CEC0005362C167358255694096C499289A534F79
:10CED0000658FE5B1080B15C2F5E855F20604B6161
:10CEE0003462FF66F06CDE6ECE807F81D4828B88E8
:10CEF000B88C00902E908A96DB9EDB9BE34EF0531D
:10CF000027592C7B8D914C98F99DDD6E27705353DA
:10CF10004455855B58629E62D362A26CEF6F2274A7
:10CF2000178A3894C16FFE8A3883E751F886EA532E
:10CF3000E953464F5490B08F6A593181FD5DEA7ACA
:10CF4000BF8FDA68378CF872489C3D6AB08A394ED8
:10CF5000585306566657C562A263E6654E6BE16D8F
:10CF60005B6EAD70ED77EF7AAA7BBB7D3D80C680AE
:10CF7000CB86958A5B93E356C7583E5FAD65966650
:10CF8000806AB56B3775C78A2450E57730571B5FC9
:10CF900065607A66606CF4751A7A6E7FF481188722
:10CFA0004590B399C97B5C75F97A517BC484109024
:10CFB000E979927A3683E15A40772D4EF24E995BA9
:10CFC000E05FBD623C66F167E86C6B8677883B8A00
:10CFD0004E91F392D099176A26702A73E78257848C
:10CFE000AF8C014E4651CB518B55F55B165E335ECF
:10CFF000815E145F355F6B5FB45FF2611163A2669F
:10D000001D676E6F52723A753A77748039817881F4
:10D010007687BF8ADC8A858DF38D9A927795029800
:10D02000E59CC5525763F4761567886CCD73C38C45
:10D03000AE937396256D9C580E69CC69FD8F9A93BB
:10D04000DB751A905A580268B463FB69434F2C6F22
:10D05000D867BB8F2685B47D54933F69706F6A573C
:10D06000F7582C5B2C7D2A720A54E391B49DAD4E87
:10D070004E4F5C50755043529E8C485424589A5BD6
:10D080001D5E955EAD5EF75E1F5F8C60B5623A63B4
:10D09000D063AF68406C87788E790B7AE07D4782E9
:10D0A000028AE68A448E1390B8902D91D8910E9FF3
:10D0B000E56C5864E2647565F46E84761B7B699058
:10D0C000D193BA6EF254B95FA4644D8FED8F449240
:10D0D00078516B582959555C975EFB6D8F7E1C7596
:10D0E000BC8CE28E5B98B9701D4FBF6BB16F307511
:10D0F000FB964E51105435585758AC59605C925FAE
:10D1000097655C67216E7B76DF83ED8C1490FD90D4
:10D110004D9325783A78AA52A65E1F57745912602B
:10D1200012505A51AC51CD510052105554585858C4
:10D130005759955BF65C8B5DBC6095622D64716799
:10D140004368BC68DF68D776D86D6F6E9B6D6F7073
:10D15000C871535FD8757779497B547B527BD67CF5
:10D16000717D305263846985E4850E8A048B468C18
:10D170000F8E03900F90199476962D98309AD8952B
:10D18000CD50D5520C5402580E5CA7619E641E6DA2
:10D19000B377E57AF480048453908592E05C079D30
:10D1A0003F53975FB35F9C6D79726377BF79E47B80
:10D1B000D26BEC72AD8A0368616AF851817A346986
:10D1C0004A5CF69CEB82C55B49911E7078566F5C99
:10D1D000C76066658C6C5A8C419013985154C76631
:10D1E0000D924859A39085514D4EEA5199850E8B69
:10D1F00058707A634B936269B499047E777557537C
:10D200006069DF8EE3965D6C8C4E3C5C105FE98F4D
:10D210000253D18C89807986FF5EE565734E655136
:10D2200082593F5CEE97FB4E8A59CD5F8D8AE16F44
:10D23000B0796279E75B71842B73B171745EF55FCD
:10D240007B639A64C371987C434EFC5E4B4EDC5703
:10D25000A256A960C36F0D7DFD803381BF81B28F5F
:10D260009789A486F45D8A62AD6487897767E26CEA
:10D270003E6D36743478465A757FAD82AC99F34F63
:10D28000C35EDD62926357656F67C3764C72CC8074
:10D29000BA80298F4D910D50F957925A856873695C
:10D2A0006471FD72B78CF258E08C6A9619907F8792
:10D2B000E479E77729842F4F65525A53CD62CF67BF
:10D2C000CA6C7D76947B957C36828485EB8FDD6697
:10D2D000206F06721B7EAB83C199A69EFD51B17B68
:10D2E0007278B87B8780487BE86A615E8C80517574
:10D2F00060756B5162928C6E7A769791EA9A104FB4
:10D30000707F9C624F7BA595E99C7A565958E486BC
:10D31000BC96344F24524A53CD53DB53065E2C64E3
:10D3200091657F673E6C4E6C4872AF72ED735475B9
:10D33000417E2C82E985A98CC47BC69169711298C3
:10D34000EF983D6369666A75E476D0784385EE862A
:10D350002A53515326548359875E7C5FB2604962D9
:10D360007962AB629065D46BCC6CB275AE76917815
:10D37000D879CB7D777FA580AB88B98ABB8C7F902D
:10D380005E97DB980B6A387C99503E5CAE5F87678E
:10D39000D86B357409778E7F3B9FCA67177A3953EC
:10D3A0008B75ED9A665F9D81F18398803C5FC55FC8
:10D3B0006275467B3C906768EB599B5A107D7E7680
:10D3C0002C8BF54F6A5F196A376C026FE2746879CB
:10D3D0006888558A798CDF5ECF63C575D279D7822C
:10D3E0002893F2929C84ED862D9CC1546C5F8C65D1
:10D3F0005C6D1570A78CD38C3B984F65F6740D4E01
:10D40000D84EE0572B59665ACC5BA851035E9C5E00
:10D41000166076627765A7656E666E6D3672267BDE
:10D4200050819A8199825C8BA08CE68C748D1C96BD
:10D430004496AE4FAB64666B1E8261846A85E89049
:10D44000015C5369A8987A8457850F4F6F52A95F82
:10D45000455E0D678F79798107898689F56D175F3C
:10D460005562B86CCF4E6972929B06523B5474560B
:10D47000B358A4616E621A716E59897CDE7C1B7D83
:10D48000F09687655E80194E754F75514058635E02
:10D49000735E0A5FC467264E3D8589955B96737CF3
:10D4A0000198FB50C1585676A7782552A57711856B
:10D4B000867B4F5009594772C77BE87DBA8FD48F5E
:10D4C0004D90BF4FC952295A015FAD97DD4F17826A
:10D4D000EA9203575563696B2B75DC88148F427A87
:10D4E000DF52935855610A62AE66CD6B3F7CE9838B
:10D4F0002350F84F05534654315849599D5BF05C11
:10D50000EF5C295D965EB16267633E65B9650B6746
:10D51000D56CE16CF97032782B7EDE80B3820C849E
:10D52000EC84028712892A8A4A8CA690D292FD98AE
:10D53000F39C6C9D4F4EA14E8D5056524A57A859A0
:10D540003D5ED85FD95F3F62B4661B67D067D26823
:10D550009251217DAA80A881008B8C8CBF8C7E92F9
:10D56000329620542C981753D5505C53A858B26467
:10D57000346767726677467AE691C352A16C866B10
:10D5800000584C5E54592C67FB7FE151C6766964A4
:10D59000E878549BBB9ECB57B95927669A67CE6BE8
:10D5A000E954D969555E9C819567AA9BFE67529C98
:10D5B0005D68A64EE34FC853B9622B67AB6CC48F4E
:10D5C000AD4F6D7EBF9E074E6261806E2B6F1385DF
:10D5D00073542A67459BF35D957BAC5CC65B1C87E7
:10D5E0004A6ED184147A088199598D7C116C207708
:10D5F000D952225921715F72DB772797619D0B69A0
:10D600007F5A185AA5510D547D540E66DF76F78F58
:10D610009892F49CEA595D72C56E4D51C968BF7D00
:10D62000EC7D6297BA9E7864216A028384595F5BBD
:10D63000DB6B1B73F276B27D1780998432512867B9
:10D64000D99EEE766267FF520599245C3B627E7C30
:10D65000B08C4F55B6600B7D809501535F4EB6512F
:10D660001C593A723680CE91255FE2778453795FF8
:10D67000047DAC85338A8D8E5697F367AE855394BF
:10D6800009610861B96C5276ED8A388F2F55514F78
:10D690002A51C752CB53A55B7D5EA0608261D663E1
:10D6A0000967DA67676E8C6D367337733175507939
:10D6B000D588988A4A909190F590C4968D8715598F
:10D6C000884E594F0E4E898A3F8F1098AD507C5E20
:10D6D0009659B95BB85EDA63FA63C164DC664A697D
:10D6E000D8690B6DB66E94712875AF7A8A7F008009
:10D6F0004984C9848189218B0A8E65907D960A9917
:10D700007E619162326B836C746DCC7FFC7FC06DE7
:10D71000857FBA87F8886567B1833C98F7961B6D5B
:10D72000617D3D846A91714E7553505D046BEB6F62
:10D73000CD852D86A78929520F54655C4E67A86850
:10D7400006748374E275CF88E188CC91E29678966E
:10D750008B5F8773CB7A4E84A06365758952416D68
:10D760009C6E097459756B78927C8696DC7A8D9FD5
:10D77000B64F6E61C5655C86864EAE4EDA50214E60
:10D78000CC51EE5B99658168BC6D1F734276AD77B5
:10D790001C7AE77C6F82D28A7C90CF91759618981C
:10D7A0009B52D17D2B5098539767CB6DD0713374BA
:10D7B000E8812A8FA396579C9F9E60744158996D6B
:10D7C0002F7D5E98E44E364F8B4FB751B152BA5D04
:10D7D0001C60B2733C79D3823492B796F6960A975E
:10D7E000979E629FA666746B1752A352C870C28838
:10D7F000C95E4B609061236F49713E7CF47D6F8000
:10D80000EE8423902C9342546F9BD36A8970C28C10
:10D81000EF8D3297B452415ACA5E045F17677C6934
:10D8200094696A6D0F6F6272FC72ED7B01807E807D
:10D830004B87CE906D51939E84798B803293D68A9C
:10D840002D508C54718A6A6BC48C0781D160A0679B
:10D85000F29D994E984E109C6B8AC185688500692F
:10D860007E6E977855810000002502250C25102535
:10D87000182514251C252C25242534253C25012577
:10D8800003250F2513251B251725232533252B2598
:10D890003B254B2520252F25282537253F251D25D0
:10D8A00030252525382542251004110412041304BF
:10D8B00014041504010416041704180419041A04A6
:10D8C0001B041C041D041E041F0420042104220444
:10D8D00023042404250426042704280429042A04F4
:10D8E0002B042C042D042E042F0400000000000043
:10D8F0000000000000000000000000000000000028
:10D900000000000000000000300431043204330441
:10D9100034043504510436043704380439043A0415
:10D920003B043C043D043E043F04400441044204E3
:10D9300043044404450446044704480449044A0493
:10D940004B044C044D044E044F0400009103920319
:10D9500093039403950396039703980399039A03FB
:10D960009B039C039D039E039F03A003A103A303AA
:10D97000A403A503A603A703A803A90300000000AE
:10D98000000000000000000000000000B103B2032E
:10D99000B303B403B503B603B703B803B903BA03BB
:10D9A000BB03BC03BD03BE03BF03C003C103C3036A
:10D9B000C403C503C603C703C803C90300000000AE
:10D9C0000000000000000000000000010101010152
:10D9D000010101010100000000000000010101013E
:10D9E0000101010101010101010101010101010127
:10D9F000010101010101000000000000000101011E
:10DA00000101010101010101010101010101010106
:10DA10000101010101010100C625A125A025B325B1
:10DA2000B225BD25BC253B201230922190219121A9
:10DA300093211330000000000000000000000000EF
:10DA40000000000000000000000008220B228622D7
:10DA50008722822283222A2229220000000000003D
:10DA60000000000000000000000027222822AC0077
:10DA7000D221D4210022032229220000000000002C
:10DA80000000000000000000000000000000202254
:10DA9000A522122302220722612252226A226B222D
:10DAA0001A223D221D2235222B222C2200000000AA
:10DAB000000000000000000000002B2130206F2635
:10DAC0006D266A2620202120B6002C2200000000AE
:10DAD0000000EF250030013002300CFF0EFFFB305C
:10DAE0001AFF1BFF1FFF01FF9B309C30B40040FF5B
:10DAF000A8003EFF3E203FFFFD30FE309D309E30AF
:10DB00000330DD4E053006300730FC301420102085
:10DB10000FFF3CFF1C3016205CFF2620252018201C
:10DB200019201C201D2008FF09FF143015303BFF71
:10DB30003DFF5BFF5DFF083009300A300B300C30D1
:10DB40000D300E300F30103011300BFF1222B100AB
:10DB5000D700F7001DFF60221CFF1EFF6622672210
:10DB60001E22342242264026B000322033200321D8
:10DB7000A50004FFA200A30005FF03FF06FF0AFFA4
:10DB800020FFA70006260526CB25CF25CE25C725B5
:10DB9000000000001F001C200000000014210000F5
:10DBA00002001624000000001425000002001528C1
:10DBB00000000000112900000000142A00000000ED
:10DBC000182B00000000142C00000000102D000095
:10DBD0000000142E000001000C3000000900143A6F
:10DBE00000000100183C00000200143F000001008A
:10DBF000034100001900155B00000000145C0000E8
:10DC00000000115D00000000175E000000000F5FC3
:10DC10000000000017600000000003610000190010
:10DC2000157B00000000187C00000000117D000042
:10DC30000000187E00000000007F000020001CA0F3
:10DC40000000000014A10000000016A20000030064
:10DC500019A60000000014A70000000017A800008B
:10DC6000000019A90000000006AA0000000013AB84
:10DC70000000000018AC0000000001AD0000000032
:10DC800019AE0000000017AF0000000019B000003E
:10DC9000000018B1000000000EB20000010017B42F
:10DCA0000000000003B50000000014B600000100F1
:10DCB00017B8000000000EB90000000006BA00000E
:10DCC000000012BB000000000EBC0000020014BFE8
:10DCD0000000000003C00000160018D7000000007C
:10DCE00003D80000060004DF0000000003E000008D
:10DCF000160018F70000000003F800003F00043889
:10DD000001000000033901000F0004490100000078
:10DD1000034A01004200048D01000000038E01004F
:10DD20000C00049B01000000039C01000D0004AAEC
:10DD30000100010003AC01000D0004BA0100000065
:10DD400006BB0100000003BC0100010004BE01008D
:10DD5000000003BF0100000006C00100030003C46F
:10DD60000100000007C50100000003C6010001001A
:10DD700007C80100000003C90100010007CB010032
:10DD8000000003CC0100230004F00100000003F1B7
:10DD90000100000007F20100000003F301002D0064
:10DDA00004210200000003220200110004340200DA
:10DDB0000500033A02001A00045502000000035651
:10DDC0000200010004580200000003590200000094
:10DDD000045A02000000035B02000100045D02001F
:10DDE00002000360020001000462020000000363FD
:10DDF000020000000464020000000365020001004C
:10DE0000046702000000036802000400046D0200C1
:10DE10000100036F020000000470020000000371A3
:10DE200002000100047302000100037502000000FB
:10DE3000047602000600037D02000000047E02005A
:10DE40000100038002000000048102000000038240
:10DE500002000100048402000200038702000500A2
:10DE6000048D0200040003920200000004930200EB
:10DE70000000069402000000049502000700039DC4
:10DE800002000100049F0200100005B00200110012
:10DE900017C20200030005C602000B0017D20200E1
:10DEA0000D0005E00200040017E50200060005EC85
:10DEB0000200000017ED0200000005EE0200000065
:10DEC00017EF020010000B0003006F000370030047
:10DED00003000574030000001775030000000376BB
:10DEE00003000100057A03000000037B0300020029
:10DEF000147E03000000037F03000000178403006A
:10DF0000010003860300000014870300000003885B
:10DF100003000200038C03000000038E03000100D5
:10DF200004900300000003910300100003A303000A
:10DF30000C0004B00300000003B10300200008D26D
:10DF40000300020003D50300200018F603000000C0
:10DF500003F70300040004FC0300000003FD0300BA
:10DF600084001982040000000B83040004000A8866
:10DF700004000100038A0400A50003310500250008
:10DF8000055905000000145A05000500046005004D
:10DF900000000361050025000487050001001489C5
:10DFA00005000000108A05000000198D0500010021
:10DFB000168F050000000B9105002C0010BE050017
:10DFC00000000BBF0500000014C0050000000BC1DD
:10DFD0000500010014C3050000000BC4050001008A
:10DFE00014C6050000000BC70500000006D00500A0
:10DFF0001A0006EF0500030014F3050001000100FC
:10E0000006000500180606000200140906000100BB
:10E01000160B06000000140C06000100190E060085
:10E0200001000B1006000A00141B06000000011C72
:10E0300006000000141D06000200062006001F0056
:10E040000540060000000641060009000B4B0600D3
:10E0500014000C6006000900146A06000300066E36
:10E06000060001000B700600000006710600620049
:10E0700014D40600000006D5060000000BD60600EA
:10E08000060001DD0600000019DE060000000BDFBF
:10E090000600050005E5060001000BE7060001008B
:10E0A00019E9060000000BEA0600030006EE060070
:10E0B00001000CF00600090006FA0600020019FD36
:10E0C0000600010006FF06000000140007000D0016
:10E0D000010F070000000610070000000B110700E9
:10E0E0000000061207001D000B3007001A00064D45
:10E0F000070058000BA607000A0006B10700000041
:10E100000CC00700090006CA070020000BEB07003F
:10E11000080005F40700010019F60700000014F7D5
:10E120000700020005FA070000000BFD07000000D1
:10E1300016FE070001000600080015000B16080077
:10E140000300051A080000000B1B08000800052446
:10E15000080000000B250800020005280800000048
:10E160000B2908000400143008000E0006400800C7
:10E1700018000B5908000200145E08000000066039
:10E1800008000A0006700800170017880800000041
:10E190000689080005000190080001000B9808009E
:10E1A000070006A00800280005C9080000000BCAE7
:10E1B0000800170001E2080000000BE308001F0040
:10E1C0000903090000000604090035000B3A0900A4
:10E1D0000000093B090000000B3C09000000063D5F
:10E1E00009000000093E090002000B410900070078
:10E1F0000949090003000B4D09000000094E090000
:10E2000001000650090000000B51090006000658E5
:10E21000090009000B6209000100146409000100F3
:10E220000C6609000900147009000000057109005E
:10E230000000067209000E000B810900000009822F
:10E2400009000100068509000700068F090001008A
:10E2500006930900150006AA0900060006B2090087
:10E26000000006B6090003000BBC0900000006BD53
:10E270000900000009BE090002000BC109000300EB
:10E2800009C70900010009CB090001000BCD0900F5
:10E29000000006CE0900000009D70900000006DCD6
:10E2A0000900010006DF090002000BE2090001007D
:10E2B0000CE60900090006F00900010016F2090049
:10E2C00001000EF40900050019FA0900000016FB10
:10E2D0000900000006FC0900000014FD0900000010
:10E2E0000BFE090000000B010A00010009030A00EF
:10E2F000000006050A000500060F0A0001000613CB
:10E300000A001500062A0A00060006320A0001006B
:10E3100006350A00010006380A0001000B3C0A001D
:10E320000000093E0A0002000B410A0001000B47F1
:10E330000A0001000B4B0A0002000B510A0000000A
:10E3400006590A000300065E0A0000000C660A0077
:10E3500009000B700A00010006720A0002000B752A
:10E360000A00000014760A0000000B810A00010078
:10E3700009830A00000006850A000800068F0A00CB
:10E38000020006930A00150006AA0A00060006B25B
:10E390000A00010006B50A0004000BBC0A000000D8
:10E3A00006BD0A00000009BE0A0002000BC10A00F7
:10E3B00004000BC70A00010009C90A00000009CBCC
:10E3C0000A0001000BCD0A00000006D00A00000080
:10E3D00006E00A0001000BE20A0001000CE60A0058
:10E3E000090014F00A00000016F10A00000006F906
:10E3F0000A0000000BFA0A0005000B010B000000E8
:10E4000009020B00010006050B000700060F0B00B8
:10E41000010006130B001500062A0B000600063249
:10E420000B00010006350B0004000B3C0B00000044
:10E43000063D0B000000093E0B0000000B3F0B00E7
:10E44000000009400B0000000B410B0003000947CE
:10E450000B000100094B0B0001000B4D0B000000ED
:10E460000B550B00010009570B000000065C0B0068
:10E470000100065F0B0002000B620B0001000C663E
:10E480000B00090019700B00000006710B00000062
:10E490000E720B0005000B820B00000006830B00C0
:10E4A000000006850B000500068E0B000200069298
:10E4B0000B00030006990B000100069C0B000000F6
:10E4C000069E0B00010006A30B00010006A80B002E
:10E4D000020006AE0B000B0009BE0B0001000BC0D2
:10E4E0000B00000009C10B00010009C60B0002006F
:10E4F00009CA0B0002000BCD0B00000006D00B0078
:10E50000000009D70B0000000CE60B0009000EF01C
:10E510000B00020019F30B00050016F90B000000B8
:10E5200019FA0B0000000B000C00000009010C00A0
:10E5300002000B040C00000006050C000700060E8C
:10E540000C00020006120C001600062A0C000F0038
:10E550000B3C0C000000063D0C0000000B3E0C00C4
:10E56000020009410C0003000B460C0002000B4A9C
:10E570000C0003000B550C00010006580C000200B3
:10E58000065D0C00000006600C0001000B620C0030
:10E5900001000C660C00090014770C0000000E78D6
:10E5A0000C000600197F0C00000006800C00000023
:10E5B0000B810C00000009820C00010014840C0087
:10E5C000000006850C000700068E0C000200069273
:10E5D0000C00160006AA0C00090006B50C00040089
:10E5E0000BBC0C00000006BD0C00000009BE0C00B6
:10E5F00000000BBF0C00000009C00C0004000BC69B
:10E600000C00000009C70C00010009CA0C00010041
:10E610000BCC0C00010009D50C00010006DD0C003C
:10E62000010006E00C0001000BE20C0001000CE60A
:10E630000C00090006F10C00010009F30C000000B9
:10E640000B000D00010009020D00010006040D0081
:10E650000800060E0D00020006120D0028000B3BFC
:10E660000D000100063D0D000000093E0D000200F6
:10E670000B410D00030009460D000200094A0D0080
:10E6800002000B4D0D000000064E0D000000194F5A
:10E690000D00000006540D00020009570D00000097
:10E6A0000E580D000600065F0D0002000B620D0003
:10E6B00001000C660D0009000E700D0008001979AC
:10E6C0000D000000067A0D0005000B810D00000012
:10E6D00009820D00010006850D001100069A0D004B
:10E6E000170006B30D00080006BD0D00000006C0AF
:10E6F0000D0006000BCA0D00000009CF0D0002003E
:10E700000BD20D0002000BD60D00000009D80D0041
:10E7100007000CE60D00090009F20D00010014F4D9
:10E720000D00000006010E002F000B310E0000004E
:10E7300006320E0001000B340E000600163F0E00DC
:10E74000000006400E00050005460E0000000B47C5
:10E750000E000700144F0E0000000C500E000900C0
:10E76000145A0E00010006810E00010006840E00FE
:10E77000000006860E000400068C0E00170006A599
:10E780000E00000006A70E0009000BB10E000000ED
:10E7900006B20E0001000BB40E00080006BD0E000C
:10E7A000000006C00E00040005C60E0000000BC8E5
:10E7B0000E0006000CD00E00090006DC0E0003005F
:10E7C00006000F00000019010F00020014040F00E2
:10E7D0000E0019130F00000014140F00000019158B
:10E7E0000F0002000B180F000100191A0F0005009E
:10E7F0000C200F0009000E2A0F00090019340F0029
:10E8000000000B350F00000019360F0000000B3719
:10E810000F00000019380F0000000B390F00000036
:10E82000153A0F000000113B0F000000153C0F00CF
:10E830000000113D0F000000093E0F0001000640DE
:10E840000F00070006490F0023000B710F000D0099
:10E85000097F0F0000000B800F00040014850F00DB
:10E8600000000B860F00010006880F0004000B8DCE
:10E870000F000A000B990F00230019BE0F000700BC
:10E880000BC60F00000019C70F00050019CE0F00BE
:10E89000010014D00F00040019D50F00030014D993
:10E8A0000F000100060010002A00092B10000100D3
:10E8B0000B2D100003000931100000000B32100076
:10E8C00005000938100000000B3910000100093B59
:10E8D000100001000B3D10000100063F1000000079
:10E8E0000C4010000900144A1000050006501000EA
:10E8F00005000956100001000B5810000100065ACF
:10E90000100003000B5E1000020006611000000002
:10E91000096210000200066510000100096710007E
:10E920000600066E100002000B7110000300067551
:10E9300010000C000B821000000009831000010081
:10E940000B85100001000987100005000B8D1000D9
:10E950000000068E10000000098F100000000C90CF
:10E9600010000900099A100002000B9D1000000021
:10E97000199E1000010003A01000250003C710001D
:10E98000000003CD1000000003D010002A0014FB8B
:10E990001000000005FC1000000003FD1000020044
:10E9A000060011004801064A12000300065012003A
:10E9B0000600065812000000065A12000300066006
:10E9C00012002800068A12000300069012002000A0
:10E9D00006B21200030006B81200060006C01200BC
:10E9E000000006C21200030006C812000E0006D87E
:10E9F000120038000612130003000618130042002C
:10EA00000B5D130002001460130008000E69130070
:10EA10001300068013000F0019901300090003A0D3
:10EA20001300550003F81300050010001400000047
:10EA3000060114006B02196D16000000146E16001A
:10EA40000000066F160010001C80160000000681F2
:10EA500016001900159B16000000119C16000000FE
:10EA600006A016004A0014EB160002000DEE160078
:10EA7000020006F1160007000600170011000B1235
:10EA800017000200091517000000061F17001200EA
:10EA90000B3217000100093417000000143517006D
:10EAA00001000640170011000B521700010006601C
:10EAB00017000C00066E170002000B721700010011
:10EAC0000680170033000BB41700010009B61700C9
:10EAD00000000BB71700060009BE170007000BC6A1
:10EAE0001700000009C7170001000BC917000A0032
:10EAF00014D41700020005D71700000014D817001F
:10EB0000020016DB1700000006DC170000000BDD1A
:10EB1000170000000CE0170009000EF017000900B4
:10EB20001400180005001006180000001407180053
:10EB300003000B0B18000200010E180000000B0F61
:10EB4000180000000C101800090006201800220010
:10EB50000543180000000644180034000680180021
:10EB600004000B85180001000687180021000BA97E
:10EB70001800000006AA1800000006B018004500A2
:10EB8000060019001E000B201900020009231900BD
:10EB900003000B27190001000929190002000930A0
:10EBA000190001000B32190000000933190005009B
:10EBB0000B39190002001940190000001444190013
:10EBC00001000C4619000900065019001D000670CE
:10EBD00019000400068019002B0006B01900190066
:10EBE0000CD0190009000EDA1900000019DE190016
:10EBF000210006001A0016000B171A00010009195F
:10EC00001A0001000B1B1A000000141E1A0001005C
:10EC100006201A00340009551A0000000B561A008D
:10EC2000000009571A0000000B581A0006000B607C
:10EC30001A00000009611A0000000B621A000000AF
:10EC400009631A0001000B651A000700096D1A001C
:10EC500005000B731A0009000B7F1A0000000C80DE
:10EC60001A0009000C901A00090014A01A000600EE
:10EC700005A71A00000014A81A0005000BB01A001E
:10EC80000D000ABE1A0000000BBF1A000F000B0097
:10EC90001B00030009041B00000006051B002E00DA
:10ECA0000B341B00000009351B0000000B361B0055
:10ECB0000400093B1B0000000B3C1B000000093D49
:10ECC0001B0004000B421B00000009431B00010055
:10ECD00006451B0007000C501B000900145A1B00BE
:10ECE000060019611B0009000B6B1B00080019745A
:10ECF0001B000800147D1B0001000B801B0001009D
:10ED000009821B00000006831B001D0009A11B00D7
:10ED100000000BA21B00030009A61B0001000BA8AA
:10ED20001B00010009AA1B0000000BAB1B00020026
:10ED300006AE1B0001000CB01B00090006BA1B0048
:10ED40002B000BE61B00000009E71B0000000BE88E
:10ED50001B00010009EA1B0002000BED1B00000074
:10ED600009EE1B0000000BEF1B00020009F21B0064
:10ED7000010014FC1B00030006001C0023000924F2
:10ED80001C0007000B2C1C00070009341C000100AC
:10ED90000B361C000100143B1C0004000C401C003E
:10EDA0000900064D1C0002000C501C000900065A08
:10EDB0001C001D0005781C000500147E1C000100CD
:10EDC00003801C00080003901C002A0003BD1C00E7
:10EDD000020014C01C0007000BD01C00020014D35A
:10EDE0001C0000000BD41C000C0009E11C000000FA
:10EDF0000BE21C00060006E91C0003000BED1C00E2
:10EE0000000006EE1C0005000BF41C00000006F5D7
:10EE10001C00010009F71C0000000BF81C00010099
:10EE200006FA1C00000004001D002B00052C1D002C
:10EE30003E00046B1D000C0005781D0000000379E6
:10EE40001D000000047A1D000200037D1D0000006B
:10EE5000047E1D000F00038E1D000000048F1D00A6
:10EE60000B00059B1D0024000BC01D003F0003008C
:10EE70001E00950004961E000400039B1E00000067
:10EE8000049C1E000100039E1E000000049F1E0043
:10EE9000000003A01E00750003181F0005000320DA
:10EEA0001F00250003481F00050004501F0000003C
:10EEB00003511F00000004521F00000003531F00F5
:10EEC000000004541F00000003551F0000000456FA
:10EED0001F00000003571F00000003591F0000001F
:10EEE000035B1F000000035D1F000000035F1F00A5
:10EEF0001E0003801F00070007881F000700039003
:10EF00001F00070007981F00070003A01F0007004D
:10EF100007A81F00070003B01F00010004B21F0074
:10EF2000000003B31F00000004B41F00000004B67B
:10EF30001F00010003B81F00030007BC1F000000F2
:10EF400017BD1F00000003BE1F00000017BF1F00F9
:10EF5000020004C21F00000003C31F00000004C41D
:10EF60001F00000004C61F00010003C81F000300AB
:10EF700007CC1F00000017CD1F00020003D01F00A8
:10EF8000010004D21F00010004D61F00010003D8B5
:10EF90001F00030017DD1F00020003E01F00010037
:10EFA00004E21F00020003E51F00000004E61F004A
:10EFB000010003E81F00040017ED1F00020004F227
:10EFC0001F00000003F31F00000004F41F000000F6
:10EFD00004F61F00010003F81F00030007FC1F00D8
:10EFE000000017FD1F0001001C0020000A00010B9B
:10EFF000200004001010200005001416200001005D
:10F00000131820000000121920000000151A20001B
:10F010000000131B20000100121D20000000151E1F
:10F0200020000000131F2000000014202000070013
:10F030001A28200000001B2920000000012A2000BF
:10F0400004001C2F20000000143020000800133999
:10F0500020000000123A20000000143B20000300B2
:10F060000F3F20000100144120000200184420003E
:10F070000000154520000000114620000000144744
:10F0800020000A0018522000000014532000000045
:10F090000F54200000001455200009001C5F2000C0
:10F0A00000000160200004000166200009000E70CD
:10F0B000200000000571200000000E7420000500F3
:10F0C000187A20000200157D20000000117E20002B
:10F0D0000000057F200000000E8020000900188A33
:10F0E00020000200158D20000000118E200000007D
:10F0F000059020000C0016A0200020000BD020005E
:10F100000C000ADD200003000BE1200000000AE2F1
:10F11000200002000BE520000B0019002100010077
:10F120000802210000001903210003000807210044
:10F130000000190821000100040A21000000080B4A
:10F1400021000200040E210001000810210002002D
:10F1500004132100000019142100000008152100EB
:10F1600000001916210001001818210000000819DC
:10F1700021000400191E21000500082421000000C0
:10F180001925210000000326210000001927210075
:10F190000000082821000000192921000000032A8E
:10F1A00021000100082C21000100192E210000007F
:10F1B000042F21000000083021000100033221004B
:10F1C000000008332100000004342100000006354F
:10F1D00021000300043921000000193A2100010038
:10F1E000043C21000100083E2100010018402100DC
:10F1F0000400084521000000044621000300194ACC
:10F2000021000000184B21000000194C21000100D2
:10F21000034E21000000194F210000000E50210074
:10F220000F000D60210022000383210001000D85E5
:10F23000210003000E8921000000198A210001002D
:10F24000189021000400199521000400189A21004B
:10F250000100199C2100030018A02100000019A141
:10F260002100010018A32100000019A421000100C1
:10F2700018A62100000019A72100060018AE2100E1
:10F28000000019AF21001E0018CE2100010019D086
:10F290002100010018D22100000019D32100000034
:10F2A00018D42100000019D521001E0018F42100F7
:10F2B0000B011900230007001508230000001109A5
:10F2C00023000000150A23000000110B230000009A
:10F2D000190C230013001820230001001922230019
:10F2E0000600152923000000112A23000000192B15
:10F2F00023005000187C23000000197D23001D000E
:10F30000189B2300180019B42300270018DC2300E1
:10F31000050019E223004400194024000A000E6091
:10F3200024003B00199C24004D000EEA2400150027
:10F3300019002500B60018B72500000019B82500EF
:10F34000080018C12500000019C22500350018F872
:10F3500025000700190026006E00186F2600000027
:10F3600019702600F70015682700000011692700B2
:10F370000000156A27000000116B27000000156CC3
:10F3800027000000116D27000000156E2700000007
:10F39000116F270000001570270000001171270071
:10F3A000000015722700000011732700000015747B
:10F3B000270000001175270000000E7627001D00B1
:10F3C000199427002B0018C02700040015C527003A
:10F3D000000011C62700000018C727001E0015E610
:10F3E0002700000011E72700000015E827000000B3
:10F3F00011E92700000015EA2700000011EB2700A3
:10F40000000015EC2700000011ED2700000015EEAC
:10F410002700000011EF2700000018F027000F0060
:10F4200019002800FF001800290082001583290018
:10F4300000001184290000001585290000001186B4
:10F44000290000001587290000001188290000000C
:10F45000158929000000118A29000000158B290058
:10F460000000118C29000000158D29000000118E6C
:10F4700029000000158F29000000119029000000CC
:10F480001591290000001192290000001593290010
:10F490000000119429000000159529000000119624
:10F4A000290000001597290000001198290000008C
:10F4B000189929003E0015D82900000011D929000B
:10F4C000000015DA2900000011DB2900000018DC1B
:10F4D00029001F0015FC2900000011FD2900000073
:10F4E00018FE2900010119002B002F0018302B00F5
:10F4F000140019452B00010018472B000500194D79
:10F500002B00260019762B001F0019972B0068008E
:10F5100003002C00700004712C00000003722C000A
:10F52000010004742C00000003752C000100047716
:10F530002C000400057C2C000100037E2C006500DB
:10F5400004E42C00000019E52C00050003EB2C005E
:10F5500003000BEF2C00020003F22C00010014F951
:10F560002C0003000EFD2C00000014FE2C000100F6
:10F5700003002D00250003272D000000032D2D0082
:10F58000000006302D003700056F2D0000001470BC
:10F590002D0000000B7F2D00000006802D001600BE
:10F5A00006A02D00060006A82D00060006B02D00BE
:10F5B000060006B82D00060006C02D00060006C88D
:10F5C0002D00060006D02D00060006D82D000600EE
:10F5D0000BE02D001F0014002E00010013022E006E
:10F5E000000012032E00000013042E00000012057C
:10F5F0002E00000014062E00020013092E00000049
:10F60000120A2E000000140B2E000000130C2E0016
:10F610000000120D2E000000140E2E00080010171E
:10F620002E00000014182E000100101A2E000000F9
:10F63000141B2E000000131C2E000000121D2E00B3
:10F640000000141E2E00010013202E0000001221C5
:10F650002E00000015222E00000011232E000000B5
:10F6600015242E00000011252E00000015262E0066
:10F67000000011272E00000015282E00000011297F
:10F680002E000000142A2E000400052F2E0000007A
:10F6900014302E000900103A2E000100143C2E00F8
:10F6A000030010402E00000014412E0000001542FF
:10F6B0002E00000014432E000C0019502E000100F3
:10F6C00014522E00020015552E00000011562E0077
:10F6D000000015572E00000011582E00000015598B
:10F6E0002E000000115A2E000000155B2E000000B5
:10F6F000115C2E000000105D2E00000019802E000D
:10F700001900199B2E00580019002F00D50019F080
:10F710002F000B001C00300000001401300002001C
:10F720001904300000000505300000000606300016
:10F7300000000D073000000015083000000011091E
:10F7400030000000150A30000000110B30000000EE
:10F75000150C30000000110D30000000150E3000B7
:10F760000000110F300000001510300000001111D2
:10F7700030000000191230000100151430000000A4
:10F780001115300000001516300000001117300070
:10F790000000151830000000111930000000151A83
:10F7A00030000000111B30000000101C3000000071
:10F7B000151D30000000111E30000100192030001E
:10F7C00000000D21300008000B2A30000300092E34
:10F7D000300001001030300000000531300004001E
:10F7E0001936300001000D3830000200053B3000B2
:10F7F0000000063C30000000143D30000000193EBF
:10F80000300001000641300055000B993000010026
:10F81000179B30000100059D30000100069F30005D
:10F82000000010A03000000006A13000590014FBB9
:10F830003000000005FC3000020006FF3000000030
:10F84000060531002A00063131005D0019903100B3
:10F8500001000E923100030019963100090006A044
:10F8600031001F0019C03100230006F031000F00E5
:10F87000190032001E000E2032000900192A320041
:10F880001D000E48320007001950320000000E51D2
:10F8900032000E00196032001F000E803200090095
:10F8A000198A320026000EB132000E0019C0320053
:10F8B0003F0106003400BF1919C04D003F0006008B
:10F8C0004E0014520515A00000000616A000760494
:10F8D0001990A400360006D0A400270005F8A40063
:10F8E000050014FEA40001000600A5000B01050C94
:10F8F000A6000000140DA60002000610A6000F00CE
:10F900000C20A6000900062AA60001000340A6005C
:10F910002D00066EA60000000B6FA60000000A7006
:10F92000A60002001473A60000000B74A6000900D4
:10F93000147EA6000000057FA60000000380A6003C
:10F940001B00059CA60001000B9EA600010006A05E
:10F95000A60045000DE6A60009000BF0A600010078
:10F9600014F2A60005001700A70016000517A7004F
:10F9700008001720A70001000322A7000D00043093
:10F98000A70001000332A7003D000570A70000009A
:10F990000471A70007000379A7000E000588A700DF
:10F9A00000001789A7000100038BA7000200048E46
:10F9B000A7000000068FA70000000390A700040026
:10F9C0000495A70000000396A700180004AFA70045
:10F9D000000003B0A7001A0003D0A700010004D361
:10F9E000A700000004D5A700000003D6A70003006D
:10F9F00005F2A700020003F5A700010006F7A70023
:10FA0000000005F8A700010004FAA700000006FBAB
:10FA1000A70006000B02A80000000603A8000200D1
:10FA20000B06A80000000607A80003000B0BA800A7
:10FA30000000060CA80016000923A80001000B25F1
:10FA4000A80001000927A80000001928A800030049
:10FA50000B2CA80000000E30A80005001936A800E5
:10FA600001001638A80000001939A800000006405F
:10FA7000A80033001474A80003000980A800010046
:10FA80000682A800310009B4A8000F000BC4A8002A
:10FA9000010014CEA80001000CD0A80009000BE062
:10FAA000A800110006F2A800050014F8A800020042
:10FAB00006FBA800000014FCA800000006FDA8003A
:10FAC00001000BFFA80000000C00A9000900060AB5
:10FAD000A9001B000B26A9000700142EA900010095
:10FAE0000630A90016000B47A9000A000952A90018
:10FAF0000100145FA90000000660A9001C000B8033
:10FB0000A90002000983A90000000684A9002E00B4
:10FB10000BB3A900000009B4A90001000BB6A900AD
:10FB2000030009BAA90001000BBCA900010009BE2D
:10FB3000A900020014C1A9000C0005CFA900000013
:10FB40000CD0A900090014DEA900010006E0A900FC
:10FB500004000BE5A900000005E6A900000006E787
:10FB6000A90008000CF0A900090006FAA900040089
:10FB70000600AA0028000B29AA000500092FAA00E8
:10FB800001000B31AA0001000933AA0001000B3566
:10FB9000AA0001000640AA0002000B43AA000000D0
:10FBA0000644AA0007000B4CAA000000094DAA0059
:10FBB00000000C50AA000900145CAA0003000660B3
:10FBC000AA000F000570AA0000000671AA00050037
:10FBD0001977AA000200067AAA000000097BAA0091
:10FBE00000000B7CAA000000097DAA000000067E30
:10FBF000AA0031000BB0AA00000006B1AA00000064
:10FC00000BB2AA00020006B5AA0001000BB7AA00B9
:10FC1000010006B9AA0004000BBEAA00010006C03C
:10FC2000AA0000000BC1AA00000006C2AA00000042
:10FC300006DBAA00010005DDAA00000014DEAA0010
:10FC4000010006E0AA000A0009EBAA0000000BEC84
:10FC5000AA00010009EEAA00010014F0AA000100A8
:10FC600006F2AA00000005F3AA00010009F5AA00A7
:10FC700000000BF6AA0000000601AB000500060913
:10FC8000AB0005000611AB0005000620AB00060026
:10FC90000628AB0006000430AB0022000353AB0083
:10FCA00000000454AB000600175BAB000000055CCD
:10FCB000AB0003000460AB0008000569AB00000066
:10FCC000176AAB0001000370AB004F0006C0AB0029
:10FCD000220009E3AB0001000BE5AB00000009E6E0
:10FCE000AB0001000BE8AB00000009E9AB0001002C
:10FCF00014EBAB00000009ECAB0000000BEDAB0017
:10FD000000000CF0AB0009000600AC00A32B06B00D
:10FD1000D700160006CBD70030000200D800FF073E
:10FD20000600F9006D010670FA0069000400FB008E
:10FD300006000413FB000400061DFB0000000B1E60
:10FD4000FB000000061FFB0009001829FB00000053
:10FD5000062AFB000C000638FB000400063EFB00F0
:10FD600000000640FB0001000643FB0001000646C0
:10FD7000FB006B0017B2FB00100006D3FB006A010A
:10FD8000113EFD000000153FFD0000001940FD0080
:10FD90000F000650FD003F000692FD00350019CF10
:10FDA000FD00000006F0FD000B0016FCFD00000049
:10FDB00019FDFD0002000B00FE000F001410FE00F4
:10FDC00006001517FE0000001118FE0000001419AF
:10FDD000FE0000000B20FE000F001430FE000000AB
:10FDE0001031FE0001000F33FE0001001535FE004A
:10FDF00000001136FE0000001537FE00000011382B
:10FE0000FE0000001539FE000000113AFE0000005F
:10FE1000153BFE000000113CFE000000153DFE00F9
:10FE20000000113EFE000000153FFE0000001140E2
:10FE3000FE0000001541FE0000001142FE0000001F
:10FE40001543FE0000001144FE0000001445FE00B2
:10FE500001001547FE0000001148FE000000144993
:10FE6000FE0003000F4DFE0002001450FE000200D1
:10FE70001454FE0003001058FE0000001559FE0047
:10FE80000000115AFE000000155BFE000000115C2E
:10FE9000FE000000155DFE000000115EFE00000087
:10FEA000145FFE0002001862FE0000001063FE00F6
:10FEB00000001864FE0002001468FE0000001669CD
:10FEC000FE000000146AFE0001000670FE0004003F
:10FED0000676FE00860001FFFE0000001401FF0010
:10FEE00002001604FF0000001405FF0002001508C0
:10FEF000FF0000001109FF000000140AFF000000CD
:10FF0000180BFF000000140CFF000000100DFF0094
:10FF10000000140EFF0001000C10FF000900141A6D
:10FF2000FF000100181CFF000200141FFF00010069
:10FF30000321FF001900153BFF000000143CFF00E7
:10FF40000000113DFF000000173EFF0000000F3FC2
:10FF5000FF0000001740FF0000000341FF001900F0
:10FF6000155BFF000000185CFF000000115DFF0042
:10FF70000000185EFF000000155FFF000000116028
:10FF8000FF0000001461FF0000001562FF00000088
:10FF90001163FF0000001464FF0001000666FF000B
:10FFA00009000570FF0000000671FF002C00059E8F
:10FFB000FF00010006A0FF001E0006C2FF000500B2
:10FFC00006CAFF00050006D2FF00050006DAFF00A2
:10FFD000020016E0FF00010018E2FF00000017E336
:10FFE000FF00000019E4FF00000016E5FF0001001B
:10FFF00019E8FF00000018E9FF00030019EDFF00F9
:020000041004E6
:10000000010001F9FF00020019FCFF0001000600D9
:1000100000010B00060D0001190006280001120066
:10002000063C00010100063F00010E0006500001E1
:100030000D00068000017A001400010102000E0785
:1000400001012C001937010108000D4001013400A5
:100050000E75010103001979010110000E8A0101DA
:100060000100198C01010200199001010C0019A076
:100070000101000019D001012C000BFD010100005D
:10008000068002011C0006A0020130000BE0020104
:1000900000000EE102011A00060003011F000E20FD
:1000A00003010300062D030113000D4103010000AD
:1000B0000642030107000D4A030100000650030138
:1000C00025000B7603010400068003011D00149F28
:1000D0000301000006A00301230006C80301070076
:1000E00014D0030100000DD103010400030004013A
:1000F0004F00065004014D000CA00401090003B09C
:100100000401230003D80401230006000501270091
:10011000063005013300146F05010000037005016E
:100120000A00037C05010E00038C05010600039400
:1001300005010100039705010A0003A305010E0054
:1001400003B30501060003BB05010100060006011B
:10015000360106400701150006600701070005800B
:100160000701050005870701290005B207010800FE
:10017000060008010500060808010000060A08013B
:100180002B00063708010100063C08010000063F6D
:10019000080116001457080100000E580801070056
:1001A0000660080116001977080101000E790801A0
:1001B0000600068008011E000EA70801080006E0E0
:1001C0000801120006F4080101000EFB08010400FA
:1001D0000600090115000E1609010500141F09018A
:1001E0000000062009011900143F090100000680E3
:1001F000090137000EBC0901010006BE090101001A
:100200000EC009010F000ED209012D0006000A01DF
:1002100000000B010A0102000B050A0101000B0C92
:100220000A01030006100A01030006150A01020074
:1002300006190A011C000B380A0102000B3F0A01D3
:1002400000000E400A01080014500A010800066070
:100250000A011C000E7D0A010100147F0A01000042
:1002600006800A011C000E9D0A01020006C00A0158
:10027000070019C80A01000006C90A011B000BE5A6
:100280000A0101000EEB0A01040014F00A01060045
:1002900006000B01350014390B01060006400B0166
:1002A00015000E580B01070006600B0112000E78B6
:1002B0000B01070006800B01110014990B010300CC
:1002C0000EA90B01060006000C01480003800C017A
:1002D000320003C00C0132000EFA0C0105000600CA
:1002E0000D0123000B240D0103000C300D0109004A
:1002F0000E600E011E0006800E0129000BAB0E01E0
:10030000010010AD0E01000006B00E0101000BFD52
:100310000E01020006000F011C000E1D0F01090056
:1003200006270F01000006300F0115000B460F01D4
:100330000A000E510F01030014550F01040006704E
:100340000F0111000B820F01030014860F0103003F
:1003500006B00F0114000EC50F01060006E00F01E4
:1003600016000900100100000B0110010000090235
:10037000100100000603100134000B3810010E00BC
:100380001447100106000E52100113000C661001F4
:1003900009000B70100100000671100101000B73C1
:1003A000100101000675100100000B7F1001020012
:1003B000098210010000068310012C0009B0100111
:1003C00002000BB31001030009B7100101000BB9C3
:1003D0001001010014BB1001010001BD100100005B
:1003E00014BE100103000BC21001000001CD10016A
:1003F000000006D0100118000CF0100109000B00DD
:10040000110102000603110123000B271101040052
:10041000092C110100000B2D110107000C361101F0
:1004200009001440110103000644110100000945B0
:1004300011010100064711010000065011012200C0
:100440000B731101000014741101010006761101F3
:1004500000000B80110101000982110100000683D8
:1004600011012F0009B3110102000BB611010800A0
:1004700009BF1101010006C11101030014C51101DA
:1004800003000BC91101030014CD1101000009CEB6
:10049000110100000BCF110100000CD01101090067
:1004A00006DA1101000014DB1101000006DC110165
:1004B000000014DD110102000EE11101130006001D
:1004C00012011100061312011800092C120102007A
:1004D0000B2F120102000932120101000B3412012C
:1004E00000000935120100000B361201010014381A
:1004F000120105000B3E12010000063F120101002F
:100500000B4112010000068012010600068812014C
:100510000000068A12010300068F12010E00069FDA
:100520001201090014A91201000006B012012E00E8
:100530000BDF1201000009E0120102000BE31201BF
:1005400007000CF0120109000B0013010100090261
:1005500013010100060513010700060F1301010036
:10056000061313011500062A1301060006321301B3
:1005700001000635130104000B3B13010100063D89
:1005800013010000093E130101000B40130100009C
:10059000094113010300094713010100094B13012D
:1005A0000200065013010000095713010000065D08
:1005B000130104000962130101000B661301060018
:1005C0000B701301040006001401340009351401F6
:1005D00002000B38140107000940140101000B420E
:1005E000140102000945140100000B46140100002B
:1005F000064714010300144B140104000C501401AD
:100600000900145A14010100145D140100000B5E6E
:1006100014010000065F14010200068014012F007F
:1006200009B0140102000BB31401050009B914014B
:1006300000000BBA1401000009BB140103000BBF3A
:100640001401010009C1140100000BC214010100D2
:1006500006C41401010014C61401000006C71401E9
:1006600000000CD014010900068015012E0009AF0E
:10067000150102000BB21501030009B815010300B2
:100680000BBC1501010009BE150100000BBF1501CF
:10069000010014C11501160006D8150103000BDC7A
:1006A00015010100060016012F0009301601020095
:1006B0000B3316010700093B160101000B3D160123
:1006C0000000093E160100000B3F16010100144115
:1006D000160102000644160100000C501601090024
:1006E000146016010C00068016012A000BAB1601DF
:1006F000000009AC160100000BAD1601000009AEA8
:10070000160101000BB01601050009B61601000024
:100710000BB71601000006B81601000014B9160147
:1007200000000CC016010900060017011A000B1D7D
:10073000170102000920170101000B221701030015
:100740000926170100000B27170104000C301701C0
:1007500009000E3A17010100143C17010200193F6D
:1007600017010000064017010600060018012B00C3
:10077000092C180102000B2F180108000938180174
:1007800000000B3918010100143B1801000003A000
:1007900018013F000CE0180109000EEA18010800DA
:1007A00006FF18010700060919010000060C1901CF
:1007B0000700061519010100061819011700093074
:1007C000190105000937190101000B3B190101004E
:1007D000093D190100000B3E19010000063F1901F7
:1007E00000000940190100000641190100000942FA
:1007F000190100000B431901000014441901020003
:100800000C501901090006A01901070006AA1901D8
:10081000260009D1190102000BD4190103000BDADB
:100820001901010009DC190103000BE019010000A6
:1008300006E11901000014E21901000006E31901A4
:10084000000009E41901000006001A0100000B0174
:100850001A010900060B1A0127000B331A010500C3
:1008600009391A010000063A1A0100000B3B1A016F
:100870000300143F1A0107000B471A01000006503D
:100880001A0100000B511A01050009571A01010055
:100890000B591A010200065C1A012D000B8A1A017D
:1008A0000C0009971A0100000B981A010100149A14
:1008B0001A010200069D1A010000149E1A0104008C
:1008C00006B01A01480014001B01090006001C01B3
:1008D0000800060A1C012400092F1C0100000B302F
:1008E0001C0106000B381C010500093E1C0100001C
:1008F0000B3F1C01000006401C01000014411C01BC
:1009000004000C501C0109000E5A1C011200147046
:100910001C01010006721C011D000B921C01150038
:1009200009A91C0100000BAA1C01060009B11C0149
:1009300000000BB21C01010009B41C0100000BB542
:100940001C01010006001D01060006081D01010032
:10095000060B1D0125000B311D0105000B3A1D0181
:1009600000000B3C1D0101000B3F1D010600064667
:100970001D0100000B471D0100000C501D01090066
:1009800006601D01050006671D010100066A1D01C4
:100990001F00098A1D0104000B901D01010009932D
:1009A0001D0101000B951D01000009961D010000AD
:1009B0000B971D01000006981D0100000CA01D01F1
:1009C000090006E01E0112000BF31E01010009F5EB
:1009D0001E01010014F71E0101000B001F010100A0
:1009E00006021F01000009031F01000006041F0189
:1009F0000C0006121F01210009341F0101000B36F3
:100A00001F010400093E1F0101000B401F010000EF
:100A100009411F0100000B421F01000014431F0188
:100A20000C000C501F01090006B01F0100000EC091
:100A30001F01140019D51F01070016DD1F01030057
:100A400019E11F01100014FF1F0100000600200122
:100A500099030D0024016E00147024010400068027
:100A60002401C30006902F01600014F12F01010042
:100A7000060030012F04013034010F000B40340117
:100A800000000641340105000B4734010E0006004A
:100A90004401460206006801380206406A011E0051
:100AA0000C606A010900146E6A01010006706A0197
:100AB0004E000CC06A01090006D06A011D000BF04F
:100AC0006A01040014F56A01000006006B012F00A2
:100AD0000B306B01060014376B010400193C6B01ED
:100AE000030005406B01030014446B01000019452D
:100AF0006B0100000C506B0109000E5B6B010600DE
:100B000006636B011400067D6B01120003406E0149
:100B10003F000E806E01160014976E010300060060
:100B20006F014A000B4F6F01000006506F0100007B
:100B300009516F0136000B8F6F01030005936F01A0
:100B40000C0005E06F01010014E26F01000005E3F5
:100B50006F0100000BE46F01000009F06F0101005C
:100B600006007001F71706008801D50406008D0104
:100B7000080005F0AF01030005F5AF01060005FD13
:100B8000AF0101000600B00122010632B1010000F0
:100B90000650B10102000655B10100000664B10122
:100BA00003000670B1018B010600BC016A000670EB
:100BB000BC010C000680BC0108000690BC010900C5
:100BC000199CBC0100000B9DBC010100149FBC01DD
:100BD000000001A0BC0103000B00CF012D000B3071
:100BE000CF0116001950CF0173001900D001F50094
:100BF0001900D10126001929D1013B000965D10155
:100C000001000B67D1010200196AD1010200096DD0
:100C1000D10105000173D10107000B7BD101070051
:100C20001983D10101000B85D1010600198CD10176
:100C30001D000BAAD101030019AED1013C0019001F
:100C4000D20141000B42D20102001945D20100003D
:100C50000EC0D20113000EE0D20113001900D3011F
:100C600056000E60D30118000800D4011900041AC0
:100C7000D40119000834D4011900044ED40106002F
:100C80000456D40111000868D40119000482D4016B
:100C90001900089CD4010000089ED401010008A29C
:100CA000D401000008A5D401010008A9D401030063
:100CB00008AED401070004B6D401030004BBD4017C
:100CC000000004BDD401060004C5D4010A0008D008
:100CD000D401190004EAD40119000804D501010067
:100CE0000807D5010300080DD50107000816D50136
:100CF0000600041ED50119000838D5010100083B83
:100D0000D50103000840D50104000846D5010000C4
:100D1000084AD50106000452D5011900086CD50116
:100D200019000486D501190008A0D501190004BADC
:100D3000D501190008D4D501190004EED501190018
:100D40000808D60119000422D6011900083CD60172
:100D500019000456D60119000870D6011900048A3A
:100D6000D6011B0008A8D601180018C1D601000042
:100D700004C2D601180018DBD601000004DCD6013D
:100D8000050008E2D601180018FBD601000004FC9B
:100D9000D60118001815D70100000416D701050068
:100DA000081CD70118001835D70100000436D701F8
:100DB0001800184FD70100000450D701050008564D
:100DC000D7011800186FD70100000470D701180070
:100DD0001889D7010000048AD70105000890D701BF
:100DE000180018A9D701000004AAD701180018C3D9
:100DF000D701000004C4D701050008CAD7010000CC
:100E000004CBD70100000CCED70131001900D80166
:100E1000FF010B00DA0136001937DA0103000B3B42
:100E2000DA013100196DDA0107000B75DA010000F3
:100E30001976DA010D000B84DA0100001985DA0158
:100E400001001487DA0104000B9BDA0104000BA1F6
:100E5000DA010E000400DF010900060ADF010000CC
:100E6000040BDF0113000425DF0105000B00E00186
:100E700006000B08E00110000B1BE00106000B232D
:100E8000E00101000B26E00104000530E0013D0017
:100E90000B8FE00100000600E1012C000B30E101A6
:100EA00006000537E10106000C40E1010900064E8D
:100EB000E1010000194FE10100000690E2011D0070
:100EC0000BAEE201000006C0E2012B000BECE201D8
:100ED00003000CF0E201090016FFE201000006D059
:100EE000E4011A0005EBE40100000BECE40103004F
:100EF0000CF0E401090006E0E701060006E8E7015E
:100F0000030006EDE701010006F0E7010E00060010
:100F1000E801C4000EC7E80108000BD0E801060094
:100F20000300E90143000B44E9010600054BE90118
:100F300000000C50E9010900145EE90101000E7186
:100F4000EC013A0019ACEC0100000EADEC0102001E
:100F500016B0EC0100000EB1EC0103000E01ED0132
:100F60002C00192EED0100000E2FED010E000600E1
:100F7000EE0103000605EE011A000621EE01010054
:100F80000624EE0100000627EE0100000629EE010E
:100F900009000634EE0103000639EE010000063BAD
:100FA000EE0100000642EE0100000647EE010000DF
:100FB0000649EE010000064BEE010000064DEE0171
:100FC00002000651EE0101000654EE010000065732
:100FD000EE0100000659EE010000065BEE01000084
:100FE000065DEE010000065FEE0100000661EE0105
:100FF00001000664EE0100000667EE010300066CC6
:10100000EE0106000674EE0103000679EE0103000E
:10101000067EEE0100000680EE010900068BEE015F
:10102000100006A1EE01020006A5EE01040006ABC9
:10103000EE01100018F0EE0101001900F0012B0084
:101040001930F001630019A0F0010E0019B1F00190
:101050000E0019C1F0010E0019D1F00124000E009C
:10106000F1010C00190DF101A00019E6F1011C00BD
:101070001910F2012B001940F20108001950F20179
:1010800001001960F20105001900F301FA0017FBD5
:10109000F30104001900F401D70219DCF601100075
:1010A00019F0F6010C001900F7017600197BF70121
:1010B0005E0019E0F7010B0019F0F70100001900BC
:1010C000F8010B001910F80137001950F801090058
:1010D0001960F80127001990F8011D0019B0F801F6
:1010E00001001900F90153011960FA010D0019708E
:1010F000FA010C001980FA0108001990FA012D007C
:1011000019BFFA01060019CEFA010D0019E0FA0123
:10111000080019F0FA0108001900FB019200199467
:10112000FB0136000CF0FB01090006000002DFA6FF
:101130000600A70239100640B702DD000620B802FB
:10114000811606B0CE02301D0600F8021D02060010
:1011500000034A13065013035F100101000E000044
:0C1160000120000E5F000B00010EEF00EC
:10116C008899031094990310A0990310AC9903105B
:10117C00B8990310C4990310D0990310DC9903108B
:04118C00C89C0310E8
:1011900003000068EFF3108C72B60268002AFCD0DE
:1011A000BFF35F8F04229A56002A0BDB002900D080
:1011B0000A6000201B68BFF35F8F00221A608CF367
:1011C00010887047D0221206126801201A71F1E7C8
:1011D000F0B5C646150000B504001E000268EFF326
:1011E000108172B61368002BFCD0BFF35F8F04230D
:1011F000E3562268002B2BDBBFF35F8F00201060CB
:1012000081F31088D02212061278002752B290463D
:101210009A420ED1002080BCB846F0BDBFF35F8F6C
:10122000176081F310882800310001F005F80028CC
:10123000F0D12268EFF3108172B61368002BFCD056
:10124000BFF35F8F237922687F2BE7D9434602E003
:10125000D0231B061B682371BFF35F8F002313602D
:1012600081F310880120D6E7F0B5C64600B50D0021
:10127000040000F0E9FFFA2206000F000023280016
:101280000021920000F0B0FF36184F41002F02DA23
:101290000126174F7642D0231B061B68002598466F
:1012A0000AE0BFF35F8F156081F3108830003900CA
:1012B00000F0C2FF002818D12268EFF3108172B647
:1012C0001368002BFCD0BFF35F8F237922687F2B3C
:1012D000E7D943462371BFF35F8F0023136081F387
:1012E0001088012080BCB846F0BD0020FAE7C04657
:1012F000FFFFFF7F0268EFF3108172B61368002BC7
:10130000FCD0BFF35F8FFF2303710368BFF35F8FD0
:1013100000221A6081F3108840BF704710B5084C56
:101320002378002B0AD18023064807495B051A68F9
:10133000C25004338B42FAD10123237010BDC04642
:10134000EB850220704802100001001010B5014B1F
:10135000984710BD71480220064B5A6802609A688F
:101360004260DA6882601A69C2605A6902619B69E8
:1013700043617047000002400268064B5A604268B1
:101380009A608268DA60C2681A6102695A614269C9
:101390009A61704700000240034B1A68C0239B000B
:1013A0009343024A136070470C8001400C90014047
:1013B000054B1A6880239B005340C02292001340C3
:1013C000024A13607047C0460C8001400C900140F7
:1013D0000023F0B5DE4657464E4645469A46E0B5F0
:1013E00089B001900E00988A45491B8B14009847DC
:1013F000534681464349988A1B8B98475346424936
:101400000500988A1B8B98478046FFF787FF02A844
:10141000FFF7A2FFC847A847FFF7CAFF251E22D043
:101420000823C0219C460220490562468B6A1A4067
:1014300018423FD0631B002D2FD1002A11D1002C60
:1014400011D0C0235B059B4602239A46063399467A
:101450005B464A4657469B6A1A401F4242D0002AC2
:10146000F6D0002C30D1FFF797FFC047FFF76EFF93
:1014700002A8FFF781FF09B0F0BCBB46B246A946FF
:10148000A046F0BD002C2FD1C0225205926A914691
:1014900008224F463A40BF072DD50D2B1BD9002AF5
:1014A000F0D1C0225205926A914608224F463A4036
:1014B000BF07F2D4002A04D12B002343002BB4D160
:1014C000D1E72B00002CF9D00B6E013C33702300C8
:1014D00001362B43F2E7019F013D3B7801370B6654
:1014E0000197E7E70025E5E7C0235B051B6E013C9C
:1014F0003370013699E72B00002ADFD1DCE7C046C4
:101500004946000045580000464300000022154BA4
:1015100010B59A60DA601A615A619A61DA611A62EA
:101520005A629A62DA621A635A639A63DA631A64D5
:101530005A649A64DA641A655A659A65DA651A66B5
:101540005A669A66DA661A675A679A67DA67F032F5
:1015500092000021044800F05FFE044B044A1A6028
:1015600010BDC04600001050904E02203074022082
:1015700080011050F0B54E464546DE465746E0B570
:10158000214B00249E6D012585B0002E22D01F4BDB
:101590009A46012399461E4B984601E0202C19D00B
:1015A0002A00230001342F003240E4B26D00002AEB
:1015B000F4D0524697654A465B085B0022409B1870
:1015C0005B01434418009B4600F01EFC002808D134
:1015D000BE43E3D105B0F0BCBB46B246A946A04627
:1015E000F0BD5B46E0219A78DB8A01A88360002386
:1015F000C900018001210271437100F025FC5846A9
:1016000000F0A0FBE4E7C04600001150003011508C
:10161000504E02209823F0B5C646C84A00B5D558AA
:1016200080232E009B02102484B01E401D4274D0E3
:10163000C34BC44C9A6AC44B00261A603B23E35C3C
:10164000022B00D14FE17B23E35C022B00D1F3E0BE
:10165000BB23E35C022B00D1FAE0FB23E35C022B0B
:1016600000D101E13C23FF33E35C022B00D12DE1EB
:101670007C23FF33E35C022B00D10EE1BC23FF335C
:10168000E35C022B00D13FE1FC23FF33E35C022B40
:1016900000D1F5E0AD4BE35C022B00D174E1AC4B23
:1016A000E35C022B00D105E1AA4BE35C022B00D1E5
:1016B00075E1A94BE35C022B00D132E1A74BE35C5F
:1016C000022B00D1A0E1A64BE35C022B00D171E11B
:1016D000A44BE35C022B00D1A1E1A34BE35C022B02
:1016E00000D17FE1002E08D1A04B1B78002B04D144
:1016F00080219F4A90338902D150C02269468F4B86
:1017000092009B6C80265B058A805B0D012101A8FD
:10171000029300F099FB974CB602EB0600D57FE0F0
:1017200080235B021D4231D01E43012302249846D0
:10173000844FBB7E002B14D000F066FD012800D939
:1017400072E0C02200213800920100F001FB380055
:1017500000F0F8FA00F058FD012802D9844B5C66CD
:101760001C664346FB702037012C22D1C0236A46F9
:10177000DB009380804A02AB03CA03C3012101A8A6
:1017800000F062FB80227A4B92021A6580235B0193
:101790001D4210D18023DB011D4223D180231B0277
:1017A0001D422FD1AE4200D0C0E104B080BCB8468B
:1017B000F0BD0124BDE700241E43604B1C60FFF711
:1017C000A5FE80236A465B0093801472012101A864
:1017D00000F03AFB8022664B12031A658023DB017E
:1017E0001D42DBD01E4380236A46DB00938001212B
:1017F00001A800F029FB10225D4B1A6580231B0213
:101800001D42CFD01E43A0236A46DB0093800121F6
:1018100001A800F019FB8022554B12011A65C1E79F
:10182000FFF7A8FE26007BE7544B444A1C66536E24
:101830002340A342FBD184E77833E75C002F00D13B
:1018400006E70233E25C002A00D00DE13E00FFE62D
:10185000B833E75C002F00D1FFE60233E25C002AD8
:1018600000D0F9E03E00F8E6F833E75C002F00D145
:10187000F8E60233E25C002A00D041E13E00F1E6E6
:10188000F933FF33E75C002F00D103E70233E25C5A
:10189000002A00D02BE13E00FCE67933FF33E75C01
:1018A000002F00D1EAE60233E25C002A00D015E105
:1018B0003E00E3E6324BE75C002F00D1F4E6023352
:1018C000E25C002A00D001E13E00EDE63933FF334F
:1018D000E75C002F00D1CBE60233E25C002A00D0A7
:1018E000EBE03E00C4E63833E65C002E00D1AAE609
:1018F0000233E25C002A00D1A5E62000002220305D
:10190000E25400F04DFA9EE6B933FF33E75C002F56
:1019100000D1B9E60233E25C002A00D0C4E03E0008
:10192000B2E6184BE75C002F00D1C7E60233E25C59
:10193000002A00D0B0E03E00C0E6C04600001150D2
:1019400000400540504E0220804B02203B02000028
:101950007B020000BB020000FB0200003B03000012
:101960007B030000BB030000FB030000E9850220AD
:1019700000301150100002000000105000201150E3
:101980007A020000FA0200006B4BE75C002F00D1E6
:1019900085E60233E25C002A76D13E007FE6674BA3
:1019A000E75C002F00D184E60233E25C002A63D1B9
:1019B0003E007EE6624BE75C002F00D188E60233F2
:1019C000E25C002A00D0A3E05E4BE35C022B30D146
:1019D0005D4BE35C002B27D15C4BE35C022B00D01A
:1019E0008BE63E005A4BE35C002B00D17AE6FF23E6
:1019F0009B00E25C002A00D17FE60022E2541C3BFF
:101A0000E01800F0CDF978E6524BE75C002F00D1EA
:101A100059E60233E25C002A16D13E0053E64A4BF7
:101A2000E35C002B00D158E6EF239B00E25C002A28
:101A300075D1464BE35C022B00D05EE6444BE35C81
:101A4000002B00D159E6D2E70022E2541C3BE018FB
:101A500000F0A6F93E0036E620000022A030E25455
:101A60003E0000F09DF9F8E5200000226030E254CD
:101A70003E0000F095F9EBE50022E2541C3BE01833
:101A800000F08EF93E0014E60022E2541C3BE01800
:101A900000F086F93E0002E60022E2541C3BE0180A
:101AA00000F07EF93E0009E620000022A130FF3060
:101AB000E2543E0000F074F9E6E5200000222130F7
:101AC000FF30E2543E0000F06BF9D1E50022E25411
:101AD0001C3BE01800F064F93E00E5E52000002220
:101AE0006130FF30E2543E0000F05AF9C6E52000B4
:101AF0000022E130FF30E2543E0000F051F9C9E528
:101B000020000022E030E2543E0000F049F9A9E54F
:101B10000022E2541C3BE01800F042F954E7002296
:101B2000E2541C3BE01800F03BF982E731000A4820
:101B3000694000F051FBC0463A020000BA020000C2
:101B40007A030000BB030000BA030000FB0300009F
:101B5000FA0300003A030000F0E20210F0B5C646B6
:101B600000B50200838A008B8C46011C984200D984
:101B7000191CD47880252000461EB04189B2ED00A2
:101B80000D434003284301256C405B1AD470547800
:101B90009BB29382002C31D16446D568A4014E1EBD
:101BA0002D19B0461469002923D0062E32D92B00F6
:101BB00023439B072ED1631CEB1A022B2AD9002347
:101BC0008F08BF00E658EE5004339F42FAD14346D7
:101BD000ED19DB1BE419B94209D026782E70002BD1
:101BE00005D066786E70012B01D0A378AB701469B4
:101BF000938A64181461802212021043002B02D1D0
:101C00008023DB0118436346002B00D0000480BC16
:101C1000B846F0BD0023E65CEE5401339942FAD198
:101C2000E5E7C0468368F0B51A680400002900D0D3
:101C3000120C63789205900D002B08D1E38AC3182B
:101C4000E382238B834201D90023A382F0BDE368A2
:101C5000890125695E18471E002822D0062F26D943
:101C600001315B18EB1A022B21D92B0033439B0760
:101C70001DD10023120E9200F158E95004339A420C
:101C8000FAD1BF1AAD18B618904209D032782A702E
:101C9000002F05D072786A70012F01D0B278AA7037
:101CA0002569E38A2D18C318E3822561C9E700225C
:101CB000B35CAB5401329042FAD12569F1E7C046DA
:101CC00010B50400836800211B68FFF7ABFF636851
:101CD0001B685B0002D5238B834200D010BD01211D
:101CE0002000FFF79FFFF9E7084A0300126C00206D
:101CF000920703D49A78D209012A00D07047D87E7F
:101D0000023843425841C0B2F8E7C04600001150C3
:101D100010B5FFF7E9FF00280CD00749074B8C46A8
:101D2000074A9B6A126863449B1A0020C6229A42A3
:101D30004041C0B210BDC046E0FCFFFF004005407E
:101D4000804B022000238376436103617047C046C5
:101D500010B58368002901D01C682140002A12D0E8
:101D60008024E400114322420DD01A6822420CD193
:101D7000084A0A401A60084A126C920703D40C23DE
:101D8000033BFDD28368196010BD8178034800F0E1
:101D900023FAC046FFFBFFFF0000115004E30210CE
:101DA000436870B50021802504001E68FFF7D6FE49
:101DB000124B6D011A6C0543A37892070ED55B0692
:101DC0000ED00F4B1E4080239B05334362680021D9
:101DD000136020002A00FFF7BBFF70BDDB09F0D0C5
:101DE000A38A002BEDD001212000FFF7B7FEA0232E
:101DF000044ADB05324005431343E7E70000115076
:101E0000FFFFFFAFFFFFFFDF70B5857E0400002DF1
:101E100014D0FFF755FFA38A002B01D1280070BD15
:101E20002000FFF775FF002803D00123002523774A
:101E3000F4E72000FFF7B4FF0025EFE781780148C1
:101E400000F0CAF924E30210F0B5CE46474680B54B
:101E5000437805000E0085B0062B08D86C4A9B001D
:101E6000D3589F466B4A13780133DBB213706A4B29
:101E70001C686269EFF3108172B61368002BFCD006
:101E8000BFF35F8FA1612000290000F0CDF96269E6
:101E9000A369BFF35F8F0021116083F310880028CE
:101EA00004D105B0C0BCB946B046F0BD3200697877
:101EB000287800F0A1F9F4E70121584B1A788A43F9
:101EC0001A701A7801318A431A7000225A701A78EF
:101ED00002318A431A70CAE75149524F8946524922
:101EE0000024002388463A7812E043461B686101CB
:101EF0005B18002B06D0DB69002B03D069682878BB
:101F000098473A780134E4B2511C2300A14217DB10
:101F1000A242EAD89B1A5B014B44ECE73F4B1A788C
:101F2000D207BED504211A780A431A709FE73B4BAB
:101F30001A78D207B5D504211A788A431A7096E721
:101F4000364F3B785B072BD504223B780021934327
:101F50003B706B460632981D00F05EF92B7801ACA1
:101F60002370052363702C4B1B6898465A69EFF366
:101F7000108172B61368002BFCD0BFF35F8F43460D
:101F800040469961210000F04FF943465A699B6928
:101F9000BFF35F8F0021116083F31088002831D1D7
:101FA000FB78DB0700D47CE76B460A220021981DF2
:101FB00000F032F92B7801AC2370032363706B6857
:101FC0006360154B1D686A69EFF3108172B6136880
:101FD000002BFCD0BFF35F8FA9612800210000F027
:101FE00023F96A69AB69BFF35F8F0021116083F346
:101FF0001088002800D154E732006178207800F082
:10200000FBF84EE732006178207800F0F5F8C7E77A
:10201000E09D0310EA850220E0440220884402206B
:10202000FC9D0310E8850220C8420220F0B5CE4690
:10203000474605001E0018001C00042380B5894691
:1020400002279C46002831D0002E33D0EB681F4277
:102050001AD033000833A3420FD8002C2DD102230D
:10206000E9680B4236D1002E20D0EB6800241F42D5
:10207000FBD033000833A342EFD94B461B78013E17
:10208000AB6001239846C144002CECD06146EB685C
:10209000194215D1002ED9D10421EB681942FCD088
:1020A000AB68013C13700132002CF5D1C0BCB946BD
:1020B000B046F0BD002CF9D0EEE7EB685B07C5D564
:1020C000AB68013C13702300511C88463343EDD0AC
:1020D0004246B9E731000831CFD1C1E730B504003D
:1020E000101E0AD00A000D180221E3681942FCD024
:1020F00013780132A360AA42F7D1E3685B0704D5E5
:102100000421A368E3681942FBD11021E368194256
:10211000FCD1E3685B0704D50421A368E368194296
:10212000FBD10123236230BDF0B5CE464746050002
:102130001E0018001C00042380B5894602279C4617
:1021400000282DD0002E2FD0EB681F4216D0330070
:102150000833A3420FD8002C29D10223E9680B428F
:1021600032D1002E1CD0EB6800241F42FBD033007C
:102170000833A342EFD94B46013EAB60002CF0D0B0
:102180006146EB68194215D1002EDDD10421EB68C0
:102190001942FCD0AB68013C13700132002CF5D120
:1021A000C0BCB946B046F0BD002CF9D0EEE7EB68F4
:1021B0005B07C9D5AB68013C13702300511C8846EE
:1021C0003343EDD04246BDE731000831D3D1C5E7F6
:1021D0007047C0460000000001B40248844601BCBC
:1021E000604700BF1542011001B40248844601BC9B
:1021F000604700BF4D6E011001B40248844601BC27
:10220000604700BF459A011001B40248844601BCF2
:10221000604700BF2143011001B40248844601BC5D
:10222000604700BFE170011001B40248844601BC60
:10223000604700BFA5B4011001B40248844601BC48
:10224000604700BF2550011001B40248844601BC1C
:10225000604700BF85510110A100020100C0550177
:10226000082B06010201010100000000000400002B
:10227000000000000000000000000000000000005E
:10228000000000000000000000000000000000004E
:10229000000000000000000000000000000000003E
:1022A000000000000000000000000000000000002E
:1022B000BD5E001000000000082B060102010102B3
:1022C00000000000000608002B06010401819B1994
:1022D00000000000000000000000000000000000FE
:1022E00000000000000000000000000000000000EE
:1022F00000000000000000000000000000000000DE
:1023000000000000000000000000000000000000CD
:10231000082B060102010103000000000043040035
:1023200000000000000000000000000000000000AD
:10233000000000000000000000000000000000009D
:10234000000000000000000000000000000000008D
:10235000000000000000000000000000000000007D
:102360002D34001000000000082B060102010104BA
:102370000000000000040000000000000000000059
:10238000000000000000000000000000000000004D
:10239000000000000000000000000000000000003D
:1023A000000000000000000000000000000000002D
:1023B0000000000000000000A55E0010000000000A
:1023C000082B0601020101050000000000040000C6
:1023D00000000000000000000000000000000000FD
:1023E00000000000000000000000000000000000ED
:1023F00000000000000000000000000000000000DD
:1024000000000000000000000000000000000000CC
:10241000D55E001000000000082B06010201010635
:1024200000000000000400000000000000000000A8
:10243000000000000000000000000000000000009C
:10244000000000000000000000000000000000008C
:10245000000000000000000000000000000000007C
:1024600000000000000000008D5E00100000000071
:10247000082B060102010107000000000002040011
:102480004800000000000000000000000000000004
:10249000000000000000000000000000000000003C
:1024A000000000000000000000000000000000002C
:1024B000000000000000000000000000000000001C
:1024C00000000000000000000A2B06010401819BAF
:1024D0001901000000041E006C6F6E672D6C656EA4
:1024E000677468204F494420546573742023310079
:1024F00000000000000000000000000000000000DC
:1025000000000000000000000000000000000000CB
:1025100000000000000000000000000000000000BB
:102520000A2B0601040181AD4201000000042300D2
:102530006C6F6E672D6C656E677468204F49442020
:102540005465737420233200000000000000000076
:10255000000000000000000000000000000000007B
:10256000000000000000000000000000000000006B
:1025700000000000000000000A2B0601040181ADEC
:102580004202000000060A002B0601040181AD4250
:102590000200000000000000000000000000000039
:1025A000000000000000000000000000000000002B
:1025B000000000000000000000000000000000001B
:1025C000000000000000000000000000000000000B
:1025D0000B2B06010401819B19040100000410006B
:1025E00000000000000000000000000000000000EB
:1025F00000000000000000000000000000000000DB
:1026000000000000000000000000000000000000CA
:1026100000000000000000000000000000000000BA
:102620003D5F0010000000000B2B06010401819BA0
:102630001904020000041000000000000000000067
:10264000000000000000000000000000000000008A
:10265000000000000000000000000000000000007A
:10266000000000000000000000000000000000006A
:102670000000000000000000855F00100000000066
:102680000B2B06010401819B1904030000041000B8
:10269000000000000000000000000000000000003A
:1026A000000000000000000000000000000000002A
:1026B000000000000000000000000000000000001A
:1026C000000000000000000000000000000000000A
:1026D000CD5F0010000000000B2B06010401819B60
:1026E00019040400000410000000000000000000B5
:1026F00000000000000000000000000000000000DA
:1027000000000000000000000000000000000000C9
:1027100000000000000000000000000000000000B9
:102720000000000000000000156000100000000024
:102730000B2B06010401819B190405000004100005
:102740000000000000000000000000000000000089
:102750000000000000000000000000000000000079
:102760000000000000000000000000000000000069
:102770000000000000000000000000000000000059
:102780005D600010000000000B2B06010401819B1E
:102790001902010000020400000000000000000017
:1027A0000000000000000000000000000000000029
:1027B0000000000000000000000000000000000019
:1027C0000000000000000000000000000000000009
:1027D0000000000000000000B160001071620010F5
:1027E0000B2B06010401819B190202000002040068
:1027F00000000000000000000000000000000000D9
:1028000000000000000000000000000000000000C8
:1028100000000000000000000000000000000000B8
:1028200000000000000000000000000000000000A8
:10283000E9600010BD6200100B2B06010401819BB2
:102840001902030000020400000000000000000064
:102850000000000000000000000000000000000078
:102860000000000000000000000000000000000068
:102870000000000000000000000000000000000058
:10288000000000000000000021610010096300103A
:102890000B2B06010401819B1902040000020400B5
:1028A0000000000000000000000000000000000028
:1028B0000000000000000000000000000000000018
:1028C0000000000000000000000000000000000008
:1028D00000000000000000000000000000000000F8
:1028E00059610010556300100B2B06010401819BF8
:1028F00019020500000204000000000000000000B2
:1029000000000000000000000000000000000000C7
:1029100000000000000000000000000000000000B7
:1029200000000000000000000000000000000000A7
:10293000000000000000000091610010A163001081
:102940000B2B06010401819B190206000002040002
:102950000000000000000000000000000000000077
:102960000000000000000000000000000000000067
:102970000000000000000000000000000000000057
:102980000000000000000000000000000000000047
:10299000C9610010ED6300100B2B06010401819B3F
:1029A00019020700000204000000000000000000FF
:1029B0000000000000000000000000000000000017
:1029C0000000000000000000000000000000000007
:1029D00000000000000000000000000000000000F7
:1029E00000000000000000000162001039640010C7
:1029F0000B2B06010401819B190208000002040050
:102A000000000000000000000000000000000000C6
:102A100000000000000000000000000000000000B6
:102A200000000000000000000000000000000000A6
:102A30000000000000000000000000000000000096
:102A400039620010856400100B2B06010401819B84
:102A5000190209000002040000000000000000004C
:102A60000000000000000000000000000000000066
:102A70000000000000000000000000000000000056
:102A80000000000000000000000000000000000046
:102A900000000000000000003565001051650010C6
:102AA0000B2B06010401819B19020A00000204009D
:102AB0000000000000000000000000000000000016
:102AC0000000000000000000000000000000000006
:102AD00000000000000000000000000000000000F6
:102AE00000000000000000000000000000000000E6
:102AF000D1640010ED6400100B2B06010401819BD2
:102B00001903010000041000000000000000000094
:102B100000000000000000000000000000000000B5
:102B200000000000000000000000000000000000A5
:102B30000000000000000000000000000000000095
:102B400000000000000000003975001000000000C7
:102B50000B2B06010401819B1903020000041000E5
:102B60000000000000000000000000000000000065
:102B70000000000000000000000000000000000055
:102B80000000000000000000000000000000000045
:102B90000000000000000000000000000000000035
:102BA0009D750010000000000B2B06010401819BA5
:102BB00019030300000410000000000000000000E2
:102BC0000000000000000000000000000000000005
:102BD00000000000000000000000000000000000F5
:102BE00000000000000000000000000000000000E5
:102BF0000000000000000000F1750010000000005F
:102C00000B2B06010401819B190304000004100032
:102C100000000000000000000000000000000000B4
:102C200000000000000000000000000000000000A4
:102C30000000000000000000000000000000000094
:102C40000000000000000000000000000000000084
:102C500045760010000000000B2B06010401819B4B
:102C6000190305000004100000000000000000002F
:102C70000000000000000000000000000000000054
:102C80000000000000000000000000000000000044
:102C90000000000000000000000000000000000034
:102CA0000000000000000000997600100000000005
:102CB0000B2B06010401819B190306000004100080
:102CC0000000000000000000000000000000000004
:102CD00000000000000000000000000000000000F4
:102CE00000000000000000000000000000000000E4
:102CF00000000000000000000000000000000000D4
:102D0000FD760010000000000B2B06010401819BE2
:102D1000190307000004100000000000000000007C
:102D200000000000000000000000000000000000A3
:102D30000000000000000000000000000000000093
:102D40000000000000000000000000000000000083
:102D5000000000000000000061770010000000008B
:102D60000B2B06010401819B1903080000041000CD
:102D70000000000000000000000000000000000053
:102D80000000000000000000000000000000000043
:102D90000000000000000000000000000000000033
:102DA0000000000000000000000000000000000023
:102DB000AD770010000000000B2B06010401819B81
:102DC00019030900000410000000000000000000CA
:102DD00000000000000000000000000000000000F3
:102DE00000000000000000000000000000000000E3
:102DF00000000000000000000000000000000000D3
:102E00000000000000000000E1770010000000005A
:102E10000B2B06010401819B19030A00000410001A
:102E200000000000000000000000000000000000A2
:102E30000000000000000000000000000000000092
:102E40000000000000000000000000000000000082
:102E50000000000000000000000000000000000072
:102E6000F9770010000000000B2B06010401819B84
:102E700019030B0000041000000000000000000017
:102E80000000000000000000000000000000000042
:102E90000000000000000000000000000000000032
:102EA0000000000000000000000000000000000022
:102EB0000000000000000000117800100000000079
:102EC0000C2B06010401819B19050101000410006F
:102ED00000000000000000000000000000000000F2
:102EE00000000000000000000000000000000000E2
:102EF00000000000000000000000000000000000D2
:102F000000000000000000000000000000000000C1
:102F100099650010000000000C2B06010401819B44
:102F2000190501020004100000000000000000006C
:102F30000000000000000000000000000000000091
:102F40000000000000000000000000000000000081
:102F50000000000000000000000000000000000071
:102F60000000000000000000E1650010000000000B
:102F70000C2B06010401819B1905010300041000BC
:102F80000000000000000000000000000000000041
:102F90000000000000000000000000000000000031
:102FA0000000000000000000000000000000000021
:102FB0000000000000000000000000000000000011
:102FC00029660010000000000C2B06010401819B03
:102FD00019050104000410000000000000000000BA
:102FE00000000000000000000000000000000000E1
:102FF00000000000000000000000000000000000D1
:1030000000000000000000000000000000000000C0
:1030100000000000000000007166001000000000C9
:103020000C2B06010401819B190501050004100009
:103030000000000000000000000000000000000090
:103040000000000000000000000000000000000080
:103050000000000000000000000000000000000070
:103060000000000000000000000000000000000060
:10307000B9660010000000000C2B06010401819BC2
:103080001905010600041000000000000000000007
:103090000000000000000000000000000000000030
:1030A0000000000000000000000000000000000020
:1030B0000000000000000000000000000000000010
:1030C0000000000000000000016700100000000088
:1030D0000C2B06010401819B19050201000410005C
:1030E00000000000000000000000000000000000E0
:1030F00000000000000000000000000000000000D0
:1031000000000000000000000000000000000000BF
:1031100000000000000000000000000000000000AF
:1031200039670010000000000C2B06010401819B90
:103130001905020200041000000000000000000059
:10314000000000000000000000000000000000007F
:10315000000000000000000000000000000000006F
:10316000000000000000000000000000000000005F
:103170000000000000000000816700100000000057
:103180000C2B06010401819B1905020300041000A9
:10319000000000000000000000000000000000002F
:1031A000000000000000000000000000000000001F
:1031B000000000000000000000000000000000000F
:1031C00000000000000000000000000000000000FF
:1031D000C9670010000000000C2B06010401819B50
:1031E00019050204000410000000000000000000A7
:1031F00000000000000000000000000000000000CF
:1032000000000000000000000000000000000000BE
:1032100000000000000000000000000000000000AE
:103220000000000000000000116800100000000015
:103230000C2B06010401819B1905020500041000F6
:10324000000000000000000000000000000000007E
:10325000000000000000000000000000000000006E
:10326000000000000000000000000000000000005E
:10327000000000000000000000000000000000004E
:1032800059680010000000000C2B06010401819B0E
:1032900019050206000410000000000000000000F4
:1032A000000000000000000000000000000000001E
:1032B000000000000000000000000000000000000E
:1032C00000000000000000000000000000000000FE
:1032D0000000000000000000A168001000000000D5
:1032E0000C2B06010401819B190503010004100049
:1032F00000000000000000000000000000000000CE
:1033000000000000000000000000000000000000BD
:1033100000000000000000000000000000000000AD
:10332000000000000000000000000000000000009D
:10333000D9680010000000000C2B06010401819BDD
:103340001905030200041000000000000000000046
:10335000000000000000000000000000000000006D
:10336000000000000000000000000000000000005D
:10337000000000000000000000000000000000004D
:1033800000000000000000002169001000000000A3
:103390000C2B06010401819B190503030004100096
:1033A000000000000000000000000000000000001D
:1033B000000000000000000000000000000000000D
:1033C00000000000000000000000000000000000FD
:1033D00000000000000000000000000000000000ED
:1033E00069690010000000000C2B06010401819B9C
:1033F0001905030400041000000000000000000094
:1034000000000000000000000000000000000000BC
:1034100000000000000000000000000000000000AC
:10342000000000000000000000000000000000009C
:103430000000000000000000B16900100000000062
:103440000C2B06010401819B1905030500041000E3
:10345000000000000000000000000000000000006C
:10346000000000000000000000000000000000005C
:10347000000000000000000000000000000000004C
:10348000000000000000000000000000000000003C
:10349000F9690010000000000C2B06010401819B5B
:1034A00019050306000410000000000000000000E1
:1034B000000000000000000000000000000000000C
:1034C00000000000000000000000000000000000FC
:1034D00000000000000000000000000000000000EC
:1034E0000000000000000000416A00100000000021
:1034F0000C2B06010401819B190504010004100036
:1035000000000000000000000000000000000000BB
:1035100000000000000000000000000000000000AB
:10352000000000000000000000000000000000009B
:10353000000000000000000000000000000000008B
:10354000796A0010000000000C2B06010401819B29
:103550001905040200041000000000000000000033
:10356000000000000000000000000000000000005B
:10357000000000000000000000000000000000004B
:10358000000000000000000000000000000000003B
:103590000000000000000000C16A001000000000F0
:1035A0000C2B06010401819B190504030004100083
:1035B000000000000000000000000000000000000B
:1035C00000000000000000000000000000000000FB
:1035D00000000000000000000000000000000000EB
:1035E00000000000000000000000000000000000DB
:1035F000096B0010000000000C2B06010401819BE8
:103600001905040400041000000000000000000080
:1036100000000000000000000000000000000000AA
:10362000000000000000000000000000000000009A
:10363000000000000000000000000000000000008A
:103640000000000000000000516B001000000000AE
:103650000C2B06010401819B1905040500041000D0
:10366000000000000000000000000000000000005A
:10367000000000000000000000000000000000004A
:10368000000000000000000000000000000000003A
:10369000000000000000000000000000000000002A
:1036A000996B0010000000000C2B06010401819BA7
:1036B00019050406000410000000000000000000CE
:1036C00000000000000000000000000000000000FA
:1036D00000000000000000000000000000000000EA
:1036E00000000000000000000000000000000000DA
:1036F0000000000000000000E16B0010000000006E
:103700000C2B06010401819B190505010004100022
:1037100000000000000000000000000000000000A9
:103720000000000000000000000000000000000099
:103730000000000000000000000000000000000089
:103740000000000000000000000000000000000079
:10375000196C0010000000000C2B06010401819B75
:103760001905050200041000000000000000000020
:103770000000000000000000000000000000000049
:103780000000000000000000000000000000000039
:103790000000000000000000000000000000000029
:1037A0000000000000000000616C0010000000003C
:1037B0000C2B06010401819B190505030004100070
:1037C00000000000000000000000000000000000F9
:1037D00000000000000000000000000000000000E9
:1037E00000000000000000000000000000000000D9
:1037F00000000000000000000000000000000000C9
:10380000A96C0010000000000C2B06010401819B34
:10381000190505040004100000000000000000006D
:103820000000000000000000000000000000000098
:103830000000000000000000000000000000000088
:103840000000000000000000000000000000000078
:103850000000000000000000F16C001000000000FB
:103860000C2B06010401819B1905050500041000BD
:103870000000000000000000000000000000000048
:103880000000000000000000000000000000000038
:103890000000000000000000000000000000000028
:1038A0000000000000000000000000000000000018
:1038B000396D0010000000000C2B06010401819BF3
:1038C00019050506000410000000000000000000BB
:1038D00000000000000000000000000000000000E8
:1038E00000000000000000000000000000000000D8
:1038F00000000000000000000000000000000000C8
:103900000000000000000000816D001000000000B9
:103910000C2B06010401819B19050601000410000F
:103920000000000000000000000000000000000097
:103930000000000000000000000000000000000087
:103940000000000000000000000000000000000077
:103950000000000000000000000000000000000067
:10396000B96D0010000000000C2B06010401819BC2
:10397000190506020004100000000000000000000D
:103980000000000000000000000000000000000037
:103990000000000000000000000000000000000027
:1039A0000000000000000000000000000000000017
:1039B0000000000000000000016E00100000000088
:1039C0000C2B06010401819B19050603000410005D
:1039D00000000000000000000000000000000000E7
:1039E00000000000000000000000000000000000D7
:1039F00000000000000000000000000000000000C7
:103A000000000000000000000000000000000000B6
:103A1000496E0010000000000C2B06010401819B80
:103A2000190506040004100000000000000000005A
:103A30000000000000000000000000000000000086
:103A40000000000000000000000000000000000076
:103A50000000000000000000000000000000000066
:103A60000000000000000000916E00100000000047
:103A70000C2B06010401819B1905060500041000AA
:103A80000000000000000000000000000000000036
:103A90000000000000000000000000000000000026
:103AA0000000000000000000000000000000000016
:103AB0000000000000000000000000000000000006
:103AC000D96E0010000000000C2B06010401819B40
:103AD00019050606000410000000000000000000A8
:103AE00000000000000000000000000000000000D6
:103AF00000000000000000000000000000000000C6
:103B000000000000000000000000000000000000B5
:103B10000000000000000000216F00100000000005
:103B20000C2B06010401819B1905070100041000FC
:103B30000000000000000000000000000000000085
:103B40000000000000000000000000000000000075
:103B50000000000000000000000000000000000065
:103B60000000000000000000000000000000000055
:103B7000596F0010000000000C2B06010401819B0E
:103B800019050702000410000000000000000000FA
:103B90000000000000000000000000000000000025
:103BA0000000000000000000000000000000000015
:103BB0000000000000000000000000000000000005
:103BC0000000000000000000A16F001000000000D5
:103BD0000C2B06010401819B19050703000410004A
:103BE00000000000000000000000000000000000D5
:103BF00000000000000000000000000000000000C5
:103C000000000000000000000000000000000000B4
:103C100000000000000000000000000000000000A4
:103C2000E96F0010000000000C2B06010401819BCD
:103C30001905070400041000000000000000000047
:103C40000000000000000000000000000000000074
:103C50000000000000000000000000000000000064
:103C60000000000000000000000000000000000054
:103C70000000000000000000317000100000000093
:103C80000C2B06010401819B190507050004100097
:103C90000000000000000000000000000000000024
:103CA0000000000000000000000000000000000014
:103CB0000000000000000000000000000000000004
:103CC00000000000000000000000000000000000F4
:103CD00079700010000000000C2B06010401819B8C
:103CE0001905070600041000000000000000000095
:103CF00000000000000000000000000000000000C4
:103D000000000000000000000000000000000000B3
:103D100000000000000000000000000000000000A3
:103D20000000000000000000C17000100000000052
:103D30000C2B06010401819B1905080100041000E9
:103D40000000000000000000000000000000000073
:103D50000000000000000000000000000000000063
:103D60000000000000000000000000000000000053
:103D70000000000000000000000000000000000043
:103D8000F9700010000000000C2B06010401819B5B
:103D900019050802000410000000000000000000E7
:103DA0000000000000000000000000000000000013
:103DB0000000000000000000000000000000000003
:103DC00000000000000000000000000000000000F3
:103DD0000000000000000000417100100000000021
:103DE0000C2B06010401819B190508030004100037
:103DF00000000000000000000000000000000000C3
:103E000000000000000000000000000000000000B2
:103E100000000000000000000000000000000000A2
:103E20000000000000000000000000000000000092
:103E300089710010000000000C2B06010401819B19
:103E40001905080400041000000000000000000034
:103E50000000000000000000000000000000000062
:103E60000000000000000000000000000000000052
:103E70000000000000000000000000000000000042
:103E80000000000000000000D171001000000000E0
:103E90000C2B06010401819B190508050004100084
:103EA0000000000000000000000000000000000012
:103EB0000000000000000000000000000000000002
:103EC00000000000000000000000000000000000F2
:103ED00000000000000000000000000000000000E2
:103EE00019720010000000000C2B06010401819BD8
:103EF0001905080600041000000000000000000082
:103F000000000000000000000000000000000000B1
:103F100000000000000000000000000000000000A1
:103F20000000000000000000000000000000000091
:103F3000000000000000000061720010000000009E
:103F40000B2B06010401819B1906010000020400ED
:103F50000000000000000000000000000000000061
:103F60000000000000000000000000000000000051
:103F70000000000000000000000000000000000041
:103F80000000000000000000000000000000000031
:103F900099720010000000000B2B06010401819BA8
:103FA00019060200000410000000000000000000DC
:103FB0000000000000000000000000000000000001
:103FC00000000000000000000000000000000000F1
:103FD00000000000000000000000000000000000E1
:103FE0000000000000000000C97200100000000086
:103FF0000B2B06010401819B19060300000410002D
:1040000000000000000000000000000000000000B0
:1040100000000000000000000000000000000000A0
:104020000000000000000000000000000000000090
:104030000000000000000000000000000000000080
:1040400015730010000000000B2B06010401819B7A
:104050001906040000041000000000000000000029
:104060000000000000000000000000000000000050
:104070000000000000000000000000000000000040
:104080000000000000000000000000000000000030
:10409000000000000000000061730010000000003C
:1040A0000B2B06010401819B19060500000410007A
:1040B0000000000000000000000000000000000000
:1040C00000000000000000000000000000000000F0
:1040D00000000000000000000000000000000000E0
:1040E00000000000000000000000000000000000D0
:1040F000AD730010000000000B2B06010401819B32
:104100001906060000041000000000000000000076
:10411000000000000000000000000000000000009F
:10412000000000000000000000000000000000008F
:10413000000000000000000000000000000000007F
:104140000000000000000000F973001000000000F3
:104150000B2B06010401819B1906070000020400D5
:10416000000000000000000000000000000000004F
:10417000000000000000000000000000000000003F
:10418000000000000000000000000000000000002F
:10419000000000000000000000000000000000001F
:1041A00045740010000000000B2B06010401819BE8
:1041B00019060800000204000000000000000000D2
:1041C00000000000000000000000000000000000EF
:1041D00000000000000000000000000000000000DF
:1041E00000000000000000000000000000000000CF
:1041F00000000000000000008174001000000000BA
:104200000B2B06010401819B190609000002040022
:10421000000000000000000000000000000000009E
:10422000000000000000000000000000000000008E
:10423000000000000000000000000000000000007E
:10424000000000000000000000000000000000006E
:10425000AD740010000000000B2B06010401819BCF
:1042600019060A000002040000000000000000001F
:10427000000000000000000000000000000000003E
:10428000000000000000000000000000000000002E
:10429000000000000000000000000000000000001E
:1042A0000000000000000000D974001000000000B1
:1042B0000B2B06010401819B19060B000002040070
:1042C00000000000000000000000000000000000EE
:1042D00000000000000000000000000000000000DE
:1042E00000000000000000000000000000000000CE
:1042F00000000000000000000000000000000000BE
:104300000D75001029750010FF0100000080794430
:1043100000F0794400C0794400007A442D93E13ADA
:104320006ABC343F554E50524F564953494F4E4543
:104330004400000000001000000000000000010028
:10434000000000000000000000000200000000006B
:10435000000000000000030000000000000000005A
:104360000000FF000000000001B5486801318E46E2
:104370000047704609380149884701BD914701103F
:10438000000000000000000000000000000000002D
:1043900000000000983A002000000000000000002B
:1043A000503300004C3300005433000052330000FF
:1043B0004D5300004D4300005334000043340000CF
:1043C00005920110B99101102D910110A5900110D5
:1043D0000000000000010000E444022010000C0076
:1043E00000000000000000000000000000000000CD
:1043F00000000000FF0000000080044000000000FA
:104400000040044000000000FF000000FFFFFFFF2D
:10441000000002000000000000000000000000009A
:104420004833002048330020503300205033002010
:1044300058330020583300206033002060330020C0
:104440006833002068330020703300207033002070
:104450007833002078330020803300208033002020
:1044600088330020883300209033002090330020D0
:104470009833002098330020A0330020A033002080
:10448000A8330020A8330020B0330020B033002030
:10449000B8330020B8330020C0330020C0330020E0
:1044A000C8330020C8330020D0330020D033002090
:1044B000D8330020D8330020E0330020E033002040
:1044C000E8330020E8330020F0330020F0330020F0
:1044D000F8330020F833002000340020003400209E
:1044E000083400200834002010340020103400204C
:1044F00018340020183400202034002020340020FC
:1045000028340020283400203034002030340020AB
:10451000383400203834002040340020403400205B
:10452000483400204834002050340020503400200B
:1045300058340020583400206034002060340020BB
:10454000683400206834002070340020703400206B
:10455000783400207834002080340020803400201B
:1045600088340020883400209034002090340020CB
:104570009834002098340020A0340020A03400207B
:10458000A8340020A8340020B0340020B03400202B
:10459000B8340020B8340020C0340020C0340020DB
:1045A000C8340020C8340020D0340020D03400208B
:1045B000D8340020D8340020E0340020E03400203B
:1045C000E8340020E8340020F0340020F0340020EB
:1045D000F8340020F8340020003500200035002099
:1045E0000835002008350020103500201035002047
:1045F00018350020183500202035002020350020F7
:1046000028350020283500203035002030350020A6
:104610003835002038350020403500204035002056
:104620004835002048350020503500205035002006
:1046300058350020583500206035002060350020B6
:104640006835002068350020703500207035002066
:104650007835002078350020803500208035002016
:1046600088350020883500209035002090350020C6
:104670009835002098350020A0350020A035002076
:10468000A8350020A8350020B0350020B035002026
:10469000B8350020B8350020C0350020C0350020D6
:1046A000C8350020C8350020D0350020D035002086
:1046B000D8350020D8350020E0350020E035002036
:1046C000E8350020E8350020F0350020F0350020E6
:1046D000F8350020F8350020003600200036002094
:1046E0000836002008360020103600201036002042
:1046F00018360020183600202036002020360020F2
:1047000028360020283600203036002030360020A1
:104710003836002038360020403600204036002051
:104720004836002048360020503600205036002001
:1047300058360020583600206036002060360020B1
:104740006836002068360020703600207036002061
:104750007836002078360020803600208036002011
:1047600088360020883600209036002090360020C1
:104770009836002098360020A0360020A036002071
:10478000A8360020A8360020B0360020B036002021
:10479000B8360020B8360020C0360020C0360020D1
:1047A000C8360020C8360020D0360020D036002081
:1047B000D8360020D8360020E0360020E036002031
:1047C000E8360020E8360020F0360020F0360020E1
:1047D000F8360020F836002000370020003700208F
:1047E000083700200837002010370020103700203D
:1047F00018370020183700202037002020370020ED
:10480000283700202837002030370020303700209C
:10481000383700203837002040370020403700204C
:104820004300000000000000000000000000000045
:104830000000000000000000000000000000000078
:104840004300000000000000000000000000000025
:104850000000000000000000000000000000000058
:104860004300000000000000000000000000000005
:104870000000000000000000000000000000000038
:1048800043000000000000000000000000000000E5
:104890000000000000000000000000000000000018
:1048A00043000000000000000000000000000000C5
:1048B00000000000000000000000000000000000F8
:1048C00043000000000000000000000000000000A5
:1048D00000000000000000000000000000000000D8
:1048E0004300000000000000000000000000000085
:1048F00000000000000000000000000000000000B8
:10490000895102103D46021000000000B09F0310C4
:1049100090E50210BCBE0210BCBE0210BCBE02106C
:10492000BCBE0210BCBE0210BCBE0210BCBE021057
:10493000BCBE0210BCBE0210FFFFFFFFFFFFFFFF67
:10494000FFFFFFFFFFFF0000010041534349490003
:104950000000000000000000000000000000000057
:1049600000000000000000000000415343494900DE
:104970000000000000000000000000000000000037
:10498000000000000000000000000000C03800200F
:104990000000000090410220F84102206042022005
:1049A0000000000000000000000000000000000007
:1049B00000000000000000000000000000000000F7
:1049C00000000000000000000000000000000000E7
:1049D00000000000000000000000000000000000D7
:1049E00000000000000000000000000000000000C7
:1049F00000000000000000000000000000000000B7
:104A000000000000000000000000000000000000A6
:104A10000000000000000000000000000000000096
:104A20000000000000000000010000000000000085
:104A30000E33CDAB34126DE6ECDE05000B0000004A
:104A40000000000000000000000000000000000066
:104A50000000000000000000000000000000000056
:104A60000000000000000000000000000000000046
:104A70000000000000000000000000000000000036
:104A80000000000000000000000000000000000026
:104A90000000000000000000000000000000000016
:104AA0000000000000000000000000000000000006
:104AB00000000000000000000000000000000000F6
:104AC00000000000000000000000000000000000E6
:084AD0000000000000000000DE
:04000005100001E9FD
:00000001FF
