:020000041000EA
:1000000000B5324B212058609868022188439860DF
:10001000D860186158612E4B002199600221596106
:100020000121F02299502B49196001219960352056
:1000300000F044F80222904214D00621196600F024
:1000400034F8196E01211966002018661A6600F04E
:100050002CF8196E196E196E052000F02FF8012189
:100060000842F9D1002199601B49196000215960AB
:100070001A491B48016001219960EB211966A021F2
:10008000196600F012F800219960164914480160C1
:100090000121996001BC002800D000471248134993
:1000A000086003C880F30888084703B5996A0420EC
:1000B0000142FBD001200142F8D103BD02B5186610
:1000C0001866FFF7F2FF186E186E02BD00000240BE
:1000D000000000180000070000035F00212200005C
:1000E000F4000018222000A00001001008ED00E03C
:1000F00000000000000000000000000074B24E7A12
:1001000000200420F7010010CB010010CD010010E9
:10011000C9010010C9010010C9010010C901001077
:10012000C9010010C9010010C90100101188011097
:10013000C9010010C901001045880110FF89011094
:10014000C1010010C1010010C1010010C101001067
:10015000C1010010C1010010C1010010C101001057
:10016000C1010010C1010010C1010010C101001047
:10017000C1010010C1010010C1010010C101001037
:10018000C1010010C1010010C1010010C101001027
:10019000C1010010C1010010C1010010C101001017
:1001A000C1010010C1010010C1010010C101001007
:1001B000C1010010C1010010C1010010C1010010F7
:1001C000EFF30580103800BE00BE00BE00BE00BECA
:1001D00000BE00BEF2EB8871ACAD0310D0AD0310D1
:1001E0003802001090A31AE71E481F49086006C88D
:1001F00081F3088810471D480068002801D019487D
:10020000F3E70DA40ECC002902D000F012F8F9E7B4
:100210001749184A002000E001C19142FCD116495B
:100220008847164988471649884700BEFDE701C937
:1002300001C29A42FBD37047D0AD0310D00000201A
:100240003835002038E203100000042000000420AC
:1002500038E2031000100420001004200000000009
:10026000704700000000000008ED00E0000000D032
:10027000383500202C810220595101101103001043
:1002800051510110F8B5C04606480749091A8B10AC
:10029000C90FC91810B5491003D0044B002B00D06A
:1002A000984710BD38350020383500200000000088
:1002B000054B10B5002B03D00449054800E000BFF2
:1002C000FFF7E2FF10BDC04600000000646D022091
:1002D000182C021070B584B006000C0001AB02AA05
:1002E00003A912F047FA051E04D1002C09D1200001
:1002F00004B070BD019A0299039812F007FA2C001D
:10030000F5E70248310010F0A1FFC046182C02109A
:1003100000B583B004F068F901210D48FFF7DAFF5A
:100320000C4B009300220021062012F089F9FA20DC
:10033000800011F0EFFE07F0EDF8074807F03EF9F6
:100340001AF018FBF82040010AF0F6F8FEE7C04664
:10035000400D030000C2EB0B4C2C021010B50CF04A
:100360000FFA002800D110BD00200CF0A7FBFAE71F
:1003700010B50D2010F0D0FF002201210D2010F04B
:100380009BFFD024240680239B01A3620C2010F045
:10039000C3FF002201210C2010F08EFF80235B019F
:1003A000A3620E2010F0B8FF002201210E2010F0F1
:1003B00083FF8023DB01A362FFF7D0FF10BDD023B2
:1003C0001B0658688004C00F7047D0231B0658686E
:1003D000C004C00F7047D0231B0658684004C00FEC
:1003E000704710B5FFF7BAFF10BD000070B50400EC
:1003F0000D0007280BD80CF0C3F900280CD0002200
:10040000290020000CF086FB002809D070BDA82030
:10041000C0010AF091F8F9E703480AF08DF8F5E712
:1004200002480AF089F8F1E7015400000254000084
:1004300010B5021E08D00378002B09D0013BD8B2BA
:100440001070FFF7D3FF10BD02480AF075F8FAE705
:100450000720F5E70354000010B5021E08D003780A
:10046000072B09D00133D8B21070FFF7BFFF10BDC2
:1004700002480AF061F8FAE70020F5E704540000AA
:1004800010B5072800D910BD072318400CF032FA28
:10049000F9E710B511F04EFF002905D0FA229200BD
:1004A000002312F071FC10BDFA21890012F02EFC1D
:1004B000F9E70000F0B5D6464F464646C0B584B0D1
:1004C00081460F00924698460CAB1E780D9C002585
:1004D00011F030FF0019694100290EDB02900391F1
:1004E0000096434652463900484618F052F904B087
:1004F000E0BCBA46B146A846F0BD012040420149E1
:10050000ECE7C046FFFFFF7FF0B5D6464F464646B4
:10051000C0B584B081460F00924698460CAB1E7859
:100520000D9C002511F006FF0019694100290EDB22
:10053000029003910096434652463900484618F00F
:1005400009F904B0E0BCBA46B146A846F0BD0120A6
:1005500040420149ECE7C046FFFFFF7F30B585B060
:100560002DE0C468C369826901790068019401249F
:100570000094FFF7C9FF039CE369834202D0039B09
:10058000186113E0E568636A226A217920680195A1
:1005900000240094FFF78EFFF1E7C5680179006839
:1005A00001950094FFF7B0FF039B1861039B9868C7
:1005B000002300930233002200211BF03DFA0023A8
:1005C000039301220D4B1868524203A919F0BEF99A
:1005D0000128F4D10398037D022BC2D02123C15CF2
:1005E0008269C3692024045D0029D6D0C5680179D9
:1005F000006801950094FFF75DFFD5E74473022082
:10060000F0B5D6464F464646C0B58EB080460F0080
:100610001600994616AB1B789A4618AB1D78244BEA
:100620001B68002B2ED004AC28220021200013F0E0
:1006300019FC4346049327711AF0DCFF0690179BC0
:10064000079325750A964B460B9320235246E25496
:100650000133E55403940122154B186800235242DC
:1006600003A918F0E5FF01281ED101225242012101
:1006700000201BF00BF908980EB0E0BCBA46B1465A
:10068000A846F0BD002D07D0179B01935346009359
:100690004B46FFF70FFFEFE7179B0193534600937D
:1006A0004B46FFF731FFE7E701204042E4E7C04651
:1006B00044730220F0B5C64600B58EB007000E00A8
:1006C00090461D00234B1B68002B28D004AC0490DF
:1006D00021711AF08FFF0690169B07930023089351
:1006E0000233237543460A930B95149B0C93159B79
:1006F0000D9303940122174B18680023524203A95B
:1007000018F096FF012821D1012252420121002038
:100710001BF0BCF808980EB080BCB846F0BD169B24
:100720000193012300932B00FFF7EEFE85420AD1CF
:10073000169B019300230093159B149A31003800F7
:10074000FFF7B8FEE7E701204042E4E7012040421E
:10075000E1E7C0464473022000B583B0124B1B682A
:10076000002B01D003B000BD00220421102018F09E
:10077000D9FE0D4B1860002811D0C0220B490C483F
:100780000C4B0193022300930023920019F05EFEAC
:100790000128E7D00848DA2103F0F0FFE2E7064835
:1007A000D72103F0EBFFE8E744730220D82C0210B6
:1007B0005D05001064720220882C021030B585B0EF
:1007C00008AC247800250295099D01950094FFF757
:1007D00017FF05B030BD30B585B008AC24780125D1
:1007E0000295099D01950094FFF70AFF05B030BD01
:1007F000F0B585B006000D000A9F03A90A704B7082
:1008000000240FE00D4B019300230093023303AA51
:1008100029003000FFF7D2FF02280CD001201AF087
:10082000EBFA0134022C03DC002FEBD03B00EAE7AB
:10083000002005B0F0BD0120FBE7C04650C300001A
:10084000F0B587B006000F001D0017236B441A7027
:10085000002D1BD000240FE002930123019300958B
:1008600017226A4439003000FFF724FF01280FD017
:1008700001201AF0C1FA0134022C04DC0C9B002B7D
:10088000EAD1044BE8E7002007B0F0BD0020FBE709
:100890000120F9E750C30000F0B5DE4657464E464A
:1008A0004546E0B587B080468A469946002B0CD075
:1008B000130A9B4605AB59461970D5B25D700027E7
:1008C0004B460393A946109D1EE0109B002BEFD0D2
:1008D00000202DE002302A00039913F0C9FA21E02C
:1008E0000193002300933300220051464046FFF756
:1008F00065FF029020001BF07BFF029B9E4220D0F0
:1009000001201AF079FA0137022F10DCAE1C3000FA
:100910001BF0B4FE041E12D05B4603704B464370BE
:10092000002DD7D1119B002BDAD1074BD8E700203F
:1009300007B0F0BCBB46B246A946A046F0BD0020B9
:10094000F6E70120F4E7C04650C30000F0B5CE46FC
:1009500000B586B0070089461D1E0C9E05D0110A01
:1009600005AB19705A70002412E0002EF7D0002059
:1009700016E0029301960095022305AA4946380025
:10098000FFF798FE86420FD001201AF035FA0134A5
:10099000022C04DC0D9B002BEBD1044BE9E700207B
:1009A00006B080BCB946F0BD0120F9E750C3000095
:1009B00010B5002300E00133094A12689A420CD9AD
:1009C000084A1C01A2588242F5D1064A121912792E
:1009D0008A42F0D10348201800E0002010BDC04634
:1009E000984602209C46022070B5002800DA70BDAF
:1009F00001248440D0252D06AC6105201AF0FCF9B5
:100A00006C610A201AF0F8F9F1E70000F0B5CE4663
:100A1000474680B583B006000C00170000280DD0B3
:100A20001F290BD9272909D8FFF7C2FF051E0ED0B1
:100A3000280003B0C0BCB946B046F0BD224A2348E6
:100A400000943300224906F0B9FD0025F0E7214B60
:100A50001B68072B20D81B0198461F4B994645461B
:100A60004D4410220021280013F0FCF94B46424669
:100A7000D6502C716F710023AB71EB712B73012079
:100A800018F08AFE061EA8600CD0002F12DA114A58
:100A9000136801331360CBE70B4A1048104906F086
:100AA0008DFDC5E7084A0F4823000F4906F086FD73
:100AB0003500BDE7380010F02FFC0123BB40D022E9
:100AC000120653625361E2E7E02C0210E82C021098
:100AD00010540000984602209C460220282D021047
:100AE00011540000542D02101254000030B585B08E
:100AF000041E00D17CE0037B002B77D1052020561B
:100B0000002800DB7AE00121A068494218F0BAFF12
:100B1000217920683B4D009520230A22FFF768FECB
:100B200021792068009520230B22FFF761FE2179AF
:100B30002068009500230022FFF75AFE21792068E3
:100B4000009500230122FFF753FE217920680095CC
:100B500000230C22FFF74CFE21792068009500232A
:100B60000D22FFF745FE0F236B4400221A700E2161
:100B700069440A702179206800951432FFF760FEFD
:100B8000002803D10F236B4400221A7021792068BA
:100B90001C4B00930E236B441522FFF751FE0028D7
:100BA00003D10E236B4400221A700F236B441B7871
:100BB000A3710E236B441B78E371A379DBB2217917
:100BC0002068104D00951422FFF712FEE379DBB286
:100BD0002179206800951522FFF70AFE012323736F
:100BE000A06800230022002118F022FD05B030BDCE
:100BF000054A0648064906F0E1FCF7E7FFF7F4FE70
:100C000081E7C04688130000E02C02108C2D0210F2
:100C100013540000F0B5C64600B582B004000D00C4
:100C20001700002850D0067B002E26D00F294DD863
:100C300007260E40072925D8142398460121A068CD
:100C4000494218F01FFF072D25D8002F1DD0A2798B
:100C50000123B340DBB21343A371A379DBB2217943
:100C600020681B4A00924246FFF7C2FD0600A068BA
:100C700000230022002118F0DBFC300002B080BC11
:100C8000B846F0BD15239846D8E7A3790122B240B3
:100C90009343A371E1E7002F10D0E2790123B34021
:100CA000DBB21343E371E379DBB221792068084AB0
:100CB00000924246FFF79CFD0600D8E7E379012247
:100CC000B2409343E371EEE70026D6E70026D4E76F
:100CD00088130000F0B585B0041E28D0037B002BDC
:100CE00027D00F2927D807250D4007291DD81227FF
:100CF0000121A068494218F0C5FE0F266E4400236A
:100D00003370217920680D4B009333003A00FFF7D0
:100D100097FDA06800230022002118F089FC337899
:100D20002B410120184005B0F0BD1327E0E700205B
:100D3000F9E70020F7E70020F5E7C0468813000038
:100D4000F0B5CE4600B584B004000D0003921F003C
:100D5000002845D0067B002E19D000291CD1142371
:100D600099460121A068494218F08CFE002D22D13D
:100D7000A1793B004B40039A13405940A3798B4221
:100D80000DD1A06800230022002118F051FC300092
:100D900004B080BCB946F0BD15239946E1E7A171C6
:100DA000A379DBB2217920680E4A00924A46FFF708
:100DB0001FFD0600E5E7E1793B004B40039A134035
:100DC0005940E3798B42DCD0E171E379DBB22179E0
:100DD0002068044A00924A46FFF70AFD0600D0E761
:100DE0000026D4E78813000070B5182010F094FA9C
:100DF000D024240680256D046562A561052011F0CC
:100E000089F965610A2011F085F916481722202119
:100E1000FFF7FCFD144D2860144C182221212000FE
:100E2000FFF7F4FD124B18600122524223212000EB
:100E3000FFF7ECFD0F4B18602868002801D0FFF782
:100E400055FE0B4B1868002801D0FFF74FFE094BE9
:100E50001868002801D0FFF749FE0A2101200BF095
:100E6000D1FE70BD582E002024470220602E0020A5
:100E70002047022028470220014B18687047C046CF
:100E800024470220014B18687047C04620470220C3
:100E9000014B18687047C0462847022010B503214F
:100EA000022010F0EFF90321032010F0EBF90022EB
:100EB0000121022010F000FA00220121032010F08D
:100EC000FBF90249024806F079FB10BDB42D02106F
:100ED000C02D0210F0B583B005000F0016000029E8
:100EE00019D1174809F028FB0120404226E0A4B29E
:100EF0001448154B019300943B002A005021FFF742
:100F0000CBFC002813D0052019F076FF2D19ADB2C7
:100F10003F19361BB6B2002E0FD03F222A40402385
:100F20009B1A9BB2341C9E42E1D91C1CDFE7074888
:100F300009F002FB0120404200E0002003B0F0BDB8
:100F400052440000582E002050C3000053440000BB
:100F500070B582B00C00150000290DD00D4E0E4B5F
:100F6000019300920B00020050213000FFF7EEFCCD
:100F7000002805D002B070BD084809F0DDFAF9E795
:100F8000074809F0D9FA2A00FF21200012F06AFF71
:100F9000F0E7C046582E002050C300005444000023
:100FA00055440000D0231B06802292029A617047AC
:100FB000D0231B06802292025A61704710B584B07C
:100FC0000400104B1B6898470F4B1B689847230C75
:100FD00002A90B70230A4B708C70FF23CB700B712E
:100FE0006C46FA3B6A46094821F0CAFD084B1B686B
:100FF0009847084B1B689847E37820791B021843F1
:1010000004B010BD103D02201C3D022000C0034072
:10101000183D0220143D022000B583B06B46D91D57
:1010200008700122024821F093FD03B000BDC046C4
:1010300000C0034010B582B06B46DC1D0023237056
:1010400001332200FF21034821F04AFD207802B03D
:1010500010BDC04600C0034010B5054B18680028FD
:1010600004D000230022002118F0E2FA10BDC0468F
:10107000D880022010B5044B1868002803D0012145
:10108000494218F0FFFC10BDD880022010B582B094
:1010900004000E4B1B6898470D4B1B689847230CA8
:1010A00001A90B70230A4B708C70FF23CB706C4628
:1010B000FB3B6A46074821F063FD074B1B689847D6
:1010C000064B1B689847E07802B010BD103D022027
:1010D0001C3D022000C00340183D0220143D0220A8
:1010E00030B583B004000D000D4B1B6898470D4BC5
:1010F0001B68984704232343220C01A90A70240A81
:101100004C708B70CD700422074821F021FD074BF5
:101110001B689847064B1B68984703B030BDC04614
:10112000103D02201C3D022000C00340183D02205B
:10113000143D022070B582B004000D001600002995
:101140001ED0002A1CD00F4B1B6898470E4B1B6803
:101150009847230C01A90B70230A4B708C700B4C21
:101160000322200021F0F4FC33002A00FF2120009C
:1011700021F0B6FC064B1B689847064B1B68984746
:1011800002B070BD103D02201C3D022000C0034093
:10119000183D0220143D022070B582B004000E00FC
:1011A000150000291FD0002A1DD0104B1B6898473E
:1011B0000F4B1B68984704232343220C01A90A7094
:1011C000240A4C708B700B4C0322200021F0C0FCD1
:1011D0002A003100200021F0BBFC074B1B68984718
:1011E000064B1B68984702B070BDC046103D0220F8
:1011F0001C3D022000C00340183D0220143D022087
:1012000000B583B00B000A0A01A90A704B70800078
:101210000130C00090239B019C4660440222FFF7EE
:10122000BBFF03B000BD00B583B00B000A0A01A9E3
:101230000A704B7080000130C000A0239B019C46C7
:1012400060440222FFF7A8FF03B000BD00B583B0E1
:101250000B000A0A01A90A704B7080000130C0001F
:101260008023DB009C4660440222FFF795FF03B019
:1012700000BD00B583B00B000A0A01A90A704B70CB
:1012800080000130C00080235B019C466044022244
:10129000FFF782FF03B000BDF0B5C64600B580463B
:1012A0000025002705E00135EDB2092D14D8B7421D
:1012B00011D043469C000134E40080239B019C46EE
:1012C00064442000FFF77AFE061EECD02000FFF7F2
:1012D00075FE0700E7E73E00300080BCB846F0BD71
:1012E000F0B5C64600B580460025002705E001356B
:1012F000EDB2092D14D8B74211D043469C000134F9
:10130000E40098239B019C4664442000FFF756FEAE
:10131000061EECD02000FFF751FE0700E7E73E0075
:10132000300080BCB846F0BDF8B5DE4657464E46A4
:101330004546E0B507000D001400002901D0002A41
:1013400005D1F0BCBB46B246A946A046F8BD830015
:101350009846581CC3009B46F82040015844FFF7AC
:1013600095FE8602B6B2731E9BB29A46902080010B
:101370005844FFF78BFE000283B299469420800107
:101380005844FFF783FE03004B449AB291465246FD
:101390001340F21A92B2924694420FD81802434672
:1013A0000233DB00184322002900FFF7F5FE21007D
:1013B000494489B23800FFF723FFC2E79E1BA619F4
:1013C000B6B2180243460233DB00984618432900A0
:1013D000FFF7E2FE2900514432004046FFF7DCFEF1
:1013E000E5E70000F8B5DE4657464E464546E0B50F
:1013F00007000D001400002901D0002A08D1294857
:1014000009F09AF8F0BCBB46B246A946A046F8BD22
:1014100083009846581CC3009B46F0204001584466
:10142000FFF734FE8602B6B2731E9BB29A46A02026
:1014300080015844FFF72AFE000283B29946A42097
:1014400080015844FFF722FE03004B449AB29146B4
:1014500052461340F21A92B2924694420FD81802A2
:1014600043460333DB00184322002900FFF762FEE6
:101470002100494489B23800FFF7D5FEC2E79E1B20
:10148000A619B6B2180243460333DB009846184348
:101490002900FFF74FFE2900514432004046FFF774
:1014A00049FEE5E7B0240000F8B507000C1E16D091
:1014B00086000136F600A0239B01F018FFF7E6FD39
:1014C0000502ADB2A4239B01F018FFF7DFFD2D1834
:1014D000ADB2611989B23800FFF7A5FEF8BD024828
:1014E00009F02AF8FAE7C046B124000070B51F4B96
:1014F0001B68002B2ED011200FF00EFFD0242406E5
:1015000080239B026362636114200FF005FF802536
:101510006D036562A561642019F06EFC656164204D
:1015200019F06AFC124B134A1A60134B134A1A60E3
:10153000134B144A1A60144B144A1A60144B154A80
:101540001A60154B154A1A601548282106F036F81E
:10155000012070BD012018F01FF9044B186000280D
:10156000C9D1104808F0E8FF0020F2E7D880022037
:10157000103D022075100010143D0220591000107B
:101580001C3D0220A50F0010183D0220B10F0010D5
:10159000743D022035100010783D02201910001013
:1015A000E02D0210B224000010B5041E1AD09020C5
:1015B000062221000001FFF7EFFDA11DF02004220B
:1015C0000001FFF7E9FD21000A31A0200422C0003C
:1015D000FFF7E2FD21000E31802004224000FFF7DA
:1015E000DBFD10BD014808F0A7FFFAE7B6240000B4
:1015F00070B5061E00D16FE008213C48FFF770FD72
:1016000008213B48FFF76CFD08213A48FFF768FDC9
:1016100008213948FFF764FD00213848FFF760FDD5
:1016200000213748FFF75CFD00213648FFF758FDE1
:1016300000213548FFF754FD00213448FFF750FDE5
:1016400000213348FFF74CFD00213248FFF748FDE9
:1016500000213148FFF744FD00213048FFF740FDED
:1016600000212F48FFF73CFD00212E48FFF738FDF1
:1016700000212D48FFF734FDB820F8218001FFF745
:101680002FFD0A2019F0B8FB0025B8208001FFF7D4
:10169000FDFC0400642019F0AFFB0135192D20D8A2
:1016A000E407F2D5214805F089FF3000FFF77CFF01
:1016B000C82007214001FFF713FDD020D0214001B1
:1016C000FFF70EFDD82008214001FFF709FD18485B
:1016D00005F074FF012070BD164808F02DFF0020B2
:1016E000F9E7154808F03AFF0020F4E7081E00006B
:1016F000081F0000281E0000281F0000481E0000D0
:10170000481F0000681E0000681F0000881E0000BF
:10171000881F0000A81E0000A81F0000C81E0000AF
:10172000C81F0000E81E0000E81F0000142E021071
:10173000382E0210B3240000B424000010B5B820E5
:101740008001FFF7A3FC0123184010BD10B58021D4
:101750000020FFF7C5FC0A2019F04EFB02E0012033
:1017600019F04AFB0020FFF791FC40B20028F6DB9D
:1017700010BD000030B5002818DB0F4B1B688342FA
:1017800017DD0E4B58244443E35C13700024137898
:10179000A34209D9094B582545435B191B195B78AE
:1017A0000B550134E4B2F2E7002030BD0420404282
:1017B000FBE704204042F8E77CA70210C80C002099
:1017C00010B504000023002003E00002E25C104397
:1017D00001338B42F9DB10BD30B5020000780023E5
:1017E000D356002B02DB0860012030BD7F2303406D
:1017F000013B50780860022006E00B681B02155C74
:101800002B430B60230001305C1E002BF5D1ECE76D
:1018100070B506000C001500110010C1601C3018D6
:10182000FFF7DAFF23180133AB60325DA12A07D836
:10183000A02A07D2302A05D06A689B18EB6002E024
:10184000A32AF9D1EB60002070BD000070B5013013
:101850000C4B1D5C1B56002B03DB01310A4B5A5409
:1018600070BD7F242C400231002008E0631E1B1A4B
:10187000DB0016001E414318034DEE540130A04218
:10188000F4DBEDE798750220A0780220F8B5CE468B
:10189000474680B5894615001E00354B01001800EB
:1018A00005F08CFE00240CE0295D324805F086FE30
:1018B000E3171B0FE2180F201040C01A0F2809D0A1
:1018C0000134B4421EDA2307EED12B48210005F083
:1018D00075FEE9E7294805F071FE27000F3F03E098
:1018E000274805F06BFE0137BC4207DBE95D254B5D
:1018F0005B5C68229343F3D12E21F1E7224805F087
:101900005DFEDDE7330727D0F3171B0FF2180F2416
:101910001440E31A98461024E41A002763001B19A8
:101920000133BB4204DB194805F048FE0137F5E7F7
:101930004346F41A03E0124805F040FE0134B44275
:1019400007DA295D0F4B5B5C68229343F3D12E21AC
:10195000F1E70D4805F032FE0548494605F02EFE38
:10196000094805F02BFEC0BCB946B046F8BDC046DC
:10197000582E0210682E02105C2E0210702E0210DB
:10198000742E0210F13B031018940210642E021002
:10199000F8B506000D001700214C58224243A41848
:1019A000647B9C4209D1062C27D012D8022C14D07B
:1019B000042C22D0052040422CE01A4B03221A703E
:1019C000194B069A1A70194808F0B6FD05204042D6
:1019D00020E0413CE4B2022C1DD839002800FFF77A
:1019E000EFFE0F4B582272439B1818619F735B6D7B
:1019F000002B13D0984700200CE058235E433000A2
:101A00001030074C00193A00290012F031FAA419DD
:101A1000A7730020F8BD05204042FBE70020F9E74E
:101A2000C80C00200F8102200E810220E224000059
:101A300070B506000D00002400E001340B4B1B685C
:101A4000A3420FDD0A4B58226243D35CAB42F4D170
:101A5000074BD01801302A0031001CF067FE002827
:101A6000EBD101E001246442200070BD7CA702108C
:101A7000C80C0020F0B5C64600B504000F001600E3
:101A80001D00002800DA77E03E4B1B68834200DC33
:101A900075E03D4B582242439B185B7B0B70062B35
:101AA0002FD009D8022B0BD0042B2AD0374808F0AE
:101AB00043FD0520404244E0413BDBB2022BF5D818
:101AC000314B582262439B181A6D002A09D05823C3
:101AD0006343180010302C49401808335918063158
:101AE0009047294B582262439B189B7B002B00D1C7
:101AF00004332B60244B582262439B181A69002040
:101B000035E0214B582262439B181A6D002A09D0F8
:101B100058236343180010301B49401808335918E4
:101B2000063190473B78042B0ED0174B5821614368
:101B30005A18927B2A601031C918300012F098F9B7
:101B4000002080BCB846F0BD54336343984618006B
:101B500010300D4FC0191DF0ABFA4744B873E4E7DD
:101B6000091A0139C9001300CB40335401302968E8
:101B70008142F5DC0020E4E704204042E1E7042054
:101B80004042DEE77CA70210C80C0020E1240000E0
:101B9000F0B5DE4657464E464546E0B58FB00400E8
:101BA00003917E4DC1239B00E9580AAA2800FFF744
:101BB0002FFE0A9EAF5D062F0ED10C98774A801833
:101BC0000B99FFF735FF0500A02C0BD0A32C09D0F3
:101BD000A12C5BD0002723E0714808F0ADFC012068
:101BE00040424CE00D9FBF1B6E4B9A46C1239B00A9
:101BF000994653464A4698585044684B9B46310094
:101C000059443A0012F034F95B464A469B58DB19B6
:101C10005A464946535053465B58DB195246535077
:101C20005E48C1239B00C15806AAFFF7F1FD6B1C5B
:101C300000D193E0A03C012C6CD90899574B9846F1
:101C40004144069B4246D35C079A039800902800C3
:101C5000FFF79EFE099C0699641A524EC125AD00FD
:101C6000705980194144220012F002F973591B196E
:101C7000735143465B591B1942465351E0190FB04B
:101C8000F0BCBB46B246A946A046F0BD454BC122BA
:101C9000920099585F540135434B1B68AB4217DCE7
:101CA0000D9FBF1B3F4D48193C4B9946310049449D
:101CB0003A0012F0DDF8C1239B004A46D258D219EF
:101CC0004946CA50EA58D219EA5001256D42A7E7A1
:101CD0003248C1239B009946C3580D9A921B9B180A
:101CE0004A4683504A1C2F4B984600234046835453
:101CF0000231424441442800FFF73CFD43464A4636
:101D00009B585A1C41468F5C0237DB1942464946B4
:101D1000535085E7234EC1239B009846F258023268
:101D200092190B2402AB9C46644405AB21002800A9
:101D3000FFF7A0FE4346F3582278F254059C5A1C44
:101D4000B45402341B194246B35014498B58099AB3
:101D50000698121A9B1842468B508FE7099C0699E9
:101D6000641A104B9846C125AD00585940440B4B9E
:101D700099464944220012F07BF843465B591B19EF
:101D8000424653514B465B591B194A465351074B28
:101D9000039A1A70064B02221A706FE79875022098
:101DA000E3240000A07802207CA702100E8102200C
:101DB0000F810220F0B5D6464F464646C0B584B0E6
:101DC000824688461B4CC1239B00E1586A4620008E
:101DD000FFF71EFD0099625C302A25D1029C641A2F
:101DE000154EC125AD007759B819124B9946494493
:101DF000220012F03DF84B465B591B194A465351DD
:101E000073591B19735141465046FFF7C1FE050037
:101E100000982A003900FFF719FD601904B0E0BCF2
:101E2000BA46B146A846F0BD044808F085FB01203B
:101E30004042F3E798750220A0780220E4240000D5
:101E4000F0B5CE46474680B585B00500264CC12387
:101E50009B00E1586A462000FFF7DAFC0099635CBA
:101E6000302B29D1029E761A204FC124A4003B5961
:101E70009846D8191C4B99464944320011F0F8FF96
:101E80004B461B599B194A4613513B599B193B51D1
:101E900000210024144BC12292009A58C0208000D7
:101EA0001B589A4214DA4F1C2800FFF783FF0028C2
:101EB00008DB24183900EDE70D4808F03DFB012050
:101EC00040420BE00B4808F037FB0120404205E0A0
:101ED000009822004146FFF7B9FCA01905B0C0BC2C
:101EE000B946B046F0BDC04698750220A0780220E1
:101EF000E5240000E6240000F0B5D6464F464646ED
:101F0000C0B590B04A4CC1239B00E1580CAA2000F8
:101F1000FFF77EFC0C9B9846E35C9A46A03B012BA6
:101F200003D95346A32B00D076E00E9F4346FF1AF9
:101F3000404DC124A4002B59994658193C4E4346A4
:101F400099193A0011F094FF3159C91931512B599F
:101F5000DB192B51A2234246AB5408AF3A003000A4
:101F6000FFF756FC0B9B08995B1A984628594019B5
:101F700089191A0011F07CFF3159414431512B5914
:101F800043442B5104AF3A003000FFF741FC079F58
:101F900004997F1A2859401989193A0011F068FFED
:101FA0003159C91931512B59DB192B51B8446A46A3
:101FB0003000FFF72DFC039F00997F1A2859401924
:101FC00089193A0011F054FF3359DB1933512B5959
:101FD000DB192B5147445046FFF732FF002821DB25
:101FE0003C180C9822004946FFF730FC124B1B7836
:101FF000002B07D006990F4A535402990F4B1B78B8
:10200000013353540E980C9BC01A001910B0E0BC59
:10201000BA46B146A846F0BD094808F08DFA01203D
:102020004042F3E7074808F087FA01204042EDE715
:1020300098750220A07802200F8102200E810220D4
:10204000E7240000E8240000F0B5C64600B584B0DF
:10205000244CC1239B00E1586A462000FFF7D8FBBF
:10206000009D635D042B2BD1019B1F4A1278934284
:1020700026D102981B4BC0181C491CF057FB0028A6
:102080002AD1039C641B1A4FC126B600B859C01947
:10209000144B984629004144220011F0E9FE4346C2
:1020A0009B591B1942469351BB591B19BB51FFF752
:1020B00023FF00280ADB201804B080BCB846F0BD1E
:1020C0000C4808F039FA01204042F5E70A4808F0C8
:1020D00033FA01204042EFE7084808F02DFA0120CA
:1020E0004042E9E79875022080A7021084A70210F9
:1020F000A0780220E9240000EA240000EB2400007C
:10210000F0B585B01A4CC1239B00E1586A46200007
:10211000FFF77EFB0099635C022B1DD1029B144AE2
:10212000D35C002B18D1039C641A124EC125AD005C
:10213000705980190E4FC919220011F099FE7B5970
:102140001B197B5173591B197351FFF77DFF002831
:1021500008DB201805B0F0BD074808F0EDF90120B4
:102160004042F7E7054808F0E7F901204042F1E76F
:1021700098750220A0780220EC240000ED240000D5
:10218000F0B5C64600B584B0214CC1239B000022A7
:10219000E2502049CA506A4600212000FFF738FB70
:1021A0000099635C302B27D1029D6D1A194EC12412
:1021B000A4003759B819164B984641442A0011F02B
:1021C00057FE43461B595B194246135133595B195D
:1021D0003351FFF795FF002814DB0E4BC12292000C
:1021E0009A58029BD21A00983900FFF72FFB002063
:1021F00004B080BCB846F0BD074808F09DF9012046
:102200004042F5E7054808F097F901204042EFE722
:1022100098750220A0780220EE240000EF24000030
:10222000F0B5CE46474680B585B0061E04DD18F0F1
:10223000F1FB8146002519E00126F8E7304B1878BC
:10224000304CC1239B0098460A236B441B884246AE
:10225000A25A009303AB210000F044FD4346E3582B
:1022600029492A482200FFF711FB0135AE4241DD22
:1022700018F0D0FB4B46C01A31283BD8204B1878B9
:10228000FFF72EF8002835D0002303930A226A4472
:102290001380021CC0239B00984200D91A1C92B2E2
:1022A0001B49174B18780A236B44009303AB00F0CB
:1022B000D1FD00281EDD0004040C154BC022920045
:1022C0001F009C50C121890000237B500D484350C2
:1022D00010490B7010490B70002111F0C3FD0A4921
:1022E0000E4823003A00FFF7D1FAFFF749FF01300B
:1022F000BBD0A3E7280005B0C0BCB946B046F0BDCE
:10230000C30C0020A078022018940210882E02101E
:10231000987502200F8102200E810220782E021073
:10232000024A1368013313607047C046E07B022005
:10233000014B18687047C046E07B022030B583B07F
:102340001E4B18701E4B1A70002900D1A1311D4D73
:1023500029801D4B00221A60FFF7EAFF1B4B186013
:1023600002F0ABFC154C207800F052F92A88207856
:102370000023022100F09CF92378984205D01448EC
:1023800008F0DAF8002003B030BD01AC002501955B
:10239000F020042221000001FEF7CCFE0095210070
:1023A000684602F08BFC074B1B88044A12780949E7
:1023B000094805F003F90120E5E7C046C30C0020F9
:1023C000C20C0020C00C0020E07B0220B87B022061
:1023D000E0240000982E0210A42E021070B5050013
:1023E0000C00FFF7A5FF034B1B68C01A28600423ED
:1023F000237070BDB87B02200CB4F0B5DE465746A2
:102400004E464546E0B589B003900F001600139381
:102410002B9B9B467C4C3023237002218946A17064
:1024200001398846E1700021217110001CF040FE46
:10243000050004206071A571E01D2A00310011F033
:1024400017FDEB1D0826B246AA44A422E2542A0036
:10245000093203330621A1540B3513AA1678E6542A
:10246000281932003D2304A98C466344190011F059
:10247000FFFC7619731C4022A255B21C0420E054C4
:10248000F31C3978A154321D7978E154731DB97861
:10249000A154B21DF978E154F31D4846A05402320C
:1024A0004046E05402332998A05402324846E05492
:1024B00002334046A05402322A98E05402334321AA
:1024C000A15402324046E05402330021A1543700A7
:1024D00010373022E25411362CAB07930023002230
:1024E0000292524604929A46059721E0AB7B9946A8
:1024F0004346042B52D043462370A31C98464B46B8
:102500006370290010314A46404611F0B1FC444640
:102510004C440237E41B731C3B4AD454A31CF618EA
:10252000029B9C466444A31C029301239C46E24404
:10253000DA453AD2079B1A1D07921D68324BF718ED
:1025400030229A55FF237B70F93BBB703C1D2A78E3
:10255000FA70691C200011F08BFC2B78E4186B7B5F
:102560009846042BC2D0062BC0D02370A01C042395
:10257000637029690B0E0D0AFF22120215402B43CE
:102580000A02FF252D042A401A430B061343069323
:10259000042206A911F06CFC0634BAE728001030BA
:1025A0001CF086FDC3B29946A5E7049B9A46059F99
:1025B000154C029BE355F2B25346D31ADBB2013BF2
:1025C00051466354023A6270104D287800F020F8AA
:1025D00028780023A222022100F06AF82878B2B2FB
:1025E000A2230093039B210000F07CFB287800F0DD
:1025F0000FF8002009B0F0BCBB46B246A946A04681
:10260000F0BC08BC02B01847EC7B0220C20C0020D2
:10261000F8B5070007283DD886000136F600751C7E
:10262000FF3510212800FEF75BFD18F0F3F90400D8
:102630002800FEF72BFD002808D018F0EBF9001B4E
:1026400004282AD8012018F0D7FBF1E780239B004B
:10265000F018FF21FEF744FD0123BB4010490A8812
:102660009A430A800F490A889A430A800E4B7A00DF
:102670000021D1520D4B0022DA5502E0012018F062
:10268000BBFBC0239B00F018FEF700FD0028F5D12E
:102690000130F8BD01204042FBE70D204042F8E741
:1026A000EE800220F0800220248002201C80022084
:1026B000F0B5C64600B582B004000D0016001F003C
:1026C000072800D9A5E0012945D0002900D1A3E0C1
:1026D0008B1EDBB2022B00D9A1E07B074AD4002F6E
:1026E00003D0012D4CD0022D53D02000FFF790FFD6
:1026F000A300013398460F233900994329434346E9
:10270000D800FEF7EDFC002E07D1484A1688731C4E
:102710009BB21380464A934251D031002000FEF70D
:1027200095FD4346DE00731CFF33984601211800D7
:10273000FEF7D6FC18F06EF905004046FEF7A6FC41
:10274000002840D018F066F9401B04286AD8012000
:1027500018F052FBF1E7F020042201A90001FEF776
:10276000E9FC019B002BB8D1324807F0E5FE0320BD
:1027700040424AE0304807F0DFFE0620404244E095
:1027800021233B42B1D12D4807F0D6FE062040421E
:102790003BE0BB0602D57BB2002B0ADAFB06A4D5D0
:1027A0007BB2002BA1DB264807F0C6FE0620404284
:1027B0002BE0244807F0C0FE0620404225E01B4BDA
:1027C000214A1A80A9E70121A140204803888B43B0
:1027D000038001223A40A240134303801C4A13881D
:1027E0008B4313801B4B62000021D1521A4B0022F5
:1027F0001A5502E0012018F0FFFAC0239B00F018E0
:10280000FEF744FC0028F5D060B202B080BCB846A8
:10281000F0BD01204042F8E705204042F5E70520E1
:102820004042F2E70D204042EFE7C046C40C0020D2
:10283000F0FF0000C1240000C2240000C3240000F7
:10284000C5240000C424000000C0FFFFEE80022069
:10285000F0800220248002201C800220F8B50700AE
:10286000072850D884000134E000FEF70FFC0F2346
:102870000340012B4AD1E400661CFF3608213000DA
:10288000FEF72EFC18F0C6F805003000FEF7FEFB40
:10289000002808D018F0BEF8401B042839D80120C1
:1028A00018F0AAFAF1E701221300BB40DB431BB288
:1028B0001949088803400B80184B1B883B411A427A
:1028C00011D1C0239B00E018FEF7E0FB002818D0D0
:1028D00080239B00E018FEF7D9FB000708D40A20EC
:1028E00018F08AFAEDE70E4807F038FE002012E0F3
:1028F0003800FFF78DFE0B4807F01EFE0D2040420A
:1029000009E0013007E00120404204E00520404298
:1029100001E00D204042F8BDF0800220EE80022050
:10292000C6220000C7240000F8B50500072856D8C5
:1029300084000134E000FEF7A9FB0F230340012BC4
:1029400050D1E400C0239B00E7183800FEF79EFB3F
:1029500013284AD10134FF3402212000FEF7C0FBC6
:1029600018F058F806002000FEF790FB002808D069
:1029700018F050F8801B04283AD8012018F03CFACF
:10298000F1E718F047F804003800FEF77FFB1C2839
:1029900011D801238340184A134203D1DB020AD520
:1029A000012027E02800FFF733FE144807F0C4FD9C
:1029B000042040421EE018F02DF8001BFA235B00B3
:1029C000984203D8012018F017FADDE72800FFF736
:1029D0001FFE0B4807F0B0FD0D2040420AE0012029
:1029E000404207E00520404204E00320404201E06D
:1029F0000D204042F8BDC04601008810C8240000E8
:102A0000C9240000F0B5CE46474680B583B0050026
:102A100001911400072800D9ADE087000137F800C4
:102A2000FEF734FB0F230340012B00D0A6E0002C5F
:102A300000D1A6E0FB009846C0239B004344994682
:102A40001800FEF723FB172801D01C2814D1514B86
:102A50001B882B41DB0726D58027BF004744380061
:102A6000FEF714FBC30612D400072AD4002003B0DB
:102A7000C0BCB946B046F0BD01F0C0FF012802D18C
:102A800007204042F3E7444807F056FDF8E71021DD
:102A90003800FEF725FB0123AB40DB431BB23D4A68
:102AA00011880B401380F82040014044FEF7EEFAF5
:102AB0008702BFB2BC4200D8270017F0ABFF060068
:102AC00020E02800FFF7A4FD344807F035FD0D2075
:102AD0004042CCE72800FFF79BFD01F08FFF012863
:102AE00002D107204042C2E72D4807F025FDF8E754
:102AF000A7421BD917F08EFF801B092844D801205C
:102B000018F07AF92800FEF7C7FB04004846FEF7E4
:102B1000BDFA172801D01C28DCD1224B1B882B4181
:102B2000DB07E5D5A742E3D90020A0E73A000199E9
:102B30002800FEF7F9FB44460134FF342021200031
:102B4000FEF7CEFA17F066FF06002000FEF79EFAA9
:102B5000002808D017F05EFF801B042816D801203B
:102B600018F04AF9F1E70122AA400A490B881343F9
:102B70000B8038007BE70120404278E70520404287
:102B800075E70E20404272E7002070E70D204042BA
:102B90006DE7C046F0800220CA240000CB2400006C
:102BA000CC240000EE800220F0B5CE46474680B52A
:102BB00083B004000191914607287AD88600013637
:102BC000F000FEF763FA0F230340012B74D14B464C
:102BD000002B74D0F3009846C027BF00474438004C
:102BE000FEF754FA172801D01C2803D117F012FF62
:102BF000060020E001F002FF012802D107256D4206
:102C000061E0354807F098FCF8E7344807F094FC99
:102C100020E0002D21D1324B1B88234101221500D9
:102C20001D401A424ED117F0F5FE801B09284AD8E4
:102C3000012018F0E1F82000FEF752FB05003800F3
:102C4000FEF724FA1728E4D01C28E2D001F0D6FEC3
:102C50000128DAD107256D4235E0A94500D84D4657
:102C6000F02040014044FEF711FA8602B6B2B542A8
:102C700000D82E00320001992000FEF7B3FB444635
:102C80000134FF3440212000FEF72AFA17F0C2FE7B
:102C900005002000FEF7FAF9002808D017F0BAFE68
:102CA000401B042815D8012018F0A6F8F1E73500DC
:102CB00009E001256D4206E005256D4203E00E2581
:102CC0006D4200E00025280003B0C0BCB946B04604
:102CD000F0BD0D256D42F6E7CF240000D0240000A2
:102CE000EE800220F0B5DE4657464646C0B582B0BB
:102CF0000500019116001C000AAB1B889B460728A3
:102D000000D990E087000137F800FEF7BFF90F23E4
:102D10000340022B00D089E0002E00D189E0237807
:102D2000002B09D16378002B06D1A378002B03D1A7
:102D3000E378002B00D17FE05B46002B00D17EE0E2
:102D4000FB009846C0239B0043449A461800FEF7B8
:102D50009DF9222818D104222100C02000014044FE
:102D6000FEF71AFA59462800FEF783FAF8204001C8
:102D70004044FEF78BF98702BFB2BE4200D837004D
:102D800017F048FE06001AE02F4807F0D5FB072091
:102D9000404204E02D4807F0CFFB0720404202B03C
:102DA000E0BCBB46B246A846F0BDA74219D917F011
:102DB00031FE801B092845D8012018F01DF8280095
:102DC000FEF76AFA04005046FEF760F92228E1D1C6
:102DD0001F4B1B882B41DB07E7D5A742E5D9002015
:102DE000DDE73A0001992800FEF79EFA44460134D7
:102DF000FF3420212000FEF773F917F00BFE0500C9
:102E000002E0012017F0F8FF2000FEF73FF900284C
:102E100007D017F0FFFD401B0428F2D90D204042D7
:102E2000BDE73800BBE701204042B8E7052040423B
:102E3000B5E70E204042B2E70C204042AFE70B203E
:102E40004042ACE70020AAE7D1240000D2240000D1
:102E5000EE800220F0B5D646474680B585B0050025
:102E6000009114000193072800D93BE1002A00D10A
:102E70003BE187000137F800FEF708F982469E4BD8
:102E80006A00D35A002B1CD0002607205346184056
:102E900003285CD0042800D1A1E0022800D0EBE098
:102EA000954B6A00D35A002B12D0934B6A00D65A26
:102EB000A64200D92600320000992800FEF792FAB7
:102EC000E1E02800FEF70CFA061EDED1002000E14A
:102ED000082202A92800FEF785FAFE000136FF3617
:102EE00040213000FEF7FCF817F094FD824602E026
:102EF000012017F081FF3000FEF7C8F8002808D045
:102F000017F088FD5346C01A0428F1D90D2040421D
:102F1000DFE002AB1A7801990A705A784A709A7801
:102F20008A70DA78CA701A790C990A801202597973
:102F300052180C990A809A796F496800425212021D
:102F4000DB79D2180A526D4B80225A55ADE76A4B95
:102F50006A00D35A002B0BD0674B6A00D65AA642A0
:102F600000D92600320000992800FEF73BFA8AE0DB
:102F7000062202A92800FEF735FAFE000136FF36C8
:102F800040213000FEF7ACF817F044FD824602E025
:102F9000012017F031FF3000FEF778F8002808D044
:102FA00017F038FD5346C01A0428F1D90D204042CD
:102FB0008FE002AA137801990B7053784B709378C5
:102FC0008B70D378CB7013794B49680043521B0246
:102FD00052799B180B52494B80225A55BCE7464BFD
:102FE0006A00D35A002B0BD0434B6A00D65AA64234
:102FF00000D92600320000992800FEF7F3F942E0DC
:10300000022202A92800FEF7EDF9FB000133FF338D
:10301000984640211800FEF763F817F0FBFC060005
:1030200002E0012017F0E8FE4046FEF72FF80028E6
:1030300007D017F0EFFC801B0428F2D90D20404286
:1030400047E002A803782C4A69008B521B024078A3
:103050001B189BB2023B9BB28B52294A934203D866
:10306000264B80225A55BFE72800FFF7D1FA2548A2
:1030700007F062FA24482CE031002800FEF714FA29
:103080001D4B6A00D652FC000134FF344021200061
:10309000FEF726F817F0BEFC07002000FDF7F6FF4C
:1030A000002808D017F0B6FCC01B042820D8012047
:1030B00017F0A2FEF1E7104A69008B5A9B1B9BB2E6
:1030C0008B52002B0AD00D4A535D01210B435355FF
:1030D000300005B0C0BCBA46B046F0BD074B002278
:1030E0005A55F5E701204042F3E70E204042F0E751
:1030F0000D204042EDE7C046248002201C800220C3
:10310000EA050000D424000017FCFFFF70B515008D
:10311000072800D995E0072900D98CE089004D4B9C
:103120005B589F4680000130C000B0235B019C4685
:1031300060441178FDF7D4FF012070BD800001309C
:10314000C000A8235B019C4660441178FDF7C8FFCE
:103150000120F2E780000130C40090235B01E018F9
:103160001188090AFDF7BCFF98235B01E018297854
:10317000FDF7B6FF0120E0E780000130C000C0236A
:103180001B019C46604404222900FEF705F801203B
:10319000D3E71188FEF76DF80120CEE784000134F3
:1031A000E000FDF773FF0F230340012B4CD1E40037
:1031B000BC239B01E018FDF769FF002816D1661CAF
:1031C000FF3622213000FDF78BFF3000FDF75EFF58
:1031D00000281BD080239B00E5182800FDF756FF30
:1031E000000709D4012017F007FEEEE71A4807F0A0
:1031F000A3F902204042A0E708212800FDF770FF54
:10320000164807F099F90D20404296E7013094E7FF
:1032100084000134E000FDF739FF0F230340012B48
:1032200015D1E000BC239B019C4660442978FDF742
:1032300057FF012081E70A4807F07EF90A20404243
:103240007BE70120404278E70520404275E70520F2
:10325000404272E75CA70210D7240000D824000087
:10326000D924000082B000226B46D91D06E0836994
:10327000DB06FCD403680B7001320131002AF6D062
:103280006B46D87902B070470223002203E0C15C8C
:103290008A18D2B20133162BF9DDC07D801A434261
:1032A0005841C0B27047552805D00F239843F028E5
:1032B00003D0002070470120FCE70120FAE700005E
:1032C00002781F4B1A7083781B04C27812021343D2
:1032D000027913431B4A136043791B04827912025B
:1032E0001343C2791343184A1360037A1B04427ACA
:1032F00012021343827A1343144A1360C37A1B04E5
:10330000027B12021343427B1343114A1360837BF7
:103310001B04C27B12021343027C13430D4A136049
:10332000437C1B04827C12021343C27C13430A4A6F
:103330001360427D837D12021343084A1380704755
:10334000C60C00204C3A0220483A02203C3A0220A7
:10335000383A0220443A0220403A0220DC8002201F
:10336000F8B50400072855D86E4B1B7802261E407E
:103370001B0703D46C4B1D68002D53D16B4B0022EF
:103380001A606B4B1D68002D68D16A4B00221A60D1
:10339000664B1D680021281C10F046FC002805D053
:1033A0006549281C10F048FC002802D05F4B002221
:1033B0001A60604B1D680021281C10F035FC0028A5
:1033C00005D05E49281C10F037FC002802D0594B6C
:1033D00000221A60002E03D1594B1D68002D57D1D1
:1033E000524B544A1168186810F0D7FB554B1860BF
:1033F000544B1C680021201C10F016FC002805D03E
:103400005149201C10F018FC002802D04D4B00221E
:103410001A60F8BD4B4A00231360464A1360434AC2
:103420001360F6E7494B186810F00BFC071C2800E6
:1034300010F007FC011C381C10F099FB444DE7000C
:103440003B199B00595910F0A8FB3F19BF00ED191B
:10345000A96810F082FB354B186092E73D4B186865
:1034600010F0EFFB071C280010F0EBFB011C381CD0
:1034700010F07DFB364DE3001B199B00ED186968C9
:1034800010F08BFBE96810F068FB2A4B18607FE7AF
:10349000314B186810F0D5FB061C280010F0D1FB4A
:1034A000011C301C10F063FB294DE60033199B0012
:1034B000595910F072FB3619B600AD19696810F051
:1034C0006CFB041C1F4B1860184B1868194B1968CB
:1034D00010F063FB051C0021201C10F097FB002856
:1034E0001CD11949201C10F0A7FB002816D11B493C
:1034F000281C10F0A1FB002800D179E7291C201C12
:1035000010F02BFB40004008291C10F030FBFC2180
:10351000890510F091FB002800D169E7094B1D6077
:1035200066E7C046C60C0020483A02208C4B0220B9
:10353000383A0220644B02200000C8430000C84211
:10354000403A0220884B022000401C474C3A02209F
:10355000FC4202203C3A0220443A0220CDCCCC3D31
:1035600070B50024002601E00134E4B2072C14D821
:103570000B4BA200D5580021281C10F055FB002849
:10358000F2D00849281C10F041FB0028ECD0291C7F
:10359000301C10F0E7FA061CE6E7301C70BDC04690
:1035A000704202200000C842044B0022DA731A74F1
:1035B0005A619A61DA611A627047C0461C73022030
:1035C0000300054A5078002800D17047002BFCD03A
:1035D000127B1A70F9E7C0461C73022010B507234E
:1035E00003400122024059089B08490002240C4074
:1035F00014439B001C4308212143C9B20A220F2017
:1036000009F082FB00280DD0012017F0F5FB210006
:103610000A220F2009F078FB002808D0012017F0BB
:10362000EBFB10BDD030800106F086FFF9E70248C1
:1036300006F082FFF5E7C04601340000F8B50EF051
:1036400079FE06000F00002409E00EF073FE801BD7
:10365000B941002916D112D0012017F0CDFB7F2CE3
:1036600010D81A4B9B69DB06EFD47F2CEDD8651C74
:103670001648FFF7F7FD164B18552C00F1E7154BD0
:103680009842E9D9172C1FD9002500E03500230006
:10369000183BAB4216D30E4B585D6E1C9F5DFFF777
:1036A00002FE0028F2D05A2FF0D1094969180A4DBC
:1036B0001822280010F0DCFB2800FFF7E5FD0028A9
:1036C000E4D000E00020F8BD0020FCE7004003400B
:1036D000DC6D022090D00300F0440220F0B5DE46FD
:1036E00057464E464546E0B589B0BF4B1C7B9A7B9A
:1036F0001D7C072C00D95CE15208AA4200DD60E184
:10370000BA4AE3001B199B009B5898460021181CDD
:1037100010F092FA002800D18FE0B44BE2001219A9
:1037200092009B189A6893465B6899460021181C82
:1037300010F082FA002800D182E0AC4BE2001219AE
:1037400092009B18DB689A46A74E706910F079FAD0
:10375000071C280010F07AFA051C011C381C10F018
:1037600006FA0790B06910F06CFA291C10F0FFF906
:10377000071CF06910F065FA291C10F0F8F90690A2
:10378000306A10F05EFA291C10F0F1F9051C33784C
:10379000012B59D0022B00D1CFE0033BDBB2012B30
:1037A00000D916E1904B9E680021301C10F034FACD
:1037B000002800D00FE10021069F381C10F02CFAE1
:1037C000002800D009E10021281C10F025FA00286B
:1037D00000D004E1291C381C10F0C9F9002110F0B8
:1037E0001BFA002800D0FCE0311C504610F0BAF95A
:1037F000071C0699281C10F0BAF9011C381C10F09F
:10380000CCF981467A4D7B4F504610F041FA049036
:103810000591301C10F03CFA02900391484610F0DC
:1038200037FA0090019122002900380003F0C6FE0B
:10383000012306930026002737E06F4B98466CE77C
:10384000FC239B05994678E70021381C10F0F4F919
:1038500000286CD0391C079810F089F9414610F007
:103860009CF983460021281C10F0E6F9002861D05D
:10387000291C069810F07BF9494610F08EF9824613
:103880005B4D5E4E504610F003FA0290039158468D
:1038900010F0FEF90090019122002900300003F0A1
:1038A0008DFE0023069300260127504DE3001A19D0
:1038B000920041465151AD185B46AB604B466B6080
:1038C0005346EB604C49404610F051F980464C4954
:1038D00010F063F928614B49404610F05EF96861C9
:1038E000494BAB613E4360D1069B002B5DD1297FE4
:1038F0003E4BE200121992009B181977002F56D107
:103900003A4BE200121992009B18597F3748E300A6
:103910001A199200821851771100200007F066F8FA
:1039200033493A48220003F049FE012042E00023D7
:103930009B4697E700239A46A2E72B4B5D68002140
:10394000281C10F079F900283DD00021079810F0CC
:1039500073F9002839D00021381C10F06DF90028C7
:1039600035D0291C584610F0FDF8061C0799381C64
:1039700010F0FDF8011C301C10F00FF980461C4EB1
:10398000234F281C10F084F902900391404610F058
:103990007FF90090019122003100380003F00EFE03
:1039A00000230693012600277FE7CA21A0E7CA214A
:1039B000ACE7002009B0F0BCBB46B246A946A04621
:1039C000F0BD0020F6E70020F4E70020F2E7002039
:1039D000F0E70020EEE70020ECE70020EAE7002017
:1039E000E8E70020E6E7C0461C730220FC42022004
:1039F000D02E02105C2F0210D7A3F03FDC2E021055
:103A0000007EE54900007A446F12033BA82F0210A4
:103A10001C2F021030B583B0344B5B78002B22D0C2
:103A2000324B1B7B83421ED1304BDA7B0132D2B248
:103A3000DA7358692E4909680918596198692D493E
:103A4000096809189961D8692B4909680918D96169
:103A5000186A2A49096809181962197C0131197410
:103A60009B7B9A4201D203B030BDFFF737FE00289E
:103A700017D01E4B24215A5C01325A541B4A137B27
:103A80000133DBB2527B934211D3184B1B78012BCD
:103A900017D0022B24D0042B24D0032B24D0184A77
:103AA00010E0124B25215A5C01325A54E6E70F4CC4
:103AB0002373FFF779FD227B1249134803F07EFD43
:103AC000D1E7124A094C2423E35C2521655C0D49AA
:103AD0000F48009503F072FD002323706370C2E766
:103AE0000C4AEFE70C4AEDE70C4AEBE71C730220A7
:103AF0004C3A0220483A02203C3A0220383A02204E
:103B0000F42F0210D02E02100C300210D42F02100D
:103B100034300210DC2F0210E42F0210FC2F0210B0
:103B200070B50400072809D81D4B1868642115F0EA
:103B3000A9FF012807D00025280070BD194806F00C
:103B4000FBFC0025F8E72000FFF748FD02E01648DF
:103B5000FFF788FB144B9B69DB06F8D53C2017F078
:103B60004BF9FFF76BFD051E0ED1104A00231360C1
:103B70000F4A13600F4A1360094B18680023002294
:103B8000002115F055FDD7E70B48FFF799FB200002
:103B9000FFF7E6FB094B1C702000FFF73BFFEBE74C
:103BA0003C8002200234000000400340884B022089
:103BB000644B02208C4B0220F0440220FB80022048
:103BC000072803D8024B8000C05870470020FCE74C
:103BD0001C440220F0B5DE464F4680B583B0070096
:103BE0000E00072804D903B0C0BCBB46B146F0BDE7
:103BF0000EF0A0FB04000D00002E2DD01B4BFA0090
:103C00009B181A685B68110019431FD02000290017
:103C1000801A994101225242D31712184B41002BAE
:103C200014D100920193019B002B03D1104B009AF9
:103C30009A420BD80F4EBB009B469B5999460E4AA1
:103C400000230FF089F848445B469851074BFF006A
:103C5000DB191C605D60C6E7044AFB00D218074B05
:103C60001868596810605160BDE7C04638350020BB
:103C70007E9698001C44022040420F00C832031078
:103C800070B582B0254B1C786B46D81D002303709D
:103C9000FFF796FC051E03D06B46DC791F4B1C70AA
:103CA0006B469E1D002333703100200008F07AFD22
:103CB00031781B4B19552000FFF78CFF2000FFF7D0
:103CC0007FFF184BA20098502000FFF729FF002823
:103CD0000CD0154AA300154909689950144A154992
:103CE00009689950144A154909689950002D09D15D
:103CF0000A4A1378013307210B401370072C04D0B4
:103D000002B070BD054B1C70F8E7FFF729FC0C4BA7
:103D100018600C4B01221A70F2E7C04600810220A5
:103D2000B0420220B8420220D84202208C4B02202E
:103D300070420220644B022090420220884B0220F5
:103D4000E87B02200981022010B5072810D80B4B10
:103D50008000C4580021201C0FF066FF00280AD004
:103D60000749201C0FF052FF002802D1002400E078
:103D70000024201C10BD0024FBE7C046D8420220CE
:103D80000000C84310B5072810D80B4B8000C4585A
:103D90000021201C0FF048FF00280AD00749201CF2
:103DA0000FF034FF002802D1002400E00024201C82
:103DB00010BD0024FBE7C046704202200000C8424C
:103DC00070B50400072817D8FFF7BEFF051C2000B8
:103DD000FFF7D8FF011C281C0FF0DFFE041C002198
:103DE0000FF022FF00280AD00649201C0FF00EFF1A
:103DF000002802D1002400E00024201C70BD002413
:103E0000FBE7C04600401C47072803D8024B800050
:103E1000C05870470020FCE7B8420220072802D8AB
:103E2000024B185C70470020FCE7C046B0420220FD
:103E3000014B18687047C046E87B0220044B1B7892
:103E4000D8B2002B00D17047014B00221A70FAE75C
:103E50000981022030B58BB04349444803F0AEFBE2
:103E6000002428E0424B019333E0FC239B0502939E
:103E700035E000230493059800210FF0DDFE0028B3
:103E80004AD0069800210FF0D7FE002847D00798A7
:103E900000210FF0D1FE002844D0364BE100091973
:103EA000890001AA5B1823CA23C323CA23C323CAD8
:103EB00023C30134E4B2072C50D801A9200009F033
:103EC000CFFA002831D1019800210FF0B5FE00286B
:103ED000C8D0029800210FF0AFFE0028C5D0039D86
:103EE0002549281C0FF0A8FE002805D02349281CCE
:103EF0000FF08CFE002801D100230393049D1E497E
:103F0000281C0FF099FE0028B3D01C49281C0FF084
:103F10007DFE0028AFD1ACE7194B0593B1E7174BF5
:103F20000693B4E7174B0793B7E7124AE1000B1962
:103F30009B000F4898500B199B00D318FC2080055C
:103F4000586000209860D8600D4818610B4858618F
:103F50000C489861FF2018775877AAE702490A4869
:103F600003F02CFB0BB030BDD02E021070300210CD
:103F7000D7A3F03FFC42022000007AC400007A443C
:103F8000007EE5496F12033BA030021070B5234953
:103F9000234803F013FB012015F0FEFB214B1860B2
:103FA000002815D09621204C490120000EF0B4FACB
:103FB000022101200DF066F9022100200DF062F9C6
:103FC00001230122082120000EF07CFA00231CE0CE
:103FD000164806F0B1FA20E0154A980000268650EF
:103FE000144AD900521814490C684D681460556081
:103FF000124AD654124900224250124942501249E4
:104000004250124A86500133DBB2072BE4D9FFF746
:1040100021FF02490E4803F0D1FA70BDD02E0210E4
:10402000C83002103C8002200040034003340000EE
:104030001C44022038350020C8320310B042022050
:10404000D84202207042022090420220B842022050
:10405000F430021010B5144B5B78002B1DD1124BBD
:1040600001221A705A7000225A609A6000221A7354
:1040700008215973023199731A315A5401315A5433
:10408000FFF792FA094C0A48210003F097FA094811
:10409000210003F093FA012010BD0449064803F003
:1040A000F7FA0020F8E7C0461C730220D02E021059
:1040B00050310210943102101831021070B5040012
:1040C000072829D8154B5B78002B1FD1134B0122F1
:1040D0001A705A7000225A609A601873421C5A7300
:1040E0000A229A73002224215A5401315A54FFF7AC
:1040F0005BFA0B4D0B482200290003F05FFA0A48D7
:104100002200290003F05AFA012070BD0449074833
:1041100003F0BEFA0020F8E70020F6E71C73022047
:10412000D02E0210C43102100032021018310210D9
:1041300010B5041C00210FF06FFD00282DD1184B85
:104140005B78002B23D1164B02221A70013A5A7069
:104150005C6000229A6000221A73082159730231B0
:1041600099731A315A5401315A54FFF71DFA201C21
:104170000FF08EFD02000B000A4C0B48210003F0EB
:104180001DFA0A48210003F019FA012010BD054963
:10419000074803F07DFA0020F8E70020F6E7C04664
:1041A0001C730220D02E0210343202108032021012
:1041B00018310210F0B583B004000D1C072836D862
:1041C0000021281C0FF028FD002833D11A4B5B7802
:1041D000002B26D1184B02221A70013A5A705D60EA
:1041E00000229A601C73621C5A730A229A7300227E
:1041F00024215A5401315A54FFF7D6F90F4F104E6B
:10420000281C0FF045FD009001912200390030007C
:1042100003F0D4F90B482200390003F0CFF9012054
:1042200006E00649084803F033FA002000E00020C9
:1042300003B0F0BD0020FBE71C730220D02E02105B
:10424000C03202100433021018310210F0B583B0EE
:1042500004000D1C072836D80021281C0FF0DCFCB8
:10426000002833D11A4B5B78002B26D1184B032240
:104270001A70023A5A7000225A609D601C73621CC8
:104280005A730A229A73002224215A5401315A5433
:10429000FFF78AF90F4F104E281C0FF0F9FC009021
:1042A000019122003900300003F088F90B48220008
:1042B000390003F083F9012006E00649084803F0BD
:1042C000E7F9002000E0002003B0F0BD0020FBE78C
:1042D0001C730220D02E02103C33021088330210CF
:1042E0001831021010B5041C00210FF095FC0028B5
:1042F0002DD1184B5B78002B23D1164B04221A705A
:10430000033A5A7000225A609C6000221A730821F6
:104310005973023199731A315A5401315A54FFF7C3
:1043200043F9201C0FF0B4FC02000B000A4C0B48B0
:10433000210003F043F90A48210003F03FF901206E
:1043400010BD0549074803F0A3F90020F8E7002055
:10435000F6E7C0461C730220D02E0210C4330210B0
:104360001034021018310210014B58787047C046C3
:104370001C730220F0B5D6464F4680B585B00400C8
:10438000072804D905B0C0BCBA46B146F0BD2C49D7
:104390002C48220003F012F92B4AE3001919890076
:1043A000885855186B6899460FF072FC06000F008C
:1043B00048460FF06DFC0090019132003B0023480D
:1043C00003F0FCF8A868EB6899460FF061FC060062
:1043D0000F0048460FF05CFC0090019132003B005A
:1043E0001B4803F0EBF828696B699946AB699A465C
:1043F0000FF04EFC06000F0050460FF049FC0290F3
:10440000039148460FF044FC0090019132003B00BC
:10441000104803F0D3F82B7FCA2B0DD00E490A4B5E
:10442000E200121992009B185B7FCA2B06D00A4A41
:104430000A4803F0C3F8A5E70949F0E7084AF7E797
:10444000D02E021060340210FC4202207834021098
:104450008C340210A43402105C340210C4340210F4
:10446000583402100300303BDBB2092B0BD9030098
:10447000413BDBB2052B08D90300613BDBB2052BC6
:1044800005D8573870473038FCE73738FAE701204D
:104490004042F7E7084BDA6802601A6942605A69DD
:1044A00082609A69C260DA6902611A6A42615A6A74
:1044B00082619B6AC36170470080054070B588B017
:1044C00004000B00144A2021684610F0EFFD6946F5
:1044D00020001AF077FC041E15D068461AF0E8FD9B
:1044E0002618262130001AF0C9F900280ED0851BA5
:1044F0007F2D00D97F25094C2A00310020000FF0C4
:10450000B7FC00236355200008B070BD30001AF0DE
:10451000CFFD3018EBE7C046E4340210588002208B
:10452000F8B50500060007E020232B7001360135A1
:1045300002E001362C7001353478002C13D02B2C7E
:10454000F2D0252CF5D17078FFF78CFF071EF0DB39
:10455000B078FFF787FF0028EBDB3F0107432F70A0
:1045600003360135E8E700232B70F8BD10B586B09F
:10457000041E14D01722002168460FF073FC00229D
:10458000032A10DCA11888796B469B189871887BE8
:104590009873887A9872897C99740132F0E711488F
:1045A00005F0CAFF15E0002303E0E15C6A46D15440
:1045B0000133052BF9DDA37D013B5A4253416C4683
:1045C000A3756846FCF7F0FF6846FDF711F8041E76
:1045D00002D1200006B010BD0A21012008F050FBD6
:1045E000F7E7C0460174000010B50F4B1A680F4B77
:1045F0009A4203D10C4B9B88012B09D00A4C3022E4
:10460000002120000FF02EFC084B23600123A38023
:104610000548836801338360054B9B68C360103095
:10462000FFF738FF10BDC0462C81022050414E5389
:104630000080054070B582B0214B1A68214B9A4228
:1046400003D11F4B9B88012B0BD01F4C200002F085
:10465000B5FF1E4802F0B2FF200002F0AFFF02B02B
:1046600070BD194D280002F0A9FF194802F0A6FFFD
:10467000134CA168E268174802F0A0FF164802F048
:104680009DFF21696269A369E6691448009602F0FA
:1046900095FF216A626AA36AE66A1148009602F0F1
:1046A0008DFF280002F08AFF0023E36005E0044A42
:1046B000191D8900002088500133072BF7D9CEE758
:1046C0002C81022050414E53E83402102435021050
:1046D000583502108C350210B8350210E035021042
:1046E0002036021010B50A4A13680133136016F021
:1046F00091F9FA229200002300210FF011FAFA2218
:10470000920000230EF040FB024B186010BDC04623
:104710003C47022040470220014B18687047C046C2
:104720003C47022010B5064C064BE36073462361FC
:10473000606116F049FFA061034807F083FFFEE7C0
:1047400000800540F200EFBE6036021010B5084C44
:10475000084BE3607346236116F04CFF6061002054
:1047600016F032FFA061044807F06CFFFEE7C04678
:1047700000800540F300EFBE6036021010B5054B17
:10478000054ADA6072461A615961044807F05AFF17
:10479000FEE7C04600800540F400EFBE6036021020
:1047A00070B506000025012040420AE001230340C5
:1047B0005B424008074C234058400132072AF5DD90
:1047C00001358D4203D2735D58400022F6E7C043A5
:1047D00070BDC0462083B8ED70B5104B1A68104B01
:1047E0009A4215D10D4B9B88022B13D10B4BDB88C2
:1047F0009C2B11D1094DAC680023AB609C21280093
:10480000FFF7CEFFAC60201A43425841C0B200E02F
:10481000002070BD0020FCE70020FAE75C81022048
:10482000474C524310B5044C0023A3609C21200048
:10483000FFF7B6FFA06010BD5C81022010B5002319
:1048400004E00F4A9A180021117001339B2BF8D90C
:104850000B4B0C4A1A6002229A809A32DA800022AC
:104860001A731A6334215A549A63DA634C315A54D6
:1048700001315A5403315A54FFF7D4FF10BDC046DA
:104880005C810220474C524370B50400FFF7A4FF3F
:1048900000281DD0114BD86B002802D0A0421AD896
:1048A000201A0E4AD4638025535D0F210B401C0053
:1048B0001034A400A0500133194051558123D35C1A
:1048C0000F2B02D8013381215354FFF7ABFF70BD8A
:1048D000FFF7B4FFDEE70020E3E7C0465C8102207B
:1048E00010B50400FFF778FF002803D0002C15D086
:1048F000002207E0FFF7A2FFF8E7094B9B1884337B
:1049000019700132A15C002901D0162AF5D9044B97
:104910009B18843300221A70FFF784FF10BDC04635
:104920005C81022083001B189B0009488446634475
:10493000100000290AD01004064A196848401040A7
:10494000802252019446634418607047024AF4E79B
:104950000C0005400000FFFFFFFF0000D0231B06F6
:10496000802252039A617047D0231B068022520393
:104970005A61704710B50400054B1B78834200D183
:1049800010BD0A2108F03EF9014B1C70F8E7C04643
:104990002081022010B508F009F810BD10B53220B2
:1049A00008F08CF810BD10B53221002008F0ECF8AA
:1049B0003221002008F064F93221012008F022F9A8
:1049C00010BD000010B5084A00231370074A137089
:1049D000074A1360137153710120FFF7CBFF05499C
:1049E000054802F0EBFD10BD1D8102202081022050
:1049F000307402206C36021078360210014B1878A1
:104A0000C0B270471D81022010B51A4B1B78012BD4
:104A100026D01949194802F0D1FDFFF7BBFFFFF777
:104A2000BDFFFFF7C0FF134B01221A70FFF796FF7F
:104A30000DF080FC002917D0FA22920000230EF01E
:104A4000A3F90F4B186000221A715A710D4B0132F5
:104A50001A7009490C4802F0B1FD02F039FE10BD90
:104A60000A4805F07BFDFAE7FA2189000EF04EF9BD
:104A7000E7E7C0461D8102206C360210AC360210FA
:104A80003074022020810220D03602101062000013
:104A900010B5184B1B78002B28D002F025FE164CC1
:104AA0001648210002F08AFDFFF75EFF0120FFF7A4
:104AB00061FF0A21002008F0E3F809F045FE0D4BE4
:104AC00000221A700E48210002F078FD0D4B0622DC
:104AD0001A600D4B82320D499950083ADA670C4B37
:104AE0001A68012393430B4A136010BD0A4805F06E
:104AF00035FDFAE71D8102206C360210F0360210F7
:104B0000143702108475022000000540FFFF0000EA
:104B100078000540781005401162000010B50DF0D6
:104B200009FC002919D0FA22920000230EF02CF97A
:104B300004003C4B1B78012B15D03B4B00221A6024
:104B40003A4B01321A703A4B1B78002B33D00022BB
:104B500000210620FFF7E6FE2DE0FA2189000EF085
:104B6000D5F80400E5E7304B1B68002B24D0E31A8E
:104B7000FA229200934228D22D4B1B78002B2FD083
:104B80002C4B1B68002B01D12A4B1C60294B186849
:104B9000201AFA21C9000EF0B9F8FA239B009942B5
:104BA00037D20804401A19000EF0B0F882B2002182
:104BB0000620FFF7B7FE10BD1B4B1C601B4B0122EC
:104BC0001A700120FFF7D6FED6E7174B1C60174B73
:104BD000187801225040C0B21870FFF7CBFECBE727
:104BE00004211C200CF04EFB134B06221A60134BC1
:104BF000823213499950083ADA67124B1A68012336
:104C000019009143104A1160094A1370094B1C6046
:104C1000B6E70B04C91A0D4BC818FA2189000EF02B
:104C200075F8C3E71D81022020740220C70C002004
:104C30001F810220147302208075022000000540AD
:104C4000FFFF0000780005407810054030F8CF07DE
:104C500010B50C00034904220FF00AF90423237055
:104C600010BDC0464C37021010B50C000349192284
:104C70000FF0FEF81923237010BDC0465437021000
:104C800010B50C00034918220FF0F2F81823237016
:104C900010BDC04670370210F8B506000D0009F0CF
:104CA0009DFF04001AF004FAC7B2FF22024021005F
:104CB00030000FF0DDF82F70F8BD704770B5AEB062
:104CC00004000D000B49582218A80FF0D1F80A4E25
:104CD00000231793169301331593542219A968469C
:104CE0000FF0C6F8189B320029002000FDF784FB66
:104CF0002EB070BD8CA7021084A7021030B587B00B
:104D0000041E05D005F00CFD002805D007B030BD0D
:104D1000064805F011FCF9E7684609F007F9172283
:104D2000694620000FF0A4F8F0E7C04671240000A7
:104D300030B585B00B784C788D78C978044A0291EB
:104D400001950094102110F0B1F9C0B205B030BD4A
:104D50008C370210F0B587B00B784C788D78CE7810
:104D60000F794979054A04910397029601950094B9
:104D7000122110F09BF9112007B0F0BD98370210F6
:104D800030B587B005000C006846FFF7B7FF6B46EB
:104D9000991D2800FFF7CCFF207007B030BD30B55B
:104DA00087B005000C006846FFF7A8FF0A21694498
:104DB0002800FFF7BDFF207007B030BD30B587B0C9
:104DC00005000C006846FFF799FF0E216944280092
:104DD000FFF7AEFF207007B030BD30B587B00500DB
:104DE0000C006846FFF78AFF122169442800FFF78C
:104DF0009FFF207007B030BD70B586B005000C0075
:104E00006846FFF77BFF69462800FFF7A3FF207085
:104E100006B070BD30B583B00D00140000230193BF
:104E20000138C0B207280AD9042201A928000FF0CE
:104E30001FF8002C01D00423237003B030BD6B4653
:104E4000D91C00230B7007F01DFE0028ECD06B4628
:104E500003331B780193E7E710B50A000100012036
:104E6000FFF7D8FF10BD10B50A0001000220FFF7C0
:104E7000D1FF10BD10B50A0001000320FFF7CAFFE3
:104E800010BD10B50A0001000420FFF7C3FF10BDDC
:104E900010B50A0001000520FFF7BCFF10BD10B5DA
:104EA0000A0001000620FFF7B5FF10BD10B50A008B
:104EB00001000720FFF7AEFF10BD10B50A0001008A
:104EC0000820FFF7A7FF10BD00B583B01100002335
:104ED0000193002A08D0002806DD0200042800D92A
:104EE000042201A80EF0C4FF019B002B01D0012376
:104EF000019301994B1E9941C9B20022002007F08D
:104F0000C8FD03B000BD00B583B0110000230193BC
:104F1000002A08D0002806DD0200042800D9042257
:104F200001A80EF0A5FF019B002B01D001230193E6
:104F300001994B1E9941C9B20022012007F0A9FD39
:104F400003B000BD00B583B0110000230193002A17
:104F500008D0002806DD0200042800D9042201A898
:104F60000EF086FF019B002B01D0012301930199D4
:104F70004B1E9941C9B20022022007F08AFD03B0FE
:104F800000BD00B583B0110000230193002A08D0B2
:104F9000002806DD0200042800D9042201A80EF032
:104FA00067FF019B002B01D00123019301994B1E48
:104FB0009941C9B20022032007F06BFD03B000BD88
:104FC00000B583B0110000230193002A08D0002807
:104FD00006DD0200042800D9042201A80EF048FFD3
:104FE000019B002B01D00123019301994B1E994194
:104FF000C9B20022042007F04CFD03B000BD00B58B
:1050000083B0110000230193002A08D0002806DD98
:105010000200042800D9042201A80EF029FF019BF8
:10502000002B01D00123019301994B1E9941C9B274
:105030000022052007F02DFD03B000BD00B583B0B0
:10504000110000230193002A08D0002806DD020089
:10505000042800D9042201A80EF00AFF019B002BAE
:1050600001D00123019301994B1E9941C9B200223D
:10507000062007F00EFD03B000BD00B583B011009F
:1050800000230193002A08D0002806DD020004282E
:1050900000D9042201A80EF0EBFE019B002B01D0E9
:1050A0000123019301994B1E9941C9B200220720A7
:1050B00007F0EFFC03B000BD10B582B00C00002378
:1050C0000193042201A90EF0D3FE0423237002B041
:1050D00010BD000000B583B0110000230193002A29
:1050E00008D0002806DD0200042800D9042201A807
:1050F0000EF0BEFE019B002B01D103B000BDFA20D3
:10510000400007F0CDFC0028F7D18A210248890130
:1051100002F0BEFAF1E7C046B837021010B582B00F
:105120000C0000230193042201A90EF0A1FE042328
:10513000237002B010BD000000B583B01100002341
:105140000193002A08D0002806DD0200042800D9B7
:10515000042201A80EF08CFE019B002B01D103B0AC
:1051600000BDFA20400007F0A2FC0028F7D1024859
:10517000024902F08DFAF2E7E037021081220000C6
:1051800070B58AB00E0015001C00694606F0E2FA00
:10519000002814D06A462423D35C002B0FD0019A38
:1051A0003260029A2A60039A2260049A0E990A6079
:1051B000069A0F990A60059B109A13600AE0002076
:1051C0003060286020600E9B18600F9B18600023E1
:1051D000109A13600AB070BD70B58AB005000C005B
:1051E00000230993089307930693059300230493E0
:1051F00004AB029305AB019306AB009307AB08AA7F
:1052000009A90020FFF7BCFF0998064E0EF040FDEB
:10521000009001913200102128000FF047FF20700C
:105220000AB070BD0838021070B58AB005000C00D5
:10523000002309930893079306930593002304938F
:1052400004AB029305AB019306AB009307AB08AA2E
:1052500009A90020FFF794FF0898064E0EF018FDEC
:10526000009001913200102128000FF01FFF2070E4
:105270000AB070BD1038021070B58AB005000C007D
:10528000002309930893079306930593002304933F
:1052900004AB029305AB019306AB009307AB08AADE
:1052A00009A90020FFF76CFF0798064E0EF0F0FCEE
:1052B000009001913200102128000FF0F7FE2070BD
:1052C0000AB070BD1838021070B58AB005000C0025
:1052D00000230993089307930693059300230493EF
:1052E00004AB029305AB019306AB009307AB08AA8E
:1052F00009A90020FFF744FF0698064E0EF0C8FCEF
:10530000009001913200102128000FF0CFFE207094
:105310000AB070BD1038021070B58AB005000C00DC
:10532000002309930893079306930593002304939E
:1053300004AB029305AB019306AB009307AB08AA3D
:1053400009A90020FFF71CFF0598064E0EF0A0FCEF
:10535000009001913200102128000FF0A7FE20706C
:105360000AB070BD1038021030B58BB005000C00CB
:10537000002309930893079306930593002304934E
:1053800004AB029305AB019306AB009307AB08AAED
:1053900009A90020FFF7F4FE049B044A102128000D
:1053A0000FF084FE20700BB030BDC04620380210D4
:1053B00070B58AB005000C00002309930893079389
:1053C000069305930023049304AB029305AB01936A
:1053D00006AB009307AB08AA09A90120FFF7D0FE8E
:1053E0000998064E0EF054FC0090019132001021F5
:1053F00028000FF05BFE20700AB070BD0838021064
:1054000070B58AB005000C00002309930893079338
:10541000069305930023049304AB029305AB019319
:1054200006AB009307AB08AA09A90120FFF7A8FE65
:105430000898064E0EF02CFC0090019132001021CD
:1054400028000FF033FE20700AB070BD1038021033
:1054500070B58AB005000C000023099308930793E8
:10546000069305930023049304AB029305AB0193C9
:1054700006AB009307AB08AA09A90120FFF780FE3D
:105480000798064E0EF004FC0090019132001021A6
:1054900028000FF00BFE20700AB070BD1838021003
:1054A00070B58AB005000C00002309930893079398
:1054B000069305930023049304AB029305AB019379
:1054C00006AB009307AB08AA09A90120FFF758FE15
:1054D0000698064E0EF0DCFB009001913200102180
:1054E00028000FF0E3FD20700AB070BD10380210E4
:1054F00070B58AB005000C00002309930893079348
:10550000069305930023049304AB029305AB019328
:1055100006AB009307AB08AA09A90120FFF730FEEC
:105520000598064E0EF0B4FB009001913200102158
:1055300028000FF0BBFD20700AB070BD10380210BB
:1055400030B58BB005000C00002309930893079336
:10555000069305930023049304AB029305AB0193D8
:1055600006AB009307AB08AA09A90120FFF708FEC4
:10557000049B044A102128000FF098FD20700BB006
:1055800030BDC0462038021070B58AB005000C004E
:10559000002309930893079306930593002304932C
:1055A00004AB029305AB019306AB009307AB08AACB
:1055B00009A90220FFF7E4FD0998064E0EF068FBEA
:1055C000009001913200102128000FF06FFD207033
:1055D0000AB070BD0838021070B58AB005000C0022
:1055E00000230993089307930693059300230493DC
:1055F00004AB029305AB019306AB009307AB08AA7B
:1056000009A90220FFF7BCFD0898064E0EF040FBEA
:10561000009001913200102128000FF047FD20700A
:105620000AB070BD1038021070B58AB005000C00C9
:10563000002309930893079306930593002304938B
:1056400004AB029305AB019306AB009307AB08AA2A
:1056500009A90220FFF794FD0798064E0EF018FBEB
:10566000009001913200102128000FF01FFD2070E2
:105670000AB070BD1838021070B58AB005000C0071
:10568000002309930893079306930593002304933B
:1056900004AB029305AB019306AB009307AB08AADA
:1056A00009A90220FFF76CFD0698064E0EF0F0FAED
:1056B000009001913200102128000FF0F7FC2070BB
:1056C0000AB070BD1038021070B58AB005000C0029
:1056D00000230993089307930693059300230493EB
:1056E00004AB029305AB019306AB009307AB08AA8A
:1056F00009A90220FFF744FD0598064E0EF0C8FAEE
:10570000009001913200102128000FF0CFFC207092
:105710000AB070BD1038021030B58BB005000C0017
:10572000002309930893079306930593002304939A
:1057300004AB029305AB019306AB009307AB08AA39
:1057400009A90220FFF71CFD049B044A1021280030
:105750000FF0ACFC20700BB030BDC04620380210FA
:1057600070B58AB005000C000023099308930793D5
:10577000069305930023049304AB029305AB0193B6
:1057800006AB009307AB08AA09A90320FFF7F8FCB2
:105790000998064E0EF07CFA00900191320010211B
:1057A00028000FF083FC20700AB070BD083802108A
:1057B00070B58AB005000C00002309930893079385
:1057C000069305930023049304AB029305AB019366
:1057D00006AB009307AB08AA09A90320FFF7D0FC8A
:1057E0000898064E0EF054FA0090019132001021F4
:1057F00028000FF05BFC20700AB070BD103802105A
:1058000070B58AB005000C00002309930893079334
:10581000069305930023049304AB029305AB019315
:1058200006AB009307AB08AA09A90320FFF7A8FC61
:105830000798064E0EF02CFA0090019132001021CC
:1058400028000FF033FC20700AB070BD1838021029
:1058500070B58AB005000C000023099308930793E4
:10586000069305930023049304AB029305AB0193C5
:1058700006AB009307AB08AA09A90320FFF780FC39
:105880000698064E0EF004FA0090019132001021A5
:1058900028000FF00BFC20700AB070BD1038021009
:1058A00070B58AB005000C00002309930893079394
:1058B000069305930023049304AB029305AB019375
:1058C00006AB009307AB08AA09A90320FFF758FC11
:1058D0000598064E0EF0DCF900900191320010217F
:1058E00028000FF0E3FB20700AB070BD10380210E2
:1058F00030B58BB005000C00002309930893079383
:10590000069305930023049304AB029305AB019324
:1059100006AB009307AB08AA09A90320FFF730FCE8
:10592000049B044A102128000FF0C0FB20700BB02C
:1059300030BDC0462038021070B58AB005000C009A
:105940000023099308930793069305930023049378
:1059500004AB029305AB019306AB009307AB08AA17
:1059600009A90420FFF70CFC0998064E0EF090F9E7
:10597000009001913200102128000FF097FB207059
:105980000AB070BD0838021070B58AB005000C006E
:105990000023099308930793069305930023049328
:1059A00004AB029305AB019306AB009307AB08AAC7
:1059B00009A90420FFF7E4FB0898064E0EF068F9E9
:1059C000009001913200102128000FF06FFB207031
:1059D0000AB070BD1038021070B58AB005000C0016
:1059E00000230993089307930693059300230493D8
:1059F00004AB029305AB019306AB009307AB08AA77
:105A000009A90420FFF7BCFB0798064E0EF040F9E9
:105A1000009001913200102128000FF047FB207008
:105A20000AB070BD1838021070B58AB005000C00BD
:105A30000023099308930793069305930023049387
:105A400004AB029305AB019306AB009307AB08AA26
:105A500009A90420FFF794FB0698064E0EF018F9EA
:105A6000009001913200102128000FF01FFB2070E0
:105A70000AB070BD1038021070B58AB005000C0075
:105A80000023099308930793069305930023049337
:105A900004AB029305AB019306AB009307AB08AAD6
:105AA00009A90420FFF76CFB0598064E0EF0F0F8EC
:105AB000009001913200102128000FF0F7FA2070B9
:105AC0000AB070BD1038021030B58BB005000C0064
:105AD00000230993089307930693059300230493E7
:105AE00004AB029305AB019306AB009307AB08AA86
:105AF00009A90420FFF744FB049B044A1021280055
:105B00000FF0D4FA20700BB030BDC0462038021020
:105B100070B58AB005000C00002309930893079321
:105B2000069305930023049304AB029305AB019302
:105B300006AB009307AB08AA09A90520FFF720FBD5
:105B40000998064E0EF0A4F8009001913200102141
:105B500028000FF0ABFA20700AB070BD08380210B0
:105B600070B58AB005000C000023099308930793D1
:105B7000069305930023049304AB029305AB0193B2
:105B800006AB009307AB08AA09A90520FFF7F8FAAE
:105B90000898064E0EF07CF800900191320010211A
:105BA00028000FF083FA20700AB070BD1038021080
:105BB00070B58AB005000C00002309930893079381
:105BC000069305930023049304AB029305AB019362
:105BD00006AB009307AB08AA09A90520FFF7D0FA86
:105BE0000798064E0EF054F80090019132001021F3
:105BF00028000FF05BFA20700AB070BD1838021050
:105C000070B58AB005000C00002309930893079330
:105C1000069305930023049304AB029305AB019311
:105C200006AB009307AB08AA09A90520FFF7A8FA5D
:105C30000698064E0EF02CF80090019132001021CB
:105C400028000FF033FA20700AB070BD103802102F
:105C500070B58AB005000C000023099308930793E0
:105C6000069305930023049304AB029305AB0193C1
:105C700006AB009307AB08AA09A90520FFF780FA35
:105C80000598064E0EF004F80090019132001021A4
:105C900028000FF00BFA20700AB070BD1038021007
:105CA00030B58BB005000C000023099308930793CF
:105CB000069305930023049304AB029305AB019371
:105CC00006AB009307AB08AA09A90520FFF758FA0D
:105CD000049B044A102128000FF0E8F920700BB053
:105CE00030BDC0462038021070B58AB005000C00E7
:105CF00000230993089307930693059300230493C5
:105D000004AB029305AB019306AB009307AB08AA63
:105D100009A90620FFF734FA0998064E0DF0B8FFDE
:105D2000009001913200102128000FF0BFF920707F
:105D30000AB070BD0838021070B58AB005000C00BA
:105D40000023099308930793069305930023049374
:105D500004AB029305AB019306AB009307AB08AA13
:105D600009A90620FFF70CFA0898064E0DF090FFDF
:105D7000009001913200102128000FF097F9207057
:105D80000AB070BD1038021070B58AB005000C0062
:105D90000023099308930793069305930023049324
:105DA00004AB029305AB019306AB009307AB08AAC3
:105DB00009A90620FFF7E4F90798064E0DF068FFE1
:105DC000009001913200102128000FF06FF920702F
:105DD0000AB070BD1838021070B58AB005000C000A
:105DE00000230993089307930693059300230493D4
:105DF00004AB029305AB019306AB009307AB08AA73
:105E000009A90620FFF7BCF90698064E0DF040FFE1
:105E1000009001913200102128000FF047F9207006
:105E20000AB070BD1038021070B58AB005000C00C1
:105E30000023099308930793069305930023049383
:105E400004AB029305AB019306AB009307AB08AA22
:105E500009A90620FFF794F90598064E0DF018FFE2
:105E6000009001913200102128000FF01FF92070DE
:105E70000AB070BD1038021030B58BB005000C00B0
:105E80000023099308930793069305930023049333
:105E900004AB029305AB019306AB009307AB08AAD2
:105EA00009A90620FFF76CF9049B044A1021280079
:105EB0000FF0FCF820700BB030BDC0462038021047
:105EC00070B58AB005000C0000230993089307936E
:105ED000069305930023049304AB029305AB01934F
:105EE00006AB009307AB08AA09A90720FFF748F9FA
:105EF0000998064E0DF0CCFE009001913200102161
:105F000028000FF0D3F820700AB070BD08380210D6
:105F100070B58AB005000C0000230993089307931D
:105F2000069305930023049304AB029305AB0193FE
:105F300006AB009307AB08AA09A90720FFF720F9D1
:105F40000898064E0DF0A4FE009001913200102139
:105F500028000FF0ABF820700AB070BD10380210A6
:105F600070B58AB005000C000023099308930793CD
:105F7000069305930023049304AB029305AB0193AE
:105F800006AB009307AB08AA09A90720FFF7F8F8AA
:105F90000798064E0DF07CFE009001913200102112
:105FA00028000FF083F820700AB070BD1838021076
:105FB00070B58AB005000C0000230993089307937D
:105FC000069305930023049304AB029305AB01935E
:105FD00006AB009307AB08AA09A90720FFF7D0F882
:105FE0000698064E0DF054FE0090019132001021EB
:105FF00028000FF05BF820700AB070BD1038021056
:1060000070B58AB005000C0000230993089307932C
:10601000069305930023049304AB029305AB01930D
:1060200006AB009307AB08AA09A90720FFF7A8F859
:106030000598064E0DF02CFE0090019132001021C3
:1060400028000FF033F820700AB070BD103802102D
:1060500030B58BB005000C0000230993089307931B
:10606000069305930023049304AB029305AB0193BD
:1060700006AB009307AB08AA09A90720FFF780F831
:10608000049B044A102128000FF010F820700BB078
:1060900030BDC0462038021030B58DB005000C0070
:1060A00002A800F0F7FC00280BD002AB1B7801938C
:1060B000042201A928000DF0DBFE042323700DB09B
:1060C00030BD00230193042201A928000DF0D0FE69
:1060D00004232370F3E7000070B58CB006000C00B9
:1060E00002A800F0D7FC00280DD003980B4D0DF04E
:1060F000CFFD009001912A00102130000EF0D6FF54
:1061000020700CB070BD054A002000210090019164
:10611000102130000EF0CAFF2070F2E71038021094
:1061200070B58CB006000C0002A800F0B3FC00288B
:106130000DD004980B4D0DF0ABFD009001912A009D
:10614000102130000EF0B2FF20700CB070BD054A77
:106150000020002100900191102130000EF0A6FFD8
:106160002070F2E70838021070B58CB006000C0001
:1061700002A800F08FFC00280DD005980B4D0DF003
:1061800087FD009001912A00102130000EF08EFF53
:1061900020700CB070BD054A0020002100900191D4
:1061A000102130000EF082FF2070F2E70838021054
:1061B00070B58CB006000C0002A800F06BFC002843
:1061C0000DD006980B4D0DF063FD009001912A0053
:1061D000102130000EF06AFF20700CB070BD054A2F
:1061E0000020002100900191102130000EF05EFF90
:1061F0002070F2E70838021070B58CB006000C0071
:1062000002A800F047FC00280DD007980B4D0DF0B8
:106210003FFD009001912A00102130000EF046FF52
:1062200020700CB070BD054A002000210090019143
:10623000102130000EF03AFF2070F2E7083802100B
:1062400030B58DB005000C0002A800F023FC00283A
:1062500005D002AB1B7E072B0CD8013300E00023D6
:106260000193042201A928000DF002FE04232370EB
:106270000DB030BD0023F3E730B58DB005000C0044
:1062800002A800F007FC00280AD0099B0193042211
:1062900001A928000DF0ECFD042323700DB030BDE2
:1062A0000023F3E730B58DB005000C0002A800F024
:1062B000F1FB00280AD00A9B0193042201A92800BF
:1062C0000DF0D6FD042323700DB030BD0023F3E79D
:1062D00030B58DB005000C0002A800F0DBFB0028F3
:1062E0000CD002AA2423D35C0193042201A9280024
:1062F0000DF0BEFD042323700DB030BD0123F3E784
:1063000010B582B00C0000230193042201A90DF006
:10631000AFFD0423237002B010BD10B5002800D1DA
:1063200010BD00F0F1FBFBE770B58AB005000C0072
:1063300003AE1C22002130000DF094FD300005F06A
:1063400029FA002813D0B0890DF07BFCE9218905DA
:106350000DF023FC0B4E0DF09BFC009001913200E0
:10636000102128000EF0A2FE20700AB070BD054A70
:106370000020002100900191102128000EF096FECF
:106380002070F2E72438021070B58AB005000C00C6
:1063900003AE1C22002130000DF064FD300005F03A
:1063A000F9F900280DD003980B4E0DF071FC009008
:1063B00001913200102128000EF078FE20700AB002
:1063C00070BD054A00200021009001911021280095
:1063D0000EF06CFE2070F2E71038021070B58AB033
:1063E00005000C0003AE1C22002130000DF03AFD28
:1063F000300005F0CFF900280DD005980B4E0DF0B8
:1064000047FC009001913200102128000EF04EFE52
:1064100020700AB070BD054A002000210090019153
:10642000102128000EF042FE2070F2E71038021012
:1064300070B58AB005000C0003AE1C2200213000AC
:106440000DF010FD300005F0A5F900280DD00498DE
:106450000B4E0DF01DFC0090019132001021280020
:106460000EF024FE20700AB070BD054A0020002105
:1064700000900191102128000EF018FE2070F2E724
:106480001038021070B58AB005000C0003AE1C2253
:10649000002130000DF0E6FC300005F07BF900280B
:1064A00013D0308A0DF0CDFBE92189050DF075FB85
:1064B0000B4E0DF0EDFB00900191320010212800F1
:1064C0000EF0F4FD20700AB070BD054A00200021D6
:1064D00000900191102128000EF0E8FD2070F2E7F5
:1064E0001038021070B58AB005000C0003AE1C22F3
:1064F000002130000DF0B6FC300005F04BF900280B
:1065000013D0F0890DF09DFBE92189050DF045FBC5
:106510000B4E0DF0BDFB00900191320010212800C0
:106520000EF0C4FD20700AB070BD054A00200021A5
:1065300000900191102128000EF0B8FD2070F2E7C4
:106540001038021070B582B005000C000C4B1B68AF
:106550000F2018400DF075FB0A490DF01EFB0A498B
:106560000DF000FB094E0DF093FB009001913200FD
:10657000102128000EF09AFD207002B070BDC046B8
:1065800000400640CDCC4C3D9A99593F0838021046
:1065900010B50C000A4B1B689B0F012B05D0022B7A
:1065A00005D0002B0AD1074B02E0074B00E0074B58
:1065B000074A10210EF07AFD207010BD054BF7E759
:1065C000004006402C380210303802103C380210CF
:1065D000582E02104438021010B50C000349052251
:1065E0000DF046FC0423237010BDC0464C38021049
:1065F00010B50C00034905220DF03AFC042323706A
:1066000010BDC0465438021010B50C0003490522D5
:106610000DF02EFC0423237010BDC0465C38021020
:1066200070B5041C0D0055291FD01E4EFE21890592
:10663000201C0DF001FB00282DD01B49201C0DF063
:10664000E5FA002827D0452D11D0552D22D1174924
:10665000201C0DF0DBFA00281FD11549201C0DF07D
:10666000EBFA00281BD1261C15E0124EDEE7822132
:10667000C905201C0DF0CAFA002807D10E49201CBC
:106680000DF0DAFA002803D1261C04E0054E02E0E2
:10669000044E00E0034E301C70BD064EFBE7054E75
:1066A000F9E7C04600002041000048420000504188
:1066B00000008841000070410000404170B5264B49
:1066C000186800210DF0A2FA002838D1234B186871
:1066D00000210DF09BFA002835D1214B18681F4B83
:1066E0001C68211C0DF098FA002805D01D49201CBB
:1066F0000DF038FA1A4B18601B4B1868184B1D68C0
:10670000291C0DF089FA002805D01649281C0DF027
:1067100029FA154B1860104B1968201C0DF07CFAF3
:1067200000280BD01149201C0DF086FA00280ED04D
:106730000E49201C0DF011FA074B186070BD064B76
:1067400000221A60C2E7054B00221A60C5E7024B1F
:1067500000221A60F2E7C046742D00207C2D002034
:10676000782D0020CDCC4C3D802D0020CDCCCC3DD3
:1067700010B50C4B1C78E4B2072C0AD8002120007D
:1067800006F068F8621C0849084800F017FF20006E
:1067900010BD06F00BF90449054800F00FFFFF2477
:1067A000F5E7C046702D00206438021070380210E2
:1067B000AC38021070B588B008F018FA0400050073
:1067C00008F01AFA2100FFF72BFF041C2A4B18606F
:1067D000FE2189050DF0C1F9284B1860FC218905BF
:1067E000201C0DF0BAF9264B1860FF218905201CEA
:1067F0000DF0B3F9234B1860FFF760FF224A002326
:106800001370224A00211160214A01211170214A8E
:10681000FF201070204A1360204A1360204A137032
:10682000204B1970452D23D0552D23D01E4E1F4DC2
:106830001F4C144B18680DF02BFA06900791104B63
:1068400018680DF025FA049005910C4B18680DF0AE
:106850001FFA02900391084B18680DF019FA009086
:10686000019132002900200000F0A8FE08B070BDA0
:10687000104EDCE7104EDAE7802D00207C2D002042
:10688000782D0020742D002022810220E47B02203C
:10689000712D0020702D0020EC7D02202474022038
:1068A0002581022013810220F4380210643802107E
:1068B000FC380210F038021008750210F0B583B0F1
:1068C000041C5E4B1B78002B00D1B4E000210DF0BE
:1068D0009DF9002825D15A49201C0DF0ADF900285A
:1068E0001FD1584B1C60584B1B78DDB2022B3CD09B
:1068F000022D1AD8002D28D0012D21D1534B186814
:10690000211C0DF089F9002849D1514B1868211C30
:106910000DF092F9002844D04E4B00221A7000234B
:106920002BE0494B1878C0B286E0032D08D14A4BC2
:106930001868211C0DF080F9002836D12B001CE0CE
:10694000414B00221A7000231BE0404B1868211CA9
:106950000DF062F900281ED13D4B1868211C0DF086
:106960005BF9002819D12B0007E0384B1868211C6F
:106970000DF052F9002816D00323334A1370AB42AE
:1069800005D0012B13D0032B1CD0002B37D02E4B5E
:106990001878C0B250E00223EFE70123EDE70223AD
:1069A000EBE72B00E9E70023E7E70023E5E7294BC6
:1069B0001B78002BEBD1294803F0BEFD254B0122AB
:1069C0001A70E4E7264B00221A70FFF7D1FE254A21
:1069D0001368013313600BF0ADFC00290AD0FA22D2
:1069E000920000230CF0D0F91F4B18601F4803F0F1
:1069F000A3FDCCE7FA2189000CF088F9F4E7032D18
:106A0000C5D1174B01221A70124B00221A70201C9C
:106A10000DF03EF906000F00154D164C0E4B186890
:106A20000DF036F90090019132003B002900200062
:106A300000F0C4FDABE7002003B0F0BD13810220DD
:106A400000004843E47B022022810220782D0020B0
:106A50007C2D002025810220742D0020FA94000056
:106A6000712D0020EC7D022024740220FB9F000089
:106A7000643802104C390210044B1B78002B03D0F1
:106A8000034B1878C0B270470120FCE71381022045
:106A9000712D0020002820D0114B1B780370114B62
:106AA0001B684360104B1B688360104B1B68C360FE
:106AB0000F4B1B6803610F4B1B6843610E4B1B7828
:106AC00003760E4B1B68C3610D4B1B6803620D4BB5
:106AD0001A782423C254012070470020FCE7C046E6
:106AE00022810220E47B0220802D00207C2D0020CA
:106AF000782D0020742D0020702D0020EC7D0220C8
:106B000024740220712D002010B50A4B1B78032B32
:106B100001D0002010BD074B00221A70064B012146
:106B20001970064B1A700649064800F047FD01200F
:106B3000F0E7C04622810220712D0020258102202D
:106B4000643802108C39021010B51E4AC023DB01D4
:106B50001361030312685340E022D20113401A4A22
:106B600013601A4B04221A60164B1B68DB05FBD519
:106B7000144B5B68154B04221A60124B1B68DB0533
:106B8000FBD5104B5B68012014F036F90022002180
:106B90000CE00E4B042018600A4B1B68DB05FBD58C
:106BA000084B5B681B041B0CC91801320F2AF0DD6F
:106BB000090988B20DF045F8E92189050CF0EDFFCF
:106BC00010BDC04600C0044000D0044000E00440B6
:106BD00070B519200AF0A0FBD024240680239B0462
:106BE000636263611C200AF097FB80235B0563628C
:106BF000A36117200AF090FB80231B04636263618A
:106C000018200AF089FB80235B0463626361112012
:106C10000AF082FB80239B026362636115200AF005
:106C20007BFB80239B03A36214200AF075FB802565
:106C30006D03656265610A2014F0DEF8A5610A2023
:106C400014F0DAF86561642014F0D6F80C200AF02C
:106C500063FB80235B01A3620D200AF05DFB8023B0
:106C60009B01A3620E200AF057FB8023DB01A36285
:106C70000F200AF051FB80231B02A36204211C2079
:106C80000AF000FB094B06221A60094B82320949BF
:106C90009950083ADA67084B1A6801239343074A68
:106CA00013600749074800F089FC70BD7C7502201D
:106CB00000000540FFFF0000780005407810054007
:106CC000C4390210CC39021010B51B4C1B482100EE
:106CD00011F016FD032104200AF0D4FA0321052047
:106CE0000AF0D0FA0022012104200AF0E5FA00227D
:106CF000012105200AF0E0FA1148210011F000FD01
:106D0000032102200AF0BEFA032103200AF0BAFA96
:106D10000022012102200AF0CFFA002201210320E3
:106D20000AF0CAFA0A2014F067F8F9F715FD0549C8
:106D3000054800F043FC10BD801A0600602E0020BC
:106D4000582E0020C4390210E839021010B5124C38
:106D50001249200011F0D0FA636802221340104952
:106D60000A60216805325140C8320A400D490A6064
:106D70000D4A1360012113200AF084FA0121122028
:106D80000AF080FA012110200AF07CFA074908482D
:106D900000F014FC10BDC04600C00340005A62025F
:106DA00004F0034000D0034004E00340C439021063
:106DB0000C3A021010B504001F210AF063FA0022F9
:106DC000002120000AF078FA002120000AF090FA51
:106DD00010BD000010B511F0FBFC074B02221A6039
:106DE0001A20FFF7E7FF1D20FFF7E4FF03490448DF
:106DF00000F0E4FB10BDC04600E00440C4390210BE
:106E0000343A021070B584B00C001600FA239B00CF
:106E100001930023009301330F226A44F9F7DBFC4E
:106E2000C543ED0F002808DB07490848230032005E
:106E300000F0C4FB280004B070BD034904482300DF
:106E4000320000F0BBFBF5E7C4390210503A0210E3
:106E5000743A021070B5124A12482021FFF7D2FF8F
:106E60000500114A114C21212000FFF7CBFF06003D
:106E70000F4A23212000FFF7C5FF0400002D03D097
:106E8000002E01D0002805D10A4803F055FB00244C
:106E9000200070BD0849094800F090FBF8E7C046A3
:106EA0009C3A0210582E0020AC3A0210602E0020AE
:106EB000C03A0210F0140000C4390210D43A021093
:106EC00010B5034A03485021FFF79CFF10BDC04690
:106ED000F83A0210582E002030B58BB02B492C48C0
:106EE00000F06CFB07F02CFB0400FF2811D003A975
:106EF00007F022FA002812D003ABDB7EA52B15D0B9
:106F000022492448220000F0C3FB002528000BB0D2
:106F100030BD1E49204800F051FB0025F6E71B4913
:106F20001E48220000F0B4FB0025EFE703AB9A7E79
:106F300016491B480092220000F040FB200007F099
:106F4000C9FB002802D00024002507E00F4915489E
:106F500000F09EFB0025D9E70134E4B2072C0ED8DF
:106F600003AB9B7EE340DB07F6D50135EDB2611C38
:106F70000D4800F023FB642013F03EFFECE70349CB
:106F80000A482A0000F01AFBC0E7C046C4390210C4
:106F90000C3B0210AC3B0210403B02107C3B021049
:106FA000D83B0210143C0210443C02105C3C02101E
:106FB00070B588B007F012FE0400012000F0C6FA98
:106FC00013F028FDFA23DB00C51802E00A2013F0B5
:106FD00013FF00F0B3FA002803D113F01BFDA84201
:106FE000F4D37C497C4800F0E9FAFFF7F1FDFFF7A4
:106FF0006BFEFFF7ABFEFFF7EDFEF9F74FFFF9F77A
:10700000F3FE642013F0F8FE0320FFF79DFD7349A3
:107010000CF0C3FD72490CF0F9FD002807D071484F
:1070200003F08AFAFA20400013F0E6FEECE76E4E19
:10703000300000F0C3FA674D6C48290000F0BEFA3A
:10704000FFF708FFFFF73CFF300000F0B7FA684891
:10705000290000F0B3FA00F071FA00280AD05D4967
:10706000644800F0ABFA012002F0C4FA13F0D2FC3D
:10707000050006E0604803F05FFAF4E70A2013F029
:10708000BBFE02F029FB002805D113F0C3FC401B16
:107090005A4B9842F2D902F01FFB00280AD04D4902
:1070A000574800F08BFA012003F06AFA13F0B2FCA3
:1070B000050006E0534803F03FFAF4E70A2013F016
:1070C0009BFE03F0D3FA002805D113F0A3FC401B6C
:1070D0004A4B9842F2D903F0C9FA00280AD03D4938
:1070E000494800F06BFA012005F02CFB13F092FCEC
:1070F000050006E0454803F01FFAF4E70A2013F004
:107100007BFE05F03DFB002805D113F083FC401BFE
:107110003A4B9842F2D905F033FB002817D02D499D
:107120003B4800F04BFA012004F020FE13F072FC03
:10713000050004F0A3FE00280DD113F06BFC401BEA
:107140002E4B984207D80A2013F056FEF1E731483B
:1071500003F0F2F9E7E704F091FE002819D01D4989
:107160002D4800F02BFA012003F07AFF012814D1FA
:1071700013F050FC050003F0B9FF002811D113F003
:1071800049FC401B1D4B98420BD80A2013F034FEDB
:10719000F1E7224803F0D0F9E5E7214803F0CCF904
:1071A000E6E703F0A3FF00280CD00A491D4800F0D1
:1071B00005FA012004F02CFA012807D113F02AFC6B
:1071C000050038E0184803F0B7F9F2E7174803F074
:1071D000B3F9F3E7C4390210983C021000003041C3
:1071E00000002041FC14000018940210CC3C021056
:1071F000003D0210443D0210F1140000871300000E
:10720000643D0210F2140000843D0210F3140000EB
:10721000A43D0210F4140000C43D0210F514000057
:10722000F6140000E43D0210F7140000F81400000A
:107230000A2013F0E1FD04F085FA002805D113F0CF
:10724000E9FB401B8A4B9842F2D904F07BFA0028F4
:1072500000D1B4E08749884800F0B0F9874800F0D1
:10726000ADF98449864800F0A9F9864803F03CFA54
:10727000002800D0A7E0844803F05EF902A803F0DC
:107280004FFA002800D0A3E003F0B6F8002800D0A1
:10729000C4E07A4800F092F976497C4800F08EF913
:1072A0007B4813F0C9FD011E03D07A4A002005F087
:1072B00059F9794813F0C0FD011E03D0774A012027
:1072C00005F050F9764813F0B7FD011E03D0754A5A
:1072D000022005F047F9744813F0AEFD011E03D0FB
:1072E000714A032005F03EF9704813F0A5FD011E18
:1072F00003D06E4A042005F035F96D4813F09CFD6B
:10730000011E03D06B4A052005F02CF96A4813F0E2
:1073100093FD011E03D0684A062005F023F904F00E
:1073200011FA002800D188E004F00CFA002800D1FE
:107330009AE005F0FDF84F4D6048290000F03EF955
:107340005F4B186801235B42009302330022012146
:1073500011F0E7FD5B48290000F030F9FDF76AF90C
:107360005948290000F02AF9444D280000F026F978
:10737000280000F023F9554D280000F01FF954486B
:1073800000F01CF9280000F019F95249524800F0A9
:1073900015F95248210000F011F9514C200000F07D
:1073A0000DF9280000F00AF94E4800F007F9200016
:1073B00000F004F9002013F08DF808B070BD4A48C1
:1073C00003F0BAF84AE72B49484800F0F7F855E7C8
:1073D0002849474800F0F2F802ADA979EA792B7AFA
:1073E0006E7A4448009600F0E9F8A97AEA7A2B7B95
:1073F0006E7B4148009600F0E1F8A97BEA7B2B7C8C
:107400006E7C3E48009600F0D9F8A97CEA7C2B7D82
:107410006D7D3B48009500F0D1F835E705F0B0F9F7
:10742000002800D135E7154800F0C8F81149354863
:1074300000F0C4F8FFF750FD2BE70E49324800F08A
:10744000BDF813F0E7FA050004F07CF9002800D03D
:107450006AE713F0DFFA401B2C4B984200D963E730
:10746000322013F0C9FCEFE7294803F065F862E722
:1074700087130000C4390210003E02101894021055
:107480001C3E021010270000FA140000803F02107A
:10749000B03F0210B83F0210C43F0210CC3F0210B0
:1074A000D83F0210E03F0210EC3F0210F83F0210FC
:1074B0000440021008400210104002106040021008
:1074C000F842022090400210AC400210E04002104E
:1074D000144102104841021050410210684102104C
:1074E0007C410210B0410210F9140000503E02101D
:1074F000743E0210983E0210C43E0210F03E02108C
:107500001C3F0210483F02101C4002102F75000063
:10751000FB14000000B583B0802206490648002312
:107520000193163300930023120112F08FFF03B072
:1075300000BDC046E4410210B16F0010024B186854
:10754000431E9841C0B27047544D022000B583B02D
:10755000002827D0144B1B68002B06D0134B1B6848
:10756000002B10D0012003B000BD0022802140205C
:1075700011F0D8FF0C4B18600028EFD10C4802F036
:10758000DBFF0020EFE780220A490B48074B0193FD
:10759000022300930023D20012F058FF0128E2D00A
:1075A0000020E0E70120DEE7544D02203C74022079
:1075B000F0740000B03F02100D7600100FB410B54B
:1075C000A2B0104B1B68002B06D0249B002B03D0CD
:1075D0000D4B1B68002B04D022B010BC08BC04B0BB
:1075E000184725AB019302AC249A802120000DF0AE
:1075F00071FD044B186800230022210012F018F8D6
:10760000EAE7C046544D02203874022000B5A1B00C
:107610000DF0FCFEFA20800013F0EEFB174918482D
:10762000FFF7CCFF12E0FA2189000BF06FFB154B3E
:107630001B68C31AFA225200934211D2124B1868E7
:107640003222694612F082F901280FD00AF072FE48
:107650000029E8D0FA22920000230BF095FBE6E720
:10766000084B1860002004F0A7FFE7E707486946C9
:107670000DF02AFF002004F09FFFE7E7F041021021
:10768000FC4102104C470220544D0220582E02109B
:107690000FB410B5A2B00D4B1B68002B11D0249B6A
:1076A000002B0ED025AB019302AC249A8021200040
:1076B0000DF010FD054B186800230022210011F089
:1076C000B7FF22B010BC08BC04B01847544D0220CC
:1076D00010B511F069F9034A13680133136011F012
:1076E0006FF910BD3874022010B511F05DF9054B2B
:1076F0001B68002B03D0034A1368013B136011F091
:107700005FF910BD3874022010B56D48FFF756FFC1
:107710006C48FFF753FF6C4A6C496D4C2000FFF733
:107720004DFF6C4A6C492000FFF748FF6B4A6C49DB
:107730002000FFF743FF6B4A6B492000FFF73EFF35
:107740006A4A6B492000FFF739FF6A4A6A492000FC
:10775000FFF734FF694A6A492000FFF72FFF6948A5
:10776000FFF72CFF684A69492000FFF727FF684AA6
:1077700068492000FFF722FF674A68492000FFF7A9
:107780001DFF674A67492000FFF718FF664A6749EF
:107790002000FFF713FF664A66492000FFF70EFF3F
:1077A000654A66492000FFF709FF654A65492000E0
:1077B000FFF704FF644A65492000FFF7FFFE644AB3
:1077C00064492000FFF7FAFE634A64492000FFF78E
:1077D000F5FE6348FFF7F2FE624A63492000FFF7B7
:1077E000EDFE624A62492000FFF7E8FE614A624905
:1077F0002000FFF7E3FE614A61492000FFF7DEFE4B
:10780000604A61492000FFF7D9FE604A60492000C4
:10781000FFF7D4FE5F48FFF7D1FE5F4A5F492000C3
:10782000FFF7CCFE5E4A5F492000FFF7C7FE5E4AC5
:107830005E492000FFF7C2FE5D4A5E492000FFF767
:10784000BDFE5D4A5D492000FFF7B8FE5C4A5D4918
:107850002000FFF7B3FE5C4A5C492000FFF7AEFE54
:107860005B4A5C492000FFF7A9FE5B4A5B492000A8
:10787000FFF7A4FE5A48FFF7A1FE5A4A5A492000D2
:10788000FFF79CFE594A5A492000FFF797FE594AD4
:1078900059492000FFF792FE584A59492000FFF746
:1078A0008DFE584A58492000FFF788FE574A58492C
:1078B0002000FFF783FE5748FFF780FE10BDC0464B
:1078C000184202104842021064420210884202101C
:1078D00090420210A4420210BC420210C4420210A4
:1078E000DC420210E8420210384B0210244302101E
:1078F00040430210484302105C43021064430210EC
:107900008043021084430210AC430210D0430210A3
:10791000E44302100C440210184402103C440210CC
:10792000484402106C440210784402109C44021037
:10793000AC440210D0440210E44402101845021076
:1079400030450210544502106C450210A04502104B
:10795000C0450210F44502101446021034460210CD
:107960004446021060460210944602109C460210E3
:10797000C4460210D0460210E0460210F046021043
:10798000044702101047021020470210304702102F
:10799000504702107047021088470210A04702109B
:1079A000AC470210C4470210CC470210F047021047
:1079B0001448021034480210404802105C4802107B
:1079C000684802108848021098480210B84802100F
:1079D000C4480210E4480210F4480210244902107E
:1079E00030490210504902106C49021074490210CB
:1079F0009C490210B0490210C4490210D04902103B
:107A0000EC490210044A0210204A0210384A0210BF
:107A1000544A0210604A021010B50348FFF7CEFD29
:107A20000248FFF7CBFD10BDA84A0210CC4A021055
:107A300010B50548FFF7C2FD642013F0DDF90348D7
:107A400004F000FE10BDC046144B0210344B02106F
:107A500010B50021002005F097F80248FFF7AEFDB1
:107A600010BDC046404B021010B5040000E00134C8
:107A70002378202BFBD0092BF9D0200017F018FB1E
:107A80000138201802E0002303700138844208D234
:107A90000378093BDBB2172B03D8034ADA40D2073D
:107AA000F1D4200010BDC0461300800010B58AB08C
:107AB00003AC1C22002120000CF0D4F9200003F0BC
:107AC00069FE00280BD00398A4890CF0E1F80200AD
:107AD0000B0005480094FFF771FD0AB010BD034884
:107AE000FFF76CFDF9E7C0465C4B02108C4B0210AF
:107AF00010B588B001AC1C22002120000CF0B2F9B6
:107B0000200003F047FE002809D003980CF0C0F8CD
:107B100002000B000448FFF751FD08B010BD0348F8
:107B2000FFF74CFDF9E7C046C04B0210DC4B0210DA
:107B300010B588B001AC1C22002120000CF092F995
:107B4000200003F027FE002809D002980CF0A0F8CE
:107B500002000B000448FFF731FD08B010BD0348D8
:107B6000FFF72CFDF9E7C0460C4C0210284C021020
:107B7000F0B5DE4657464E464546E0B591B007F0B3
:107B80002DF8070009AC1C22002120000CF06AF936
:107B9000200003F0FFFD039006200AF0B1FD050070
:107BA00005200AF0ADFD0CF04CF886490BF0DFFF24
:107BB000049007200AF0A4FD0CF043F881490BF073
:107BC000D6FF804628000CF03CF87E490BF0CFFF32
:107BD000834608200AF094FD0CF033F879490BF045
:107BE000C6FF0590784B1968784B1A68CB69096A0B
:107BF000D469126A5B189E1CA4180234023304D0A4
:107C0000310028000BF082F80600002C04D021007F
:107C100028000BF07BF804006D4810F0A5FB0CF079
:107C200010F868490BF0A3FF06906A4B1B68072504
:107C30001D4028000CF005F867490BF0AEFF6749BE
:107C40000BF090FF07906648FFF7B8FC6548FFF718
:107C5000B5FC7B7C002B00D1A0E03B7C452B00D108
:107C6000A9E0552B00D1A3E05F4B9A465F4839004D
:107C7000FFF7A4FC5E485146FFF7A0FC5D48FFF704
:107C80009DFC06F0B9FF0CF003F802000B005A4906
:107C90000800FFF793FC5948FFF790FC584B5948F0
:107CA00099461900FFF78AFC57484946FFF786FCBA
:107CB0005648FFF783FC04980BF0EAFF02000B0024
:107CC0005348FFF77BFC40460BF0E2FF02000B003D
:107CD0005048FFF773FC58460BF0DAFF02000B0028
:107CE0004D48FFF76BFC05980BF0D2FF02000B002C
:107CF0004A48FFF763FC30000BF0A3FF31490BF05B
:107D000036FF0BF0C5FF02000B004548FFF756FC9D
:107D100020000BF096FF2B490BF029FF0BF0B8FF6A
:107D200002000B003F48FFF749FC06980BF0B0FF3C
:107D300002000B003C48FFF741FC07980BF0A8FF3E
:107D400002000B0039480095FFF738FC3848FFF770
:107D500035FC039B002B31D00A980BF099FF0200F1
:107D60000B003448FFF72AFC0B980BF091FF020040
:107D70000B003148FFF722FC09980BF089FF020045
:107D80000B002E48FFF71AFC2D48FFF717FC11B027
:107D9000F0BCBB46B246A946A046F0BD2948FFF755
:107DA0000DFC2948FFF70AFC2848FFF707FC72E79B
:107DB000274B9A465AE7274B9A4657E72648FFF73C
:107DC000FDFBE1E700247449602E0020582E0020BE
:107DD00000C0034000400640CDCC4C3DCDCC8C3F94
:107DE000584C02107C4C0210F4380210084D02105E
:107DF000244D0210404D02105C4D02107C4D0210CB
:107E0000484102109C4D0210BC4D0210DC4D021086
:107E1000F44D02100C4E0210244E02103C4E021083
:107E2000584E0210784E0210984E0210B84E0210B2
:107E3000E44E0210004F0210204F0210404F02107B
:107E4000804F0210A04C0210CC4C0210EC4C0210DF
:107E500008750210F0380210604F021010B50A4881
:107E6000FFF7ACFB094B0A4A1A60142012F0C4FF5A
:107E700010F09AFD12F0C6FD28200AF099FA0021B0
:107E800000200AF0E9FDC046A44F0210C000002007
:107E9000EFBEADDE10B586B00C00194902AB019300
:107EA00003AB009304AB05AA16F014FC04281AD106
:107EB000059AFF2A1DD8049B002B1ADBFF2B18DC28
:107EC000039B002B15DBFF2B13DC029B002B10DB2D
:107ED000FF2B0EDC2270049B6370039BA370029B3C
:107EE000E370012009E08420000202F025FB00205D
:107EF00003E0044802F020FB002006B010BDC0469D
:107F0000CC4F02100184000070B588B0040004ADAD
:107F10001022002128000BF0A5FF10220021684646
:107F20000BF0A0FF58496B462A00200016F0D2FB48
:107F3000022801D104AB06E0544802F0FDFA08B073
:107F400070BD1C7001331C78002C07D0504A115DA5
:107F500003220A40022AF4D1203CF2E76B461B7848
:107F6000302B03D0312B07D06A460DE06A46527899
:107F7000002AF7D100251FE06B465B78002B29D043
:107F80006A4601E0137001321378002B07D0404994
:107F9000C85C032101400229F4D1203BF2E73D49AE
:107FA000684617F003F8051E06D03B49684616F0F0
:107FB000FDFF00280AD10125384904A816F0F6FF74
:107FC000002830D1002D07D1012612E0344802F0FC
:107FD000B3FAB4E70125EFE7FEF74EFD0028F3D131
:107FE0003048FFF7EBFA3048FFF7E8FAA7E701342B
:107FF000E4B2072C0BD8E907C90F200004F02AFCD3
:108000000028F4D1294802F097FA0026EFE7002E65
:1080100000D194E7002D04D01F492548FFF7CEFA80
:108020008DE71C49F9E704A814F0B2FC0400431ED4
:10803000072B17D8C0B20138C6B2002D03D0FEF707
:108040001BFD002812D0E907C90F300004F002FC24
:10805000002815D0002D11D00F4A16482100FFF737
:10806000ADFA6CE7144802F067FA68E7134821009C
:10807000FFF7A4FA0C48FFF7A1FA60E7054AECE71E
:108080000F4802F059FA5AE7DC4F0210068400004C
:10809000F13B0310D84F021000750210CC430210C0
:1080A00007840000E84F02103050021008840000DE
:1080B0007C500210E4500210098400009C50021011
:1080C0000A84000070B586B0041E02D00378002B2D
:1080D00004D1404802F030FA06B070BD0F2116F00E
:1080E000B9FC060002AD02002100280016F084FC55
:1080F0000023AB5500E001352B78202BFBD0092B5A
:10810000F9D0280016F0D4FF0138281802E0002327
:1081100003700138854217D80378093BDBB2172B6F
:1081200014D82D4ADA40D207F1D42B0001E01C709C
:1081300001331C78002C0BD0284A115D03220A4021
:10814000022AF4D1203CF2E72B00F2E72B00F0E703
:108150002349280016F02AFF002815D0214901AA3A
:10816000280016F0B7FA012804D10198002801DD93
:10817000082819DD1C4802F0DFF9ADE71B4A1C484E
:10818000FFF71CFA0134E4B2072CA5D86B469D1CFE
:1081900000232B702900200004F004FB611C2B78C5
:1081A000002BEBD0134AEAE7C0B20138C0B26B46ED
:1081B000DC1C00232370210004F0F4FA01992378D9
:1081C000002B04D00B4A0A48FFF7F8F984E7074A66
:1081D000F9E7C0460B84000013008000F13B031058
:1081E000CC4302100C5102100C840000D84F021036
:1081F000F850021000750210D0B58CB002A8FEF73E
:1082000049FC00280CD05248FFF7D8F906F0EEFCE4
:10821000452809D055284CD04E48FFF7CFF906E045
:108220004D48FFF7CBF96AE04C48FFF7C7F902ACBD
:1082300004980BF02DFD02000B004948FFF7BEF932
:1082400005980BF025FD02000B0046480026464F1E
:1082500000960197FFF7B2F906980BF019FD02009E
:108260000B0042480026424F00960197FFF7A6F9FF
:1082700007980BF00DFD02000B003E4800263E4F14
:1082800000960197FFF79AF93C48FFF797F9039892
:108290000BF0FEFC02000B003948FFF78FF9237842
:1082A000022B0ED009D8002B2BD0012B2BD1354916
:1082B00008E03548FFF782F9B9E7032B25D13349A8
:1082C00000E033493348FFF779F902AA2423D35C4D
:1082D000002B1CD030493148FFF770F92748FFF7D1
:1082E0006DF902AC09992E48FFF768F9217E07293C
:1082F0000FD90A9B002B11D12048FFF75FF90CB072
:10830000D0BD2849DEE72849DCE72749DAE72749D5
:10831000E1E701312648FFF751F9EAE70AF00AF8E8
:10832000002910D0FA22920000230AF02DFD0A9BAA
:10833000C01AFA2189000AF0E9FC01001D4B18005F
:10834000FFF73CF9D8E7FA2189000AF0DFFCEEE7F5
:1083500078510210FC51021044510210A851021031
:1083600020520210445202100000F03F78520210D6
:108370000000E03FAC5202100000F83FE052021053
:10838000EC52021018510210D45102102C5102105C
:1083900020510210105302103451021030530210B9
:1083A0005053021010510210F43802103C510210C8
:1083B000705302109053021010B5FEF7A5FB002871
:1083C00006D00548FFF7FAF80448FFF7F7F810BDA4
:1083D0000348FFF7F3F8FAE7BC530210E853021022
:1083E00034540210F0B5CE46474680B591B02049CE
:1083F0000FAA16F06FF9012804D10F98002801DDAB
:10840000082807DD1B4802F097F811B0C0BCB94638
:10841000B046F0BD0138C0B205A903F09BF90028B1
:1084200004D005AA2423D35C002B04D10F99124851
:10843000FFF7C4F8E9E71300506892689046DB68DC
:1084400099460BF025FC06000F000F9D0B4C48468B
:108450000BF01EFC0290039140460BF019FC0090BB
:10846000019132003B0029002000FFF7A7F8CCE77C
:108470000C51021002840000945402106454021043
:10848000F0B5D6464F4680B58FB0002404E0611C9D
:108490001A48FFF793F80134072C26DCE0B204A950
:1084A00003F058F90028F2D004AA2423D35C002B4F
:1084B000EDD01300506892689146DB689A460BF045
:1084C000E7FB06000F00651C50460BF0E1FB029035
:1084D000039148460BF0DCFB0090019132003B0019
:1084E00029000748FFF76AF8D5E70648FFF766F85E
:1084F0000FB0C0BCBA46B146F0BDC046F45402103D
:10850000C8540210E052021070B588B0041E02D0A8
:108510000378002B21D13D4C2000FFF74FF83C4859
:10852000FFF74CF82000FFF749F83A48FFF746F804
:108530003948FFF743F83948FFF740F83848FFF764
:108540003DF83848FFF73AF8FBF784FD00284ED095
:108550003548FFF733F808B070BD20220021684687
:108560000BF080FC1F222100684616F045FA684691
:10857000FFF77AFA04000378002BCCD02B4916F0D1
:108580005BF90028C7D0200014F002FA0400431E53
:10859000072B25D81D001D4E3000FFF70FF81C4893
:1085A000FFF70CF83000FFF709F821482100FFF72A
:1085B00005F820482900FFF701F81F48FEF7FEFFE5
:1085C0001E48FEF7FBFF1748FEF7F8FFE8B2FBF77F
:1085D00075FD002812D01A482100FEF7EFFFBAE718
:1085E0001848FEF7EBFF1848FEF7E8FFB3E7174817
:1085F00001F0A2FF1648FEF7E1FFACE7134801F0D7
:108600009BFF1448FEF7DAFFA5E7C0462855021085
:108610005C550210B0560210E056021014570210BA
:108620004857021030560210BC570210CC430210BB
:108630008C550210AC550210CC550210F4550210A6
:108640002C580210645602108C5602101084000040
:1086500070570210E857021070B590B0041E00D198
:108660007DE00378002B2FD101246442574D002C6C
:1086700000DA78E0564E3000FEF7A0FF5548FEF7CE
:108680009DFF3000FEF79AFF661C53483100FEF74D
:1086900095FF281C0BF0FCFA02000B004F48FEF778
:1086A0008DFF4F48FEF78AFF4E48FEF787FFE0B286
:1086B000291CFBF77FFD002800D17FE04A483100EC
:1086C000FEF77CFF10B070BD4022002168460BF021
:1086D000C9FB3F222100684616F08EF9434C210069
:1086E000684616F0C7F905002100002016F0C2F90F
:1086F0000400002D0CD0280014F044F90AF068FEA4
:10870000051C00210BF098FA002802D12F4D00E043
:108710002E4D002C20D03649200016F08DF8002870
:108720000ED1012464420021281C0BF075FA0028A8
:108730009DD0304801F000FF2F48FEF73FFFC1E712
:10874000200014F025F9431E072B01D81C00EAE78E
:108750002A48FEF733FFB5E701246442E3E701242A
:1087600064421A4D83E71A4C2000FEF727FF194890
:10877000FEF724FF2000FEF721FF281C0BF088FAEB
:1087800002000B001E48FEF719FF1E48FEF716FFF9
:108790001D48FEF713FF1348FEF710FF281CFBF7D8
:1087A000C7FC002803D01948FEF708FF8AE71848DD
:1087B00001F0C2FE1748FEF701FF83E7144801F0FD
:1087C000BBFE1548FEF7FAFE7CE7C0460000664394
:1087D00028550210C45802102C5A0210445A021094
:1087E000685A021030560210F45A021060580210F3
:1087F000CC430210118400009858021064580210F3
:10880000F05802102059021060590210FC59021051
:1088100012840000B0590210AC5A0210F0B591B0A9
:10882000041E02D00378002B07D16048FEF7C6FE75
:108830005F48FEF7C3FE11B0F0BD4022002168463C
:108840000BF010FB3F222100684616F0D5F8594C7A
:108850002100684616F00EF905002100002016F0F0
:1088600009F90400002D4AD0002848D0280014F04F
:1088700089F80AF0ADFD051C4F49200015F0DCFF1A
:10888000002843D102246442012676420021281C9C
:108890000BF0C2F900283FD1A31C4BD0072C42D8C3
:1088A000464F3800FEF78AFE4548FEF787FE38003F
:1088B000FEF784FE43483100FEF780FE281C0BF0D3
:1088C000E7F902000B004048FEF778FE3F48FEF74C
:1088D00075FE3F48FEF772FE3E48FEF76FFE3E48CB
:1088E000FEF76CFE3D48FEF769FEE0B2291CFBF77F
:1088F000ADFC002853D03A48FEF760FE9BE72B48BA
:10890000FEF75CFE2A48FEF759FE94E7200014F0BB
:108910003FF80600441EB9E7324801F00DFE324828
:10892000FEF74CFE87E7314801F006FE3048FEF7BF
:1089300045FE80E7214C2000FEF740FE2048FEF770
:108940003DFE2000FEF73AFE281C0BF0A1F90200C4
:108950000B002848FEF732FE2748FEF72FFE274877
:10896000FEF72CFE1A48FEF729FE1C48FEF726FEED
:10897000281CFBF7B7FC002809D1214801F0DCFDD9
:108980002048FEF71BFE56E7322012F035FAFBF7BF
:10899000EBFC0028F8D11C48FEF710FE4BE7184806
:1089A00001F0CAFD1948FEF709FE44E72C5B0210EE
:1089B000605B021060580210CC4302102855021070
:1089C000FC5B02102C5A0210885D0210AC5D021094
:1089D000E05C0210EC5D0210245E021030560210C2
:1089E000905E021013840000945B02101484000057
:1089F000C05B0210285C0210585C0210985C0210E8
:108A0000158400000C5D0210505D0210445E0210DF
:108A100010B5002814D00478002C0ED013F0B8FF45
:108A2000431E072B0ED80138C0B2FBF7A3FC06E0AB
:108A30002000FBF79FFC0134E4B2072CF8D910BDED
:108A40000024FAE7014801F077FDF8E716840000FA
:108A5000F0B591B02648FEF7B1FD0AA801F060FE1E
:108A6000002838D02348FEF7A9FD0AAC21786278A7
:108A7000A378E578267967791F48029701960095D3
:108A8000FEF79CFDA179E279237A657A1B4800956F
:108A9000FEF794FDA17AE27A237B657B1848009566
:108AA000FEF78CFDA17BE27B237C657C154800955D
:108AB000FEF784FDA17CE27C237D657D1248009554
:108AC000FEF77CFDA37D002B0FD010491048FEF768
:108AD00075FD11B0F0BD04AC200005F027FA172297
:108AE00021000AA80BF0C4F9BCE70A49EEE7C0462A
:108AF000D45E0210F45E02101C5F0210545F02107C
:108B0000785F02109C5F0210C05F0210C05E02100E
:108B1000E45F0210C85E021010B58AB009A9FFF721
:108B2000B9F9002819D003A801F0FAFD002819D0DE
:108B3000042209A9122068440BF09AF903A801F055
:108B40002BFE002812D009A8017842788378C478D7
:108B500008480094FEF732FD02E0074801F0ECFC03
:108B60000AB010BD054801F0E7FCF9E7044801F040
:108B7000E3FCF5E700600210148400001584000097
:108B80001684000010B58AB009A9FFF783F9002800
:108B900019D003A801F0C4FD002819D0042209A9A6
:108BA000162068440BF064F903A801F0F5FD0028D5
:108BB00012D009A8017842788378C47808480094D4
:108BC000FEF7FCFC02E0074801F0B6FC0AB010BD5D
:108BD000054801F0B1FCF9E7044801F0ADFCF5E708
:108BE0003C60021017840000188400001984000003
:108BF00010B58AB009A9FFF74DF9002819D003A8CC
:108C000001F08EFD002819D0042209A91A20684419
:108C10000BF02EF903A801F0BFFD002812D009A81F
:108C2000017842788378C47808480094FEF7C6FC3F
:108C300002E0074801F080FC0AB010BD054801F0D1
:108C40007BFCF9E7044801F077FCF5E77860021057
:108C50001A8400001B8400001C84000010B58AB038
:108C600009A9FFF717F9002819D003A801F058FD4A
:108C7000002819D0042209A91E2068440BF0F8F836
:108C800003A801F089FD002812D009A801784278D4
:108C90008378C47808480094FEF790FC02E0074807
:108CA00001F04AFC0AB010BD054801F045FCF9E7A7
:108CB000044801F041FCF5E7B06002101D8400009B
:108CC0001E8400001F84000000B59DB0324908AB2F
:108CD00001930DAB009312AB17AA15F0FBFC04280F
:108CE00004D02E4801F028FC1DB000BD02A801F000
:108CF00017FD002837D00E21694417A8FFF7CAF8DE
:108D0000002834D01221694412A8FFF7C3F80028C4
:108D100031D0162169440DA8FFF7BCF800282ED0E9
:108D20001A21694408A8FFF7B5F800282BD002A83B
:108D300001F032FD00282AD01948FEF73FFC1948FF
:108D400017A9FEF73BFC184812A9FEF737FC174895
:108D50000DA9FEF733FC164808A9FEF72FFC1548AD
:108D6000FEF72CFCC0E7144801F0E6FBBCE7134813
:108D700001F0E2FBB8E7124801F0DEFBB4E711486E
:108D800001F0DAFBB0E7104801F0D6FBACE70F4882
:108D900001F0D2FBA8E7C046E46002102084000086
:108DA0000461021030610210446102105C61021023
:108DB0007461021088610210218400002284000086
:108DC0002384000024840000258400002684000001
:108DD000F0B59DB0041E02D00378002B04D1714879
:108DE000FEF7ECFB1DB0F0BD15AD1C2200212800E4
:108DF0000BF038F8280002F0CDFC002802D02B7EC2
:108E0000002B03D16848FEF7D9FBEBE714AD032232
:108E1000002128000BF026F8002313931293634BD4
:108E20001193634913AB2A00200015F053FC02286C
:108E300005D16049280016F0B9F8002815D05E4920
:108E400011AB019312AB009313AB14AA200015F0E1
:108E500041FC022805DD594914A816F0A7F800289E
:108E60003BD05048FEF7AAFBBCE715AB9989139895
:108E700009AA04F081FB00280AD1514B1868FA2195
:108E800010F000FE012807D04E4801F055FBA9E77D
:108E90004D48FEF793FBA5E709A804F015FB040075
:108EA000474B186800230022002110F0C1FB002C62
:108EB00003D0464801F040FB94E709AC200004F0E1
:108EC00015FC0C9815AB9C890AF0E2FE02000B0021
:108ED0003F480094FEF772FB84E715ACA589119812
:108EE000FA229200002300210AF01AFEFA229200D0
:108EF000002309F049FF11F07FFF200002F04AFC37
:108F0000002802D0237E002B03D13248FEF756FB07
:108F100068E715AB9E89129A139809AB009333004A
:108F2000290004F059FB00280AD1254B1868FA21C2
:108F300010F0A8FD012807D02748FEF73FFB51E7B6
:108F40002648FEF73BFB4DE709A804F0BDFA0400F4
:108F50001B4B186800230022002110F069FB002C35
:108F600003D01F4801F0E8FA3CE709AC200004F008
:108F7000BDFB0A980B9F0C9C0AF08AFE0690079195
:108F800005960495201C0AF083FE02900391381C7C
:108F90000AF07EFE00900191069A079B1148FEF7A9
:108FA0000DFB1FE7B461021004620210DC05000033
:108FB0004862021050620210B8620210C8620210C9
:108FC000A4440220038400005462021004840000C0
:108FD00084620210CC620210486302101063021017
:108FE000058400006863021010B501F02DFA002816
:108FF00000D010BD014801F09FFAFAE72784000075
:1090000010B501F03FFA002800D010BD014801F072
:1090100093FAFAE72884000010B501F051FA00280D
:1090200003D1044801F088FA10BD0348FEF7C6FAE0
:10903000FAE7C04629840000C063021010B501F0B1
:109040005DFA002803D1044801F076FA10BD034808
:10905000FEF7B4FAFAE7C0462A840000EC63021077
:1090600070B5A0B001006C467F22684615F0C4FCC4
:109070007F230022E2546846FEF7F6FC05000378E1
:10908000002B27D0202115F0F9FB061E05D0002368
:1090900003700130FEF7E8FC06002A0001E01370BF
:1090A00001321378002B07D0AB49CC5C032121405F
:1090B0000229F4D1203BF2E7A849280015F076FFF9
:1090C000002805D0A649280015F070FF002803D11C
:1090D000FEF71AFB20B070BDA249280015F066FF0C
:1090E000002829D0A049280015F060FF002826D0CC
:1090F0009E49280015F05AFF002823D09C492800DB
:1091000015F054FF002820D09A49280015F04EFF92
:1091100000281CD09849280015F048FF002819D0D5
:109120009649280015F042FF00282FD1002E2BD0A1
:109130003000FEF7E9FECDE7FEF71AFDCAE7FEF7BD
:10914000B5FCC7E7FEF774FCC4E7FEF787FEFEF741
:109150007FFCBFE78A48FEF731FA8A4801F0FEFB40
:10916000002809D08848FEF729FA642011F044FE4F
:10917000864803F067FAADE70A21012003F004FDF9
:109180008348FEF785FAA5E7824ED1E78249280099
:1091900015F00CFF002807D1002E03D03000FEF799
:1091A00091FF97E77B4EF9E77C49280015F044FBD7
:1091B000002811D07A49280015F03EFB00280FD076
:1091C0007849280015F0F2FE002810D1002E0BD0AF
:1091D0003000FFF707F97DE73000FFF70DF879E77A
:1091E0003000FFF7E9F875E7FFF74AF972E76E49D3
:1091F000280015F0DBFE002807D1002E03D0300038
:10920000FEF70AFC66E7634EF9E76849280015F0A7
:10921000CDFE002807D1002E03D03000FFF774F9EF
:1092200058E75C4EF9E76249280015F0BFFE0028B8
:1092300007D1002E03D03000FFF70EFA4AE7554E53
:10924000F9E75C49280015F0B1FE002807D1002E8F
:1092500003D03000FFF7E2FA3CE74E4EF9E75649FB
:10926000280015F0A3FE002807D1002E03D03000FF
:10927000FFF7CEFB2EE7474EF9E75049280015F0DF
:1092800095FE00280BD04E49280015F08FFE0028CF
:109290000AD1002E06D03000FFF73EFC1AE7FFF798
:1092A000D7FB17E73B4EF6E74649280015F07EFE50
:1092B000002807D1002E03D03000FFF763FC09E738
:1092C000344EF9E74049280015F070FE002807D118
:1092D000002E03D03000FFF78BFCFBE62D4EF9E7A4
:1092E0003A49280015F062FE002807D1002E03D06D
:1092F0003000FFF7B3FCEDE6264EF9E734492800CD
:1093000015F054FE002807D1002E03D03000FFF7DF
:10931000DBFCDFE61F4EF9E72E49280015F046FE7C
:10932000002811D02C49280015F040FE00280ED04E
:109330002A49280015F03AFE002851D1002E09D004
:109340003000FFF745FDC5E6FEF7D2FBC2E6FEF7AB
:10935000EFFBBFE60F4EF3E7F13B0310884202102C
:1093600018640210BC420210DC420210384B02109A
:10937000404302105C43021080430210A0640210BC
:109380001C6402101027000044640210344B0210C9
:10939000746402100C740210A86402103C440210A1
:1093A0006C4402109C440210B0640210BC640210B1
:1093B000CC640210D8640210E464021094460210D7
:1093C000F0640210F86402100065021008650210D3
:1093D00010650210A0470210C44702102065021059
:1093E0003049280015F0E2FD002829D02E49280038
:1093F00015F0DCFD002830D02C49280015F0D6FDF2
:1094000000282DD02A49280015F0D0FD00282AD0A8
:109410002849280015F0CAFD00282BD0264928002D
:1094200015F0C4FD00282CD02449280015F0BEFDFD
:1094300000282ED1002E2AD0300003F095FE49E6F8
:1094400000F0E0FF002800D044E60A21013003F0DC
:109450009BFB1B48FEF71CF93CE6FFF7C5FD39E610
:10946000FFF7CEFD36E6FFF7D7FD0021080003F039
:109470008BFB2FE6FFF7E2FD0021080003F084FBE1
:1094800028E61048FEF79AF801F008F922E60E4E99
:10949000D2E70A21012003F077FB0C482900FEF7F0
:1094A000F7F817E6344802105C48021088480210AA
:1094B000B8480210E4480210244902106C49021016
:1094C0002C650210506502100C74021084650210A5
:1094D00010B53E493E48FEF771F83E4811F08CFC4D
:1094E0003D4C2000FEF76AF83C48FEF767F83C4820
:1094F000FEF764F82000FEF761F810E0FA21890019
:1095000009F004FC040014E0364B1B68E31AFA224D
:109510005200934230D29620400011F06DFC08F0CA
:1095200009FF0029EAD0FA229200002309F02CFC5E
:109530000400FBF763FA0128E6D02A4B1B68E31A04
:10954000FA22520093421CD200200BF063FF831CCE
:1095500037D0C0B208281AD07F2818D00D281ED0C6
:109560000A281CD0204B1B887E2BD8D81E4A591C99
:1095700011801E4AD054D2E71A4B1C6003F01CF82D
:10958000C9E7184B1C60012003F016F8DCE7164B06
:109590001B88002BC3D0144A013B1380BFE7124B3A
:1095A0001A88124B00219954002A03D11048FEF763
:1095B00005F8B4E71800FFF753FD0B4B00221A80A3
:1095C000F4E70A2011F018FCA9E7C046B8650210BC
:1095D000FC410210DC050000E0520210C4650210DC
:1095E000EC65021048470220E2800220D04C0220A5
:1095F0001894021010B582B0002803D10124200075
:1096000002B010BD11F006FA040002E00A2011F0C9
:10961000F3FBFDF793FF002806D111F0FBF9001BC7
:10962000FA23DB009842F1D30022032108200FF037
:1096300079FF204C20600022022108200FF072FFE9
:109640001D4B18600022052108200FF06BFF1B4BFB
:1096500018600022502108200FF064FF184B18609A
:109660002368002B1CD000281AD0134B1B68002B3A
:1096700016D0124B1B68002B12D0802211491248C1
:1096800000230193033300930023D20010F0DEFE89
:109690000400012809D00D4800F04EFF0024AEE779
:1096A0000B4800F049FF0024A9E70A480A21FDF70A
:1096B00085FFA4E7D06D0220C46D0220CC6D02208E
:1096C000C06D0220C43F0210D19400102C84000011
:1096D0002B84000018660210024B1868431E984144
:1096E000C0B27047C06D022070B5344B1B78002BA0
:1096F00027D0334B1B78002B24D0324B1A688023A1
:109700001B029A4227D201212F4D2868494210F0AE
:10971000B9F92E492B4B18882022F7F7DBFB040000
:1097200028680023002200210FF082FF002C19D1AD
:10973000244B1968203119608B0538D0062011F0B0
:109740005BFB70BD21482022FF210AF08BFB1C4BE4
:1097500001221A70D1E7194B00221A701C48FDF73C
:109760002DFFEEE70A2011F047FB0121164D286876
:10977000494210F087F91549124B18882022F7F753
:10978000A9FB040028680023002200210FF050FFED
:10979000002CCDD00A21012003F0F6F9094B1968FD
:1097A0000C48FDF775FF054B00221A70C9E78022AF
:1097B00009481202FDF702FFC0E7C0460B810220F4
:1097C000F78002200C730220A4440220CC44022023
:1097D000586602107C660210A8660210F0B5CE46EC
:1097E000474680B589B007000E0015001C1E09D041
:1097F0001B78002B06D0002A04D013888B4206D396
:109800000023237009B0C0BCB946B046F0BD202289
:10981000FF2168460AF026FB2888331A9BB21A1CDF
:10982000202B00D9202293B29946C01983B29846C2
:109830001F4B1868052110F025F90128E2D14A468E
:1098400069464046F7F746FB00281ED1184B1868BA
:109850000023002200210FF0EBFE2B884B442B80CD
:10986000022002F0A9FE012011F0C6FA2B88B342B3
:10987000C8D3F3199BB2013B9BB20E490E483A0084
:10988000FDF79CFE00232370BCE70A21012003F0B2
:109890007BF9084909484246FDF7FAFE044B18686F
:1098A0000023002200210FF0C3FE00232370A9E74C
:1098B000A4440220D066021010670210DC66021079
:1098C00030B599B00121354B1868494210F0DAF8EB
:1098D000334C12AD280004F029FB17222900200088
:1098E0000AF0C6FA684604F0FFFF20001730412254
:1098F00069460AF0BDFA20005830082104F05AFFEA
:10990000002801D100240BE026492748FDF7C0FEBE
:109910002648082200210AF0A5FAF3E70134E4B250
:10992000072C10D8E1000919890060311C4BC918B7
:10993000200003F095FD0028F0D01A491C482200B1
:10994000FDF7A6FEEAE703F091FF144B1868002329
:10995000002200210FF06CFE114B0022C0214900B3
:109960005A548221FF315A5401315A54002307E0DE
:109970000B4AD2188432FF32002111700133DBB25E
:10998000072BF5D9064BC6225200002199500549F4
:109990000848FDF713FE19B030BDC046A4440220AC
:1099A00008450220D0660210406702106045022080
:1099B0007C670210B067021070B50121504B186827
:1099C000494210F05FF84F4BC02252009B5C002BC5
:1099D0000DD14C4B8222FF329B5C002B25D1494B91
:1099E000C12252009B5C002B3DD100245FE0454822
:1099F00004F01AFA00280FD1424BC0225200002175
:109A0000995441494148FDF7D9FD642011F0F4F91A
:109A10003F4802F017FEDCE70A21012003F0B4F80A
:109A200039493C48FDF734FED3E73B4804F0D6FE05
:109A300000280FD1334B8222FF3200219954324942
:109A40003648FDF7BBFD642011F0D6F9304802F02E
:109A5000F9FDC4E70A21012003F096F82A493048AD
:109A6000FDF716FEBBE72F48082104F091FE002801
:109A700009D1244BC12252000021995422492A487D
:109A8000FDF79CFDB1E70A21012003F07DF81E4996
:109A90002648FDF7FDFDA8E70A21012003F074F830
:109AA000194923482200FDF7F3FD0134E4B2072CE5
:109AB0001DD8144B1B198433FF331B78002BF4D0B3
:109AC000E1000919890060310E4BC918200003F02C
:109AD000ADFC0028E0D10B4B1B198433FF3300226F
:109AE0001A70094913482200FDF768FDDDE7044BB1
:109AF00018680023002200210FF09AFD70BDC046B7
:109B0000A444022008450220D0660210D867021043
:109B100000680210146802101F45022044680210F9
:109B2000686802106045022094680210B86802104C
:109B30000C690210E468021070B5041E26D0027889
:109B4000152A00D959E19200AE4B9B589F46806C74
:109B5000002813D0AC4917220AF08AF90EE0AA4D6A
:109B6000011D172228000AF083F9C0235B0001229F
:109B7000EA5410F04FFFC6235B00E850E06C002869
:109B800004D00023002200210FF052FD70BD806C34
:109B9000002803D09D4941220AF06AF9E06C0028B0
:109BA000ECD00023002200210FF042FDE6E7964DA5
:109BB00028001730211D41220AF05AF98223FF3371
:109BC0000122EA5410F026FFC6235B00E850D5E7D7
:109BD000806C0028D2D08E4908220AF049F9CDE7DE
:109BE000894D28005830211D08220AF041F9C1236F
:109BF0005B000122EA5410F00DFFC6235B00E85021
:109C0000BCE70379072BB9D8806C0028B6D0D900FF
:109C1000C918890060317C4BC91824220AF028F940
:109C2000ACE70379072BA9D8D800C01880006030B2
:109C3000754D40192100083124220AF019F92379C1
:109C4000EB188433FF3301221A7010F0E3FEC623B1
:109C50005B00E85092E70079072800D98EE7A16CF5
:109C6000002900D18AE7402203F020FE86E703792D
:109C7000072B00D982E70121664D286849420FF081
:109C800001FF2079611D03F045FE286800230022B2
:109C900000210FF0CDFC71E7FFF78EFE6EE701218A
:109CA0005C4D286849420FF0EDFE03F02DFF286857
:109CB0000023002200210FF0BBFCFFF701FE5DE74F
:109CC000554B1B78002B0DD054495548FDF7E0FC4F
:109CD000E06C002800D159E70023002200210FF09A
:109CE000A7FC53E74C4B01221A704E4B00221A601E
:109CF000C26C4D4B1A60FDF7EBFC47E74B4B1B78F2
:109D0000002B04D045494A48FDF7C2FC3EE7474BCB
:109D100001221A70474B00221A80FDF7D9FC35E763
:109D2000454B1B78002B04D03C494448FDF7B0FC60
:109D30002CE7414B01221A70414B00221A80FDF79B
:109D4000C7FC23E73F4B1B78002B06D13D4B01227C
:109D50001A703D4B00221A8010E730493B48FDF74E
:109D600097FC0BE73A4B1B78002B06D1384B0122AE
:109D70001A70384B00221A8000E728493648FDF750
:109D800087FCFBE6244B1B78002B00D0F6E6274B24
:109D90001B78002B00D0F1E6274B1B78002B00D05E
:109DA000ECE6284B1B78002B00D0E7E6284B1B780D
:109DB000002B00D0E2E6294B1B78002B00D0DDE61B
:109DC000264B01221A70264B00221A60802125485A
:109DD0000902FDF7F3FBD1E60079611DE27F04F093
:109DE000DBFACBE6007904F04FFBC7E6007904F01C
:109DF000C9FBC3E604F028FCC0E608491A48FDF791
:109E000047FCBBE6E4A70210084502201F450220DC
:109E100060450220A44402200A810220D06602107C
:109E20003C69021008730220047302200D81022095
:109E30006C690210E680022024810220A0690210D1
:109E4000EC8002200C810220E4800220D469021000
:109E500023810220EA800220086A02100B8102207E
:109E60000C730220406A0210706A021030B583B091
:109E7000354B186805210FF005FE01282DD003B0E1
:109E800030BD6B469D1DDB881A0A01A80270437025
:109E900003F027FE2D4B2A881A802D4B01221A70C1
:109EA0000134A4B2022002F087FB032C2BD8294BEB
:109EB0001868002827D000226B46991D0FF046FD38
:109EC000012820D1224B1B78002BDAD06B46DA8890
:109ED0001E4B1B889A42D4D1E7E70024E5E76B4686
:109EE0009D1DDB881A0A01A80270437003F002FE70
:109EF000194B2A881A80194B01221A700134A4B216
:109F0000022002F059FB032C15D8154B18680028C5
:109F100011D000226B46991D0FF018FD01280AD1BF
:109F20000E4B1B78002BDAD06B46DA880A4B1B8865
:109F30009A42D4D1E7E7044B18680023002200219D
:109F40000FF076FB9BE7C046A4440220DE8002208F
:109F5000FC8002201C470220E0800220FD800220BD
:109F600044470220F0B5CE46474680B59DB04B4BE6
:109F70001B78002B79D04A4B1B68002B24D0484B10
:109F80001B6880221202934266D29AB29146203315
:109F90008022120293421ED9424C4B46E41AA4B2CC
:109FA0000121414D286849420FF06CFD22006946AD
:109FB0004846F6F7CDFF28680023002200210FF065
:109FC00037FB0023984624E03848FDF761FB38480A
:109FD000FDF75EFBD3E72024E2E7102635E008A872
:109FE000281A3B5D334A5021091A28000BF05EF80D
:109FF0002D180134E4B2A642F1D82F4808A9FDF784
:10A0000047FB274A13689B19136043460133DBB2B1
:10A0100098464346012B1CD8214B1A6880231B020B
:10A020009A4216D243461B011E004E44B6B26F46FA
:10A03000FF18224A3300502108A80BF037F8204BB4
:10A040009E42CAD9F6B27642F6B2002427256D4464
:10A05000D1E7022002F0B0FA114B1A6880231B02EC
:10A060009A4207D2012010F0C7FE1DB0C0BCB9460D
:10A07000B046F0BD1348FDF70BFBFDF735FB074B72
:10A0800000221A70104B18680028EBD00023002122
:10A090000FF0CEFA0C4B00221A60E3E70A8102208F
:10A0A000087302200080FFFFA4440220946A02107B
:10A0B000A46A0210682E0210DC340210E06A02105A
:10A0C000F07F0000E86A021004730220F0B5DE465B
:10A0D00057464E464546E0B59FB004008B461500F6
:10A0E0001E1E7AD01B78002B77D0002A75D01388DB
:10A0F000002B26D02B885B452AD25A46D21A92B220
:10A10000111C202A00D920218AB291461B199BB22A
:10A110009A460121384C206849420FF0B3FC4A4668
:10A1200016A95046F6F714FF2068002300220021EC
:10A130000FF07EFA0027B8465B4600930195B346C0
:10A1400017E02E48FDF7A4FA2D48FDF7A1FAD1E754
:10A150002C48FDF79DFAFDF7C7FA002333703CE069
:10A16000102718E0284802A9FDF792FA4744BBB22D
:10A170009846C84521D2434653449BB216AE464446
:10A18000224A502102A80AF091FF4B4642469F1AEC
:10A19000102FE5D8FFB2002402ABDD1DBC42E1D296
:10A1A00002A8281A335D1A4A5021091A28000AF019
:10A1B0007DFF2D180134E4B2F0E7019D5E46009B5F
:10A1C0009B462B884B442B80022002F0F5F901209E
:10A1D00010F012FE2B885B4506D21FB0F0BCBB46C8
:10A1E000B246A946A046F0BD0648FDF751FAFDF774
:10A1F0007BFA00233370F0E7A44402209C6A02102B
:10A20000A46A0210F06A0210DC340210E06A021044
:10A21000682E021000B595B0FA20800010F0ECFD19
:10A2200062496348FDF7CAF903F01CFDFFF748FBDC
:10A2300004F000F800280CD05E4B01221A705E4B2F
:10A24000186801210EF029FF58495C48FDF7B6F95E
:10A2500037E056495A48FDF71BFAEDE7FA21890025
:10A2600008F054FD36E0574B1860022002F0A4F9C4
:10A2700037E00A22544B186869460FF067FB012843
:10A2800053D0524BC62252009B58002B51D1FFF79E
:10A29000EDFD4F4B1B78002B5ED14E4B1B78002BF6
:10A2A0005DD14D4B1B78002B5CD14C4B1B78002BA8
:10A2B00061D14B4B1B78002B66D14A4B1B78002B8E
:10A2C0006BD108F037F80029C8D0FA229200002399
:10A2D00008F05AFD3B4B1B68C31AFA225200934206
:10A2E000C1D23B4B1B78002BC3D13B4B1B78002BBF
:10A2F00011D13A4B1B78002B0FD1394B1B78002B17
:10A300000DD1384B1B78002B0BD1324B1B78002B17
:10A3100009D00A22AEE70A22ACE70A22AAE70A22FB
:10A32000A8E70A22A6E76422A4E76846FFF704FC30
:10A33000A7E710F06FFB254BC62252009B58C01AAE
:10A34000FA23DB009842A2D3FFF736FB1F4BC6224D
:10A350005200002199509AE7FFF704FE9DE7FFF7AE
:10A36000C3F99EE71C4B204A8021B02089004001A0
:10A37000FFF7ACFE99E7194B1C4A8021C0208900E9
:10A380004001FFF7A3FE94E7154B194A8021B02046
:10A3900089004001FFF722FA8FE7124B154A80210E
:10A3A000C02089004001FFF719FA8AE7D066021041
:10A3B000FC410210F6800220F8420220346B0210A9
:10A3C000F86A021058470220C06D0220084502209A
:10A3D0000A8102200B8102200D81022024810220AB
:10A3E0000C81022023810220E6800220EC800220E2
:10A3F000E4800220EA800220014B1878C0B2704746
:10A40000F680022030B595B00D4B1B78DCB2002BE6
:10A4100002D1200015B030BD6D46502200216846A3
:10A4200009F020FD11232B70064B18680023002231
:10A4300069460FF0FDF80128EBD00024E9E7C0469B
:10A44000F6800220C06D022030B595B0FFF7D4FF32
:10A45000041E02D1200015B030BD6D4650220021EF
:10A46000684609F0FFFC0C232B70054B186800238D
:10A47000002269460FF0DCF80128EBD00024E9E760
:10A48000C06D022030B595B0FFF7B6FF041E02D1B3
:10A49000200015B030BD6D4650220021684609F0FD
:10A4A000E1FC0D232B70054B186800230022694640
:10A4B0000FF0BEF80128EBD00024E9E7C06D0220C0
:10A4C00030B595B0FFF798FF041E02D1200015B0FB
:10A4D00030BD6D4650220021684609F0C3FC0E23B2
:10A4E0002B70054B18680023002269460FF0A0F876
:10A4F0000128EBD00024E9E7C06D022030B595B00B
:10A50000FFF77AFF041E02D1200015B030BD6D4662
:10A5100050220021684609F0A5FC0F232B70054B43
:10A5200018680023002269460FF082F80128EBD05A
:10A530000024E9E7C06D022000B583B06B46D880E7
:10A54000054B1868002805D0002300226946063113
:10A550000FF06EF803B000BD1C47022000B583B0B9
:10A560006B46D880054B1868002805D000230022D0
:10A57000694606310FF05CF803B000BD4447022085
:10A5800010B582B02D4B00221A70002801D102B004
:10A5900010BD10F03FFA2A4BC41802E00A2010F058
:10A5A0002BFCFFF799F8002803D110F033FAA042F2
:10A5B000F4D301200FF0F0F8224C20600EF0A5FC3F
:10A5C000214B18600022022120200EF0ABFF1F4B10
:10A5D00018600022022120200EF0A4FF1C4B1860FE
:10A5E0002368002B19D0184B1B68002B15D0802234
:10A5F00018491948002301930233009300231201E4
:10A600000FF024FF012811D00A21012002F0BCFA2A
:10A6100012491348FDF73CF8B9E70A21012002F07E
:10A62000B3FA0E490F48FDF733F8B0E70B490E486F
:10A63000FCF7C4FF014B01221A70A8E70481022035
:10A6400088130000A4440220F84202201C47022084
:10A6500044470220D83F021015A20010D066021015
:10A660007C6B0210506B0210A06B021010B5094BEE
:10A670001B78DCB2002B08D1074B1868002804D0E7
:10A6800000210EF0CFFCC00701D4200010BD012432
:10A69000FBE7C046F6800220F842022010B594B0D5
:10A6A000FFF7E4FF002804D00D4B1B78002B02D0ED
:10A6B000002014B010BD6C4650220021684609F0FD
:10A6C000D1FB10232370074B186800230022694632
:10A6D0000EF0AEFF013843425841C0B2E9E7C04630
:10A6E0000B810220C06D022000B583B0FA229200D7
:10A6F0000023002109F014FAFA229200002308F046
:10A7000043FB0300054A1068009301230022012146
:10A710000EF007FC0123184003B000BDF8420220F0
:10A7200070B594B0041E2FD0194B1B78DDB2002BEE
:10A7300002D1280014B070BD0322002101200EF0C8
:10A74000F1FE061E22D050220021684609F08AFB45
:10A7500012941396FA220F4B186800239200694650
:10A760000EF066FF012806D00020012505403000CC
:10A770000FF040FCDDE7FA21890030000FF082F98C
:10A780000128F2D00020F0E70025D2E70025D0E72D
:10A79000F6800220C06D022030B595B0041E20D096
:10A7A000114B1B78D8B2002B01D115B030BD6D46CE
:10A7B00050220021684609F055FB01232B70172217
:10A7C000210001A809F054FBFA22084B1868002365
:10A7D000920069460EF02CFF013843425841C0B246
:10A7E000E3E70020E1E7C046F6800220C06D0220CA
:10A7F00070B594B0041E34D01C4B1B78DDB2002B16
:10A8000002D1280014B070BD0322002101200EF0F7
:10A8100089FE061E27D06D4650220021684609F0A9
:10A8200021FB02232B7012941396FA22104B186806
:10A830000023920069460EF0FBFE012804D0300090
:10A840000FF0D8FB0025DCE7FA21890030000FF07B
:10A8500019F9451E6B425D41EDB230000FF0CAFBA5
:10A86000CFE70025CDE70025CBE7C046F6800220E4
:10A87000C06D022030B595B0041E20D0114B1B785E
:10A88000D8B2002B01D115B030BD6D465022002149
:10A89000684609F0E7FA03232B704122210001A842
:10A8A00009F0E6FAFA22084B18680023920069467C
:10A8B0000EF0BEFE013843425841C0B2E3E700202B
:10A8C000E1E7C046F6800220C06D022070B594B06A
:10A8D0000500204B1B78DCB2002B02D1200014B005
:10A8E00070BD0322002101200EF01CFE061E2FD099
:10A8F0006C4650220021684609F0B4FA0823237000
:10A900001396FA22920000232800002109F008F98A
:10A91000FA229200002308F037FA05000E4B18685F
:10A9200000232A0069460EF083FE012804D030007F
:10A930000FF060FB0024D1E7290030000FF0A2F8EF
:10A94000441E63425C41E4B230000FF053FBC5E7A4
:10A950000024C3E7F6800220C06D022070B594B0D9
:10A960000500204B1B78DCB2002B02D1200014B074
:10A9700070BD0322002101200EF0D4FD061E2FD051
:10A980006C4650220021684609F06CFA09232370B6
:10A990001396FA22920000232800002109F0C0F843
:10A9A000FA229200002308F0EFF905000E4B186818
:10A9B00000232A0069460EF03BFE012804D0300037
:10A9C0000FF018FB0024D1E7290030000FF05AF8EF
:10A9D000441E63425C41E4B230000FF00BFBC5E75C
:10A9E0000024C3E7F6800220C06D022070B594B049
:10A9F00004000D00072821D8002922D0124B1B7813
:10AA0000D8B2002B1BD06E4650220021684609F0B8
:10AA100029FA0B23337034712422290002A809F08B
:10AA200027FAFA22094B18680023920069460EF0B3
:10AA3000FFFD013843425841C0B200E0002014B08D
:10AA400070BD0020FBE7C046F6800220C06D0220EA
:10AA5000F0B595B006000C001500FFF7CDFC0028FE
:10AA600001D115B0F0BD6F4650220021684609F0B3
:10AA7000F9F912233B703E71FD77002C04D01922A6
:10AA80002100781D13F0B8FF054B18680023002241
:10AA900069460EF0CDFD013843425841C0B2E0E7AF
:10AAA000C06D022030B595B00500FFF7A5FC002869
:10AAB00001D115B030BD6C4650220021684609F026
:10AAC000D1F9132323702571054B18680023002248
:10AAD00069460EF0ADFD013843425841C0B2E8E787
:10AAE000C06D022030B595B00500FFF785FC002849
:10AAF00001D115B030BD6C4650220021684609F0E6
:10AB0000B1F9142323702571054B18680023002226
:10AB100069460EF08DFD013843425841C0B2E8E766
:10AB2000C06D022010B594B0FFF766FC002801D17B
:10AB300014B010BD6C4650220021684609F092F90D
:10AB400015232370054B18680023002269460EF078
:10AB50006FFD013843425841C0B2E9E7C06D0220A1
:10AB600070B504000FF056FF0500FA229200002392
:10AB70002000002108F0D4FFFA229200002308F000
:10AB800003F9040005E0052001F016FD642010F033
:10AB900033F9F6F7D3FD012805D00FF03BFF401B3A
:10ABA000A042F0D3002070BD70B5041E1CD0F6F793
:10ABB0009DFC051E0CD0052001F0FEFC2000F9F7DD
:10ABC000D5FC002808D0052001F0F6FC280070BD57
:10ABD0000648FFF7B1FCF9E7F6F7B0FD0128F2D11E
:10ABE0000348FFF7BBFCEEE70025EFE7F124000088
:10ABF000F122000010B504F00FFA0D490D48FCF7E2
:10AC0000DDFC052001F0D8FC0222A1210120F7F78C
:10AC100095FB002806D10848FFF78EFC052001F0BF
:10AC2000CBFC10BD05480122A121FCF7C7FCF5E7CC
:10AC3000C06B0210C86B0210F2240000EC6B021013
:10AC400010B5F6F783FD052001F0B6FC0C48FFF7C0
:10AC500087FF041E0BD00B48F9F788FC041E0AD0AE
:10AC6000052001F0A9FCFFF7C5FF200010BD064834
:10AC7000FFF774FCF9E70548FFF770FCF5E7C046FD
:10AC8000DC05000054750220F7220000F8220000C5
:10AC900070B586B0D449D548FCF790FC10E0FA2195
:10ACA000890008F033F8D24B1B68C31AFA2252000D
:10ACB000934214D2CF48FFF751FC0A2010F09CF8C1
:10ACC000CD48FFF711FD00280FD107F033FB002915
:10ACD000E5D0FA229200002308F056F8E3E7C44BCF
:10ACE0001860052001F068FCE4E7052001F064FC31
:10ACF000C248FFF715FD00280FD0052001F05CFCCD
:10AD0000BE48FFF751FF002839D1F6F7BFF9C30657
:10AD100013D4BB48FFF710FC27E0BA48FFF70CFC40
:10AD2000B64C684603F002F917226946200009F084
:10AD30009FF8B548FFF712FCDFE710239843C1B234
:10AD40000020F6F7CDF9E4E7FA21890007F0DEFFED
:10AD5000A74B1B68C31AF92B04D9A54B1860052013
:10AD600001F02AFC642010F047F807F0E3FA00290C
:10AD7000EAD0FA229200002308F006F8E8E7F6F796
:10AD8000DDFCA24B1870012821D0A14B01221A70C2
:10AD9000A04B002018700A2101F072FF07F0CAFAD8
:10ADA000002921D0FA229200002307F0EDFF9A4BF0
:10ADB00018609A48FFF7D2FB8B499948FCF7FEFBD5
:10ADC000FFF718FFF9F71AFE964B187044E0904B06
:10ADD00000221A708F4B18700A2101F051FF82492E
:10ADE0009148FCF7EBFBE7E7FA21890007F08EFFBB
:10ADF000DDE7FA21890007F089FF050036E0002829
:10AE00003CD179498948FCF7D9FBC8200FF0F4FF01
:10AE1000FFF716FF7D4B00221A70F6F78FFC012812
:10AE20000CD07B4B01221A707A4B00221A700A2137
:10AE3000002001F025FF784B1D601FE0744B0022BD
:10AE40001A70744B01321A700A2101F019FF15E0D3
:10AE5000962040000FF0D0FF07F06CFA0029C8D010
:10AE6000FA229200002307F08FFF0500F9F7C6FDD4
:10AE7000040006006B4B1B78012BC0D0694B1C7083
:10AE8000012E0CD15A4B1B68EB1AFA225200934246
:10AE9000DED3574B1D60052001F08EFBD8E7F6F797
:10AEA0004DFC0400594A1278824212D0012863D026
:10AEB0005F48FFF753FB564B01221A70554B002297
:10AEC0001A700A21002001F0DBFE534B1D604F4B2E
:10AED0001C704F4B1B78002B06D04F4B1B68EB1A96
:10AEE000FA225200934258D2414B1B68EB1AF92BBD
:10AEF0005FD807F01FFA002961D0FA2292000023E0
:10AF000007F042FF040004F0DBF807F013FA002911
:10AF10005BD0FA229200002307F036FF011B454B5D
:10AF2000994257D801200FF067FF0DF031FD07F06F
:10AF300001FA002952D0FA229200002307F024FFE0
:10AF40000400F7F7EDF90220F7F76AF9002877DC3B
:10AF500007F0F0F9002977D0FA229200002307F0D9
:10AF600013FF011B334B994273D8052001F024FBDA
:10AF70000A200FF041FF6FE71B492F48FCF71EFB2B
:10AF8000FFF75EFE224B00221A70224B01321A702C
:10AF90000A21012001F074FE99E71F4B1D601D4B33
:10AFA000187801225040C0B218700A2101F068FEE2
:10AFB0009AE70F4B1D60052001F0FEFA99E7FA2190
:10AFC000890007F0A3FE04009DE7FA21890007F03D
:10AFD0009DFEA3E7194801F003FBA3E7FA218900CE
:10AFE00007F094FE0400ACE7C06B0210FC410210B5
:10AFF00054470220F32200008813000054750220F9
:10B00000F4240000F3240000F9220000178102203C
:10B01000108102201181022010730220F52200000D
:10B02000546C021018810220206C0210846C0210F3
:10B03000F6220000EE020000B86C0210EC6C021068
:10B04000052001F0B9FA83E7FA21890007F05EFED6
:10B0500087E7024801F0C4FA87E7C046006D021096
:10B0600010B582B0194B00221A70002803D10124B8
:10B07000200002B010BD0FF0CDFC154BC41802E04B
:10B080000A200FF0B9FEFFF7F1FA002803D10FF004
:10B09000C1FCA042F4D380220E490F480F4B01930C
:10B0A00004230093002352010FF0D0F9040001287B
:10B0B00003D00B48FFF740FADAE70A490A48FCF7E1
:10B0C0007DFA024B01221A70D2E7C04602810220AB
:10B0D000881300000440021091AC00105C6D022047
:10B0E000F5240000C06B02100C6D0210024B1868B2
:10B0F000431E9841C0B270475C6D022010B508F045
:10B10000A0FDE921890508F048FD084B196808F001
:10B1100024FD074B196808F02AFD011C054808F0BA
:10B120001CFD054B196808F01DFD10BD882D002081
:10B13000842D00200000D841DC7B0220F0B5D646EB
:10B140004F464646C0B504000E1C1500184B820041
:10B15000D358002B29D0EF1A9D421ED00021301C5D
:10B1600008F06AFD002818D0380008F06AFD11497F
:10B1700008F0FDFC8246104B9846A700FB58994604
:10B180000E49301C08F0F3FC514608F006FD011C86
:10B19000484608F0E7FC4346D851054BA400E5506B
:10B1A000E0BCBA46B146A846F0BD014BD550F7E722
:10B1B000684B022000BA5B4AA844022000007A448F
:10B1C00010B50100034B1868002300220EF030FA7E
:10B1D00010BDC046C86D0220F0B5DE4657464E464B
:10B1E0004546E0B58FB00FF015FC0D90C849C94831
:10B1F000FCF7E4F907F09EF8002907D0FA22920044
:10B20000002307F0C1FD019000230BE0FA21890023
:10B2100007F07CFD0190F7E7BF4A9900019888503C
:10B220000133DBB2072BF7D909E0FA21890007F0D7
:10B230006DFD04000DE0962040000FF0DDFD07F0ED
:10B2400079F80029F1D0FA229200002307F09CFD42
:10B250000400F9F7D3FB01280CD1B04B1B68E31AAB
:10B26000FA2252009342E6D3AC4B1C60053001F049
:10B27000A3F9E0E7A94B1B68E31AFA2252009342B4
:10B2800011D2F8F7FDFCF8F7D9FD002811D107F02D
:10B2900051F8002912D0FA229200002307F074FD21
:10B2A000834600243DE09D4B1C60062001F084F99C
:10B2B000E7E7F8F7BDFDFBF701FBE8E7FA218900B6
:10B2C00007F024FD8346ECE70023984603AB1C708F
:10B2D0000497059606954246079252460892904A70
:10B2E000A500AA5809924A461A775A460B92242278
:10B2F000012199548B4A2919C900521843CB43C2E2
:10B3000043CB43C243CB43C21B681360864BE85810
:10B310000130E850052107F0F9FC00293ED0013446
:10B32000E4B2072C3ED82000F8F70EFD071C2000E1
:10B33000F8F728FD061C2000F8F742FD051C200048
:10B34000F8F762FD82462000F8F768FD81465A460C
:10B35000291C2000FFF7F2FE311C381C08F01DFCF0
:10B360008046724908F068FC0028ADD04146281C90
:10B3700008F0FDFB8046002108F048FC00280AD1B7
:10B38000FE218905404608F057FC00289ED0FE2388
:10B390009B0598469AE70023984697E703A8FFF78E
:10B3A0000FFFBCE75B46019A9B1AC72B04D82821E4
:10B3B0000DA80FF0D3FC42E75D4B1B68E022D201E1
:10B3C00013405C4A13605C4B04221A60584B1B68A4
:10B3D000DB05FBD5564B5B68574B04221A60544B78
:10B3E0001B68DB05FBD5524B5B6801200FF004FDA9
:10B3F000002200240CE0504B042119604C4B1B68C8
:10B40000DB05FBD54A4B5B681B041B0CE4180132BF
:10B410000F2AF0DD2409A4B2200008F012FCE92173
:10B42000890508F0BAFB011C08F09CFB434908F0B1
:10B43000B4FB81463E4B1A68C0239B015340E02277
:10B44000D20113403B4A13603B4B04221A60384B35
:10B450001B68DB05FBD5364B5B68374B04221A6053
:10B46000334B1B68DB05FBD5314B5B6801200FF0CC
:10B47000C3FC002200260CE02F4B042119602C4B4A
:10B480001B68DB05FBD52A4B5B681B041B0CF618FD
:10B4900001320F2AF0DD3609B6B2300008F0D1FBD8
:10B4A000E921890508F079FB254908F076FB234955
:10B4B00008F073FB071C234908F0A8FB002823D1E0
:10B4C0001D4A022313601A4B19688023DB014B408D
:10B4D000E021C9010B4017490B6004231360144B92
:10B4E0001B68DB05FBD5124B5B68134B04221A600B
:10B4F0000F4B1B68DB05FBD50D4B5B6801200FF084
:10B500007BFC002200212EE00F48FFF715F8D7E75B
:10B51000346D0210FC410210684B0220504702209B
:10B52000A8440220904B0220F47D02200AD7233C3D
:10B5300000C0044000D0044000E00440D7A3803F96
:10B540000000304100002041F3340000284B04206B
:10B550001860284B1B68DB05FBD5264B5B681B047A
:10B560001B0CC91801321F2AF0DD49098BB298461D
:10B570001800FFF7C3FD051C1F4908F05DFB0028FC
:10B580002ED105200FF038FC062001F015F800211F
:10B59000281C08F03BFB002826D1062001F00CF8FF
:10B5A00005200FF029FC1549281C08F03DFB002858
:10B5B00009D01349281C08F02FFB002803D0114B99
:10B5C00042469A811D600F4BDC814A465A601E82BA
:10B5D0009F605A465A6101221A765B460193E6E65D
:10B5E0000948FEF7A9FFCCE70848FEF7A5FFD4E716
:10B5F00000E0044000C00440000070420000A0C110
:10B600000000F042C07B0220F4340000F53400005A
:10B6100070B582B03C4B00221A70002802D1012084
:10B6200002B070BD0FF0F6F9384BC41802E00A20E2
:10B630000FF0E2FBFFF75AFD002803D10FF0EAF903
:10B64000A042F4D30022282110200DF06BFF304BD4
:10B65000186000282CD0F8F799FCFBF7ABF80DF038
:10B66000B7F82C4B02221A602B4B1868002804D024
:10B67000FA210EF007FA01281FD0002002F05AF834
:10B680000024072C24D8254EA5002819C000301806
:10B690002822002108F0E6FB2B19DB009C55204BEB
:10B6A0000022EA501F4B0022EA500134E4B2E8E7DE
:10B6B0001D48FEF741FF0020B2E7002002F03AF8F3
:10B6C000154B18680023002200210DF0B1FFD7E7C9
:10B6D00016481C22002108F0C5FB15491548FBF748
:10B6E0006DFF802214491548154B019302230093E6
:10B6F000002392000EF0AAFE012800D090E7024B32
:10B7000001221A708CE7C0460381022088130000D2
:10B71000C86D022000E00440A4440220904B0220A7
:10B72000F47D0220A8440220F0340000C07B0220F7
:10B73000346D0210446D021010400210D9B1001097
:10B74000584D0220024B1868431E9841C0B2704702
:10B75000584D0220F0B50400072815D8002915D04F
:10B760000B48A5002A19D20083180A00C2CBC2C216
:10B77000C2CBC2C2C2CBC2C2196811602B19DB0096
:10B78000C01824300078F0BD0020FCE70020FAE764
:10B79000904B022070B500280AD0084903000A0027
:10B7A00070CA70C331CA31C312681A60087E70BD96
:10B7B0000348FEF7C1FE0020F9E7C046C07B022027
:10B7C000F134000070B5051C0C1C161C1449201C1B
:10B7D00008F022FA002819D11249201C08F024FA96
:10B7E000002813D11049281C08F016FA002812D19D
:10B7F0000E49281C08F018FA00280CD10C4B1D60CB
:10B800000C4B1C600C4B1E60012003E00B48FEF744
:10B81000A5FE002070BD0A48FEF7A0FE0020F9E753
:10B820006F12033A0AD7A33B9A99193F9A99593F45
:10B83000882D0020842D0020DC7B0220F3320000C4
:10B84000F4320000F8B50600002902D01F48006855
:10B850000860002A02D01E4909681160002B02D03E
:10B860001C4A12681A60194B1B49186808F075F9D0
:10B8700044006408164B1949186808F06EF9400036
:10B880004708144B1B685B0058080125144908F051
:10B89000BDF9002800D10025EDB21249201C08F0A6
:10B8A000B5F9002809D01049381C08F0AFF9002874
:10B8B00009D001235D40EDB200E00225002E00D04A
:10B8C00035700120F8BD0225F8E7C046882D00201C
:10B8D000842D0020DC7B02206ABC343F2D93E13AAA
:10B8E0000AD7A33B6F12033AACC5A737017041706A
:10B8F0004260826000230373704710B582B06B46CC
:10B9000000241C705C7003788B4215D04468141BB3
:10B91000632C12D9437001708260002B04D100297E
:10B9200002D06A4601201070002B06D0002904D1F5
:10B930006B4601225A7000E0426001AA6B461B88E8
:10B94000138053781B021078184302B010BD00001A
:10B95000014B01221A7070470581022010B5054B7A
:10B9600000221A70044B1A70F4F73BFD002001F01E
:10B97000C5F910BD278102200681022010B5194BA0
:10B980001B78002B24D0174B00221A70164B1B6813
:10B99000C31A7C2B1CD9144B1860144B1B78002B3A
:10B9A00005D0134B1B68C01A124B984211D80F4B8D
:10B9B0001B78002B10D0104A137801214B40DBB2CA
:10B9C00013700E4B1878C0B21178C9B2F4F70EFD9F
:10B9D00010BDFFF7C3FFFBE7074B00221A70F4F717
:10B9E00000FDF5E70581022018740220278102205E
:10B9F0001C7402200F2700000681022021810220F2
:10BA000010B5094B01221A70084B1860084B1A70C8
:10BA1000084B1860012001F071F9074B1878C0B28B
:10BA20000121F4F7E3FC10BD278102201C740220E1
:10BA300006810220187402202181022010B584B0F2
:10BA40000C4B1B68002B10D001AC2070F4F721FDCB
:10BA50000290094B1B782372064B186800230022C2
:10BA600021000DF0E5FD04B010BD0448FEF764FDB3
:10BA7000F9E7C046BC6D022021810220F05400008D
:10BA800070B584B00F2005F047FC002201210F2083
:10BA900005F012FCD0252D0680231B02AB62F4F7C3
:10BAA000F8FC0400F4F78BFC0100A34B2200180003
:10BAB000FFF71CFFF4F789FC0100A04B22001800DF
:10BAC000FFF714FFF4F787FC01009D4B22001800DC
:10BAD000FFF70CFF69680904C90F9A482200FFF7B5
:10BAE00005FFF4F77EFC984A00231370974A137001
:10BAF000974A1370974B1C60F4F7CBFC060071E07B
:10BB0000032000F059FD260074E09348FBF756FD32
:10BB1000F8F77AFFFFF722FFB7E09048FBF74EFDFA
:10BB2000F8F7B6FFBFE06B465B78002B0AD0864B78
:10BB30001B78002B00D0BDE02000FFF761FF012043
:10BB4000FFF77CFF6B461B78002B00D0BEE001ABFB
:10BB50005B78002B0AD07C4B1B78002B00D0B9E01F
:10BB60002000FFF74DFF0320FFF768FF01AB1B78B4
:10BB7000002B00D0BAE002AB5B78002B02D0704BF8
:10BB800001221A736E4B1B78002B0AD16C4B1B7B66
:10BB9000002B06D06A4B9B68E31A714A934200D986
:10BBA000A8E002AB1B78002B19D0654B1B7B002B48
:10BBB00015D0634B00221A73634B1B78002B00D106
:10BBC000B5E0614B1B78002B01D0664B1C60664BC7
:10BBD0001878C0B2F4F754FC0520FFF72FFF0A20B5
:10BBE0000FF00AF9F4F755FC0400821BFA235B00FE
:10BBF0009A4285D2F8F792FFF8F700FF050020007F
:10BC0000FFF7BCFEF4F7DBFB01004B4B22001800F2
:10BC1000FFF773FE6B461880F4F7D7FB0100474B24
:10BC200022001800FFF769FE01AB1880F4F7D3FB80
:10BC30000100434B22001800FFF75FFE02AB1880A3
:10BC4000D0231B0659680904C90F3E482200FFF79C
:10BC500054FE03AB18805B78002B02D0394B0122D5
:10BC60001A73384B1B78002B0FD1364B1B7B002BE4
:10BC70000BD0344B9B68E31A394A934205D9314BB8
:10BC800000221A73002D00D13FE703AB1B78002B75
:10BC900009D02C4B1B7B002B05D02A4B00221A739A
:10BCA000012D00D139E7002D00D13CE70A200FF02B
:10BCB000A3F897E72C480121F4F7CEFB224B1B7821
:10BCC000002B00D13BE7274B1C6038E70220FFF731
:10BCD000B5FE3CE724480121F4F7AAFB1A4B1B7878
:10BCE000002B00D13FE71F4B1C603CE70420FFF70F
:10BCF000A5FE40E7124B00221A73FEF7E1FB02207B
:10BD000000F05AFC0A200FF077F8FEF7F7FB02204C
:10BD100000F052FC0A200FF06FF80021002000F024
:10BD200033FF0620FFF78AFEFFF718FE39E72000F1
:10BD3000FFF766FE53E7C0466C750220407502208F
:10BD4000A87B02208875022027810220058102201D
:10BD50000681022018740220646D0210A86D021082
:10BD6000C30900001C7402202181022010B582B09A
:10BD7000364B00221A70002802D1012002B010BDFB
:10BD8000F4F7F6FA0EF046FE0400FEF76FFC00280A
:10BD90000ED10EF03FFE001B2D4B984203D80A2017
:10BDA0000FF02AF8F1E72B48FEF7C6FB0020E5E785
:10BDB000F8F708FE284B1B68002B14D0274B1B6894
:10BDC000002B1ED0802226492648002301930633EB
:10BDD00000930023D2000EF039FB012830D11B4B19
:10BDE00001221A70CAE700220C2120200DF09AFBD4
:10BDF000194B18600028E1D11B48FEF79DFB00207D
:10BE0000BCE71A481A4B009300230122FA2110F0D4
:10BE100061FA041E114B18600DD00EF0FBFD0200FC
:10BE20000A23009300230121200010F06DFA01285D
:10BE3000C8D00020A2E70F48FEF77EFB00209DE758
:10BE40000D48FEF779FB002098E7C04607810220E5
:10BE500087130000F1540000BC6D02205C6E0220CC
:10BE6000EC3F021081BA0010F2540000EC6D021099
:10BE700051B90010F3540000F4540000014B18783D
:10BE8000C0B270470781022083001B189B0009483D
:10BE900084466344100000290AD01004064A196839
:10BEA0004840104080225201944663441860704715
:10BEB000024AF4E70C0005400000FFFFFFFF00000E
:10BEC000064B1B681A00202B00D92022002B04D01F
:10BED000002300E001339342FCD3704760720220DC
:10BEE000002200E001320F2A13DC0B4B11015B181A
:10BEF0001B7B002BF6D0FF2111406F23CB40DB07CB
:10BF0000F0D5054B11015B189B68002BEAD100208E
:10BF100000E001207047C0464074022010B50400C4
:10BF20000022002000E001320F2A21DC114B110118
:10BF30005B181B7B002BF6D0FF2111406F23CB40F9
:10BF4000DB07F0D50B4B11015B189B680A49097898
:10BF5000002901D1002BE6D0002901D0002B06D00A
:10BF6000A342E0D8E31A9842DDD21800DBE7034889
:10BF700010BDC046407402202681022071170000C7
:10BF800010B504000022002007E0134B1B78002BA3
:10BF900002D001239340184301320F2A1BDC0F4BC0
:10BFA00011015B181B7B002BF6D0FF2111406F2382
:10BFB000CB40DB07F0D5094B11015B189B68002BC8
:10BFC000E3D0A342E8D8E31A05498B42E4D9012320
:10BFD00093401843E0E710BD268102204074022000
:10BFE00070170000104B114ADA6002221A61002219
:10BFF0005A619A610E4ADA6118626F225A620D4BD9
:10C000001B78002B0CD001230B4A1268801AFA22ED
:10C01000D200904206D302221343034A9362704730
:10C020000023F1E70022F7E70080054048544C4820
:10C030007017000026810220BC7B0220F0B5B5B04D
:10C040000700FFF79DFF061E01D135B0F0BD02A924
:10C050002E4B0A0031CB31C213CB13C2002417255B
:10C0600017E02B4B21E02B4AC821491B02A840199D
:10C0700009F01CF82D1809E00022C821491B02A86C
:10C0800040190092244A09F011F82D18C72D16D82E
:10C0900001340F2C13DC0123A3401E42F8D01F4BA8
:10C0A00022019B185B68002BDBD01C4A210152182F
:10C0B0009268002AD7D09742DED3BA1ADDE7184833
:10C0C000FEF73AFA3800FFF729FF164B1978164B9E
:10C0D0001A68BA1A154B164CDC6001241C615E61AB
:10C0E00098611448D8611F626F205862002909D0F6
:10C0F0000121FA23DB009A4206D302230B430B4AA9
:10C100009362A2E70021F4E70023F7E7006E021034
:10C11000F86D0210186E0210246E02104074022096
:10C12000F16F000026810220BC7B022000800540C8
:10C1300048544C4870170000F8B507000E00150071
:10C140001C0006F04DFC002805D0184BDA68184B8F
:10C150009A4201D00020F8BD144B1B69012B01D07D
:10C160000020F8E7002F02D0104B5B693B60002EE7
:10C1700002D00E4B9B693360002D02D00B4BDB6964
:10C180002B60002C02D0094B1B6A2360069B002BFE
:10C1900003D0064B5B6A069A1360079B002BDAD02C
:10C1A000024B9B6A079A1360D5E7C04600800540A2
:10C1B00048544C4830B5B9B032AB019333AB00931F
:10C1C00034AB35AA36A937A8FFF7B6FF00282FD021
:10C1D000379B002B01D1002228E002AA154B31CB5E
:10C1E00031C200240B250AE0134AC021491B02A8D2
:10C1F000401908F05BFF2D18BF2DECD801340F2C2F
:10C20000E9DC0123A340379A1A42F7D00B4B2201F5
:10C210009B185B68002BE7D1094BE5E7931C9B005B
:10C2200008498C466344002159600132072AF5DD34
:10C2300039B030BD2C6E0210386E021040740220EE
:10C24000F86D02100080054010B506F073F8002963
:10C2500005D0FA229200002306F096FD10BDFA21C7
:10C26000890006F053FDF9E710B5002400E0013421
:10C270000F2C0CDC064B22019B181B7B002BF6D0ED
:10C28000034BD0580028F2D00FF09EF9EFE710BD15
:10C290004074022010B510F0F7FA10BD10B504007C
:10C2A00006F04CFB0C4B1C600C4B00221A700C4B24
:10C2B0001B78002B08D10A4B01321A70094A002161
:10C2C0000620FFF7E1FD10BD054B00221A7000218A
:10C2D0000620FFF7D9FDF6E72C7402201E8102200C
:10C2E00001810220FFFF0000F0B5CE46474680B531
:10C2F000B3B0FFF7A9FF794B1860FFF75BFF7849F0
:10C300007848FBF75BF90EF085FB81463190F8F732
:10C3100003FA8046002762E03B00FC3303D8FA377B
:10C32000714B9F426CD97148FEF718F968E0FFF72E
:10C330009BFFFFF7AFFFFFF7C3FD0EF06BFB8146DE
:10C3400065E000282ED101A9694B0A0051CB51C2EA
:10C3500003CB03C21B881380002415260AE0654A1C
:10C36000C021891B01A8801908F0A0FE3618BF2E35
:10C3700015D801340F2C12DCFF2222406F23D3404A
:10C38000DB07F6D55C4B22019B189B68002BF0D194
:10C39000594B9B185B68002BE1D1584BDFE758489D
:10C3A000FEF7DCF8A8461AE0564B1B78002B00D1AC
:10C3B0008FE02000FFF7B2FD534B1B68E11A534A90
:10C3C00091425CD81B1B524A94466344504A9042A7
:10C3D00001D8002B55D12000FFF730FEA846FA21E6
:10C3E00031A80EF0BBFCFFF72FFF0400494B1B7870
:10C3F000002BF4D1F8F790F9050080458CD0002788
:10C400000EF008FB4B46C01A434B98428FD83D4B69
:10C410001B78002B1CD1314B1E68A61BFFF760FD5B
:10C42000FA23DB009E428CD300288CD001213848AF
:10C4300006F0CAFA2000FFF731FF2000F8F724FACF
:10C44000304B01221A70304B1C60344B00221A70A2
:10C450002C4B1B78002BA7D02B4B1B68E31A2F4AC1
:10C460001278002AA0D12D33FF33284A93429BD95A
:10C470002B48FEF761F8294B01221A7094E700233C
:10C48000A4E72000FFF70AFF002603E02548FEF797
:10C4900065F801360F2E1ADCFF2232406F23D3409D
:10C4A000DB07F6D5144B32019B181B7B002BF0D019
:10C4B000114B9B189B68002BE8D09C42E9D3E31AF0
:10C4C000194A9342E5D91948FEF748F8E1E7A8462A
:10C4D00085E72000FFF7B2FDA84680E7BC7B02207D
:10C4E0003C6E0210FC410210ED020000F062000000
:10C4F000486E0210386E021040740220F86D02106F
:10C50000F1620000268102202C7402206F170000C7
:10C5100070170000158102205FEA00001E810220D2
:10C52000F26F0000F262000093110000F36200005D
:10C5300000B583B0084B1B68002B01D003B000BDD1
:10C54000802206490648044B0193172300930023D9
:10C55000D2000DF07BFFF1E718730220606E02102D
:10C56000E9C2001070B504000F2818D80F4B000165
:10C570001D182D7BC150002A12D00C4B20011B1816
:10C580005A600A00501E82411A73002D0AD10029F8
:10C5900005D0FFF759FE054B24011B19986070BDAB
:10C5A000034AEAE70348FDF7D9FFF8E740740220A1
:10C5B000F86D0210F462000010B504000F2805D8D1
:10C5C000064B02019B181B7B002B00D110BDFFF70F
:10C5D0003BFE024B24011B199860F7E740740220D0
:10C5E00070B506000D0014480022012107F046FC3A
:10C5F0001F240440FFF728FE104B6201985080234F
:10C600005B029D4210D2ADB20C4B62019B189D8320
:10C61000002E0BD0094BD418201D1722310012F028
:10C62000EBF90023E37670BD054DEDE7034B6401A4
:10C630001B1900221A71F6E760720220606E022058
:10C64000FFFF000070B50400FFF7FEFD05000B4B77
:10C6500001221A70FFF7C6FC002C0DD02000F8F75D
:10C660003FF92800F8F710F9F7F7BEFF0022002184
:10C67000002004F0C1FDFEE7014CEFE71581022028
:10C68000344B021070B505000024002601E001348F
:10C69000E4B2072C0AD821002800F4F71BFB00287D
:10C6A000F5D00123A340DBB21E43F0E7300070BD9C
:10C6B00010B50100064B1868002806D00DF0E2F90D
:10C6C000013843425841C0B210BD0020FCE7C046CB
:10C6D0005075022010B5054B1868002804D00023BF
:10C6E000002200210CF0A4FF10BDC04650750220AE
:10C6F00070B5F4F7C1FB0400F4F7C4FB0500002C8F
:10C7000007D0237B002B04D0002802D0037B002B12
:10C7100000D170BD0EF07EF90600094B1B68834204
:10C72000F7D82000FFF7AEFF0300FF22002128000A
:10C73000F4F706FB0028ECD1C836014B1E60E8E791
:10C740000073022010B50C4B00221A70002811D083
:10C750000A4B1B68002B04D0074B01221A700120E2
:10C7600010BD01200DF018F8044B18600028F3D11B
:10C770000020F5E70120F3E7128102205075022026
:10C78000064B1B78002B07D0054B1B68002B01D0F4
:10C79000012002E0002000E000207047128102200A
:10C7A0005075022070B505000C1E22D0072822D833
:10C7B000134B1B78002B01D1012070BDFA208000A3
:10C7C000FFF776FF002818D0F4F756FB00280CD0AE
:10C7D000037B002B09D02900F4F77CFA431E984113
:10C7E0002070FFF777FF0020E7E7FFF773FF0420D3
:10C7F000E3E70720E1E70220DFE70320DDE7C046AB
:10C800001281022010B5041E1DD0114B1B78002B85
:10C8100001D1012010BDFA208000FFF749FF002858
:10C8200013D0F4F729FB002809D0037B002B06D096
:10C83000FFF728FF2070FFF74DFF0020EAE7FFF722
:10C8400049FF0420E6E70720E4E70320E2E7C046CB
:10C8500012810220F8B504000D00072840D8244BAF
:10C860001B78002B3ED0002903D0FAF705F90028E9
:10C870003AD0FA208000FFF71BFF002836D0F4F7EB
:10C88000FBFA0600F4F7FEFA0700002E1AD0337BFD
:10C89000002B17D0002D19D001252A0021003000CF
:10C8A000F4F7B8F9002813D001200EF0A5FA2A00F9
:10C8B00021003800F4F7AEF900280DD0FFF70AFF89
:10C8C000002010E0FFF706FF04200CE00025E4E75D
:10C8D000FFF700FF042006E0FFF7FCFE042002E063
:10C8E000022000E00120F8BD0620FCE70320FAE763
:10C8F0001281022010B582B00400072817D80D4B12
:10C900001B78002B02D1012002B010BD6B46D91D4F
:10C9100000230B70FFF746FF0028F5D16B46D9794D
:10C9200001235940C9B22000FFF794FFECE7022031
:10C93000EAE7C0461281022070B51B4B1B78002B22
:10C9400001D1012070BDFAF797F8002827D0FA200E
:10C950008000FFF7ADFE002823D0F4F78DFA051E06
:10C960000FD0037B002B0CD00024072C11D8012200
:10C9700021002800F4F74EF9002806D00134E4B273
:10C98000F3E7FFF7A7FE0420DCE7FFF7A3FE042090
:10C99000D8E7FFF7ADFEFFF79DFE0020D2E70620A7
:10C9A000D0E70320CEE7C0461281022070B5184BB5
:10C9B0001B78002B01D1012070BDFA208000FFF709
:10C9C00077FE002821D0F4F757FA051E0FD0037B1D
:10C9D000002B0CD00024072C11D8002221002800A5
:10C9E000F4F718F9002806D00134E4B2F3E7FFF7B2
:10C9F00071FE0420E0E7FFF76DFE0420DCE7FFF79F
:10CA000077FEFFF767FE0020D6E70320D4E7C04695
:10CA10001281022070B50500194B1B78002B01D143
:10CA2000012070BDFA208000FFF742FE002824D0CC
:10CA3000F4F722FA061E12D0037B002B0FD000243D
:10CA4000072C14D801232A00E2401A4021003000AC
:10CA5000F4F7E0F8002806D00134E4B2F0E7FFF77D
:10CA600039FE0420DDE7FFF735FE0420D9E7FFF7A4
:10CA70003FFEFFF72FFE0020D3E70320D1E7C0469B
:10CA80001281022010B5FFF78DFE43425841C0B21B
:10CA900010BD10B5FFF7DEFE43425841C0B210BDD5
:10CAA00010B5FFF749FF43425841C0B210BD10B561
:10CAB000FFF77CFF43425841C0B210BD70B5134B25
:10CAC0001B78DCB2002B03D0114B1B78002B01D15B
:10CAD000200070BDFA208000FFF7EAFD041EF7D0A9
:10CAE000F4F7D6F9051E02D0037B002B02D1FFF725
:10CAF000F1FDEDE70023FF220021F4F721F90023E7
:10CB0000FF2201212800F4F71BF9F0E7128102202F
:10CB10001C810220F8B504000E0007282CD8184B01
:10CB20001B78DDB2002B28D0164B1B78002B24D0AD
:10CB3000FA208000FFF7BCFD051E1ED0F4F7A8F90F
:10CB4000071E02D0037B002B02D1FFF7C3FD14E0C8
:10CB50000023FF220021F4F7F3F80023FF22012134
:10CB60003800F4F7EDF8002EEFD00F21214001221C
:10CB70003800F4F74FF8E8E700252800F8BDC04674
:10CB8000128102201C810220F8B505001A4B1B7887
:10CB9000DCB2002B01D12000F8BDFA208000FFF7A5
:10CBA00087FD041EF7D0154B1B78AB421FD0F4F75E
:10CBB00069F906000DF02EFF0700002E12D0337B1E
:10CBC000002B0FD00E4B1B6883420BD8002D11D0C9
:10CBD000012208213000F4F71DF8002802D1C837DF
:10CBE000074B1F60054B1D70FFF774FDD3E7FFF780
:10CBF00071FDD0E70022ECE7128102201A810220A9
:10CC000000730220F8B505001A4B1B78DCB2002B2C
:10CC100001D12000F8BDFA208000FFF749FD041E75
:10CC2000F7D0154B1B78AB421FD0F4F72BF9060059
:10CC30000DF0F0FE0700002E12D0337B002B0FD03A
:10CC40000E4B1B6883420BD8002D11D001220A2104
:10CC50003000F3F7DFFF002802D1C837074B1F6011
:10CC6000054B1D70FFF736FDD3E7FFF733FDD0E727
:10CC70000022ECE7128102201B81022000730220B7
:10CC8000F8B505001A4B1B78DCB2002B01D120004F
:10CC9000F8BDFA208000FFF70BFD041EF7D0154BFE
:10CCA0001B78AB421FD0F4F7EDF806000DF0B2FE92
:10CCB0000700002E12D0337B002B0FD00E4B1B68C9
:10CCC00083420BD8002D11D0012209213000F3F747
:10CCD000A1FF002802D1C837074B1F60054B1D700C
:10CCE000FFF7F8FCD3E7FFF7F5FCD0E70022ECE70D
:10CCF000128102201981022000730220014B18705A
:10CD00007047C0461C81022070B504000D00101E43
:10CD10000AD0FA2292000023002106F001FFFA2235
:10CD20009200002306F030F80C4B1B78002B01D149
:10CD3000012070BDFFF7BCFC0028F9D0F4F79CF887
:10CD4000002802D0037B002B02D1FFF7C3FCEFE7E2
:10CD50002B0022000121F3F7F3FFF6E712810220F6
:10CD6000002802D1044805E001300378202BFBD0D5
:10CD7000092BF9D07047C0460C74021070B5051E1F
:10CD80001FD0006800281CD0FFF7EAFF0378002BB3
:10CD900001D0020003E02860002012E00132117887
:10CDA000002908D00B00093BDBB2172BF6D8054C45
:10CDB000DC40E407F2D5002902D0002313700132D1
:10CDC0002A6070BD1300800010B5041E01D11CE064
:10CDD00001342378093BDBB2172B03D80C4ADA4025
:10CDE000D207F5D4200012F063F901E000230B70A4
:10CDF00000280AD001382118235C093BDBB2172B2D
:10CE000003D8034ADA40D207F0D4200010BDC04650
:10CE10001300800010B590B0011E02D00378002BE3
:10CE200005D118491848FAF7C9FB10B010BD6C4677
:10CE30003F22684611F0E0FD3F230022E25468469D
:10CE4000FFF7C2FF01F0ECFE002816D00D4C0F4892
:10CE50003C222100FAF7B2FB0D482100FAF7AEFBA5
:10CE60000C482100FAF7AAFB0B482100FAF7A6FBB1
:10CE70000A482100FAF7A2FBD7E702490848FAF767
:10CE80009DFBD2E7686E0210706E0210986E021061
:10CE9000CC6E0210EC6E0210286F02105C6F021054
:10CEA000986F021010B501F0EDFE02490248FAF742
:10CEB00085FB10BD686E0210C46F021010B590B0F3
:10CEC000011E02D00378002B0FD12A4C2A482100E2
:10CED000FAF774FB29480F222100FAF76FFB284864
:10CEE0002100FAF76BFB10B010BD6C463F2268467C
:10CEF00011F082FD3F230022E2546846FFF764FFF1
:10CF000001F0D4FE0200431C24D0002812DAC31C16
:10CF100025D0831C28D1174C1A482100FAF74EFB64
:10CF200016480F222100FAF749FB15482100FAF7AD
:10CF300045FBD8E7002817D101F054FE02000D4C44
:10CF4000114B21001800FAF739FB10482100FAF7BD
:10CF500035FBC8E707490E48FAF730FBC3E7054938
:10CF60000C48FAF72BFBBEE702490B48FAF726FB01
:10CF7000B9E7C046686E0210E46F02100C70021030
:10CF800034700210FC70021064700210887002107D
:10CF9000BC700210307102105871021070B586B06A
:10CFA000011E02D00378002B0ED1334C33482100F0
:10CFB000FAF704FB32482100FAF700FB3148210060
:10CFC000FAF7FCFA06B070BD02AC0F22200011F097
:10CFD00013FD0023E3732000FFF7F6FE04002A4947
:10CFE00011F02AFC00281DD02849200011F024FC53
:10CFF000002811D15524200001F0B2FE0200431C8C
:10D000002BD0002810DAC31C2CD0831C2FD11A4936
:10D010001F48FAF7D3FAD5E717491E482200FAF756
:10D02000CDFACFE74524E6E7002820D1452C12D0E1
:10D03000164E01F0E1FD104C174D06F029FE009050
:10D040000191320021002800FAF7B8FA13482100B4
:10D05000FAF7B4FAB6E70C4EEBE707491048FAF7CF
:10D06000ADFAAFE704490F48FAF7A8FAAAE7024970
:10D070000D48FAF7A3FAA5E7686E02108071021056
:10D08000AC710210DC710210F03802100875021049
:10D09000A47202100C72021044720210707202101C
:10D0A000BC700210307102105871021010B501F0FE
:10D0B00095FD04001D48FAF781FA1D482100FAF792
:10D0C0007DFA237C452B25D0552B25D019491A48AC
:10D0D000FAF774FA01F090FD06F0DAFD02000B0099
:10D0E0001648FAF76BFA637C002B17D014491548E1
:10D0F000FAF764FA01F0D6FD002811D0124913485E
:10D10000FAF75CFA01F0CEFD00280BD11048FAF7CF
:10D1100055FA10BD0F49DAE70F49D8E70F49E6E79E
:10D120000F49ECE70F48FAF749FAEFE700730210EE
:10D1300030730210F43802104C7302106073021046
:10D14000E472021080730210EC7202109C730210E1
:10D15000E0730210CC720210D8720210E872021052
:10D16000F8720210B873021030B5A3B0011E02D0DD
:10D170000378002B21D13F48FAF720FA3E4A3F4975
:10D180003F4C2000FAF71AFA3E4A3F492000FAF7CE
:10D1900015FA3E4A3E492000FAF710FA3D4A3E4948
:10D1A0002000FAF70BFA3D4A3D492000FAF706FA4B
:10D1B0003C48FAF703FA23B030BD02AC7F222000CE
:10D1C00011F01AFC7F230022E254019401A8FFF71A
:10D1D000D5FD051E01D0010006E033493348FAF7BA
:10D1E000EDF9E8E70B7001310B78002B07D0304CDC
:10D1F000E45C03222240022AF4D1203BF2E70198AA
:10D20000FFF7AEFD04002B49280011F0CFFE0028E7
:10D210001AD02949280011F0C9FE002818D0274942
:10D22000280011F0C3FE002815D02549280011F070
:10D23000BDFE002813D02349280011F0B7FE0028B6
:10D2400011D1FFF733FFB6E72000FFF7E3FDB2E7A8
:10D25000FFF728FEAFE72000FFF730FEABE7200026
:10D26000FFF79CFEA7E7104917482A00FAF7A6F92E
:10D27000A1E7C04610740210407402109C490210CD
:10D2800054740210B0490210C449021068740210AC
:10D29000EC4902107C740210204A0210384A021035
:10D2A000544A021088740210686E0210B87402109A
:10D2B000F13B0310E8740210F0740210F8640210DD
:10D2C000F8740210047502100C75021030B50300DA
:10D2D000012040420AE00123034040085B42094C20
:10D2E000234058400132072AF5DD2B000A0001399E
:10D2F000002A04D05D1C1B7858400022F3E7C0438D
:10D3000030BDC0462083B8ED70B588B0041E3BD058
:10D310000288274B9A4239D18378012B39D1C378BF
:10D32000022B38D845682349281C06F085FC0028C4
:10D3300033D02149281C06F069FC00282FD0A568AD
:10D340001E49281C06F078FC00282AD01C49281CFD
:10D3500006F05CFC002826D0E369002B25D0684647
:10D360006B46220062CA62C362CA62C322CA22C377
:10D37000002307932021FFF7A9FFE369834201D02F
:10D38000002004E0012002E0002000E0002008B0BE
:10D3900070BD0020FBE70020F9E70020F7E7002040
:10D3A000F5E70020F3E70020F1E70120EFE7C046B2
:10D3B000435400009A99193F9A99593F6F12033AC2
:10D3C0000AD7A33B10B504000023C3612021FFF757
:10D3D0007DFFE06110BD000010B504002022002197
:10D3E00006F040FD044B23800123A370034B6360D0
:10D3F000034BA36010BDC046435400006ABC343FD9
:10D400002D93E13A10B5A8235B00994206D88AB261
:10D4100080230100D800F3F75DFD10BD0248FDF741
:10D420008BF801204042F8E70144000010B50300EA
:10D4300007280DD800290BD02420584380B2802320
:10D44000DB009C46604480B22422F3F743FD10BD0C
:10D450000248FDF771F801204042F8E7034400005C
:10D4600010B503000C0007281CD800291AD024206E
:10D47000584380B28023DB009C46604480B2242263
:10D48000F3F766FD237FCA2B12D00A4B2360FC23DF
:10D490009B056360084B2361084B6361084BA361E4
:10D4A000002010BD0748FDF747F801204042F8E78B
:10D4B0000020F6E7D7A3F03F007EE54900007A445C
:10D4C0006F12033B0F44000030B589B0002816D01E
:10D4D0006C466B4626C826C326C826C306C806C3A4
:10D4E0000A4B23800123A3706846FFF76BFF80205F
:10D4F000202269460001F3F7EDFC09B030BD044875
:10D50000FDF71AF801204042F7E7C04643540000F7
:10D510000444000030B589B0041E1AD02022002136
:10D52000684606F09FFC8020202269460001F3F740
:10D530000FFD6846FFF7E8FE002810D06B4622007A
:10D5400023CB23C213CB13C203CB03C2002009B0E9
:10D5500030BD0748FCF7F0FF01204042F7E720000C
:10D56000FFF73AFF0348FCF7E7FF01204042EEE7F0
:10D57000064400000744000070B5051C0E00141E90
:10D580001FD01000FFF728FF0123E370300006F0E2
:10D5900058FBE921890506F000FB616806F0DDFA19
:10D5A000A16806F0E4FA011C094806F0D6FA011C4D
:10D5B000281C06F0D2FAE0602000FFF703FF0020ED
:10D5C00070BD0448FCF7B8FF01204042F8E7C046B0
:10D5D0000000D84108440000F0B5C64600B5061C5E
:10D5E0000F00151C9846069C002C55D0111C06F007
:10D5F00005FB002856D12000FFF7EEFE0223E37062
:10D60000380006F01EFBE921890506F0C6FA071C62
:10D61000404606F016FBE921890506F0BEFA804671
:10D62000291C301C06F099FA051C391C404606F0EE
:10D6300094FA291C06F09BFA051C311C224806F0BE
:10D640008CFA291C06F0A9FA011C381C06F085FA90
:10D65000061C1E49281C06F0EFFA002828D01C4999
:10D66000281C06F0D3FA002822D01A49301C06F0F4
:10D67000E3FA002822D01849301C06F0C7FA002827
:10D680001CD0A56066600023E3602000FFF79AFECF
:10D69000002080BCB846F0BD1048FCF74DFF0120CB
:10D6A0004042F6E70E48FCF747FF01204042F0E712
:10D6B0000C48FCF741FF01204042EAE70A48FCF72A
:10D6C0003BFF01204042E4E70000D8416F12033ADB
:10D6D0000AD7A33B9A99193F9A99593F09440000E8
:10D6E0000A4400000B4400000C44000010B5041E66
:10D6F0000CD0FFF709FE00280ED06068A168E26830
:10D70000FEF760F800280DD0002010BD0748FCF798
:10D7100013FF01204042F8E70548FCF70DFF012008
:10D720004042F2E701204042EFE7C0460D440000CE
:10D730000E44000070B588B004006846FFF7EAFEAA
:10D7400006006846FFF7D2FF002C07D06B46220088
:10D7500023CB23C213CB13C203CB03C2300008B0C8
:10D7600070BD000070B590B006000D00072803D80A
:10D77000002901D0002312E00A210120FFF704FA5A
:10D78000134914482B003200F9F782FF1248FCF7C6
:10D79000D3FE0120404218E06C46E2540133182BBE
:10D7A00002D8EA5C002AF7D15A1C69460020C85406
:10D7B00003E06B460021995401323F2AF9D96836BB
:10D7C000B00140226946F3F785FB10B070BDC0463A
:10D7D00048750210547502101044000070B592B0E4
:10D7E00006000D001400072814D8002912D0002AC2
:10D7F00010D06836B00102AE40223100F3F7A8FB2A
:10D800003378FF2B17D022001A2C00D91A22013AA4
:10D81000002316E00A210120FFF7B6F9104911484C
:10D8200000942B003200F9F733FF0F48FCF784FE19
:10D830000120404211E000232B7000200DE0E8544D
:10D840000133934205D23F2B03D802A8C05C0028C5
:10D85000F5D1ED1800232B70002012B070BDC0462A
:10D86000487502109C7502101144000010B5002488
:10D8700009E01A216143094BC9181A222000FFF759
:10D88000ADFF0134E4B2072CF3D9054B01221A7025
:10D8900004490548F9F792FE10BDC04648730220BE
:10D8A0001681022048750210EC750210F8B50C00C4
:10D8B0001700072820D8002921D0002A22D0134B96
:10D8C0001B78002B14D01A254543114BED18280066
:10D8D00011F0EEFB0600874200D87E1E32002900C0
:10D8E000200006F0C5FAA419002323700020F8BD1B
:10D8F0000B7001204042FAE701204042F7E7012087
:10D900004042F4E701204042F1E7C0461681022080
:10D910004873022070B5072817D8002918D00022B4
:10D9200005E00D4B1A2444431B199D540132182A5B
:10D9300002D88D5C002DF4D1074B1A2444431B19E7
:10D9400000249C54FFF70EFF70BD01204042FBE70E
:10D9500001204042F8E7C0464873022070B5050038
:10D960000C001600002915D0002A15D0072801D96F
:10D97000002012E0FCF740FD002802D100232370B4
:10D980000BE0320021002800FFF790FF434258418E
:10D99000C0B202E0002000E0002070BD70B594B07D
:10D9A00005000C1E01D0072802D9002014B070BD5C
:10D9B000FCF722FD0028F8D06E4650220021684670
:10D9C00006F050FA0723337035710023182B07D85F
:10D9D000E05C002804D06A46D21850710133F5E7A4
:10D9E0006946CB1800225A71FA32054B1868002399
:10D9F00092000BF01DFE013843425841C0B2D5E7FA
:10DA0000C06D022010B580235B00994206D88AB20F
:10DA1000A82301005801F3F75DFA10BD0248FCF796
:10DA20008BFD01204042F8E72144000070B582B030
:10DA300005000C0016006B460022DA80042934D958
:10DA40000232991DF3F784FA023C6408A4B2002C58
:10DA50002ED06B4606331B88A34202D36B460022AE
:10DA6000DA806B4606331B885B009BB25B1998B269
:10DA7000023080B202223100F3F72CFA00281AD1CA
:10DA80006B469A1DDB8801339BB21380A34202D3FD
:10DA9000130000221A8002226B46991D2800F3F71A
:10DAA00019FA00280AD102B070BD01204042FAE7FD
:10DAB00001204042F7E701204042F4E701204042C4
:10DAC000F1E710B580239B00994207D88AB2513BF9
:10DAD000FF3B01005801F3F7FDF910BD0120404262
:10DAE000FBE710B502008021B02089004001FFF75C
:10DAF0009DFF10BD10B502008021C02089004001AB
:10DB0000FFF794FF10BD000070B5E0B050AC4022AC
:10DB10000021200006F0A6F93E4B1A6850929B881F
:10DB2000A3800621200000F06DF905003A4C3B4827
:10DB30002100F9F743FD3A48082100F029FE05438A
:10DB400038482100F9F73AFD3749172201A806F0B5
:10DB50008FF901AE300001F063F9300000F064F994
:10DB6000054332482100F9F729FD92225200FF2196
:10DB700007A806F077F9002113E007ABCA00541894
:10DB8000A4002B48E0501B19FC2292055A60294A38
:10DB90001A61294A5A61294A9A6100229A60DA6018
:10DBA00001310729E9DD9221490007A8FFF72AFC86
:10DBB0000543194C22482100F9F700FD2148402176
:10DBC000FFF720FF054320482100F9F7F7FC1F4825
:10DBD0004021FFF776FF05431D482100F9F7EEFCD1
:10DBE00000F0A8FE05431B482100F9F7E7FC002DD3
:10DBF0000BD1094C18482100F9F7E0FC1748210027
:10DC0000F9F746FD280060B070BD1548FCF794FC9C
:10DC1000F8E7C04648410210147602102076021040
:10DC200018A902106076021000A902108476021072
:10DC3000D7A3F03F007EE54900007A446F12033B12
:10DC4000B07602107CA80210DC7602103CA802100C
:10DC50000C77021030770210587702108C77021080
:10DC60004144000070B592B046246C4401256D42D9
:10DC7000258000F059FF504E306829000BF002FF5C
:10DC80004E4D4F482900F9F799FC022221004D48DA
:10DC9000F3F75EF930680023002200210BF0C8FC86
:10DCA000228849482900F9F789FC2288474B9A4283
:10DCB0007BD0424D46482900F9F780FC01213E4BBC
:10DCC000186849420BF0DEFEFFF71EFF06006C46A7
:10DCD00020220021684606F0C5F80123E3703D4B81
:10DCE00001933D4B02936846FFF7EEFB064308ACF9
:10DCF00020220021200006F0B5F8802020222100FB
:10DD00000001F3F725F935482900F9F757FC0025FC
:10DD10001AE008AC2422FF21200006F0A3F8304BC3
:10DD20000893FC239B0509932E4B0C932E4B0D93CC
:10DD30002E4B0E9300230A930B9321002800FFF72C
:10DD400075FB06430135EDB2072DE2D908AC24225C
:10DD50000021200006F086F8802024222100C00047
:10DD6000F3F7F6F815492248F9F728FC002E0ED0F3
:10DD7000114B18680023002200210BF059FC002EE3
:10DD80000ED10E491B48F9F719FC012012E046217B
:10DD90006944194B0B8002220A48F3F79BF8E7E726
:10DDA0001648FCF7C9FB002004E004491448F9F7C1
:10DDB00005FC012012B070BDA444022014760210AC
:10DDC000D0770210FE7F0000F47702105AA5000001
:10DDD000187802106ABC343F2D93E13A587802104B
:10DDE000D7A3F03F007EE54900007A446F12033B61
:10DDF00078780210A47802105AA5FFFF4244000070
:10DE0000D878021010B5302905D88AB20100002058
:10DE1000F3F760F810BD0348FCF78EFB0120404289
:10DE2000F8E7C0466144000030B587B0041E2ED02C
:10DE30006D4606220100684606F01AF8A11D04226C
:10DE4000A81D06F015F821000A3104220A206844B2
:10DE500006F00EF821000E3104220E20684406F070
:10DE600007F82100123104221220684406F000F85D
:10DE7000A37DAB751721684600F08EF8E875C020C9
:10DE8000182269468000F3F725F807B030BD034833
:10DE9000FCF752FB01204042F7E7C046684400000F
:10DEA00030B587B0041E31D06D46C02018226946B7
:10DEB0008000F3F74DF81721684600F06DF8EB7D10
:10DEC000984229D106226946200005F0D1FFA01D05
:10DED0000422A91D05F0CCFF20000A3004220A21EB
:10DEE000694405F0C5FF20000E3004220E2169446C
:10DEF00005F0BEFF2000123004221221694405F013
:10DF0000B7FFAB7DA375002007B030BD0548FCF717
:10DF100013FB01204042F7E70348FCF70DFB01200B
:10DF20004042F1E7694400006A44000030B587B020
:10DF300004006846FFF7B4FF002815D01348FCF72B
:10DF40000DFB13491722684605F092FF684600F062
:10DF50003EF86846FFF768FF17226946200005F083
:10DF600087FF200007B030BD684600F034F8002875
:10DF700005D117226946200005F07AFFF1E7054830
:10DF8000FCF7ECFA6846FFF74FFFF2E76242000049
:10DF900000A902106142000030B5050000240020F5
:10DFA0000EE0520007205040C0B20133DBB2072B15
:10DFB00005D842B2002AF4DB4000C0B2F5E70134D4
:10DFC0008C4203D22B5D58400023F0E730BD10B5E2
:10DFD00000F026FF10BDF0B5CE46474680B583B0B1
:10DFE00004000378022B1ED00126B046E178237985
:10DFF00062790D001D43154368424541EDB20B4067
:10E000001340FF3B5A425341DFB200F003FE061EAD
:10E0100015D146462E433E4321D1300003B0C0BC4B
:10E02000B946B046F0BD4378452B01D00126DCE768
:10E0300083784E2B01D00126D7E70026D5E7684626
:10E0400000F0EEFE06226946200010F06FFB00286B
:10E05000DFD006226946200005F00AFFDDE7200038
:10E0600000F0DEFED9E7000030B5050000240C48C2
:10E070000DE052000B48504080B20133072B05DC05
:10E0800002B2002AF5DB400080B2F6E701348C4290
:10E0900004D22B5D1B0258400023EFE730BDC04681
:10E0A000FFFF00002110000010B5A6B001AC8020D9
:10E0B000922221008000F2F74BFF2278C52A23D15B
:10E0C00001AC90212000FFF7CFFF03009022A25A5D
:10E0D00082421FD101AB5A78531FDBB2F92B1FD9F3
:10E0E00001AB5A78FF2A07D0D3009B1A9B0001A9E5
:10E0F000CB18DB7FA52B1BD11148922201A905F07B
:10E10000B7FE012026B010BD0E490F48F9F756FAA8
:10E110000020F7E70B490D48F9F750FA0020F1E726
:10E1200008490B48F9F74AFA01ABFF225A70D7E7C2
:10E1300004490848F9F742FA01ABFF225A70DBE7BD
:10E1400068720220FC7802100879021040790210EF
:10E150008C790210C079021010B5104C9222002167
:10E16000200005F07FFEC52323703A33637000233F
:10E1700009E00A4AD900C81A800010180024047166
:10E1800084770133DBB2042BF3D9044C90212000B7
:10E19000FFF76AFF9023E05210BDC046687202206C
:10E1A00030B5A7B0204C90212000FFF75DFF9023F1
:10E1B000E052002509E0A4B21B4969182200F2F7D9
:10E1C00089FE002814D12D19ADB2912D16D88023C7
:10E1D0009B00EB1898B23F221A4040239B1A9BB237
:10E1E0009222521B92B21C1C9342E4D9141CE2E707
:10E1F0000E48FCF7A1F9002027B030BD01AC80200B
:10E20000922221008000F2F7A3FE0749922220000B
:10E2100010F08CFA002801D10120EDE70448FCF74A
:10E220008BF90020E8E7C0466872022081440000B4
:10E230008244000010B5234B1B68002B11D0FA213B
:10E24000214B186889000BF01DFC012815D01F48D0
:10E25000FCF772F9FFF780FF1D4B01221A700020B6
:10E2600010BD01200BF098FA164B18600028E6D17B
:10E270001848FCF761F90020F2E7FFF715FF0028C6
:10E2800019D0114B18680023002200210BF0D0F99F
:10E290000F4B01221A70104B5B78FF2B10D0DA0065
:10E2A000D21A92000C4BD21804320C490C48F9F7E0
:10E2B00085F90120D4E7FFF74FFFFFF771FFE0E793
:10E2C000084AF2E7FC720220A444022084440000C1
:10E2D000088102208344000068720220FC7802104A
:10E2E000F8790210F079021070B5041E1BD00F4BA4
:10E2F0001D78002D01D1280070BD0D4B18686421D8
:10E300000BF0C0FB012801D00025F4E709498C225D
:10E31000200005F0ADFD064B186800230022002107
:10E320000BF086F9E7E70025E5E7C0460881022003
:10E33000FC7202206C72022070B505000C1E20D009
:10E34000042820D8114B1E78002E1DD0104B1868C1
:10E3500064210BF097FB012801D0002614E0E900AE
:10E36000491B89000B4BC91804311C22200005F001
:10E370007FFD074B18680023002200210BF058F99D
:10E3800002E0002600E00026300070BD0881022077
:10E39000FC72022068720220F0B5C64600B582B059
:10E3A00004000E00170004285AD8304B1D78002DA9
:10E3B00057D02F4B186864210BF064FB012801D063
:10E3C00000254EE0E3001B1B9B002A4A9B180433E8
:10E3D00098461A220021180005F044FD002E02D0B4
:10E3E0003378002B1BD1234BE200121B92009B18A9
:10E3F0009F77A522DA771E4B1868002300220021A0
:10E400000BF016F9FA211C4B186889000BF03AFB47
:10E41000012811D01948FCF78FF8002521E01922B6
:10E420003100404610F0E8FA124BE200121B920055
:10E430009B1800225A77D6E7FFF7B2FE05000E4B75
:10E4400018680023002200210BF0F2F8002D08D0FC
:10E450000B490C48009743462200F9F7AFF800E05B
:10E460000025280002B080BCB846F0BD088102201B
:10E47000FC72022068720220A4440220854400003D
:10E48000FC7802101C7A0210F8B50400042845D864
:10E49000244B1D78002D42D0234B186864210BF0CB
:10E4A000F1FA012801D0002539E0E5002D1BAD006F
:10E4B0001E4FED19281D1C22002105F0D3FC00235E
:10E4C000EB777B78A34213D0174B18680023002208
:10E4D00000210BF0ADF8FA21154B186889000BF0FC
:10E4E000D1FA012808D01348FCF726F8002516E0D9
:10E4F0000E4BFF225A70E7E7FFF752FE05000C4B68
:10E5000018680023002200210BF092F8002D06D09D
:10E5100009490A482200F9F751F800E000252800CF
:10E52000F8BDC04608810220FC72022068720220F9
:10E53000A444022086440000FC7802104C7A0210A9
:10E5400010B50D4B1B78002B13D00C4B18686421B1
:10E550000BF098FA012802D0FF24200010BD084BD0
:10E560005C78064B18680023002200210BF060F84D
:10E57000F3E7FF24F1E7C04608810220FC72022085
:10E580006872022070B50400042848D8264B1D7814
:10E59000002D45D0254B186864210BF073FA012833
:10E5A00040D1234BE200121B92009B18DB7FA52B6E
:10E5B0000DD01E4B18680023002200210BF038F804
:10E5C0001C491D482200F8F7F9FF002528E0184BE8
:10E5D0005C70164B18680023002200210BF028F80D
:10E5E000FA21164B186889000BF04CFA012804D068
:10E5F0001348FBF7A1FF002512E0FFF7D1FD05004E
:10E600000E4B18680023002200210BF011F8002D9A
:10E6100006D008490B482200F8F7D0FF00E000259B
:10E62000280070BD0025FBE708810220FC72022053
:10E6300068720220FC7802106C7A0210A444022056
:10E6400087440000A07A021010B51B4B1C78002CE8
:10E6500001D1200010BD194B186864210BF012FA8B
:10E66000012801D00024F4E7154BFF225A70134B08
:10E6700018680023002200210AF0DAFFFA21114B6A
:10E68000186889000BF0FEF9012804D00E48FBF74A
:10E6900053FF0024DDE7FFF783FD0400094B1868F2
:10E6A0000023002200210AF0C3FF002CD1D007492B
:10E6B0000748F8F783FFCCE708810220FC720220AC
:10E6C00068720220A444022088440000FC780210F2
:10E6D000C47A021030B58BB00400042828D8164B39
:10E6E0001D78002D25D003A9FFF726FE051E20D09A
:10E6F00003ABDB7EA52B06D0104911482200F8F7AA
:10E700005DFF002515E003AB987EFEF783F9002836
:10E7100008D103AB9A7E09490A4800922200F8F713
:10E720004DFF06E08520C001FBF718FF002500E043
:10E73000002528000BB030BD08810220FC780210B3
:10E74000E87A0210147B021070B50D4B1C78002C77
:10E7500001D1200070BDFFF7F3FE0500FF2809D0AE
:10E76000084909482A00F8F729FF2800FFF7B2FFF7
:10E770000400EEE703490548F8F720FFE9E7C04643
:10E7800008810220FC7802106C7B0210447B02108E
:10E7900010B5082906D88AB2BC2301009800F2F708
:10E7A00099FB10BD0248FBF7C7FE01204042F8E785
:10E7B0008944000010B50A00082906D8BC230100CE
:10E7C0009800F2F7C5FB002010BD0348FBF7B4FE2C
:10E7D00001204042F8E7C0468A44000030B593B0BB
:10E7E000041E24D001AD20220100280005F040FBCA
:10E7F00021002031202209A805F03AFB4023E25CE9
:10E80000EA5441212800FFF7C7FB4123E854802048
:10E81000402229008001F2F75DFB040081200222E2
:10E8200011A98001F2F756FB204313B030BD034815
:10E83000FBF782FE01204042F7E7C0469344000008
:10E8400070B592B0041E08D08020422201A9800138
:10E85000F2F77EFB0023012106E01F48FBF76CFE68
:10E860000120404229E00133412B07D8002905D07F
:10E8700001AAD25CFF2AF6D00021F4E700291ED1BC
:10E8800001AD41212800FFF787FB4123EB5C984253
:10E890001CD101AD20222900200005F0E9FA002654
:10E8A000E67720002030202209A905F0E1FA3F2375
:10E8B000E6540133EA5CE254002012B070BD07490F
:10E8C0000748F8F77BFE01204042F6E70548FBF7D2
:10E8D00033FE01204042F0E794440000947B021094
:10E8E000A07B02109544000010B592B0040001A86E
:10E8F000FFF7A6FF00280AD00A48FBF72FFE0A49B7
:10E900004122200005F0B4FA200012B010BD0749E2
:10E910000748F8F753FE412201A9200005F0A8FAA4
:10E92000F2E7C04690420000BCA80210947B02109F
:10E93000D47B021010B50248FFF750FF10BDC0464F
:10E94000BCA80210452805D0552801D000207047EA
:10E950005438FCE70120FAE770B50400104D10228E
:10E960000021280005F07EFA0F222100280010F077
:10E9700043F8237C452B05D0552B0CD0084B0022A7
:10E980001A7402E0064B45221A74054A1378591E80
:10E990008B41537470BD024B55221A74F5E7C04683
:10E9A0008C2D002010B51121FFF7F6FA10BD0000E4
:10E9B00070B586B0041E2BD001AD132200212800B3
:10E9C00005F050FA132229003020F2F7C1FA6E7CCC
:10E9D0002800FFF7E7FF864210D112220021200015
:10E9E00005F040FA01AD10222900200005F040FAA0
:10E9F0002B7C23746674002006B070BD0649074C5A
:10EA0000030032002000F8F7D9FD01204042F3E76F
:10EA100001204042F0E7C046007C02100C7C02104E
:10EA200010B5104B1B68002B01D1002010BD03F066
:10EA300081FC00290CD0FA229200002304F0A4F9F2
:10EA4000084B1B68C01A084B984206D80120EDE716
:10EA5000FA21890004F05AF9F2E7024B00221A6009
:10EA60000020E3E7F07D022060EA000010B5041EFC
:10EA700021D00378002B20D010F01AFB0F281ED8CD
:10EA8000002300E00133834213D2E15C0A00413AE3
:10EA9000D2B2192AF6D90A00613AD2B2192AF1D9AA
:10EAA0000A00303AD2B2092AECD92D29EAD0002046
:10EAB00000E0012010BD0020FCE70020FAE7002064
:10EAC000F8E7000030B587B0041E27D001AD13224F
:10EAD0000021280005F0C6F910222100280005F0C9
:10EAE000C7F9237C2B742800FFF75CFF60746874FF
:10EAF000102229003020F2F7EDF9002808D1032276
:10EB000005A94030F2F7E6F9002801D107B030BD81
:10EB10000448FBF711FD01204042F7E70120404285
:10EB2000F4E7C046A144000010B586B0FA21204B9E
:10EB3000186849000AF0A6FF012806D01D48FBF717
:10EB4000FBFC1D4B01221A701DE001A8FFF730FFEE
:10EB500000281ED101A8FFF7FFFE184B1B7C452B98
:10EB600015D0552B11D0164B144A16491648F8F7F4
:10EB700025FD0F4B18680023002200210AF058FDE4
:10EB80000D4B01221A7006B010BD104BECE7104B74
:10EB9000EAE71049094C0F2220000FF02DFF002357
:10EBA000E3732374637407490B48F8F707FDE0E744
:10EBB000A4440220A2440000148102208C2D0020D5
:10EBC000F4380210007C0210447C02100875021018
:10EBD000F03802106C7C02107C7C021000487047F8
:10EBE0008C2D0020004870478C2D0020014B187C94
:10EBF0007047C0468C2D0020034B1B7C552B01D049
:10EC0000024870470248FCE78C2D0020000020419C
:10EC100000007041014B587C7047C0468C2D00208D
:10EC200010B5002821D012490FF006FE002811D19E
:10EC300003F080FB002913D0FA229200002304F095
:10EC4000A3F80C4B18600C490C483C22F8F7B6FCB2
:10EC5000012010BD08490A48F8F7B0FC0020F8E789
:10EC6000FA21890004F052F8EBE70020F1E7C046F2
:10EC7000BC7C0210F07D0220007C0210F47C0210AB
:10EC8000C87C021010B5044B00221A6003490448E6
:10EC9000F8F794FC10BDC046F07D0220007C021005
:10ECA000287D021010B5FFF7BBFE10BD30B587B050
:10ECB0000400FFF7B5FE002832D02000FFF7D6FE93
:10ECC000002834D001AD12220021280005F0CAF836
:10ECD0000F22210028000FF08FFE1B4B1B7C2B7492
:10ECE000FA211A4B186849000AF0CCFE012825D1F8
:10ECF0002800FFF7E7FE0400144B186800230022E9
:10ED000000210AF095FC002C1BD12800FFF724FEFF
:10ED10000D4A0F490F48F8F751FC200007B030BDED
:10ED20000B490D48F8F74AFC01246442F5E708490D
:10ED30000A48F8F743FC02246442EEE703246442E5
:10ED4000EBE703246442E8E78C2D0020A444022072
:10ED5000007C0210A87D0210487D02107C7D02100C
:10ED600030B587B00400FFF75BFE002832D02000EA
:10ED7000FFF7E8FD002834D001AD12220021280061
:10ED800005F070F81E490F2228000FF035FE2C7494
:10ED9000FA211C4B186849000AF074FE012829D199
:10EDA0002800FFF78FFE0500164B1868002300228D
:10EDB00000210AF03DFC002D1FD101A8FFF7CCFD7A
:10EDC000452C15D0104A11491148F8F7F7FB2800D7
:10EDD00007B030BD0D490F48F8F7F0FB01256D4233
:10EDE000F5E70A490C48F8F7E9FB02256D42EEE722
:10EDF0000A4AE8E703256D42E9E703256D42E6E7A5
:10EE00008C2D0020A444022008750210007C021002
:10EE10003C7E0210CC7D0210047E0210F0380210FD
:10EE20000E490F4A0BE001315A4013049B185B0056
:10EE30009B18DB009B18DB009B185B009A180B7873
:10EE4000002BF0D1023303704333437009338370D6
:10EE5000130CC370130A0371427170478C2D00208C
:10EE6000C59D1C81F8B50400471814E03D001BE067
:10EE70000130854204D90378202BF9D0092BF7D033
:10EE80000A2200210FF068FB421E0F4B9A4219D84C
:10EE9000060017E06C1CBC4213D23A1B0A2120006A
:10EEA00010F0C8F8051EE1D02B1B102BF2D9074932
:10EEB0000F2220000FF044FD061EEBD120000F3082
:10EEC000D7E700263000F8BDFEFFFF0F587E021086
:10EED000F0B5DE4657464E464546E0B583B082461D
:10EEE0000E0090460193002405E00520FDF764FB29
:10EEF00001200BF081FF01235B4243449946A3426A
:10EF00001BDD43461A1B92B2013A92B231195046A8
:10EF1000F3F74AFE051E3ADD0520FDF74DFB6419A7
:10EF2000331900221A70264930000FF04BFF0028D9
:10EF3000DBD0801B031D009302E001235B420093A2
:10EF4000009D002D38DB29003000FFF78BFF834642
:10EF5000671B5F451FDAA1451DDD43461A1B92B2B0
:10EF6000013A92B231195046F3F71EFE051E12DD2A
:10EF70000520FDF721FB64197F19331900221A704F
:10EF80000520FDF719FB01200BF036FFE1E7012317
:10EF90005B420093D4E7019B009A1A60002F09DBC3
:10EFA0000C9B1F60200003B0F0BCBB46B246A946D4
:10EFB000A046F0BD0027F3E701246442F2E7C04613
:10EFC000C43C0210F8B507000E00150000240CE048
:10EFD000311992B23800F3F715FD00280EDD241820
:10EFE0000520FDF7E9FAA5420FDCAC420BDA2A1B3B
:10EFF00080235B019A42EBDD1A00E9E70548FBF745
:10F000009BFA012464422000F8BD05200BF0F4FEB9
:10F01000EBE7C0461024000000B583B0802000015B
:10F020000DF02CFB1F4B1860002825D00023502228
:10F0300001210020F3F73CFB1B4B1870002820DB5C
:10F040006B46DA1D18231370C0B20721F4F75EF87F
:10F05000154B1878F3F768FC01281BD0124B187871
:10F06000F3F7D6FA0F4B18680DF0C2FB0F48FBF709
:10F0700063FA002003B000BD0D48FBF75DFA0020E5
:10F08000F8E7084B18680DF0B3FB0A48FBF754FA91
:10F090000020EFE7084909485022F8F78FFA0120CD
:10F0A000E8E7C04660470220F880022013240000F1
:10F0B0001124000012240000687E0210747E0210E9
:10F0C000F0B5C7B0CE4B0020185680000130C0000C
:10F0D000C0239B009C466044F1F7D8FF17280AD054
:10F0E0001C2800D176E1132803D1C54B1878F3F71B
:10F0F0001BFC47B0F0BDC24B002018568000013009
:10F10000C00080239B009C466044F1F7BFFFC0070E
:10F1100000D58AE00023039304938022B94B196839
:10F12000B74B187804AB009303AB1201FFF7D0FE86
:10F13000002800DC87E00600B24C23681B18002280
:10F140001A70B148012104F099FE2468039B591EEE
:10F15000AE4A914200D81E00A519049BEB188022EC
:10F160001201A218934203D980231B019B1B049315
:10F17000049B002B00DAA7E0049BEB1800221A7016
:10F18000A3490F3220000FF003FC002800D19EE0BD
:10F19000A049112220000FF0FBFB002800D1AFE0B6
:10F1A0009D49122220000FF0F3FB002800D1ACE0B3
:10F1B0009A49112220000FF0EBFB002800D1AAE0B1
:10F1C0009749172220000FF0E3FB002800D1A8E0A8
:10F1D0009449182220000FF0DBFB002800D1A5E0A5
:10F1E0009149162220000FF0D3FB002800D1A3E0A4
:10F1F0008E49182220000FF0CBFB002800D1A1E09F
:10F200008B490C2220000FF0C3FB002800D19FE0A7
:10F210008849122220000FF0BBFB002800D09CE0A0
:10F22000774B187800F0FEF955E0754B0020185622
:10F2300080000130C00080239B009C466044012177
:10F24000F1F74EFF66E76E4E3078F2F725F80400CE
:10F250000023F3569B000133DB00F822520198187B
:10F26000F1F714FF800286B20BF0D4FB0700724B5B
:10F270001B88A34204D0714B1F606F4B1C8038E782
:10F28000B442F8D06D4B1B68C31A9622D200934249
:10F2900000D22EE75A4C2078F3F7E0FA2078F3F703
:10F2A000B7F90023502201210020F3F701FA207062
:10F2B000002805DA614B1F605F4B00221A8018E7B7
:10F2C000C0B2F3F731FBF5E70023049354E74C4B4E
:10F2D000187800F0A5FD4A4C2078F3F7BFFA2078A3
:10F2E000F3F796F90023502201210020F3F7E0F90B
:10F2F0002070002800DAFCE6C0B2F3F715FBF8E650
:10F300003F4B187800F0B4F9E5E73D4B1878290039
:10F3100000F070FBDFE73A4B1878290000F094F812
:10F32000D9E7374B187801F085FCD4E7344B1878CF
:10F33000290001F059FDCEE7314B1878290001F082
:10F3400045FEC8E72E4B1878290001F0A7FEC2E75A
:10F350002B4B187801F0E0FBBDE70023059320005C
:10F3600000F028FF0500274B186805A900F05EFF94
:10F37000041E13DB059B002B12D0314A8021230091
:10F38000490006A805F092FE0200002A11DB802346
:10F390005B009A420EDD802252000BE00024E9E778
:10F3A000284A80212300490006A805F07FFE0200BC
:10F3B000EBE70022124B187806A9FFF703FE002C9A
:10F3C00089DD002D87D00E4B187822002900FFF729
:10F3D000F9FD80E70A4C2078F3F740FA2078F3F73C
:10F3E00017F90023502201210020F3F761F9207062
:10F3F000002800DA7DE6C0B2F3F796FA79E6C04657
:10F40000F8800220604702202C470220FE070000FF
:10F41000947E0210A47E0210B87E0210CC7E0210F0
:10F42000E07E0210F87E0210147F02102C7F021082
:10F43000487F0210587F0210E880022028740220C2
:10F440006C7F021014800210F0B5C64600B5AAB059
:10F4500080460D000520FDF7AFF80520FDF7ACF85C
:10F46000002D08D02800F5F75BF80520FDF7A4F87B
:10F47000012400270BE05049B4224046F3F7C2FABA
:10F480000520FDF799F893E0A3071AD00134082C62
:10F490001BDC4A4A01AE23001021300005F006FEB5
:10F4A00031002800F5F70AF80028EDD044490FF0A4
:10F4B0007DFD0028E8D1621E012393401F43FFB267
:10F4C000E2E70520FDF778F8E0E7A7246C44002385
:10F4D00023702000FDF796F90520FDF76DF82378DD
:10F4E000DB435BB23B4206D1A7236B441B78BB4294
:10F4F00027D0002410E0F7F7BFFA0028F4D13149F3
:10F50000DE224046F3F77EFA0520FDF755F84FE07E
:10F51000A30712D00134E4B2072C12D8012339001A
:10F52000E1401940A7226A441278E2401340994210
:10F53000EED02000FDF78EF9EAE70520FDF73CF854
:10F54000E8E70520FDF738F8002403E0E30714D5C9
:10F550000134E4B2072C14D8631C1B4A01AF1021FC
:10F56000380005F0A3FD39002800F4F7A7FF011EBD
:10F57000ECD02000FEF712FAE8E70520FDF71CF8B2
:10F58000E6E7124A01AC0323A021200005F08EFD1E
:10F590008C2221004046F3F735FA0520FDF70CF8E0
:10F5A0000B4903224046F3F72DFA0520FDF704F836
:10F5B0002AB080BCB846F0BD04AA0210A480021094
:10F5C000E048021024A90210B0800210B880021096
:10F5D00020A90210F8B507000E00150000240CE069
:10F5E000311992B23800F3F70DFA00280EDD241815
:10F5F0000520FCF7E1FFA54210DCAC420CDA2A1B27
:10F6000080235B019A42EBDD1A00E9E7912080013B
:10F61000FAF792FF012464422000F8BD05200BF0A8
:10F62000EBFBEAE770B5C0B004000520FCF7C4FFAF
:10F630000C4D0D4A80212B004900684605F036FD2F
:10F64000A62269462000FFF7C5FF0520FCF7B4FF9E
:10F6500006492A002000FFF7BDFF0520FCF7ACFF9C
:10F6600040B070BDFD1900006C7F0210E0AB0210CD
:10F67000F0B5DE4657464E464546E0B5BD4CA5447E
:10F680002C900520FCF798FFFB20C00012AB9C4695
:10F690006044FBF745F800283DD0B74812AB9C46C4
:10F6A0006044FBF7A5F8002842D0B44B1A688023C9
:10F6B000DB015340E022D2011340B14A1360B14B49
:10F6C00004221A60AD4B1B68DB05FBD5AB4B5868B9
:10F6D0000004000C04F0BAFAAB4904F05EFAE6212B
:10F6E000890504F05AFAA94904F037FAA84904F048
:10F6F0003EFA011CA74804F030FA1F909E4A12AB54
:10F700009C4662444023D35C012B1DD0022B3CD08D
:10F71000A14B2E9326E042A8FEF708FC172242A92F
:10F72000FB20C00012AB9C46604404F0A1FBB4E790
:10F7300030A8FFF7D9F8412230A98F4812AB9C4678
:10F74000604404F095FBB0E794491F9804F025FA53
:10F75000934904F00CFA8421C90504F003FA1F90C0
:10F76000904B2E93FFF73AFA00281CD0437C002BD5
:10F7700013D02D90002B1BD0037C452B00D1D4E05F
:10F78000552B0DD0884B2F9314E088491F9804F017
:10F79000E9F91F90864B2E93E4E7864A2D92E9E71C
:10F7A000854B2F9306E0834B2D937F4B2F9301E0E6
:10F7B0007D4B2F93814E12AB9C466644282200213C
:10F7C000300004F04FFB3000F7F764F9FB24E4004D
:10F7D00012AB9C466444237899466178A078E77818
:10F7E0002279944662799046754A764D12AB9A46D4
:10F7F0005544434604936346039302970190009156
:10F800004B461821280005F051FCB0686E4F6F4B35
:10F810005344984604F03CFA009001913A002021AC
:10F82000404605F043FCF068694F6A4B53449A46E2
:10F8300004F02EFA009001913A002021504605F084
:10F8400035FC3069644E12AB9C46664404F020FAE5
:10F85000009001913A002021300005F027FCA379A7
:10F860002093E2792192217A8946617A2291A07BC4
:10F870002390E77B2497237C2593627C2692A17AB0
:10F880002791E07A2890277B2997637B2A93A27C93
:10F890002B92E77C217D8B46647D1C9656461B96F9
:10F8A00046461A962F9E19964C4B189317932D9EE9
:10F8B00016961F9804F0ECF9149015912E9E12964E
:10F8C000474B12AA9446634411932B4B6344109305
:10F8D0000F950E945D460D950C972B9C0B942A9ECC
:10F8E0000A96299D0995289C0894279E0796269D8F
:10F8F0000695259C0594249F0497239803902299AC
:10F90000029149460191219A0092209B354AAF21EC
:10F91000C90071A805F0CAFB041E09DBAF23DB0098
:10F92000984206DDAF24E40003E02F4B2F9341E71C
:10F9300000242E4A49AD2300A021280005F0B6FB83
:10F9400082B229002C9D2800F3F75CF80520FCF713
:10F9500033FEA2B271A92800F3F754F80520FCF792
:10F960002BFE234B9D44F0BCBB46B246A946A046A5
:10F97000F0BDC046C4F7FFFF9407000000C004407C
:10F9800000D0044000E00440000040406ABC343F26
:10F990002D93E13A0000D8415C8102100000104133
:10F9A0000000A04048810210F438021033938843CD
:10F9B000548102100C740210087502106C070000CC
:10F9C00098370210540700006481021034070000C9
:10F9D0006C81021014070000F40600004841021078
:10F9E000B407000074810210F0380210B8820210CF
:10F9F0003C080000F0B5E3B006000C000520FCF761
:10FA0000DBFD002C00D1E1E05CA8FAF789FE0028BC
:10FA100000D1E7E017225CA956A804F029FABB49F7
:10FA20002000F4F74BFD051E17D0F4F779FD46AF23
:10FA30003F22290038000EF0DFFF3F230022FA5456
:10FA4000B3491EAB01931DAB00931CAB1BAA38003E
:10FA50000EF040FE042800D1CDE0AE492000F4F7BE
:10FA60002DFD051E17D0F4F75BFD46AF3F222900A0
:10FA700038000EF0C1FF3F230022FA54A4491EAB08
:10FA800001931DAB00931CAB1BAA38000EF022FEA5
:10FA9000042800D1B9E0A0492000F4F70FFD051EAD
:10FAA00017D0F4F73DFD46AF3F22290038000EF095
:10FAB000A3FF3F230022FA5495491EAB01931DABCF
:10FAC00000931CAB1BAA38000EF004FE042800D1E2
:10FAD000A5E092492000F4F7F1FC051E17D0F4F7D9
:10FAE0001FFD46AF3F22290038000EF085FF3F235F
:10FAF0000022FA5486491EAB01931DAB00931CAB48
:10FB00001BAA38000EF0E6FD042800D191E0052084
:10FB1000FCF752FD172256A95CA80EF007FE00283C
:10FB200000D090E035A8FAF763FE002800D1CAE0C3
:10FB3000412235A924A804F09BF979492000F4F763
:10FB4000BDFC051E09D0F4F7EBFC35AF1F222900E0
:10FB500038000EF051FF0023FB7772492000F4F7C4
:10FB6000ADFC051E0AD0F4F7DBFC1F2229003DA8DE
:10FB70000EF042FF35AA3F230021D1546A492000EC
:10FB8000F4F79CFC041E0CD0F4F7CAFC6749200073
:10FB90000FF00CFA002800D09EE035AA4023012186
:10FBA000D154412224A935A80EF0C0FD002800D070
:10FBB000A2E05F4967223000F2F724FF0520FCF73E
:10FBC000FBFC5C48FAF782FE63B0F0BD5A49B922EB
:10FBD0003000F2F717FF0520FCF7EEFC5748FAF764
:10FBE000ABFCF1E714A8FEF7A1F9172214A95CA851
:10FBF00004F03EF90EE75CAB1B9A9A711C9ADA711D
:10FC00001D9A1A721E9A5A7227E75CAB1B9A9A7356
:10FC10001C9ADA731D9A1A741E9A5A743BE75CABED
:10FC20001B9A9A721C9ADA721D9A1A731E9A5A7348
:10FC30004FE75CAB1B9A9A741C9ADA741D9A1A757A
:10FC40001E9A5A7563E75CAD2800FAF7A5FD0A20F5
:10FC50000BF0D2F80520FCF7AFFC2A781EAB1A7027
:10FC60006A785A70AA789A70EA78DA702A791A71E2
:10FC70006A795A71AA799A71EA79DA712A7A1A72CA
:10FC80006A7A5A72AA7A9A72EA7ADA722A7B1A73B2
:10FC90006A7B5A73AA7B9A73EA7BDA732A7C1A749A
:10FCA0006A7C5A74AA7C9A74EA7CDA742A7D1A7582
:10FCB0006A7D5A75AA7D9A751800F1F775FC0520C2
:10FCC000FCF77AFC2EE702A8FEF70EFE412202A9FD
:10FCD00035A804F0CDF82BE7194920000FF066F99C
:10FCE000002804D135AA40230221D15459E735AA6E
:10FCF00040230021D15454E735A8FAF7BBFD0A2070
:10FD00000BF07AF80520FCF757FC52E74C83021001
:10FD10008C370210FC4602105083021058830210E8
:10FD20005C83021068830210748302104881021001
:10FD3000BCAA02108813000024AB0210412400006A
:10FD40005481021002280AD005D8002809D00128C1
:10FD500009D1074804E0032807D1064800E0064817
:10FD600070470648FCE70648FAE70548F8E7C0464A
:10FD7000185102102C510210205102101051021083
:10FD8000F4380210F0B5C64600B5002844D000296A
:10FD900042D0002400250CE0222B01D05C2B30D176
:10FDA000AF1CB8468F4203D25C2747558355454662
:10FDB0000134135D002B2CD06E1C8E4229D20D2BEA
:10FDC0000DD0E9D8092B13D00A2B1AD1AB1C8B42CA
:10FDD000EED25C2747556E2585551D00E8E7AB1C24
:10FDE0008B42E5D25C274755722585551D00DFE71C
:10FDF000AB1C8B42DCD25C274755742585551D0012
:10FE0000D6E71F00203FFFB25E2FD1D84355350003
:10FE1000CEE740190023037080BCB846F0BD000057
:10FE2000F0B5DE4657464E464546E0B5C94CA544BA
:10FE30001B900520FCF7C0FBC74C0AAB9C466444F2
:10FE40001C220021200004F00DF82000FBF7A2FC8A
:10FE500000281FD02568C42000010AAB9C466044DE
:10FE6000FAF7C6FC002807D1C42212010AAB9C464F
:10FE7000624440230021D154C42212010AAB9C46A3
:10FE800062444023D35C012B06D0022B36D0B34B07
:10FE90009B460FE00025DEE7B149281C03F07DFEFC
:10FEA000B04903F064FE8421C90503F05BFE051C24
:10FEB000AD4B9B46AD480AAB9C46604400230370A3
:10FEC000FCF7A0FCAA4C0AAB9C4664442822002103
:10FED000200003F0C7FF2000F6F7DCFD24782000A7
:10FEE000FFF730FF1A90022C10D9032C16D1A14B2A
:10FEF0009A460520FCF760FB002430E09E49281C50
:10FF000003F030FE051C9D4B9B46D3E7002C02D02E
:10FF10009B4B9A46EDE79B4B9A46EAE7994B9A46EC
:10FF2000E7E76301002298490AA8844661445A54CD
:10FF3000A701964961447A54934E6644F6182022EC
:10FF400031002000FDF70AFD90480AAB9C46604452
:10FF5000C01932004021FFF715FF0134E4B2072C2D
:10FF6000DFD90520FCF728FB4FAA894B51CB51C2A2
:10FF70001B88138000270D26A946534618933EE0A0
:10FF800000239A460020169014904FACA4198025A7
:10FF90002D01AD1B03F07CFE12901391149803F019
:10FFA00077FE14901591169803F072FE1690179133
:10FFB0004346002B48D07749BA01744B0AA88446BF
:10FFC00063449B18062F41DC7348744A0A900993D6
:10FFD0000891169817990690079153460493149820
:10FFE000159902900391129813990090019129009C
:10FFF000200005F05BF83618FB0729D50137072FDD
:020000041001E9
:100000002ADC5A4B0AAA944663441B78FB4001221F
:100010001A409046F8B21DA9FBF79CFB0028AFD010
:100020001DAA2423D35C002B08D0130050689268CB
:100030001492DA6816925B699A46A6E700239A46FC
:10004000002016901490A0E75549B5E75548BCE745
:100050000520FCF7B1FAD1E74D46189B9A464FAB05
:100060009846B04480231B019B1B9946281C03F033
:100070000FFE129013913E4F0AAB9C46674478687E
:1000800003F006FE14901591B86803F001FE169077
:100090001791F86803F0FCFD18901991386903F086
:1000A000F7FD04000D00786903F0F2FD2423FB5CEA
:1000B000002B4CD0374B1F00C3231B010AAA9446C8
:1000C00063441B68384A119310970E900F910C945B
:1000D0000D95189B199C0A930B94169B179C0893DB
:1000E0000994149B159C069307941A9B04935346FA
:1000F00003935B460293129B139C00930194494621
:10010000404604F0D3FF34180520FCF755FA274A7F
:1001100027AD2300A021280004F0C8FF82B22900E7
:100120001B9D2800F2F76EFC0520FCF745FAA2B2F1
:100130004FA92800F2F766FC0520FCF73DFA1C4B9E
:100140009D44F0BCBB46B246A946A046F0BD144B48
:100150001F00B1E734F3FFFF840C0000848302101A
:10016000000010410000A040808302103F0C0000FE
:10017000140C00002C51021033938843CC49021018
:10018000185102102C380210140B00001409000042
:100190009C8302108883021098830210AC830210A3
:1001A000908302100C74021000840210B8820210B6
:1001B000CC0C000010B5040012490EF003FE00281C
:1001C00001D0114810BD114920000EF0FBFD0028A0
:1001D00001D00F48F6E70F4920000EF0F3FD00288C
:1001E00001D00D48EEE70D4920000EF0EBFD002890
:1001F00001D00B48E6E70B4920000EF0E3FD0A486A
:10020000E0E7C046587F021080D402101885021023
:1002100080EE02102885021044CD021040850210A5
:10022000E0C502105C8502108415031070B505004E
:100230000C1E01D000230B60214928000EF0C2FDE6
:10024000002805D0002C01D0012323601D4870BD7B
:100250001D4928000EF0B6FD002805D0002C01D065
:10026000012323601948F2E7194928000EF0AAFD7E
:10027000002802D0E720C000E9E7164928000EF068
:10028000A1FD002801D01448E1E7144928000EF030
:1002900099FD002805D0002C01D0012323601048CF
:1002A000D5E7104928000EF08DFD0028F3D1002C71
:1002B00003D0012323600A48C9E70948C7E7C046BD
:1002C000587F0210FD190000188502100227000057
:1002D0002885021040850210620700005C8502102C
:1002E000FE0F000070850210F0B5DE4657464E4600
:1002F0004546E0B599B0FEF771FC040002F01AF82B
:1003000000291DD0FA229200002302F03DFDFA21BF
:10031000890002F0FBFC050011AE1C220021300018
:1003200003F0A0FD3000FBF735FA00280FD0337E34
:10033000002B0AD0119F002B14D0129B9A4608E084
:10034000FA21890002F0E2FCE1E70027F3E7002749
:10035000BA46002809D011AB1B7E002B1AD0139B84
:100360009B4604E000239A46F3E700239B46432084
:100370006844002303700DAB0EAA0FA9FBF762FAC5
:1003800000280AD043236B441B78002B00D0CCE01C
:10039000984604E000239B46E9E700239846C64EB2
:1003A000C6495D22300003F063FD0520FCF704F927
:1003B000C34BC44A30005C300094C34904F076FE5D
:1003C0005C30040080239B01984200DBB0E00520F4
:1003D000FCF7F2F88026B601311BBC4AB64820185B
:1003E0002B0004F063FE2418B44200DBA6E0802654
:1003F000B601331B9946B04D6519381C03F048FC13
:1004000000900191B24A4946280004F04FFE24189A
:10041000B44200DB98E08025AD01291BAD4AA64817
:100420002018434604F042FE8734AC4200DB91E0E2
:100430008025AD01291B43236B441B78A64A9E48A7
:10044000201804F033FE2418AC4200DB88E080273B
:10045000BF013B1B9846A14D974EA619504603F08D
:1004600017FC009001912A004146300004F01EFE66
:100470002418BC4200DB79E08027BF013B1B984673
:10048000974E8D4D6519584603F002FC009001917E
:1004900032004146280004F009FE2418BC426BDA01
:1004A0000520FCF789F88025AD01291B8D4B1B68C1
:1004B0008D4A8148201804F0F9FD2418AC4261DA15
:1004C0000520FCF779F88025AD01291B874A7A4879
:1004D000201804F0EBFD5B34AC4200DBB5E20026F3
:1004E000072E55DC03AD00232B70F0B22900FCF77A
:1004F00059F98027BF01391B01367D4A6E48201803
:100500002B780093330004F0D1FD2034BC42E7DBAC
:100510007848FAF711F801246442200019B0F0BCC1
:10052000BB46B246A946A046F0BD0123984636E731
:100530007148FAF701F801246442EEE76F48F9F7D1
:10054000FBFF01246442E8E76D48F9F7F5FF012459
:100550006442E2E76B48F9F7EFFF01246442DCE70D
:100560006948F9F7E9FF01246442D6E76748F9F7DB
:10057000E3FF01246442D0E76548F9F7DDFF012479
:100580006442CAE76348F9F7D7FF01246442C4E72D
:100590000520FCF711F88025AD01291B5E4A46486D
:1005A000201804F083FD7F34AC4222DA0026072EA7
:1005B00025DC03AD28220021280003F053FCF0B213
:1005C0002900FBF7C7F88027BF01391B0136242318
:1005D000EB5C524A384820180093330004F066FD63
:1005E0002A34BC42E3DB4E48F9F7A6FF01246442FB
:1005F00093E74B48F9F7A0FF012464428DE70520FB
:10060000FBF7DAFF8025AD01291B464A2A4820184E
:1006100004F04CFD6134AC4201DA00251AE0424896
:10062000F9F78AFF0124644277E700208027BF01A1
:100630003B1B99460135204EA61903F029FB00907B
:1006400001912B00394A4946300004F02FFD24184F
:10065000BC4215DA072D19DC03AE28220021300038
:1006600003F000FCE8B23100FBF774F80028DCD09E
:100670002423F35C002B01D00498D7E70020D5E7B2
:100680002948F9F759FF0124644246E70520FBF7A2
:1006900093FF8025AD01291B254A0748201804F047
:1006A00005FD5F34AC4201DA00265AE02148F9F733
:1006B00043FF0124644230E75C4D0220788502103C
:1006C00048410210D8850210A41F00006086021065
:1006D000EC8602108C87021018880210B488021071
:1006E0001C8902102C47022094890210208A0210D3
:1006F0007C8A02102924000021240000222400000A
:1007000023240000242400002524000026240000C7
:100710002724000028240000A08A0210208B021049
:100720002A240000508B02102B240000B48B0210EE
:10073000E48B02102C24000000208027BF013B1B0B
:1007400099460136CE4D651903F0A2FA0090019149
:100750003300CC4A4946280004F0A8FC2418BC42C7
:1007600015DA072E19DC03AD28220021280003F03A
:1007700079FBF0B22900FAF7EDFF0028DCD0242342
:10078000EB5C002B01D00598D7E70020D5E7BE48E9
:10079000F9F7D2FE01246442BFE60520FBF70CFF07
:1007A0008025AD01291BB94AB548201804F07EFC0C
:1007B0006634AC4201DA00261AE0B548F9F7BCFE0F
:1007C00001246442A9E600208027BF013B1B994613
:1007D0000136AB4D651903F05BFA009001913300CF
:1007E000AC4A4946280004F061FC2418BC4210DAE7
:1007F000072E14DCF0B203A9FAF7ACFF0028E2D010
:1008000003AA2423D35C002B01D00698DCE7002048
:10081000DAE79F48F9F790FE012464427DE605205F
:10082000FBF7CAFE8025AD01291B9B4A944820187E
:1008300004F03CFC8634AC4201DA00251AE097480B
:10084000F9F77AFE0124644267E600208027BF01A1
:100850003B1B994601358A4EA61903F019FA009000
:1008600001912B008E4A4946300004F01FFC2418E9
:10087000BC4213DA072D17DCE8B203A9FAF76AFFC6
:100880000028E2D003AA2423D35C002B04D00998CB
:10089000844903F082F9D9E70020D7E77F48F9F7C8
:1008A0004BFE0124644238E60520FBF785FE7E48B6
:1008B000F6F7F0F806007248201880218901091B1C
:1008C000002E02D0784B1B7800E00023774A04F01A
:1008D000EDFB241880239B019C4200DBB8E06848B4
:1008E0002018191B002E06D06F4B24229B5C002B76
:1008F00002D0012300E000236D4A04F0D7FB8F34BF
:1009000080239B019C4200DBA5E05D4D65191F1B08
:10091000002E00D186E0644B586803F0B9F9654AAF
:10092000009001913900280004F0C0FB24188023B6
:100930009B019C4200DB91E0514D65191F1B002E6D
:1009400073D0594B986803F0A3F95B4A009001916A
:100950003900280004F0AAFB251880239B019D4242
:100960007FDA474C2C195F1B002E61D04E4BD868A4
:1009700003F08EF9514A009001913900200004F0F3
:1009800095FB2D1880239B019D426DDA3C4C2C1960
:100990005F1B002E4FD0444B186903F079F9484A89
:1009A000009001913900200004F080FB2D18802375
:1009B0009B019D425BDA324C2C195F1B002E3DD00F
:1009C000394B586903F064F93E4A009001913900AF
:1009D000200004F06BFB2C1880239B019C4249DA19
:1009E00027482018191B002E2BD02F4BDB69364AC5
:1009F00004F05CFB241880239B019C423DDA2048D4
:100A00002018191B002E1ED0274B1B6A2F4A04F0FA
:100A10004DFB241880239B019C4259DA0520FBF7EB
:100A2000CBFD7AE50020002179E7002000218CE74A
:100A3000002000219EE700200021B0E700200021D7
:100A4000C2E70023D3E70023E0E70124644264E522
:100A50000124644261E5012464425EE501246442AC
:100A60005BE50124644258E50124644255E5012414
:100A7000644252E5012464424FE5012464424CE59E
:100A80005C4D0220448C02102C240000708C02105B
:100A90002D240000D88C0210048D02102E2400009A
:100AA0008C8D021000007A447C6D0220C48D0210EF
:100AB0005C8E0210F08E0210808F0210F88F0210F0
:100AC000909002102C910210C891021058920210BE
:100AD0000124644221E5C04630B5C1B004000C4A8F
:100AE000802118234900684604F0E0FA652269462F
:100AF0002000F1F787FF0520FBF75EFD054918226E
:100B00002000F1F77FFF0520FBF756FD41B030BD17
:100B1000E49202104C93021030B5C1B005000520DC
:100B2000FBF74AFDFFF7E0FB041E1DDB164A8021A0
:100B300003004900684604F0B9FA002812DBFF28D8
:100B400001DD8020400082B269462800F1F75AFF9B
:100B50000520FBF731FD002C0DDC0C490C48220070
:100B6000F6F72CFD41B030BD0A48F9F7E5FC280046
:100B7000FFF7B2FFF6E7A2B207492800F1F742FFFC
:100B80000520FBF719FDE8E7A8930210689302100F
:100B90001C9402102F2400005C4D0220F0B5C646C4
:100BA00000B5002A43D0002400250AE0A61C964286
:100BB0003AD2671CB8465C270F5544460B553400A3
:100BC0000135435D002B2FD0561EA6422CD9222B77
:100BD000ECD05C2BEAD00A2B08D00D2B10D0092BBF
:100BE00018D01F2BECD90B550134E9E7A31C934215
:100BF0001AD2661C5C270F556E248C551C00DFE74B
:100C0000A31C934210D2661C5C270F5572248C558E
:100C10001C00D5E7A31C934206D2661C5C270F5527
:100C200074248C551C00CBE7091900230B7080BC81
:100C3000B846F0BDF0B5D6464F464646C0B55F4C07
:100C4000A54481460520FBF7B7FC5D4802AB9C46F6
:100C50006044FDF749FB061E0FD0FDF771FC0390C1
:100C600082460520FBF7A8FC65AA564B31CB31C262
:100C70001B78137000240C2524E0534A05AC2C2368
:100C8000C021200004F012FAA32221004846F1F707
:100C9000B9FE0520FBF790FC4C492C224846F1F7A1
:100CA000B1FE0520FBF788FC80E0494A8021C9009D
:100CB000491B65A8401904F0F9F92D1812E0002627
:100CC0000134E4B2042C30D82700E200121B920059
:100CD0003B4B02A98C4663449B18DB7EA52BEFD1CE
:100CE000002EE2D0FB00DB1B9B00354A02A98C469C
:100CF00062449046984405AE402231004046FFF7DA
:100D00004DFF43469B7E334A8021C900491B65A89D
:100D10004019019300963B0004F0C8F92D18E30731
:100D2000CDD40520FBF748FCC9E72B4A8021C90038
:100D3000491B65A8401904F0B9F92C185346FF2B3C
:100D400012D0264A8021C900091B65A80019039BFF
:100D500004F0ACF92418002C10DB8023DB009C424B
:100D60000DDD8024E4000AE01D4A8021C900091B32
:100D700065A8001904F09AF92418ECE70024194A30
:100D800035AD2300C021280004F090F982B229007B
:100D90004846F1F737FE0520FBF70EFCA2B265A925
:100DA0004846F1F72FFE0520FBF706FCC423DB00C5
:100DB0009D44E0BCBA46B146A846F0BDE0F9FFFF4D
:100DC0008C050000E894021044940210AC3103102A
:100DD00098830210F89402101895021014950210CE
:100DE00028950210B8820210F0B58FB005000C00F3
:100DF0000520FBF7E1FB002C3BD02000F3F790FB34
:100E00000520FBF7D9FB102200210AA803F02AF8DD
:100E10000822002108A803F025F85D492000F3F717
:100E20004DFB011E06D00AAE0F2230000DF0E4FD8E
:100E30000023F37357492000F3F740FB011E06D04F
:100E400008AE072230000DF0D7FD0023F3710AAB86
:100E50001B78002B03D008AB1B78002B12D14E4916
:100E6000A3222800F1F7CEFD0520FBF7A5FB0FB06C
:100E7000F0BD4A499B222800F1F7C4FD0520FBF78D
:100E80009BFBF4E708A80BF083FD060004281DD89F
:100E900043490AA80EF08AF8002820D041490AA840
:100EA0000EF084F8002863D1F0B2F9F7FBFD0400DE
:100EB0000520FBF781FB002C63D03B49A3222800CF
:100EC000F1F7A0FD0520FBF777FBD0E73749992222
:100ED0002800F1F797FD0520FBF76EFBC7E701AB94
:100EE00000221A7032492000F3F7E8FA011E06D0FA
:100EF00001AF192238000DF07FFD00237B762D49CC
:100F00002000F3F7DBFA00281AD00A2200210DF0A6
:100F1000D5FBFF2800D9FF20C4B201AB1B78002B02
:100F200004D001A80EF0C4F8192818D8F0B2220095
:100F300001A9F9F78DFD04000520FBF73DFBBAE799
:100F40001D492000F3F7BAFA0028DED11B499B2285
:100F50002800F1F757FD0520FBF72EFB87E718491E
:100F6000A5222800F1F74EFD0520FBF725FB7EE7C3
:100F700014499D222800F1F745FD0520FBF71CFBD5
:100F800075E71149C1222800F1F73CFD9AE7C046F8
:100F900030950210389502106C3003101031031098
:100FA0003C95021060950210482D0310D02F0310BD
:100FB000449502104C95021054950210342F0310E2
:100FC0008C2E0310EC2D0310842C031070B505003B
:100FD0000C000520FBF7F0FA002C26D02000F3F7D8
:100FE0009FFA0520FBF7E8FA25492000F3F766FA97
:100FF000002823D00BF0CCFC0400042827D8F5F7F8
:101000003BFD00282CD0E0B2FDF764FB0400052076
:10101000FBF7D2FA002C2CD01A49A3222800F1F7B2
:10102000F1FC0520FBF7C8FA70BD17499B22280088
:10103000F1F7E8FC0520FBF7BFFAF5E71349992221
:101040002800F1F7DFFC0520FBF7B6FAECE71049C2
:1010500099222800F1F7D6FC0520FBF7ADFAE3E76B
:101060000C49B1222800F1F7CDFC0520FBF7A4FACA
:10107000DAE70949A5222800F1F7C4FCD1E7C04608
:101080003895021058290310E82B03104C2B03103D
:10109000B02A0310FC290310B028031070B586B0E5
:1010A00005000C000520FBF787FA002C4FD020002C
:1010B000F3F736FA0520FBF77FFA1022002102A889
:1010C00002F0D0FE08220021684602F0CBFE34492F
:1010D0002000F3F7F3F9011E06D002AE0F22300014
:1010E0000DF08AFC0023F3732E492000F3F7E6F994
:1010F000011E06D06C46072268460DF07DFC0023D9
:10110000E37102AB1B78002B05D0274902A80DF034
:101110004DFF002824D06B461B78002B30D068464A
:101120000BF036FC042822D8C0B2F9F7DBFC04002F
:101130000520FBF741FA002C2BD01C49A3222800E4
:10114000F1F760FC0520FBF737FA06B070BD1849CF
:101150009B222800F1F756FC0520FBF72DFAF4E757
:10116000F9F7E0FC04000520FBF726FAE3E7114954
:1011700099222800F1F746FC0520FBF71DFAE4E769
:101180000D49A3222800F1F73DFC0520FBF714FAD6
:10119000DBE70A49A9222800F1F734FCD2E7C04670
:1011A0003095021038950210689502103026031011
:1011B0001428031078270310D42603108425031065
:1011C0000FB400B5C3B044AB04CB419380214900B8
:1011D00001A803F07FFF002808DBFF2803D901AA3C
:1011E000FF230021D1540348F9F7A6F943B008BC06
:1011F00004B01847306F000010B582B004000B0037
:101200000348009222007146FFF7DAFF30BFFDE786
:101210007095021010B582B000280DD0002A0DD0B4
:10122000002B0DD0074C009313000A000100200092
:10123000FFF7C6FF30BFFDE70348EFE7024AEFE7DD
:10124000014BEFE7A8950210186402100FB400B527
:10125000C3B00A487146FFF7B3FF449B002B0AD086
:1012600045AB01938021449A490002A803F032FF64
:101270000348F9F761F930BFFDE7C046C895021091
:10128000316F000010B58300084A9A181468402294
:10129000544080322240064CA44663441A60C00089
:1012A000044B9C466044416010BDC04604C00140F0
:1012B00004D001400040014080000C4B9C4660443B
:1012C00000290ED00823002A0DD0042213430268FF
:1012D00053400C2213408022520194466044036024
:1012E00070470023EFE70022F0E7C04604C001404A
:1012F000002906D08000064B9C46604440230360D2
:1013000070478000034B9C46604440230360F7E72E
:1013100004E0014004F0014010B501238340D022D5
:101320001206936293610521FFF7ACFF10BD000028
:1013300010B58023DB05186803051B0D0B4A93428B
:1013400007D10B4B034080229201934207D1000F3B
:1013500010BD084B084A09481321FFF75BFF084BF3
:10136000054A06481421FFF755FFC046270900002B
:1013700000F0FF0FE4950210DC3103100896021014
:10138000509602100FB400B583B0084804F06CF812
:10139000049B002B07D005A90191180004F074F8F4
:1013A000034804F061F8012003F0B4FE64960210D3
:1013B000E04E021010B50148FFF7E4FF74960210EA
:1013C000EFF3108072B6034B1B68002BFBD0BFF30A
:1013D0005F8F70472C0100D0BFF35F8F024B00225C
:1013E0001A6080F3108870472C0100D0F8B5060011
:1013F0000C001500FFF7E4FFE308F718F15C072283
:101400002240012393400B4205D1DBB20B433B70DA
:10141000FFF7E2FFF8BD21002800FFF717FFF0B546
:1014200083B00600019114001F00FFF7C9FF00E020
:101430000134BC420CD8E308F518F35C07212140C5
:1014400001228A401A42F3D1D2B21A432A7001E033
:1014500001246442FFF7C0FF002C02DB200003B030
:10146000F0BD019B002BF9D00898FFF7EFFE0000BC
:10147000054A1078431CDBB21370172B02D91300F6
:1014800010221A707047C0469E2D002010B582B001
:101490000100054C054B00931F2318222000FFF785
:1014A000BEFF02B010BDC046444402208496021024
:1014B000002307E0054A9A189200BFF35F8F0021CE
:1014C000116001331F2BF5D97047C046400000342E
:1014D000074B9B68103080001950BFF35F8FBFF33C
:1014E0005F8F044B0021196082F310887047C0465B
:1014F00000ED00E0240100D00048704700E400E067
:1015000010B5FFF7F9FF002302E0034A04C00133DE
:10151000072BFAD910BDC0468080808010B50388A3
:10152000DA0A1C2A05D15B055B1502335B00C01883
:1015300010BD034B034A8E2103484900FFF76AFEA2
:10154000A096021018320310B896021010B5091AAE
:101550000B1F0A4A88180A4A904208D8C90706D4BD
:101560005B105B055B0D0748184380B210BD064B4E
:10157000064A872106484900FFF74CFEFC07000099
:10158000FE0F000000E0FFFF009702100C32031076
:10159000B896021001238340034A10681840431E86
:1015A0009841C0B27047C04600E100E0002A05D073
:1015B000044BC0225200995019607047014A8023A1
:1015C000D150FAE700E100E010B50A001F23034004
:1015D000012199404009FFF7E9FF10BD0123834035
:1015E000014A13607047C04600E200E0024B9B686E
:1015F00010308000C058704700ED00E010B5FFF7D4
:10160000F5FF044BC31A00202F229A424041C0B27A
:1016100010BDC046A02D002070B504000D00EFF3F2
:10162000108672B60C4B1B68002BFBD0BFF35F8F8C
:101630002000FFF7DBFF094B984201D0A84205D1FB
:10164000320029002000FFF743FF70BD044B054A1C
:101650000548ED21FFF7DEFD240100D0C101001097
:101660003097021040320310B8960210F0B5DE46F3
:1016700057464E464546E0B589B081460191150072
:10168000EFF3108B72B66F4B1B68002BFBD0BFF3D0
:101690005F8F6D4B00269E57002E40DB7400A4190F
:1016A000A4006A4824180622A256674B1A70684B99
:1016B0009A684B4610339B00D35898461B1A2F2B21
:1016C0003BD9644B984531D105AF634B3B806349AF
:1016D00073009A46981980005C4B9846404402304B
:1016E000FFF734FF78805E4BBB80FF23BB71FD7139
:1016F000019B0793330053449B00434407CF07C328
:1017000001231C43A0465A4641464846FFF7E0FEE7
:1017100009B0F0BCBB46B246A946A046F0BD514B4D
:10172000514ABE2151484900FFF774FD504B4E4AC3
:1017300084214E48FF31FFF76DFD012342469A4355
:101740009246101A0C2101F0E1FA00290FD15346FC
:101750000027DA79AA4212D90621595600290DDB51
:101760004A005218920039491F008B18F1E7414B8B
:101770003D4ACA213D484900FFF74CFD1F00002F9C
:101780002ED005AB3C4A1A80813A5A800623FB567C
:101790000293002B17DA394805AB9A469880029AD3
:1017A0009A71DD71019A0792381D2100FFF7CEFE74
:1017B000B880BE71254B7200921992009B18524658
:1017C00013CA13C39FE7381DFFF7A8FE010070007E
:1017D000801980001D4BC0180430FFF7B7FEDBE70F
:1017E00005AF1D4B3B801D49730002939B199B0065
:1017F000164A90461A0042440392901CFFF7A6FE38
:101800007880039A101D5146FFF7A0FEB8801C4B4C
:1018100052464146521A524153431B0DBB71FD7152
:10182000019A0792029B9B199B00434407CF07C371
:10183000114B52461380813B538001231C43A04629
:1018400061E7C046240100D0F9800220A02D0020CD
:1018500000ED00E0C101001000A1FFFFD02D00202D
:1018600001BDFFFF6897021028320310B8960210DE
:1018700090970210B89702100148000001BD0000C7
:10188000AAAA000070B505000C00FFF735FEAB08F2
:101890009B00C218116803232B40DB00FF209840F7
:1018A00081439C402143116070BD0000F8B50122C6
:1018B00002432C4BD31A2F2B28D8EFF30583002B90
:1018C0002AD0EFF3108472B6274909680029FBD0AB
:1018D000BFF35F8F234D25490600761B7641714388
:1018E000090D4DB2224989689B00C958914219D00F
:1018F0000021032930D81B4B4A00521892009B1834
:101900009B795BB2AB421DD00131F2E7194B1A4A09
:101910001A481B49FFF77EFC1A4B174A17481A4909
:10192000FFF778FC124A92681849D150184B1A7880
:1019300082711D70BFF35F8F0B4B00221A6084F31E
:101940001088F8BD074B4A005618B6009E19FF27AD
:10195000B771104AB280E9E70F4B074A07480F49B1
:10196000FFF758FCA02D0020240100D0AAAA0000F7
:1019700000ED00E03C980210F0310310B896021020
:101980007F0200006498021082020000C101001072
:10199000F980022001BDFFFF709802109302000041
:1019A00010B582B00100074C074B009305230022BD
:1019B0002000FFF734FD002801DB1F23181A02B0B6
:1019C00010BDC0462881022078980210024B9C4628
:1019D00061448900016070474000003410B5040084
:1019E000FFF746FD01002000FFF7F0FFFF23237102
:1019F000BFF35F8F10BD10B50400FFF739FD010084
:101A00002000FFF7E3FFFF23237100236371BFF37F
:101A10005F8F10BD10B50D4C09E00D4B0D4A0E48FF
:101A20001A21FFF7F7FB2000FFF7D8FF08340B4B14
:101A30009C4209D22368002BF5D0012BEDD1200068
:101A4000FFF7D9FF0834F2E710BDC046303500205B
:101A50009498021080320310B49802103835002098
:101A6000034B9C46614489000160BFF35F8F704760
:101A70004000003410B504000120FFF707FD01000D
:101A80002000FFF7EDFF10BD30B5846A151B0B1D5C
:101A90009B001B581B1B9D4204D3046A01238B40EF
:101AA000234202D1043189000A5030BD00040843AA
:101AB000704700000A4B1968EFF3108372B60A688A
:101AC000002AFCD0BFF35F8F054A1268BFF35F8F17
:101AD0000021116083F3108840BF0020002170476F
:101AE00018800220F0B5DE4657464E464546E0B522
:101AF00087B0EFF3058303221A409246AE4B920063
:101B0000D7583B78534507D1012352469340994615
:101B1000AA4B4A461A6025E1A94BAA4AAA48922133
:101B2000FFF778FB7A6973009B19DB0090469844B5
:101B300043469C68DD68A54800F0CAFB001BA9412C
:101B4000002900DA16E1002D74DB43461B699B4631
:101B50009F4B9B454FD00823F85E4346598889B276
:101B6000FFF7A4FF43465969D847029003910299B1
:101B7000039A0B00100013435CD013000A000028E6
:101B800047DAA41A9D41009401954346009C019DAB
:101B90009C60DD600021595E002900DAEAE0786986
:101BA0004B005B18DB00C3189A68DB68A41A9D41E0
:101BB000002D00DADEE039813D00083584460491CD
:101BC0002A000597B346009E019F049B002B2ADB49
:101BD0000023D45E63001B19DB0063449C68DD684E
:101BE00030003900001BA94100291CDB1A0000212C
:101BF000595E0491E9E743465B699B461B69584679
:101C00009847002816D05B461A685B6802920393D7
:101C1000ADE76E4800F05CFB029B039C1B184C4137
:101C200000930194B1E70499059F5E4643461980ED
:101C300016809FE0434600229B5E3B813A69EFF3AA
:101C4000108372B611680029FCD0BFF35F8F0221A8
:101C50007A5E41460A807E803A69BFF35F8F002139
:101C6000116083F3108885E03969EFF3108372B651
:101C70000A68002AFCD0BFF35F8FB88800B2012247
:101C80005242BA803A69BFF35F8F0021116083F33B
:101C900010880500BC461CE0049300229A5E002ACE
:101CA0000EDB049B0021595E4B005B18DB00634494
:101CB0009868D96834003D00241A8D41002DEBDA74
:101CC00004995D46009B9C4644460D800023E55EDA
:101CD0002280002D12DB634658696C006419E40011
:101CE0000419A668E7686146083108229A5EAB4687
:101CF000049163460093A0468446D0E767463EE0E1
:101D00000023BB71390008310823F85E0EE001247E
:101D10006442E5179460D56008243B5F834204D099
:101D20000E8008243B5F138038813000431C29D08B
:101D30007C6943001B18DB00E218E65E53881BB287
:101D4000002BE4DB1100F0E722002B0051461F4876
:101D5000FFF79AFE1D4800F0BBFA241A8D41002DB2
:101D600022DC1FD0194B4A465A630823FE5E002E20
:101D700000DBD7E6BB881BB2002B00DB74E7BB7926
:101D8000002BBDD10823FA5E002A0DDB79695300D0
:101D90009B18DB00CB189C68DD68631CD4D16B1CDE
:101DA000D8D0D1E7002CDDD040BF07B0F0BCBB4697
:101DB000B246A946A046F0BDAC6D02203C7005407D
:101DC00048990210AC32031074990210004005408B
:101DD000E51A011070B504000D0011000126AE4097
:101DE00006622800FFF718FC01212800FFF7ECFB32
:101DF000024B9C466444266070BDC04638200000FB
:101E0000F8B5CE46474680B50600894690461F0085
:101E1000C160FFF72DFB154B9C466044800030618C
:101E200043463370BBB27381D022120612787270AF
:101E3000012252423281B2809B187380002406E056
:101E4000621E736965002D19ED005A530134BC42BE
:101E5000F6D3074B42469200D650064A41464846C2
:101E6000FFF7B8FFC0BCB946B046F8BD400000342B
:101E7000AC6D0220E51A011010B5064B1B69002B52
:101E800001D0044810BD044B044A05486521FFF702
:101E9000C1F9C046E82D0020B49902109432031015
:101EA00074990210F8B504000569EFF3108072B65A
:101EB00029680029FCD0BFF35F8F0221665E656947
:101EC00071008919C9006D18002E02DB0027E95F37
:101ED00061802169BFF35F8F00270F6080F3108856
:101EE000002E2CDB0699296107996961AA60EB60D5
:101EF0006B8801335B04590C002B00D101216980F0
:101F00003000FFF7D3FD2169EFF3108372B60A6842
:101F1000002AFCD0BFF35F8FA2882A80A6802269A6
:101F2000BFF35F8F0021116083F31088E36821788D
:101F300001228A4003498C4663441A60F8BD01209F
:101F40004042FBE73C20000070B582B00600140060
:101F50001D0008AB1B78002B07D100F0EBF9220025
:101F60002B00121A8B41002B0ADB079B0193069B67
:101F7000009322002B003000FFF794FF02B070BDE9
:101F80000020FBE7F0B5C64600B584B005008846E2
:101F900016001F000AAB1C78FFF76EFF0294019732
:101FA00000962A004346FFF7CFFF04B080BCB84636
:101FB000F0BD000030B504000A1443899A422EDABD
:101FC000406953009B18DB00C3182569EFF31082AA
:101FD00072B628680028FCD0BFF35F8F588885B29E
:101FE0000904090C884212D000202369BFF35F8FD7
:101FF0000021196082F31088002811D0E36821784D
:1020000001228A4007498C4663441A6008E0064969
:10201000294389B259800123A3710120E5E70020FB
:1020200030BDC0463C2000000080FFFF10B504001A
:10203000FFF722FF2100FFF7BDFF10BD407870477A
:10204000F0B583B006000F00EFF30583002B1AD123
:1020500006246442E517A4197D418D4202D803D1BC
:10206000844201D90024002500F064F922002B00ED
:10207000121A8B41002B0BDC08D03000390000F025
:102080009FF903B0F0BD1648FFF7E0F8002AF4D03E
:10209000144A0023009320002900FFF773FF002853
:1020A00013DAEAE7104B1968EFF3108372B60A6887
:1020B000002AFCD0BFF35F8F0B4A1268BFF35F8F1B
:1020C0000021116083F3108820BF084B5B6A9D429A
:1020D000E8D80649896AA142CFD29D42CDD1E1E735
:1020E000D8990210B51A011018800220004005404E
:1020F00070B504000D0000F01DF9001969410029B8
:1021000002DBFFF79DFF70BD012040420049F8E768
:10211000FFFFFF7F10B5FA2292000023002101F09B
:10212000FFFCFFF7E5FF10BDF0B5CE46474680B592
:1021300083B005000C00EFF30583002B15D03F4B57
:102140005B6A8B4209D33D4A926A82420BD28B4230
:1021500001D0012002E0002000E0002003B0C0BC5C
:10216000B946B046F0BD0120F8E7FFF785FEC36829
:102170009946037898462E002700484600F0A8F8B4
:1021800002000B00B61A9F41434604339B004A46A7
:102190009B581B1A0022BA420FDC0CD020BF274BE1
:1021A0005B6A9C422DD8254A926AAA422BD29C4255
:1021B00025D00120D2E7B342F0D9214A0023009371
:1021C00028002100FFF7DEFE00281EDD1B4B5B6AA6
:1021D0009C4205D8194A926AAA4202D29C4200D176
:1021E00020BFFFF723FF154B5B6A9C4221D8134A9F
:1021F000926AAA421FD29C4219D00120AEE7002069
:10220000ACE70020AAE70120A8E70C4B5B6A9C42E0
:1022100009D80A4A926AAA4207D29C4201D00120F8
:102220009CE700209AE7002098E7012096E700202D
:1022300094E7002092E7012090E7C0460040054067
:10224000B51A0110004870470040054010B50B4B0F
:102250001B69002B04D00A480A21FFF7B7FB10BD09
:10226000FFF7F0FF0400032100F028F803481023D3
:1022700003222100FFF7C4FDEDE7C046E82D002052
:102280001880022001684268084B5B6A9A4209D8AC
:102290000648806A884207D29A4201D0012002E0B3
:1022A000002000E0002070470120FCE700400540CE
:1022B00002604360004870478522011010B5024A51
:1022C0000248FFF793F810BD289A021048440220F4
:1022D0000200436A906A1900536A9942FAD1704722
:1022E000416A00E0416A9942FCD300E0416A9942A8
:1022F00002D1816A9142F9D37047F0B5C64600B564
:10230000804614001D00FFF7E3FF06000F002200C7
:102310002B0092197B41994202D804D1904202D9F4
:1023200001225242D3174046FFF7DAFF80BCB8467D
:10233000F0BD000010B50248FFF7CAFF10BDC0464F
:102340000040054010B502000B000248FFF7D5FF22
:1023500010BDC0460040054010B5002905DB826A6B
:10236000836A9B1A8B42FBD310BD08000021FFF744
:10237000E9FFF9E710B5040008000C4B994208D8B2
:102380004901091A89000918C9002000FFF7E4FF74
:1023900010BDFA2292000023002101F0C1FB0200CF
:1023A0000B002000FFF7A9FFF2E7C0469BC4200006
:1023B00010B501000148FFF7DDFF10BD00400540EA
:1023C00010B502000B000248FFF78AFF10BDC0469F
:1023D00000400540074B98420AD0162301229A403C
:1023E000054B1A60054B1B6811009943FAD17047E1
:1023F0001723F3E70080034000F0004008C00040CE
:1024000070B5046BE30701D4200070BD0B4BC318FB
:102410000B4A1A60456A836AAD01ED18AD020620C9
:1024200000F06EF9074900F071FC0100280000F08F
:102430006DFC0021FFF786FFE6E7C0463030000064
:10244000010300004E0E000070B504000E001500E0
:10245000FFF7D6FFE36A5E403540024BE3181D608C
:10246000206370BD2C10000070B505000C00062024
:1024700000F046F9C000210000F048FC0130C60918
:1024800007D00E4B9E4215D8400834003F26064028
:1024900000E001246C62AE62002200212800FFF7F8
:1024A000D3FF062000F02CF98000A101891900F06B
:1024B0002DFC70BD0026024CECE7C046FEFF00007C
:1024C000FFFF000010B505394901013AD2000A4367
:1024D000002B07D002210A43012B01D0002102E08A
:1024E000023100E0002111436E22FFF7ADFF10BD65
:1024F000002909D00A22064B9C46604443425841B9
:10250000044B4000C252704780225200F3E7C0469D
:102510000080FCBF4080022070B504000D00062042
:1025200000F0EEF800281ED0104B9C421CD0162262
:10253000012393400E4A13602000FFF74BFF002158
:102540002000FFF7D5FF29002000FFF78DFFE26A8A
:1025500070235A400E331340064AA2181360064BEC
:1025600023630323A36470BD1722E1E700800340C7
:1025700000E000402C10000001030000F8B5D64632
:10258000474680B506000D00170098464400241801
:10259000A400294B9C4664446368089A934200D285
:1025A0006260331FDBB29A46012B2ED980221201C2
:1025B000C0239B01E3181A60204BB200D1580029B8
:1025C00007D0586900F0A2FB013043001B18033B01
:1025D000FDD27F0123685F40E0233B40802252010F
:1025E000A21813605346012B1AD980239B01E318CC
:1025F000802212011A60089B6360104BB6004246AD
:10260000F250C0BCBA46B046F8BD012DCED103226F
:10261000C0239B01E3181A60A368DB07FCD5D8E749
:102620002168694003230B401360A3680122AA407C
:102630001A42FAD0D9E7C046008000404C4402203C
:10264000F0B5CE46474680B583B005000E001700B2
:102650001C000A9B9C4219D3230E984623029946DC
:102660000A9A00234846414600F08EFB002913D009
:102670004346002400943A0031002800FFF77EFF13
:10268000012003B0C0BCB946B046F0BD0A4B0B4AAE
:102690000B486321FEF7BEFD040080239B00984297
:1026A00001D280246400220000234846414600F005
:1026B0006BFB0300DEE7C0464C9A0210D0320310D9
:1026C000609A0210F0B583B005000E0017001800E4
:1026D000089900F01BFB0300089A140200943A00CA
:1026E00031002800FFF74AFF03B0F0BD10B582B0FB
:1026F000802464000094FFF741FF02B010BD000089
:10270000014B8000C05870474C440220F0B583B0A4
:1027100005000E001400144F3B000122012105208A
:10272000FFF7E4FF009433002A0001210F4800F076
:1027300073F821007143280000F0E8FA04000C4B04
:10274000002202210420FFF7D1FF230000220121F3
:102750000520FFF7CBFF3B00022200210620FFF7F8
:10276000C5FF03B0F0BDC046006CDC020080024033
:10277000001BB700F0B5DE4657464E464546E0B56D
:1027800083B080468B4692460193A0235B00994616
:102790002AE0013C002C1ED025007D43290030009A
:1027A00000F0B4FA4045F4D12900300000F0AEFA50
:1027B0000029EED1144B4A4653435A461360534600
:1027C0001F60019B1C60012003B0F0BCBB46B246F9
:1027D000A946A046F0BD013F002F01D03C00D9E73B
:1027E00001235B429C46E1444B460F2B09D9074E1F
:1027F0004B465E43064BF218064B9A42F0D8072729
:10280000EAE70020E0E7C046001BB700E02E00002A
:10281000508EF4FF50F80C00F0B5C64600B5040029
:102820000E0017001D00374800F070FA8046364B46
:10283000FA18364B9A4239D80100380000F066FA8F
:102840000200103A98235B009A4235D86B1E062B83
:1028500038D8069B013B062B34D83F09474537D370
:102860002D04069B1B031D432368002B36DB284BDE
:102870009C4244D00C2201239340264A1360264AEE
:102880001360264A1268190091430A1EF9D1266086
:10289000A060234BE31821321A602268002AFCDA78
:1028A000E56008221A6080BCB846F0BD1D4B1E4A88
:1028B0001E481121FEF7AEFC1D4B1B4A1B48192177
:1028C000FEF7A8FC1B4B184A18481C21FEF7A2FC77
:1028D000194B154A15482321FEF79CFC22683F231B
:1028E0001340B342C3D1A3681B051B0D8342BED165
:1028F000E368EE22D2021340AB42B8D1D3E70D22F7
:10290000B9E7C046001BB70080E84BD380F8A93276
:1029100000C0024000E0004000F0004008C000405D
:1029200004300000AC9A0210E0320310FC9A02104E
:10293000449B0210609B0210AC9B0210024B1A6871
:10294000024B5A607047C046504D0220008005403F
:1029500010B5174B8022D2051A60164B164A1A6022
:1029600000290AD0154BE022D2041A60002809D1B0
:10297000124B802212061A6010BD0D4BE022D204C9
:102980001A60F3E743011B1A9B00181800010C4B57
:10299000186080235B04984202D3094B094A1A60ED
:1029A000FFF7CCFF054B8022D2051A60E4E7C04652
:1029B00000B0054008200140FCFF010000A00540D8
:1029C000504D0220FFFFFF0010B5034B034ADA61B0
:1029D000FFF7BEFF10BDC046008005402131B76A39
:1029E000024B9868431E9841C0B270470080054072
:1029F00080239B000B43014AD3627047008005404F
:102A000010B5010018231B8814221088984710BDA8
:102A100010B5010018231B8816221088984710BD96
:102A2000F0B5C64600B507000E0000250123984604
:102A300000E00135B5420AD2AC003C192068FFF72E
:102A4000DFFF20600028F4D100239846F1E74046DC
:102A500080BCB846F0BD000070B504000D0003480E
:102A6000FFF7CEFF030029002000984755420000E1
:102A700070B504000D000648FFF7C2FF0300002CEC
:102A800003DB0120A040290098470020FBE7C04657
:102A900055420000074BAA2212011A608D225200F3
:102AA000DA60054B054A1A60024B5B68002BFBDAC3
:102AB0007047C046004002400060024000B0FA008B
:102AC00010B5040001E008CC9847024B9C42FAD3B1
:102AD00010BDC0460C2C02107047000010B5024813
:102AE000FFF7EEFF10BDC046D02B0210054B064A83
:102AF0001A60064B064A1A60064B1A68044B934349
:102B0000FAD1704700E00040BFCDFBFE00F000406E
:102B1000FE7F3C0008C00040044BDB6C002B03D15F
:102B2000034B8022D2021A607047C0460000115049
:102B30004C201150044B054A1A60054B1B68DB43BF
:102B4000DB01FAD17047C04600F00040FFFFFF01F3
:102B500008C00040034B40229A675A671A67DA663A
:102B60007047C04600F0014010B5FEF7A1FC10BD53
:102B700010B50C4A0C4BD21A92101400302A00D90E
:102B8000302292000948084901F072F904E0084A2D
:102B9000064BA100CA5001342F2CF8D9034B054A2B
:102BA000936010BDC0010010000100100000002063
:102BB000C101001000ED00E070B50420FFF7A0FD9A
:102BC000064900F0A3F805000024002C00DD70BDCC
:102BD000E0B22900FFF70CFF0134F6E740420F0096
:102BE00030B583B0274B00229A67FFF753FF264B7F
:102BF00001221A60234B5B6C012BFBD1234B032278
:102C00001A60204B9B6B012BFBD1013300930433E3
:102C10001F4A01211F48FFF7FFFD052300931E4AAD
:102C200001211E48FFF7F8FD1D4B00220221042060
:102C3000FFF75CFD1B4D2B00002201210520FFF753
:102C400055FD194C2300002200210720FFF74EFDFF
:102C50002300002200210820FFF748FD8023DB002D
:102C600000932300002200210920FFF72BFD2B00F9
:102C7000002200210620FFF739FDFFF79DFF03B07A
:102C800030BDC046008000403CB0004030B0004045
:102C9000002F685900800240008C864700C0024027
:102CA000001BB70040597307006CDC020148042187
:102CB000014B1847002E0020212A0110124A936F61
:102CC0009B0815D29066D166002905D0FFE7FFE783
:102CD000FFE7516F106F704704B580210906C217D6
:102CE0005140002800D0C8430FF01AFF002104BD56
:102CF000F0B5146E556E576F166FFFF7E3FF14664D
:102D0000556657671667F0BD000000D0114A936FF3
:102D10009B0813D210665166002905D0FFE7FFE734
:102D2000FFE7516F106F704704B5002801D00020F5
:102D3000C0430FF0F5FE002104BDC046F0B5146E8F
:102D4000556E576F166FFFF7E5FF146655665767A8
:102D50001667F0BD000000D094464A4A926F920870
:102D6000624601D228E0C046F0B5464E346E756E1C
:102D7000776F366F00F020F89446424A1466556625
:102D8000576716676246F0BD94463E4A926F9208B6
:102D9000624601D254E0C046F0B53A4E346E756ECC
:102DA000776F366F00F04CF89446364A14665566D5
:102DB000576716676246F0BD002B24DB11D000294F
:102DC0003EDA00B5C943404200D1013100F038F885
:102DD000C943404200D10131DB43524200D10133AB
:102DE00000BD002AEBD1002801D1002905D0002028
:102DF000C90FC90701D1C043410800B50FF080FEDB
:102E00000022002300BD00B500290ADBDB4352424B
:102E100000D1013300F014F8C943404200D1013120
:102E200000BDC943404200D10131DB43524200D1D1
:102E3000013300F005F8DB43524200D1013300BDFD
:102E4000002923D1002B18D1002A0CD0BC460D4FED
:102E500038667A6600210023FFE7FFE7FFE77A6F15
:102E6000386F67467047002801D00748010000B559
:102E70000FF046FE0022002300BD02000B000020E0
:102E800000217047000000D0FFFFFFFF002B00D0A3
:102E9000BFE0130C28D1002AE7D080B4114F396667
:102EA0007A66FFE7FFE730B4040C7B6F396F1B04D1
:102EB00023433B667A66FFE7FFE7FFE7C04684B23D
:102EC0007B6F3D6F1B0423433B667A66FFE7FFE79A
:102ED000C04600232C042D0C7A6F386F001969410D
:102EE000B0BC7047000000D0F0B594460025140E29
:102EF00001D112020835140F01D112010435940FCB
:102F000001D192000235D40F01D152000135D40B0A
:102F10000134254F7C66254C3C660E0C93B2FFE7CE
:102F2000FFE7FFE73C6F6643360C7703BE4673430B
:102F3000DF0B5B04C01AB941130C7343DB18C91AC9
:102F4000CE086643360CB64493B273431F0F1B0181
:102F5000C01AB941130C73431F0B1B05C01AB941AA
:102F6000860D8F023E436643360C092D24DB520A40
:102F70007243801A7703460A6643360C16235B1B9E
:102F8000DE40DF40BF1964466643821B704604354D
:102F900006330100D940A840C01900D30131A24234
:102FA00006D20023F0BD0000000000D0FFFFFFFFAD
:102FB000121B0130F3D3F1E709277F1BFE40644663
:102FC000A2B27243801A00D20139220C7243130C50
:102FD0001204821A99410B00704604351337010020
:102FE000F940A840801900D30131002B02D1A24240
:102FF0000AD2F0BD013000D30131121BFAD2013BDD
:10300000F8D1A24200D2F0BD013000D30131121B31
:10301000F7E7F0B51C0C00D080E00CB400251C0ACA
:1030200004D11B02160E3343120208351C0B04D1C7
:103030001B01160F3343120104359C0B04D19B0076
:10304000960F334392000235DC0B02D192185B419C
:1030500001351C00971864410134464F7C66464C8C
:103060003C660E0CFFE7FFE7FFE7C0463C6F664398
:10307000360C7703BE4697B27743C01B00D20139A6
:10308000C01B00D201399FB27743C91BC91B170C63
:1030900077437E04FF0B801BB941CE086643360C94
:1030A0000C2D33DBB644120B1F053A431B0B97B2B2
:1030B0007743C01B00D201399FB27743C91B170C5D
:1030C00077433E043F0C801BB941860D8F023E437F
:1030D000664329277F1BFE400C3D7746AF40BF1952
:1030E00030BCA2B2ABB272437343801A9941220C36
:1030F0007243130C1204801A994102000B0001372D
:10310000001BA941F9D2781E0021F0BD0C277F1BBE
:10311000FE4077467F0BAF40FF19E0E700245D1CBF
:1031200007D0144F7D663966FFE7FFE7FFE7FFE74B
:103130003C6F95B29EB265436643401BB141150C8E
:103140001E0C6543664336042F0C3E432D04401B82
:10315000B141994204D202000B0020000021F0BDD1
:1031600001D19042F7D3801A994101349942F2D3A8
:10317000F6E70000000000D0FFFFFFFF484041409D
:10318000484018B41B4B5B68FC46019308BD04DF44
:10319000EF34011018B4174B1B68FC46019308BDAF
:1031A00000DFF93401109446134A926F920809D255
:1031B000624618B40F4BDB68FC46019308BD0CDF78
:1031C000B13701100C4AF0B5146E556E576F166F7B
:1031D0006246FFF7EEFF084A1466556657671667A2
:1031E000F0BD18B4034B9B68FC46019308BD08DF93
:1031F00055360110147E0220000000D0FFB550406B
:103200004240504059404B40594000E0FFB5154FF7
:103210004C00640D03D0BC4204D10C0314D8002030
:10322000090D09055C00640D03D0BC4204D11C03E8
:103230000AD800221B0D1B0501264B4009D44B4028
:1032400003D58B4200D18242FFBD9942FCD190420E
:10325000FFBD0B43DB1803431343F5D0C9434918A3
:10326000FFBD0000FF07000000B5FFF7CFFF01D052
:10327000002000BD012000BD00B5FFF7C7FF804161
:1032800000BDC04600B5FFF7C1FF01D9002000BD59
:10329000012000BD00B5FFF7B1FF01D9002000BD3E
:1032A000012000BD00B5FFF7A9FF804100BD01204E
:1032B00040054A00121804D85A00121801D80020FC
:1032C00070470120704700000021002805D1704799
:1032D000C1174840401AFAD0C90713B5064B1B68FE
:1032E00098470CBC441CA2401005120B0349091B53
:1032F00009051943114310BD147F02201F0400006B
:1033000010B54C00620D8023D218DB00D21A5B0589
:103310007E2A10DD9E3A13DACC17090349081943B7
:103320005242D140640001341532202A05DAD040DF
:103330000843604310BD002010BD0846604310BD27
:10334000C80FC018013810BD18B4044B5B6AFC46A6
:10335000019308BD24DF613901100000147E0220B2
:1033600018B4044BDB6DFC46019308BD5CDF6D3A7D
:1033700001100000147E0220C94211D300B549009B
:103380004908002200F018F8002904D40022404225
:103390008A41114600BD80210906002000BD0000C1
:1033A00018B4044BDB6EFC46019308BD6CDF6F392B
:1033B00001100000147E022018B4044B9B6FFC46E1
:1033C000019308BD78DF8B3901100000147E0220C4
:1033D00018B4044BDB6FFC46019308BD7CDFF93960
:1033E00001100000147E022070B513231C78012CFC
:1033F00012D0012C12DC214B214A93642148FFF7A3
:10340000FFFA214B186070BD1C491D4A980081507D
:1034100001331F2BF8D9ECE70023FAE71B48FFF72D
:10342000F7FA05001A48FFF7F3FA023803789B0011
:103430007F2B09DD12488022290000F019FD022CA3
:1034400008D0022CDADCD6E7124B134A134833219A
:10345000FDF7E0FE124B1A88B5231B029A4209D1F0
:10346000104B1A88104B9A4204D1104B1A88104BFB
:103470009A42E6D00020FDF7E9FEC046B5340110BF
:10348000147E02204C330000147F022053440000BD
:1034900053460000C89B0210EC3203100C9C021033
:1034A00054380000D8380000494600009C3800001D
:1034B0005946000007B56046002800D100BE0188CB
:1034C0000A0A0230DF2AFAD1C9B2820804D302887C
:1034D00040880004104300E00068024A5050039006
:1034E00007BD0000147E02200FB403BC0CBCF0B575
:1034F0000124E407634000E0F0B50C0DCF0F661E19
:103500003605891B640503D3C943404200D301310A
:10351000640D03D0661CF60A07D0E41B00207F0070
:10352000791C89078912803C24031D0DDF0F6E1E54
:1035300036059B1B6D0503D3DB43524200D3013399
:103540006D0D03D06E1CF60A07D0ED1B00227F0024
:103550007B1C9B079B12803D2D032F1B661B58D4A1
:10356000A446202E46DA20371400BC401D00BD4082
:10357000F24033412A4380185941CB0F05D0C9434B
:10358000C043002264425041514162464D0D28D152
:103590000D0D07D100281FD0241940414941013A9F
:1035A0000D0DF9D0640006D3013000D30131002C99
:1035B00001D140084000013A0BD4941CE40A04D124
:1035C00012051144DB071944F0BDD907204B1943FC
:1035D00000E0D9070020F0BD0029DDD1002CDBD1AF
:1035E000F0BD0132C6074008CD0728434908002E28
:1035F000E1D0D9E73C2E29DA203E40371400BC4008
:1036000000D00124F24014431A00BB401C43D317DE
:10361000ACE7AC46202F08DA20360400B4400D0099
:10362000B540F84039412843A5E73C2F0CDA203F4C
:1036300040360400B44000D00124F84004430800A0
:10364000B1400C43C117EAE710001900002494E7C9
:103650000000F07FF0B50C0D661E3605891BE60AEA
:103660006405640D02D0651CED0A04D00020012120
:103670000905803C2403A4461C0D671E3F05DB1B87
:10368000E70A6405640D02D0651CED0A04D000222F
:1036900001231B05803C24037740644497B484B223
:1036A00096B27443070C7E43150C6F4380B2684397
:1036B000361802D3012000043F183004350C0019DD
:1036C0007D41844688B29AB250430C0C62431F0C71
:1036D0007C438EB27E43921902D301263604A4198C
:1036E0001604170C3618674101BC81B29AB25143D7
:1036F000040C62431B0C5C4380B25843121802D383
:103700000120000424181004130C401863412D18E4
:103710005E410020474106BC88B293B258430C0C6E
:103720006343120C544389B251435B1802D3012105
:103730000904641819041A0C091862416D185641DD
:103740000020474118BCF902720D1143F0026A0DC6
:103750001043ED020A0D03D16D1940414941013B6F
:10376000124E9B1B7600B3420ED26D0007D3013080
:10377000002671416646354301D1400840001B05D3
:10378000C918E4072144F0BD0BDA013306D101303A
:1037900004D101314F0D01D04908F2E7E1070020C3
:1037A000F0BD013631050020EBE70000FF0300000B
:1037B000F0B51C0D671E3F05DB1BE70A6405640DB1
:1037C00002D0661CF60A04D0002201231B05803CAF
:1037D0002403D0252D060026F6432E661E096E66AC
:1037E000CE0FF619B44649004F0D02D07E1CF60AE2
:1037F00003D000200021403F3F033E1BB600B444ED
:10380000013F7F05C91B49082E6F013676089C02CF
:10381000950D25437543ED137543AD1301356D10BB
:10382000F603761B0CB4CC02450D2C43A2B2B3B206
:103830005A43270C7B43350C6F43A4B26C431B19CE
:1038400002D3012424043F191C041D0CA4187D413B
:1038500024196D41009A91B2ACB26143170C7C43BC
:103860002B0C5F4392B25A43A41802D301221204D4
:10387000BF182204230C52187B41019C6C431B1976
:10388000520ED9010A434401A01A81B2B2B2514387
:1038900003145A43360C734387B27743D617D219B1
:1038A00000277E4136049B191704160C7F185E41D1
:1038B0007316ED18F301002680337541A90F06D168
:1038C0006400690AE8055B0A184309D22FE0042264
:1038D000944480337541A90AA8059B0A184326D34E
:1038E000404149412404009A019B0D005543641B4B
:1038F0004343E41A95B286B27543170C7E43030C1A
:103900005F4392B25A43B61802D301221204BF1881
:103910003204330C52197B4152429C41002C02D498
:103920000022013051414008CA071043490802B043
:103930006246D7079210084BD218084B9A4203D21E
:1039400012058918C919F0BD0020002A01DC3900D0
:10395000F0BD01331905F5E7FD030000FE07000087
:10396000002200B5203200F010F8080000BD00224F
:1039700000B500F00CF8CA179A4200D100BDD84338
:103980000121C907414000BD00220B150AD410B522
:10399000944600F0A7F81414013400DA0021CB1784
:1039A000144C20470020002170476244343A0CD464
:1039B0000C2A07DA04009140904052422032D44051
:1039C000214310BDD843D94310BD203207D40C4643
:1039D0009440524220321141D040204310BD080093
:1039E000C917203203D452422032104110BD1800B2
:1039F000190010BDAB3901104A00520D144BD21AF8
:103A000013DDFF2A1EDAD205CB0FDB071A43C300F2
:103A1000400F0903490A084310435B0001D301D05A
:103A2000013070474308FBD2704702D0C80FC0076F
:103A300070470A0312130132F8D1420F072AF5D159
:103A4000012200E0FF22C80F00028018C005704765
:103A50008003000000210A00002104E000210A0088
:103A6000C11704E00022002306E0C0460022CB1765
:103A700058405940C01A994130B5184CA21A002933
:103A800003D1010010D00020203A4C1512D104D2ED
:103A9000013A001849414C0DFAD3114CA24204D20C
:103AA00012058918DB07C91830BDD243520D00201A
:103AB0000021F5E703D4013A00184941FBD50B3248
:103AC0004405C00A4D052843C90A640003D00024F8
:103AD00060416141E1E7E0D34408F8E732040000C7
:103AE000FE0700000A0DCC0F531E1B05C91A520514
:103AF00003D3C943404200D30131520D03D0531CBC
:103B0000DB0A07D0121B00206400611C89078912A0
:103B1000803A1203014BD21A70470000FF030000E5
:103B200051434343C9188C46110C83B24B4310B424
:103B3000040C614392B280B2504362431C041B0CDC
:103B4000001910BC59411304120CC01851416144B2
:103B50007047000048404140484000239C46114BBC
:103B60005B68184700239C460E4B1B6818470E4A9B
:103B7000936F9B0804D200239C460A4BDB681847CE
:103B8000F0B5146E556E576F166FFFF7F4FF064AC7
:103B90001466556657671667F0BD00239C46014BB7
:103BA0009B681847187F0220000000D007B54840E6
:103BB0004140484001E0C04607B54200120E03D024
:103BC000FF2A03D1420218D8C00DC0054A00120EC8
:103BD00003D0FF2A03D14A020FD8C90DC90501221B
:103BE000414005D4414001D5814207BD884207BD0F
:103BF0000143491801D0C043001807BD00B5FFF7C5
:103C0000DBFF01D0002000BD012000BD00B5FFF7A3
:103C1000D3FF804100BDC04600B5FFF7CDFF01D9FD
:103C2000002000BD012000BD00B5FFF7BFFF01D996
:103C3000002000BD012000BD00B5FFF7B7FF8041A7
:103C400000BD491A002807D108467047C10FC907AF
:103C500000D54042002817D0F44603B40B4B1B6834
:103C6000984706BC81409E384042803107D20B06FF
:103C700007D04900490AC005104308436047013096
:103C8000F8E7490A8902F5E770470000147F02202F
:103C9000034BDB6FFC4618477CDFD53D011000006D
:103CA000187F022070B513231E782A48FEF7B0FE55
:103CB0000500012E11D0012E09DDAB1E1B789B00E3
:103CC0007F2B40DD24488022290000F0D1F82348D2
:103CD000FEF796FE224B186070BD1F485422290043
:103CE00000F0C6F81F4B1A881F4B9A421CD1A7231D
:103CF0009B011A881D4B9A4216D11D4B1A881D4BE9
:103D00009A4211D11C4B1A8894239B019A420BD1E1
:103D10001A4B1A881A4B9A4206D11A4B1A681A4B38
:103D20009A4201D1152307E01848FDF78FFA184C85
:103D3000094A99008C5001331F2BF8D9144B064ABD
:103D40001362D361B7E7134B134A14484221FDF7BE
:103D500061FAC04653460000187F02204C33000031
:103D6000147F0220EE290000C40F0000C20D0000E5
:103D7000962B0000C0B50000182B0000CC2A0000D4
:103D800010B50000FC2C000051ED87640C7402108B
:103D9000A13D0110649C021000330310989C021096
:103DA00007B56046002800D100BE01880A0A02302B
:103DB000DF2AFAD1C9B2820804D3028840880004FD
:103DC000104300E00068024A5050039007BD000015
:103DD000187F0220C30FDB0741000A0E07D0FF2A1D
:103DE00008D00909054A8918194340077047190086
:103DF000002070470249C918FAE7000000000038A7
:103E00000000F07F10B5002804D04018034B984202
:103E100000D810BD0248FDF719FAC0460000042082
:103E2000F09C021070B5050008F00CFE040029009B
:103E3000FFF7E8FF200070BD70B50D0009F00CF928
:103E400004002900FFF7DEFF200070BD10B508F068
:103E500003FE10BD01480421014B1847102E00201D
:103E6000212A0110014B1B6818470000102E00206A
:103E7000014B5B6818470000102E00200300EFF391
:103E8000108272B6084800680028FBD0BFF35F8F2D
:103E9000186841181960BFF35F8F034B0021196048
:103EA00082F310887047C046340100D09A4200D295
:103EB00088547047704710B5002802D00B684968D5
:103EC000984710BD0100002007E083001B185B002D
:103ED000501C08601078C01830380A681378303BDE
:103EE000DBB2092BF1D97047F0B5DE4657464E4696
:103EF0004546E0B583B093461F000C9B9A460D9C47
:103F00000E9B99460F9B9B0717D0B8460F000600E3
:103F100022E0551C4B4641462020B84701342A0078
:103F2000B442F6D33D004F465C46019B9B46B146EA
:103F30004646B84637002E000EE00192A34688465A
:103F40004E46B9460700EBE7013C551C5346185D49
:103F500043463900B0472A00002CF5D135003E0019
:103F600047460F9B9B0711D4100003B0F0BCBB4623
:103F7000B246A946A046F0BD541C4B4641462020FF
:103F8000B8472200531BB342F6D3EDE7B0464E4686
:103F9000B9462F005D46F5E7F0B5CE46474680B5F9
:103FA00085B0944698460C9D0D9C0EAB1B789946A7
:103FB000109A119B129EB7071CD4002B0CD0F70748
:103FC0000AD54F46002F02D10C37374204D0013BAF
:103FD00002E030272F550134944201D21F2CF8D92A
:103FE000F70707D59C4205D21F2C03D830272F5541
:103FF0000134F5E7F70612D5770505D4002C03D078
:10400000944221D09C421FD00F9A102A2FD00F9A91
:10401000022A36D01F2C0AD830222A5501341F2CF0
:1040200005D84A46002A32D02D222A55013403965B
:1040300002930194009543466246FFF755FF05B091
:10404000C0BCB946B046F0BD621E012C17D00F9F10
:10405000102F0BD014000F9A102AD8D1B206D6D543
:104060001F2CD4D858222A550134D3E7023CB2067B
:10407000F1D41F2CEFD878222A550134CAE7140056
:10408000C2E71F2CD3D860322A550134C2E7720729
:1040900003D52B222A550134C9E73207C7D5202280
:1040A0002A550134C3E7F0B5DE4657464E4645462D
:1040B000E0B593B081468A46089209931CAB10CBB9
:1040C0001B789B461E9D219B9846002C03D11023F4
:1040D00042469A4390468023DB0046461E404246B5
:1040E0001A4218D0002C22D0002614E04246920634
:1040F0001BD54121C918C9B20A39C9B2771C0AAB0C
:10410000995529002000FEF701FEAC4210D31F2F65
:104110000ED83E00040029002000FEF7F7FDCBB2C8
:10412000092BE3D83033D9B2E8E76121E2E7270071
:1041300043460693209B05931F9B049303955B4680
:10414000029301970AAB0093099B089A514648468F
:10415000FFF722FF13B0F0BCBB46B246A946A0460B
:10416000F0BDF0B5DE4657464E464546E0B597B041
:104170000A900B910C929A46209B9946219F22AA65
:1041800013789B46249B0993259C289B98464A4676
:104190003A4302D11032934398468022D2004546DA
:1041A0001540434613420AD04A463A4341D00025BF
:1041B0002E0053460D934D46099B9A4621E02E0052
:1041C00053460D934D46099B9A461AE04246920685
:1041D00023D54122D218D2B20A3AD2B2731C9946E0
:1041E0000EAB9A555246230028003900FEF7CCFD4D
:1041F000BC4220D813D04B461F2B16D84E46050084
:104200000F005246230028003900FEF7BDFDD3B24F
:10421000092BDBD83033DAB2E0E76122DAE7AA45CE
:10422000E9D94E460D9B9A4608E04E460D9B9A46AC
:1042300004E0002602E04E460D9B9A464346069354
:10424000279B0593269B0493099B03935B4602934C
:1042500001960EAB009353460C9A0B990A98FFF700
:104260009BFE17B0F0BCBB46B246A946A046F0BDC7
:10427000F0B5DE4657464E464546E0B591B080461D
:1042800089460C929A461A9C1B9D22002B00200006
:104290002900FFF70CF8002800D0F2E0012252427A
:1042A000D54B20002900FEF7FDFF002800D0E8E0F4
:1042B00001225242D14B20002900FEF7DDFF0028E9
:1042C00000D0DEE00022002320002900FEF7D4FF0A
:1042D000002800D0EAE0069407958023DB001E9AB0
:1042E0001A400D921E9A1A4201D106231C93069879
:1042F000079902000B000892099303000A00024389
:1043000000D1DFE0080D4005400DBD4EB4466044CD
:10431000079E3203120B1E00BA4B13431F00FEF719
:10432000D7FFB94AB94BFEF75CFFB94AB94BFEF764
:1043300031FF089009910022B74B30003900FEF799
:1043400020FFB64AB64BFEF74CFF02000B00089860
:104350000999FEF71FFFFEF7D3FF8346FEF7B8FF6C
:1043600006000F00AF4AB04BFEF73BFF0022AF4BF9
:10437000FEF710FFFEF7C4FF0890AD4AAD4B3000CA
:104380003900FEF72EFF06000F000898FEF7A0FF89
:10439000A94AAA4BFEF725FF02000B0030003900A6
:1043A000FEF7EFFE06000F0002000B00FEF719FFFC
:1043B0000A900B91089BA24A944663440021002274
:1043C000089109921B0509930023089332003B00D2
:1043D00030003900FEF7DEFE0E900F9132003B00F8
:1043E00000208021C905FEF7CCFE06000F00002248
:1043F000944B0A980B99FEF7D6FE0022924BFEF7DB
:10440000C9FE02000B000A980B99FEF7CCFE0022B1
:104410008E4BFEF7BFFE02000B000A980B99FEF7C9
:10442000C2FE02000B0030003900FEF7B3FE0200AE
:104430000B000E980F99FEF7B6FE0022714BFEF7A7
:10444000A9FE089A099BFEF7CCFE06000F0008960D
:104450000997069A079BFEF725FF00280BD001233A
:104460005B429C46E3440022774B30003900FEF764
:104470009AFE089009915B466333C62B45D8042603
:1044800023E01E9B04931D9B03931C9B02930094AB
:10449000019553460C9A4946404600F0FBF811B08E
:1044A000F0BCBB46B246A946A046F0BD00210022A2
:1044B00006910792069480231B069C46AC446346F3
:1044C00007930AE700239B4604261E9B1B0528D55D
:1044D000089A099B190011430FD05D4A5D4B06985D
:1044E0000799FEF7D7FE00287AD000225A4B06988B
:1044F0000799FEF7C1FE002872D01C9B5B4506DDC4
:104500005A469B1A013B1C9303E00526DDE7002376
:104510001C938023DB001E9A1A431E920026002360
:104520009B461D9B9E4265D29F1B02231E9A1A40EA
:104530000A921E9A134202D0002E00D000275B463A
:10454000002B07D0089A099B06980799FEF72BFEC7
:10455000069007910022002320002900FEF78CFE20
:10456000002800D07CE03D4B1E9A13400493039733
:104570001C9B0293069B079C0093019453460C9A44
:104580004946404600F086F8002E00D187E71E9B82
:104590009B0671D54525441C534602004946280018
:1045A000C0475A46D317D2185A4005230593013EF7
:1045B0000496002303930A3302935B46DB0F0193B7
:1045C00000925346220049464046FFF76CFD0A9B85
:1045D000002B00D163E7020047460C9E1D9D53E06F
:1045E0001C9B002B9DD00D9B002B9AD01C9B013B4C
:1045F0001C9396E7002798E7FFFFEF7FFFFFEFFF91
:1046000001FCFFFF0000F03FFB799F501344D33FB4
:10461000B3C8608B288AC63F0000F83F61436F63D0
:10462000A787D23F71A379094F930A400000E03F6A
:104630001655B5BBB16B0240EF39FAFE422EE63F8C
:10464000FF03000000002C40000024400000184040
:104650002D431CEBE2361A3F80842E41FFF7FFFF0B
:10466000069C079D220029008020000684466144A4
:104670000B000692079376E765258CE7541C53469A
:1046800049462020B8472200931BAB42F6D31000C6
:1046900005E7C046F0B5DE4657464E464546E0B50E
:1046A00095B00690079193469946209F1E9A1F9BAE
:1046B00010001900FEF7FBFD002831D10122524203
:1046C000BC4B1E981F99FEF7D7FD002837D1012259
:1046D0005242B94B1E981F99FEF7E4FD00283DD1C8
:1046E0000022B64B1E981F99FEF7DCFD00284AD128
:1046F0000022B34B1E981F99FEF7BEFD002842D141
:10470000002200231E981F99FEF7B6FD00284AD10B
:1047100000239846229B5B0500D4B0E0002452E0C1
:10472000229B0393219B029303230193A54B0093A8
:104730004B465A4607990698FFF7D6FB08E1229B9D
:104740000393219B0293042301939F4B00934B46B9
:104750005A4607990698FFF7C7FBF9E0229B5B07CB
:104760000ED59A4B0422229903912199029101922C
:1047700000934B465A4607990698FFF7B5FBE7E0CA
:10478000934B0322EFE7229B0493219B0393029711
:104790001E9B1F9C009301944B465A46079906980E
:1047A000FFF766FDD4E01E9A1F9B00200021FEF754
:1047B000E8FC1E901F9101239846ABE70CAB30221A
:1047C0001A55013F01341F2C01D8092FF6D81E9825
:1047D0001F99FEF795FD0500FEF77AFD02000B001C
:1047E0001E981F99FEF7CDFC7A4BFA009B181A68A9
:1047F0005B680A920B93FEF7F4FC08900991FEF7B0
:10480000A3FD0600FEF760FD02000B000898099961
:10481000FEF7B7FC0890099100226F4BFEF742FDAE
:1048200000282ED001363000FEF74EFD02000B00AE
:104830000A980B99FEF726FD002801D001350026C5
:10484000002F2CD12800FEF743FD02000B001E981C
:104850001F99FEF796FC06000F0000225E4BFEF744
:104860000BFD002846D100225B4B30003900FEF7DB
:1048700019FD00283ED1EB073CD501353AE006276B
:104880004CE70022544B08980999FEF7F5FC0028E4
:10489000D6D1002E01D0F307D2D50136D0E7AA46F3
:1048A0001F2C11D8013F0A213000FEF72FFA651C9A
:1048B00030310CAB19550A213000FEF727FA092ECA
:1048C0000ED906002C00EBE755461F2C0CD87B1E9A
:1048D000002F09D00CAA302111551F000134F4E734
:1048E0002B0055461C00F0E71F2C03D80CAB2E22E2
:1048F0001A5501341F2C10D80A212800FEF7DEF9C2
:10490000661C30310CAB19550A212800FEF7D6F988
:10491000051E01D03400EDE734000323229A134032
:10492000012B1CD01F2C06D84346002B32D00CABD9
:104930002D221A550134229B0393219B029301944B
:104940000CAB00934B465A4607990698FFF7CCFAF2
:1049500015B0F0BCBB46B246A946A046F0BD219BAF
:10496000002B13D04346002B02D10C3313420FD03F
:10497000219B013B2193190003E00CAB30221A5517
:1049800001348C42CED21F2CF7D9CBE72199F8E71E
:104990002199F6E7229B5B0704D50CAB2B221A5515
:1049A0000134C8E7229B1B07C5D50CAB20221A5542
:1049B0000134C0E7FFFFEFFFFFFFEF7F65CDCD4183
:1049C00065CDCDC1589D02105C9D02104C9D02101A
:1049D000549D0210103503100000E03FF0B5DE4694
:1049E00057464E464546E0B593B007008A46934683
:1049F0001193002900D12CE3002508E06C1C5B46D4
:104A00002A005146B847119B013311932500119B91
:104A10001878002800D11EE32528EFD10133119327
:104A20000023180020E001231843013211920124D1
:104A300018E00223184301321192012412E00423EA
:104A400018430132119201240CE00823184301326B
:104A50001192012406E0102318430132119201241F
:104A600000E00024002C09D0119A1378203BD9B221
:104A70001029F6D88B00C449CB589F468146119B1C
:104A80001A781300303BDBB2092B10D92A2A13D035
:104A90000B94119B1A782E2A20D0119A1378683B18
:104AA000D9B2122965D88B00B849CB589F4611A8B6
:104AB000FFF708FA0B90ECE71C9B1A1D1C921B6871
:104AC000002B04DB0B93119B01331193E1E70222CE
:104AD0000100114389465B420B93F4E78022D20028
:104AE0004946114389465A1C11925A781300303BAB
:104AF000DBB2092B0BD92A2ACFD11C9B1A1D1C9281
:104B00001C68002C08DB119B01331193C5E711A829
:104B1000FFF7D8F90400C0E70024F4E780235B0026
:104B200049460B43511C119151786C2901D099468B
:104B30001FE0C0239B004946194389460232119267
:104B400017E0802349460B43511C11915178682985
:104B500001D099460DE0C0234946194389460232E7
:104B6000119206E080235B004946194389460132D1
:104B70001192119B187867281CD8252800D25EE274
:104B80000300253BDAB2422A00D958E29300804A5A
:104B9000D3589F4680239B004946194389460132DA
:104BA0001192E6E780235B004946194389460132AA
:104BB0001192DEE7782800D941E2692800D23EE26E
:104BC0000200693AD2B201239340724A134210D1D3
:104BD0001A0600D50CE25B0500D430E21C9B1A1DBE
:104BE0001C921E68002C00D0BAE101225242330010
:104BF00096E16F2842D005D8582841D0622803D1C9
:104C0000022606E078283DD010234A469A43914672
:104C10000A26582838D0692805D0642803D00C22E9
:104C20004B46934399464B465A0502D5012293437E
:104C3000994669282DD064282BD04B469A0500D57B
:104C4000AAE0DA0500D5C2E05A0600D4D3E01C9AE7
:104C5000111D1C911168FF220A404B4605930B9BC6
:104C60000493039402960023019300925B462A006A
:104C700051463800FFF717FA05002AE00826C8E772
:104C80001026C6E71026C4E720224B461343994658
:104C9000C1E74B469A0520D4DA0551D45A0666D5A9
:104CA0001C9A111D1C911168FF220A40D01711187F
:104CB00041404B4605930B9B049303940296D20FFD
:104CC000019200915B462A0051463800FFF7EBF94C
:104CD0000500119B0133119399E61C9A07320721B5
:104CE0008A43110008311C91116853689C46DB17F8
:104CF0000C930D930C9A0D9B100048400E900D9B49
:104D000061464B400F930E980F990C9A0D9B801A99
:104D100099410E900F914B4608930B9B0793069475
:104D20000496002305936346DA0F029200900191E6
:104D30005B462A0051463800FFF713FA0500C8E722
:104D40001C9A111D1C911268D0171118414005932F
:104D50000B9B049303940296D20F019200915B4641
:104D60002A0051463800FFF79EF90500B1E71A0600
:104D700005D51C9A111D1C910023D25E96E71C9A42
:104D8000111D1C91126891E774330310B83303109E
:104D900004340310419000001C9A073207218A4313
:104DA000110008311C9108930B9B079306940496FD
:104DB00000230593029353681268009201935B46A7
:104DC0002A0051463800FFF7CCF9050081E71C9A0C
:104DD000111D1C9105930B9B0493039402960023D1
:104DE0000193136800935B462A0051463800FFF791
:104DF0005AF905006DE71A0606D51C9A111D1C917B
:104E000012681204120C28E71C9A111D1C911268DA
:104E100023E746281AD01C9B0733072293431A0026
:104E200008321C924A4604920B9A039202941A6822
:104E30005B68009201935B462A0051463800FFF7F9
:104E400029FC0500119B01331193E0E520234A461C
:104E50001A439146DFE7672801D0472804D1802311
:104E60001B014A461A439146452801D0472803D1E1
:104E700020234A461A4391461C9B0733072293433B
:104E80001A0008321C924A4604920B9A039202942A
:104E90001A685B68009201935B462A00514638000D
:104EA000FFF7E6F90500119B01331193AFE50223EB
:104EB0004E461E404A4613421ED001241C9B1A1D1A
:104EC0001C926A1C904618785B462A005146B847E7
:104ED000002E14D1119B01331193454697E5551CC3
:104EE0005B4651462020B84723002A005C1C0B99E2
:104EF0009942F4D81500E1E701232A00F6E742467B
:104F000006E0561C5B4651462020B8472C00320074
:104F1000651C0B9BA342F4D89046DBE701330A00E3
:104F20001978002902D0511E002AF7D19B1B80223C
:104F3000D2004946114088464946114202D0A34258
:104F400000D92300022249461140109149460A42E5
:104F500008D02A00250099463B004746984626E09F
:104F6000220044E6A1462A005146B2460E0006E061
:104F7000551C5B4631002020B84723002A005C1CEA
:104F80000B999942F4D8150022004C46330056463E
:104F90009A4691462A0025003B004746984606E07F
:104FA0001D000136541C5B465146C0472200307834
:104FB000002804D0002FF4D06B1E002DF0D1150076
:104FC0004B464746109A002A03D1119B0133119397
:104FD0001DE50B9E2A0006E0551C5B46514620202D
:104FE000B84723002A005C1C9E42F5D81500ECE768
:104FF00021234A461A4313001C9A111D1C91126862
:105000000593082304930394083302930023019328
:1050100000925B462A0051463800FFF744F805002D
:10502000119B01331193F2E46C1C5B462A0051463C
:105030002520B847119B013311932500E7E46C1C30
:105040005B462A005146B847119B01331193250056
:10505000DDE40A4FD0E45D450DD35B465A1E5B4646
:1050600051460020B847280013B0F0BCBB46B246FA
:10507000A946A046F0BD2A00F1E7C046B53E0110A2
:105080000EB430B584B0010007AC08CC0394012203
:10509000054D009452422800FFF7A0FC04B030BC3C
:1050A00008BC03B01847C046AD3E01100CB430B583
:1050B00085B00A0008AC08CC0394054D00940100AB
:1050C0002800FFF78BFC05B030BC08BC02B01847C5
:1050D000AD3E011010B582B0044C009313000A00DD
:1050E00001002000FFF77AFC02B010BDAD3E0110B8
:1050F00010B584B00C0002A902904C600124044851
:10510000009313006242FFF769FC04B010BDC04673
:10511000B73E011000BEFDE703000A4A1268002AEC
:1051200008D0084A1068C318074A9A4206D3054AAD
:1051300013607047034A05491160F2E701204042BD
:10514000F7E7C0465C47022000000420F8810220F7
:1051500010B5FFF7DFFF000010B5EFF30583002B5C
:1051600000D000BEFDF7BAFC034C01E008CC984724
:10517000024B9C42FAD310BD0C2C0210182C0210CA
:1051800010B50300080011001B68984710BD00000F
:10519000F8B507000D001600437D002B02D0002457
:1051A00000200CE003681100280098472DE03B7DAB
:1051B00010E03B68154802219847601C0134B44256
:1051C00014DA002CF3DD2B19013B1B780D3B5A42FE
:1051D0005341DBB22A5D0A2AF0D1002BEED1A04266
:1051E000E7DA3B68211A28189847E2E7B04203DA69
:1051F0003B68311A28189847002E06DDAD19013D8D
:105200002B780D3B5A4253413B75F8BD7C3503105A
:1052100070B505000368002B16D00C4B1C6805E028
:10522000290004C92000FFF7B3FF2469002C09D02E
:105230002368002BF9D0064B1B68002BF0D0A3424B
:10524000F3D1EDE700232B6070BDC0469C440220E3
:10525000EC44022070B505000C000B68802B05D0D3
:1052600023685A1C2260E418257170BD0800FFF7FE
:10527000CFFFF5E710B5FDF75DF8074A00231218D8
:105280004B41002B03DB05480DF082FC10BD0122D1
:105290005242034BF7E7C04640420F003035002032
:1052A000FFFFFF7F10B502480DF022FC10BDC04685
:1052B00030350020F0B5CE46474680B583B00600B5
:1052C0000D0090461C00FFF7D5FF81466B1C05D0F2
:1052D000002C08D0184F194B1C6807E0300009F06B
:1052E000E7FE0500F4E7164FF5E72469002C17D018
:1052F0002368002BF9D0134B1B68002B01D0A3426D
:10530000F3D12A0031002000B8474346002BECD0EF
:105310006B46D91D0A230B7001222000B847E4E731
:105320004B46002B05D1280003B0C0BCB946B0469F
:10533000F0BDFFF7B7FFF6E7915101109C44022042
:1053400081510110EC440220F0B583B006000F003B
:1053500001920093164B1C6808E0A368002B04D050
:10536000390030009847002820DC2469002C06D042
:10537000104B1D68002DF0D0A542F6D1EDE7009945
:105380000A000D4B5B6A994209D80B49896A01985A
:10539000814209D29A4202D00220404206E0012016
:1053A0000021FCF7CFFFD5E70220404203B0F0BD5B
:1053B0009C440220EC440220004005400A4A136845
:1053C00002E01A0010321B69002B09D013688342D7
:1053D000F7D1002907D1036913600023036102E0BC
:1053E000002900D0106070479C44022010B5064B85
:1053F0001C6800E02469002C04D06368002BF9D0FD
:105400009847F7E710BDC0469C44022010B500F055
:10541000F1F910BD30B583B004000025FCF78AFF18
:1054200022002B0012184B41002B0ADB012101A89E
:10543000FFF78AFF002802DB07D001AB187803B022
:1054400030BD01225242044BF0E7044B044A0421D0
:105450000448FF31FBF7DEFEFFFFFF7F649D021073
:1054600060350310689D021070B5050009F020FE3C
:1054700004000123012201002800FFF71BFFFFF7B2
:10548000B5FF200070BD0000F0B5A3B004000E0011
:10549000FFF7F0FE050001AF002301930948330038
:1054A00022003900FFF724FE04003800FFF7B0FEA9
:1054B000FFF79CFF002D02D1200023B0F0BDFFF7C5
:1054C000F1FEF9E7555201100FB400B583B004A9FD
:1054D00001C90191FFF7D8FF03B008BC04B0184719
:1054E00070470000014B00221A707047FA800220BA
:1054F0004B79FF2B0CD18B79002B0BD1CB79012B66
:105500000AD1082A0AD98A78054B1A70092000E0C6
:10551000002070470020FCE70020FAE70020F8E7B1
:10552000FA8002200120704710B5012927D1117996
:1055300053791B020B43134909788B4201D0002099
:105540001EE05378012B03D0022B11D0002017E06E
:105550009178D3781B021943DB0506D5480A8A05E2
:10556000D20F7F231940FDF783FA01204042F6E76E
:10557000642200210020FBF73FFE012000E0012013
:1055800010BDC046FA80022000487047483603101C
:1055900010B51400012910D15378012B0FD11279C5
:1055A00063791B021343072B01D0002006E0054A54
:1055B0009F33210001F054FB00E0012010BD0020CA
:1055C000FCE7C046A0350310012303700048704774
:1055D0008035031010B50A784B781B0213438A7884
:1055E00012041A43CB781B0613439622D20093422F
:1055F00000D010BD0120002211004042FDF738FA12
:10560000024B1860024B19607047C0463C440220B0
:105610004044022010B5FCF78DFE0E4A00231218FC
:105620004B41002B12DB0C480DF0B2FA00280CD0D5
:1056300001200021404201F0D9F9002001F078FC5E
:105640000028F5D104480DF053FA10BD0122524252
:10565000024BE8E740420F0034800220FFFFFF7F4B
:1056600010B5024B1878FBF7B9FF10BDFE80022081
:1056700070B5174B1B68002B20D0EFF3108272B669
:10568000100019680029FCD0BFF35F8F10494A60F1
:10569000104B00221A700B68BFF35F8F1A6080F303
:1056A0001088002400250C4B1878FBF773FF0028A6
:1056B00008D1002400252000290070BDFA24A40090
:1056C0000025F0E7044B1878FBF788FFF3E7C046A6
:1056D000A46D0220FF800220FE800220F0B585B07C
:1056E000060014001D000CAB1F78FCF723FE2200FF
:1056F0002B0012184B41002B09DB02970B990191EB
:105700000A9900913000FCF71FFC05B0F0BD0122A2
:105710005242014BF1E7C046FFFFFF7FF0B5C6469E
:1057200000B584B00500884616001F000AAB1C783F
:10573000FCF7A2FB0294019700962A004346FFF76C
:10574000CDFF04B080BCB846F0BD000010B582B0FB
:10575000224800210DF0ECF900281ED1204B1B68D7
:10576000002B18D0EFF3108172B608001A68002AD7
:10577000FCD0BFF35F8F1A4A51601A490B78DBB235
:1057800001240C701268BFF35F8F0021116080F359
:105790001088002B17D002B010BD0120002140421C
:1057A00001F024F9002001F09BFB04000B480DF0F0
:1057B0009FF9002CEFD00C4B1B68002BEBD00B4A51
:1057C00010689847E7E70A4A013300930023FA205C
:1057D00080000021FFF7A2FFDDE7C04634800220F1
:1057E000A46D0220FF8002203C440220404402209D
:1057F0007156011010B582B0D0231B061C68FCF74F
:105800003BFBFCF71BFCA04230D1274B1B7800214F
:10581000002002F04FF8254B1B68002B2CD00120F4
:10582000FCF7BEF8224C20702249FF231840FBF7FA
:10583000F3FE20780121FBF7C7FE0520FBF7DEFE13
:10584000041E1DD00120FBF721FE01001A4B180099
:10585000FCF706F9194900220520FBF707FF184855
:105860000121FFF7ABFD200002B010BD154B164A19
:105870001648C621FBF7CEFC0C48FCF7AFF8CEE784
:105880000D4808220021FEF7EDFA114A012300938A
:105890000023FA2080000021FFF740FFC043C40F1F
:1058A0000028E0DADBE7C046CCAD031034800220EC
:1058B000FE8002204D570110A46D02206156011098
:1058C000202E00209083021078360310B09D021025
:1058D0007156011010B5002001F0E6FA10BD00006D
:1058E00070B505000C00FFF7F5FF002834D000204C
:1058F00001F0F6FA002832D0FCF71CFD1B4A002309
:1059000012184B41002B19DB19480DF041F9002802
:1059100028D0FFF7DFFF002804D0002001F0E0FAD4
:1059200000280FD101200021404201F05FF803243C
:1059300064420F480DF0DCF8200070BD0122524295
:105940000C4BE1E722002900002001F0D5FA041EEB
:10595000EFD103246442ECE703246442ECE7032420
:105960006442E9E703246442E6E7C04640420F0090
:1059700034800220FFFFFF7FF0B5C64600B58046A9
:105980000C00FCF7D7FC314A002312184B41002BC6
:1059900007DB2F480DF0FCF8002806D180BCB84684
:1059A000F0BD012252422B4BF3E7FFF793FF002893
:1059B00049D1294B002000211860596024480DF07E
:1059C00097F8EBE701200021404201F00FF800209A
:1059D00001F0AEFAFFF77EFF0028EFD0002001F0C3
:1059E00023FB002820D0A542E8DA661B002001F046
:1059F0001BFB0200864200DC3200002AE2D0434654
:105A00005919002001F0ECFA060001200021404263
:105A100000F0ECFF002001F08BFAAD19FCF78AFCD6
:105A20000D4B18605960DEE7FCF784FC0A4B1E68DA
:105A30005F680A4A002392197B419942BED8D2D1AD
:105A40009042D0D9BAE70025CDE7C04640420F00CA
:105A500034800220FFFFFF7FF836002020A10700DE
:105A600000487047F436031000487047A036031012
:105A700010B50400154B1B78002B0ED0002C11D153
:105A8000134B144A5A80012301335B009BB2104828
:105A9000C02292001343038010BD0C48112100F076
:105AA00025F8EBE7052C0ED80B4BA400E458002397
:105AB000122BE9D8E15C0029E6D00133044A5800F2
:105AC0008152DBB2F4E70020E6E7C04644800220C2
:105AD00074440220090400008836031010B50248FF
:105AE00000F030F810BDC046D46D022010B500297A
:105AF00001D0002308E00F4B0F4A10483B31FBF761
:105B000089FB3732C25401334A1E9A420ED90F2BF9
:105B10000CD85A080A4CA45C01229A439200144102
:105B20000F222240092AECDC3032EBE7C0180023B8
:105B3000037010BD409E021008370310489E0210EB
:105B4000D46D022070B588B0040004AD0D22002190
:105B50002800FEF787F90D2200216846FEF782F93A
:105B60004B232B700D22694628000CF0B1FF002357
:105B700004E05A1D69468A5CE2540133072BF8DDC4
:105B800008B070BD70B582B07F230340C509274CB3
:105B90005E0076197601A419A070684268416070B1
:105BA0000020E0702183E276012D1ED0D800204A2B
:105BB000944660441D4A59004919490152189060A1
:105BC0001A4A590049194901521892680021116076
:105BD000002B10D1154A5B005B195B01D318002222
:105BE0005A60144ADA6002B070BDD800124A944676
:105BF0006044A060E4E7012D0BD0591EC9000F4A94
:105C000094466144094A5B005B195B01D2185160FC
:105C1000E9E7591EC9000A4A94466144034A5B00F9
:105C20005B195B01D2185160DDE7C0466447022072
:105C30008400105000011050800010500C001050D3
:105C40000800105010B5038B3F333F229343C27EB0
:105C5000022A08D008490A68C260D3180B60074AB4
:105C6000934202D810BD5B00F4E7054B054A064895
:105C70005221FBF7CFFAC046606D0220FF0F105093
:105C8000A0A0021068370310E4A00210F8B57F2529
:105C90000540C6096B009B195B010E4C1C19FFF7F0
:105CA00071FF002D00D1F8BD0A4B6D00AD196D01DB
:105CB0005D19298B2000FFF7C5FFEB7E9B06E96885
:105CC000054A4A4013438022120613436A68136050
:105CD000E9E7C046644702200000105010B50400F8
:105CE0007F202040E409400000194001024BC01809
:105CF00000F026F910BDC0466447022010B5002808
:105D000004D101210520FBF75FFC10BD034B044AC1
:105D100098210448FF31FBF77DFAC04654A10210D8
:105D200058370310E4A0021010B5002805D1002256
:105D300000218020FFF7D2FF10BD034B034AA221B0
:105D40000348FF31FBF766FA54A1021048370310ED
:105D5000E4A00210024B80225202DA647047C0466F
:105D60000020115070B5041E27D100F0C7F8164D61
:105D70000C23AB671549FF220520FBF777FC14487D
:105D800040220021FEF76EF8002240210020FFF79C
:105D90007DFF002240218020FFF778FF0CF0E8FE15
:105DA00001232B6480239B05EB649023094AEA506E
:105DB0002000FFF7CFFF012070BD074B074A642189
:105DC0000748FF31FBF726FA00001150CD040020F0
:105DD0006447022010D0010054A102107C37031048
:105DE000E4A00210044B1970002904D0034A902348
:105DF00080218902D1507047F38002200020115089
:105E00000B785B0602D14B78052B00D070478A785F
:105E1000014B1A60FAE7C0460000115010B5CA786D
:105E20009207920F012A0AD088780B7949790902E2
:105E300019434905490DFFF729FF012010BD002036
:105E4000FCE710B50CF094FE10BD000010B5040086
:105E5000080011001A00002C03D1FFF73FFF0120BA
:105E600010BD034B034A812103488900FBF7D2F997
:105E700054A1021038370310E4A0021010B57F239C
:105E8000180008400B4205D1CB09012B0ED002228D
:105E9000074B9A66C909400040184001054BC018DD
:105EA0008022120100210CF08BFE10BD0122EFE7D1
:105EB000002011506447022010B57F2210000840D6
:105EC0000A4200D110BDC909400040184001044BEE
:105ED000C0180023C370002202490CF071FEF1E7E4
:105EE00064470220FFF7FFFF04E00A7802700131E7
:105EF00001301A00531E002AF7D1704710B58023D5
:105F00005B040A4A13600A4A13600A4B1A6880232A
:105F10005B049343F9D18022520100210648FDF72A
:105F2000A1FF064B09225A6710BDC04600E00040A1
:105F300000F0004008C00040000010500000115068
:105F400070B504000D001600837E002B17D1A682C9
:105F50000023E3820133A376256120000CF0D8FDF5
:105F6000002804D00C4A902380218902D1502000BF
:105F70000CF0F6FD00280AD00123237770BD81784C
:105F80000648FFF7A1FA20000CF012FEDFE7200020
:105F90000CF006FEF2E7C0460020115044A20210A9
:105FA00070B50500002408E09B1A5B01164A9B1897
:105FB000DB68280098470134E4B2144B1A782300B8
:105FC000511CA1420DDBA242EED9114B1B686201AC
:105FD0009B18002BECD10F490F48104AFFF774FAB9
:105FE00010E00F4C542200212000FDF73BFF201D44
:105FF0001022FF21FDF736FF200014302022FF2160
:10600000FDF730FF70BDC046F8380310F280022063
:10601000C03B0220C43803107CA2021025020000FD
:10602000883D022010B5FFF7BBFF00F065FE10BDF4
:1060300070B505000C001600486900F067FE636942
:10604000320001212800984770BD0000F0B5DE46FF
:1060500057464E464546E0B583B082460139C8B240
:10606000FFF702FD002803D043789946022B0CD09D
:1060700056495748574AFFF727FA002003B0F0BCAB
:10608000BB46B246A946A046F0BDC5796C110122B7
:10609000514B1440240119781026B1432143197043
:1060A000AD112A405201C9B22024A1430A431A70FB
:1060B000060009368278C3781B02134383469B444B
:1060C0004B460193370066E0FB7899463A78BF1853
:1060D00068E03E493E48414AFFF7F6F90020CDE727
:1060E000009AD31A5B013E4E9E1933692200390093
:1060F00050469847082801D9844216D20135EDB29E
:10610000384B1B7800955A1CAA423EDBAB42E7D9BC
:10611000354B1B686E019E19002EE6D12B492C4889
:10612000324AFFF7D1F90020A8E73400009E009022
:106130004B46012B11D00020494681421BD9BB7828
:106140001B18DBB2244AD2181279FF2A0CD1224A3A
:10615000D3181D710130C0B2EFE72169244A914282
:10616000E9D1019B9946E6E718491948214AFFF70A
:10617000ABF9002082E720482B00009C2200390068
:1061800001F06EFCA446674400E02E00154B1B781E
:1061900001339E420FDC5F4515D27B780B2B93D0E9
:1061A000012399467A78042A93D15B46DA1B93B28D
:1061B00000251C00A4E7852204490548D200FFF70A
:1061C00083F900205AE7012058E7C04698380310A9
:1061D0007CA20210D6030000883D0220F1030000DB
:1061E000F8380310F2800220C03B0220FA030000BE
:1061F000A5710110190400009C3D022070477047F2
:10620000002070470020704770B505000C00CB7867
:1062100088780F2B53D89A002E498A589746FFF753
:106220001FFC021E05D012232100280000F018FDDB
:1062300046E0294929482A4AFFF746F900203FE06D
:10624000FFF7A2F9021E3CD08178C3781B020B43F2
:106250002100280000F004FD32E0022B0CD0FFF7F3
:10626000D1FF021E2FD09178D3781B020B4321005F
:10627000280000F0F5FC23E0FFF7F6FB021EF2D148
:1062800015491648174AFFF71FF9002018E023792F
:10629000617909021943FFF7EBFB021E15D0037861
:1062A0002100280000F0DCFC0AE0FFF7A9FF021E35
:1062B0000DD003782100280000F0D2FC00E000207F
:1062C00070BD0020FCE70020FAE70020F8E700207E
:1062D000F6E7C04698370310803803107CA20210FE
:1062E0003A0400006104000070477047704770472F
:1062F000024B5878431E9841C0B27047883D022037
:10630000024B18784007C00F7047C046883D0220F6
:10631000034B1878FF38431E9841C0B27047C046FF
:10632000542E0020F8B505000F00FFF7F1FF061E00
:1063300048D1002F21D02E4854220021FDF792FD94
:106340002C4B00221A702C4C2000FBF747FB2B4BE8
:106350001C602B4C2000FBF78DFB143C200001F04F
:1063600019FF284B1C60284B002B04D02748FFF74F
:106370002BF9274B1860002410E0E9222549264814
:106380005200FFF7A1F81DE09B1A5B01234A9B18FE
:106390005B68002B10D098470134E4B21B4B1A788D
:1063A0002300511CA1420FDBA242EDD9184B1B6800
:1063B00062019B18002BEBD1F822164916485200B7
:1063C000FFF782F83000F8BD154B1D70390028002A
:1063D000FFF7C8FC061E03D02800FFF78FFCF1E78B
:1063E000FC220C490C485200FFF76EF8EAE7C04661
:1063F000883D0220F4800220803D0220DC3D022006
:106400004C2E0020E03D0220C9550110F2800220F0
:10641000C03B0220E83803107CA20210F8380310B9
:10642000542E002070B50D00104B1E788B78702212
:106430001A420DD10E4B9978280001F0BBFA041EC8
:106440000DD029003000FFF7E9FC0400200070BDEA
:1064500008490948094AFFF737F80024F6E70549D3
:106460000548074AFFF730F8F0E7C046542E0020F1
:10647000883D0220503803107CA202100B0500005A
:106480000C050000F0B5D6464F464646C0B58146DD
:106490000C0017009846089B9A46002517E01849FB
:1064A0001848194AFFF710F800263000E0BCBA4639
:1064B000B146A846F0BD9D2211491248D200FFF70F
:1064C00003F8F2E7099A13702378E4180135AF4214
:1064D00014DD6378052BE2D1E1788907890F414506
:1064E000DDD121004846FFF79DFF061EE3D0A378CB
:1064F000DA09012AE6D052461370E5E70126D4E70F
:10650000603803107CA20210E704000010B57F2061
:106510000840C909400040183030044BC01804300E
:10652000034B196801F002FA10BDC046883D0220F5
:10653000DC3D022010B57F200840C909400040180A
:106540003030044BC0180430034B196801F016FAC0
:1065500010BDC046883D0220DC3D0220F0B5C64695
:1065600000B582B001931A4800787F250D40CE090E
:10657000184C6F00E419A41930342479E4071DD4B1
:10658000144C6F00E419A419303423790127BC4658
:1065900067463B432371019BFFF758FC002813D14A
:1065A0000C4B6D005B199B1930331A7901218A431A
:1065B0001A711A7903318A431A7105E006490748AE
:1065C000074AFEF781FF002002B080BCB846F0BD4C
:1065D000542E0020883D0220403803107CA2021077
:1065E0003905000070B50A4B18787F240C40CD099E
:1065F000FFF744FC074A640013195B1930331A791A
:1066000002210A431A711A7901210A431A7170BDD5
:10661000542E0020883D022070B50A4B18787F2444
:106620000C40CD09FFF748FC074A640013195B19B9
:1066300030331A7902218A431A711A7901398A434F
:106640001A7170BD542E0020883D02207F220A401E
:10665000C909044B52009B185B1830331879800726
:10666000C00F7047883D0220F0B585B005000C00D2
:10667000002000F04BFB237860221A40602A1AD0D9
:10668000402A20D02378DB06DB0E012B00D1D6E098
:10669000022B00D116E1002B00D07CE1202A1CD077
:1066A000002A00D07FE16378092B00D97DE19B00AF
:1066B000C54AD3589F465532C449C5489200FEF793
:1066C00003FF002668E1C34800F020FB22000121FF
:1066D0002800FEF75DFF06005EE123790F2B00D94D
:1066E0005DE1BD4AD3181B79BC4A1278934207D2A8
:1066F000BB4A11685B01C918002909D100264BE18A
:10670000511C994200DA4CE19B1A5B01B5495918BA
:1067100022002800FFF78CFC06003DE1200000F07D
:10672000FBFAA1782800FFF7FFFAAB4A13780221A1
:106730000B43137001262FE1A74B5B7802AA0632A8
:10674000137001232100280000F08AFA012623E1BA
:10675000A678A14B5B78B3422CD09F4B5B78002B83
:106760000CD19D4B5E70002E22D031002800FFF727
:106770006DFC061E12D0FFF7B7FD1BE000212800BC
:10678000FFF730FB2800FFF75CFB934FBB780193CA
:106790002800FFF705FC019BBB70E2E7C9228B498B
:1067A0008B489200FEF790FE8B4B00225A70F3E06C
:1067B000FFF79BFD2100280000F03EFA0126EBE0E8
:1067C00021002800FFF720FD0600E5E0A278E3782D
:1067D0001B021343012B01D00026DDE07E4A137813
:1067E00008210B4313702100280000F025FA012630
:1067F000D2E0A278E3781B021343012B01D00026DC
:10680000CAE0754A137808218B43137021002800D1
:1068100000F012FA0126BFE06F4B1A785109920876
:106820000223134001220A40134302AA06321380B6
:1068300002232100280000F013FA0126ACE023799E
:106840000F2B00D9B3E0644AD3181B79634A12783E
:10685000934223D2624A11685B01C918002900D112
:10686000A7E022002800FFF7E3FB061E00D093E01C
:10687000237860221A4200D08EE063780A3B012B15
:1068800000D989E0002000F041FA63780A2B0ED08D
:106890002100280000F0D0F901267DE0511C99422A
:1068A00000DA88E09B1A5B014E495918D9E702AB20
:1068B0009A1D0023137001332100280000F0D0F945
:1068C000013669E021797F200840CE0970230B4210
:1068D00017D1414B40001B189B191B7D3F48007886
:1068E000834215D23E4806685B01F618002A19D08B
:1068F000002E62D0220031002800FFF799FB06002D
:106900004AE032493248384AFEF7DEFD002643E0CD
:10691000461C9E4204DB1B1A5B01324E9E19E5E7C2
:106920000026E3E76378012B10D0032B0ED0002B59
:1069300045D12800FFF78AFE02AB9A1D1080022382
:106940002100280000F08CF9012625E0A078E278EB
:106950001202024304D1012B19D02800FFF742FE96
:10696000002E2ED0220031002800FFF761FB00200E
:1069700000F0CCF9184B35229B5CDB07DE0F002BB7
:106980000AD12100280000F057F9012604E0280070
:10699000FFF742FEE4E70026300005B0F0BD002618
:1069A000FAE70026F8E70026F6E70026F4E70026D7
:1069B000F2E70026F0E70026EEE70026ECE70026E7
:1069C000EAE70126E8E7C046F4370310AC380310C5
:1069D0007CA2021091550110883D0220F280022015
:1069E000C03B0220F83803109503000030B585B095
:1069F000FFF78EFC002808D105B030BD01AC20782F
:106A0000FFF710FB2279634B9A70634B1C68626935
:106A1000EFF3108172B61368002BFCD0BFF35F8FC9
:106A2000A16101A9200001F058FB6269A369BFF3CD
:106A30005F8F0021116083F310880028DCD001AB48
:106A40005B78082BE1D89B00544AD3589F4601AB92
:106A50001878FFF7E7FAFFF748FCD6E7504B1B78AA
:106A6000002B2DD04E4A1378013BDBB21370137804
:106A7000002BCAD1474B1A78012401210A431A700E
:106A80003422995CA1439954995C04208143995420
:106A90000132995CA1439954995C8143995401ABAB
:106AA000187802A9FFF7E0FD0028AED101AC2078EC
:106AB0000021FFF7E3F920788021FFF7DFF9A4E751
:106AC00038493948394AFEF7FFFC95E701AB197997
:106AD0007F220A40CC092F4B50001B181B19303362
:106AE00018790125A843187118790335A84318713E
:106AF000002A15D0274B52009B181B191B7D2C4ACE
:106B00001278934213D22B4A12685B01D318002BE0
:106B100015D09C6901A84279039B0078A04774E7CF
:106B200001A84279039B007800F004F96DE7501C3E
:106B3000984204DB9B1A5B011F4A9B18E9E7A422D9
:106B4000184919489200FEF7BFFC55E7114B1B7816
:106B5000DB0700D459E70F4B18780007C00FFFF789
:106B6000C5FB52E70B4B1B78DB0700D44DE7FFF763
:106B7000BEFB4AE7029B002B00D146E703989847EB
:106B800043E7044BDB78DB0700D43EE70298FFF7CE
:106B900036FB3AE7883D0220E03D02201C38031016
:106BA000F4800220D83803107CA202106502000095
:106BB000F2800220C03B0220F838031010B50023F9
:106BC000CB56002B05DB802100230022FFF7C6FCFB
:106BD00010BD0021F8E70000F8B50500144B9F89AF
:106BE000DE89BB1B9BB21C1C402B00D94024A4B2E5
:106BF0000F4B1B785BB2002B08DB0021B74213D090
:106C00000C4A23002800FFF7A9FCF8BDB74209D0C1
:106C1000074B9968402C09D806482200FDF728F94F
:106C20008021EBE78021E9E70022EAE70020ECE79A
:106C3000603D0220203D022070B506000D00074C8B
:106C400008222000FDF714F90023A360E381A3814B
:106C500029003000FFF7B2FF70BDC046603D022042
:106C6000F0B5C64600B580460C0016001D001F4B4F
:106C700008221F001800FDF7FBF8BE600023FB810F
:106C8000A379E179090219430B1CA94200D92B1CF5
:106C900099B2164A9381A279E3791B02134319D062
:106CA000002901D0002E08D04046FFF795FF041EB2
:106CB0000AD0200080BCB846F0BD0D490D487222B4
:106CC000FEF702FC0024F4E709490A487422FEF7A3
:106CD000FBFBEEE721004046FFF770FF041EE8D102
:106CE000034904487622FEF7EFFBE2E7603D02200D
:106CF000503903107CA2021010B503481422002161
:106D0000FDF7B0F810BDC046603D0220014B186190
:106D10007047C046603D022010B50100044C0822B7
:106D20002000FDF7A5F80023A360E381A38110BD37
:106D3000603D022070B505001C00C909314B1B786D
:106D4000DB098B4216D0002C07D02F492F489D22FB
:106D5000FEF7BAFB0024200070BD2A4C2100FFF78B
:106D60004FF82369002B03D0264A032128009847B7
:106D70000124F0E7234B1B785BB2002B07DB214B90
:106D8000986800283CD022492200FDF771F81D4A7E
:106D9000D389A1B25B189BB2D38191680919916024
:106DA000D288934201D03F2C1FD8164B1B69002B71
:106DB00005D0144A02212800984700280BD0114919
:106DC0002800FFF7FBFE041EC5D10F490F48C5225E
:106DD000FEF77AFBBFE700212800FFF74FF880217C
:106DE0002800FFF74BF80124B5E72800FFF7F4FE71
:106DF000041EB0D104490548CD22FEF765FBAAE781
:106E00000024A8E7603D0220383903107CA202105C
:106E1000203D022070B50500FFF76AFA002802D174
:106E20000024200070BDFFF76BFA041EF8D11C4B44
:106E3000C8226A439B18DB78002BF1D0C8266E432A
:106E40001036174BF618300001F030F93F28E8D91A
:106E5000134BC8226A439B18D9780020FFF756FBD2
:106E6000002801D10400DCE7300001F01FF93F28C1
:106E70000DD9EA010B4BD218094BC82169435B18A5
:106E8000D97840230020FFF769FB0400C9E7044BD1
:106E9000C8226A439B18D9780020FFF74BFBC0E754
:106EA000483C0220C43B022010B50400FFF720FA42
:106EB000002801D1002010BDFFF722FA002808D1D8
:106EC000064BC82262439B181B79DB0703D50130B0
:106ED000F1E70020EFE70020EDE7C046483C022044
:106EE00010B5C823434310330248181801F0ACF81A
:106EF00010BDC046483C022070B50400C820604365
:106F00000300103307481818074B9A4208D892B26A
:106F100001F004F905002000FFF77CFF280070BD98
:106F2000024AF5E7483C0220FEFF0000FFFF000098
:106F300070B50500FFF7DCF9002801D1002070BD15
:106F4000FFF7DEF90028F9D1C8246C432034204B28
:106F5000E4180434200001F077F8002801D1002063
:106F6000EDE71B4BC8226A439B1899780020FFF776
:106F7000CDFA002801D10020E1E7EE014036154BA3
:106F8000F61840223100200001F0C8F8041E14D089
:106F90000F4BC8226A439B189978030032000020E7
:106FA000FFF7DCFA002801D02000C8E70A490B48A7
:106FB000D522FEF789FA0020C1E7054BC8226A43B3
:106FC0009B1899780020FFF7B5FA0020B7E7C04674
:106FD000483C0220C43B0220803903107CA20210EE
:106FE00070B50500C824444320340C4BE418043425
:106FF0000B4B9A420BD892B2200001F0C6F8060063
:10700000200001F021F83F2803D8300070BD054A68
:10701000F2E72800FFF78CFFF7E7C046483C022064
:10702000FEFF0000FFFF000010B5C82358432030CA
:10703000024BC018043001F039F810BD483C022062
:10704000F0B5CE46474680B583B02648C822002119
:10705000FCF708FF244B00221A700027002F04D0F1
:1070600003B0C0BCB946B046F0BD1E4EC8247C4338
:107070003519FF236B71E1235B02AB600023984657
:107080002B736B730833AB732100383189192000DF
:1070900010308019434600930133402200F096FFE0
:1070A0002100783189192000203080190430012313
:1070B0000093402200F08AFF2300B8339946B14480
:1070C0004846FAF78BFCC034A4192000FAF786FC76
:1070D0004346EB614B462B622C6343466B6301379F
:1070E000FFB2BBE7483C0220443C022010B500231D
:1070F000002B01D0012010BD19000D4AC8205843B3
:107100001218106A146B002806D0094AC820584388
:1071100012180020D0611062002C06D0044AC8204A
:10712000414352180021116351630133DBB2DFE7A1
:10713000483C022070B50024002C00D070BD250012
:10714000C8206043154BC01805220021FCF78AFEB9
:10715000134B1B78DB070FD5114B1B789B0713D5FF
:10716000C820684320300D4BC0180430012101F0C5
:1071700030F80134E4B2DFE7C82060431030074B39
:10718000C01801F007F8E7E7C82068432030034B38
:10719000C018043000F0FEFFE2E7C046483C022081
:1071A000443C0220F0B585B003904B79022B63D1AB
:1071B0008B79022B64D10027002F07D0002F0FD12D
:1071C0008B7833700C780C19092515E0C8237B43A4
:1071D0002C4E9E19B378002BF0D00137FFB2EBE7AD
:1071E000422229492948FF32FEF76EF9002544E082
:1071F00023785D19ADB2E4186378242B01D1954250
:10720000F6D9052B09D06378042B02D163790A2BB8
:1072100018D03800FFF7FEFD2FE021000398FFF79C
:1072200001F9002806D0A378737023785D19ADB2F8
:10723000E418E8E7542214491448FF32FEF744F9F1
:1072400000251AE021784D19ADB26118B31C0193E5
:10725000F31C0093022302220398FFF713F900287E
:1072600002D00E35ADB2D4E7B1220749074852002B
:10727000FEF72AF9002500E00025280005B0F0BD42
:107280000025FAE7483C0220743903107CA2021062
:10729000F8B51400127860231340202B00D082E050
:1072A0000025002D0ED0002D00D07EE06378222B2B
:1072B00042D017D8202B1FD0212B11D1012933D038
:1072C000012071E0C8236B433C4A9E18D25C2779A9
:1072D00063791B023B439A42E5D00135EDB2E0E70A
:1072E000002061E0232B05D101294BD003294ED08A
:1072F000012059E0002057E0012903D0032909D0DB
:10730000012051E03200083207232100FFF7A8FCDA
:10731000012049E02A4B002B49D0310008312800D8
:10732000FEF758F901203FE0320008320723210020
:10733000FFF796FC012037E0012903D0032906D08E
:10734000012031E02100FFF777FC01202CE0A2783A
:10735000E3781B021343012427001F405A081440FE
:10736000337101217940C9B23000243000F031FF7F
:10737000144B002B1DD022003900280000E000BF74
:10738000012011E02100FFF757FC01200CE00E4B1B
:10739000002B10D0A378E17809021943280000E0FF
:1073A00000BF012000E00020F8BD0020FCE7012024
:1073B000FAE70120F8E70120F6E7C046483C022042
:1073C000D55501100000000000000000F0B5D646C1
:1073D000474680B583B001900F0000930024002C35
:1073E0000FD0002C1AD1A046EB78BB421ED0AB7850
:1073F000BB4254D00124200003B0C0BCBA46B04602
:10740000F0BDC82565433C4BED18EB78BB42E8D096
:10741000AB78BB42E5D00134E4B2E0E7E62237497D
:1074200037485200FEF750F80024E4E710239A464C
:10743000AA44E101334BC9186B461A88504600F044
:10744000A4FE314B002B1AD06B79FF2B17D00026EE
:1074500000E00136009B9E4211D26A79294B4146D9
:10746000C9015B189B5D9A42F3D1504600F002FEC1
:107470000028EED16979200000E000BFE9E7234B46
:10748000002B04D0504600F0F5FD002803D020006A
:10749000FFF7C0FCABE7200000E000BFF7E71C4BA4
:1074A000002B02D0200000E000BF2000FFF740FDCD
:1074B000002801D001249EE72800243000F0C4FDFC
:1074C000002815D1009B002B14D09E0601D001246A
:1074D00091E7A9780198FFF719F8041E01D101245A
:1074E00089E7A978002300220198FFF737F882E79F
:1074F000012480E701247EE7483C02206439031020
:107500007CA20210C43B022000000000000000002A
:1075100000000000002817D10C4B93229200424338
:107520009B182A33FF331B78002B09D1074B93227A
:10753000920042439B185B79002B03D0013004E09A
:10754000012002E0002000E000207047243F0220DC
:1075500010B5002801D0002010BD932189004143BF
:10756000024BC918043100F001FBF5E7243F02206B
:10757000F0B5D6464F464646C0B584B02148932262
:1075800092000021FCF76EFC0025002D05D004B010
:10759000E0BCBA46B146A846F0BD9324A4006C43B3
:1075A00023004933FF33174A91464B440433EE011D
:1075B000154A9246B21820002930FF304844402135
:1075C00088460391029280277F0001970093002351
:1075D0000022002100F057FA230020334B440833E7
:1075E00040365644200048440430424603920296F6
:1075F0000197009300233F3A002100F044FA01353F
:10760000EDB2C2E7243F0220A43E022070B500255F
:10761000002D01D0012070BD9324A4006C432000F4
:107620002930FF30054E801900F05EFAA0190430B1
:1076300000F05AFA0135EDB2EAE7C046243F0220D5
:10764000F0B5C64600B50025002D02D080BCB84676
:10765000F0BD9324A4006C430C4B9846E618002719
:10766000377020003130FF30404400F093FD083483
:1076700020004044043000F08DFD33002A33FF33F6
:107680001F7077710135EDB2DEE7C046243F02205E
:10769000F0B5C64600B582B001900F004B79FF2BC4
:1076A00000D08CE00C780C19A5180026002E01D013
:1076B000002085E03000FFF72DFF002802D00136C2
:1076C000F6B2F3E793239B0073433F4A98469044F6
:1076D000BB784246137033E0AC426DD22100019872
:1076E000FEF7A0FE002836D00136F6B2A378DB09FB
:1076F000012B37D040463130FF3000F04BFDA178F0
:107700009422520043469B185970217963791B02D9
:107710000B435B055B0D2D498C46634459424B413D
:107720005B004146895C022081430B4341468B54F8
:107730008918019800F05CFA002836D02378E41804
:107740003B79B34238D96378052BC5D0AC42C3D25C
:107750002378E418F7E71E491E48E022FDF7B4FE3F
:1077600000202DE040460C3000F014FDA378424686
:107770005371227963791B0213435B055B0D134A36
:10778000944663445A4253415B00424612790221B7
:107790008A431343424613710B4BD31A9B100E4876
:1077A0005843C0B2FFF7D4FEC8E709490948E822A8
:1077B000FDF78AFE002003E0E01B80B200E000201D
:1077C00002B080BCB846F0BD243F022000FEFFFF9F
:1077D000983903107CA202109B1DB508F0B583B048
:1077E00006001D000024002C0CD0002C57D1019461
:1077F0002A23FF33FB5C8B4215D07B798B4236D03A
:1078000001204DE093239B006343264FDF193B008B
:107810002A33FF331B788B42E7D07B798B42E4D04D
:107820000134E4B2DFE73B003133FF339B88002BA8
:1078300012D11D4B002B07D0019BD9011B4BC9183E
:10784000AAB2200000E000BF39002931FF3130002A
:1078500000F0CEF9012023E03B002933FF335968C3
:10786000AAB238003130FF3000F08FFCE1E7104B56
:10787000002B04D02904090C200000E000BF3C1DAF
:107880002100300000F072F9002801D0012007E04B
:107890002A002100300000F029F9012000E000203A
:1078A00003B0F0BD243F022000000000A43E0220EF
:1078B0000000000010B582B000290AD001281CD8B1
:1078C0000B78002B19D0164A1354012B1ED001241B
:1078D00019E001A901230B7000234B700020FEF773
:1078E00021FD041E03D00E4B01221A700BE00D493E
:1078F0000D484722FDF7E8FD05E00A490A485A22EB
:10790000FDF7E2FD0024200002B010BDFEF70AFDE5
:10791000041EF8D1034904485F22FDF7D5FDF2E7C4
:107920007C3D0220183A03107CA2021070B50400BE
:107930000D000378DB07D80F002B1DD123785B07E0
:10794000DE0F002B19DB0121494228000BF0F8F86B
:107950002378DB07DA0F002B07D123785B0709D4E4
:107960002378042213432370012628000BF0C0F86B
:10797000300002E01600F8E7002070BD70B5060088
:107980000C000121494220000BF0DAF833785B0744
:10799000DD0F002B04DB20000BF0AAF8280070BDDF
:1079A0003378DB0704D43378042293433370F2E74F
:1079B0000025F0E710B5027943791B0213435B05FC
:1079C0005B0DC2789207920F022A14D0032A2DD0A1
:1079D000012A3CD1022904D01E4A9A4204D3012034
:1079E00036E08022D200F8E71B491C48D122FDF77F
:1079F0006BFD00202CE0022903D0402B0FD8012082
:107A000026E080229200934201D1012020E0124919
:107A10001248293AFF3AFDF757FD002018E00E49B9
:107A20000E48DB22FDF750FD002011E0022904D0B2
:107A300040229A4204D301200AE08022D200F8E7D3
:107A400005490648E122FDF73FFD002000E0002047
:107A500010BDC046FF030000043A03107CA20210D0
:107A600030B58A1801E00C78091991420AD24C7895
:107A7000052CF8D18D787A342C4064000419ED0976
:107A80006355F0E730BDF0B585B0040003920AAA53
:107A900040CA17880DAA158801220A4001780120E2
:107AA00081431143217020000830009301233A00E4
:107AB000310000F08BFA002E01D0002F05D10C9B75
:107AC00063606580012005B0F0BD26001C363000E3
:107AD000F9F784FF039B002B04D033000026636179
:107AE000A661ECE70023FAE701207047F8B506002D
:107AF0000C0015000B789B0711D58027BF002000D4
:107B0000083000F0A1FA002825D1002D25D0013F32
:107B10003D4224D12378DB0703D500201CE0402719
:107B2000EDE761783000FEF7F1FC0028F5D023780E
:107B3000DB0707D5B5220B490B485200FDF7C4FC03
:107B4000002009E06178002300223000FEF706FDE6
:107B5000002801D1EEE70020F8BD0020FCE700205E
:107B6000FAE7C046E03903107CA2021070B50500A8
:107B70000C000E000836300000F066FA002830D005
:107B80002378DB0701D5002070BD61782800FEF75F
:107B9000BDFC0028F7D061686288300000F0BEFAB2
:107BA000061E14D02378DB0707D5BC220E490F48E8
:107BB0005200FDF789FC0020E6E762686178030067
:107BC0002800FEF7CBFC0028EFD03000DCE723785C
:107BD000DB0701D50020D7E761782800FEF7AAFC73
:107BE000F8E70020D0E7C046C43903107CA2021099
:107BF000F8B505000C008B89002B22D10B78DB0730
:107C000001D50020F8BD4978FEF780FC0028F8D0A7
:107C100063882278D20707D5D922304930485200EC
:107C2000FDF752FC0020EDE76178002B07D0626879
:107C30002800FEF793FC0028EED06088E2E70022DF
:107C4000F6E70B789B070DD58026B600270008378E
:107C5000380000F02BFA86423DD82378DB0703D5A5
:107C60000020CFE74026F1E761782800FEF74EFCC0
:107C70000028F5D0380000F019FA864221D8764263
:107C8000B6B262883040031C904200D9131C9EB2E9
:107C90002378DB0707D5C82210491148FF32FDF7CA
:107CA00013FC0020AEE76178002E08D06268330034
:107CB0002800FEF753FC0028EDD03000A2E7002298
:107CC000F5E72378DB0701D500209BE761782800E2
:107CD000FEF730FCF8E7002094E7C046A83903100F
:107CE0007CA2021003008A1890B2814202D85A0086
:107CF000904203DB5B009BB2C01A80B2704770B544
:107D000005000800AC889A420BD3D11A89B2002929
:107D10001ED08C4210D2944209D8121B93B26B81B0
:107D20000AE0D11A89B26600891989B2EFE7A21870
:107D300093B2F4E71B1B9BB29C42FBD92968EA88EB
:107D40005204520C5343C918FCF792F8012070BD3D
:107D50000020FCE7F8B5CE46474680B505008C46C6
:107D600008A909788488E01A80B21C1B1419A4B2EF
:107D7000EF887F047E0C07007743BFB27443A4B240
:107D8000A1462C68A04673434344002906D1904283
:107D900008D3724319006046FCF76AF8C0BCB946C4
:107DA000B046F8BD3A00190064462000FCF760F8C0
:107DB0002968E0194A46FCF75BF8EFE7F0B5C646DC
:107DC00000B582B01E0008AB1B8809AC27788488F8
:107DD0009E420FD3F51AADB2002D1FD0AC4205D292
:107DE000B44210D8331B9BB24381250095420FD378
:107DF00015000DE0F51AADB2A8466500AC46454643
:107E00006544ADB2E8E7A619B3B2EDE71B1B9BB220
:107E10009C42FBD900972A00FFF79CFF280002B084
:107E200080BCB846F0BDF0B583B004000D0016006C
:107E30001F000069002803D0012149420AF080FE9A
:107E400023899BB2628901970092320029002000A9
:107E5000FFF7B4FF0500618989B2A0882A00FFF707
:107E600041FF60812069002801D00AF041FE28000E
:107E700003B0F0BDF8B5CE46474680B505008C4648
:107E800008A90878AC88E11A89B21C1B1419A4B29D
:107E9000EF887F047E0C0F007743BFB27443A4B217
:107EA000A1462C68A04673434344002806D1914262
:107EB00008D3724361461800FBF7DAFFC0BCB9462D
:107EC000B046F8BD3A00644621001800FBF7D0FF29
:107ED0002868E1194A46FBF7CBFFEFE7F0B585B01C
:107EE00006000391171E029300D16DE0C0680028C0
:107EF00003D0012149420AF023FE3489A4B27189DA
:107F000089B2F379DB0918D1B3888C420FD3611A97
:107F100089B28B4256D95B1A9BB23A1C9F4200D958
:107F20001A1C95B2002D45D0B288230033E0611AA7
:107F300089B25A00891889B2EBE7B588BD420ED8DC
:107F4000029B002B21D17B1BF7887F047F0C5F43B2
:107F5000039B9C46BC44634603930C00E2E78C42BF
:107F60000DD3631A9BB2DB196A0093420FDBEA1B45
:107F700092B22800FFF7B6FE04003D00D2E7631A74
:107F80009BB26A009B189BB2EDE70C00CAE73D006C
:107F9000C8E79B1A9BB29A42FBD9029A00922A0028
:107FA00003993000FFF766FFB0882A002100FFF731
:107FB00099FE3081F068002801D00AF099FD280070
:107FC00005B0F0BD0025F5E71500F8E7F0B583B082
:107FD0000400019116001D0008AB1F7880231B02CE
:107FE0009A422DD8C068002803D0012149420AF0E6
:107FF000A7FD2069002803D0012149420AF0A0FD15
:10800000019B2360A6806D046B0CE588ED0BED03EE
:108010001D43E580FB01E2797F2717401F43E7718D
:10802000002363812381E068002801D00AF060FD0D
:108030002069002806D00AF05BFD012003B0F0BDE6
:108040000020FBE70120F9E710B5828801898BB297
:10805000408984B2884207D81B1B9BB2101C9A42ED
:1080600000D9181C80B210BD1B1B9BB251005B18BD
:108070009BB2F3E703894089181A43425841C0B2C2
:10808000704710B58488028993B2418988B29142C1
:1080900006D81B1A9BB20020A3424041C0B210BDBB
:1080A0001B1A9BB262009B189BB2F4E710B5828842
:1080B00001898BB2408984B2884206D81B1B9BB2CF
:1080C0009A4208D9D01A80B210BD1B1B9BB2510036
:1080D0005B189BB2F4E70020F6E770B504000D00D2
:1080E0000069002803D0012149420AF029FD2289B4
:1080F00092B263899BB229002000FFF700FE0500C1
:10810000618989B2A0882A00FFF7ECFD60812069AF
:10811000002801D00AF0ECFC280070BD10B5002347
:10812000FFF781FE10BDF8B504000E00C0680028FE
:1081300003D0012149420AF003FD2589ADB2200098
:10814000FFF79FFF002802D0E779FF0916D0A28829
:108150002B0001E09B1A9BB29A42FBD92068E2886F
:108160005204520C5343C0183100FBF781FEA08823
:1081700001222900FFF7B6FD20810127E0680028D1
:1081800001D00AF0B5FC3800F8BD10B50023FFF7A8
:10819000A5FE10BD10B50400C068002803D0012161
:1081A00049420AF0CDFC2069002803D00121494250
:1081B0000AF0C6FC002363812381E068002801D017
:1081C0000AF096FC2069002801D00AF091FC0120F9
:1081D00010BD70B504000D00C068002803D0012157
:1081E00049420AF0ADFC2069002803D00121494230
:1081F0000AF0A6FCED01E3797F2119402943E171E2
:10820000E068002801D00AF073FC2069002801D042
:108210000AF06EFC012070BD074B98420AD0112372
:1082200001229A40054B1A60054B1B6811009943C7
:10823000FAD170471023F3E700C0034000F000407C
:1082400008C00040F8B5DE4657464E464546E0B504
:1082500081460E000620FAF753FA80464B465A68CC
:1082600002231A40934604224A449246214A4A4431
:108270001360022400E00234FE2C1AD800252002EC
:10828000320000230021FBF74BFC002903D1A94257
:10829000F1D14045EFD980277F00012F0CD97D1EF9
:1082A000210069434046FAF731FDB04204D82F005F
:1082B000F3E780277F00F0E74B461C617A1E12022D
:1082C0001B685A40FF231B021A4080235B014B446A
:1082D0001A6080239B0153445A461A603900614357
:1082E0004046FAF713FDF0BCBB46B246A946A0468D
:1082F000F8BDC0460430000070B504000D00154BF9
:10830000984224D0112201239340134A1360200085
:10831000FFF782FF29002000FFF794FF6268022325
:108320001A400E4961180B60256807214D40C8317D
:10833000294080256D0165192960094961180A6085
:10834000084A94466444032222600B6070BD1022E8
:10835000D9E7C04600C0034000E000400430000000
:10836000042000002420000070B5056903681B0A82
:10837000FF241C4001340620FAF7C2F921006943AA
:10838000FAF7C4FC70BD0000074B83420AD00423F7
:1083900001229A40054B1A60054B1B681100994356
:1083A000FAD170470323F3E7602E002000F000406D
:1083B00008C00040F0B5DE4657464E464546E0B59B
:1083C00087B0070093461800039310AB1A78059204
:1083D000119D129A90463B680022DA663B6859600C
:1083E0003B680132DA660290002399460493002626
:1083F00000242DE03B79002B39D0012337E0059A8A
:10840000002A01D0002236E0012234E0002E0CD1F7
:108410003B685B6BDB0608D4002DF7D0002140469B
:10842000A84706000443E4B2F0E7002E09D13B68F8
:1084300080229A580492002A28D1002C39D1CA45AA
:1084400027D0002C3DD101239C46E144019B9B4653
:10845000029B994535DA039B013B9A46002D02D0D9
:1084600001214046A8474B46002BC3D000239B0266
:10847000CA45C4D00022520213435A460132019227
:108480005A4611783A680B431361C5E75B6D0124C6
:108490000FE0059B002BD4D10BE000214046A847FC
:1084A00006000443E4B2002E06D13B685B6B9B05DB
:1084B00002D4002DF1D1F6E7002EC2D13B681B6E2D
:1084C000BFE7002C08D0002E10D1049A002A11D04A
:1084D000D30713D4130715D5059B3B71484607B046
:1084E000F0BCBB46B246A946A046F0BD02235B42A3
:1084F0009946F1E701235B429946EDE701235B4290
:108500009946E9E701235B429946E5E7F0B5DE4687
:1085100057464E464546E0B585B0050092461800E0
:1085200003930EAB1A7891460F9E109A90462B68D3
:108530000022DA662B6859602B680132DA660290F5
:1085400000270023019300244346B8461F00029BE6
:10855000984545DA039B013B9B46002E02D0012142
:108560003800B0472B685A6F102AFBD04246002AC9
:108570000BD000229202C3450CD0002149020A43CD
:10858000802149000A431A6119E02A79002AF1D0B2
:108590000122EFE74946002901D00021EEE7012141
:1085A000ECE7002E05D000213800B04701900443CD
:1085B000E4B2002C16D12B689A6F002A08D12B68E0
:1085C00080229A585A6B5206EBD55B6D0124E8E77E
:1085D0001B695246137001239C46E044E244B6E70F
:1085E000474600E04746002C04D0019B002B0BD0EF
:1085F00002277F424B462B71380005B0F0BCBB46CA
:10860000B246A946A046F0BD01277F42F2E700002E
:10861000F0B5D6464F464646C0B505000C000520CD
:10862000FAF76EF80600600880192100FAF76EFB71
:10863000070043009946814405214846FAF766FB46
:1086400080463B1A9A46274B9C423CD870008019C2
:108650002549FAF75BFB441C4346023BA34239D34E
:108660002B680022DA662B68196804325140023206
:108670000A40802149018C4663441A602B685246A7
:10868000DA612B6842461A624B464F2B28D950219B
:108690004846FAF73BFB2A68A023D0502B68DA6FD4
:1086A00054402404240C114A944663441C602B68F3
:1086B0000122DA6639003000FAF728FBE0BCBA463E
:1086C000B146A846F0BD700080190949FAF71EFBB3
:1086D000441CC1E7074B084A08485D21F8F79AFD9A
:1086E0000120D8E73F420F00809698007C100000E0
:1086F00040787D0194A202102C3A0310B4A202101B
:1087000070B504000D00114B98421DD004220123C6
:1087100093400F4A13602000FFF736FE00232371B9
:108720002268D36622686621FF3111602268D36314
:1087300022689363226888336339FF39D150290056
:108740002000FFF765FF70BD0322E0E7602E0020E8
:1087500000E00040F0B5CE46474680B589B081467E
:10876000884616001F0010AB1C7804AD129A139BAC
:108770002800F9F79DFD0295019000943B0032001E
:1087800041464846FFF716FE09B0C0BCB946B046A0
:10879000F0BDF0B5CE46474680B589B081468846E3
:1087A00016001F0010AB1C7804AD129A139B280012
:1087B000F9F77EFD0295019000943B00320041469E
:1087C0004846FFF7A3FE09B0C0BCB946B046F0BDAD
:1087D0000123084A1360084A1360084B1A680123F2
:1087E0009343FAD1064B01221A60054B1B68DB0547
:1087F000FBD5704700E0004000F0004008C000409A
:1088000000C0044000000000000000000000000064
:1088100070470B4A13681868203080F309880220DB
:1088200080F31488BFF36F8F3FBCAE4608BC04BC16
:1088300062B61847C046C046C046C046C046C0469D
:10884000D4370020EFF30980154B1A6820381060E8
:10885000F0C044464D4656465F46F0C00D22120712
:10886000146E556E566F176F3038F0C008B572B67B
:1088700002F0A6FB62B60CBC116808681030F0C8A4
:10888000A046A946B246BB4680F309880D221207CE
:108890003038F0C81466556656671767F0C8184731
:1088A000D437002010B5F8F785FD10B582B002E08E
:1088B000D0231B069B6DD0231B061B6DDB07F7D453
:1088C000D0231B06FF221A6500230193104B196861
:1088D000EFF3108272B60B68002BFCD0BFF35F8FF2
:1088E0000B4B5968002058601C68BFF35F8F2060F5
:1088F00082F31088986801AA00F0A6FC019B002B67
:1089000003D0044B802252051A6002B010BDC0464D
:108910000037002004ED00E070B504000D00F9F709
:1089200009FD241A8D41200029000A4A01235B42D7
:1089300080185941002906DC01D0002070BDFA23BF
:108940009B009842F9D3FA2292000023FAF704FA26
:10895000F4E7C04618FCFFFF10B5031F8024640431
:108960001C60043B1960044B01000C390B600300D0
:10897000203B1A60403810BDA588011010B5B42105
:108980000248FF31EBF7FAFE10BDC046FCA2021010
:10899000044B802252051A60BFF34F8FBFF36F8FD5
:1089A0007047C04604ED00E072B6044AD368013354
:1089B000D360BFF34F8FBFF36F8F70470037002036
:1089C00010B5094BDB68002B07D0074AD368013B81
:1089D000D360002B00D162B610BDE92103484900E5
:1089E000EBF7CCFEF1E7C04600370020FCA20210F6
:1089F000EFF3108072B6704780F31088704710B59F
:108A0000FFF7F6FF040002F061F8002803D0044BE2
:108A1000802252051A602000FFF7EEFF10BDC0460D
:108A200004ED00E010B5002800D010BDFD21024883
:108A30004900EBF7A3FEF8E7FCA2021010B5094CC1
:108A400000232360084A13600520F9F759FEFA2134
:108A50008900FAF75BF90138044B1860072323609B
:108A600010BDC04610E000E018E000E014E000E0B7
:108A700010B51F4B1968FF2212040A431A601968C7
:108A8000FF2212060A431A601A490E2000F0C4F9A8
:108A900019490F2000F0C0F918490B2000F0BCF96B
:108AA000FFF7CCFF164B0022DA60D0231B061C68B0
:108AB000144A1470FF221A6502E0D0231B069B6D36
:108AC000D0231B061B6DDB07F7D40F34FF212000DA
:108AD000F8F7D8FE0C492000F8F79EFD0121200090
:108AE000F8F772FDFFF795FE02F06AFAFFF7DAFE7B
:108AF00020ED00E045880110FF8901101188011068
:108B000000370020682E0020AB88011010B5094BFB
:108B10001B78D02212061068834200D010BDEFF3FC
:108B20000583002B02D05B00C018F7E702F062FD5E
:108B3000F4E7C046682E002030B583B004000D0075
:108B4000EFF30583DBB2002B13D12368002B15D084
:108B50001B4B1A78D0231B061B689A4214D023683B
:108B6000BFF35F8F00221A6085F3108820BF03B027
:108B700030BD14481449EBF701FEE6E7F521114832
:108B80008900EBF7FBFDE3E72368BFF35F8F00226B
:108B90001A6085F310880D4B986823680C4A944638
:108BA000634499100A005C2B00D9183A01219140C6
:108BB00001235B4200930023012200F0B2F9D6E7C3
:108BC000682E0020FCA20210D30300000037002012
:108BD00000FFFF2F10B582B00A0003682B498C46B6
:108BE000634499100C005C2B01D918390C00012149
:108BF000A140274B1C78D0231B061B689C421FD02A
:108C000040BF0468234B1B689C423AD01C68002C70
:108C1000FCD0BFF35F8F1F4B5C680C435C601B682C
:108C2000BFF35F8F002119600023D02109064B6537
:108C30000168BFF35F8F0B6082F3108802B010BD34
:108C400040BF0368BFF35F8F0020186082F3108875
:108C5000EFF30583DBB2002B04D10E4B986800F0D4
:108C60001CFAEBE7002301930A4B986801AA00F075
:108C7000EBFA019B002BE1D0074B802252051A60D2
:108C8000DCE7044C63680B436360CDE700FFFF2F14
:108C9000682E00200037002004ED00E0F0B583B01E
:108CA00005000F0016001C00EFF30583DBB2002B5C
:108CB00016D12B68002B18D02B4B1A78D0231B060B
:108CC0001B689A4216D02B68BFF35F8F00221A6090
:108CD00087F3108830002100F9F726FA03B0F0BDC1
:108CE00022482349EBF74AFDE3E720482149EBF707
:108CF00045FDE1E730002100FFF70EFE031E25D001
:108D00002A68BFF35F8F0021116087F310881A4A29
:108D100090682A6819498C46624491100D005C2ABB
:108D200001D918390D000121A94000930023012227
:108D300000F0F7F8124B5B6A9C420FD8104A926A17
:108D4000B2420FD29C4209D00120C7E72B68BFF383
:108D50005F8F00221A6087F31088EBE7FFF718FE99
:108D60000020BBE70120B9E7682E0020FCA202101A
:108D7000390400003A0400000037002000FFFF2FF4
:108D80000040054010B5F8F773FB054B9C46604466
:108D90008000044C206000F0B8F8A06010BDC04610
:108DA000400000340037002010B5FFF7B5FD002863
:108DB00000D110BD02F020F8FBE7C046054B9842F9
:108DC00004D3054B984203D3002000E000207047F5
:108DD0000120FCE7C0010010D4010010044B9B6887
:108DE00080001950BFF35F8F82F310887047C04630
:108DF00000ED00E00838072801D80248704700203D
:108E0000FCE7C04614ED00E0024B9B688000C058B0
:108E10007047C04600ED00E0F8B505000E00EFF326
:108E2000108772B6FFF7F0FF0400B04203D0FFF7DF
:108E3000C5FF002806D03A0031002800FFF7CEFF1A
:108E40002000F8BD024B034A03483921F8F7E2F944
:108E500070A30210403A0310B4A3021070B50500CD
:108E60000C000800FFF7AAFF002807D0EFF31082DC
:108E700072B621002800FFF7B1FF70BD024B034A14
:108E800003484421F8F7C6F908A40210603A031019
:108E9000B4A3021070B505000C00FFF7ABFF00286B
:108EA0000ED003222B009343C31819682A40D20026
:108EB000FF209040814394400C431C60012070BD12
:108EC0000020FCE710B50400FFF794FF00280AD04B
:108ED000032223009343C3181B682240D200D340CF
:108EE000FF20184010BDFF20FCE7C046002A03D138
:108EF000014206D1100003E00840884203D0002060
:108F000070470120FCE70120FAE710B5182003F0B4
:108F1000B5FB041E03D0002308C000F0A1F9200017
:108F200010BDF0B5C64600B506000D001700984606
:108F300000282FD080235B049D4231D2002D35D0F4
:108F400002F068FB002802D1069B002B34D101F00F
:108F500059FD3468424629002000FFF7C7FF00286A
:108F600030D0002F44D02300AB433360002306935E
:108F700001F054FE069B002B08D000283BD002F0E5
:108F80006FFC0400830139D52402240A200080BC30
:108F9000B846F0BD48212248FF31EBF7EFFBC9E7A7
:108FA000A4211F484900EBF7E9FBC7E74A211C4809
:108FB000FF31EBF7E3FBC3E7A62119484900EBF7C4
:108FC000DDFBC4E7069B002BD2D0002F0DD1002182
:108FD0004346002B02D08023DB0419432943301D74
:108FE000069A02F0DDF80024C2E780214904EFE789
:108FF00000230693BCE7FFF7CBFCC0E7FFF7D4FCE8
:109000003468424629002000FFF770FF002804D092
:10901000002F02D02300AB433360FFF7D1FCB3E74E
:109020003CA4021070B504000D0000280DD0802370
:109030005B049D420FD2FFF7B7FC26683300AB43B9
:109040002360FFF7BDFC300070BDF12105484900E9
:10905000EBF794FBEBE7E4210248FF31EBF78EFBE3
:10906000E9E7C0463CA4021010B5FFF7DBFF10BDD6
:1090700010B50A00034C00230100200003F05AFA47
:1090800010BDC0466990011010B50400FFF7B0FC98
:109090002468FFF7B1FC200010BDF8B504000D00F6
:1090A00000280DD080235B049D420ED226000C3692
:1090B00001F0A8FC206923682B432360002715E0FA
:1090C00015481649EBF75AFBECE713481449EBF740
:1090D00055FBEBE721681940994206D111E023685E
:1090E00080218904194302F039F92800B0420CD0DC
:1090F0004568026813021B0A5101EBD421680B4238
:10910000F3D0D201EBD51F43E9E72568BD432560C5
:1091100001F084FD2800F8BD3CA4021032020000DA
:1091200033020000F0B5C64600B5060088461500BB
:109130001F0080235B049A4228D2002D2BD002F01E
:1091400069FA002801D1002F2AD101F05BFC3468B4
:1091500041463000FFF7A1FF43461C432900214050
:10916000A94222D0002F25D1346801F057FD002FED
:1091700008D0002827D002F073FB0400830125D516
:109180002402240A200080BCB846F0BD1648C52140
:10919000EBF7F4FAD1E71448C621EBF7EFFACEE784
:1091A0001148C921EBF7EAFACFE73368AB433360E4
:1091B0000027DAE7A021C9042943301D3A0001F055
:1091C000EFFF0024D1E7FFF7E3FBD4E7FFF7ECFB69
:1091D000346823002B40AB4202D0FFF7F1FBCFE70E
:1091E0002300AB433360F8E73CA4021010B5FFF74F
:1091F00054FF10BD10B5041E02D001F003FC09E0BD
:109200000E480F49EBF7BAFAF7E720698021890485
:1092100002F0A4F86368002B09D0226923000C3304
:109220009A42F2D105480749EBF7A8FAEDE701F0B9
:10923000F5FC200003F0DCFA10BDC0463CA402108F
:10924000910200009D02000010B51300034C0A00BB
:109250000100200003F06EF910BDC046ED91011031
:10926000030008334360012252428260C3600361FD
:1092700000230360704700230361704743684B601D
:109280009A688A60516099600861036801330360DD
:10929000704730B50D686B1C10D0030008331C00FC
:1092A0005B681A68AA42FAD963684B6099608C605F
:1092B0006160086103680133036030BD0469F3E74E
:1092C0000369416882688A60416851605A688242D5
:1092D00005D0002202611868013818607047826862
:1092E0005A60F6E70300406A002803D01B6B1B6836
:1092F0001820C01A704710B50400FFF755FBA26B89
:10930000E36B9A4204D00024FFF75AFB200010BD03
:109310000124F9E710B50400FFF746FBA36B002B0F
:1093200004D10124FFF74CFB200010BD0024F9E715
:1093300070B504001500866B026C002A0CD103681E
:10934000002B03D000200136A66370BD806802F0B8
:10935000CDF90023A360F6E7002D0DD14068FAF7A0
:1093600087FD6368226C9B186360A26893421AD3DE
:10937000236863602800E6E7C068FAF779FDE368D0
:10938000226C51429B1AE3602268934202D2A36886
:109390005B18E360022D01D00020D4E7002E04D03A
:1093A000013E0020CFE72800CDE70020CBE710B535
:1093B000030008001A6C002A0AD0DC68A418DC60DC
:1093C00099688C4201D31968D960D968FAF750FDC1
:1093D00010BD70B50500FFF7E7FA4523EC5C64B2F9
:1093E00001E0013C64B2002C0BDD6B6A002B08D05D
:1093F0002800243001F03AFF0028F2D002F08EF865
:10940000EFE74523FF22EA54FFF7DAFAFFF7CCFA39
:109410004423EC5C64B201E0013C64B2002C0BDD3F
:109420002B69002B08D02800103001F01FFF002806
:10943000F2D002F073F8EFE74423FF22EA54FFF77B
:10944000BFFA70BDF8B504000D00002809D0C36B49
:10945000002B0CD1B6212B484900EBF78FF90020E7
:10946000F8BD38212748FF31EBF788F9F2E7026CA5
:109470000026190C170C00292ED1391E1FD1002EE1
:10948000E8D1FFF791FA2268E36B206C01005943A1
:109490005118A1600021A1636260013B4343D218CF
:1094A000E260FF234422A3540132A354002D20D1B3
:1094B0002369002B14D1FFF783FA0120D0E7181C91
:1094C0009BB292B25A4380B289B24143120C8918BE
:1094D000090CD4D00126D2E7100CFBD1101CEFE709
:1094E0002000103001F0C2FE0028E4D0FFF750FA4F
:1094F000E1E720001030FFF7B3FE20002430FFF733
:10950000AFFED8E798A4021010B503000298002916
:1095100006D10060C36301640121FFF793FF10BD12
:109520000260F7E7F0B583B004000D0016000028D4
:109530002DD00023010C280C002924D1002814D19F
:10954000002B24D128006043030049331FD8483042
:1095500003F094F8071E1FD0020048320090330039
:1095600029002000FFF7D0FF16E0011C201CA7B245
:10957000AAB27A4380B289B24143120C8918090C0D
:10958000DED00123DCE72A0CFBD1281CEFE70448DE
:109590000449EBF7F3F80027380003B0F0BDC046EC
:1095A00098A402102D02000010B5041E09D0FFF788
:1095B000FBF92368002B09D1A468FFF701FA20000A
:1095C00010BD03480349EBF7D9F8F0E70024F4E7AE
:1095D00098A40210BB02000010B5041E04D023683A
:1095E000002B06D1A06810BD03480449EBF7C6F86C
:1095F000F5E70020F7E7C04698A40210DF0200005C
:1096000010B50C00002809D0884207D3022200219F
:10961000FFF788FF002806D0846304E0024803496E
:10962000EBF7ACF8002010BD98A40210A9030000CD
:10963000F0B585B004000F0001921D0000280CD089
:10964000002F10D0022D16D001F0E4FF002802D127
:10965000019B002B17D1002649E0F02144488900E6
:10966000EBF78CF8ECE7236C002BEBD0404841493A
:10967000EBF784F8E6E7E36B012BE5D03C483E4985
:10968000EBF77CF8E0E73A483C49EBF777F8E2E79C
:109690002A0039002000FFF74BFE636A002B06D139
:1096A00000280DD1FFF78CF9012005B0F0BD200096
:1096B000243001F0DBFD0028F4D0FFF769F9F1E771
:1096C000FFF766F9EEE7FFF77BF90020EDE702A868
:1096D00001F0CCFE013617E00022E2541FE0002228
:1096E000E25421E02000FFF774FE01F097FAFFF743
:1096F0005BF9A26BE36B9A42CAD3022DC8D0019BDF
:10970000002BE0D0002EE2D0FFF75AF901F07AF9F1
:10971000FFF74AF94423E05C40B20130DCD0452336
:10972000E05C40B20130DAD0FFF74AF901A902A8A3
:1097300001F0A4FE002813D12000FFF7DCFD002873
:10974000D0D001992000103001F00EFD2000FFF76D
:1097500040FE01F063FA0028C9D1FFF719F9C6E706
:109760002000FFF736FE01F059FA00209DE7C046C1
:1097700098A40210C1030000C2030000C50300004A
:1097800010B5002807D0002383600360C360002267
:109790000021FFF74DFF10BD10B502000021012090
:1097A000FFF7C0FE0400FFF7EBFF200010BDF0B58F
:1097B000CE4600B582B004000E0001921D000028C4
:1097C0001AD0002915D0002C1ED0022D19D0FFF779
:1097D0000FF90700A26BE36B9A421AD3022D18D03F
:1097E00000243800FFF708F9200002B080BCB94619
:1097F000F0BD036C002BE6D022482349EAF7BEFFF8
:10980000E1E7E36B012BE2D01E482049EAF7B6FFFF
:10981000DDE74523E35C5BB29946A36B2A00310088
:109820002000FFF785FD4B46013311D1636A002B01
:1098300001D10124D5E72000243001F017FD0028D4
:1098400019D0019A002A18D0012313600124C8E717
:1098500001F0ECF8814512D24B467F2B06D04B46E7
:1098600001335BB24522A3540124BAE705480849F5
:10987000EAF784FFF3E70124B3E70124B1E7012409
:10988000AFE7C04698A402109A0400009B040000B1
:1098900027050000F8B504000E00002802D0036C74
:1098A000002B03D026482749EAF768FF002C18D080
:1098B0002368002B12D0FFF79BF80500A36BE26B27
:1098C0009A4231D94522A75C7FB20133A3637B1C46
:1098D00019D1636A002B0AD1012426E0A368002B6A
:1098E000E9D0AA211648C900EAF748FFE3E72000BB
:1098F000243001F0BBFC00281CD0002E1CD001231A
:109900003360012411E001F091F8874216D27F2FD5
:1099100005D001377FB24523E754012405E008480C
:109920000949EAF72BFFF4E700242800FFF764F861
:109930002000F8BD0124F8E70124F6E70124F4E74C
:1099400098A402104B050000D2050000F0B585B0C8
:1099500004000E00019200280AD0002E0ED001F063
:1099600059FE002802D1019B002B0FD100254AE0AF
:10997000BE214148C900EAF701FFEEE7236C002B46
:10998000EDD03D483D49EAF7F9FEE8E73A483C4961
:10999000EAF7F4FEEAE731002000FFF708FD013F97
:1099A000A7632369002B04D1FFF70AF8012005B053
:1099B000F0BD2000103001F059FC0028F4D0FEF773
:1099C000E7FFF1E7FEF7FCFF0020F0E702A801F057
:1099D0004DFD013521E044230022E25428E04523D7
:1099E0000022E25429E02000FFF7F3FC01F016F911
:1099F00009E02000FFF7EDFC01F010F92000FFF76F
:109A000089FC002835D1FEF7CFFFA76B002FC2D10C
:109A1000019B002BD6D0002DD8D0FEF7D1FF00F04F
:109A2000F1FFFEF7C1FF4423E35C5BB20133D2D008
:109A30004523E35C5BB20133D1D0FEF7C1FF01A93E
:109A400002A801F01BFD0028D3D12000FFF762FC23
:109A50000028C8D001992000243001F085FB2000A7
:109A6000FFF7B7FC01F0DAF80028CCD1FEF790FF41
:109A7000C9E700209BE7C04698A40210F405000047
:109A8000F905000070B584B0041E01910CD0236C60
:109A9000002B0ED101F0BEFD002802D1019B002B4E
:109AA0000CD10025002652E04D484E49EAF766FEEB
:109AB000EDE74B484C49EAF761FEEBE748484B4974
:109AC000EAF75CFEEDE7013BA3632368002B07D0B8
:109AD0002369002B08D1FEF773FF012004B070BD8D
:109AE00001F0CAFEA060F3E72000103001F0BEFBD9
:109AF0000028F0D0FEF74CFFEDE7FEF761FF0020F5
:109B0000ECE702A801F0B2FC01362AE0442300226F
:109B1000E25431E045230022E25432E0FEF744FFF4
:109B2000A06801F089FD0500FEF74AFF39E020003A
:109B3000FFF74FFC01F072F809E02000FFF749FC45
:109B400001F06CF82000FFF7E5FB002838D1FEF7A4
:109B50002BFFA36B002BB6D1019B002BCDD0002E89
:109B6000CFD0FEF72DFF00F04DFFFEF71DFF442381
:109B7000E35C5BB20133C9D04523E35C5BB20133E4
:109B8000C8D0FEF71DFF01A902A801F077FC00284C
:109B9000D3D12000FFF7BEFB0028C8D02368002BDC
:109BA000BCD001992000243001F0DEFA2000FFF73C
:109BB00010FC01F033F80028C9D1FEF7E9FEC6E732
:109BC000002D01D1002089E7FEF7EEFE2000FFF70F
:109BD00089FB0100A06801F0E1FDFEF7F1FEF1E76D
:109BE00098A40210890600008D060000920600006D
:109BF00070B584B004000E00019200280DD0002939
:109C000008D001F007FD002802D1019B002B09D1EB
:109C1000002544E0036C002BF3D03D483D49EAF7B2
:109C2000ADFDEEE73A483C49EAF7A8FDF0E7E56804
:109C300031002000FFF7BBFBE560636A002B04D115
:109C4000FEF7BEFE012004B070BD2000243001F0FC
:109C50000DFB0028F4D0FEF79BFEF1E7FEF7B0FE07
:109C60000020F0E702A801F001FC013521E04423C7
:109C70000022E25428E045230022E25429E020009B
:109C8000FFF7A7FB00F0CAFF09E02000FFF7A1FBE8
:109C900000F0C4FF2000FFF73DFB002835D1FEF7A0
:109CA00083FEA36B002BC2D1019B002BD6D0002DCD
:109CB000D8D0FEF785FE00F0A5FEFEF775FE442322
:109CC000E35C5BB20133D2D04523E35C5BB201338A
:109CD000D1D0FEF775FE01A902A801F0CFFB002844
:109CE000D3D12000FFF716FB0028C8D0019920002F
:109CF000243001F039FA2000FFF76BFB00F08EFFF3
:109D00000028CCD1FEF744FEC9E700209BE7C046FF
:109D100098A40210690700006E070000F0B5CE4657
:109D200000B582B004000D000192002810D0002D73
:109D300013D0FEF75DFE0600A76B002F15D100249F
:109D40003000FEF759FE200002B080BCB946F0BDDD
:109D500022482349EAF712FDE9E7236C002BE8D0FB
:109D60001E482049EAF70AFDE3E74423E35C5BB2BF
:109D7000994629002000FFF71AFB013FA7634B46D5
:109D8000013311D12369002B01D10124D8E7200030
:109D9000103001F06BFA002819D0019A002A18D06F
:109DA000012313600124CBE700F040FE814512D26D
:109DB0004B467F2B06D04B4601335BB24422A35463
:109DC0000124BDE705480849EAF7D8FCF3E7012478
:109DD000B6E70124B4E70124B2E7C04698A4021014
:109DE000010800000208000048080000F8B504005F
:109DF0000D00002819D0002914D0002C02D0236CAB
:109E0000002B03D10F481049EAF7B8FCFEF7F0FD2C
:109E10000600A36B002B0DD100243000FEF7ECFDF3
:109E20002000F8BD036C002BE7D006480749EAF78D
:109E3000A5FCE2E7E76829002000FFF7B8FAE76031
:109E40000124EAE798A402106608000065080000F3
:109E500010B5041E06D0FEF7A7FDA46BFEF7B0FDFB
:109E6000200010BD02480349EAF788FCF3E7C0462A
:109E700098A402109E08000010B5041E08D0FEF73A
:109E800093FDE36BA46B1C1BFEF79AFD200010BD35
:109E900002480349EAF772FCF1E7C04698A40210B1
:109EA000B308000010B5041E01D0A06B10BD02481D
:109EB0000249EAF763FCF8E798A40210C80800001A
:109EC000006C7047C06B704710B5041E04D0A36BC4
:109ED000002B06D1012010BD03480449EAF74EFCCF
:109EE000F5E70020F7E7C04698A40210550A0000E5
:109EF00010B5041E05D0A26BE36B9A4206D0002079
:109F000010BD03480349EAF739FCF4E70120F7E7FD
:109F100098A40210820A000070B505000E00002807
:109F200004D0002E21D00024002208E00F48104960
:109F3000EAF724FCF5E70F4C641814E00132092A13
:109F40000FD80C4BD1005B185B68AB42F3D0002CF0
:109F5000F4D1084BD100CB58002BEFD1054C64183D
:109F6000ECE7002C01D02660656070BD98A402105B
:109F7000CC0B00001037002010B5041E0AD00022C0
:109F8000092A0FD8084BD1005B185B68A34206D0A2
:109F90000132F5E705480649EAF7F0FBEFE7024B27
:109FA000C85800E0002010BD1037002098A402100F
:109FB000FE0B000010B5041E0AD00022092A13D897
:109FC0000A4BD1005B185B68A34207D00132F5E76A
:109FD000C22107480901EAF7D1FBEEE7034B0A006B
:109FE0000021D1509B18596010BDC0461037002089
:109FF00098A4021010B5041E06D02000FFF7DAFF67
:10A00000200002F0F5FB10BD02480349EAF7B6FB59
:10A01000F3E7C04698A40210D708000070B504000A
:10A020000D001600FEF7C0FC4423E35C5BB2013375
:10A030000DD04523E35C5BB201330CD0FEF7C0FCCE
:10A04000A36B002B0BD02000FFF7C3F970BD442396
:10A050000022E254EDE745230022E254EEE720001F
:10A0600024303200290001F0D5F8ECE7F0B5070004
:10A0700008370368002B16D0C668002003E02800CC
:10A08000002811D17668BE420ED0F56800230F2B50
:10A09000F6D8EA1834321278CC5C9442F0D1002A17
:10A0A000EDD00133F3E70020F0BD002301E00130E3
:10A0B00001330278A52AFAD098087047074B1B682D
:10A0C0001B68002B04D1054B012252425A60704795
:10A0D000024B1A68D26812685A60F8E760370020AD
:10A0E00010B50400006B02F083FB200002F080FB3F
:10A0F00010BD10B5041E05D06269114B9A4206D0FE
:10A10000002010BD0F481049EAF738FBF4E7A36AB6
:10A110000E4A93420FD0002B01D00020F1E700231C
:10A12000022B06DCE2186C321278012A05D00133CA
:10A13000F6E70120E5E70020E3E70020E1E7C0467D
:10A1400068370020ECA40210F90C00007C370020D6
:10A15000F0B5DE4657464646C0B582460F001400AD
:10A160009B46089E0A9D286B9200A521F9F77AFE6E
:10A170002B6B1E4A94466444A4001B190722934388
:10A180009846002F0DD000240F2C07D83A5D2B19CC
:10A1900034331A70002A01D00134F5E7432300223A
:10A1A000EA54172E1CD8EE626E64281DFFF763F880
:10A1B00028001830FFF75FF82D6118239B1BAB6157
:10A1C0006D625A4651464046FEF7C6FB2860099B21
:10A1D000002B00D01D60E0BCBB46B246A846F0BDD7
:10A1E00003480449EAF7CAFA1726DCE7FFFFFF3FF6
:10A1F000ECA402107A070000F0B587B00490059136
:10A2000016001F00900002F039FA051E1DD07020C4
:10A2100002F034FA041E14D070220021F9F722FE55
:10A2200025630023039302940D9B01930C9B0093E1
:10A230003B00320005990498FFF78AFF200007B021
:10A24000F0BD280002F0D4FAF8E70400F6E770B594
:10A25000002407E0A3001B199800104BC018FEF75C
:10A26000FFFF0134172CF5D90D4C26003036300095
:10A27000FEF7F6FF250044352800FEF7F1FF200029
:10A280001C30FEF7EDFF20005830FEF7E9FF2000FC
:10A290000830FEF7E5FF2660E56670BD0038002057
:10A2A0006037002010B50400FEF77EFB274B1A6FC5
:10A2B00001321A675B6F002B0CD0244B9B6F002B75
:10A2C0000DD1224B5B6FDA6AE36A9A4207D81F4BC3
:10A2D0005C6704E01D4B5C671B6F012B30D01B4A91
:10A2E000D36F0133D367E16A194B1B68994201D9D7
:10A2F000174B1960174A8B005B189B00D3185B68DB
:10A30000A3609868E060211D41609960E06A830065
:10A310001918890089186161191889008958013153
:10A320001B189B009950FEF74BFB084B9B6F002BB3
:10A3300005D0064B5B6FDA6AE36A9A4203D310BD1D
:10A34000FFF785FFCBE7FEF723FBF8E76037002038
:10A35000E03700200038002070B513E0FEF724FB42
:10A360000B4C636EDD68281DFEF7AAFF236F013BCF
:10A370002367084A5368013B5360FEF721FB28001E
:10A38000FFF7AEFE034B5B68002BE7D170BDC04604
:10A3900060370020E0370020F0B583B00400019161
:10A3A000204B9E68204B1F68DD6E596F6F22002086
:10A3B0008854586F0430FEF783FF631C0DD03419A6
:10A3C000194B5B6F5C60A6421FD9174B596F043164
:10A3D0002800FEF75EFF03B0F0BD019B002BEED01E
:10A3E000114BDA68596F8A60596F9068C860596F6D
:10A3F00004314160596F043191605A6F190008317E
:10A4000051619A6801329A60E5E7074D696F04313E
:10A410003800FEF73EFF6B68A342DCD9024B5C605C
:10A42000D9E7C046E03700206037002010B503E0D0
:10A43000FEF7AEFAEAF756F9FFF78EFF024B1B68FC
:10A44000012BF5D8F6E7C0460038002010B582B0E1
:10A45000059C0194049C0094FFF7CEFE002804D0D4
:10A46000FFF720FF012002B010BD01204042FAE7B3
:10A4700010B586B01022002102A8F9F7F3FC0023E2
:10A480000E2B07D8104AD25C02A9CA54002A01D068
:10A490000133F5E702AA0021D15400240120002C49
:10A4A00001DD06B010BD80220848094BA1005B18F1
:10A4B000019300230093920002A9FFF7C7FF012830
:10A4C000EFD10134EBE7C04640A502102DA40110E6
:10A4D000EC37002070B50400FEF766FA002C2CD093
:10A4E000251D2800FEF7ECFEA36A002B03D02000F8
:10A4F0001830FEF7E5FE224BDA6F0132DA675B6F48
:10A50000A34223D000221E4B9B6F002B01D0002AB8
:10A510001ED11B4A136F013B1367FFF7CFFDFEF7F8
:10A520004FFA2000FFF7DCFD154B9B6F002B03D08B
:10A53000134B5B6FA34216D070BD114B5C6F002CA8
:10A54000CED110481049EAF719F9C9E70122DAE734
:10A550000E482900FEF792FE0D4A536801335360FE
:10A56000FEF72EFAE0E70A4B1B69002B02D1FEF73B
:10A570000FFAE1E703480749EAF700F9F7E7C046B1
:10A5800060370020ECA40210B2080000B8370020A9
:10A59000E03700202B090000F8B5CE46474680B5CD
:10A5A000041E1FD0234B5B6FA34233D0FEF7FCF990
:10A5B0006669A76A1F4D2B689846EB6E9946FEF7B1
:10A5C000FFF91C35AF422AD046452AD04E452AD045
:10A5D000194B9E420BD0194B9E4228D0002E17D00B
:10A5E000012018E016481749EAF7C8F8DAE7A36A25
:10A5F000002B01D002200EE00023022B06DCE21823
:10A600006C321278012A10D00133F6E7032002E001
:10A61000042000E00020C0BCB946B046F8BD0120CF
:10A62000F9E70220F7E70220F5E70220F3E704202C
:10A63000F1E7C0466037002068370020B8370020B7
:10A64000ECA40210D709000010B50400FEF7ACF925
:10A65000002C04D0E46AFEF7B3F9200010BD044BCF
:10A660005C6F002CF6D103480349EAF787F8F1E75D
:10A6700060370020ECA402105C0A000070B50400F2
:10A68000FEF7B6F90500002C05D0E46A2800FEF7B5
:10A69000B3F9200070BD044B5C6F002CF5D103486A
:10A6A0000349EAF76BF8F0E760370020ECA40210EA
:10A6B0008E0A000010B50400FEF776F9002C04D0D5
:10A6C000646CFEF77DF9200010BD044B5C6F002C1C
:10A6D000F6D103480349EAF751F8F1E76037002063
:10A6E000ECA40210AA0A000070B50400FEF780F97D
:10A6F0000500002C05D0646C2800FEF77DF92000D1
:10A7000070BD044B5C6F002CF5D103480349EAF798
:10A7100035F8F0E760370020ECA40210DC0A0000F6
:10A7200070B504000D00172912D8FEF73DF9002C72
:10A7300014D0636C9D4236D019D9334A526FA2426D
:10A7400034D0314A526FD26AAA4231D3002613E084
:10A750002E482F49EAF712F81725E6E72A4B5C6FD7
:10A76000002CE6D129482B49EAF708F8E1E7264A08
:10A77000526FA2421ED00026E26A934201D0954257
:10A7800000D9E5626564A369002B02DB18235B1B1B
:10A79000A361616993009B189B001F4A9B18994213
:10A7A0000AD0002E2CD1FEF70BF970BD0026E3E78E
:10A7B0000126E1E70126DFE7251D2800FEF780FDE1
:10A7C000E16A164B1B68994201D9144B1960124A71
:10A7D0008B005B189B00D3185B68A3609968E160ED
:10A7E0004D609D60E06A83001918890089186161D5
:10A7F00019188900895801311B189B009950D0E71E
:10A80000FEF7C6F8CFE7C04660370020ECA4021080
:10A81000F90A00000A0B000000380020E037002091
:10A8200070B5041E0FD0204B5B6FA3420AD0002CE2
:10A8300008D0FEF7B9F82000FFF75BFC002807D12D
:10A84000FEF7BEF870BD19481949E9F797FFEAE726
:10A85000251D2800FEF734FDE16A164B1B6899425E
:10A8600001D9144B1960144A8B005B189B00D31854
:10A870005B68A3609968E1604D609D60E06A830059
:10A8800019188900891861611918890089580131DE
:10A890001B189B009950044B5B6FDA6AE36A9A427B
:10A8A000CED2FEF775F8CBE760370020ECA402109B
:10A8B0003D0D0000E037002000380020F8B5041EF0
:10A8C0003DD0FEF795F806002000FFF712FC051EAC
:10A8D00030D0224B1B69002B38D1E26A204B5B6FD2
:10A8E000DB6A9A4230D91D4B01225A610125271D8E
:10A8F0003800FEF7E5FCE16A184B1B68994201D964
:10A90000164B1960174A8B005B189B00D3185B68C5
:10A91000A3609968E1604F609F60E06A8300191846
:10A9200089008918616119188900895801311B183B
:10A930009B0099503000FEF75FF82800F8BD0A48E8
:10A940000A49E9F71BFFBCE70025D0E721001831D1
:10A950000748FEF793FC0025ECE7C046E0370020EF
:10A960006037002000380020ECA402107B0D0000AE
:10A970007C37002010B5FFF77BFD012804D00130A3
:10A9800013D00C4B1B6810BD01F07AFC0128F6D1E6
:10A9900072B6094B012252425A6002329A67074B43
:10A9A00000229A60FEF764F8EBE705480549E9F7ED
:10A9B000E5FEE6E7A43A031060370020E037002008
:10A9C000ECA40210C30E000010B501F0F5FCFFF777
:10A9D00081FD0024002C08DDFFF7BEFC72B6074B9A
:10A9E00000229A67FDF7CAFF10BD054BA2009B1815
:10A9F000D868FFF76FFD0134ECE7C04660370020F0
:10AA0000E0370020024A1369013313617047C046E2
:10AA1000E0370020014B98687047C046E0370020BF
:10AA2000014B98687047C046E0370020014B186F13
:10AA30007047C0466037002010B5041E02D02000C9
:10AA4000343010BD044B5C6F002CF8D1034804492E
:10AA5000E9F794FEF3E7C04660370020ECA402104B
:10AA60008B10000010B5064BDB68002B02D0044BA6
:10AA7000D86810BD03480449E9F780FEF7E7C046EF
:10AA8000E0370020ECA40210AE11000010B5041E47
:10AA90000AD10A4BA2009B18DB68002B09D0074B98
:10AAA000A4001B19D86810BD05480649E9F766FEE1
:10AAB000EFE703480449E9F761FEF0E7E0370020DB
:10AAC000ECA40210BB110000BF110000F8B54E4B02
:10AAD0001B69002B00D091E04B4B9E6801369E60B5
:10AAE000002E0FD1494B1B681B68002B20D1474B10
:10AAF0001A68D96E1960DA66434A93690133936123
:10AB0000FFF7DCFA414B5B68B34216D900203F4B9C
:10AB10005B6FD96A3E4A8B005B1899008B58012BFA
:10AB200000D90120384B5B69002B6CD001206AE012
:10AB300038483949E9F722FED9E7002033E0334BA2
:10AB4000012252425A60E2E7304B5A60DFE7D9688F
:10AB500051603EE000219962116801391160DA6AA2
:10AB6000294909688A4201D927490A60284994007D
:10AB7000A418A2008A1852689A609468DC60656024
:10AB80009560DC6AA2001719BD006D185D61BD00FB
:10AB90006D580135BC006550DA6A1C4B5B6FDB6A8F
:10ABA0009A4200D90120194B1B681B68002BC6D0A4
:10ABB000164B1B68DB68DB685A689642C4D35A6937
:10ABC0009C68D968A1609C684C6051681D1DA942B1
:10ABD000BDD0002159611168013911609A6A002ABB
:10ABE000BDD0DC69196AA160DC694C605468190049
:10ABF00018318C42AED1196A5160ABE7024AD36971
:10AC00000133D3610020F8BDE03700206037002019
:10AC100000380020ECA402109212000010B5FDF7DD
:10AC2000C3FE494B1B69002B0DD0474B1A69013AF3
:10AC30001A611B69002B00D081E0444B1B6F002B75
:10AC40000CD100247CE042484249E9F797FDECE74B
:10AC5000196A516015E0D968516021E000233B4A30
:10AC6000D269002A4AD0394B9B6ADB689A6AD86954
:10AC7000196A8160D86948605068190018318842A3
:10AC8000E6D0002199621168013911605A6998680B
:10AC9000D96881609868486051681C1DA142DAD06B
:10ACA00000215961116801391160D86A264A126879
:10ACB000904201D9244A106027498200121892005C
:10ACC0008A1852689A609068D86044609460DC6A20
:10ACD000A2001019800040185861101980004058D7
:10ACE0000130121992005050D96A184A526FD26A34
:10ACF0009142B4D9144A01215161B0E7002B01D02F
:10AD0000FFF7DCF9104BDC69002C0CD10E4B5C69B1
:10AD1000002C15D00D4B5B6FFDF73AFE01240FE0C0
:10AD2000013C002C07D0FFF7D1FE0028F8D0064BDD
:10AD300001225A61F4E7044B0022DA61E6E70024BD
:10AD4000FDF73EFE200010BDE037002060370020F8
:10AD5000ECA40210C10F00000038002070B50500FF
:10AD60000C00002811D0002C14D0FFF74BFE1D4B17
:10AD70009E681B69012B12D12A681419B2421AD994
:10AD8000A24211D82C6000241FE017481749E9F7A8
:10AD9000F5FCE8E714481649E9F7F0FCE5E7124846
:10ADA0001449E9F7EBFCE7E7A64202D32C60002444
:10ADB0000BE02C6004E0A24201D8A6420BD22C602A
:10ADC000A01B0021FFF7E8FA0124FFF727FF002866
:10ADD00004D0200070BD2C600024F6E7FDF7D8FDFC
:10ADE000F7E7C046E0370020ECA402104609000057
:10ADF000470900004F09000010B5041E0DD0FFF7F1
:10AE000001FE0A4B1B69012B0AD100212000FFF72C
:10AE1000C3FAFFF703FF002801D1FDF7B9FD10BD0C
:10AE200003480449E9F7AAFCEFE7C046E0370020F1
:10AE3000ECA40210A509000070B5060004F038F972
:10AE40000F2817D8FFF7DEFD1824013CA0000019D9
:10AE50008000184BC0183100FFF708F9051E01D11A
:10AE6000002CF2D1002D0AD0002D16D0FFF7D6FE0F
:10AE7000280070BD10481149E9F780FCE2E7104B4B
:10AE800018683100FFF7F2F8051EEFD10C4BD86EB1
:10AE90003100FFF7EBF80500E6E70A483100FFF75D
:10AEA000E5F8051EE2D108483100FFF7DFF805009C
:10AEB000DCE7C04600380020ECA40210E5100000DA
:10AEC0006037002068370020B837002010B5040034
:10AED0000A4B1B69002B0CD1FFF794FDFDF764FDB5
:10AEE000064AD3691B19D361FDF76AFDFFF796FE89
:10AEF00010BD03480349E9F741FCEDE7E0370020C6
:10AF0000ECA402100112000070B5041E0BD0FFF774
:10AF100079FD2000FFF740FB022809D00024FFF74D
:10AF20007DFE200070BD21482149E9F727FCEEE7AE
:10AF3000251D2800FEF7C4F9FDF736FDA36A002B96
:10AF400006D020001830FEF7BBF96F230122E2542F
:10AF5000FDF736FDE16A174B1B68994201D9154B85
:10AF60001960154A8B005B189B00D3185B68A360BF
:10AF70009968E1604D609D60E06A8300191889005E
:10AF80008918616119188900895801311B189B00C3
:10AF90009950E26A094B5B6FDB6A9A4204D9054B10
:10AFA00001225A610124BAE70124B8E7ECA4021097
:10AFB0001E120000E037002000380020603700201B
:10AFC00010B52F4B1B69002B03D02D4B01225A616A
:10AFD00010BD2B4B00225A612A4B5A6F116B5A6FCE
:10AFE00012685B6F1B6B10339A4203D90A68264BB9
:10AFF0009A4208D0234B596F3431586FE9F792FBCE
:10B000001F4B1C680AE04A689A42F3D18A689A4248
:10B01000F0D1CA689A42EDD1F2E7013C1B4AA30085
:10B020001B1999008B58002B06D1002CF5D118481C
:10B030001849E9F7A3FBF0E71100A20010198300FB
:10B04000CB185868406858601219930008335B1891
:10B0500098420CD00D4BA200121991005B185B684E
:10B06000DA68084B5A67064A14605B6FB0E70B005A
:10B07000A200121991005B18DA685A60EAE7C0462C
:10B08000E037002060370020A5A5A5A500380020E6
:10B09000ECA402102F14000070B50400FDF784FC2E
:10B0A000002C10D0251D2800FEF70AF9A36A002BFA
:10B0B00003D020001830FEF703F925482900FEF7D9
:10B0C000DDF8002309E0234B5C6F002CEAD1224815
:10B0D0002249E9F753FBE5E70133022B09DCE218CB
:10B0E0006C321278012AF7D1E2186C32002111700B
:10B0F000F2E7FDF765FC174B9B6F002B04D1154B56
:10B100005B6FA34207D070BDFDF74EFCFEF7D6FF84
:10B11000FDF756FCF3E70F4B9B6F002B0BD0104B4A
:10B120001B69002B02D1FDF733FCECE70A480D49FF
:10B13000E9F724FBF7E7074B9A681B6F934203D1AB
:10B14000044B00225A67DEE7FFF73AFFDBE7C04611
:10B150006837002060370020ECA40210580C000073
:10B16000E0370020C50C000070B504000D00002879
:10B170000AD0084B596F18312000FEF78AF80121D8
:10B180002800FFF709F970BD03480449E9F7F6FA0A
:10B19000EFE7C04660370020ECA40210B5140000B1
:10B1A00070B504000E00150000281FD0144B1B6959
:10B1B000002B20D0134B5A6F802109063143916137
:10B1C0006268596FCA61596F90680862596F183187
:10B1D0004160596F183191605B6F9C622368013345
:10B1E000236001212800FFF7D7F870BD0648074902
:10B1F000E9F7C4FADAE704480549E9F7BFFAD9E7FD
:10B20000E037002060370020ECA40210D3140000C7
:10B21000D714000070B504000E00150000281AD0E5
:10B2200062680F4B596FCA61596F90680862596F15
:10B2300018314160596F183191605B6F9C622368CF
:10B2400001332360002D01D0012676422900300011
:10B25000FFF7A2F870BD03480349E9F78FFADFE76B
:10B2600060370020ECA40210F314000010B5C3688E
:10B27000DC68002C4CD0A36AE169226A8A60E1692B
:10B2800051605A68210018318A4246D00022A262D9
:10B290001A68013A1A602C4B1B69002B43D1636971
:10B2A000A168E2688A60A16851605A68201D8242E4
:10B2B00036D0002262611A68013A1A60E16A224BB4
:10B2C0001B68994201D9204B1960204A8B005B18FA
:10B2D0009B00D3185B68A3609968E1604860986040
:10B2E000E06A8300191889008918616119188900BA
:10B2F000895801311B189B009950E26A144B5B6F0F
:10B30000DB6A9A421DD9104B01225A61012010BDFF
:10B3100010481149E9F732FAADE7226A5A60B5E7F9
:10B32000E2685A60C5E70A4B1A6AE26190682062D7
:10B33000416091601A001C32A262DA690132DA615E
:10B34000DBE70020E3E7C046E037002000380020BC
:10B3500060370020ECA402102A15000070B505002B
:10B360000C00304B1B69002B4CD080210906214377
:10B370002960EC68002C4AD02B696968AA688A6049
:10B38000696851605A68AA4246D000222A611A6848
:10B39000013A1A606369A168E2688A60A168516035
:10B3A0005A68201D82423AD0002262611A68013A2E
:10B3B0001A60E16A1B4B1B68994201D9194B19604D
:10B3C000194A8B005B189B00D3185B68A3609968CF
:10B3D000E16048609860E06A830019188900891864
:10B3E000616119188900895801311B189B00995017
:10B3F000E26A0E4B5B6FDB6A9A4202D9094B01226B
:10B400005A6170BD0A480B49E9F7B8F9ADE7084839
:10B410000949E9F7B3F9AFE7AA685A60B5E7E26806
:10B420005A60C1E7E0370020003800206037002074
:10B43000ECA40210781500008315000010B5041E5E
:10B4400009D0FDF7B1FA064B9A6922609B686360E8
:10B45000FDF7B6FA10BD03480349E9F78FF9F0E7A5
:10B46000E0370020ECA40210BB150000024B9A69E3
:10B4700002609B6843607047E0370020F8B5040025
:10B480000D00002817D0002D1AD0FDF78DFA1E4BA5
:10B490009A686368D61A1D49486F6F21415C00297C
:10B4A00013D01A4B5A6F6F230021D1540124FDF79A
:10B4B00087FA2000F8BD16481649E9F75FF9E2E778
:10B4C00013481549E9F75AF9DFE72968481C18D0ED
:10B4D00027680D488069874205D0934203D800232E
:10B4E0002B600124E3E7B14203D800232B60012441
:10B4F000DDE79B1A5B182B602000FFF7B7FF0024E5
:10B50000D5E70024D3E7C046E037002060370020AD
:10B51000ECA40210DA150000DB150000014B01223B
:10B520005A617047E037002070B506000C00150026
:10B53000042905D8002804D01234A40036197560F7
:10B5400070BD044B5E6F002EF6D103480349E9F746
:10B5500015F9F1E760370020ECA402107417000021
:10B5600070B505000C0004290FD8002804D012344F
:10B57000A4002D19686870BD054B5D6F002DF6D1D4
:10B5800004480549E9F7FAF8F1E70020F3E7C04677
:10B5900060370020ECA402108C17000010B5041EC8
:10B5A00003D0206BFEF781FD10BD044B5C6F002CB7
:10B5B000F7D103480349E9F7E1F8F2E760370020E3
:10B5C000ECA402100519000010B5041E03D0206B76
:10B5D000FEF76BFD10BD044B5C6F002CF7D10348E8
:10B5E0000349E9F7CBF8F2E760370020ECA402103A
:10B5F00026190000014B586F7047C0466037002085
:10B60000002802D1024B586F70470020FCE7C0466B
:10B6100060370020064B9B6F002B07D0054B1B6942
:10B62000002B01D0002002E0022000E00120704742
:10B6300060370020E037002070B5041E4CD0C26A8D
:10B64000274B5B6FDB6A9A423ED28369002B05DB96
:10B65000234B5B6FD96A18235B1A8361616993007E
:10B660009B189B001F4A9B18994205D01C4B5B6F8F
:10B67000DB6AE362012030E0251D2800FDF720FE93
:10B68000174B5B6FD96AE162174B1B68994201D96E
:10B69000154B1960134A8B005B189B00D3185B682D
:10B6A000A3609968E1604D609D60E06A83001918AD
:10B6B00089008918616119188900895801311B189E
:10B6C0009B009950012008E0426C054B5B6FDB6AE0
:10B6D0009A4203D3002000E0002070BD0120FCE767
:10B6E0006037002000380020E037002070B5041ECD
:10B6F00043D0244B5B6F834203D023482349E9F7AF
:10B700003DF8A36C002B0AD0A36C013BA364E16A53
:10B71000626C914233D0002B06D0002070BD1A48D5
:10B720001B49E9F72BF8EFE7251D2800FDF7C8FDB9
:10B73000616CE16218235B1AA361164B1B68994286
:10B7400001D9144B1960144A8B005B189B00D31865
:10B750005B68A3609968E1604D609D60E06A83006A
:10B7600019188900891861611918890089580131EF
:10B770001B189B0099500120D0E70020CEE7002045
:10B78000CCE7C04660370020ECA40210631A00002A
:10B79000641A0000E03700200038002070B5040073
:10B7A0000D0000280CD0836C002B0AD0666CAE42D2
:10B7B00000D22E00E36AB34202D0A36C012B05D065
:10B7C00070BD21482149E8F7D9FFEFE7204B5B6FB7
:10B7D000A34233D0E26AE662A369002B02DB18239E
:10B7E0009B1BA361616993009B189B00194A9B18DE
:10B7F0009942E5D1251D2800FDF762FDE16A164B4F
:10B800001B68994201D9144B1960124A8B005B18CE
:10B810009B00D3185B68A3609968E1604D609D60F0
:10B82000E06A830019188900891861611918890074
:10B83000895801311B189B009950C1E702480749FC
:10B84000E8F79CFFC6E7C046ECA40210C11A00004E
:10B850006037002000380020E0370020DC1A0000AC
:10B86000044B5A6F90695A6FD16A5A6F18235B1A4A
:10B870009361704760370020034B586F002802D057
:10B88000836C0133836470476037002070B5040017
:10B890000D001600022826D82C4B5A6F23001833AF
:10B8A0009B009B58002B01D1002E21D1FDF77CF885
:10B8B000264B5A6F230018339B009E58002E08D049
:10B8C000002D3BD0214B5A6F230018339B000021E1
:10B8D00099501E4B5B6F1B196C3300221A70FDF7D9
:10B8E0006FF8300070BD1A481A49E8F747FFD3E7F0
:10B8F000FFF788F8FDF758F8144B5A6F23001833F8
:10B900009B009B58002B0BD0FDF75AF80026FFF741
:10B9100085F9012ECAD10028C8D1FDF739F8C5E74D
:10B920000A4B5B6F1B196C3301221A70FDF748F844
:10B9300001213000FEF730FD0126E8E7034B596F87
:10B94000721E230018339B005A50C2E76037002054
:10B95000ECA40210141E0000F8B504000E0015003F
:10B960001F00022826D8314B5A6F12196C321378F7
:10B97000022B02D0069B002B21D1FDF715F8002FDA
:10B9800006D02A4B5A6F230018339B009B583B600C
:10B99000264B5B6F1B196C331B78022B3BD00025A9
:10B9A000224B5B6F1B196C3300221A70FDF708F8ED
:10B9B0002800F8BD1E481F49E8F7E0FED3E7FFF76F
:10B9C00021F8FCF7F1FF194B5B6F1B196C331B78E7
:10B9D000022B1CD01549486F230018339B001A58BE
:10B9E000B2431A504B6F1B196C3301221A70FCF7CB
:10B9F000E7FF01210698FEF7CFFC0126FFF70EF9BD
:10BA0000012EBAD10028B8D1FCF7C2FFB5E7FCF788
:10BA1000D7FF0026F2E7054B596F230018339B0030
:10BA20005A58AA435A500125BAE7C0466037002049
:10BA3000ECA402107B1E0000F0B583B004000D00E2
:10BA400001921E00089F022916D8002C19D0FCF77D
:10BA5000ABFF002F04D02B0018339B001B593B6019
:10BA600063196C331F78FFB202221A70042E2DD88E
:10BA7000B3003E4AD3589F463D483E49E8F77EFE14
:10BA8000E3E73B483C49E8F779FEE0E71835AD00CD
:10BA90002B59019A13432B51012F20D00124FCF77D
:10BAA0008FFF200003B0F0BD1835AD002B590133D6
:10BAB0002B51F1E71835AD00019B2B51ECE7022F1C
:10BAC00051D01835AD00019B2B51E5E72B4B9B68FE
:10BAD000002BE1D026482A49E8F750FEDCE76369ED
:10BAE000A168E2688A60A16851605A68201D82429C
:10BAF00032D0002262611A68013A1A60E16A1F4B73
:10BB00001B68994201D91D4B19601E4A8B005B18B6
:10BB10009B00D3185B68A3609968E16048609860F7
:10BB2000E06A830019188900891861611918890071
:10BB3000895801311B189B009950A36A002B03D030
:10BB40000B481149E8F71AFE104B5B6FDA6AE36A9B
:10BB50009A4204D30124A2E7E2685A60C9E7FCF7DD
:10BB600017FF01249BE7002499E7C0467C3A0310A5
:10BB7000ECA40210EF1E0000F01E0000E0370020D1
:10BB8000251F000000380020341F0000603700200F
:10BB9000F0B5C64600B582B004000D0001921E004B
:10BBA000089F002817D0022D1AD8FCF721FF8046E5
:10BBB000002F04D02B0018339B001B593B606319E6
:10BBC0006C331F78FFB202221A70042E30D8B300F3
:10BBD0004C4AD3589F464C484C49E8F7CFFDE2E722
:10BBE00049484B49E8F7CAFDDFE71835AD002B5946
:10BBF000019A13432B51012F23D001244046FCF717
:10BC0000FBFE200002B080BCB846F0BD1835AD0088
:10BC10002B5901332B51EEE71835AD00019B2B5109
:10BC2000E9E7022F6AD01835AD00019B2B51E2E7FE
:10BC3000384B9B68002BDED033483749E8F79EFD30
:10BC4000D9E7A36A002B03D02F483449E8F796FDC3
:10BC5000304B1B69002B41D16369A168E2688A609F
:10BC6000A16851605A68201D824234D0002262616E
:10BC70001A68013A1A60E16A264B1B68994201D999
:10BC8000244B1960264A8B005B189B00D3185B6815
:10BC9000A3609968E16048609860E06A83001918C1
:10BCA00089008918616119188900895801311B18A8
:10BCB0009B009950E26A1B4B5B6FDB6A9A421FD96B
:10BCC000099B002B02D00123099A1360114B01221A
:10BCD0005A61012492E7E2685A60C7E7114B1A6A79
:10BCE000E2619068206221001831416091601A0081
:10BCF0001C32A262DA690132DA61DBE700247DE7F7
:10BD000001247BE7903A0310ECA40210691F0000A5
:10BD10006A1F0000E0370020B41F0000BF1F0000B2
:10BD20000038002060370020F8B506000C00150030
:10BD3000002814D0022C17D8FCF75AFE070033193C
:10BD40006C331A78022119701834A400A3590133F6
:10BD5000A351012A0DD03800FCF74EFEF8BD324841
:10BD60003249E8F70BFDE5E72F483149E8F706FDD2
:10BD7000E2E7B36A002B03D02B482E49E8F7FEFC1C
:10BD80002D4B1B69002B3ED17369B168F2688A6044
:10BD9000B16851605A68301D824231D00022726110
:10BDA0001A68013A1A60F16A234B1B68994201D95B
:10BDB000214B1960214A8B005B189B00D3185B68EC
:10BDC000B3609968F16048609860F06A8300191860
:10BDD00089008918716119188900895801311B1867
:10BDE0009B009950F26A164B5B6FDB6A9A42B2D99C
:10BDF000002D01D001232B600F4B01225A61AAE7CD
:10BE0000F2685A60CAE70E4B1A6AF26190683062B3
:10BE100031001831416091601A001C32B262DA6957
:10BE20000132DA61DEE7C046ECA402101B200000FC
:10BE30001C20000045200000E037002000380020D2
:10BE40006037002070B504000D0002290DD8002CC9
:10BE500010D0FCF7A9FD63196C331B78022B12D0AC
:10BE60000024FCF7ADFD200070BD0A480A49E8F740
:10BE700085FCECE7094B5C6F002CEAD105480849CA
:10BE8000E8F77CFCE5E764196C3400232370012497
:10BE9000E7E7C046ECA402109D20000060370020B8
:10BEA000A220000070B505000C00160002290DD874
:10BEB000002D10D0FCF778FD1834A1004C594B59D7
:10BEC000B3434B51FCF77CFD200070BD0648074989
:10BED000E8F754FCECE7064B5D6F002DEAD1024811
:10BEE0000449E8F74BFCE5E7ECA40210C52000008C
:10BEF00060370020CA2000000D4A002353670D4917
:10BF00004B6013678B600B609367CB61002B07DD81
:10BF1000084B00229A610649CA674A601A61704755
:10BF2000044A99005218002151610133EEE7C046DE
:10BF300060370020E0370020074B1A681368002B99
:10BF400006D101330360002B04D1D3681868704711
:10BF50000023F7E70020FAE7E039002010B5416040
:10BF6000006191420CD8D21A83699A4201D3012010
:10BF700010BD011D094B5868FDF78BF90020F7E74C
:10BF80009A4201D2994206D2011D044B1868FDF76E
:10BF900080F90020ECE70120EAE7C046E039002004
:10BFA00070B504000D00160004E0A369ED18236AC3
:10BFB00020009847A16949192B0032002000FFF7A3
:10BFC000CDFF0028F1D170BD70B505000E000C4BFF
:10BFD0001B68DB68DC68201DFDF772F92423E35C35
:10BFE0005A0707D4012293432332A354236A200023
:10BFF000984770BD320029002000FFF7D1FFF5E718
:10C00000E039002010B505E0DB68186801214942DD
:10C01000FFF7DAFF044B1B681A68002AF4D1024AC2
:10C0200051681160536010BDE039002070B5050003
:10C03000FEF7F0FC0400074B9B68834205D8002301
:10C040002B60044B9C60200070BDFFF7DBFF0123D9
:10C050002B60F6E7E039002070B582B004000D00D7
:10C06000FEF7D0FC01A8FFF7E1FF0600019B002BC3
:10C0700022D1002D14D1A0420BD2A11B104BD868A5
:10C080002A00FDF7CBFFFEF7C9FD002811D002B052
:10C0900070BDFEF7C3FD31002000FFF795FFF6E706
:10C0A000074A52681268002A01D10125E5E71D0000
:10C0B000E3E7FCF76DFCEAE7FEF7B0FDE7E7C04613
:10C0C000E039002030B587B01022002102A8F7F730
:10C0D000C9FE3A4BD868002202A9FDF737FC0028B8
:10C0E00069D0029B002B16DB029B002BF1DB049C2A
:10C0F000002CEED06369002B02D0201DFDF7E0F884
:10C1000001A8FFF793FF050002990929E1D88900EA
:10C110002B4B5B589F46039A049805999047E3E799
:10C120002422A35C01210B43A354039BA16959184A
:10C1300002002000FFF712FF0028CAD02423E35C8E
:10C140005A0707D4012293432332A354236A2000C1
:10C150009847BEE70399A369C9182A002000FFF792
:10C160001FFFF3E72422A35C01218B43A354B0E714
:10C170002422A35C01210B43A354039BA361002B46
:10C1800007D0A16949192B002A002000FFF7E6FE1D
:10C190009FE70C480C49E8F7F1FAF2E72423E35C47
:10C1A0009A0704D5012293432332A35491E7200038
:10C1B00000F01EFB8DE707B030BDC046E03900201F
:10C1C000A83A031048A502100E04000000B583B081
:10C1D00001A8FFF7B1FE0199FFF73EFFFFF772FFDD
:10C1E000F6E770B5FCF7E0FB0F4BDB68002B02D0E5
:10C1F000FCF7E6FB70BD0C4C260010363000FDF756
:10C200002FF8250024352800FDF72AF82660656000
:10C21000002210210A20FDF785F9E0600028E7D010
:10C220000249FDF779FEE3E7E03900209CA5021002
:10C23000F0B5C64600B580460D0016001F00079CED
:10C24000002914D0FFF7CDFF43462360A561E761C5
:10C25000069B2362201DFDF70EF8002E04D0242239
:10C26000A35C04210B43A35480BCB846F0BDAA21B3
:10C270000248FF31E8F782FAE4E7C04648A5021019
:10C2800010B582B0FFF7ADFF0D4BDB68002B14D06B
:10C2900080220C490C480D4B01930223009300238C
:10C2A000D200FEF7D3F8041E04D1A32108484900A8
:10C2B000E8F764FA200002B010BD0024F5E7C0469C
:10C2C000E0390020A4A50210CDC10110183A0020C9
:10C2D00048A50210F0B585B003900D0016001F00B0
:10C2E000282000F0CBF9041E0BD024230022C254D6
:10C2F00001900A9B00933B00320029000398FFF74E
:10C3000097FF200005B0F0BD00B585B0154BDB6888
:10C31000002B21D0002822D0009101920290052903
:10C320000BDCFFF777F902280ED00E4BD8680023FC
:10C3300000226946FDF77CF90FE0EB210A4849002D
:10C34000E8F71CFA002008E0064BD8680023069A9C
:10C350006946FDF76DF900E0002005B000BD002042
:10C36000FBE7C046E039002048A5021030B585B093
:10C3700015001A000D4BDC68002C12D0002813D0D9
:10C38000009101950290052905DD002369462000F2
:10C39000FDF70DFA06E006480649E8F7EFF9002038
:10C3A00000E0002005B030BD0020FBE7E0390020B0
:10C3B00048A502100702000010B5064B9B6B002B2E
:10C3C00002D0044B986B10BD03480449E8F7D6F936
:10C3D000F7E7C046E039002048A50210210200001E
:10C3E00010B5041E01D0A06910BD02480249E8F74B
:10C3F000C5F9F8E748A502102F02000070B5040047
:10C400000D0000280BD0FCF7CFFA002D0CD0242211
:10C41000A35C04210B43A354FCF7D2FA70BD05487A
:10C420000549E8F7ABF9EEE72422A35C04218B432E
:10C43000A354F1E748A502103E02000010B5041E07
:10C440000AD0FCF7B1FA2423E35C5B0709D400248B
:10C45000FCF7B6FA200010BD03480449E8F78EF94E
:10C46000EFE70124F4E7C04648A502105702000098
:10C4700010B5FFF7E3FF10BD10B5041E01D06068D2
:10C4800010BD02480249E8F779F9F8E748A502101B
:10C490008102000010B5041E01D0206810BD0248C2
:10C4A0000249E8F76BF9F8E748A50210AF0200006F
:10C4B00010B5041E0AD0FCF777FA2423E35CDB07EF
:10C4C00009D40024FCF77CFA200010BD034804497D
:10C4D000E8F754F9EFE70124F4E7C04648A5021055
:10C4E0009404000010B5041E06D0FCF75DFAE46960
:10C4F000FCF766FA200010BD02480349E8F73EF950
:10C50000F3E7C04648A50210B104000070B504006E
:10C510000D00002805D0FCF747FAE561FCF750FA5A
:10C5200070BD02480249E8F729F9F4E748A502106E
:10C53000C604000030B585B00D0014001A0069462D
:10C5400002235B420093019002950394034BD86849
:10C550000023FDF72CF905B030BDC046E0390020BE
:10C56000F0B585B007000E0015001C000B4BDB6812
:10C57000002B0ED0694601235B420093019702967F
:10C580000395064BD86800232200FDF751F805B04B
:10C59000F0BD03480349E8F7F1F8EBE7E039002084
:10C5A00048A50210FF040000024B0022DA609A63E3
:10C5B0007047C046E039002010B50F4A530718D025
:10C5C000D11D0723994380239B025B1A9B180A0005
:10C5D0000A490A6000204860D318083B0724A34397
:10C5E0008B6058601860981A50601360C8600861CA
:10C5F00010BD80239B02EBE7383A00201C3A002054
:10C6000070B50400184B1D001B68A342FBD3164BEA
:10C610009D4209D0154B9D4202D3154B9D4203D933
:10C6200014481549E8F7AAF86B68EA18A24209D03D
:10C630006268A1182B68994209D02360AC4200D0EF
:10C640002C6070BD62689B186B602C00F0E7064997
:10C6500089688B4206D05B68D21862602B681B68C1
:10C660002360EBE72160E9E71C3A0020383A00201C
:10C67000373A0220ACA5021006020000F0B5C6460B
:10C6800000B5061E10D0030009330CD80836072267
:10C6900013003340324207D00132D21A093BB34271
:10C6A0001DD3B61800E00026FEF7ACF94C4B9B6892
:10C6B000002B16D0002E17DB22D0494B1B69B3424A
:10C6C00022D3474B1C68474B9C4202D3464B9C42AB
:10C6D00003D94648F621E8F751F8414F1EE00026FD
:10C6E000E2E7FFF769FFE5E7FEF798FA0025E8F7CC
:10C6F0002DF86B0700D06DE0280080BCB846F0BD77
:10C70000FEF78CFA0025F2E7FEF788FA0025EEE73F
:10C710003648FC21E8F732F827002C006368B34262
:10C7200009D22568002D06D02E4B9D42F0D32E4B0A
:10C730009D42F1D9ECE72A4B9B68A3423AD03D6871
:10C740000835284B9D4202D3274B9D4204D98321B3
:10C7500026484900E8F712F823683B606368B34253
:10C760002CD363689B1B102B0BD9A31998465B072E
:10C770002AD163689B1B4246536066603B68136026
:10C780003A606168164A13695B1A1361D268934272
:10C7900001D2134AD36080231B060B43636000233E
:10C7A00023600F4A536901335361FEF737FA002DB6
:10C7B0009FD19CE7FEF732FA002598E787210B48C6
:10C7C0004900E7F7DBFFCCE718210848FF31E7F71E
:10C7D000D5FFCEE75E210548FF31E7F7CFFF8BE7B6
:10C7E0001C3A0020383A0020373A0220ACA502104B
:10C7F00070B5041E20D00500083D1F4B9D4202D39A
:10C800001E4B9D4204D9B8211D484900E7F7B6FFE9
:10C810002300083B5B68002B0FDA2300083B1B68F2
:10C82000002B04D0B92116484900E7F7A7FF2300E1
:10C83000083B5B68002B06DB70BD72211048FF319E
:10C84000E7F79CFFE9E72200083A1268002AF3D1D3
:10C85000083C5B005B086360FEF7D4F86268094C33
:10C8600023699B1823612800FFF7CAFEA3690133DF
:10C87000A361FEF7D3F9DFE7383A0020373A022008
:10C88000ACA502101C3A0020014B18697047C04645
:10C890001C3A0020014BD8687047C0461C3A002063
:10C8A000014B1A69DA6070471C3A0020704770B576
:10C8B000002808D00022030C0D0C002B1DD12B1ECC
:10C8C0000ED1002A1DD141430C000800FFF7D6FE0F
:10C8D000051E03D022000021F7F7C4FA280070BD1E
:10C8E000051C86B28CB27443ADB29BB26B43240C70
:10C8F0001B191B0CE5D00122E3E70C0CFBD10D1C2E
:10C90000EFE70025EAE7F8B50700FEF77BF8174BDD
:10C910001B68002B04D001256D420026002417E07F
:10C9200001256D4200260024FEF778F97E60BD6087
:10C93000FC60FCF739F80D4B1A693A605A697A6164
:10C940009A69BA61DB683B61FCF73AF8F8BD1B688D
:10C95000064A92689A42E7D001345A68B24200D936
:10C960001600AA42F3D21500F1E7C0461C3A002097
:10C97000034B00229A601A61DA605A619A6170472B
:10C980001C3A002010B5002101F028FD10BDC04662
:10C9900010B50A22002101F0DFFD10BD70B50B0CAF
:10C9A0000024150C002B28D1002D3CD18BB291B264
:10C9B000594300F05BF8051E33D00300083B5A686A
:10C9C00003239A43043A242A12D80300132A0AD9CB
:10C9D0000460446008331B2A05D98460C460242A9B
:10C9E0002AD00300103300221A605A609A6002E0D5
:10C9F0000021F7F737FA280070BD002D16D1151C5D
:10CA000089B292B24A43ADB29BB26B43110C5B1830
:10CA1000190C0BD1190492B2114300F027F8051E2E
:10CA2000CBD10025E7E72B1C0D1CE9E702F0A6FAA5
:10CA30000C2300250360DEE7030004611833446122
:10CA4000D1E7C04610B5034B0100186800F00EF89E
:10CA500010BDC046EC33002010B5034B0100186830
:10CA600002F0B8FB10BDC046EC330020F0B54E46D6
:10CA70004546DE465746E0B50D000B35060085B04D
:10CA8000162D21D8102900D9D4E000F0D5FA1025B0
:10CA900018230221CA4FFB181A005C68083A944216
:10CAA00000D186E103226368A1689343E268CA600B
:10CAB00091600121E3185A6830000A435A6000F07F
:10CAC000C3FA20000830B8E007239D4300D5B1E049
:10CAD000A94200D9AEE000F0AFFAFC235B009D4212
:10CAE00000D2E0E1690A00D1AEE0042900D9A1E159
:10CAF00038239846A90988443931CB00082252428C
:10CB00009446AF4FFB189C446346DC68A44514D0A0
:10CB1000032399460B0061469C4607E0E068002A23
:10CB200000DB40E1814200D141E104004A466368F4
:10CB300093435A1B0F2AF1DD41463A003C69083203
:10CB4000944200D11EE1032063688343581B0F28E1
:10CB500000DDACE13A617A610028AADA7A68904691
:10CB600080229200934200D336E1DA08580901236B
:10CB70008340404618438046D300DB199A687860AA
:10CB8000E360A2609C60D46001208B109840404517
:10CB900062D8434603420AD10323994343464000E7
:10CBA0000431034203D1400004310342FBD003238C
:10CBB000B3469C460E00B8460190F0004044010088
:10CBC000B246CB680BE064465A681F00A243DB689C
:10CBD000541B0F2C00DD39E1002C00DB53E199429E
:10CBE000F1D101239946CA44534608319B07E8D145
:10CBF000032205E003680838013E834200D013E2B7
:10CC00003242F7D14346019A5B68934342465360F0
:10CC1000019A520001929A421CD8002A06D119E0CA
:10CC200004229146019ACA44520001921342F7D05D
:10CC30005646C2E70C233360002005B0F0BCBB466B
:10CC4000B246A946A046F0BD80233F22402190462F
:10CC50009B0053E75E4647460322BC6863689343E4
:10CC60009846AB4203D35B1B0F2B00DD8DE0230006
:10CC700043440293534B08201B6810335B19019304
:10CC800002F086F9504903900B688A46013306D0BA
:10CC90008446019B4242013B6344134001933000B0
:10CCA000019902F059F903008146013300D11CE1DA
:10CCB000029B834200D916E1444B02989B461A68B6
:10CCC000019B59469C4662440A60039901394845D4
:10CCD00000D157E153461B68013300D15EE14B465A
:10CCE00002981B1A9B185A46136007234A46484667
:10CCF0001A400292184200D115E10398013384468C
:10CD00009B1A019A99444A44019263440A409B1A2F
:10CD1000194030008A4602F01FF9431C00D158E147
:10CD20004B46C01A0300534401935B461A68012026
:10CD300052441A604B464946BB60019B03434B601B
:10CD4000BC4213D043460F2B00D82BE107210C3BEC
:10CD50008B4361680140052019436160E118486018
:10CD600088600F2B00D93FE14B465B681849086883
:10CD7000904200D20A6017490868904200D20A60C7
:10CD80004C46B4E07B689846FEE601222900134336
:10CD90001143651961603000BD606B6000F054F9AB
:10CDA0002000083049E7A268D060826081E66146D1
:10CDB000C3E6DC680231A34200D1BEE672E6C0469B
:10CDC000782E0020843A02206C2E0020543A022053
:10CDD0007C3A0220803A02205A0A042A7CD9142A7A
:10CDE00000D9B0E010005B3082465C32D2000820EF
:10CDF00040428446BA189444624692680B30814699
:10CE0000944500D186E00800A2466146844602E0CF
:10CE10009268914204D04C465068A0439842F7D89B
:10CE2000D368614654469C466346A260E3609C60BA
:10CE3000D460A9E6142967D9542900D98CE06E235F
:10CE40009846290B88446F31CB0057E6BA4601203B
:10CE50005146844649190543504645608568474612
:10CE60006046EB605E469D605346396179612043C0
:10CE700008374860CF6030008F609C5000F0E4F8C5
:10CE800050460830D9E6BA4601205E465244516801
:10CE900001435160BA683000D3609A6000F0D4F862
:10CEA00038000830C9E62B00E9080833F2E56119BB
:10CEB000884601218C460D434146656039617961A0
:10CEC000CA608A60624602434A60E050300000F067
:10CED000BBF820000830B0E69A091000393238302B
:10CEE0008246D20083E7BC4241D0BC68636803221B
:10CEF00093431A005B1BAA4202D30F2B00DD44E7C9
:10CF0000300000F0A1F897E65B23984688445C3136
:10CF1000CB00F3E553469810012383404046184365
:10CF20008046786080E7019B039A4B440B40D31AFC
:10CF3000194030008A4602F00FF8431C00D0EFE69B
:10CF400000239A46F1E6542A2ED81A0B10006F32AD
:10CF50006E308246D2004AE7AA235B0099422ED85F
:10CF6000DD3B9846E90B88447831CB00C6E5304B71
:10CF70009B461A68019B9C465B4662441A60039B71
:10CF8000591EA7E64846084200D0A3E6B9684344C4
:10CF9000894601210B4349464B60E7E653464A4622
:10CFA0001A60A2E64860ABE7AA204000824226D879
:10CFB000DA0B1000783277308246D20017E71D4B2B
:10CFC000994226D87C239846A90C88447D31CB0011
:10CFD00094E5019A029B94464A46083B63449B1A97
:10CFE000019300239A46A0E621003000083102F0A8
:10CFF000F1F85B461A68BB6899465B68B6E60D486F
:10D0000082420CD89A0C10007D327C308246D200CD
:10D01000EDE6FE237E227F2190469B006EE5FE22F8
:10D020007E2092008246E2E643465B68F0E5C04619
:10D03000543A02205405000010B5024801F0A4FF44
:10D0400010BDC046503A022010B5024801F09EFFC4
:10D0500010BDC046503A0220030010B50A00034933
:10D060000868190000F004F810BDC046EC33002039
:10D07000F0B557464E46DE464546E0B50C00060084
:10D08000170083B0002900D1ACE0FFF7D5FF0823DB
:10D090005B429946A1444B465B68032219003D0060
:10D0A00091430B35CA468846162D67D81025AF42E6
:10D0B00067D8A8456EDA4946C04841444A6800909E
:10D0C00080689346884200D1A0E001208446100089
:10D0D0006246904308184068104200D077E05A46F4
:10D0E000032082439346C3445D454EDD60461842AB
:10D0F00012D14B4648461B68C31A03209B465B6807
:10D100008343D21842440092954200DCCCE0434471
:10D1100000939D4200DCCBE039003000FFF7A6FC15
:10D12000071E00D11EE14B4601225B6893430200BB
:10D130004B44083A934200D1E3E04246043A242AA1
:10D1400000D9E3E003002100132A09D92368036012
:10D15000636843601B2A00D9DCE003000831083310
:10D160000A681A604A685A608A689A60300021002A
:10D1700002F030F83000FFF767FF20E004329543FB
:10D1800095D50C230027336019E0D846CB688A6810
:10D19000D3609A6043465F1B5346012250465B684A
:10D1A000404413400F2F22D841460B4351464B6059
:10D1B0004368134343603000FFF746FF2700380001
:10D1C00003B0F0BCBB46B246A946A046F0BD1A4229
:10D1D000A2D14B464A461B68D31A03229B465B6882
:10D1E000934394E71100FFF741FC0700E7E751463E
:10D1F0002B434919554617436B604F60436808310C
:10D2000013434360300001F0E5FFD4E703218A4374
:10D2100094462900C44410318C4500DB84E0DB07D0
:10D2200000D579E74B4648461B68C31A03209B4646
:10D230005B688343D21842440192914200DD66E765
:10D240005B465A46DB6892685F46D3609A60424606
:10D25000043A0837242A00D999E03B00132A0AD956
:10D26000594623688B606368CB601B2A00D993E022
:10D270005B460834103322681A6062685A60A268FC
:10D280009A605B4601225919009B30009960019B0E
:10D290005B1B13434B605B465B6813405A462B4352
:10D2A0005360FFF7D1FE8AE7CB688A68D3609A6043
:10D2B0005B465A46DB6892685F46D3609A60424696
:10D2C000043A0837242A17D83B00132A09D95946AB
:10D2D00023688B606368CB601B2A39D85B460834AF
:10D2E000103322681A6062685A60A2689A60009BD4
:10D2F0003C009846DA464DE72100380001F03AFA42
:10D30000F5E703225B689343984443E7210001F06B
:10D3100031FA2BE7A3688360E368C360242A26D030
:10D320000300103110331BE74B465919009B0122B3
:10D33000996063465B1B13434B604B465B68300050
:10D3400013404A462B435360FFF77EFE270036E723
:10D35000A3680B61E3684B61242A10D05B4610344C
:10D360001833BEE73000FFF76FFE002727E7236979
:10D37000183103610300626918334261F0E62369E2
:10D380008B615B4662692033CA611834A9E72100CA
:10D39000380001F0EFF974E7A3680B61E3684B61B3
:10D3A000242A03D05B461034183364E723698B6169
:10D3B0005B4662692033CA6118345CE7782E00202E
:10D3C00070B516000D0003F0B7F8002E0DD06B23DA
:10D3D0006A00520D9B1A002B07DD0024034A1B052F
:10D3E0009D182B002200F5F7FCFE70BD0000F03FF9
:10D3F000F0B54546DE4657464E46E0B59FB006922C
:10D4000000220C001A92002100228046049105920D
:10D41000210019910A780F002D2A03D8AA4D9000F7
:10D42000285887460021079100210891302A00D111
:10D43000C4E02F2A00D889E200239A461900380058
:10D440000026130055460BE08B005B1801305B0093
:10D450001990991802783039130001362F2A0FDD00
:10D46000392A6FDC082EEFDDAB005B1901305B0061
:10D4700019909D180278303D130001362F2AEFDCF9
:10D48000894601229149AA4601F082FA002800D17A
:10D490004AE20023089612930A930B93089B1C0000
:10D4A000102B00DD10244846F5F70EFF089B049072
:10D4B0000591092B19DD2200854B093AD2009B18F2
:10D4C0001A685B68F5F78DFE049005915046F5F7F4
:10D4D000FBFE0B00020004980599F5F75BFE089B24
:10D4E000049005910F2B00DDAFE00A9B002B01D1CA
:10D4F00000F066FC0A9B002B00DC46E3162B01DCE7
:10D5000000F05FFD2523089A9B1A0A9A934200DADD
:10D510009BE00F24089B6E4DE41AE1006918049A01
:10D52000059B08684968F5F75CFE0A9B1C1BE40034
:10D530002D192A686B68F5F754FE06000F0013E2F8
:10D54000013166E7894601226049AA461D0001F0C3
:10D550001FFA002846D1199D2B00691C19915B7890
:10D560000D001A00002E00D0E2E12B000020302A2E
:10D5700007D11800013319931A78302AF9D0401BCB
:10D5800001301300313B082B00D867E220239A4377
:10D59000452A00D118E3089B034300D0E2E1069B33
:10D5A00000260027002B00D01C60300039001FB07F
:10D5B000F0BCBB46B246A946A046F0BD7A78203101
:10D5C0008A437D1C582A01D100F0FDFB2F001995DC
:10D5D0003A780135302AF9D0002A00D1C2E101237E
:10D5E000089326E700230020002209961293652D58
:10D5F00000D1D2E100230B93452D00D1CDE1002EC7
:10D6000000D0BFE1089B034300D0ABE1002AC6D1A4
:10D61000692D00D1E6E201DD00F0C2FC492D00D108
:10D62000E0E24E2DBBD12B4919A802F01DFA0028CB
:10D63000B5D0199B1B78282B01D100F079FD264825
:10D6400001F064FD06000F008EE10A9A089B9446E3
:10D650001B1B6344002B00DC70E20F221C00110036
:10D66000944319401A4201D100F02CFC184BC90018
:10D67000591808684968049A059BF5F7B2FD0490AB
:10D680000591002C01D000F01DFC002309934B46AE
:10D690003200009339004046089B02F099FB13903A
:10D6A000002801D100F09AFC0A9B1299DA430B98EA
:10D6B000D217081AD917134014930023084099462B
:10D6C0009B461290F0E0C046D03A031014A6021018
:10D6D000283E031024A602100C740210C91A521A14
:10D6E0001F2900DD26E301238B40109300231593AF
:10D6F000AB189A46099BA4189C462B0064445545D8
:10D7000000DD5346A34200DD2300002B04DD52461A
:10D71000D21A9246E41AED1A129B002B00DDB0E2F9
:10D720005346002B00DDC8E20A9B002B00DDF3E22C
:10D73000002C00DDE4E2002D08DD49462A004046C9
:10D7400002F08AFD8146002800D1E2E240461A99A3
:10D75000089A02F01DFE8346002800D1D9E2C36872
:10D7600049460E930023C36002F0F4FD002801DA5D
:10D7700000F009FD059B0B9301D100F0A2FC494686
:10D78000584602F0B7FF80230022DB0504000D009D
:10D79000F5F778FD002800D165E20E9B002B00D044
:10D7A000D5E2049B002B00D05AE30B9B1B0300D057
:10D7B000FDE2002220002900D74BF5F75DFD00288F
:10D7C00001D000F074FC0022D44B20002900F5F7B2
:10D7D00008FD0A0001001300109111920C908022A4
:10D7E0001206944663440D930B9BCD4A0C9C0D9DF1
:10D7F00013409A46CB4B9A4500D1AFE2099B002BD0
:10D8000029D0D423DB049A4525D810981199C64A0B
:10D81000C64BF5F737FD002818D010981199F5F789
:10D8200093FD002800D10130F5F74EFD0E9B1090BE
:10D830001191002B01D000F024FC802212060B0075
:10D840009446634416901793169C179DD623524610
:10D85000DB04EB189D1A3000390002F06DFE020067
:10D860000B0020002900F5F7BCFC32003B00F5F767
:10D8700091FC0E0004900591099B002B04D1A84B4C
:10D8800033409A4500D1B9E240461A9902F044FA71
:10D890004046089902F040FA4946404602F03CFAF8
:10D8A0005946404602F038FA139C4046616802F03F
:10D8B0000BFA031E089000D12BE222690C330232CE
:10D8C0000C34210018009200F6F7D2FA049E059F4E
:10D8D0001CAB01931BAB009332003B00404602F0AF
:10D8E000A7FE011E1A9000D1F0E10121404602F08E
:10D8F0003FFB8146002800D10BE21B9B002B00DA86
:10D90000D7E1129A149C9D1809991C9A5B1A36212A
:10D910009B188A1A8649013B8B4200DADEE6002317
:10D92000159301331093E3E6199B591C19915B7809
:10D930001A00303A092A00D9D4E0151E01D100F0AE
:10D9400037FD012330000996129315E301223800B8
:10D95000784901F01DF8002800D188E3089B002BCE
:10D9600000D11CE600260027069A002A01D0199B48
:10D970001360079B002B00D117E6802109067B1856
:10D980001F0012E60B9B129A08969B1A0A93099B9A
:10D99000002B00D182E51E0080E533000343089987
:10D9A0000B4300D1FBE5199C631C199365782B2D63
:10D9B00000D1F9E12D2D00D0AAE001230A93A31C88
:10D9C0001993A5782B00303B092B00D9AEE11999AA
:10D9D000302D0ED14B1C19931D7819000133302DB9
:10D9E000F9D000230B932B00313B082B00D906E61E
:10D9F00001334D1C1995AC464D780B932F2D00DC4F
:10DA0000D4E20E9101000B9B0B928B460B99624660
:10DA100060468C460BE09900C91801324900199202
:10DA20004B194578303B2F2D00DCC5E21000392D15
:10DA3000F1DD0B9363460E9994461A0063465846EF
:10DA4000591A082900DCB1E23B4B0B930A9B002BCF
:10DA500000D1D4E50B9B5B420B93D0E5431C199F8F
:10DA6000303A1293002315003900012609934B46E2
:10DA70009B004B44A94600205B0099444B1C199322
:10DA80001D7819002B00303B092B00D9F5E11D0052
:10DA9000421C4B1C002D01D100F087FC129B9C46C0
:10DAA000944463461293012A01D100F07CFC524653
:10DAB0008A462100731C4C469C468946110008E0AA
:10DAC000A2001419640001339A1B013A904200DC51
:10DAD0004AE25A1E082AF3DD102BF4DC8A005118A2
:10DAE0004900F0E720229343452B74D04846F5F7D0
:10DAF000EBFB04900591092E00DC61E13400102E4F
:10DB000000DD10240023089612930B930A93D2E4AD
:10DB100000230A9356E7C0460000F03F0000E03FB4
:10DB20000000F07F0000E07F0000C0FFFFFFDF414A
:10DB300002FCFFFF14A602101F4E0000002B00D1B4
:10DB4000A3E50F2211005B4219401D111A4200D0BB
:10DB50009DE21F2D00DD80E010231A002A4009926B
:10DB60002B4201D05A3309930123049805999A4610
:10DB7000C34C53462B4200D134E222686368F5F768
:10DB800030FB6D1044D00834F3E70A9B163300DAFB
:10DB90005BE50B99129ABB4B521AD2009B181A687C
:10DBA0005B6804980599F5F7FEFA06000F00DBE6BE
:10DBB000002207924F1C19974A78002A00D033E4BC
:10DBC000EDE401220792F5E7002203000992129288
:10DBD00000260132E3E600230C0000200122099612
:10DBE0001293E1E6A84919A801F03EFF002800D1F0
:10DBF000D5E4199BA549013B19A8199301F034FFFD
:10DC0000002802D1199B013319930026A04FABE6DF
:10DC1000099A0E900F910E9B0F9C04930594002A75
:10DC200012D00F9B20005A006B23520D9B1A002B21
:10DC30000ADD1F2B00DC33E300210491342B00DCD0
:10DC400059E3DC239B0405930022049805990023E3
:10DC5000F5F70AFB002800D119E5222342460026E9
:10DC60000027136080E68B4B002220002900F5F787
:10DC7000B8FA0E9B10901191002B63D10B000C9001
:10DC8000ADE549461A00404602F07AFA1A998146F3
:10DC900000281BD00A000100404602F099F91A99A9
:10DCA0000B90002812D0404602F036F80B9B1A93D6
:10DCB00036E5149A129DD41A26E61A995246404621
:10DCC00002F0CAFA011E1A9000D02DE5DA4622238E
:10DCD000424600266E4F1360404602F01DF8404653
:10DCE000089902F019F84946404602F015F84046F6
:10DCF000139902F011F85146404602F00DF833E650
:10DD000022004046089902F0A7FA0890002800D0A7
:10DD100011E5DA461A99DAE74046149A089902F0B2
:10DD20002FFA0890002800D002E5F2E700231994AA
:10DD30000B9364E45849CB1A0121994001231591B2
:10DD40001093D5E4109B119C0C930D944CE500238B
:10DD5000524C0C930D941093119445E5504A0B9B33
:10DD6000944663440593049C059D2000290002F01D
:10DD7000E3FB0C9A0D9BF5F734FA22002B00F5F724
:10DD800009FA434B474A049005910B40934200D84F
:10DD900001E1454A974201D10136BAD00123424CF4
:10DDA0005B42049305946FE500230A9307E6002382
:10DDB0003E4C0C930D940023384C1093119413E5B2
:10DDC000049E059FD0E50293079B404601931AAB42
:10DDD0000093374A1BAB19A901F04CFB0F231E001F
:10DDE00004000640034200D1BCE5062E00D0FCE052
:10DDF00000230026002719950793B5E5109C119D77
:10DE000020002900F5F7B8FAF5F7AAFA02000B008E
:10DE100020002900F5F7B5F9049A0E9B3603134349
:10DE2000360B04000D00234A33430AD1224BF5F789
:10DE300023FA002800D127E5DA46049E059F1A99A7
:10DE40004AE71E4BF5F718FA0028F5D12000290003
:10DE50001B4A104BF5F726FA002800D114E5EBE732
:10DE6000012BA4D10B9B002BA1D1DA4622234246E1
:10DE7000002600271A9913602EE70122FFF7B7FB4F
:10DE8000C83B0310283E031018A602101CA602105F
:10DE90000000F07F0000E03FE2FBFFFF0000F03FEA
:10DEA0000000B0FCFFFF9F7CFFFFEF7F0000F0BF92
:10DEB000B43B03109535A094FFFFCF3FFFFFDF3F3A
:10DEC00035E5AF359A235B009C4200DD86E02411E6
:10DED000012C00D188E10498059900229246013274
:10DEE00093465246D14BB2461D00099316000023BB
:10DEF0005A46224204D02A686B68F5F772F901236A
:10DF0000013664100835012CF2D132005646924693
:10DF1000002B01D004900591C54A059B94466344AB
:10DF200005935346D900099B9C46049A059B61447E
:10DF300008684968F5F755F9BE4BBF4A049005914A
:10DF40000B4093424AD8D42080048446BB4A6144A3
:10DF50000591934201D8FFF798FB0123B84C5B422F
:10DF600004930594FFF791FB0A004B465146A146E6
:10DF700092461C0001386044461C082800DC76E507
:10DF80000020102E00DD79E553469B005344AA463D
:10DF90005B009A4472E5D4239B04CE1805966BE48B
:10DFA0006E2D01D1FFF73FFBFFF7F9FA0B99A54B57
:10DFB000994200DC4AE548E560460B930E99030060
:10DFC0003AE50A9AA04BD100591808684968049AA2
:10DFD000059BF5F706F906000F00C5E4222342462B
:10DFE000136012E66D100834C3E51A9A002A07D0B0
:10DFF00035211CA802F0B2FB40461A9901F08CFEB4
:10E00000052E00D9BEE1914BB6009B599F461C9B43
:10E010008F4904931D9B1B9A0B408E498C4662448A
:10E02000120513430593E40503D58022120613431A
:10E030000593804A049E059F134200D094E400F0AB
:10E040009DFF222303608FE40122834B52420492FE
:10E050000593E40500D4B3E6059BE6E7754B05930D
:10E06000F7E71C991D9A1D9B04910592DBE7199D0A
:10E070002B00013519955A78002399469A46FFF7E7
:10E0800074FA109B119C16931794FFF7DDFB6E4BEF
:10E09000C9005B181A685B6804980599F5F783F85E
:10E0A00004900591002D01D1FFF7EFFA51E500230F
:10E0B0006A4C0C930D940023694C10931194FFF754
:10E0C00093FB159B0E9A9C46059BDA461B031B0B84
:10E0D000002A41D0634A934200D1D1E06346002B2D
:10E0E00000D1C7E062460B9B13420CD004980599FF
:10E0F000099AFFF765F902000B0030003900F5F7C7
:10E1000049F806000F00099B002B00D197E630006C
:10E110003900554B0022F5F764F8464B06000F0016
:10E120000B4200D08BE6222342461A991360D3E5B6
:10E130001CAC22004D4919A801F0ACFC052801D007
:10E14000FFF77DFA1D9B3B4A1A431C9B05920493E3
:10E15000049E059FFFF708FC002B4AD1049B002B6F
:10E1600000D0B5E0099B002B00D1A0E0314C0B9B07
:10E1700023401C00D623DB049C4229D8DC239B04CB
:10E180009C42C4D872E60E9B0499059ADA460B436A
:10E19000B9D10B921303B6D1D623264CDB0414401D
:10E1A0009C42B0D95B465B69002B03D15B461B697F
:10E1B000012BA8DD51460122404602F04DF84946A8
:10E1C000824602F0C7F800289DDD099B002B6ED027
:10E1D000274B244A9C460123644422435B42059218
:10E1E0000493049E059F92E700239A460F4B0993E0
:10E1F00092E66346002B73D062460B9B134200D11C
:10E2000081E704980599099AFFF7DAF802000B00F4
:10E2100030003900F4F7B5FF0022002306000F009C
:10E22000F5F722F8002800D16DE71FE6003E031045
:10E230000000B0FC0000F07F0000A07C0000907C9B
:10E24000FFFFEF7F1F4E0000283E0310883B0310A6
:10E25000FFFFEFFF33040000FFFFFF7F0000E0BF80
:10E260000000E03FFFFF0F0000005039A03B03100B
:10E270000000F0FF109B049A134200D143E735E7FA
:10E28000099A049B002A4FD15A1C3BD06246002AAF
:10E2900000D17FE00B9B134200D027E71A991BE5C2
:10E2A000012252429A40049B13400493CCE4434B16
:10E2B0000B9A1A991A401300414A9446414A634402
:10E2C0001A4301235B4205920493049E059F03E5D4
:10E2D0006246002A0AD00B9B134200D113E790E755
:10E2E000109B049A134200D10DE78AE7109A1A4254
:10E2F00000D108E785E74B239A1A4C3B934018401E
:10E300000590A1E4304A0B9991421DD02B4B0B9AFA
:10E310001A4013008022520394466344059300235D
:10E320000493049E059FEEE6D421244A0B98C90469
:10E3300002408A4216D95A1CE4D06246002A0CD008
:10E34000104200D1E3E6D1E60133DFD12223424679
:10E3500000261A99194F1360BEE4109A1A4200D190
:10E36000D5E6C3E66B21120D891A012252428A407A
:10E370009342C7D06246002AEFD00B9B134200D1D4
:10E38000C5E6B3E6E4050BD580231B060593049E82
:10E39000059F54E6109A1A4200D0A7E61A999BE40A
:10E3A000002600274BE63000E6E51000FFF767FB8C
:10E3B000012009961292FFF761FBC0460000F07F32
:10E3C0000000F0FFFFFF0F00FFFFEF7F10B5024BD3
:10E3D000FFF70EF810BDC0468032002010B50400D3
:10E3E0000A000349034B08682100FFF701F810BD3C
:10E3F000EC33002080320020F0B557464E464546AB
:10E40000DE46E0B582460F0090461E00994683B076
:10E41000242B43D8012B41D00B0008204A4D1A0071
:10E4200014780133295D0842F9D11D002D2C00D14B
:10E4300076E02B2C3ED0454B9B4600230193002ECB
:10E4400053D1302C00D173E00A230A26994649465D
:10E450005846F4F75BFC2B008C463D000200270079
:10E4600000214C460020E146AC463D00303D092DE0
:10E4700007D9113D192D03D93D00613D192D20D833
:10E480000A35AE421DDD4F1C05D082422AD327D06B
:10E490000121604328181F780133E6E700F06EFD84
:10E4A00016230360002003B0F0BCBB46B246A94669
:10E4B000A046F0BD1C78254B951C9B46002301937C
:10E4C000BDE767464A1C21D0019A002A00D040428D
:10E4D0004246002AE7D0002933D143461F60E2E7D5
:10E4E000A945D5DA01214942D5E7102EAFD1102335
:10E4F0009946302CABD120222B789343582BA6D1B0
:10E5000010236C78994610260235A0E72222514646
:10E510000A6042465846002AC5D058465F1EDCE7CE
:10E520001C7880231B069B460123951C019386E7DC
:10E5300020222B789343582BE2D0082308369946A3
:10E5400085E78346E9E7C046F13B0310FFFFFF7F05
:10E5500010B5FFF751FF10BD10B504001300034ABA
:10E5600010680A002100FFF747FF10BDEC330020C0
:10E57000F0B557464E464546DE468846E0B50C00A7
:10E5800092461E00082183B00190464823001D7862
:10E590000134425D1142F9D12D2D5ED00022934607
:10E5A0002B2D33D0002E07D1302D62D00A23052128
:10E5B00099460A263C4F0DE0102E53D00120310021
:10E5C0004042F4F7A3FB0700012031004042B1466E
:10E5D000F4F79CFB002200202B00303B092B07D9CD
:10E5E000113B192B03D92B00613B192B11D80A338E
:10E5F0009E420EDD551C06D0B84221D81ED04A4698
:10E6000050430122181825780134E5E725789C1C31
:10E61000C8E7531C17D05B46002B00D0404253463E
:10E62000002B04D0002A15D1534642461A6003B08D
:10E63000F0BCBB46B246A946A046F0BD8B42DEDD2B
:10E6400001225242DFE72223019910000B6053465A
:10E65000002BECD0631E9846E6E725789C1C01232E
:10E660009B469FE7302D0FD010230F2199460F4F67
:10E67000B0E7202223789343582B0AD008230721A0
:10E6800099460B4F0836A5E7202223789343582B51
:10E69000EAD1102365780F2199461026034F0234E2
:10E6A00098E7C046F13B031099999919FFFFFF0FB6
:10E6B000FFFFFF1F10B5FFF75BFF10BD10B5040093
:10E6C0001300034A10680A002100FFF751FF10BD34
:10E6D000EC3300200EB48123F0B500269CB021ADB0
:10E6E00002AC9B0080CDA3811B960290069000F0A7
:10E6F000DFFC0B4B03900A9301235B42E381094B40
:10E7000007903A00210018682B000E961396019589
:10E7100002F036F91CB0F0BC08BC03B01847C04684
:10E7200029E70110EC3300200020704730B5032AA0
:10E730000CD90B0003439B0719D104680B689C425A
:10E7400015D1043A04300431032AF6D8551E002AA4
:10E750000BD0002303E05A1C9D4206D01300C25C7C
:10E76000CC5CA242F7D0101B00E0002030BD551E4B
:10E77000EFE7C046F0B5CE46474680B588420DD992
:10E780008B1898420AD2531E002A03D0CA5CC25486
:10E79000013BFBD2C0BCB946B046F0BD0F2A0BD836
:10E7A0000500561E002AF5D00023CC5C1A00EC545C
:10E7B00001339642F9D1EDE703000B4388469B07EE
:10E7C00034D110261700B1460C000300103F3F095A
:10E7D0003F01C519A94426681E6066685E60A66888
:10E7E0009E60E6681034DE601E001033AE42F2D147
:10E7F000CF1939000F230C2610318C4613401642D6
:10E8000017D04446043B9B089B00FF181437061B97
:10E810000C688D1904312C60B942F9D1614604337A
:10E8200059184B441D0003231A40BAE70500561E31
:10E83000BAE74D461A00B4E7F0B5070000240325F7
:10E840000D4E3B5DF25C2A40012A00D12033085D69
:10E85000325C2A40012A06D01A1A83420AD10134B6
:10E860000028EED1F0BD02002032981A9342F9D16F
:10E870000134E6E71000F5E7F13B03100323CAB2C9
:10E88000F0B50340002A35D00324002B2DD1FF23FF
:10E890000B401D02ED182B04ED182C000168264ECC
:10E8A0004C408B198B43A119A143244E0B43334297
:10E8B00011D14168204F0C00CB196C408B43E119FA
:10E8C000A1430B4304303342F3D00378002B05D02F
:10E8D0009A4204D001300378002BF9D10020F0BD1A
:10E8E0009342FCD001302042D1D00378002BF7D1E5
:10E8F0000020F4E7002B08D0032202E00130104290
:10E9000003D00378002BF9D1E9E702680A4B0B49E1
:10E91000D31893430B4206D14268074B0430D318F7
:10E9200093430B42F8D00378002BD8D043780130C2
:10E93000002BFBD1D3E7C046FFFEFEFE8080808027
:10E940008446F0B5002A1DD0002303260F4F07E0B0
:10E95000251A844218D1002813D001339A4211D0CD
:10E960006046C45C3D5D3540012D00D12034C85C5B
:10E970003D5C3540012DEBD120300500201AAC4222
:10E98000EBD0F0BD0020FCE72800FAE7F13B0310D4
:10E9900030B5002A27D003000B439B0713D1032A6D
:10E9A00011D9134D0BE0043A002A1CD0114C1C194C
:10E9B0009C432C4217D104300431032A03D9036845
:10E9C0000C68A342EFD00D78047801230139AC42E2
:10E9D00007D00AE0002C06D0C45C0133CD5CAC4209
:10E9E00003D19A42F6D1002030BD601BFCE7C0463F
:10E9F00080808080FFFEFEFE0B00034370B50600A2
:10EA00009B070DD1032A0BD9104D0C68104BE3184E
:10EA1000A3432B4204D1043A043110C6032AF4D88C
:10EA20003300002406E00D5D013A35550133013411
:10EA3000002D02D0002AF6D170BD00219C18002ABA
:10EA4000FAD0197001339C42FBD1F5E780808080B9
:10EA5000FFFEFEFE10B503004418002903D107E0B5
:10EA60000133A34202D01A78002AF9D1181A10BD36
:10EA70000020FCE7034B10B51A680123503200F068
:10EA800003F810BDEC330020F0B5002826D00700B5
:10EA900038000C000678013702E00134AE4214D091
:10EAA0002578002DF9D1002E1DD03E000B003578C1
:10EAB000013702E00133002CF7D01C78A542F9D1D0
:10EAC0000023002D06D11360F0BD002BE0D11760AC
:10EAD0000370F9E700213B003170F4E7106800286B
:10EAE000D5D10020F0E700201660EDE7F0B5CE4666
:10EAF00047460300944680B5012959D901220120D7
:10EB00009046012500260124404206E0221A904644
:10EB1000260001257419A1420DD91F181A5D7F5DC9
:10EB2000BA42F3D336D001250122300001367419E0
:10EB30009046A142F1D844466246146001229146B3
:10EB4000023A012500269046012407E04246A21A17
:10EB50009146260001257419A1420ED94746DF19B6
:10EB60001A5D7F5DBA42F1D818D001250122B04666
:10EB7000013674199146A142F0D843460130013361
:10EB8000834203D36246494618001160C0BCB946AF
:10EB9000B046F0BD454505D00135BBE74D4504D035
:10EBA0000135D8E776190125B4E776190125D2E7B2
:10EBB000012399460023E5E7F0B5DE4657464E4669
:10EBC0004546E0B57D4C8246A544140089462000A8
:10EBD000190005AA1D00FFF789FF06AB9B460190AF
:10EBE000FFAA20C31C329342FAD1002D0BD0230080
:10EBF000681E661920185F461A78C11A9200013300
:10EC0000B950B342F7D1059B2000019AE118029355
:10EC1000FFF78CFD002800D072E0002398464B4699
:10EC2000591B80231B012B4303932B006F1E0026CF
:10EC300045460800984608E0002D04D0029A9A4202
:10EC400001D943469B1A0025F618B04220D35346FB
:10EC50005A469919CB5D9B00D358002BECD1019AF1
:10EC60002B00954200D213009F4227D9844608000A
:10EC700002E001339F421FD0E15CC25C9142F8D0B8
:10EC8000010060469F4219D9019AB61A0136DAE7A7
:10EC9000504603994844FFF7DDFE81444B46424607
:10ECA000981AB042D3D20020454B9D44F0BCBB46DD
:10ECB000B246A946A046F0BD01006046019A531E27
:10ECC000954279D28446080003E05A1E9D4210D036
:10ECD0001300E15CC25C9142F7D001006046013351
:10ECE00001359D420AD8029B42469C46D51A66448D
:10ECF000ABE70135010060469D42F4D90800D3E737
:10ED0000019AAB1A934255D30133029305934B46B4
:10ED1000591B80231B012B430026984608006F1EB9
:10ED2000B0420AD353465A469919CB5D9B00D3583B
:10ED3000002B14D0F618B042F4D250464146484455
:10ED4000FFF788FE81444B46581BB042ABD3534675
:10ED50005A469919CB5D9B00D358002BEAD1019AF2
:10ED60001300BA4214D28446080002E00133BB42C9
:10ED70000CD0E15CC25C9142F8D0010060469F4239
:10ED800006D9019AB61A0136F618D4E70100604692
:10ED9000019B013BB2D38446080002E0013B00D254
:10EDA00082E7E15CC25C9142F8D0029B60469C46DF
:10EDB0006644B5E71300A7E7130091E7E4FBFFFF04
:10EDC0001C040000F0B54646D6464F46C0B50E00BE
:10EDD00009780500040090B0002953D0707800280D
:10EDE00000D176E0B778002F53D0F378002B00D114
:10EDF0008AE03279002A00D170E0300000F058F942
:10EE000080218900070001432800FFF723FE874285
:10EE10004FD8FE2F00D98FE0C01B804640226846A5
:10EE2000791CE946A844F5F71DF8002F10D03F22C1
:10EE3000F8B2824633009446BC19B24461461A784F
:10EE400048460A405146C91A013381549C42F5D1C3
:10EE50002C003F254A46013CE35D2B40D35CE4187F
:10EE6000A04503D227E05444A04524D34A46E35D9D
:10EE700031002B40D35C20003A009A46FFF756FC45
:10EE80000028F0D1200010B0E0BCBA46B146A84638
:10EE9000F0BD002309042A780143002A07D01B048F
:10EEA000013513432A789942F7D1AC1EEAE799421B
:10EEB000FBD00024E6E74346D819DB5D002BF8D0F1
:10EEC00080210901FFF7C6FD8044A045C2D200247D
:10EED000D8E72800FFF7D2FC0400D3E72A78002AFD
:10EEE000E7D0000208433F0407431B063B4319BA1F
:10EEF00000232C001B02013513432A78002A13D06B
:10EF00008B42F6D1033CBDE70906000401433F02F2
:10EF10002A783943002A0BD0134301351B022A7883
:10EF20009942F7D1EC1EADE78B42EBD00024A9E764
:10EF30009942F7D00024A5E701003B0032002800E9
:10EF4000FFF73AFE04009DE79422024B5200985CC2
:10EF50007047C04680320020002370B5064C050083
:10EF600008002360F6F7D8F8431C00D070BD236872
:10EF7000002BFBD02B60F9E7C8440220014B186836
:10EF80007047C046EC3300207047C0467047C0460B
:10EF9000802310B55B01082801D1180010BDFFF7D0
:10EFA000EDFF16230360173BF7E7C046024670B536
:10EFB0000A4392072AD11E4DEE0104C808C9541B0A
:10EFC0009443344017D0D0B2D9B2401A210601433D
:10EFD00010D190B299B2401A210401430AD1100213
:10EFE0001902000A090A401A2102014302D1100E37
:10EFF000190E401A70BD9A42DFD010BA19BA884271
:10F0000001D9012070BD0020C04370BD02780B788B
:10F0100001300131002A09D09A4207D102780B78D9
:10F0200001300131002A01D09A42EFD0D01A70BDD0
:10F03000010101010300F0B50700CCB2980730D000
:10F0400003269D1806E01878A04207D0581C3042CD
:10F0500006D00300AB42F6D10020F0BD1800FCE75B
:10F06000013AD219D21A032A11D9FF230B401902EF
:10F07000C9180B040C4EC91803680C4D4B405D19A0
:10F080009D43354205D1043A0430032AF4D8002ABE
:10F09000E2D082180378A342DFD001309042F9D148
:10F0A000DAE71800DFE7C04680808080FFFEFEFEC2
:10F0B00010B583070AD00300032102E001330B429D
:10F0C00005D01A78002AF9D1181A10BD0300196862
:10F0D0000C4A0D4C8A188A4322420FD15968094ABA
:10F0E00004338A188A43224208D15968054A0433F6
:10F0F0008A188A432242F1D000E001331A78002AAC
:10F10000FBD1E1E7FFFEFEFE808080800020014908
:10F110007047C0460000F87F004870470000C07F7D
:10F12000F0B5C646060000B508200D00FFF730FF19
:10F1300004003000FDF780FF234B210098469B68B8
:10F140005F6803239F4338001138401B0019F3F711
:10F15000DDFD451E6543AC4208DC00213000FFF7B1
:10F16000FBFE43469B68DB19984206D03000FDF752
:10F170006BFF002080BCB846F0BD30006942FFF74D
:10F18000EBFE01300ED0012243467F1B9B681743E4
:10F190000E4A5F60136830005B1B1360FDF754FF7D
:10F1A0000120E7E700213000FFF7D6FE43469A68CA
:10F1B000831A0F2BDADD064C04492468001B086013
:10F1C00001210B435360D1E7782E0020543A0220EE
:10F1D0006C2E0020F0B5D6464F46464605000C0082
:10F1E000C0B5002948D0FDF727FF210001270839C5
:10F1F0004B6803209C46BB43CE187268824360462E
:10F20000384080466A4891468468B44200D17CE028
:10F210007260B41864683C40A2464446002C30D169
:10F220000C68A446091B8C686344A4460824A046C5
:10F230008044C4455CD0CC68A04664464246E26047
:10F2400094605246002A1FD01F434F6033608022D3
:10F250009200934230D2DA085C090123A34044684B
:10F2600023434360D3001B189A68CB608A6099607F
:10F27000D1602800FDF7E8FEE0BCBA46B146A846DA
:10F28000F0BD5246002A0FD101224B44CF18BC4694
:10F29000B468484F1A43BC425BD0F668E660B4607D
:10F2A0004A6062461360D2E762463A434A6080226F
:10F2B000336092009342CED35C0A042C3FD89C0961
:10F2C000260039343836E40004192268083C032744
:10F2D000944203D14EE09268944203D05068B84300
:10F2E0009842F8D8D468CC608A60A160D160C0E749
:10F2F0005246002A35D14B441A00B068F3681743D0
:10F30000C36098604F608A50B3E74B441A0043468D
:10F31000002B06D10B68C91A8C68D218CB68E36041
:10F320009C60012313434B60234B81601B68934215
:10F330009FD8224B28001968FFF7F2FE99E7142C9A
:10F3400013D9542C1DD81C0B26006F346E36E400E4
:10F35000BAE7E160A1604A606246CC608C601360ED
:10F3600087E71F434F60336083E726005C345B36DA
:10F37000E400A9E70123B610B34046683343436075
:10F38000B1E7AA225200944205D8DC0B260078345B
:10F390007736E40098E70A4A944205D89C0C260088
:10F3A0007D347C36E4008FE7FE247E26A4008BE7C4
:10F3B000782E0020802E0020702E0020843A02201B
:10F3C00054050000F0B5D6464F4646460369C0B521
:10F3D0000A009A464F11BB4208DC00230361002358
:10F3E0004361E0BCBA46B146A846F0BD1F218C4639
:10F3F0000600644614369D00BB007519F3181140D1
:10F4000014421FD02022521A944604CBCA40904680
:10F410009D4228D9B14664461A68A2404446224318
:10F420004C4604C404CBA146CA4090469D42F2D843
:10F430005346DC1BA4003419043C2260002A0CD083
:10F4400004340AE032009D42C7D902CB02C29D4279
:10F45000FBD85346DC1BA4003419A31B9B1003618B
:10F46000B442BED1BBE74261002AB6D034000434B6
:10F47000F3E7C046F0B5DE46454657464E46E0B592
:10F480008846096893468A7887B003900593302AA6
:10F4900000D0CDE1CB1C1D0001335A1E1278302A5A
:10F4A000F9D0691A8B1E9A46C24FBB5C002B00D163
:10F4B000FCE0002200242B789146BF4AFB5C0292BC
:10F4C000002B00D16AE12E0073780136FB5C002B23
:10F4D000FAD1012230000299FFF75AFA0190002870
:10F4E00052D0002233780192002C02D0A41BA2003B
:10F4F0000192202234009343502B51D043461E608A
:10F500004B46002B7DD1631B013B0021072B03DD04
:10F5100001315B10072BFBDC039800F0D5FB824622
:10F52000002800D18FE2142353440493A54200D352
:10F53000D1E19846002399463B0000264746A8465D
:10F540004D4699460CE0202E19D03200043649462B
:10F550002378CB5C0F210B4093401D4344455ED084
:10F56000013C23782E2BEED14445ECD30122200020
:10F570000299FFF70DFA0028F0D0202EE5D120C720
:10F58000002204260025E2E7002C00D143E12022DE
:10F59000A41BA3000193337834009343502BADD1C7
:10F5A00063782B2B00D11EE12D2B00D0EBE0012244
:10F5B000A378A11CFB5C2600581E18289ED84E1C60
:10F5C0004978103B795C180000290AD10CE08300CF
:10F5D0001B185B000136581833781038F95C002985
:10F5E00001D01929F3DD0300002A00D05B42019A03
:10F5F00094469C446346019343461E604B46002B51
:10F6000081D053465A42534106245B421C4020009D
:10F6100007B0F0BCBB46B246A946A046F0BDB8460E
:10F62000A94646464B4608C6049B4846F61A53462A
:10F63000B6101E6100F024FC5B461D687601361A88
:10F64000AE4251DC00DAD0E09B68019A934200DAC6
:10F65000C0E05B465B689A4200DB97E09C1A671E3D
:10F66000AC426FDA0026002F00D04EE11F210123AB
:10F6700039408B407A11049992008A5850462100F3
:10F680002D1B1A4200D12BE1FFF79CFE5B465B6805
:10F6900001935B46DC68022C00D1DBE0032C00D137
:10F6A00042E1012C00D16EE1122470E0424B0122B4
:10F6B000190028000293FFF76BF9814600286FD1EB
:10F6C0006B786C1CFA5C002A6CD02500302B00D0C3
:10F6D0005DE16B780135302BFBD0FB5C5A425A411F
:10F6E000914601229246EBE6741B2100504601F040
:10F6F00055F8061E0FD01F210123601E01408B40CC
:10F700004211049992008A5801261A4203D0012816
:10F7100000DD00E1022621005046FFF753FE019B69
:10F720009C465B46A44462469B680192634551DB5C
:10F730005B46019A5B68934200DC7DE09C1AA5421F
:10F7400000DDD4E05A46D268022A37D0032A00D11D
:10F75000F1E0012A35D1AC4233D1012C07D050461B
:10F76000611E01F01BF800282BD05B465B68059AF0
:10F7700062241360012352461361049A13605246B7
:10F78000109B1A6043E70022611C13E701245246D4
:10F79000109B1A60059B019A1A6038E72E0098E6C4
:10F7A0002C002B7820229343502B00D1BEE04346FF
:10F7B0001C6026E7F43C031014A60210119A002ADC
:10F7C000D5D05146039800F0A7FA0023109A502490
:10F7D00013601CE75146039800F09EFA0023109A2C
:10F7E000A324136013E70022E2E6AE1B3200514669
:10F7F000039800F031FD019B82469A1B5B469B6893
:10F8000001929A42E6DC5B465B689A42BEDA1421BA
:10F810005144049122E77378741CFA5C2600002A94
:10F8200000D166E673780136FA5C002AFAD15DE60B
:10F8300000238D1C9A4637E60124002EA7D05B4694
:10F84000DB68022B06D0032B08D0012B55D01023E8
:10F850001C439CE70123119A9B1A1193119B002BC7
:10F86000F5D053461F69049BBA009146180098468C
:10F870000021484402E002C3984261D91A68561C2C
:10F88000F9D001321A60022C69D01F231E002124F6
:10F890002E402B4200D17AE74B464344043B186884
:10F8A00000F0EEFA20239B1B984200DB6FE75346E3
:10F8B0001969002900DD93E00023524613610023FB
:10F8C000524653615B46019A9B6801320192934212
:10F8D00080DB21245BE7049B984600239946A0E641
:10F8E000FFF770FD5B465B6802240193A5E7671E86
:10F8F000002E00D1B6E60126B8E6B307A7D5049BD3
:10F900001B681E43F607ACD4A1E73900504600F04F
:10F9100045FF0600AAE65046A11E00F03FFF002862
:10F9200000D1F7E60326F6E6022497E700230193C9
:10F930000133994634E6119A002A00D017E740E7D0
:10F9400053469B689F4225DA53460122791C196170
:10F95000BB0053445A61049B9846022CA9D15B46D4
:10F960001B682224013BAB4200D010E71F2101237A
:10F9700029408B4041466A11920054581C40634212
:10F980005C41213403E7022302241E43B7E701232D
:10F990009A4698E5534659680398013100F094F966
:10F9A000061E56D0534651461A690C310232920057
:10F9B0000C30F4F75DFA5146039800F0ADF90122DE
:10F9C0003369B246591C9B00F31831615A61142304
:10F9D0009846B044022CC2D08F4200DB55E768E75E
:10F9E000534650465B698900414418305B088142A8
:10F9F0001FD944461A000368DB07134308C404C830
:10FA000052088142F7D8130052468A1A4146193AE1
:10FA100092089200043152181360002B00D0043277
:10FA200043465146D31A9B100B61424500D049E72B
:10FA300045E742461360002B02D042460432EFE70E
:10FA4000524613613BE70022E421054B0548F1F7DC
:10FA5000E1FB00228421024B0248F1F7DBFBC046A8
:10FA60006CA6021080A6021030B5026808E0137878
:10FA70001D00413D192D00D820330131A34206D18C
:10FA80000C780132002CF2D10260012030BD002040
:10FA9000FCE7C046F0B54546DE4657464E461F24B5
:10FAA00003000800E0B525001100006887B042118E
:10FAB000920005408A180395044200D09EE0100091
:10FAC000171F021F914600224846026018684678B8
:10FAD000002E00D1AFE001906F48049380464B4662
:10FAE0000F2000240022834601980193434602968A
:10FAF0003D0026008946B846390092461F00029C08
:10FB000015E0202C00D98AE052450CDD8D4201D24F
:10FB1000072E55DD0826A94505D2291F0023924648
:10FB20000D0000260B6084780130002C12D03B5D64
:10FB3000002BE6D001360132082E39DC2C68240176
:10FB4000A4465C462340644623432B6084780130FE
:10FB5000002CECD1019B8C4634004946474699461F
:10FB6000002A68D0654502D2072C00DC77E0A94264
:10FB700047D20A002B0001CB01C29F42FBD26A1C74
:10FB8000781C0023904266D200200A1D9B181A00A0
:10FB900004331060BB42FAD94B461B68002B05D1D9
:10FBA000B94250D0043F3B68002BF9D0052043E018
:10FBB000A945B8D20024043DA44601262C60C0E724
:10FBC00008239B1B9B009C46202364462E001C1B85
:10FBD00002952B6865460590944620002A007568BA
:10FBE0002C0084401C432B00D340346073600436E7
:10FBF0008E42F4D36246029D05988BE71700101DD4
:10FC00005FE74B46039A1B68002ACDD02020801A5C
:10FC100001225242C24013404A461360C4E7A24642
:10FC2000340056464746804601988C46049B494618
:10FC30008146292E0BD0042007B0F0BCBB46B2464B
:10FC4000A946A046F0BD012305200B60F4E740461D
:10FC50000230186084E77D1BAD08AB0094E70826EE
:10FC60002023361BB6009B1B98462B6828001A00E1
:10FC70000B0031006646AC46454698464468230072
:10FC8000AB4013432200CA40036042600430B042DC
:10FC9000F4D3654641466AE7F43C031082B000297C
:10FCA0000AD0002A0BD0002B0BD013780B601078F1
:10FCB000431E984102B0704701A9002AF3D10020E9
:10FCC000F8E702204042F5E7436C70B504000D00F0
:10FCD000002B0AD0AA009B18186800280ED00268D2
:10FCE0001A6000230361C36070BD21220421FCF768
:10FCF00055FE031E6064EDD10020F5E70126AE40FD
:10FD0000721D012120009200FCF748FE0028F3D06C
:10FD100045608660E5E7C046002906D04A68436C26
:10FD200092009B181A680A6019607047F0B5C646C1
:10FD30001F008046002300B50E000D6914310C68C9
:10FD400001332004000C5043240C5443C019070C09
:10FD5000E4190004270C000C2404241810C19D424F
:10FD6000EDDC002F07D0B368AB4208DDAB00F31821
:10FD700001355F613561300080BCB846F0BD716807
:10FD800040460131FFF7A0FF041E16D03100326952
:10FD90000C31023292000C30F4F76AF84346726874
:10FDA0005B6C92009B181A6832601E602600AB00E4
:10FDB000F31801355F613561DDE70022BA21024B9E
:10FDC0000248F1F727FAC0466CA60210E4A602101A
:10FDD000F8B54746CE460600180080B50C0008303E
:10FDE00009211F009046F2F769FF092F3BDD01252D
:10FDF00000216D000131A842FBDC3000FFF764FFF9
:10FE0000011E32D0089B4361012303614346092B45
:10FE100016DC092398460A3447450CDD4346E719AA
:10FE2000FF1A23780A223000303BFFF77FFF0134AE
:10FE30000100BC42F5D10800C0BCB946B046F8BDCF
:10FE400009239946A1444D4644442B780A223000A8
:10FE5000303BFFF76BFF01350100A542F5D14C4661
:10FE60004444083CD8E70021C7E70022024B03487E
:10FE7000D331F1F7CFF9C0466CA60210E4A6021008
:10FE80008022030052020020934201D21B04103052
:10FE900080225204934201D208301B028022520574
:10FEA000934207D38022D205934214D29B0014D4EC
:10FEB000033008E0802104301A01C9058A4203D3C7
:10FEC000D243D20F801870479A019B0105D40A4291
:10FED000EED12020F7E71A00F2E70230F3E7C04640
:10FEE0000368010010B55A0707D0DA072BD49A0728
:10FEF0002ED55B080360012010BD1A0410D1FF222B
:10FF00001B0C10201A4201D108301B0A1A0717D007
:10FF10009A070ED0DA0701D401305B080B60EBE7DB
:10FF2000FF221A4211D01A071AD104201B099A077E
:10FF3000F0D19A085C070FD5130002300B60DBE7A5
:10FF400004301B09F3E70020D6E708201B0ADDE791
:10FF50009B0803600220CFE7DB0805D12020CBE718
:10FF6000DB0803200B60C7E703300B60C4E7C04623
:10FF7000436C70B504000D00002B0AD058680028AF
:10FF800015D002685A600023C360013345610361E4
:10FF900070BD21220421FCF701FD031E6064EDD138
:10FFA00046210022084B0948FF31F1F733F91C22A2
:10FFB00001212000FCF7F2FC0028F1D0012343606E
:10FFC00001338360DFE7C0466CA60210E4A602108E
:10FFD000F0B54E4657464546DE46E0B50B69166914
:10FFE0008A469146984685B0B34204DB3300894681
:10FFF0004646924698464B4659684346F5184B4646
:020000041002E8
:100000009B68AB4200DA0131FFF75EFE071E00D1AC
:10001000AAE014239C4684446346AC006444180060
:100020000022A34202D204C39C42FCD814234B44B6
:100030009B46434651469B0098461431B60088447F
:100040005E44414576D200239A464B4615339E4284
:1000500000D382E05B460193434600935346B44687
:10006000A246AB46B9460C00029306E02D0C32D1F5
:10007000009B04340430A34259D925682B04190C81
:10008000002BF3D0019D5346A04600260C0082466B
:100090002F00039308CF01681A04120C62431B0C53
:1000A0000D0463432D0C52199219090C5B18110CA5
:1000B0005B1812041E0C120C1B04134308C0BC4531
:1000C000E8D850464446039B9A46029BC3185E609C
:1000D00025682D0CCCD0060000220368A04660469F
:1000E00019001400B446019F3A88090C6A4312199A
:1000F00052181B0411041B0C0B43336010CF7168A2
:10010000240C6C430B041B0CE318120C9B181C0CE6
:100110000436B842E8D86246844610004446029A43
:10012000043482185360009B0430A342A5D854467F
:100130005D464F46002D03DC06E0013D002D03D057
:10014000043C2368002BF8D038003D6105B0F0BCBA
:10015000BB46B246A946A046F0BD4B46F31A153B36
:100160009B089B009A4675E7B1210022024B034889
:100170004900F1F74FF8C0466CA60210E4A6021041
:10018000F8B5032347461400CE461A0080B50E008A
:1001900007002240234239D1A41032D03D6C002DFB
:1001A0003DD00123984600239946434623406410DE
:1001B000002B08D12868002819D0050043462340A9
:1001C0006410002BF6D02A0031003800FFF700FF42
:1001D000002E06D072687B6C92009B181A68326001
:1001E0001E60002C0ED0060028680028E5D12A00E9
:1001F00029003800FFF7ECFE4B462860050003603D
:10020000DCE73000C0BCB946B046F8BD0E4B013A41
:100210009200D2580023FFF789FD0600BCE70121B8
:100220003800FFF751FD051E07D0084B436101233D
:100230000361002338640360B3E746210022044BC6
:100240000448FF31F0F7E6FFF43D031071020000AF
:100250006CA60210E4A60210F0B54546DE465746ED
:100260004E46E0B50D002B6954119846A044434614
:100270005E1CAB6883461700496883B09E4203DD6D
:1002800001315B009E42FBDC5846FFF71DFD8446B2
:10029000002854D0010014310B000191002C0CDD1A
:1002A000A400220000201432624401C39342FCD116
:1002B000019B9946A1444B4601931F222B0011003C
:1002C0002C691433A40039408A461C193A4230D0B4
:1002D0000132521A91460027019851461A688A4005
:1002E0003A4304C04A4680CBD7409C42F5D82A0006
:1002F00015320023944203D3631B153B9B089B00DC
:10030000019A91464B445F60002F00D146466346F8
:100310001E615B4660466A685B6C92009B181A68B7
:100320002A601D6003B0F0BCBB46B246A946A04699
:10033000F0BD019904CB04C19C42FBD8E6E7EF2154
:100340000022024B02484900F0F764FF6CA602103D
:10035000E4A6021002690B6930B50500D01A9A4272
:1003600014D19B0014351431EA18CB1801E09542E2
:100370000CD2043A043B146819688C42F7D000236D
:100380008C425B4102205B421840013830BDC046C0
:10039000F0B545469046DE4657464E464346E0B5E4
:1003A0000A690C00196983B0551A8A4214D12700D2
:1003B00042468900143714327B18521802E09F42DB
:1003C00000D396E0043B043A1E6811688E42F6D0D2
:1003D00000D399E0012504E0002DFBDBA0460025B9
:1003E0001C0043465968FFF76FFC8446002800D183
:1003F00094E043461A6914339600B246C5609A44A5
:1004000065460093534621692000890089461435CA
:10041000002101932B00143081444D46A34614273C
:100420000C00924601009946434601C9DE59020478
:100430003304120C1B0C9B1A62461B19000C360C61
:10044000361A181430181B0404141B0C0004034340
:10045000D35104378D42E7D82100019C48465246CB
:10046000A2465C46A9460500200015301E00002764
:10047000009B814504D34846001B1538800887003F
:100480007819041DDF19A0463C1DA146EF1A030090
:10049000A2451DD93B00574692461A000E00A518EA
:1004A00001CC03041B0C5B181B14010C86195B1890
:1004B00036041914360C1B041E432E60A742EDD8D7
:1004C0003B0049465246013B5B1A9B089B00434454
:1004D000002E04D1043B1968013A0029FAD0634682
:1004E0001A61604603B0F0BCBB46B246A946A046BE
:1004F000F0BD0021FFF7E8FB8446002808D0012367
:10050000036100234361ECE74346A0461C0068E713
:100510000022054B05480649F0F77CFE0022024BFD
:1005200002480449F0F776FE6CA60210E4A6021019
:1005300037020000450200000D4A0E4B94460B4066
:1005400063440022002B02DD1900100070475B425B
:100550001915132903DC80231B030B41F4E714391D
:1005600001221E2902DC80221206CA400023EBE78A
:100570000000C0FC0000F07FF8B506004746CE46FC
:1005800004691436A4003419231F1D6880B528009F
:100590000F009846FFF774FC2022111A03003960FF
:1005A0000A282EDD07000B3F464519D208235B427F
:1005B0009C46A44463461B68002F1AD01900D21B26
:1005C000D140BD409146194A0D432A431100BB401A
:1005D000664511D24A460C3C2468D44023430BE0C4
:1005E0000B2805D0BD40114B2B431900002303E01D
:1005F00000230E4A2A4311001800C0BCB946B04679
:10060000F8BD2F00153A121AD7409146074A3A43CF
:1006100011000027464503D24A46083C2768D740C8
:1006200015339D402B003B43E6E7C0460000F03FFA
:10063000F0B5012183B014001D00FFF745FB061E35
:1006400047D02B036F001B0B7F0D02D0802252037B
:1006500013430193002C16D101A8FFF741FC01249C
:10066000019B203073613461002F23D01C4B352453
:100670009C46089B67443F181F60241A3000099B62
:100680001C6003B0F0BD68460094FFF729FC019C94
:10069000009B002806D020222100121A9140C4405D
:1006A0000B4301947361B461631E9C410134346156
:1006B000002FDBD10B4B9C46089B60441860002345
:1006C000E3189B00F3181869FFF7DAFB6401241A9A
:1006D000D4E70022044B05480549F0F79BFDC046CE
:1006E000CDFBFFFFCEFBFFFF6CA60210E4A60210BD
:1006F0000F030000F0B5CE46474680B585B088466A
:1007000002A98146FFF738FF04000D00404603A907
:10071000FFF732FF02000B004046494600690969B5
:1007200000920193091A4901884602980399401AD8
:100730000100414400290BDD09054F193D0020004F
:100740002900F2F730FD05B0C0BCB946B046F0BD97
:1007500009055B1A0193009A019BF0E71300013928
:1007600070B54C111169013414338900A400591873
:1007700004198B420AD2050040CB40C59942FBD8F0
:100780008B1A153B9B089B0004301818844203D930
:10079000002308C08442FCD870BDC04610B50400D8
:1007A00002691434481182420ADA9200A31803E065
:1007B000043B1A68002A14D1A342F9D8002010BDC6
:1007C0008300E3188242F7DD1F22100008400A422E
:1007D000F2D019680A00C240824001209142EED155
:1007E000EAE70120EBE7C046002909D0FF2A02D83A
:1007F00001200A7070478A23036001204042F9E714
:100800000020F7E770B514004B1C1BD09389202201
:10081000FF259343226BA381CEB263680D40002A6B
:1008200013D0626B9A4208DD2368013B23601E707F
:10083000636801336360280070BD210001F0C0FDD2
:100840000028F1D001256D42F5E7216922680029D1
:1008500005D0914203D2511E0878A8420ED0E3631E
:10086000230040332363032363633F33A263E654CF
:1008700023004233236001236360DCE701332160FE
:100880006360D8E710B50C00096B00290FD0230076
:100890004033994201D0FEF79DFC00232363E36BB4
:1008A0006360002B03D00020A36B236010BD0022E7
:1008B000202101206260A28923690A43A28140426B
:1008C000F3E7C046F0B5DE4657464E4645468346FA
:1008D0001800E0B5504385B00F000E9C019300282E
:1008E00035D0002398464033994665680600216854
:1008F000A144A84220D90290039238002A00F3F7BD
:10090000B7FA2368216B5B1923604346B2466360E4
:100910007F19761B002921D0494502D05846FEF7A1
:1009200059FC43462363E36B6360002B16D0A16B35
:100930001D002160B342E0D332003800F3F798FA8B
:10094000636801989B1B636023689B19236005B053
:10095000F0BCBB46B246A946A046F0BD23692021A3
:10096000236000236360A38902980B43A38153464D
:10097000039A28181100C01AF2F7C8F9E7E7C04631
:10098000F0B557464546DE464E46E0B5C94C0D002B
:10099000A54402AFBA6580227B6378650C23C95EEB
:1009A00092016B6E114200D0A5E00A43AA81C24AAF
:1009B00013406B66602008231B18D81908220021F9
:1009C000F3F750FA00239A463B62FB63FB643B64F7
:1009D0007B64BA4BBB64BA4BBB63BA4B7B62E42308
:1009E000BA6CD458FEF7B0FA602108225218D21916
:1009F000009204310300BA6D786D7918A047002881
:100A00005FDBBB6D06009C4684446346BB657B6E22
:100A1000002B3DD0012864D0252B1CD00028DED02F
:100A2000BB6D9E1B52465044804654466B68B61AB6
:100A3000002B21DD2A68335D1178994228D16B683B
:100A40000132013B01346B602A604445F0D1A2467B
:100A5000C5E701200126BB6D00241A7800238446D7
:100A60009B46BB6D591C1300253BDBB2552B0FD8A1
:100A7000B86B9B00C3589F462900786DFFF702FFB3
:100A80000028D7D07B6C002B4AD0AB895B0647D4BB
:100A9000FB6B002B0AD0FB6B18687B6C013301D118
:100AA00001F024FC002801D0F3F7D0F9BD46786CA2
:100AB000B9239B009D44F0BCBB46B246A946A04664
:100AC000F0BD814B60207B6608231B18D8190822D3
:100AD0000021F3F7C7F9BB6D0133BB657B6E002BBB
:100AE000D6D07A6AD25C120736D4252BB1D0BB6D32
:100AF00001205E1E96E79B0400D45BE701235B4266
:100B00007B64D3E72307C3D1BB6DB9655A78A8E7E7
:100B10002307BDD102231C43BB6DB9655A78A0E7FA
:100B2000FB6B002BEAD0DB889B46FB6B18685B46AF
:100B3000002B0DD005000024002680462B680134D0
:100B40001868F3F783F908CD1E605C45F6DB404674
:100B500001235B427B64A5E77A6A082456469046E7
:100B60006B680BE041462A681378CB5C1C420DD0C1
:100B70006B680132013B01366B602A60002BF1DCAF
:100B80002900786DFFF77EFE0028EBD0B24626E7FD
:100B90008F23234200D07BE75B469B005B445B00D6
:100BA0009B183022524293469B44BB6DB9655A78DC
:100BB00057E76B683963002B01DC01F0C3FA0423AB
:100BC00099462A683F4E1378F35C1B0722D5082309
:100BD00098465346A2461C0006E0414601322A6070
:100BE0001378F35C194212D06B680134013B6B60DF
:100BF000002BF2DC2900786DFFF744FE002800D0BE
:100C000040E741462A681378F35C1942ECD123008F
:100C100054469A464B46022B01D100F03EFD032B71
:100C200001D100F0F4FD786D01F046FC0368AE22BE
:100C300019005B46013B5200934201D800F0FFFFD0
:100C40005D3BFF3BFB605E23FF339B46F023DB00F5
:100C500023433B6500239946BB657B613B61BB62D7
:100C6000BB612133FF339C46C03B9846B844C44423
:100C700063465446E0468A46FB61144BFB622A6891
:100C800011780B002B3BDBB24E2B00D901E3F86A45
:100C90009B00C3589F4680239B001C436B683963AD
:100CA000002B00DCA2E20A4B3B6210233B640D3BAD
:100CB000994686E714FDFFFFFFDFFFFF803200202B
:100CC000F03E0310F13B0310FDFF0000484003100D
:100CD000B5E601106B683963002B01DC01F036FAD0
:100CE0005E46002E00D10136E30701D501F046F93A
:100CF000E30601D501F090F87B6B04CB90467B6353
:100D0000240601D401F01FF8002A00D1C0E630000B
:100D1000F3F788F8041E00D102E74346FA6B186027
:100D2000D188F9619388994201D301F058F910688C
:100D3000FA69F96B531CCB80930042461A50009518
:100D4000210033000122786DFFF7BCFD041E01D1A4
:100D500001F0C4FA864208D9434621001868F3F727
:100D60006BF8002801D043461860A24400F038FC1C
:100D70006B683963002B01DC01F0DCF9B84B3B6296
:100D800008233B64053B99461BE76B683963002BDE
:100D900001DC01F0CBF90223994612E76B68396355
:100DA000002B01DC01F0BFF9AD4B3B620A233B6431
:100DB000073B994605E78F231A002240234200D0C3
:100DC00066E6FB6B002B01D101F044F980231C4344
:100DD0009AE63963B965E30600D500E67A6B08CA7E
:100DE0007A63220701D501F0F7F8620701D401F018
:100DF0001EFA52461A80F2E5230700D048E6BB6D82
:100E00005A7802236C2A01D100F068FF0123B965EA
:100E10001C4326E601231C436B683963002B01DC6D
:100E200001F0CFF88F4BC0E7230700D030E6BB6D51
:100E30005A78682A01D100F050FF0423B9651C4399
:100E40000FE66B683963002B01DC01F093F9854BE9
:100E50003B6200233B6403339946B2E660222023C1
:100E60009B18D81901F06CFA6B68B865002B01DC8F
:100E700001F076F95B46002B01D1013B9B46012333
:100E800010221E00224026403A63234201D100F086
:100E9000E7FD002A01D000F0DCFF7B6B04CBBA62D7
:100EA0007B63240601D401F017F9002A00D1EFE595
:100EB0008020F2F7B7FF8046002801D101F0E4F965
:100EC000BB6A1860FB6BDA88FA619C88A24201D386
:100ED00001F01AF81868FA69F96B531CCB8093007B
:100EE000BA6A1A504346FB612023BB610026FEF715
:100EF0002BF8B04200D1C5E5902160202B68490055
:100F00001A780918C91901338A556A682B60FB6C75
:100F1000013A741C6A60032B00D1A5E110239946A5
:100F200050339C46BC44E144082200214846F2F775
:100F300099FF90224B4660215200FC6252180093A8
:100F400041462300786DD21901F074FCF864431C0B
:100F500000D197E5002800D091E1424600261060BC
:100F6000602018231B1808220021D819F2F77AFFF5
:100F7000E023BA6C6021D258C83B3A6560229B18C6
:100F8000786D3200DB193E6D7918B04700260128D4
:100F900002D16023FB181E78202360229B18DB19E6
:100FA0009B5D002B01D101F0F7F8FB6CA244032BF1
:100FB00000D14BE301235B429C463B6BE344002B97
:100FC0000ED104239C46BB6AE044002B08D0434664
:100FD000FA699C1ABA69A310934201D300F0D7FCB6
:100FE0006B68002B00DC3EE35B46002B00D07DE706
:100FF0003B6B002B00D0F2E442461360BB6A002B2F
:101000000FD04346FA69991A8B10BA6901339A4294
:1010100007D9BC6A04312068F2F70EFF002800D01F
:1010200020607B6C01337B64D9E401231C436B6833
:101030003963002B00DDA1E62900786DFFF722FC63
:10104000002800D19AE61DE56B683963002B01DCAE
:1010500001F05FF801231C4301339946B1E5C04616
:10106000B5E6011051E5011041231C436B6839635B
:10107000002B01DC01F086F85E46002E00D101361F
:1010800010231A0022403A65234201D000F0BDFE31
:101090007B6B04CBFA627B63240601D401F024F855
:1010A000002A00D1F4E48020F2F7BCFE814600283B
:1010B00001D101F0E9F8FB6A1860FB6BDA88FA618C
:1010C0009C88A24201D300F0D0FE1868FA69F96B3F
:1010D000531CCB809300FA6A1A504B46FB612023C5
:1010E000BB6290235B009B46C03B9C460024B046FD
:1010F000BC44FE6CE344FDF727FFA04200D1C1E4ED
:1011000059462B68621CBA651A7801330A556A6819
:101110002B60013A18236A6060229B18DC19032EA9
:1011200002D1BB6F042B04D0082200212000F2F76B
:1011300099FE00945A464946BB6D786D01F07AFBE2
:101140000600431C00D19DE4002879D1BB6D9C466C
:1011500001235B42E2449C463B6DE044002B10D1EE
:101160004A461360FB6A002B08D04B46FA699C1A6A
:10117000BA6AA310934201D300F0F3FC04239C4607
:10118000E1446B68002B0ADD4346002B0DD00024A0
:10119000B1E73B6D002BE5D06B68002BF7DC290035
:1011A000786DFFF76FFB0028EED0FE64FB6A002B22
:1011B00008D04B46FA69991ABA6A8B10934201D249
:1011C00000F032FF3B6D5A4253417A6C94469C4486
:1011D00063467B643B6BBB65FFF701FC88239B0088
:1011E0001C436B683963002B00DD5CE52900786DDA
:1011F000FFF748FB002800D155E543E46B683963ED
:10120000002B00DD0EE6BF4B3B620A233B64073B2D
:1012100099462900786DFFF735FB002800D1D0E40E
:1012200030E45B4623439B4600D031E4BB6D102481
:101230005A78B965FFF715FC6046B965FFF7EEFB14
:10124000831C00D117E2BB6D9C46E244032802D107
:101250002368042B9DD001235B429C463B6DE044F8
:10126000002B00D17EE78CE71023994650339C4633
:101270003B6FBC44E144042B00D055E659E6FB6CBF
:10128000023300D171E343461E68731C00D067E649
:1012900082E63B6D9B0565D553461B788B4261D139
:1012A0005B467B6043460026BB6006E05346013246
:1012B0002A6011789B5D99421AD15346B046013697
:1012C0009B5DA3460134002B01D100F0A1FC6B68AB
:1012D000013B6B60002BE9DC2900786DFFF7D2FA47
:1012E000002805D153462A689B5D11789942E4D0C5
:1012F00043465146FB622B000D009846BE68FC6ACF
:10130000B2467E6D295D42463000FFF77BFA013C14
:10131000F8D25B46FA6A56469B1A45469A4623E03F
:10132000BB6D4B44002B1DD1774B3A6D1A40002307
:1013300099463A65BB654346197001235B429C465A
:101340000233E3449C46E0446B680134013B6B602C
:10135000002B00DC72E12B6801332B605B46002B15
:1013600000D08CE44646A246BB6DBA6A013B002A17
:1013700000D1E9E0396D654A11403965012B01D88A
:1013800000F0CFFC4B46013B062B01D800F07FFD5F
:10139000396D10230A00386B1A40B8650B4201D032
:1013A000FFF71DFBC02332708022DB000B40D20010
:1013B000934200D0FFE0BB6ABA69934200D1FFE0DC
:1013C0001300BA6A7E619A1A6021514B5B187969E1
:1013D000DB19994207D34F4B9C4660239846B8448B
:1013E000C44463467B614C497869F3F749FEE7E002
:1013F0003A6D1305B6D5BB6D4B44002BB2D1424BB1
:1014000094E74B46072BADD10823994693E79823E1
:101410008022386D1B01034052009342A2D1BB6A67
:10142000012B9FD18022394B1201184002433023F7
:101430003A6542461370313B9C460233E3449C4676
:101440000023E044BB6276E74B46062B8AD1072394
:10145000994670E73B6D1B0584D53A6DA0201300BB
:10146000C00003400138FF38834205D0024200D15A
:1014700078E7BB6A002B63D03B6D9B0505D4BB6A44
:10148000BA699B1A3B6143467B61244B3A6D1A4013
:101490001300C02252001A4300233A65BB624AE798
:1014A000BB6D002B00D0ABE3BB6A002B07D1E02360
:1014B0003A6DDB001A409A4201D100F0D5FE4B464E
:1014C000012B02D0042B00D04CE74B460133DBB29A
:1014D000994630E73B6D1B0504D5BB6D4B44002B93
:1014E00000D121E7BB6D012B00D03BE70223BB6598
:1014F00021E780233A6D134200D133E79A433A65DE
:1015000019E7C04651E501107FFEFFFFFFFEFFFF18
:10151000730200007202000040A702107FF0FFFF7C
:101520004B46002B00D060E3BB6A002B00D0ECE3FD
:10153000E0233A6DDB001A409A4201D100F09CFE94
:101540004646A246BB6D013B012B00D8E9E34B4662
:101550000022013BBA62062B01D800F0BBFC3A6DB9
:10156000D30500D414E7530501D500F0A6FE0123EE
:10157000741E5B4221785344984665290BD0452957
:1015800009D02A00786DFFF73DF902235B425344EE
:101590009846B41E21782A00786DFFF733F9396D2B
:1015A00010230A00386BC2461A40B8650B4201D0BE
:1015B000FFF715FA22703B69002B01D000F07DFD8A
:1015C0000022F969786DFCF701FF7B6BB865F9655E
:1015D00010CB7B633B6DDB0700D48DE32060616043
:1015E0007B6C01337B643B6BBB65FFF7F8F93B6DAC
:1015F0001B0504D5BB6D4B44002B00D194E64B4634
:10160000022B00D0AEE60323994694E63A6D13050B
:1016100000D422E7EFE63B6DDB0500D480E68023B3
:101620003A6D9A43BB6A3A650133BB62FB68002B93
:1016300000D0B4E3013B9C46E34485E62900786D85
:10164000FFF720F9002800D188E68BE64B461B689F
:10165000042B00D0AEE43B6B002B00D1B1E46B68EF
:10166000002B00DD42E42900786DFFF70BF900281C
:1016700000D1B9E4BCE46B68002B01DDBC6D3AE538
:101680002900786DFFF7FEF80028F7D0BB6DFE64E7
:10169000002B00D18AE5FFF7F5F95B46002B01D15D
:1016A000013B9B4601231A00224090461022224013
:1016B0009146234200D17CE1002A00D076E37B6B87
:1016C00004CBBA657B63240601D400F01AFD002A1E
:1016D00001D1FFF7DDF98020F2F7A4FB8046002856
:1016E00001D100F0D1FDBB6D1860FB6BDA88FA61A7
:1016F0009C88A24201D300F0F5FB1868FA69F96BE7
:10170000531CCB809300BA6D1A504346BB62202312
:101710003B652B681B78F35C1B0700D54EE25B46EC
:1017200000243B60FDF710FCA04201D1FFF7AAF9AD
:10173000902149008C46C0398B46BB44DC4461464D
:101740002B68621CFA621A7801330A556A682B60AA
:10175000FB6C013AF9616A60032B01D000F02BFCAD
:10176000182360229B18DC19BB6F042B04D00822BD
:1017700000212000F2F776FBFB6A4146BB61009432
:10178000FA69786D01F056F8F864431C01D1FFF74F
:1017900079F9002801D000F064FC42461060002076
:1017A00001F072F8002800D0F8E1FB6A9C46E244A0
:1017B00001235B429C463B6863443B604B46002BE5
:1017C00001D000F085FC04339C46BB6DE044002B47
:1017D00001D100F07DFC4346BA6A9C1A0022FA62ED
:1017E0003A6DA310934201D300F057FD6B68002BB4
:1017F00001DC00F026FD2B681B78F35C1B0700D58D
:10180000DCE13B68002B00D1D8E1FC6A8AE75B464B
:10181000AE220021013B88465200934205D9D94BA4
:101820005B4498465E23FF339B46D8231B011C4331
:101830000023BB652133FF339C46C03B9946B94426
:10184000CC446346FB61D04B5E469946E3462A682A
:1018500011780B002B3BDBB24D2B17D848469B0071
:10186000C3589F463B6C0A2B10DDC84B1C405B469F
:10187000197001239C46E3446B68013B6B60002BAD
:101880006CDD01322A60013E002EE0D15A46D94675
:10189000E30509D5FB699A4200D961E24A46FB6932
:1018A0009A4201D1FFF7F4F810231A002240234294
:1018B00014D14B46F9691A70786D00223B6C3E6A70
:1018C000B0477A6B131D9846A30600D40DE2136847
:1018D00018607B6C01337B6443467B634A46FB693B
:1018E000D61ABB6D9C466644B2443B6BBB65FFF7A2
:1018F00076F8386CA64B4000C35E3B64A34B1C409B
:10190000B5E7C0238020DB00234080008342BDD1A7
:10191000A04B2340A024E4001C4310233B64A6E713
:1019200080232342B2D09C43A1E7386C984B4000FF
:10193000C35E3B64082B98DCA8E7230597D53B6C76
:10194000002B05D180239B001C43F93BFF3B3B64EC
:10195000630500D4B3E1904B1C4088E72900786D03
:10196000FEF790FF00288ED090E76B68002B02DD19
:101970002600FFF7BCFA2900786DFEF783FF0028E8
:10198000F6D0002C01D1FFF733FBFFF77BF8F869A5
:10199000D1001600F2F750FAF861002801D100F0EA
:1019A00073FC8046BA6A7300A0441060BB61FFF705
:1019B00017FB002A01D000F004FC7B6B04CB91469E
:1019C0007B63240600D440E3002A01D1FFF760F8CE
:1019D0002020F2F727FA041E01D1FFF7A1F84B46A9
:1019E000FA6B1860D188F9619388994200D3C0E1FD
:1019F0001068FA69F96B531CCB8093004A461A5061
:101A00002023BB652B681A78B25C120700D5CBE1A6
:101A100021003C655C466A68013A6A605A1C2A608B
:101A20001B784A1C0B704B469046002B07D01300C6
:101A30003A6D9B1A9B46BB6D9B4500D32CE3013C42
:101A4000002C00D121E16B68002B00DC16E108219D
:101A50002B681A78B25C114200D016E14146DAE7F1
:101A60003B6B002B00D0A9E17B6B04CB90467B63E2
:101A7000240600D440E3002A01D1FFF709F8202012
:101A8000F2F7D0F9041E01D1FFF74AF84346186077
:101A9000FB6BDA88FA619E88B24200D345E218688F
:101AA000FA69F96B531CCB80930042461A502023ED
:101AB0001800202160262B6889191A78C9198A5CB8
:101AC000002A01D1FEF7E4FF52465E46A146834656
:101AD0003A6516E04B46D31A9A4614005B452FD25E
:101AE000013E002E00D1AEE06B68002B16DD2021F8
:101AF00060202B6809181A78C9198A5C002A00D15D
:101B0000A1E06A68013A6A605A1C2A601B78621C6C
:101B100023704346002BDDD11400E1E72900786DE6
:101B2000FEF7B0FE0028E2D03B6D4E469A465B467B
:101B300018004C4501D1FEF7A5FFA31B99468DE087
:101B40005B465B00484619009B46F2F775F98146F3
:101B5000002801D1FEF7E4FF544643464C44186088
:101B6000BEE7F869D100F2F767F9F861002800D103
:101B70008AE38146BB6AFA6A5B00A1441060BB62DB
:101B8000FFF7FCFAA3FEFFFF844103107FF4FFFF81
:101B9000BC420310FFFDFFFF7FFAFFFF20236022FE
:101BA000FF339B18DC197B6DBE699B46A15D2A0043
:101BB0005846013EFEF726FE002EF7D14B46002B7D
:101BC00000D092E643464A461A60BB6D002B08D00F
:101BD0004346BA6A991A8B103A6D01339A4200D97A
:101BE00018E27B6C01337B647FE6FD22033B1342EA
:101BF00001D0FFF7B7FB0433DBB29946FFF79BFB3D
:101C0000BB6D022B00D05AE40323BB65FFF793FBA7
:101C1000BB683A6D98467B685C469B46D94B40460C
:101C20001A403A655146320000F00CFC01235B4239
:101C30009C46BB6A8046E344BB61FFF785FB0023FB
:101C4000FB60FFF703F83B6D4E469A465B46180073
:101C5000A31B9946B44201D1FEF71AFF002323705B
:101C60004346002B04D04B46591C884200D9CFE292
:101C70007B6CCA4401337B64FEF7B1FE2900786DAA
:101C8000FEF700FE002800D1E1E6434644463A6DE7
:101C90009B1A591C9A44002323704B46002B00D1F9
:101CA0009EE4BB6D994200D39AE44B461868F2F764
:101CB000C3F8002800D193E44B46186090E4B24B7F
:101CC0001C404346002B04D001235B429C46013656
:101CD000E044BB6D0133BB65CEE508231C43BB6DFF
:101CE0009A780233BB65FEF7BCFE230700D42EE1D1
:101CF0007B6B1B681870ECE53B6D9B0700D44BE1D8
:101D0000BA6DFB6D226063606AE4A04B3A6D464693
:101D10001A40BB6DA246013B3A65012B01D9FFF782
:101D200037FBFB699E4201D8FEF7B2FE34002E005D
:101D30001D00013C32002178786DFEF763FDAC4256
:101D4000F7D1FEF7A5FE0095330001224146786DDC
:101D5000FEF7B8FD041E01D1FEF794FEA2443FE455
:101D60005E46013E2A003178786DFEF74BFDB146A4
:101D700094E5874A934200D9BBE2082290469844F2
:101D800043469900FB6B1868F2F756F8FB6B002886
:101D900001D1FEF7C8FE424618609A8029E6FB682A
:101DA000013BFB60FFF7D0FA012174E700233B659C
:101DB000BB62BB656433FB189846AAE4202160200F
:101DC0002A6809181378C919CB5C002B01D1FEF7DA
:101DD0005FFE5C4607E02021602013780918C919CE
:101DE000CB5C002B3ED06B680132013B01366B604F
:101DF0002A60A64236D0002BEDDC2900786DFEF774
:101E000041FD00282ED12A68E5E700239946BB62F0
:101E1000FB61FB62FFF765F97B6D002498460AE0E1
:101E2000D218290040462A60E418F61AFEF72AFD67
:101E3000002800D0F6E16B682A689E42F0DC9B1B0C
:101E40009219A4196B602A603B6BA244BB65FEF734
:101E5000C6FD0023BB61FB61BB626433FB1898467F
:101E6000FFF744F8B244FEF7BAFD494B9C4200D953
:101E70000AE2FB6B08341868A100F1F7DDFF0028C7
:101E800000D101E2FB6B18609C80FFF71FF94B4605
:101E9000022B00D831E2032B01D1FFF779FAA846D3
:101EA00034004D46013C42462178786DFEF7AAFC8D
:101EB00063199B1BDBB2032BF4D1A9464B46524658
:101EC000043BDBB2013AD21A013E45469246F61A6D
:101ED000FFF745FB4B46022B00D80EE2032BDED169
:101EE000FFF73DFB2A4B9C4200D9CDE1FB6B083448
:101EF0001868A100F1F7A0FF002800D1C4E1FB6B36
:101F000018609C80FFF7FAFB214A944200D9BBE19C
:101F1000FE6B08343068A100F1F78EFF002800D175
:101F2000B2E13060B480FEF7D6FF194A964200D97C
:101F3000DFE1FB6B08361868B100F1F77DFFFB6B42
:101F4000002801D1FEF7EFFD18609E80A8E5630729
:101F50005CD4E30700D582E1A40700D47FE10D4BF8
:101F60003A6A9A4200D1D9E100223B6CF969786D56
:101F700000F076FB7B6B1B6803C3AAE440231C4381
:101F8000FFF77EF87FFDFFFF7FFCFFFFFFFEFFFFF7
:101F9000F6FF0000B5E60110B86DF96D02000B0008
:101FA000F1F785F900284AD1B86DF96DF1F710FA0B
:101FB0002060FFF715FB182360229B18DC19FFF740
:101FC000D6FB2900786DFEF75DFC002801D0FEF7F6
:101FD00059FDD64BFEF7E9FE52461A7085E4D44A05
:101FE000934200D985E10822914699444B469900D5
:101FF000FB6B1868F1F720FFFB6B002801D1FEF79F
:1020000092FD4A4618609A80FEF792FE7B6B1B6831
:1020100018805EE4BC6D04312068F1F70DFF0028E4
:1020200000D1DEE52060DCE5FC6A2068F1F704FF02
:10203000002801D1FFF7C6F82060FFF7C3F8BD48BC
:10204000FDF76AF82060FFF7CBFA002314009946E9
:10205000BB65D7E482B002ABFB6302920392FEF74A
:10206000B5FEFB6C023301D1FFF7C0FB4346186895
:1020700000F00AFC002800D090E5FB6A9C46FB6C4F
:10208000E244032B01D0FFF793FB2368042B01D01C
:10209000FFF78EFBFFF792FB5B0019001000BB659A
:1020A000F1F7CAFE3865002801D1FEF739FD0200BC
:1020B0005A4490464A461060C1E47B690022591C8C
:1020C000786D0A23FCF744FA3B69C21AFFF77CF9E2
:1020D0000023FB62FFF78AFBBB6A98460023BB61C3
:1020E000FB61BB62FEF702FFFB6A99460023BB62FD
:1020F000FB61FB62FEF7F5FF002314001800984611
:10210000D7E4BB6D984600233B65BB62BB65FFF718
:1021100000FB2900786DFEF7B5FB002801D1FEF722
:1021200099FFFEF7AFFC844BFFF76EF80223994648
:10213000FFF76FF8804B3B6208233B64053B9946F1
:10214000FFF767F804239946FFF763F82900786DD5
:10215000FEF798FB002801D1FEF7C2FDFEF792FCC6
:102160002900786DFEF78EFB002801D1FEF782FE74
:10217000FEF788FC6D4B3B6200233B6403339946BA
:10218000FFF747F82900786DFEF77CFB002801D1A6
:10219000FEF772FFFEF776FC002C01D1FEF728FF58
:1021A0002023FF339B18DC197B6DFE6A9946A15DE5
:1021B0002A004846013EFEF725FB002EF7D1FEF728
:1021C00017FF2A681378F35C1B0701D5FFF78DFB17
:1021D000330008244646984604E041461378CB5C19
:1021E0001C4211D16B680132013B01366B602A60E1
:1021F0005E4509D0002BF0DC2900786DFEF742FB2C
:10220000002801D12A68E8E7B046C244FFF76DFB19
:1022100043461868F1F710FE002800D128E5434630
:10222000186025E5002C00D00EE6FEF72BFCE20737
:102230002FD4A4072DD552461A60D2175A60FFF743
:1022400054FB2900786DFEF71DFB002801D1FFF734
:10225000D2FAFB6A002B01D0FEF714FCAEE47B6BD4
:102260001B681860FFF735FB344B3A6D1A400123A9
:102270003A65BB65FFF75FF8304B3A6D1A400123B2
:102280003A659946FFF757F801235B427B64FEF7F6
:10229000FFFB52461A60FFF728FBB86AD100F1F73E
:1022A000CBFDB8620028EFD080463B6DBA6D5B0075
:1022B000A04410603B65FFF799FAFB699E4201D884
:1022C000FEF7E6FB3400013C2A002178786DFEF72A
:1022D00099FAFB699C42F6D1FEF7DAFB7B6C002B86
:1022E00004D0AB895B0601D4FEF7D5FBFB6BFEF790
:1022F0001AFCFB699B46FEF718FCFB6934009E4202
:1023000001D8FEF7C5FB013C2A002178786DFEF765
:1023100079FAFB699C42F6D1FEF7BAFB00223B6CCE
:10232000F969786D00F082FA24E6C04651E50110A3
:10233000F6FF00000C740210B5E601107FF8FFFFF5
:1023400070B50D7804005E2D1BD0481C00260021BE
:102350002300621CFF32197001339342FBD1002D20
:102360000DD00122724062550378461C2D2B0FD0F0
:102370005D2B0BD0002B03D01D003000F3E701389C
:1023800070BD4D78881C01260121E1E73000F7E798
:1023900041785D2910D08D420EDC2B0002300133D4
:1023A000E2549942FBDC8D4203DB002101354D19DB
:1023B000DAE7491B0139F9E72D253000D3E7C0469C
:1023C000F0B50C002300C646096B403300B59942B6
:1023D00015D0666B77003A00FAF74AFE051E28D042
:1023E00083199846010032001800F1F741FD434679
:1023F000256323606763002080BCB846F0BD802160
:10240000C900FAF733FB002813D08023DB00636395
:1024100042232063E25C084BC2544123E25C074B39
:10242000C2544023E25C064B9C46C2546044206088
:10243000E1E701204042DFE7FF030000FE03000068
:10244000FD030000030070B506000800304380075C
:1024500001D1032A1BD83000002307E0CC5C013AED
:10246000F454451C0133002C03D02800002AF5D178
:1024700070BD2B000024A918002A04D01C70013361
:102480009942FBD10D000028F2D12800F0E7084C5A
:1024900008681E00074BC31883432342DBD1330077
:1024A000043A043101C3032AF2D81E00D3E7C04620
:1024B00080808080FFFEFEFE004870477033002061
:1024C000F0B5DE464E4645465746E0B589B00D00AC
:1024D000059193461E00082107905F482B001C7849
:1024E0000135025D1142F9D12D2C00D184E02B2C55
:1024F0004BD001235B420393584B04930023069374
:10250000002E08D1302C00D180E00A239A46002307
:102510000A26994605E0102E00D182E0F317B24654
:10252000994652464B4603980499F0F72DFC230038
:102530000F008046029200200022002113E0B942E1
:1025400001D140451ED8804543D052464B46F1F755
:10255000E7FAE31700940193009B019C0122C01845
:1025600061412B7801351C00303C092C04D9113C09
:10257000192C0DD8373B1C00A64211DD531CF0D09E
:10258000B942DCD901225242EBE72C789D1CB0E71E
:102590001C00613C192C03D8573B1C00A642EDDC03
:1025A000531C1ED0069B002B04D003000C000021FE
:1025B0005842A1415B46002B04D0002A45D15B461E
:1025C000059A1A6009B0F0BCBB46B246A946A046BF
:1025D000F0BD8F42B9D1029BA342B6DA012252422A
:1025E000BFE72223079A13605B46002B30D06B1E97
:1025F000039804990593E2E72C789D1C002303932C
:1026000080231B0604930123069379E720222B786D
:102610009343582B11D008239A4600230836994635
:102620007FE7302C04D010239A460023994678E7A0
:1026300020222B789343582BF5D110239A46002360
:102640006C789946102602356BE703900491CEE72B
:1026500003980499B6E7C046F13B0310FFFFFF7FE4
:1026600010B5FFF72DFF10BDF0B54546DE465746C5
:102670004E46E0B587B00D000391984608210590BD
:10268000654801922B001C780135025D1142F9D199
:102690002D2C00D188E0002204922B2C67D04346D9
:1026A000002B0FD1302C00D183E0052302935B4B2C
:1026B0009A465B4B99460A23009300239B460A33B4
:1026C000984615E0102B00D185E04246009301208A
:1026D0004042C117DB179B46F0F756FB4246824645
:1026E00089465B4601204042C117F0F74DFB02923C
:1026F00000220020002116E01C00A0451EDD531C16
:102700000FD049453BD801D1504538D8504531D03C
:10271000009A5B46F1F704FA2600E7178019794121
:1027200001222C7801352300303B092BE4D923000A
:10273000413B192B26D8373CA045E0DC531C27D061
:10274000049B002B04D003000C0000215842A1413F
:10275000019B002B04D0002A23D1019B039A1A600D
:1027600007B0F0BCBB46B246A946A046F0BD2C78E7
:102770009D1C94E74945CBD1029B9C42C8DD0122B8
:102780005242CEE72300613B192BD7D8573CB4E720
:102790002223059A01204042C1171360019B002BA0
:1027A000DED06B1E0393D8E72C789D1C0123049385
:1027B00075E720222B789343582B1ED007230293D2
:1027C000083B9A46174B99460823009300239B46E3
:1027D000083398468CE7302C0AD00F230293103B25
:1027E0009A46114B99461023009300239B467FE79E
:1027F00020222B789343582BEFD10F230293103BC9
:102800009A46094B6C7899461023009300239B4607
:102810001033984602356BE7F13B0310999999996B
:1028200099999919FFFFFF1FFFFFFF0F10B5FFF7E1
:102830001BFF10BD70B582B0069C0500002C0BD0AC
:10284000E4260F488659002A0DD028000094B0478E
:10285000431C10D002B070BD0400E4260848F434D4
:102860008659002AF1D1012300212800054A00944D
:10287000B047431CEED1002323608A332B60E9E785
:10288000803200200C74021010B5002100F002F814
:1028900010BDC04610B500F0B9F8040000F0EAF829
:1028A0001A38C0B2022805D900200423093CA342EB
:1028B000404110BD0120FCE7030A30B5DBB2050042
:1028C000C4B2022922D0032903D0803B803CDBB272
:1028D000E4B21A005032D2B21F2A0AD91A0030329A
:1028E000D2B2242A35D83C4A95422FD90120404201
:1028F00030BD3A4A9542F9D83949B03BD801C01A9F
:102900004000A13C00194000405AF1E79E2C0ED92E
:1029100023348022E4B29F2B0ED8703B5B00D31887
:10292000DBB21A005032D2B21F2AD7D8E1E77E3C80
:102930007F22E4B29F2BF0D950335B00D318DBB277
:102940001A005032D2B21F2AC8D8D2E72549D03B4C
:10295000D4E75F33DAB2072AC8D8234B92009B58DA
:102960009F46F12CC2D8214AA13C6000805A002821
:10297000BED10138BCE7D82CB8D81D4AA13C6000B4
:10298000805A0028B4D10138B2E7F62CAED8C02363
:102990009B01E018ACE7F32CA8D8164BE018A7E78A
:1029A000154BE35C002BA1D0144BE018A0E7144AB0
:1029B000A13C6000805A00289AD1013898E7114A5A
:1029C000A13C6000805A93E7C02C00D98EE70E4AE4
:1029D000A13C6000805A8BE7A6F40000D3CF000032
:1029E0007C5D031000430310E0420310E874031001
:1029F0008C750310A02F00005B75031060FE0000B3
:102A00005876031014770310A874031070B50500EE
:102A1000002918D02B31FF310C0020001149FCF7A0
:102A2000C5FA002804D101212800FFF745FF70BD39
:102A300020000D49FCF7BAFA002806D1022128002F
:102A4000FFF73AFFF3E7094CE7E720000849FCF7F6
:102A5000ADFA03002800002BE9D10321FFF72CFF7A
:102A6000E5E7C04648A702104CA70210AA33002091
:102A700054A70210114BF0B598421BD80025104EF8
:102A8000104F02E0551CAE4214DBAB19DA0FD2181E
:102A9000521053009B185B00FB1859885C780902A0
:102AA00021439C886418A042ECD8884204D2561E68
:102AB000AE42EADAFF20F0BD1878FCE7EF010E0025
:102AC000F9080000D0770310F8B5C04600000000F8
:102AD00001B40248844601BC604700BF05030020E2
:102AE00001B40248844601BC604700BFC90B002006
:102AF00001B40248844601BC604700BF19020020AF
:102B000001B40248844601BC604700BF090C0020A4
:102B100001B40248844601BC604700BF3D07002065
:102B200001B40248844601BC604700BF090C002084
:102B300001B40248844601BC604700BFD1000020B8
:102B400001B40248844601BC604700BFDD0100209B
:102B500001B40248844601BC604700BF8F0B0020CF
:102B600001B40248844601BC604700BF69070020E9
:102B700001B40248844601BC604700BFF103002055
:102B800001B40248844601BC604700BF4D0B0020E1
:102B900001B40248844601BC604700BFA90100207F
:102BA00001B40248844601BC604700BF9108002080
:102BB00001B40248844601BC604700BF39080020C8
:102BC00001B40248844601BC604700BF45080020AC
:102BD000ED2A0110192B0110AD2C0110553E0110EA
:102BE000E9330110A53C0110E12B0110352B011038
:102BF000552B0110692B0110151A0110712B0110B2
:102C00004D220110D92A011001150110DD5A0110C1
:082C1000B1020010858D0110D6
:102C180053797374656D20636C6F636B206F6620E6
:102C28002575206B487A2063616E6E6F742062652B
:102C38002065786163746C7920616368696576657D
:102C4800640000005B4D61696E5D205374617274AD
:102C5800696E67204672656552544F5320736368E6
:102C68006564756C657220284350552040203230C9
:102C780030204D487A292E2E2E0D0A0D0A0000000C
:102C8800473A2F5F4769744875622F48575F31305C
:102C98002D496E2D5261636B5F5044552F737263DB
:102CA8002F536F6674776172652F454E45524749B9
:102CB800535F52544F532F7372632F647269766552
:102CC80072732F6932635F6275732E6300000000B0
:102CD80049324342757300005B4D43505D0000006C
:102CE8005B4552524F525D203078253034582025AC
:102CF8007320496E76616C696420726567697374C4
:102D0800657220706172616D733A206932633D2586
:102D18007020616464723D3078253032580D0A00A5
:102D28005B4552524F525D2030782530345820256B
:102D38007320446576696365207265676973747288
:102D4800792066756C6C0D0A000000005B455252D4
:102D58004F525D20307825303458202573204D752A
:102D680074657820637265617465206661696C6555
:102D78006420666F7220616464723D307825303259
:102D8800580D0A005B4552524F525D20307825306D
:102D98003458202573204E554C4C20646576696361
:102DA8006520696E20696E69740D0A005B434154A1
:102DB80032344452565D00005B494E464F5D202533
:102DC800732044726976657220696E697469616CF2
:102DD800697A65640D0A00005B494E464F5D205BC9
:102DE8004554485D20486172647761726520696E58
:102DF800697469616C697A65642028535049204078
:102E080020256C75204D487A290D0A005B494E46ED
:102E18004F5D205B4554485D20504859206C696ED1
:102E28006B2065737461626C69736865640D0A0070
:102E38005B494E464F5D205B4554485D20436869B9
:102E48007020696E697469616C697A65640D0A003D
:102E580025730000307825303478203A20000000AF
:102E68002530325820000000202000002563000093
:102E78000A5B534E4D502052585D0D0A0000000069
:102E88000A5B534E4D502054585D0D0A0000000057
:102E98005B534E4D504452565D0000005B494E4610
:102EA8004F5D202573207265616479206F6E20550F
:102EB800445020736F636B65742025752C20706FE8
:102EC80072742025750D0A005B484C573830333230
:102ED8005D0000005B494E464F5D20257320434846
:102EE8002575206173796E63207A65726F2063613E
:102EF8006C6962726174696F6E3A20566F66663DDE
:102F0800252E33665620496F66663D252E33664169
:102F18000D0A00005B494E464F5D2025732043484B
:102F28002575206173796E6320766F6C74616765AF
:102F38002063616C6962726174696F6E3A205646EB
:102F48003D252E336620287265663D252E3266564D
:102F5800290D0A005B494E464F5D202573204348E2
:102F68002575206173796E632063757272656E745E
:102F78002063616C6962726174696F6E3A204346BE
:102F88003D252E366620287265663D252E3366411E
:102F98002C20496F66663D252E336641290D0A00AF
:102FA8005B494E464F5D20257320434825752061B7
:102FB80073796E632063616C6962726174696F6EA4
:102FC80020636F6D706C6574650D0A007A65726FA9
:102FD80000000000766F6C7461676500637572723B
:102FE800656E7428616C6C2900000000756E6B6E4C
:102FF8006F776E0063757272656E742873696E6799
:103008006C6529005B494E464F5D2025732041734E
:10301800796E632063616C69623A206D6F76696EC0
:103028006720746F20434825750D0A005B494E469A
:103038004F5D202573204173796E632025732063CB
:10304800616C6962726174696F6E20636F6D706C18
:103058006574653A202575206F6B2C2025752066D0
:1030680061696C65640D0A005B494E464F5D202519
:1030780073204C6F6164696E672063616C6962726A
:103088006174696F6E2066726F6D20454550524FAE
:103098004D2E2E2E0D0A00005B494E464F5D202511
:1030A800732043616C6962726174696F6E206C6F22
:1030B800616420636F6D706C6574650D0A000000B3
:1030C8005B494E464F5D20257320496E69746961DE
:1030D8006C697A696E6720484C57383033322064FF
:1030E80072697665722E2E2E0D0A00005B494E46D7
:1030F8004F5D20257320496E697469616C697A6136
:1031080074696F6E20636F6D706C6574650D0A006D
:103118005B5741524E494E475D20257320417379D4
:103128006E632063616C6962726174696F6E20619D
:103138006C726561647920696E2070726F67726560
:1031480073730D0A000000005B494E464F5D202551
:1031580073204173796E63207A65726F2063616CA6
:103168006962726174696F6E2073746172746564E8
:1031780020666F7220616C6C206368616E6E656C8E
:1031880073202830562F3041290D0A005B494E46DE
:103198004F5D20257320456E7375726520616C6CD8
:1031A8002072656C617973204F464620616E6420F9
:1031B8006E6F206C6F61640D0A0000005B494E461B
:1031C8004F5D202573204173796E63207A65726F95
:1031D8002063616C6962726174696F6E20737461D7
:1031E8007274656420666F72204348257520283004
:1031F800562F3041290D0A005B494E464F5D202568
:103208007320456E73757265206368616E6E656CB8
:10321800202575206973204F464620616E6420750D
:103228006E6C6F616465640D0A0000005B494E4670
:103238004F5D202573204173796E6320766F6C741F
:103248006167652063616C6962726174696F6E2081
:103258007374617274656420666F7220616C6C208F
:103268006368616E6E656C732028252E3166562C56
:10327800203041290D0A00005B494E464F5D20254C
:103288007320456E7375726520616C6C206368618C
:103298006E6E656C73207365652073616D65207350
:1032A8007461626C65206D61696E7320766F6C74F1
:1032B8006167650D0A0000005B494E464F5D202599
:1032C80073204173796E6320766F6C746167652033
:1032D80063616C6962726174696F6E207374617284
:1032E80074656420666F7220434825752028252E52
:1032F8003166562C203041290D0A00005B494E46A4
:103308004F5D20257320456E737572652063686173
:103318006E6E656C20257520736565732073746106
:10332800626C65206D61696E7320766F6C7461677D
:10333800650D0A005B494E464F5D20257320417399
:10334800796E632063757272656E742063616C694F
:1033580062726174696F6E2073746172746564203F
:10336800666F72206368616E6E656C202575202813
:10337800497265663D252E336641290D0A00000015
:103388005B494E464F5D20257320456E7375726507
:10339800206368616E6E656C2025752068617320F6
:1033A800746865206D65617375726564206C6F6102
:1033B800642063757272656E740D0A005B494E462F
:1033C8004F5D202573204173796E63206375727297
:1033D800656E742063616C6962726174696F6E20D6
:1033E8007374617274656420666F7220414C4C205E
:1033F8006368616E6E656C732028497265663D2549
:103408002E336641290D0A005B494E464F5D202543
:103418007320456E73757265206561636820636803
:10342800616E6E656C2068617320746865206D65D7
:103438006173757265642063757272656E74207746
:1034480068656E2070726F6D707465640D0A000097
:10345800594553004E4F00002573204348257520D9
:1034680043616C6962726174696F6E3A0D0A00009B
:10347800202056463D252E33662043463D252E36D0
:10348800660D0A002020566F66663D252E3366209D
:10349800496F66663D252E33660D0A00202052319D
:1034A8003D252E30662052323D252E30662052733F
:1034B80068756E743D252E36660D0A00202043611E
:1034C8006C696272617465643D2573205A65726F18
:1034D80043616C3D25730D0A0000000025733D0013
:1034E800095B44454255475D205B494E464F5D2088
:1034F8003D3D3D3D3D3D3D3D3D3D3D3D3D3D3D3DF4
:103508003D3D3D3D3D3D3D3D3D3D3D3D3D3D3D3DE3
:103518003D3D3D3D3D3D3D3D0D0A0000095B4445B7
:103528004255475D205B494E464F5D205B496E69B9
:10353800745461736B5D204561726C7920736E61A0
:103548007073686F743A203C6E6F6E653E0D0A00AA
:10355800095B44454255475D205B494E464F5D2017
:103568005B496E69745461736B5D204561726C7957
:1035780020736E617073686F742064756D703A0D96
:103588000A000000095B44454255475D205B494EEF
:10359800464F5D202020626F6F74733D256C752047
:1035A8007261773D30782530386C580D0A0000007C
:1035B800095B44454255475D205B494E464F5D20B7
:1035C800202077645F736372617463685B302E2EAA
:1035D800375D3A0D0A000000095B44454255475DD6
:1035E800205B494E464F5D2020202020303D30781A
:1035F8002530386C5820313D30782530386C5820CB
:10360800323D30782530386C5820333D30782530BD
:10361800386C580D0A000000095B44454255475D67
:10362800205B494E464F5D2020202020343D3078D5
:103638002530386C5820353D30782530386C582086
:10364800363D30782530386C5820373D3078253075
:10365800386C580D0A00000052544F5320686F6FA1
:103668006B0000005B506F7765724D67725D0000FC
:103678005B494E464F5D20257320506F7765722059
:103688006D616E6167657220696E697469616C69E4
:103698007A6564202873746174653D52554E290D0E
:1036A8000A0000005B494E464F5D20257320456E99
:1036B800746572696E67205354414E444259206DB7
:1036C8006F64650D0A0000005B494E464F5D20257A
:1036D80073205354414E444259206D6F64652061F4
:1036E80063746976650D0A005B494E464F5D202577
:1036F800732045786974696E67205354414E44427B
:1037080059206D6F64650D0A000000005B494E4644
:103718004F5D2025732052554E206D6F64652061E2
:1037280063746976652C206E6574776F726B207789
:10373800696C6C207265696E697469616C697A6517
:103748000D0A00005769656E000000006476696420
:103758006D616B65737468696E677340676D6169E5
:103768006C2E636F6D000000454E4552474953204B
:103778003130494E204D414E414745442050445533
:103788000000000025752E25752E25752E2575003F
:10379800253032583A253032583A253032583A25B1
:1037A8003032583A253032583A2530325800000025
:1037B8005B5741524E494E475D203078253034588A
:1037C800205B534E4D505D20416C6C4F6E206661FE
:1037D800696C65640D0A00005B5741524E494E47BB
:1037E8005D20307825303458205B534E4D505D2095
:1037F800416C6C4F6666206661696C65640D0A00F1
:10380800252E326600000000252E336600000000D9
:10381800252E316600000000256C7500252E3566C2
:10382800000000004F4B00004F7665726C6F6164BA
:103838000000000048692D5A00000000556E6B6EAC
:103848006F776E00312E313000000000312E383095
:1038580000000000332E3330000000005B4F435F50
:1038680050524F545D0000005B494E464F5D202585
:103878007320545249503A205475726E696E67200D
:103888004F4646206368616E6E656C20257520641E
:10389800756520746F206F76657263757272656ED8
:1038A800740D0A005B494E464F5D20257320545223
:1038B80049503A205475726E696E67204F4646200B
:1038C800414C4C206368616E6E656C7320286E6F86
:1038D800206C6173742D6F6E20747261636B696EF6
:1038E80067290D0A0000000045550000554E4B4E53
:1038F8004F574E005B494E464F5D20257320496E59
:10390800697469616C697A6564202825733A202591
:103918002E316641206C696D69742C207761726E56
:103928003D252E3266412C20637269743D252E3266
:1039380066412C20726563763D252E326641290D3D
:103948000A0000005B494E464F5D20257320524512
:10395800434F564552593A2043757272656E74202A
:10396800252E326641203C20252E3266412C2073BC
:103978007769746368696E6720554E4C4F434B45B1
:10398800440D0A005B494E464F5D202573204D418A
:103998004E55414C2052455345543A204C6F636B69
:1039A8006F757420636C6561726564206279206F3D
:1039B80070657261746F720D0A0000005B494E49B0
:1039C800545D00005B494E464F5D202573204750EB
:1039D800494F20636F6E666967757265640D0A00EA
:1039E8005B494E464F5D202573204932432062755E
:1039F80073657320696E697469616C697A65640DB1
:103A08000A0000005B494E464F5D20257320535045
:103A18004920696E697469616C697A656420666FAA
:103A2800722057353530300D0A0000005B494E468C
:103A38004F5D2025732041444320696E6974696194
:103A48006C697A65640D0A005B494E464F5D202516
:103A580073202573206465746563746564206174DC
:103A6800203078253032580D0A0000005B494E4658
:103A78004F5D202573202573204E4F5420646574B4
:103A88006563746564206174203078253032580D80
:103A98000A00000052656C6179204D435032333082
:103AA80031370000446973706C6179204D4350329E
:103AB800333031370000000053656C656374696FFB
:103AC8006E204D4350323330313700005B494E464B
:103AD8004F5D20257320416C6C204D4350323330AC
:103AE8003137732064657465637465640D0A00007A
:103AF800454550524F4D20434154323443323536B8
:103B0800000000005B494E464F5D20257320436846
:103B180065636B696E6720666F7220737461727477
:103B2800757020636F6E66696775726174696F6E10
:103B38002E2E2E0D0A0000005B494E464F5D2025B3
:103B480073204E6F20737461727475702070726583
:103B580073657420636F6E66696775726564202D7E
:103B68002072656C6179732073746179204F4646C1
:103B78000D0A00005B5741524E494E475D202573A0
:103B8800204661696C656420746F207265616420E9
:103B98007374617274757020707265736574202512
:103BA800750D0A005B5741524E494E475D202573FB
:103BB8002053746172747570207072657365742017
:103BC800257520697320656D7074790D0A000000F1
:103BD8005B494E464F5D202573204170706C7969B2
:103BE8006E67207374617274757020707265736586
:103BF800742025753A202725732720286D61736B5B
:103C08003D307825303258290D0A00005B57415263
:103C18004E494E475D202573204661696C656420D6
:103C2800746F206170706C79207374617274757030
:103C3800207072657365740D0A0000005B494E467A
:103C48004F5D2020202020434825753A204F4E0DF7
:103C58000A0000005B494E464F5D202573204170E5
:103C6800706C696564207374617274757020636F19
:103C78006E66696775726174696F6E202825752094
:103C88006368616E6E656C73204F4E290D0A0000E3
:103C98005B494E464F5D202573203D3D3D3D3D200F
:103CA800506861736520313A2048617264776172A7
:103CB8006520496E6974203D3D3D3D3D0D0A0D0A64
:103CC800000000005B494E464F5D202573203D3DB6
:103CD8003D3D3D20506861736520323A2050657241
:103CE8006970686572616C2050726F62696E6720D6
:103CF8003D3D3D3D3D0D0A005B494E464F5D20254B
:103D080073203D3D3D3D3D20506861736520333A49
:103D18002053756273797374656D204272696E679A
:103D28002D7570202864657465726D696E69737489
:103D3800696329203D3D3D3D3D0D0A005B494E46E6
:103D48004F5D202573204C6F676765725461736BF4
:103D58002072656164790D0A000000005B494E46D7
:103D68004F5D20257320436F6E736F6C65546173CC
:103D78006B2072656164790D0A0000005B494E464C
:103D88004F5D2025732053746F72616765546173AA
:103D98006B2072656164790D0A0000005B494E462C
:103DA8004F5D202573205377697463685461736B82
:103DB8002072656164790D0A000000005B494E4677
:103DC8004F5D20257320427574746F6E5461736B58
:103DD8002072656164790D0A000000005B494E4657
:103DE8004F5D202573204E65745461736B20726596
:103DF8006164790D0A0000005B494E464F5D20253D
:103E080073204D657465725461736B2072656164CB
:103E1800790D0A005B494E464F5D202573203D3DD4
:103E28003D3D3D20506861736520343A20436F6EF4
:103E380066696775726174696F6E204C6F61642082
:103E48003D3D3D3D3D0D0A005B494E464F5D2025F9
:103E5800732053746F7261676520636F6E6669675C
:103E68002072656164790D0A000000005B494E46C6
:103E78004F5D202573205361766564204E65747705
:103E88006F726B20636F6E6669673A200D0A0000D7
:103E98005B494E464F5D20202020202020202020F6
:103EA8002020202020202020495020203A2025753D
:103EB8002E25752E25752E25750D0A005B494E4653
:103EC8004F5D20202020202020202020202020207E
:103ED80020202020534D20203A2025752E25752E90
:103EE80025752E25750D0A005B494E464F5D20202D
:103EF80020202020202020202020202020202020BA
:103F0800475720203A2025752E25752E25752E25F4
:103F1800750D0A005B494E464F5D20202020202069
:103F2800202020202020202020202020444E532004
:103F38003A2025752E25752E25752E25750D0A0016
:103F48005B494E464F5D202573203D3D3D3D3D205C
:103F58004170706C79696E67205374617274757002
:103F680020436F6E66696775726174696F6E203D74
:103F78003D3D3D3D0D0A00005B494E464F5D202505
:103F880073203D3D3D3D3D2046696E616C697A6117
:103F980074696F6E3A20656E746572696E67203D4C
:103FA8003D3D3D3D0D0A00004C6F6767657200009E
:103FB8004C6F676765725461736B0000436F6E7373
:103FC8006F6C6500436F6E736F6C655461736B0043
:103FD80053746F726167650053746F7261676554DB
:103FE80061736B00427574746F6E5461736B00007B
:103FF8005377697463685461736B00004E6574008D
:104008004E65745461736B004D65746572546173C9
:104018006B0000005B494E464F5D202573205761B9
:104028006974696E6720666F72204D6574657220C9
:10403800746F206265207265616479206265666FBD
:104048007265207374617274696E67204865616C6B
:1040580074682E2E2E0D0A005B494E464F5D2025B2
:1040680073203D3D3D3D3D3D3D3D3D3D3D3D3D3D5F
:104078003D3D3D3D3D3D3D3D3D3D3D3D3D3D3D3D68
:104088003D3D3D3D3D0D0A005B494E464F5D2025B7
:104098007320094372617368206C6F67733A0D0A65
:1040A800000000005B494E464F5D202573203D3DD2
:1040B8003D3D3D3D3D3D3D3D3D3D3D3D3D3D3D3D28
:1040C8003D3D3D3D3D3D3D3D3D3D3D3D3D3D3D3D18
:1040D8003D0D0A0D0A0000005B494E464F5D203D2C
:1040E8003D3D3D3D3D3D3D3D3D3D3D3D3D3D3D3DF8
:1040F8003D3D3D3D3D3D3D3D3D3D3D3D3D3D3D3DE8
:104108003D3D3D3D3D3D3D0D0A0000005B494E46AD
:104118004F5D20202020202020202020454E455281
:10412800474953203130494E204D414E414745447F
:1041380020504455202020202020200D0A00000077
:10414800312E312E300000005B494E464F5D20462F
:1041580069726D776172653A2025730D0A00000057
:104168005B494E464F5D2053657269616C3A202564
:10417800730D0A005B494E464F5D203D3D3D3D3D78
:104188003D3D3D3D3D3D3D3D3D3D3D3D3D3D3D3D57
:104198003D3D3D3D3D3D3D3D3D3D3D3D3D3D3D3D47
:1041A8003D3D3D0D0A0D0A005B494E464F5D2020FE
:1041B800202020202020202020202020202053598B
:1041C8005354454D20524541445920202020202059
:1041D800202020202020200D0A000000496E69744C
:1041E8005461736B000000005B4C4F474745525DBC
:1041F80000000000095B4543484F5D2025732054AB
:1042080061736B20737461727465640D0A00000039
:10421800095B4543484F5D203D3D3D20454E455295
:104228004749532050445520436F6E736F6C652087
:10423800436F6D6D616E6473203D3D3D0A00000063
:10424800095B4543484F5D2047454E4552414C2048
:10425800434F4D4D414E44530A00000053686F7759
:1042680020617661696C61626C6520636F6D6D6158
:104278006E647320616E642073796E7461780000D7
:1042880048454C5000000000095B4543484F5D20FD
:10429800252D3332732025730A00000053686F7789
:1042A8002073797374656D20696E666F726D6174C1
:1042B800696F6E00535953494E464F0053686F77E4
:1042C800204D43552074656D706572617475726513
:1042D800000000004745545F54454D500000000061
:1042E8005265626F6F7420746865205044552028A9
:1042F8006E6574776F726B206368616E6765732093
:1043080074616B65206566666563742061667465B3
:1043180072207265626F6F742900000050757420F6
:10432800746865204D435520696E746F20626F6F05
:1043380074206D6F64650000424F4F5453454C0024
:10434800436C65617220616C6C206572726F727368
:1043580000000000434C525F45525200526573748E
:104368006F726520666163746F7279207365747407
:10437800696E67730000000052465300095B4543AD
:10438800484F5D204F555450555420434F4E54527A
:104398004F4C20414E44204D4541535552454D45C3
:1043A8004E540A00536574206368616E6E656C2014
:1043B80028312D382920746F20307C317C4F4E7C79
:1043C8004F46467C414C4C005345545F4348203C83
:1043D80063683E203C53544154453E005265616435
:1043E8002063757272656E74207374617465206FD2
:1043F80066206368616E6E656C2028312D387C41BB
:104408004C4C29004745545F4348203C63683E00B4
:1044180053686F77206F76657263757272656E7414
:104428002070726F74656374696F6E207374617441
:10443800757300004F435F535441545553000000B7
:104448004D616E75616C6C7920636C656172206F6B
:1044580076657263757272656E74206C6F636B6FCC
:10446800757400004F435F524553455400000000E7
:104478005265616420706F77657220646174612091
:10448800666F7220616C6C206368616E6E656C7318
:1044980000000000524541445F484C5738303332E1
:1044A800000000005265616420706F7765722064B7
:1044B80061746120666F72206368616E6E656C203E
:1044C80028312D3829000000524541445F484C5797
:1044D80038303332203C63683E0000005374617208
:1044E800742063616C6962726174696F6E206F6EAB
:1044F800206368616E6E656C2028312D382920771D
:1045080069746820676976656E20562F4900000037
:1045180043414C494252415445203C63683E203C4B
:10452800563E203C493E00005A65726F2D63616C0F
:10453800696272617465206F6E65206368616E6E72
:10454800656C206F7220414C4C0000004155544F5F
:104558005F43414C5F5A45524F205B63687C414C36
:104568004C5D0000566F6C746167652D63616C6902
:104578006272617465206F6E65206368616E6E6536
:104588006C206F7220414C4C20283041206173739D
:10459800756D6564290000004155544F5F43414CD7
:1045A8005F56203C766F6C746167653E205B63687C
:1045B8007C414C4C5D00000043757272656E742D31
:1045C80063616C6962726174652061206368616E01
:1045D8006E656C2C206F7220414C4C207365717590
:1045E800656E7469616C6C79000000004155544F28
:1045F8005F43414C5F49203C63757272656E743E3F
:10460800203C63687C414C4C3E00000053686F7747
:104618002063616C6962726174696F6E2064617491
:10462800612028312D387C414C4C290053484F5784
:104638005F43414C4942203C63683E00095B454367
:10464800484F5D204E4554574F524B2053455454C4
:10465800494E47530A000000446973706C61792021
:1046680063757272656E742049502C207375626E82
:104678006574206D61736B2C20676174657761794F
:1046880020616E6420444E53000000004E4554499A
:104698004E464F00536574207374617469632049F2
:1046A800502061646472657373202872657175693E
:1046B800726573207265626F6F7429005345545F89
:1046C8004950203C69703E00536574207375626ED2
:1046D8006574206D61736B005345545F534E203CE5
:1046E8006D61736B3E0000005365742064656661FC
:1046F800756C742067617465776179005345545F00
:104708004757203C67773E0053657420444E53203A
:1047180073657276657200005345545F444E5320AA
:104728003C646E733E000000436F6E666967757285
:104738006520616C6C206E6574776F726B20736591
:104748007474696E67730000434F4E4649475F4E65
:104758004554574F524B203C697024736E24677739
:1047680024646E733E000000095B4543484F5D209A
:10477800444542554720434F4D4D414E44530A004E
:10478800526561642031325620737570706C7920DF
:104798007261696C000000004745545F53555050E2
:1047A8004C5900005265616420555342207375705E
:1047B800706C79207261696C000000004745545F95
:1047C8005553420043616C696272617465204D43C0
:1047D800552074656D7065726174757265207365B6
:1047E8006E736F720000000043414C49425F5445AC
:1047F8004D50203C31507C32503E203C54313E20BC
:104808003C54323E205B574149545D00456E7175FA
:1048180065756520666F726D6174746564204545C1
:1048280050524F4D2064756D7000000044554D5036
:104838005F454550524F4D0044756D70206572724A
:104848006F72206576656E74206C6F67207265677D
:10485800696F6E00524541445F4552524F52000005
:1048680044756D70207761726E696E672065766534
:104878006E74206C6F6720726567696F6E00000048
:10488800524541445F5741524E494E47000000008F
:10489800436C656172206572726F72206576656E11
:1048A80074206C6F6720726567696F6E0000000086
:1048B800434C4541525F4552524F5200436C65612B
:1048C80072207761726E696E67206576656E7420F6
:1048D8006C6F6720726567696F6E0000434C4541D5
:1048E800525F5741524E494E47000000457261736E
:1048F8006520454550524F4D2028666163746F729C
:104908007920776970653B207265626F6F742072D9
:10491800657175697265642900000000424141446F
:104928004341464500000000095B4543484F5D2070
:1049380050524F564953494F4E494E4720434F4DC9
:104948004D414E44530A000053686F772070726FD0
:10495800766973696F6E696E6720636F6D6D616EDE
:104968006473000050524F5600000000556E6C6F83
:10497800636B2070726F766973696F6E696E6720FA
:1049880028746F6B656E3D68657820737472696E04
:104998006729000050524F5620554E4C4F434B202C
:1049A8003C746F6B656E3E004C6F636B2070726F6A
:1049B800766973696F6E696E6700000050524F56D2
:1049C800204C4F434B0000005365742064657669A2
:1049D80063652073657269616C206E756D626572BE
:1049E8000000000050524F56205345545F534E204C
:1049F8003C73657269616C3E000000005365742069
:104A080064657669636520726567696F6E20283111
:104A180030412F313541290050524F5620534554CB
:104A28005F524547494F4E203C45557C55533E0003
:104A380053686F772070726F766973696F6E696EED
:104A480067207374617475730000000050524F56EC
:104A58002053544154555300095B4543484F5D204A
:104A68003D3D3D3D3D3D3D3D3D3D3D3D3D3D3D3D6E
:104A78003D3D3D3D3D3D3D3D3D3D3D3D3D3D3D3D5E
:104A88003D3D3D3D3D3D3D3D3D3D3D3D3D3D3D3D4E
:104A98003D3D3D3D3D3D3D3D3D3D3D0A0000000065
:104AA800095B4543484F5D2043414C4942524154BC
:104AB8004520697320646570726563617465642E4E
:104AC8000D0A0000095B4543484F5D20557365207A
:104AD8004155544F5F43414C5F5A45524F2028304F
:104AE800562F30412920616E64204155544F5F4351
:104AF800414C5F56203C766F6C746167653E206957
:104B08006E73746561642E0D0A000000095B4543ED
:104B1800484F5D205265626F6F74696E67207379C4
:104B28007374656D2E2E2E0A00000000434C492038
:104B38005245424F4F540000095B4543484F5D20A2
:104B48004572726F72204C454420636C65617265D2
:104B5800640A0000095B4543484F5D2044696520AD
:104B680054656D70657261747572653A20252E32D0
:104B78006620C2B0432028414443207261773D2516
:104B880075290A00095B4543484F5D204469652043
:104B980054656D70657261747572653A204E2F4167
:104BA800202874656C656D65747279206E6F742049
:104BB8007265616479290A00095B4543484F5D20A5
:104BC80031325620537570706C793A20252E326632
:104BD80020560A00095B4543484F5D203132562074
:104BE800537570706C793A204E2F41202874656C8B
:104BF800656D65747279206E6F7420726561647971
:104C0800290A0000095B4543484F5D20555342205F
:104C1800537570706C793A20252E326620560A003A
:104C2800095B4543484F5D205553422053757070CA
:104C38006C793A204E2F41202874656C656D657437
:104C48007279206E6F74207265616479290A000098
:104C5800095B4543484F5D203D3D3D2053797374C2
:104C6800656D20496E666F726D6174696F6E203D67
:104C78003D3D0A00095B4543484F5D203D3D3D20D1
:104C8800446576696365204964656E746974792042
:104C98003D3D3D0A00000000095B4543484F5D204B
:104CA8004465766963652053657269616C3A203C96
:104CB8006E6F742070726F766973696F6E65643E8B
:104CC8000A000000095B4543484F5D20526567694B
:104CD8006F6E3A2020202020202020554E4B4E4F2A
:104CE800574E0A00095B4543484F5D2050726F7666
:104CF8006973696F6E65643A2020204E6F0A0A0056
:104D0800095B4543484F5D204465766963652053D8
:104D1800657269616C3A2025730A0000095B454396
:104D2800484F5D20526567696F6E3A202020202029
:104D380020202025730A0000095B4543484F5D2069
:104D480050726F766973696F6E65643A20202059D6
:104D580065730A00095B4543484F5D2043757272CD
:104D6800656E74204C696D69743A20252E31662071
:104D7800410A0A00095B4543484F5D203D3D3D20FF
:104D88004669726D7761726520496E666F203D3D98
:104D98003D0A0000095B4543484F5D204669726D36
:104DA800776172652056657273696F6E3A20257354
:104DB8000A000000095B4543484F5D204861726462
:104DC800776172652056657273696F6E3A20257334
:104DD8000A0A0000095B4543484F5D203D3D3D20E0
:104DE800436C6F636B73203D3D3D0A00095B45438F
:104DF800484F5D20435055203A20252E3266204DDD
:104E0800487A0A00095B4543484F5D2055534220C4
:104E18003A20252E3266204D487A0A00095B454320
:104E2800484F5D20504552493A20252E3266204D84
:104E3800487A0A00095B4543484F5D2041444320B6
:104E48003A20252E3266204D487A0A0A00000000D2
:104E5800095B4543484F5D20493243302053706514
:104E68006564203A20252E3266204D487A0A0000D3
:104E7800095B4543484F5D204932433120537065F3
:104E88006564203A20252E3266204D487A0A0000B3
:104E9800095B4543484F5D205350493020537065A6
:104EA8006564203A20252E3266204D487A0A0A0089
:104EB800095B4543484F5D20436F726520566F6C10
:104EC800746167653A20252E32662056202876734D
:104ED800656C3D256C75290A0A000000095B45438D
:104EE800484F5D203D3D3D2054656C656D6574728D
:104EF80079203D3D3D0A0000095B4543484F5D2050
:104F080055534220566F6C74616765203A20252EF0
:104F1800326620560A000000095B4543484F5D2071
:104F280031325620537570706C7920203A20252E26
:104F3800326620560A000000095B4543484F5D2051
:104F48004469652054656D70202020203A20252E64
:104F5800326620430A000000095B4543484F5D2044
:104F680054656C656D65747279206E6F7420726516
:104F78006164790A00000000095B4543484F5D20E1
:104F88003D3D3D3D3D3D3D3D3D3D3D3D3D3D3D3D49
:104F98003D3D3D3D3D3D3D3D0A0A0000095B454321
:104FA800484F5D20456E746572696E6720424F4FA9
:104FB8005453454C206D6F6465206E6F772E2E2EEE
:104FC8000A00000025642E25642E25642E25640021
:104FD8004F464600253135732025313573000000D2
:104FE800095B4543484F5D204552524F523A204F86
:104FF80076657263757272656E74206C6F636B6F21
:10500800757420616374697665202D2063616E6E06
:105018006F74207475726E206368616E6E656C7350
:10502800204F4E0A00000000095B4543484F5D20B1
:10503800557365204F435F53544154555320666F51
:10504800722064657461696C732C204F435F52450C
:1050580053455420746F20636C6561722028616623
:10506800746572207265647563696E67206C6F6120
:1050780064290A00095B4543484F5D20416C6C2058
:105088006368616E6E656C732073657420746F203D
:1050980025730A00095B4543484F5D204552524F2E
:1050A800523A204F76657263757272656E74206C21
:1050B8006F636B6F757420616374697665202D204A
:1050C80063616E6E6F74207475726E206368616EB2
:1050D8006E656C202564204F4E0A0000095B45432D
:1050E800484F5D2043482564203D2025730A000071
:1050F800095B4543484F5D20434825643A202573A2
:105108000D0A0000256400004E4F524D414C00002E
:105118005741524E494E4700435249544943414C26
:10512800000000004C4F434B4F555400414C4C4F2E
:1051380057454400424C4F434B454400095B4543A7
:10514800484F5D204552524F523A204661696C657E
:105158006420746F20676574206F7665726375725A
:1051680072656E74207374617475730A00000000B0
:10517800095B4543484F5D203D3D3D204F766572B4
:1051880063757272656E742050726F7465637469AA
:105198006F6E20537461747573203D3D3D0A0000A5
:1051A800095B4543484F5D20526567696F6E3A2039
:1051B8002020202020202020202045552028494537
:1051C800432F454E4543290A00000000095B45432B
:1051D800484F5D20526567696F6E3A202020202075
:1051E80020202020202055532028554C2F43534160
:1051F800290A0000095B4543484F5D2052656769ED
:105208006F6E3A2020202020202020202020554E7C
:105218004B4E4F574E0A0000095B4543484F5D20EF
:1052280043757272656E74204C696D69743A2020FA
:105238002020252E316620410A000000095B4543E5
:10524800484F5D205761726E696E672054687265B9
:1052580073683A202020252E3266204120284C6988
:105268006D6974202D20252E3266290A0000000061
:10527800095B4543484F5D20437269746963616CFB
:10528800205468726573683A2020252E32662041C2
:1052980020284C696D6974202D20252E3266290A34
:1052A80000000000095B4543484F5D205265636F6D
:1052B80076657279205468726573683A2020252EC5
:1052C8003266204120284C696D6974202D20252ED6
:1052D8003266290A00000000095B4543484F5D20FB
:1052E8000A000000095B4543484F5D20546F746114
:1052F8006C2043757272656E743A20202020252E2A
:10530800326620410A000000095B4543484F5D2092
:1053180050726F74656374696F6E2053746174653D
:105328003A2025730A000000095B4543484F5D2079
:10533800537769746368696E673A202020202020BB
:10534800202025730A000000095B4543484F5D2073
:105358005472697020436F756E743A2020202020A3
:105368002020256C750A0000095B4543484F5D20E5
:105378004C617374207365742043483A20202020C0
:10538800202025750A000000095B4543484F5D2031
:105398004C61737420547269703A202020202020B8
:1053A8002020256C75207365636F6E6473206167B8
:1053B8006F0A0000095B4543484F5D204F4B3A2078
:1053C8004F76657263757272656E74206C6F636B6D
:1053D8006F757420636C65617265640A0000000073
:1053E800095B4543484F5D205741524E494E473A65
:1053F80020566572696679206C6F616420686173F4
:10540800206265656E2072656475636564206265F7
:10541800666F72652072652D656E61626C696E6774
:10542800206368616E6E656C730A0000095B454312
:10543800484F5D20494E464F3A2053797374656D45
:10544800206973206E6F7420696E206C6F636B6FB8
:1054580075742073746174650A000000095B454324
:10546800484F5D20434825753A20563D252E326623
:1054780020562C20493D252E336620412C20503DB6
:10548800252E326620570A0A00000000095B4543B2
:10549800484F5D20434825753A204E6F2076616C51
:1054A80069642074656C656D6574727920646174D3
:1054B8006120617661696C61626C650A0A000000AE
:1054C800095B4543484F5D20434825753A20563DC2
:1054D800252E326620562C20493D252E3366204144
:1054E8002C20503D252E326620570A00095B454383
:1054F800484F5D20434825753A204E6F2076616CF1
:1055080069642074656C656D657472792064617472
:105518006120617661696C61626C650A0000000057
:10552800095B4543484F5D203D3D3D3D3D3D3D3D8B
:105538003D3D3D3D3D3D3D3D3D3D3D3D3D3D3D3D93
:105548003D3D3D3D3D3D3D3D3D3D3D3D3D3D3D3D83
:105558000A000000095B4543484F5D202020415563
:10556800544F205A45524F2D504F494E54204341D5
:105578004C4942524154494F4E20284153594E43B9
:10558800290A0000095B4543484F5D204368616E66
:105598006E656C2028636F6E736F6C65293A2025E1
:1055A800640A0000095B4543484F5D204368616E0B
:1055B8006E656C2028696E7465726E616C293A207C
:1055C80025640A00095B4543484F5D20436F6E64BC
:1055D8006974696F6E2020202020202020203A2026
:1055E8003056202F2030410A00000000095B454357
:1055F800484F5D20456E7375726520746865207329
:10560800656C6563746564206368616E6E656C20A3
:105618006973204F464620616E6420756E6C6F6119
:105628006465642E0A000000095B4543484F5D200D
:105638003D3D3D3D3D3D3D3D3D3D3D3D3D3D3D3D92
:105648003D3D3D3D3D3D3D3D3D3D3D3D3D3D3D3D82
:105658003D3D3D3D3D3D3D3D0A0A0000095B45435A
:10566800484F5D2055736167653A204155544F5F37
:1056780043414C5F5A45524F205B63687C414C4C18
:105688005D0D0A00095B4543484F5D204578616D13
:10569800706C653A204155544F5F43414C5F5A4501
:1056A800524F20330D0A0000095B4543484F5D20E7
:1056B80043616C6962726174696E6720616C6C2009
:1056C80038206368616E6E656C73202830562C2014
:1056D8003041290A00000000095B4543484F5D201E
:1056E800456E7375726520616C6C206368616E6EBF
:1056F800656C7320617265204F46462F6469736339
:105708006F6E6E65637465640A000000095B45434B
:10571800484F5D2043616C6962726174696F6E20E5
:1057280077696C6C2072756E20696E206261636B9C
:1057380067726F756E643B20636865636B0A20004F
:10574800095B4543484F5D206C6F6720666F722088
:105758007065722D6368616E6E656C207265737515
:105768006C74732E0A000000095B4543484F5D20A6
:105778004552524F523A20436F756C64206E6F74D5
:10578800207374617274207A65726F2D706F696E00
:10579800742063616C6962726174696F6E2028613C
:1057A8006C72656164792072756E6E696E673F29E7
:1057B8002E0D0A00095B4543484F5D204173796E01
:1057C80063207A65726F2063616C696272617469C3
:1057D8006F6E20737461727465642E0D0A00000088
:1057E800095B4543484F5D204552524F523A20438A
:1057F8006F756C64206E6F7420737461727420739B
:10580800696E676C652D6368616E6E656C207A657C
:10581800726F2063616C6962726174696F6E2E0DBC
:105828000A000000095B4543484F5D204173796ECB
:1058380063207A65726F2063616C69627261746952
:105848006F6E207374617274656420666F72204392
:105858004825642E0D0A000020090000095B454315
:10586800484F5D204552524F523A20496E76616C3E
:105878006964206368616E6E656C2E2055736520BF
:10588800312E2E38206F7220414C4C2E0D0A00000C
:10589800095B4543484F5D204552524F523A2049D3
:1058A8006E76616C6964207265666572656E6365A3
:1058B80020766F6C746167652E0D0A00095B45439D
:1058C800484F5D2020204155544F20564F4C54419D
:1058D80047452043414C4942524154494F4E2028A4
:1058E8004153594E43290A00095B4543484F5D20FF
:1058F80043616C6962726174696E6720616C6C20C7
:1059080038206368616E6E656C732028252E3166B9
:10591800562C203041290A00095B4543484F5D2039
:10592800456E7375726520616C6C206368616E6E7C
:10593800656C732068617665207468652073616D95
:105948006520737461626C65206D61696E73207681
:105958006F6C746167650A00095B4543484F5D20B9
:1059680043616C6962726174696F6E2077696C6CEF
:105978002072756E20696E206261636B67726F7545
:105988006E643B20636865636B206C6F6720666F8D
:1059980072207065722D6368616E6E656C20726529
:1059A80073756C74732E0A00095B4543484F5D207C
:1059B8004552524F523A20436F756C64206E6F7493
:1059C80020737461727420766F6C746167652063EC
:1059D800616C6962726174696F6E2028616C7265AE
:1059E8006164792072756E6E696E673F292E0D0AA3
:1059F80000000000095B4543484F5D204173796E04
:105A08006320766F6C746167652063616C6962728C
:105A18006174696F6E20737461727465642E0D0A07
:105A280000000000095B4543484F5D204368616EF4
:105A38006E656C3A2025640A00000000095B454346
:105A4800484F5D20567265662020202020202020A7
:105A58002020202020203A20252E3166560A0000DA
:105A6800095B4543484F5D20456E73757265207428
:105A780068652073656C6563746564206368616E2E
:105A88006E656C2073656573207468652072656641
:105A98006572656E636520766F6C746167652E0A42
:105AA80000000000095B4543484F5D204552524FB6
:105AB800523A20436F756C64206E6F742073746162
:105AC80072742073696E676C652D6368616E6E65AC
:105AD8006C20766F6C746167652063616C696272B3
:105AE8006174696F6E2E0D0A00000000095B454362
:105AF800484F5D204173796E6320766F6C746167DF
:105B0800652063616C6962726174696F6E20737479
:105B1800617274656420666F7220434825642E0D97
:105B28000A000000095B4543484F5D2055736167D3
:105B3800653A204155544F5F43414C5F49203C63CF
:105B4800757272656E745F413E203C6368616E6E6B
:105B5800656C3E0D0A000000095B4543484F5D2017
:105B68004578616D706C653A204155544F5F4341EB
:105B78004C5F4920302E31373020322020202866D3
:105B88006F7220434832290D0A000000095B454323
:105B9800484F5D204552524F523A20496E76616C0B
:105BA8006964207265666572656E636520637572E7
:105BB80072656E742E0D0A00095B4543484F5D20DF
:105BC8004552524F523A20496E76616C696420639F
:105BD80068616E6E656C20696E6465782E2056610A
:105BE8006C69642072616E67653A20312E2E380D1B
:105BF8000A000000095B4543484F5D2020204155BD
:105C0800544F2043555252454E542043414C49422B
:105C1800524154494F4E20284153594E43290A00B6
:105C2800095B4543484F5D2043616C69627261744A
:105C3800696E6720414C4C206368616E6E656C73B9
:105C48002028497265663D252E336641290A0000E1
:105C5800095B4543484F5D20546865206472697646
:105C680065722077696C6C20737465702074687233
:105C78006F756768206368616E6E656C7320617507
:105C8800746F6D61746963616C6C792E0A00000031
:105C9800095B4543484F5D20456E73757265206505
:105CA800616368206368616E6E656C2063617272FF
:105CB80069657320746865206B6E6F776E206375F5
:105CC8007272656E74207768656E2070726F6D7081
:105CD8007465642E0A000000095B4543484F5D2047
:105CE80055736520616E2065787465726E616C20ED
:105CF800444D4D206173207265666572656E6365FB
:105D08002E0A0000095B4543484F5D204552524F1B
:105D1800523A204661696C656420746F207374611F
:105D2800727420414C4C2D6368616E6E656C7320F3
:105D380063757272656E742063616C6962726174F6
:105D4800696F6E2E0D0A0000095B4543484F5D20C0
:105D5800414C4C206368616E6E656C73206375728C
:105D680072656E742063616C6962726174696F6ECA
:105D780020636F6D706C6574652E0D0A000000005D
:105D8800095B4543484F5D20497265662020202005
:105D9800202020202020202020203A20252E336675
:105DA800410A0000095B4543484F5D20456E737505
:105DB8007265207468652073656C6563746564201A
:105DC8006368616E6E656C206361727269657320C9
:105DD800746865206B6E6F776E2063757272656E7E
:105DE800742E0A00095B4543484F5D2043616C6986
:105DF80062726174696F6E2072756E7320696E20AD
:105E08006261636B67726F756E643B20636865637C
:105E18006B206C6F6720666F720A0000095B454350
:105E2800484F5D207065722D6368616E6E656C20E9
:105E3800726573756C74732E0A000000095B454324
:105E4800484F5D204552524F523A20436F756C645B
:105E5800206E6F742073746172742063757272653A
:105E68006E742063616C6962726174696F6E202858
:105E7800616C72656164792072756E6E696E673FD8
:105E8800292E0D0A00000000095B4543484F5D209C
:105E98004173796E632063757272656E74206361F5
:105EA8006C6962726174696F6E2073746172746573
:105EB800642E0D0A00000000456E61626C65640086
:105EC80044697361626C656400000000095B4543C6
:105ED800484F5D204E4554574F524B20494E464F30
:105EE800524D4154494F4E3A0A000000095B454360
:105EF800484F5D205B4554485D204E6574776F724E
:105F08006B20436F6E66696775726174696F6E3A6C
:105F18000A000000095B4543484F5D205B45544833
:105F28005D20204D414320203A20253032583A2523
:105F38003032583A253032583A253032583A2530DE
:105F480032583A253032580A00000000095B4543B0
:105F5800484F5D205B4554485D2020495020202053
:105F68003A2025752E25752E25752E25750A0000D3
:105F7800095B4543484F5D205B4554485D20204DF3
:105F880061736B203A2025752E25752E25752E25D3
:105F9800750A0000095B4543484F5D205B4554483E
:105FA8005D202047572020203A2025752E25752E64
:105FB80025752E25750A0000095B4543484F5D206D
:105FC8005B4554485D2020444E5320203A202575D7
:105FD8002E25752E25752E25750A0000095B45436B
:105FE800484F5D205B4554485D202044484350207D
:105FF8003A2025730A000000095B4543484F5D209D
:1060080049502061646472657373207365742074E9
:106018006F2025642E25642E25642E256420287281
:1060280065626F6F74207265717569726564290A9B
:1060380000000000095B4543484F5D205375626EC0
:106048006574206D61736B2073657420746F2025EF
:10605800642E25642E25642E256420287265626FBF
:106068006F74207265717569726564290A00000091
:10607800095B4543484F5D20476174657761792026
:1060880073657420746F2025642E25642E25642E74
:10609800256420287265626F6F7420726571756956
:1060A800726564290A000000095B4543484F5D207A
:1060B800444E532073657420746F2025642E256424
:1060C8002E25642E256420287265626F6F742072F5
:1060D80065717569726564290A0000002531395BAC
:1060E8005E245D242531395B5E245D242531395BCE
:1060F8005E245D242531397300000000095B4543A7
:10610800484F5D204E6574776F726B20636F6E66C3
:106118006967757265642073756363657373667503
:106128006C6C793A0A000000095B4543484F5D20D2
:10613800202049503A2025730A000000095B454396
:10614800484F5D2020205375626E65743A20257390
:106158000A000000095B4543484F5D202020476145
:1061680074657761793A2025730A0000095B454315
:10617800484F5D202020444E533A2025730A0000E2
:10618800095B4543484F5D205265626F6F7420720A
:106198006571756972656420746F206170706C79BF
:1061A800206368616E6765732E0A0000095B4543CA
:1061B800484F5D2055736167653A0A202043414C7A
:1061C80049425F54454D50203150203C54315F4383
:1061D8003E0A202043414C49425F54454D502032ED
:1061E80050203C54315F433E203C54325F433E20B4
:1061F8005B64656C61795F6D735D0A00095B45439B
:10620800484F5D204572726F723A2074656D7065F3
:106218007261747572652074656C656D65747279E8
:10622800206E6F742072656164792E205472792013
:10623800616761696E2073686F72746C792E0A00E9
:10624800253273202566000031500000095B454364
:10625800484F5D204572726F723A2073696E676CA1
:10626800652D706F696E7420636F6D70757465202D
:106278006661696C65642E0A00000000095B45438D
:10628800484F5D2043414C49425F54454D502031B1
:1062980050204F4B3A206F66667365743D252E3348
:1062A8006620C2B04320287261773D2575290A000F
:1062B80025327320256620256620257500000000FC
:1062C80032500000095B4543484F5D204572726FAC
:1062D800723A2074656D70657261747572652074A8
:1062E800656C656D65747279206E6F742072656176
:1062F800647920666F72207365636F6E6420706FB7
:10630800696E742E0A000000095B4543484F5D2002
:106318004572726F723A2074776F2D706F696E7460
:1063280020636F6D70757465206661696C65642E95
:1063380020436865636B20696E707574732E0A005C
:10634800095B4543484F5D204572726F723A20459C
:106358004550524F4D20627573792E0A0000000097
:10636800095B4543484F5D2043414C49425F5445D2
:106378004D50203250204F4B3A2056303D252E3478
:106388006620562C20533D252E366620562FC2B047
:10639800432C206F66667365743D252E336620C2D4
:1063A800B0432028726177313D25752C20726177C2
:1063B800323D2575290A0000095B4543484F5D2099
:1063C8004572726F72206576656E74206C6F6720F7
:1063D800636C656172207265717565737465640AB2
:1063E80000000000095B4543484F5D205761726E0D
:1063F800696E67206576656E74206C6F6720636CC4
:10640800656172207265717565737465640A000050
:106418003F000000095B4543484F5D205265737497
:106428006F72696E6720666163746F727920646544
:106438006661756C74732E2E2E0A0000095B454345
:10644800484F5D20466163746F72792064656661A8
:10645800756C7473207772697474656E2E2052653A
:10646800626F6F74696E672E2E2E0A005B4552525A
:106478004F525D204661696C656420746F207772A5
:1064880069746520666163746F72792064656661FA
:10649800756C74730A0000005345545F434800004C
:1064A8004745545F4348000043414C4942524154D8
:1064B800450000004155544F5F43414C5F5A4552D7
:1064C8004F0000004155544F5F43414C5F56000058
:1064D8004155544F5F43414C5F49000053484F5763
:1064E8005F43414C494200005345545F4950000006
:1064F8005345545F534E00005345545F47570000BF
:106508005345545F444E5300434F4E4649475F4EF0
:106518004554574F524B000043414C49425F544544
:106528004D5000005B4552524F525D204545505238
:106538004F4D2064756D7020656E717565756520A9
:106548006661696C65640A00095B4543484F5D20D4
:1065580045726173696E6720454550524F4D2E2E26
:106568002E2028544849532043414E4E4F54204230
:106578004520554E444F4E4521290A005B4552524D
:106588004F525D20556E6B6E6F776E20636F6D6D29
:10659800616E643A20272573272E20547970652070
:1065A80048454C5020666F72206C6973742E0A003F
:1065B8005B434F4E534F4C455D000000095B45431C
:1065C800484F5D203D3D3D20454E455247495320AB
:1065D800436F6E736F6C65205265616479203D3D31
:1065E8003D0A0000095B4543484F5D2054797065BA
:1065F8002048454C5020666F7220617661696C6155
:10660800626C6520636F6D6D616E64730A000000D3
:106618005B494E464F5D205B436F6E736F6C655DE3
:10662800205461736B20696E697469616C697A655D
:10663800642028706F6C6C696E67205553422D4337
:10664800444320402025756D73290D0A0000000081
:106658005B494E464F5D205B53746F726167655DA1
:1066680020457261736520636F6D706C6574650D8C
:106678000A0000005B4552524F525D205B53746F15
:10668800726167655D204572617365206661696C3A
:1066980065642061742030782530346C580D0A0008
:1066A8005B494E464F5D205B53746F726167655D51
:1066B8002045726173656420256C752F25752062ED
:1066C800797465730D0A00005B53544F5241474576
:1066D8005D0000005B4552524F525D2025732046F5
:1066E80061696C656420746F20636C6561722065F4
:1066F80076656E74206C6F67206174203078253061
:1067080034580D0A000000005B494E464F5D2025B5
:1067180073204576656E74206C6F6720636C6561C5
:10672800726564205B3078253034582E2E307825F9
:106738003034585D0D0A00005B5741524E494E47B0
:106748005D202573204661696C656420746F207232
:106758006561642072656C61792073746174657316
:106768002C207573696E672064656661756C747337
:106778000D0A00005B5741524E494E475D20257374
:10678800204661696C656420746F207265616420BD
:1067980063616C6962726174696F6E20666F7220E2
:1067A800434825640D0A00005B494E464F5D20258D
:1067B8007320436F6E666967206C6F61646564203F
:1067C80066726F6D20454550524F4D0D0A0000000E
:1067D800095B4543484F5D202573204E6574776FEC
:1067E800726B20636F6E66696720636F6D6D697485
:1067F8007465640D0A00000053657474696E6773EC
:10680800206170706C696564000000005B4552523D
:106818004F525D202573204661696C656420746F52
:1068280020636F6D6D6974206E6574776F726B206D
:10683800636F6E6669670D0A00000000095B4543D7
:10684800484F5D2025732055736572207072656608
:106858007320636F6D6D69747465640D0A000000C0
:106868005B4552524F525D202573204661696C6525
:106878006420746F20636F6D6D6974207573657221
:106888002070726566730D0A00000000095B4543BD
:10689800484F5D2025732052656C617920737461BF
:1068A80074657320636F6D6D69747465640D0A0097
:1068B8005B4552524F525D202573204661696C65D5
:1068C8006420746F20636F6D6D69742072656C61EC
:1068D80079207374617465730D0A0000095B454380
:1068E800484F5D2025732053656E736F7220636176
:1068F8006C204348256420636F6D6D69747465640A
:106908000D0A00005B4552524F525D202573204608
:1069180061696C656420746F20636F6D6D697420A4
:1069280073656E736F722063616C20434825640D34
:106938000A0000005B5741524E494E475D202573BF
:1069480020454550524F4D2064756D7020616C7222
:106958006561647920696E2070726F677265737300
:106968000D0A00005B5741524E494E475D20257382
:10697800204572726F72206C6F672064756D70208D
:10698800616C726561647920696E2070726F6772DC
:106998006573730D0A0000005B5741524E494E471C
:1069A8005D202573205761726E696E67206C6F6772
:1069B8002064756D7020616C726561647920696E00
:1069C8002070726F67726573730D0A005B574152CE
:1069D8004E494E475D202573204572726F72206CB8
:1069E8006F6720636C65617220616C7265616479A0
:1069F80020696E2070726F67726573730D0A0000EC
:106A08005B5741524E494E475D20257320576172AE
:106A18006E696E67206C6F6720636C6561722061B8
:106A28006C726561647920696E2070726F67726537
:106A380073730D0A000000005B494E464F5D205BF2
:106A480053746F726167655D2045726173696E6723
:106A580020454550524F4D20282575206279746590
:106A680073292E2E2E0D0A005B5741524E494E4770
:106A78005D20257320556E6B6E6F776E20636F6D8A
:106A88006D616E643A2025640D0A000045455F4437
:106A9800554D505F53544152540D0A00416464727D
:106AA8002020203030203031203032203033203048
:106AB80034203035203036203037203038203039F7
:106AC80020304120304220304320304420304520BF
:106AD8003046200D0A000000307825303458200058
:106AE80045455F44554D505F454E440D0A00000032
:106AF8005B5741524E494E475D20257320557365BB
:106B0800724F757470757420696E69742066616956
:106B18006C65642C207072657365747320756E6182
:106B28007661696C61626C650D0A00005B494E46CE
:106B38004F5D20257320436F6E666967207265611B
:106B480064790D0A000000005B4552524F525D20E7
:106B58002573204661696C656420746F20637265D3
:106B6800617465206D757465782F6576656E7473CC
:106B78000D0A00005B4552524F525D202573204696
:106B880061696C656420746F206372656174652047
:106B98007461736B0D0A00005B494E464F5D2025FA
:106BA80073205461736B20696E697469616C697ACA
:106BB80065640D0A000000005B4E45545D0000004E
:106BC8005B494E464F5D202573204854545020732E
:106BD800657276657220696E697469616C697A6537
:106BE800640D0A005B494E464F5D205B534E4D5085
:106BF8005D204167656E742072756E6E696E6720E0
:106C08006F6E205544502F25752028736F636B20B5
:106C18002575290D0A0000005B494E464F5D202569
:106C28007320496E697469616C20504859206C69F9
:106C38006E6B2064657465637465642C20455448E4
:106C4800204C4544204F4E0D0A0000005B494E463B
:106C58004F5D2025732045746865726E6574204801
:106C6800572075702C207374617274696E67207375
:106C7800657276696365730D0A0000005B494E46CC
:106C88004F5D2025732045786974696E67205354D9
:106C9800414E4442592C207265696E697469616C71
:106CA800697A696E67206E6574776F726B0D0A007A
:106CB8005B494E464F5D20257320504859206C692A
:106CC8006E6B2055502064657465637465642C2070
:106CD80066756C6C205735353030207265696E6981
:106CE800740D0A00687474705F7365727665725FFC
:106CF80070726F6365737300736E6D705F706F6C25
:106D08006C0000005B494E464F5D2025732054619E
:106D1800736B206372656174656420737563636562
:106D2800737366756C6C790D0A0000005B4D6574B1
:106D380065725461736B5D20000000005B494E462C
:106D48004F5D202573204D657465725461736B2007
:106D5800737461727465640D0A000000095B444530
:106D68004255475D205B427574746F6E5461736B56
:106D78005D20505752206C6F6E6720707265737378
:106D88002064657465637465642C20656E7465722F
:106D9800696E67205354414E4442590D0A00000061
:106DA800095B44454255475D205B427574746F6EBC
:106DB8005461736B5D205057522073686F72742052
:106DC80070726573732064657465637465642C20E0
:106DD80065786974696E67205354414E4442590D71
:106DE8000A00000062746E5F626C696E6B000000DE
:106DF8007461736B000000005245424F4F5420509D
:106E0800454E44494E473B207374616C653A2000F7
:106E180025733A4E455645522000000025733A2501
:106E28006C7520004F6666656E646572733A200063
:106E3800257320005B4845414C54485D0000000024
:106E480077616974696E6720666972737420626518
:106E58006174733A200000004865616C7468000032
:106E68005B50524F565D0000095B4543484F5D201B
:106E780025732055736167653A2050524F56205547
:106E88004E4C4F434B203C746F6B656E3E0A0000BE
:106E9800095B4543484F5D2025732050726F766922
:106EA80073696F6E696E6720554E4C4F434B45446E
:106EB80020666F72202575207365636F6E64730A90
:106EC80000000000095B4543484F5D2025732041C1
:106ED8007661696C61626C6520636F6D6D616E646B
:106EE800733A0A00095B4543484F5D20257320200B
:106EF8002050524F56205345545F534E203C7365E3
:106F08007269616C3E20202020202D20536574205A
:106F180073657269616C206E756D6265720A000036
:106F2800095B4543484F5D20257320202050524F70
:106F380056205345545F524547494F4E203C4555CE
:106F48007C55533E20202D20536574207265676957
:106F58006F6E0A00095B4543484F5D20257320206A
:106F68002050524F56204C4F434B202020202020A9
:106F7800202020202020202020202D204C6F636BF3
:106F88002070726F766973696F6E696E670A0000A8
:106F9800095B4543484F5D20257320556E6C6F6330
:106FA8006B204641494C45443A20696E76616C69CC
:106FB8006420746F6B656E0A00000000095B45432E
:106FC800484F5D2025732050726F766973696F6E24
:106FD800696E67204C4F434B45440A00095B4543A3
:106FE800484F5D2025732055736167653A205052DC
:106FF8004F56205345545F534E203C736572696168
:107008006C3E0A00095B4543484F5D2025732020EC
:10701800204D6178206C656E6774683A202564207D
:10702800636861726163746572730A00095B454342
:10703800484F5D202573202020416C6C6F77656474
:107048003A20412D5A2C20612D7A2C20302D392CB4
:107058002068797068656E0A00000000095B454386
:10706800484F5D2025732053657269616C206E75E9
:107078006D626572207365743A2025730A000000FA
:10708800095B4543484F5D202573205265626F6F49
:1070980074207265636F6D6D656E64656420746FCE
:1070A800206170706C79204D414320616464726581
:1070B80073730A00095B4543484F5D2025732046DA
:1070C80041494C45443A2050726F766973696F6E36
:1070D800696E67206C6F636B65642E20557365203D
:1070E80050524F5620554E4C4F434B206669727391
:1070F800742E0A00095B4543484F5D2025732046DE
:1071080041494C45443A20496E76616C6964207364
:10711800657269616C206E756D62657220666F724A
:107128006D61740A00000000095B4543484F5D200B
:107138002573204641494C45443A20454550524F15
:107148004D207772697465206572726F720A00004B
:10715800095B4543484F5D202573204641494C450E
:10716800443A20556E6B6E6F776E206572726F723F
:107178002025640A00000000095B4543484F5D2054
:1071880025732055736167653A2050524F56205336
:1071980045545F524547494F4E203C45557C555311
:1071A8003E0A0000095B4543484F5D2025732020B7
:1071B8002045553A203130412063757272656E74EE
:1071C800206C696D697420284945432F454E454315
:1071D800290A0000095B4543484F5D20257320209C
:1071E8002055533A203135412063757272656E74AB
:1071F800206C696D69742028554C2F435341290A26
:1072080000000000095B4543484F5D202573204678
:1072180041494C45443A20496E76616C6964207254
:107228006567696F6E20272573272E2055736520A3
:107238004555206F722055532E0A0000095B4543BF
:10724800484F5D20257320526567696F6E2073650E
:10725800743A2025732028252E306641206C696DEC
:107268006974290A00000000095B4543484F5D2006
:107278002573205265626F6F74207265717569722B
:10728800656420746F206170706C79204F435020C2
:107298007468726573686F6C64730A00095B4543B0
:1072A800484F5D202573204641494C45443A2049C2
:1072B8006E76616C696420726567696F6E20636FB2
:1072C80064650A0045552028313041290000000036
:1072D80055532028313541290000000059657300B5
:1072E8004E6F0000554E4C4F434B45440000000084
:1072F8004C4F434B45440000095B4543484F5D20D4
:107308000A3D3D3D204465766963652050726F767D
:107318006973696F6E696E67205374617475732041
:107328003D3D3D0A00000000095B4543484F5D2094
:1073380053657269616C204E756D6265723A2025DD
:10734800730A0000095B4543484F5D205265676931
:107358006F6E3A2025730A00095B4543484F5D204C
:1073680043757272656E74204C696D69743A202594
:107378002E316620410A0000095B4543484F5D20D5
:1073880050726F766973696F6E65643A2025730A67
:1073980000000000095B4543484F5D20556E6C6F47
:1073A800636B2053746174653A2025730A000000EA
:1073B800095B4543484F5D200A5741524E494E47A5
:1073C8003A2057726974652077696E646F7720690F
:1073D80073204F50454E0A00095B4543484F5D20D6
:1073E8003D3D3D3D3D3D3D3D3D3D3D3D3D3D3D3DC5
:1073F8003D3D3D3D3D3D3D3D3D3D3D3D3D3D3D3DB5
:107408003D3D0A0A00000000095B4543484F5D20E6
:107418000A3D3D3D204465766963652050726F766C
:107428006973696F6E696E6720436F6D6D616E6415
:1074380073203D3D3D0A0000556E6C6F636B2070F4
:10744800726F766973696F6E696E6700095B454391
:10745800484F5D20252D3238732025730A0000001F
:107468005365742073657269616C206E756D626511
:107478007200000053657420726567696F6E0000C2
:10748800095B4543484F5D203D3D3D3D3D3D3D3D0C
:107498003D3D3D3D3D3D3D3D3D3D3D3D3D3D3D3D14
:1074A8003D3D3D3D3D3D3D3D3D3D3D3D0A0A0000E4
:1074B800095B4543484F5D202573204E6F20737547
:1074C80062636F6D6D616E642E2054797065205013
:1074D800524F5620666F722068656C702E0A000045
:1074E800554E4C4F434B00004C4F434B000000009F
:1074F8005345545F524547494F4E00005354415439
:1075080055530000095B4543484F5D2025732055BE
:107518006E6B6E6F776E20737562636F6D6D616EE3
:10752800643A20272573272E2054797065205052FD
:107538004F5620666F722068656C702E0A00000036
:107548005B53542D43484C41425D00005B45525209
:107558004F525D20257320454550524F4D5F57725D
:107568006974654368616E6E656C4C6162656C2018
:10757800696E76616C696420696E7075743A20630F
:10758800683D25752C206C6162656C3D25700D0A7F
:10759800000000005B4552524F525D202573204584
:1075A8004550524F4D5F526561644368616E6E6528
:1075B8006C4C6162656C20696E76616C69642069E7
:1075C8006E7075743A2063683D25752C206F75744C
:1075D8003D25702C206F75745F6C656E3D25750DAB
:1075E8000A0000005B494E464F5D202573204C6120
:1075F80062656C73206C6F6164656420696E746F7A
:107608002063616368650D0A000000005B53542D18
:10761800464445465D000000095B44454255475DC8
:10762800202573204669726D7761726520766572D0
:1076380073696F6E207772697474656E2028534E73
:10764800207669612070726F766973696F6E696EF2
:1076580067290D0A00000000095B44454255475D53
:107668002025732052656C61792053746174757399
:10767800207772697474656E0D0A0000095B4445D1
:107688004255475D202573204E6574776F726B20D5
:10769800436F6E66696775726174696F6E20777281
:1076A800697474656E0D0A00095B44454255475D6F
:1076B8002025732053656E736F722043616C696275
:1076C800726174696F6E207772697474656E0D0AE1
:1076D80000000000095B44454255475D20257320A2
:1076E800456E65726779204D6F6E69746F72696E49
:1076F800672044617461207772697474656E0D0A3D
:1077080000000000095B44454255475D2025732071
:107718004576656E74204C6F677320777269747450
:10772800656E0D0A00000000095B44454255475D3F
:1077380020257320557365722050726566657265E1
:107748006E636573207772697474656E0D0A000044
:107758005B494E464F5D20257320466163746F7206
:10776800792064656661756C7473207772697474C6
:10777800656E207375636365737366756C6C790DDC
:107788000A0000005B5741524E494E475D20257361
:10779800204E4F54453A2053657269616C206E75CE
:1077A8006D62657220616E6420726567696F6E2014
:1077B800726571756972652070726F766973696F29
:1077C8006E696E670D0A00005B494E464F5D2025C5
:1077D800732052656164696E6720454550524F4D6C
:1077E800206D616769632E2E2E0D0A00095B4445E2
:1077F8004255475D202573204D6167696320726596
:1078080061643A203078253034580D0A00000000B1
:10781800095B44454255475D2025732046697273CC
:107828007420626F6F742064657465637465642C7A
:107838002077726974696E6720666163746F727904
:107848002064656661756C74732E2E2E0D0A000017
:10785800095B44454255475D2025732054656D708A
:1078680043616C207772697474656E0D0A000000BC
:10787800095B44454255475D202573204368616E86
:107888006E656C2063616C6962726174696F6E20E9
:107898007772697474656E0D0A000000095B4445CF
:1078A8004255475D20257320466163746F727920C5
:1078B80064656661756C7473207772697474656E3B
:1078C800207375636365737366756C6C790D0A0054
:1078D8005B494E464F5D202573204D6167696320E3
:1078E80076616C75652076657269666965640D0AEE
:1078F800000000005B53542D5553524F5D000000AB
:107908005B494E464F5D202573204E6F2076616C93
:107918006964206461746120286D616769633D3022
:107928007825303258292C207573696E6720646574
:107938006661756C74730A005B494E464F5D20257D
:107948007320435243206D69736D61746368202806
:1079580073746F7265643D3078253034582C206319
:107968006F6D70757465643D307825303458292CF6
:10797800207573696E672064656661756C74730A37
:10798800000000005B494E464F5D20257320496E7C
:1079980076616C696420737461727475702070729A
:1079A8006573657420282575292C20636C656172C0
:1079B800696E670A000000005B494E464F5D20254E
:1079C8007320537461727475702070726573657476
:1079D80020257520697320656D7074792C20636C7F
:1079E800656172696E670A006E6F6E65000000005F
:1079F8005B494E464F5D20257320496E6974696165
:107A08006C697A65642C20737461727475703D2595
:107A1800730A00005B494E464F5D20257320507263
:107A2800657365742025752073617665643A20272F
:107A3800257327206D61736B3D3078253032580AE5
:107A4800000000005B494E464F5D202573205072B0
:107A5800657365742025752064656C657465640AB2
:107A6800000000005B494E464F5D202573204361AE
:107A78006E6E6F74207365742073746172747570A0
:107A88003A207072657365742025752069732065C6
:107A98006D7074790A0000005B494E464F5D2025E1
:107AA8007320537461727475702070726573657495
:107AB8002073657420746F2025750A005B494E4653
:107AC8004F5D202573205374617274757020707235
:107AD8006573657420636C65617265640A000000F3
:107AE8005B494E464F5D2025732043616E6E6F746F
:107AF800206170706C793A20707265736574202506
:107B08007520697320656D7074790A005B494E466B
:107B18004F5D202573204170706C69656420707218
:107B2800657365742025752027257327206D61737B
:107B38006B3D3078253032580A0000005B494E46CC
:107B48004F5D202573204E6F2073746172747570B9
:107B58002070726573657420636F6E6669677572ED
:107B680065640A005B494E464F5D202573204170CD
:107B7800706C79696E6720737461727475702070A7
:107B880072657365742025750A0000005B53542DD7
:107B980055535250525D0000095B44454255475DBC
:107BA80020257320454550524F4D20756E696E69EA
:107BB8007469616C697A6564206F722072656164AA
:107BC800206661696C65640D0A0000005B494E46D9
:107BD8004F5D202573204C6F616465642075736563
:107BE800722070726566732066726F6D204545500D
:107BF800524F4D0D0A0000005B4445562D49445D27
:107C080000000000095B44454255475D202573206C
:107C1800435243206D69736D617463683A207374CD
:107C28006F7265643D3078253032582C2063616C62
:107C3800633D3078253032580D0A00005B494E46C6
:107C48004F5D202573204C6F616465643A20534E64
:107C58003D25732C20526567696F6E3D25730D0AAB
:107C680000000000554E50524F564953494F4E455B
:107C7800440000005B494E464F5D202573204E6F3F
:107C88002076616C6964206964656E746974792012
:107C9800696E20454550524F4D2C206465766963C6
:107CA8006520756E70726F766973696F6E65640DA5
:107CB8000A0000003644363136373639363300008C
:107CC8005B494E464F5D20257320556E6C6F636B84
:107CD800206661696C65643A20696E76616C6964D6
:107CE80020746F6B656E0D0A000000005B494E46FC
:107CF8004F5D2025732050726F766973696F6E69C6
:107D08006E6720554E4C4F434B454420666F72209A
:107D18002575207365636F6E64730D0A000000009B
:107D28005B494E464F5D2025732050726F7669730C
:107D3800696F6E696E67204C4F434B45440D0A00CE
:107D48005B494E464F5D2025732053657420534E82
:107D58002072656A65637465643A2070726F76692B
:107D680073696F6E696E67206C6F636B65640D0A6B
:107D7800000000005B494E464F5D20257320536587
:107D88007420534E2072656A65637465643A20698D
:107D98006E76616C696420666F726D61740D0A009D
:107DA8005B494E464F5D2025732053657269616CAF
:107DB800206E756D626572207365743A2025730DA7
:107DC8000A0000005B494E464F5D2025732053652D
:107DD8007420726567696F6E2072656A6563746581
:107DE800643A2070726F766973696F6E696E672086
:107DF8006C6F636B65640D0A000000005B494E46BA
:107E08004F5D2025732053657420726567696F6E16
:107E18002072656A65637465643A20696E76616C80
:107E2800696420726567696F6E20636F64650D0A07
:107E3800000000005B494E464F5D202573205265C7
:107E480067696F6E207365743A2025730D0A000008
:107E5800436F6E74656E742D4C656E6774683A0076
:107E68005B5345525645525D000000005B494E4643
:107E78004F5D202573204C697374656E696E6720A9
:107E88006F6E20706F72742025640A004745542075
:107E98002F6170692F73746174757300474554209E
:107EA8002F6170692F73657474696E6773000000C1
:107EB800504F5354202F6170692F73657474696E25
:107EC80067730000504F5354202F6170692F636F00
:107ED8006E74726F6C000000474554202F61706902
:107EE8002F636F6E6669672D7072657365747300B2
:107EF800504F5354202F6170692F636F6E66696706
:107F08002D7072657365747300000000504F5354F0
:107F1800202F6170692F6170706C792D636F6E66A8
:107F280069670000504F5354202F6170692F737494
:107F380061727475702D636F6E666967000000006A
:107F4800474554202F6D6574726963730000000003
:107F5800474554202F73657474696E67732E68746F
:107F68006D6C0000485454502F312E31203230307F
:107F7800204F4B0D0A436F6E74656E742D547970E3
:107F8800653A20746578742F68746D6C0D0A436FB8
:107F98006E74656E742D456E636F64696E673A2002
:107FA800677A69700D0A436F6E74656E742D4C653F
:107FB8006E6774683A2025640D0A416363657373BC
:107FC8002D436F6E74726F6C2D416C6C6F772D4FF3
:107FD800726967696E3A202A0D0A43616368652DE4
:107FE800436F6E74726F6C3A206E6F2D63616368B5
:107FF800650D0A436F6E6E656374696F6E3A206330
:108008006C6F73650D0A0D0A000000004854545047
:108018002F312E3120323030204F4B0D0A436F6EF6
:1080280074656E742D547970653A20746578742F70
:1080380068746D6C0D0A436F6E74656E742D4C65B3
:108048006E6774683A2025640D0A4163636573732B
:108058002D436F6E74726F6C2D416C6C6F772D4F62
:10806800726967696E3A202A0D0A43616368652D53
:10807800436F6E74726F6C3A206E6F2D6361636824
:10808800650D0A436F6E6E656374696F6E3A20639F
:108098006C6F73650D0A0D0A000000006368616E5D
:1080A8006E656C25640000006C6162656C25750066
:1080B800485454502F312E3120323030204F4B0D40
:1080C8000A436F6E74656E742D547970653A207426
:1080D8006578742F706C61696E0D0A436F6E7465F4
:1080E8006E742D4C656E6774683A2025750D0A41CB
:1080F80063636573732D436F6E74726F6C2D416C7F
:108108006C6F772D4F726967696E3A202A0D0A43A2
:10811800616368652D436F6E74726F6C3A206E6F81
:108128002D63616368650D0A436F6E6E65637469DC
:108138006F6E3A20636C6F73650D0A0D0A000000BC
:1081480066616872656E6865697400006B656C7657
:10815800696E000063656C7369757300252E31665E
:1081680020410000252E3266204100007B226970E4
:10817800223A2225752E25752E25752E2575222C39
:108188002267617465776179223A2225752E2575F3
:108198002E25752E2575222C227375626E65742224
:1081A8003A2225752E25752E25752E2575222C2209
:1081B800646E73223A2225752E25752E25752E2577
:1081C80075222C226D6163223A222573222C2264A7
:1081D80065766963655F6E616D65223A2225732253
:1081E8002C226C6F636174696F6E223A22257322A8
:1081F8002C2274656D705F756E6974223A2225733E
:10820800222C2274656D7065726174757265223AEC
:10821800252E32662C2273657269616C5F6E756DEE
:10822800626572223A222573222C226669726D7762
:108238006172655F76657273696F6E223A22257383
:10824800222C2268617264776172655F7665727349
:10825800696F6E223A222573222C2264657669633F
:10826800655F726567696F6E223A222573222C2238
:1082780063757272656E745F6C696D6974223A22F7
:108288002573222C227761726E696E675F6C696D47
:108298006974223A222573222C22637269746963F5
:1082A800616C5F6C696D6974223A222573227D00C6
:1082B800485454502F312E3120323030204F4B0D3E
:1082C8000A436F6E74656E742D547970653A206137
:1082D80070706C69636174696F6E2F6A736F6E0D6D
:1082E8000A436F6E74656E742D4C656E6774683AD8
:1082F8002025640D0A4163636573732D436F6E74A3
:10830800726F6C2D416C6C6F772D4F726967696E57
:108318003A202A0D0A43616368652D436F6E7472B3
:108328006F6C3A206E6F2D63616368650D0A436F49
:108338006E6E656374696F6E3A20636C6F73650D5A
:108348000A0D0A00697000007375626E657400009A
:10835800646E73006465766963655F6E616D650060
:108368006C6F636174696F6E0000000074656D70F6
:108378005F756E6974000000C2B04600C2B0430069
:10838800747275650000000066616C73650000001A
:108398002C0000007B226368616E6E656C73223A64
:1083A8005B0000007B22766F6C74616765223A255A
:1083B8002E38662C2263757272656E74223A252EE9
:1083C80038662C22757074696D65223A256C752C97
:1083D80022706F776572223A252E38662C227374C4
:1083E800617465223A25732C226C6162656C223AAD
:1083F800222573227D2573005D2C22696E746572B7
:108408006E616C54656D7065726174757265223A3F
:10841800252E33662C2274656D70657261747572D1
:1084280065556E6974223A222573222C227379735A
:1084380074656D537461747573223A222573222C06
:10844800226F76657263757272656E74223A7B224A
:108458007374617465223A222573222C22746F7416
:10846800616C5F63757272656E745F61223A252E66
:1084780034662C226C696D69745F61223A252E314D
:10848800662C227761726E696E675F7468726573B5
:10849800686F6C645F61223A252E32662C22637203
:1084A80069746963616C5F7468726573686F6C6422
:1084B8005F61223A252E32662C227265636F7665DB
:1084C80072795F7468726573686F6C645F61223A71
:1084D800252E32662C22737769746368696E675F2C
:1084E800616C6C6F776564223A25732C227472690B
:1084F800705F636F756E74223A256C752C227265F5
:1085080067696F6E223A225553227D7D0000000074
:10851800474554202F68656C702E68746D6C000098
:10852800474554202F757365725F6D616E75616C78
:108538002E68746D6C000000474554202F617574D7
:108548006F6D6174696F6E5F6D616E75616C2E68B9
:10855800746D6C00474554202F636F6E74726F6C96
:108568002E68746D6C000000474554202F000000F1
:10857800232048454C5020656E65726769735F75A6
:1085880070203120696620746865206D6574726991
:1085980063732068616E646C657220697320686516
:1085A800616C7468792E0A23205459504520656EF1
:1085B80065726769735F75702067617567650A65BD
:1085C8006E65726769735F757020310A000000007C
:1085D800232048454C5020656E65726769735F6259
:1085E80075696C645F696E666F204275696C64209A
:1085F800616E6420646576696365206964656E747C
:108608006966696572732E0A23205459504520659E
:108618006E65726769735F6275696C645F696E66BF
:108628006F2067617567650A656E65726769735F54
:108638006275696C645F696E666F7B766572736973
:108648006F6E3D222573222C73657269616C3D2221
:108658002573227D20310A00232048454C5020658F
:108668006E65726769735F757074696D655F736550
:10867800636F6E64735F746F74616C205379737485
:10868800656D20757074696D6520696E207365630A
:108698006F6E64732E0A23205459504520656E6509
:1086A800726769735F757074696D655F7365636F11
:1086B8006E64735F746F74616C20636F756E74653C
:1086C800720A656E65726769735F757074696D6546
:1086D8005F7365636F6E64735F746F74616C20257C
:1086E800750A0000232048454C5020656E65726766
:1086F80069735F696E7465726E616C5F74656D70C5
:10870800657261747572655F63656C7369757320F2
:10871800496E7465726E616C2074656D7065726106
:10872800747572652E0A23205459504520656E656C
:10873800726769735F696E7465726E616C5F746588
:108748006D70657261747572655F63656C73697568
:10875800732067617567650A656E65726769735F1F
:10876800696E7465726E616C5F74656D7065726157
:10877800747572655F63656C7369757320252E3334
:10878800660A0000232048454C5020656E657267D4
:1087980069735F74656D705F63616C69627261743F
:1087A800656420312069662074656D706572617436
:1087B8007572652063616C6962726174696F6E209D
:1087C8006973206170706C6965642E0A232054599E
:1087D800504520656E65726769735F74656D705F7B
:1087E80063616C696272617465642067617567654D
:1087F8000A656E65726769735F74656D705F636142
:108808006C696272617465642025640A0000000066
:10881800232048454C5020656E65726769735F7404
:10882800656D705F63616C6962726174696F6E5FB8
:108838006D6F64652043616C6962726174696F6E03
:10884800206D6F64653A20303D6E6F6E652C203167
:108858003D3170742C20323D3270742E0A2320541E
:1088680059504520656E65726769735F74656D70F0
:108878005F63616C6962726174696F6E5F6D6F646A
:10888800652067617567650A656E65726769735FFC
:1088980074656D705F63616C6962726174696F6E33
:1088A8005F6D6F64652025750A0000002320484528
:1088B8004C5020656E65726769735F767573625F89
:1088C800766F6C747320555342207261696C207600
:1088D8006F6C746167652E0A2320545950452065D2
:1088E8006E65726769735F767573625F766F6C74B5
:1088F800732067617567650A656E65726769735F7E
:10890800767573625F766F6C747320252E33660AF2
:1089180000000000232048454C5020656E657267B2
:1089280069735F76737570706C795F766F6C74734A
:108938002031325620737570706C79207261696CC1
:1089480020766F6C746167652E0A23205459504550
:1089580020656E65726769735F76737570706C7980
:108968005F766F6C74732067617567650A656E65FD
:10897800726769735F76737570706C795F766F6C08
:10898800747320252E33660A000000002320484512
:108998004C5020656E65726769735F687474705FA8
:1089A80072657175657374735F746F74616C20544C
:1089B8006F74616C204854545020726571756573EA
:1089C8007473207365727665642E0A232054595097
:1089D8004520656E65726769735F687474705F724D
:1089E800657175657374735F746F74616C20636F00
:1089F800756E7465720A656E65726769735F68740F
:108A080074705F72657175657374735F746F746188
:108A18006C2025750A000000232048454C5020652D
:108A28006E65726769735F6368616E6E656C5F73AC
:108A3800746174652052656C617920737461746522
:108A48002028313D4F4E2C20303D4F4646292E0AD6
:108A580023205459504520656E65726769735F63BA
:108A680068616E6E656C5F737461746520676175AB
:108A780067650A00656E65726769735F6368616E32
:108A88006E656C5F73746174657B63683D222564F1
:108A9800227D2025640A0000232048454C5020658B
:108AA8006E65726769735F6368616E6E656C5F742B
:108AB800656C656D657472795F76616C6964203187
:108AC8002069662074656C656D6574727920666FBF
:108AD80072206368616E6E656C20697320667265CA
:108AE80073682F76616C69642E0A232054595045A7
:108AF80020656E65726769735F6368616E6E656C29
:108B08005F74656C656D657472795F76616C6964B4
:108B18002067617567650A00656E65726769735FCE
:108B28006368616E6E656C5F74656C656D657472A3
:108B3800795F76616C69647B63683D222564227D78
:108B48002025640A00000000232048454C50206579
:108B58006E65726769735F6368616E6E656C5F7678
:108B68006F6C746167655F766F6C747320436861BE
:108B78006E6E656C20766F6C746167652E0A2320B3
:108B88005459504520656E65726769735F63686103
:108B98006E6E656C5F766F6C746167655F766F6C1F
:108BA80074732067617567650A000000656E6572F9
:108BB8006769735F6368616E6E656C5F766F6C740E
:108BC8006167655F766F6C74737B63683D222564AB
:108BD800227D20252E33660A000000002320484508
:108BE8004C5020656E65726769735F6368616E6E6D
:108BF800656C5F63757272656E745F616D7073200A
:108C08004368616E6E656C2063757272656E742E52
:108C18000A23205459504520656E65726769735F51
:108C28006368616E6E656C5F63757272656E745FA2
:108C3800616D70732067617567650A00656E65729E
:108C48006769735F6368616E6E656C5F6375727286
:108C5800656E745F616D70737B63683D2225642265
:108C68007D20252E33660A00232048454C50206578
:108C78006E65726769735F6368616E6E656C5F705D
:108C88006F7765725F776174747320416374697676
:108C98006520706F77657220706572206368616EF9
:108CA8006E656C2E0A23205459504520656E6572F6
:108CB8006769735F6368616E6E656C5F706F776517
:108CC800725F77617474732067617567650A000065
:108CD800656E65726769735F6368616E6E656C5F08
:108CE800706F7765725F77617474737B63683D2218
:108CF8002564227D20252E33660A0000232048455E
:108D08004C5020656E65726769735F6368616E6E4B
:108D1800656C5F656E657267795F776174745F68AB
:108D28006F7572735F746F74616C20416363756DE6
:108D3800756C6174656420656E657267792070650D
:108D480072206368616E6E656C2E0A232054595038
:108D58004520656E65726769735F6368616E6E65ED
:108D68006C5F656E657267795F776174745F686F51
:108D78007572735F746F74616C20636F756E746560
:108D8800720A0000656E65726769735F6368616E79
:108D98006E656C5F656E657267795F776174745F25
:108DA800686F7572735F746F74616C7B63683D2262
:108DB8002564227D20252E33660A0000232048459D
:108DC8004C5020656E65726769735F6F63705F737F
:108DD80074617465204F76657263757272656E741E
:108DE8002070726F74656374696F6E207374617438
:108DF800652028303D4E4F524D414C2C313D574156
:108E0800524E494E472C323D435249544943414CF6
:108E18002C333D4C4F434B4F5554290A232054596A
:108E2800504520656E65726769735F6F63705F7325
:108E3800746174652067617567650A656E65726738
:108E480069735F6F63705F73746174652025640A6A
:108E580000000000232048454C5020656E6572676D
:108E680069735F6F63705F737769746368696E674E
:108E78005F616C6C6F7765642053776974636869A8
:108E88006E6720616C6C6F7765642028313D796569
:108E9800732C303D6E6F290A2320545950452065A4
:108EA8006E65726769735F6F63705F737769746308
:108EB80068696E675F616C6C6F7765642067617560
:108EC80067650A656E65726769735F6F63705F7364
:108ED8007769746368696E675F616C6C6F776564E6
:108EE8002025640A00000000232048454C502065D6
:108EF8006E65726769735F6F63705F746F74616CBE
:108F08005F63757272656E745F616D707320546F04
:108F180074616C206D656173757265642063757228
:108F280072656E740A23205459504520656E657227
:108F38006769735F6F63705F746F74616C5F63758B
:108F48007272656E745F616D7073206761756765B5
:108F58000A656E65726769735F6F63705F746F74BB
:108F6800616C5F63757272656E745F616D7073209A
:108F7800252E33660A000000232048454C50206502
:108F88006E65726769735F6F63705F6C696D697432
:108F98005F616D707320436F6E6669677572656493
:108FA8002063757272656E74206C696D69740A232A
:108FB800205459504520656E65726769735F6F6309
:108FC800705F6C696D69745F616D7073206761753E
:108FD80067650A656E65726769735F6F63705F6C5A
:108FE800696D69745F616D707320252E33660A00A0
:108FF800232048454C5020656E65726769735F6F22
:1090080063705F7761726E696E675F7468726573AB
:10901800686F6C645F616D7073205761726E696E02
:1090280067207468726573686F6C640A23205459EA
:10903800504520656E65726769735F6F63705F770F
:1090480061726E696E675F7468726573686F6C646D
:109058005F616D70732067617567650A656E65721B
:109068006769735F6F63705F7761726E696E675F60
:109078007468726573686F6C645F616D70732025C6
:109088002E33660A00000000232048454C50206516
:109098006E65726769735F6F63705F637269746925
:1090A80063616C5F7468726573686F6C645F616D2F
:1090B800707320437269746963616C2074687265A7
:1090C80073686F6C640A23205459504520656E6597
:1090D800726769735F6F63705F63726974696361F4
:1090E8006C5F7468726573686F6C645F616D7073D0
:1090F8002067617567650A656E65726769735F6F7A
:1091080063705F637269746963616C5F74687265C8
:1091180073686F6C645F616D707320252E33660A07
:1091280000000000232048454C5020656E6572679A
:1091380069735F6F63705F7265636F766572795F7D
:109148007468726573686F6C645F616D70732052C8
:1091580065636F76657279207468726573686F6C81
:10916800640A23205459504520656E6572676973F7
:109178005F6F63705F7265636F766572795F74683D
:10918800726573686F6C645F616D70732067617579
:1091980067650A656E65726769735F6F63705F7292
:1091A80065636F766572795F7468726573686F6CF2
:1091B800645F616D707320252E33660A000000001D
:1091C800232048454C5020656E65726769735F6F50
:1091D80063705F747269705F636F756E745F746FCC
:1091E80074616C204F76657263757272656E742057
:1091F80074726970732073696E636520626F6F742F
:109208000A23205459504520656E65726769735F5B
:109218006F63705F747269705F636F756E745F748B
:109228006F74616C20636F756E7465720A656E6524
:10923800726769735F6F63705F747269705F636F81
:10924800756E745F746F74616C20256C750A00000C
:10925800232048454C5020656E65726769735F6FBF
:1092680063705F6C6173745F747269705F6D732093
:1092780054696D657374616D70206F66206C6173DD
:1092880074207472697020286D732073696E636529
:1092980020626F6F74290A23205459504520656E47
:1092A80065726769735F6F63705F6C6173745F7415
:1092B8007269705F6D732067617567650A656E65B1
:1092C800726769735F6F63705F6C6173745F7472E8
:1092D80069705F6D7320256C750A000048545450FE
:1092E8002F312E312035303320536572766963650E
:1092F80020556E617661696C61626C650D0A436F19
:109308006E74656E742D547970653A20746578743E
:109318002F706C61696E0D0A436F6E74656E742DE3
:109328004C656E6774683A2025640D0A436F6E6E4B
:10933800656374696F6E3A20636C6F73650D0A0D0F
:109348000A00000035303320536572766963652062
:10935800556E617661696C61626C650A0000000097
:109368003C4D6574726963732048616E646C657204
:109378003E0000005B494E464F5D202573204D6539
:1093880074726963732073756273797374656D2081
:10939800696E697469616C697A65640A0000000025
:1093A800485454502F312E3120323030204F4B0D3D
:1093B8000A436F6E74656E742D547970653A207423
:1093C8006578742F706C61696E3B2076657273697D
:1093D8006F6E3D302E302E343B20636861727365AA
:1093E800743D7574662D380D0A436F6E74656E741E
:1093F8002D4C656E6774683A2025640D0A436F6EBC
:109408006E656374696F6E3A20636C6F73650D0ADD
:109418000D0A00005B494E464F5D202573205365B9
:1094280072766564202564206279746573206F669E
:10943800206D6574726963730A00000048545450C3
:109448002F312E3120323030204F4B0D0A436F6EB2
:1094580074656E742D547970653A206170706C690A
:10946800636174696F6E2F6A736F6E0D0A436F6E56
:1094780074656E742D4C656E6774683A2025640DAA
:109488000A4163636573732D436F6E74726F6C2D3D
:10949800416C6C6F772D4F726967696E3A202A0D9F
:1094A8000A43616368652D436F6E74726F6C3A206E
:1094B8006E6F2D63616368650D0A52657472792D4C
:1094C80041667465723A20310D0A436F6E6E6563AA
:1094D80074696F6E3A20636C6F73650D0A0D0A002C
:1094E8007B2270726573657473223A5B000000001A
:1094F8007B226964223A25752C226E616D65223AB9
:10950800222573222C226D61736B223A25757D000A
:109518005D2C2273746172747570223A0000000029
:109528006E756C6C7D000000616374696F6E00007D
:109538006964000073617665000000006E616D6506
:10954800000000006D61736B0000000072656C61C3
:10955800795F6D61736B000064656C65746500000C
:10956800636C6561720000005B575241505D207763
:1095780061746368646F675F7265626F6F7420639C
:10958800616C6C6564206C723D2530386C782061A4
:109598003D257520623D257520633D25750D0A0022
:1095A8005B575241505D205F5F6173736572742031
:1095B80025733A25642025733A2025730D0A000087
:1095C8005B575241505D2070616E69632829206C99
:1095D800723D2530386C780D0A0000006D616E759B
:1095E8006661637475726572203D3D204D414E552C
:1095F80046414354555245525F52504900000000BD
:10960800433A2F55736572732F73647669642F2EEE
:109618007069636F2D73646B2F73646B2F322E32F6
:109628002E302F7372632F7270323034302F70697E
:10963800636F5F706C6174666F726D2F706C6174AC
:10964800666F726D2E63000070617274203D3D205C
:10965800504152545F525032000000000A2A2A2A10
:109668002050414E4943202A2A2A0A006E6F74204E
:10967800737570706F727465640000004E6F2073AC
:1096880070696E6C6F636B732061726520617661BF
:10969800696C61626C65000030783163203D3D2063
:1096A800282A696E7374293E3E3131750000000026
:1096B800433A2F55736572732F73647669642F2E3E
:1096C8007069636F2D73646B2F73646B2F322E3246
:1096D8002E302F7372632F7270325F636F6D6D6FF0
:1096E8006E2F68617264776172655F6972712F6944
:1096F80072712E630000000064656C7461203E3D49
:10970800202D323034382026262064656C74612080
:109718003C3D203230343620262620212864656CD2
:10972800746120262031290063757272656E742079
:109738003D3D205F5F756E68616E646C65645F7542
:109748007365725F697271207C7C206375727265C3
:109758006E74203D3D2068616E646C657200000087
:109768006972715F68616E646C65725F6368616974
:109778006E5F667265655F736C6F745F6865616460
:10978800203E3D2030000000767461626C655F68A1
:10979800616E646C6572203D3D205F5F756E686127
:1097A8006E646C65645F757365725F6972710000E1
:1097B800212828282875696E747074725F7429725C
:1097C800656D6F76655F7468756D625F6269742830
:1097D800767461626C655F68616E646C6572292974
:1097E800202D20282875696E747074725F74296939
:1097F80072715F68616E646C65725F636861696EDF
:109808005F736C6F7473292920252073697A656FDB
:109818006628737472756374206972715F68616E0B
:10982800646C65725F636861696E5F736C6F7429DD
:109838002900000069735F7368617265645F69720B
:10984800715F7261775F68616E646C657228736CB2
:109858006F745F68616E646C657229006578636512
:109868007074696F6E000000666F756E64000000AA
:109878004E6F20757365722049525173206172656D
:1098880020617661696C61626C65000031203D3D44
:10989800202875696E747074725F74296C2D3E731C
:1098A80070696E5F6C6F636B00000000433A2F5560
:1098B800736572732F73647669642F2E7069636F92
:1098C8002D73646B2F73646B2F322E322E302F73EF
:1098D80072632F636F6D6D6F6E2F7069636F5F7347
:1098E800796E632F6D757465782E6300746F74617B
:1098F8006C0000006D74782D3E636F72652E737076
:10990800696E5F6C6F636B006C6F636B5F69735F2D
:109918006F776E65725F69645F76616C6964286DE4
:1099280074782D3E6F776E65722900006D74782DFE
:109938003E656E7465725F636F756E74000000003B
:10994800706F6F6C2D3E74696D65725F616C6172CA
:109958006D5F6E756D203D3D2074696D65725F6148
:109968006C61726D5F6E756D00000000433A2F5593
:10997800736572732F73647669642F2E7069636FD1
:109988002D73646B2F73646B2F322E322E302F732E
:1099980072632F636F6D6D6F6E2F7069636F5F7485
:1099A800696D652F74696D652E6300006465666175
:1099B800756C745F616C61726D5F706F6F6C5F69FD
:1099C8006E697469616C697A656428290000000011
:1099D800417474656D7074656420746F20736C6570
:1099E800657020696E73696465206F6620616E20FA
:1099F800657863657074696F6E2068616E646C6504
:109A0800723B2075736520627573795F776169743D
:109A180020696620796F75206D75737400000000E9
:109A2800486172647761726520616C61726D20258E
:109A38006420616C726561647920636C61696D652D
:109A4800640000007372635F66726571203E3D209A
:109A58006672657100000000433A2F557365727392
:109A68002F73647669642F2E7069636F2D73646B2E
:109A78002F73646B2F322E322E302F7372632F7236
:109A880070325F636F6D6D6F6E2F6861726477619E
:109A980072655F636C6F636B732F636C6F636B735B
:109AA8002E63000076636F5F66726571203E3D200D
:109AB8005049434F5F504C4C5F56434F5F4D494EA2
:109AC8005F465245515F485A2026262076636F5FCD
:109AD80066726571203C3D205049434F5F504C4CA5
:109AE8005F56434F5F4D41585F465245515F485A54
:109AF80000000000433A2F55736572732F73647624
:109B080069642F2E7069636F2D73646B2F73646B98
:109B18002F322E322E302F7372632F7270325F63A2
:109B28006F6D6D6F6E2F68617264776172655F70BB
:109B38006C6C2F706C6C2E630000000066626469A8
:109B480076203E3D203136202626206662646976DE
:109B5800203C3D203332300028706F73745F646995
:109B68007631203E3D203120262620706F73745FA9
:109B780064697631203C3D2037292026262028702C
:109B88006F73745F64697632203E3D20312026264B
:109B980020706F73745F64697632203C3D203729EA
:109BA800000000007265665F66726571203C3D20AA
:109BB8002876636F5F66726571202F203136290021
:109BC8002A282875696E74385F74202A292828285D
:109BD800766F6964202A29726F6D5F7461626C65A3
:109BE8005F666C6F6174292D322929202A20342060
:109BF8003E3D2053465F5441424C455F56325F53C9
:109C0800495A4500433A2F55736572732F7364762A
:109C180069642F2E7069636F2D73646B2F73646B87
:109C28002F322E322E302F7372632F7270325F6391
:109C38006F6D6D6F6E2F7069636F5F646F75626CA7
:109C4800652F646F75626C655F696E69745F726FAA
:109C58006D5F7270323034302E6300002A28287508
:109C6800696E74385F74202A29726F6D5F7461623F
:109C78006C652D3229202A2034203E3D2053465F32
:109C88005441424C455F56325F53495A45000000E3
:109C9800433A2F55736572732F73647669642F2E58
:109CA8007069636F2D73646B2F73646B2F322E3260
:109CB8002E302F7372632F7270325F636F6D6D6F0A
:109CC8006E2F7069636F5F666C6F61742F666C6F5F
:109CD80061745F696E69745F726F6D5F7270323044
:109CE80034302E63000000004F7574206F66206DBD
:109CF800656D6F7279000000446562756700000049
:109D0800626F6F74325F773235713038300000001F
:109D1800322E322E300000007069636F00000000A0
:109D2800454E45524749535F6669726D7761726562
:109D38005F76312E312E3000466562202035203284
:109D480030323600666E692B00000000666E6900CE
:109D58006E616E00666E692D00000000726300007F
:109D6800433A2F55736572732F73647669642F2E87
:109D78007069636F2D73646B2F73646B2F322E328F
:109D88002E302F7372632F7270325F636F6D6D6F39
:109D98006E2F7069636F5F737464696F2F73746477
:109DA800696F2E6300000000433A2F557365727384
:109DB8002F73647669642F2E7069636F2D73646BDB
:109DC8002F73646B2F322E322E302F7372632F72E3
:109DD80070325F636F6D6D6F6E2F7069636F5F7345
:109DE8007464696F5F7573622F737464696F5F75EC
:109DF80073622E6300000000555342207374646937
:109E08006E202F207374646F757400005261737034
:109E18006265727279205069000000005069636FB2
:109E280000000000426F6172642043444300000058
:109E380052657365740000006C656E203E2030002A
:109E4800433A2F55736572732F73647669642F2EA6
:109E58007069636F2D73646B2F73646B2F322E32AE
:109E68002E302F7372632F7270325F636F6D6D6F58
:109E78006E2F7069636F5F756E697175655F696470
:109E88002F756E697175655F69642E630000000047
:109E9800636F6E6E6563745F696E7465726E616C14
:109EA8005F666C6173685F66756E63202626206640
:109EB8006C6173685F657869745F7869705F6675EF
:109EC8006E6320262620666C6173685F666C757306
:109ED800685F63616368655F66756E632026262028
:109EE800666C6173685F656E7465725F636D645FED
:109EF8007869705F66756E6300000000433A2F55FD
:109F0800736572732F73647669642F2E7069636F3B
:109F18002D73646B2F73646B2F322E322E302F7398
:109F280072632F7270325F636F6D6D6F6E2F686131
:109F38007264776172655F666C6173682F666C61C5
:109F480073682E6300000000666C6173685F6F665B
:109F58006673202B20636F756E74203C3D2050493A
:109F6800434F5F464C4153485F53495A455F4259F6
:109F780054455300636F6E6E6563745F696E7465F4
:109F8800726E616C5F666C6173685F66756E632084
:109F9800262620666C6173685F657869745F7869E6
:109FA800705F66756E6320262620666C6173685F35
:109FB80072616E67655F65726173655F66756E6312
:109FC80020262620666C6173685F666C7573685F0F
:109FD80063616368655F66756E630000636F6E6ECC
:109FE8006563745F696E7465726E616C5F666C61DF
:109FF80073685F66756E6320262620666C617368D9
:10A008005F657869745F7869705F66756E6320262E
:10A018002620666C6173685F72616E67655F707237
:10A028006F6772616D5F66756E6320262620666CA9
:10A038006173685F666C7573685F63616368655FA9
:10A0480066756E6300000000636F6E6E6563745F13
:10A05800696E7465726E616C5F666C6173685F6669
:10A06800756E6320262620666C6173685F65786963
:10A07800745F7869705F66756E6320262620666C4B
:10A088006173685F666C7573685F63616368655F59
:10A0980066756E63000000006E6578745F627566B1
:10A0A8006665725F707472203C207573625F6470BD
:10A0B80072616D2D3E6570785F64617461202B203C
:10A0C80073697A656F66287573625F647072616D13
:10A0D8002D3E6570785F646174612900433A2F559D
:10A0E800736572732F73647669642F2E7069636F5A
:10A0F8002D73646B2F73646B2F322E322E302F6CBE
:10A1080069622F74696E797573622F7372632F7029
:10A118006F727461626C652F7261737062657272BE
:10A128007970692F7270323034302F6463645F72D3
:10A1380070323034302E6300556E68616E646C6521
:10A14800642049525120307825780A007268706F6F
:10A158007274203D3D20300021286275665F63746B
:10A16800726C2026205553425F4255465F43545235
:10A178004C5F46554C4C2900433A2F557365727312
:10A188002F73647669642F2E7069636F2D73646B07
:10A198002F73646B2F322E322E302F6C69622F741E
:10A1A800696E797573622F7372632F706F72746141
:10A1B800626C652F72617370626572727970692F53
:10A1C8007270323034302F7270323034305F7573C1
:10A1D800622E63006275665F6374726C2026205578
:10A1E80053425F4255465F4354524C5F46554C4C70
:10A1F80000000000657020253032582077617320F8
:10A20800616C726561647920617661696C61626C08
:10A218006500000043616E277420636F6E74696E79
:10A2280075652078666572206F6E20696E6163744B
:10A238006976652065702025303258005741524EA6
:10A248003A207374617274696E67206E6577207442
:10A2580072616E73666572206F6E20616C726561E3
:10A2680064792061637469766520657020253032D1
:10A27800580D0A0025732025643A2041535345524E
:10A2880054204641494C45440D0A00007364615FFF
:10A2980074785F686F6C645F636F756E74203C3DA3
:10A2A800206C636E74202D2032000000433A2F5535
:10A2B800736572732F73647669642F2E7069636F88
:10A2C8002D73646B2F73646B2F322E322E302F73E5
:10A2D80072632F7270325F636F6D6D6F6E2F68617E
:10A2E8007264776172655F6932632F6932632E63C6
:10A2F80000000000473A2F5F4769744875622F488D
:10A30800575F31302D496E2D5261636B5F50445554
:10A318002F7372632F536F6674776172652F454E82
:10A3280045524749535F52544F532F6C69622F4629
:10A3380072656552544F532D4B65726E656C2F7064
:10A348006F727461626C652F5468697264506172CF
:10A3580074792F4743432F5250323034302F706F67
:10A3680072742E630000000068616E646C65722070
:10A378003D3D2063757272656E74207C7C20657823
:10A3880063657074696F6E5F69735F636F6D706921
:10A398006C655F74696D655F64656661756C74286A
:10A3A80063757272656E742900000000433A2F5578
:10A3B800736572732F73647669642F2E7069636F87
:10A3C8002D73646B2F73646B2F322E322E302F73E4
:10A3D80072632F7270325F636F6D6D6F6E2F68617D
:10A3E8007264776172655F657863657074696F6EB2
:10A3F8002F657863657074696F6E2E6300000000C6
:10A40800657863657074696F6E5F69735F636F6D9C
:10A4180070696C655F74696D655F64656661756CAC
:10A4280074286F726967696E616C5F68616E646CCD
:10A4380065722900473A2F5F4769744875622F484B
:10A44800575F31302D496E2D5261636B5F50445513
:10A458002F7372632F536F6674776172652F454E41
:10A4680045524749535F52544F532F6C69622F46E8
:10A4780072656552544F532D4B65726E656C2F652E
:10A4880076656E745F67726F7570732E6300000077
:10A49800473A2F5F4769744875622F48575F3130D4
:10A4A8002D496E2D5261636B5F5044552F73726353
:10A4B8002F536F6674776172652F454E4552474931
:10A4C800535F52544F532F6C69622F467265655221
:10A4D800544F532D4B65726E656C2F71756575659C
:10A4E8002E630000473A2F5F4769744875622F480A
:10A4F800575F31302D496E2D5261636B5F50445563
:10A508002F7372632F536F6674776172652F454E90
:10A5180045524749535F52544F532F6C69622F4637
:10A5280072656552544F532D4B65726E656C2F746E
:10A5380061736B732E63000049444C4500000000B2
:10A54800473A2F5F4769744875622F48575F313023
:10A558002D496E2D5261636B5F5044552F737263A2
:10A568002F536F6674776172652F454E4552474980
:10A57800535F52544F532F6C69622F467265655270
:10A58800544F532D4B65726E656C2F74696D6572EF
:10A59800732E6300546D725100000000546D7220D8
:10A5A80053766300473A2F5F4769744875622F48AE
:10A5B800575F31302D496E2D5261636B5F504455A2
:10A5C8002F7372632F536F6674776172652F454ED0
:10A5D80045524749535F52544F532F6C69622F4677
:10A5E80072656552544F532D4B65726E656C2F70B2
:10A5F8006F727461626C652F4D656D4D616E672F6A
:10A60800686561705F342E63000000002E00000052
:10A618006E660000696E697479000000616E000062
:10A628004C435F434F4C4C41544500004C435F43FF
:10A6380054595045000000004C435F4D4F4E45545F
:10A64800415259004C435F4E554D45524943000015
:10A658004C435F54494D45004C435F4D455353416E
:10A668004745530042616C6C6F6320737563636583
:10A6780065646564000000002F646174612F6A6579
:10A688006E6B696E732F776F726B73706163652F72
:10A69800474E552D746F6F6C636861696E2F6172D8
:10A6A8006D2D31342F7372632F6E65776C69622D4F
:10A6B80063796777696E2F6E65776C69622F6C694D
:10A6C80062632F7374646C69622F6764746F612DA1
:10A6D8006765746865782E63000000002F646174F4
:10A6E800612F6A656E6B696E732F776F726B73700B
:10A6F8006163652F474E552D746F6F6C6368616990
:10A708006E2F61726D2D31342F7372632F6E6577E2
:10A718006C69622D63796777696E2F6E65776C69EE
:10A72800622F6C6962632F7374646C69622F6D7039
:10A738007265632E6300000065256C6400000000EC
:10A748004A495300534A4953000000004555434ABB
:10A758005000000036320010243100103C31001047
:10A768005431001078310010923100109C310010E3
:10A77800103200105F000000060000007075626C67
:10A78800696300000A2B06010401819B190100007E
:10A7980000060A002B06010401819B190100000034
:10A7A80000000000000000000000000000000000A1
:10A7B8000000000000000000000000000000000091
:10A7C8000000000000000000000000000000000081
:10A7D8000000000000000000000000004E9B001078
:10A7E8005E9B00108E9B0010AE9B0010D09B00104B
:10A7F800E09B0010569C00106E9C0010989C001066
:10A808009E9C0010029C0010229C0010FC9C0010D2
:10A81800209D0010449D0010649D0010849D001030
:10A82800C09C0010D89D0010E49D0010EC9D001005
:10A83800F49D00100000000000000000000000006F
:10A848000000000000000000000000000000000000
:10A8580000000000000000000000000000000000F0
:10A8680000000000000000000000000000000000E0
:10A8780000000000000000000000000000000000D0
:10A8880000000000000000000000000000000000C0
:10A8980000000000000000000000000000000000B0
:10A8A80000000000000000000000000000000000A0
:10A8B80000000000454E45524749532D312E312E98
:10A8C8003000000000000000000000000000000050
:10A8D800000000004C6F636174696F6E0000000037
:10A8E8000000000000000000000000000000000060
:10A8F800000000000000000002454E000000C0A853
:10A908000016FFFFFF00C0A80001080808080000A3
:10A9180000000000000000004F4B0A00485454504B
:10A928002F312E31203530332053657276696365B7
:10A9380020556E617661696C61626C650D0A436FC2
:10A948006E74656E742D547970653A206170706C00
:10A9580069636174696F6E2F6A736F6E0D0A436F56
:10A968006E74656E742D4C656E6774683A20363265
:10A978000D0A4163636573732D436F6E74726F6C58
:10A988002D416C6C6F772D4F726967696E3A202A7A
:10A998000D0A43616368652D436F6E74726F6C3A7C
:10A9A800206E6F2D63616368650D0A436F6E6E6577
:10A9B8006374696F6E3A20636C6F73650D0A0D0AD4
:10A9C8007B226572726F72223A224F7665726375C6
:10A9D8007272656E74206C6F636B6F75742061633F
:10A9E80074697665202D20726564756365206C6FC7
:10A9F8006164206669727374227D00004854545063
:10AA08002F312E312034303020426164205265715C
:10AA1800756573740D0A436F6E74656E742D547981
:10AA280070653A206170706C69636174696F6E2F2C
:10AA38006A736F6E0D0A436F6E74656E742D4C6584
:10AA48006E6774683A2032360D0A41636365737322
:10AA58002D436F6E74726F6C2D416C6C6F772D4F38
:10AA6800726967696E3A202A0D0A43616368652D29
:10AA7800436F6E74726F6C3A206E6F2D63616368FA
:10AA8800650D0A436F6E6E656374696F6E3A206375
:10AA98006C6F73650D0A0D0A7B226572726F7222E4
:10AAA8003A224D697373696E6720626F6479227DFB
:10AAB80000000000485454502F312E3120323034D9
:10AAC800204E6F20436F6E74656E740D0A41636388
:10AAD8006573732D436F6E74726F6C2D416C6C6F60
:10AAE800772D4F726967696E3A202A0D0A436163B0
:10AAF80068652D436F6E74726F6C3A206E6F2D63AC
:10AB0800616368650D0A436F6E6E656374696F6E85
:10AB18003A20636C6F73650D0A0D0A00485454504F
:10AB28002F312E312034303020426164205265713B
:10AB3800756573740D0A436F6E74656E742D547960
:10AB480070653A206170706C69636174696F6E2F0B
:10AB58006A736F6E0D0A436F6E74656E742D4C6563
:10AB68006E6774683A2033300D0A41636365737306
:10AB78002D436F6E74726F6C2D416C6C6F772D4F17
:10AB8800726967696E3A202A0D0A43616368652D08
:10AB9800436F6E74726F6C3A206E6F2D63616368D9
:10ABA800650D0A436F6E6E656374696F6E3A206354
:10ABB8006C6F73650D0A0D0A7B226572726F7222C3
:10ABC8003A224D697373696E6720666F726D2062F1
:10ABD8006F6479227D0000001F8B0800B6C1576999
:10ABE80002FFED3DFD73DBC68EBFDFCCFD0F1BB54D
:10ABF8001752AD294B72EC38FE5026CD47E3BB24E3
:10AC0800F5C4CE756E72996445AE2C3614A94752B8
:10AC180076F452FFEF07EC07B9BB5CCA523E3CF72B
:10AC280066D2F7A616492C16C00258000BB2477711
:10AC38009EFCF1F8FC7F4E9F9269394B46FFFE6FF0
:10AC480047F22FFE6234825F841CCD58494938A5EB
:10AC580079C1CAE3CE9BF367C17E876C6BCF523A4A
:10AC680063C79DCB985DCDB3BCEC90304B4B96023F
:10AC7800EC551C95D3E3885DC6210BF8C51689D31E
:10AC8800B88C691214214DD8F1A0D7EF084C655C37
:10AC9800266CF4F4D5D3D7BF9F9C91D3276F484037
:10ACA800CE5859C6E94571B42D9E72C0A25CCA9FA0
:10ACB80084FC423E8B1F84CC687E11A707A47FA822
:10ACC800EECC6914C168FDD638FB1414F13FF9DDE8
:10ACD8007196472C0FE056F578028407133A8B9348
:10ACE800E50129685A0405CBE3897C7E8D721158E9
:10ACF800A2653DF198861F2FF26C9146419825591F
:10AD08007E407E1AD04134DCA9D0AADBEC1EFECFEF
:10AD1800C6466B5425FB5406110BB39C967106CCA2
:10AD2800A459CA1A6828A50D1C07D3EC92E5352644
:10AD3800053B9934A8EF95D97C4C3558BE3007644B
:10AD4800D0EFFF4735D794C517D3F280ECF6E7B5B7
:10AD5800781C9C0EEF0DEFEF0C2A88282EE60905CB
:10AD6800E14D12568FA3497C910671C966C5010948
:10AD7800413358EE582432ACE76A103B1DD4F4F244
:10AD88005582556440736F98B3D9E13A5CA352D2A7
:10AD980038D585E4A67695384067431F9E5C4E41BA
:10ADA8003B5136DDC63C451C31977887C39B44C967
:10ADB80076863B61533038AE52E1E63C8BA49E2A3E
:10ADC800890B900CDA87A53AC23882844DCA03B73A
:10ADD8009C3574495C63ACA8182015378FB4F5D03E
:10ADE800C1E7CEF85EFF5ED4403383C509A4E7D03F
:10ADF800D61A560626774BA5BA8B734E92EC2A8044
:10AE0800B5A48B32B3914F87B69F00B32FCB6C0696
:10AE18006AD7DBAD35A81A3077F8150EE85A88924C
:10AE2800968BA23101282E10AE6BE7066B3E30746C
:10AE38004538AA9C46F1020CE85E730DE274BE2800
:10AE4800B7C4EF82252C5417E85068CEA86341F7A1
:10AE5800B5197492EF35EF2B59ED3788B2D4AC950C
:10AE6800529DF926DB2BCC76FB17F27BCE96245B22
:10AE78009404F888B23459121F260D581497749CFC
:10AE8800B02E99C42C890AF2CBB6268CB70AF89D45
:10AE98002589C60321AFB7E00B105BA46E0B2CF617
:10AEA800DD0A4BF5C0A5EAC8E10EF8C57E83C307E5
:10AEB80094EED0A821C401D85691257104D631B991
:10AEC800776FB71E98CD6918974BDD04C2455E644D
:10AED8005CF2654013D07A16AD25B593D300C99BB3
:10AEE8000BD60A526619F1E309A1E992004F20082E
:10AEF8000D38A1E0A4BB954C7BF13CE0C374140D64
:10AF080051BAA1FE7F8BAA372ED3D5EE6A42EF57EE
:10AF18007AD9A2F7A6971CEC697ADFD4ED9AAC79B6
:10AF2800161B7BE10AF3D1F6BC7EEF81C363211FB8
:10AF38006B38DFC1649FB21DE760B54E2BC7EFEDDC
:10AF4800ED6D24DD4996CFA4367CFEF220A1D50F05
:10AF580039274AE89825CDF066AFDFF46CB9D8D622
:10AF680007FDD518852297CB3984B9E8023AEFDA7C
:10AF780077A819FD14A82DBFEFC20B616F5EB6EC60
:10AF8800B0EBA882DA9006EEB880A30F8A4518B213
:10AF9800A258AD0BE35D36ECAF153C09A42CCFB33A
:10AFA800D5EA15EE0DF787FBEBA0FC496C9BC10CAD
:10AFB800A8A417CCA11D9A85E98EEDE49480C472EB
:10AFC800648E2F0BE14B54B4BAAAAF50BB0B3A5F57
:10AFD8007F13ABD6F1DEBACB78839EB89C6943ABBE
:10AFE80077B4F882670F9C9FF628DBA548FDB59DCE
:10AFF8006C2B71C59CA6CDE4437716DC815DC93006
:10B008007A9C250D5731D5356B457021E2AAD65D5E
:10B01800A0B20E67B036DD6906760319D8D911DEFD
:10B028006A8B28646A1AF020647532252907740926
:10B038009D17E0C2D52F6700E67446D674A5E6A52D
:10B04800C1E5973124266AE901495B7665FA8C8A5D
:10B05800D8DD8A56DDD04EC1C618C4096F4E6ADBEA
:10B068009A8B7B8123993258D86B351A335FB4ECAD
:10B07800430F306BBF681A1424F053083BAE90A7F7
:10B088007D999390FC624CFDFE1691FFEFEDEC76F6
:10B09800BF40A9157758FAB8394FFC6B5194F16441
:10B0A800A97296033482900563565E31967EC9BEB6
:10B0B800E65C79415410D23C6A0BA04C477473A4E7
:10B0C80064497DCF29F5617B1E70239DBD56095EBD
:10B0D800E4711DD3E14500829963B489E6B198A56E
:10B0E800054ECD557592EBB99CF4C6C626F98D442C
:10B0F800CB6B4B56794179AABDFE9AEE00D282728B
:10B10800310FC634BA60CE5245BFB7EF2A5558E161
:10B11800A591A8EFB5D38C25B7D54E47DF5FF6FBD1
:10B12800AE25DE5F6FA35A439F746D1C4C86C3E146
:10B1380083356B5F90F5171F5B37EA759425677346
:10B14800464B7F7F8BCCE21478F6EF03AF5BA83DCC
:10B15800DDAEA93AAEA8914F8F0AF4D56142BBC7BC
:10B1680033D31B5DFA6B877C372F41C319193436EB
:10B17800D48786585F2CACECE746E5535AAE867FF9
:10B18800BE61FF6A9366EB7A0039417E430A1285F5
:10B198003BBBF776DB86AE910385FBC39D1D670E2F
:10B1A800049A08AE7BE5E0E13EBDDF323B1FBCC63A
:10B1B800FCC3C1FEFECE7E1B8AE59AF997BE559F59
:10B1C80067B428EB5DBAE49775869115B128274FC7
:10B1D800E24FACB628B15ABA9E8995DFD5BC4899DA
:10B1E800D3B4C04CE840FC44E3F30380D822C14008
:10B1F800AB7F6E9C03AFD4767D8FDF436CF76ED840
:10B20800E3ABDC5F3334915C07EC122CA1B06249EC
:10B21800CE8B148A1C4B7AC382305AB0AD9AE9EAB5
:10B228005E35F09F10F6463CE1EB6B3B83E6E6DDCE
:10B23800C9395F91DE8AA48C6FE3F7A39DE14A9B2D
:10B24800DFDF67D5466F236F4DCE00F518881DAE3A
:10B258000CF3C3C9DEDEFD072DA8E37492B5601EAA
:10B268003CB8BF17AD247A3878B037D96993C83459
:10B27800BBAA313B2A382BF4AFDF7558C299F0507E
:10B2880024CAB33928502AB6C6CA347E521E4C5432
:10B29800FD9AE9543F9CD6580939DAAE4F9B8E8AFD
:10B2A800308FE7A53C79DADE262F30441081026C16
:10B2B8004365BE245396CCC1F8815E52603D04FEBE
:10B2C8002C0BDC33E4294DB14C433259A4DC7D927C
:10B2D800092BC3E99F71397D8D83FD459E6C8108DB
:10B2E80084673D269FAFB7082D71C32BF172B73A1B
:10B2F800397BC2C0A1BEC47B3BFD7E572BFEB392F7
:10B3080044F80C9E98A09A9EE6C447B81860FA873D
:10B31800F0E7A89A03AE7EFD554387B25FEA9768C7
:10B32800C729F8951CC6D22B1A97820183EEDA2218
:10B338006B784C4BAB21790F2F7D138E534E4B0AF4
:10B3480050E922498C679C08F5F43FCFFE78D59BDD
:10B35800E341A48F68BA87E49A84148820FE7B208E
:10B368001D1500B6E92C678403C1B28B6554FFC470
:10B3780013E2E7BDEC23B97B57A0BC732CA6EC9A6B
:10B388008C125CCF459E7220831C035D39CD417DB4
:10B398005376459EA2F1F93EC729710B83EC92873B
:10B3A800DA153920BEF7FCFCFC9478E4579085A8A0
:10B3B80081747569540C318B26A41D960D08AEB4A2
:10B3C800222083AE248219540A592361A779368B27
:10B3D800415CB0ED93E311D678CFE319CB1625DEA7
:10B3E800D912FAD2355743E9D04B5A4E7B1054F94B
:10B3F80043F01E1294FC428606B5EAE7B56634DCD3
:10B40800389ED33482A8FAE454162E2E21828AF864
:10B41800A92681273CB20F687449D3908931955980
:10B42800484876323FC1913E1F6FE939C02C18D782
:10B438007378D6E3573D88041348C0FCEDFF7DB20E
:10B448007DB1453CAF265481D72CED823D892B0830
:10B4580019813BAE2F2769E973D02EF9FB6FF02FC6
:10B4680035026D1E40C3FF1E2AAFC3D97DA4F183E8
:10B478004BB50391CF450C6BC4C330165588601586
:10B4880005B9094B2FC0338DC08C8D951646930A8C
:10B49800A311F3E2C5D384CD00D7593C4E60977D04
:10B4A800E8B8A72D0BCE82000F7B25BD7885A902B1
:10B4B800EA8D77F2EAF4CDB9D7E5C87B932C5C1412
:10B4C8009A215EDBCE749BFC0E9286059C800EE969
:10B4D800B5366BBD2E5879327F0630BFE3439F8364
:10B4E8009C445DBD1C841CC953876312C1C4487643
:10B4F800EF1F0B962FCFB823CEF24749E27FF8E92A
:10B50800E7CF72F8B580FF50D3272DF2519ED3654F
:10B518000F49128A51746109E7E2376AB8B652DDF9
:10B52800DE5F1003F85ECF6BEE14DBD85B80CC9542
:10B53800D90AD60A64ED3C3318033F3CD7984351E7
:10B54800DFC13B82BE439369502BCE733CEF411C55
:10B558001C973A31DF4A30623C96AB9F5270C74223
:10B56800144065D71207CCC0C9791BBF43F5F6FA5A
:10B578006EB1E08E2C8F34656DD6160A409C710032
:10B588005F026C1119D934165D207A125FEAEC81DA
:10B59800C248CDFD6D7912F99E5909D6E4538DE65E
:10B5A8009BC66379367CACE872C085092D0AA1F088
:10B5B8008A2670C09E28B91B95710F7CB1719F3B7C
:10B5C80068CF819347003D99C8005E6F9C64E1474E
:10B5D800CF213BE9F378E4582CC6E0780B10982586
:10B5E800BE29073AC3C7A5CF83534D6AFC1A9334C3
:10B5F800FCFB844DE822119BA5E66AA455F2352D83
:10B608002C559A037D963D7AF15C24D80DC5BB0074
:10B61800277BC559B287C8272DE380B594958E61DD
:10B62800E241CBA8884735F610B8ABC16B5C9E8267
:10B638003BC753492E4CDC414D6C78FB890C196093
:10B648009B7B262F8540C1EBE53051578F7BF863F4
:10B658002CA3A2403C6EC42D8F25F300237FB50197
:10B668000A76BD2D2990363060116022111C691CA4
:10B678003E11E76D42534A325E94A552164DD2F000
:10B68800E837C8D1DBBC83EF8971F2704A0CE8BC9B
:10B69800D38D48E1E855077CC71055D91BD81983C5
:10B6A8005D5955992B467880E76DD379BCAD9E01DD
:10B6B8002FDA6E3563E5348344C03BFDE3ECDCDB15
:10B6C800AA1F880A20E45D4610E349230ECE815C58
:10B6D8000F2D700E6E31E471C1F6A7E0EAEA2AE098
:10B6E800C76E1053B234CC2216E938AFB5DFD88311
:10B6F80075C0D7FECDEB17678CE6E1F494E6745677
:10B70800F84AFA5DC831CECA1C68F6BBD526D7AD53
:10B7180031F4CA294B310C9A83AC193A4BF5BBF773
:10B728005791A57EB7012BA2D051332ED3E33D3BD1
:10B7380028D49E6912E72B533B524F75BA91825E0B
:10B74800C20A49273581D07479879C4F19114D74E5
:10B7580090A72409D039CEB2B2D7EB795B7C256D9E
:10B76800C49A725100171B8411E2B5EE349EDC3D79
:10B77800845679DD6A5B610972CE125B8B1C73F3A8
:10B788002D248404B1C40CCC0EF4AB0798D438D261
:10B79800059EB58373430F0ECE425EF97EB72179BD
:10B7A80052E30A8243F309AE4A3DD311643B8D103C
:10B7B8001F8627A037D50C6AE2EEA10D7705397FE1
:10B7C80076D503B7CF151522CD24A3916F035E83D9
:10B7D800780AD69C465BE70F5FB6CEC4FFF973C5FF
:10B7E800CD75F743BDECC6FC46A2B2C54B1446B0B6
:10B7F800AE2B34CF327C9195D882C585C860CFE313
:10B808004F7D8FEBF101E85AA5C54EDEF8D39E3A7D
:10B81800CFC508E3198D515120C4426E89E64126EF
:10B828001424656172F9290E67B0E0D8765FC062AA
:10B838006033428ED181E9C2E4CAD1287A8A1BC317
:10B848008B18B2F194014FB8804087A5554E7FF709
:10B85800552E436169C8D8082DEB3D7AAB62A0A785
:10B86800EF50CD11E616AD0D6B6C5ACDB1C63EAD9D
:10B878000DB5F7B1E6C87ABBD686595B9BE160EC9B
:10B88800586F4643702A2A1EAD50C06DAE31DEBADD
:10B8980078B02F9726EFD3C56CCC72174603A0C299
:10B8A800BD06E6499CCFAE20F2787F09DB57CC7DF8
:10B8B8006003B90DB309FE29CDA39BF0DB309BC90A
:10B8C80046B890F739BB68416F006C42BB34B2F799
:10B8D800490CA6EAC26C006C8219B84D01433B665C
:10B8E8000360239AF3981F8FAF20DA80F82259E378
:10B8F80071DC0A49E3E3F5A8557B8C0B997A7678D5
:10B90800F356EE7F102D4BA2331FCB45EF172906B8
:10B91800866F39D6E3CECF9F2BB4D5D3EBCEBB0FF2
:10B92800DD5E3865E1473D48FC26DB0741870BD3E0
:10B9380055DCDCBC9F68DB47E2F2F0AE6DE4DA8AE6
:10B94800B1F9D6208FF5ABFA11DC93BD0DD516AE43
:10B958008D8351C7F84FD5FFF092A6B0A1CD78EAF4
:10B9680089FF08300C65246210D5DB778738F0ED45
:10B97800E738DA42996FE1C1E2F53B3C8425BBF533
:10B9880000597D169855B51307C6110119E1650DC3
:10B99800CC2BE458ADCBEBBAA82315E7673FFEAC38
:10B9A800B880A00082EA460A8E815BBBBEF149B42A
:10B9B8006C81973358D22867F0C82D41563D954081
:10B9C8001B63706A516412797457415B69358F90B3
:10B9D800CC0178BA50C3F32B0DDC48E905B9BC7823
:10B9E8000AE03A94552028EA6AD86506C205886CA8
:10B9F8003201A1FF8975FE067A8C0B3048807D05DF
:10BA0800246A89A35E87AE88185505557BA09DA931
:10BA1800698BA6555B45A061CC97B35976C9D49478
:10BA28005B58CD6F1E69544B8D0A759EF1EA978F4E
:10BA3800BFB57506FDC13B24A429193322B73CD0F4
:10BA4800278AD0249B40B204F648D342674B14D2CD
:10BA5800E24243A9569DA3E365B54BA4FACE9DCB1C
:10BA68006EAF80348D61A574BF8BAF5280FD0B0C17
:10BA78003E5C4F2058F5852D1A80560500BB914530
:10BA8800BAEE1A6901CF00F415E744B23B1A8D48A3
:10BA98007FE549C6BE3CC28079B0C6750C84FB33CD
:10BAA8007297F803727444E26EA3960880ADF2E6CA
:10BAB800B23BCF5EC2DC3EFCB6EACF333EEB3AC4C3
:10BAC800A0A8613C10D485517F1F57D4D8C4CC0C92
:10BAD8000E9B0481EF8384BA725CB699E3AB1FAB0B
:10BAE8000C5DF536219CA6E078D98B5388899F9FF9
:10BAF800BF7C8126E6AD646BB7794C242B9D585EDC
:10BB08001473C0AAA691FF0955E7530F8C0FAD3CDB
:10BB1800E625F5CFE0E80E48BCC5DF1883EC1F5CCE
:10BB2800382E2E1EF35E1FDA18F109280A9AB3A6DA
:10BB3800FB73DEB3D16D40F3BE238DFF3067100871
:10BB48004B11C03E1D5F7AC62000375D8BD6BF649F
:10BB5800EEFE02BFEC685A7F0631C09C43DCF31A44
:10BB6800C4F30EA43F733ADF84837AE48A51D898E9
:10BB7800690CE3039C9CF3275E03D4F4AC9EDCBB06
:10BB8800D005FB31FC6BD0408E7CF4E87C0EFAFAD1
:10BB9800781A2791CFEF76ADE3096B2B142AE23898
:10BBA8006D140D551B3048C4109345A33DCB73400D
:10BBB8005B5CCA636413D2CD1D1F6F9D89354E73BC
:10BBC800808C9374D5EAF270CDE0438E712E150FF8
:10BBD800371DB0FC006C9A254253BDA758D1206D83
:10BBE800C0109BBC106750C764B8EB00A84E0D7A14
:10BBF800BCDBCC8EB915185A38F9A05116FCFC39A3
:10BC0800BEFEE0B021D536B4BE92CB114E21C86736
:10BC18004D6BC262835533B5A651D52D6DA81CD482
:10BC280013710951200E088316EC9FAA7A7F5CD005
:10BC3800B662C16D1718ECA8B06F7E04101129E028
:10BC48007D611B7EDCB4FA88251B3328C6ACE04F27
:10BC58000238D9CB59E400B5787B02C947C91C70B2
:10BC68003673110774B1A7D65B373029A29BC0C4BD
:10BC78005C662142FAE08633422376F86A1D4E6AF2
:10BC8800F70D509290C6CEA2C388615D873DE04E05
:10BC9800669D8DDD600F7284B948750FA52EFB6A0D
:10BCA800F70EA762FB86BF3C2C09A7D6065E555E39
:10BCB800B10F727D5A081FE020056F7B8ECA6E3265
:10BCC8004E56A0E76FED5813C0085BC91E3FE75BEF
:10BCD8000F3063ED3D552030DEC8CDC2B07165141C
:10BCE8003CF71D679F3C1BA04E8AEFDC9171C9DBB6
:10BCF80070FACE06335C217AC1209CC25F412C7752
:10BD08008996F0743D0166BBAB21C2B109A0B4416C
:10BD180087C141CE0E0D8766CAF13A388F078D3933
:10BD28006150A34980C868546E93A2EAE0B7272FF0
:10BD3800F8BE034060308D677F6F4EFCB8D9204055
:10BD480079AC77637AB0BE5EBBF4C10A8BB5B58AAD
:10BD5800ACC532FC8D586E915200C2BB7735A570C8
:10BD68004A8787F4760ED1786BDFEC07330A1346DF
:10BD78007AF79A4B1B4295822571CAF0958C7836D2
:10BD880063510CBA9D2C49919145C1F202124E465D
:10BD9800CA2923BBD87E56573CACD4A13E1AACCA9C
:10BDA80007DE0B599E51213C3F5B92A9B9D68CB74F
:10BDB8006CCA57B666691D61754B9BA8A403DC2441
:10BDC800BE08246A3C3FD44E0789F7280CD9BCB476
:10BDD8000F03B19EEE916B3CC7D8E3B9B1BE1E7597
:10BDE800E1A56AB932D3597EE826A1BA550F961A49
:10BDF8007680F51A6D0FB6AA32154E740B903DF386
:10BE0800B11248942C54D95921560F0FECFEB5366F
:10BE1800C9D7C78655BB189A1CAE004EC04F774C81
:10BE2800170D5AF01B05754B2302D9154A8915952C
:10BE38001CD24CBCBABB244B561ECA66443AC1E855
:10BE48008FE22AE7D8DE02A12199B33CCE22BBE0DB
:10BE580026754015BC64F320FF4CC6964006BFDC2F
:10BE68002A218F085499435361C7F993E37CCC3155
:10BE78003DE2C073DFBAD2E4EE38AB1AE58CEC9C35
:10BE88004BEA194D126C53C5DA21B6CA2D95A40E8A
:10BE980061B1C5C91A3728746E05EF47D3FA452131
:10BEA800207E95A5CCA56D2BD566EDA5D778B64A8D
:10BEB8009CCAFAC86B53E8B2A6A6E36891F9D09079
:10BEC800F9759B43D6C3CBA627C6D8E769B286DBEC
:10BED80054D17EA4BBCB1A07DA92C4F550229549F7
:10BEE80005E6FEDD5E99C733DFAA3D2218B6726A01
:10BEF8004212698C9852E0F507C170577C92A6AB44
:10BF0800CB47552D6B2DE19D7030A46AB78354C77C
:10BF180042CF63177C193EC9C0FC7C2CD902CC6A7D
:10BF2800B4BC068435B7E396BDED2EE97F7AF64CAE
:10BF38008BF964368B5F8E3976B62DE82FAC454B7E
:10BF4800B907FB9E8830B93560EAD00215A3BDC891
:10BF5800660798BE058A6782A2F8D202813CD59806
:10BF68004451D00D99633BE87B273C5AE058FAAA24
:10BF7800309BCDC1A18FE3242E97AE63D6E6E6B001
:10BF88005173C997749438FA48386BEBB48B882D81
:10BF9800BB79E6B1760BB36A8316E7C58766BFEF50
:10BFA8005A0DCC7778073364E3AE76E36EB34582F7
:10BFB800671AC585BEB1ADE84FE6192A9970BFE486
:10BFC800590D06766B0B60EDB67747BB5BA89B22D5
:10BFD8007DCF85D9DC09448B84B90F5887372D6705
:10BFE800523642BC055CC39FAA3DE1A17165B1AD63
:10BFF8009BFE757B546BA6B14D37FA35C62E706F14
:10C008006CEEAB2DCB36A8AFB4A3AD1B62B72DB782
:10C01800716D60558D37109C4167654CCD16A01B1E
:10C028006CC5D5AB650235CC43143994A6D873B624
:10C03800BE36D0D6D5AF91E96A5012355EC7FB132C
:10C0480052D9453DC5F39A3D4B366B88042B78ABE6
:10C05800E9BF76B2F3F9BACDCA37B066A1D1B766EF
:10C06800CF269F6B5A34902153DA6F63CF6BD9A9CF
:10C07800AA4D0B7BFD61A7DFC64ECFEAE3F67F5DD5
:10C08800635D8389EF61B1EA253A197217BCC9F972
:10C098007676E126C36B9A2E3F9957C6FB4DB76259
:10C0A8008ED9FB61BBB767BB8F51E2FFBA56BB9213
:10C0B800FCEF69AF5C536F6F8B35F85C6DA6555319
:10C0C8009522F589AAB7682D5556AB83555CB64DB0
:10C0D800FACA3A2E77BC55A44CB3CCB3A4B09B9CF7
:10C0E800707CA3CD096F36DB21AC4E0BFE79B1F520
:10C0F8000F32F835BE0AF2A804EB1C2F4AE67B6023
:10C10800E67C958CB7911B63ACA38F4760FECB2070
:10C118004B0339ECC033E9360E131041B741BB7CF1
:10C12800ED79C571BA4D89B8214E366C7AEDFE9E0F
:10C13800798985B315D8C55BC29EFEDE3E1F521DA8
:10C14800357BF896BED7786C09E295012429D4B9D5
:10C1580097E3EA7940FFF02C4154F744EBBDAAEA93
:10C168008D97BC20F27D9A5EAC82EF1DD038D4C783
:10C1780038353A2B2BF16D223A2E9D4A702AC8B4D5
:10C188009F9B929327F960D8E297ACC0A9E2D84365
:10C198000580AF29371B3DCCFAA34BE88EA310903E
:10C1A800BC882110BE7E0F568E57E437DA41E45B17
:10C1B800D90FA5460045924303D058606E1EC6B9F4
:10C1C800088605539A5EB043391FD6D7B98A724F8D
:10C1D8005958C464A980AECEA91BEBAD5E4BA969C2
:10C1E800B71698031C2B3DB64F598D10E586C2B87B
:10C1F8003C928DC45B9BD5BBC95855B74E09F90B0A
:10C20800A8C52BFA8AA718560EE3AC9CB7BB0DC17C
:10C218005AD7FA0482FAEEC1D1B6FC2838FCC48099
:10C22800437C16218A2F093F043EEE888F3577E438
:10C2380027128EA683EA7BDE83FEC92BD9491BE130
:10C24800C7BD01D5400CDF86F10D44D5F7C52A5C82
:10C25800DA43F9C161F5081E2E9251CDE751128FCC
:10C268008E2899E66C221081F7EFE177CD3BA3C7C2
:10C27800E2EA689B8E8EB601AC6550DD87CF47D564
:10C288005F215F3D0CBFFE20873C879F3781E3918C
:10C29800DDFB194D175491F706EEA090E0CE4D83C3
:10C2A800F1FDF9198F044D14A779760161ED0C356C
:10C2B800BD05D3D17625AE5AF8A684F56F316B62E9
:10C2C8009E0E3559C045F50087C61108CE7893B73C
:10C2D80043F8ABB3C71DF3938E9D919AB61A7F2787
:10C2E80008C819F7CA8F7920BD10DF3F2F0876C814
:10C2F800F2E311D02C12041A293B23D700206B47F4
:10C3080003CA4D1225778D8FD87574293B004508CF
:10C31800AF43993C1B7146CD5E056A5FABA17A4F6E
:10C32800A63DAC2123FE222CB0C85F9302656BBEEC
:10C3380046DC19E92D2647E24B81CA668CEF075A7D
:10C34800AC94F9C88C4A8FCA686447BB28F227E2C4
:10C35800E5344D09761C70F9C87C79C2166BFD610D
:10C36800D54E6334AA398FAF000814A77E7DA2A3E7
:10C3780026C7E39A03506884720D176FF36BDF6A60
:10C38800E5A2D631C9FF5E81716B463F894DF0B891
:10C39800B333EC4058F88F450CA174933B6B59BEEE
:10C3A8008E3FF54647C5DC0B796373062B5492BB69
:10C3B800FA7A53D6CC7B0D4D68D38D57ACBCCAF2F4
:10C3C8008FB7A11CA3978F1E9347E223B09B4B6A9C
:10C3D80046432524FE537DC5FABBADF5E8E4741D3C
:10C3E8006A955750EF0276D41CE6B7565DF3387954
:10C3F800D5D7BD039E83431C77ECCFAB94D3B8E865
:10C40800AE500B8E1DBB6C473D0805F0EF8FF96FE2
:10C41800777E97617E43EDFC5DBC30BA8E6A1A2F39
:10C428009DFED0CF1FF3DF867E9E89CF8D6083C5AA
:10C438003A3AAABFDCFC43457FCC7F1B2AFAE4D5F5
:10C4480019C43DF925CBD7D1D0EA25FA1FEAF963FB
:10C45800FE35D47365400E37EC907AE37CEE248287
:10C46800F4312E97DF3D9F333ECA808515BC94AFCB
:10C47800796E1EC89BD864486FDDFCEEC1BD60CCE8
:10C48800FE204467F44CDE21FF2DEE6CCE5E03A740
:10C49800E4B079FF9698B4BF4AD1193D9777BE9C0E
:10C4A800C9064EC964F3FE8D4C7E61DEAA52EEDBEE
:10C4B8002A6688AF6E5419FF6B7EF9C5050D89CDC4
:10C4C8002C69A89BB7A417C6473F3AA3C7F23B0DF0
:10C4D8002FF07273C64C6C9231EBE62D31667C738B
:10C4E800A433FA535C92F329A4F2F896E5E6CC99C2
:10C4F800182573D6CDDB5A35E3AB27B06CF2FA6B4F
:10C50800D8B370AAC5B3EE7E9D25CB0D4FBBC48AA8
:10C51800A659FA044B3E67B339CB69B900EFF42644
:10C528008D4BCBBC6DC35E478606D3F8E1F24C72E7
:10C53800CD92225E148ADDFA6B2B447E6CA50290A4
:10C548006F0C9958F5359180A3C7E24773019A3A61
:10C55800F035944F28AC753A65F55A3589D7605A45
:10C56800E9D6619E55BFBF37F51F597219A7ED94DB
:10C57800CBE7AD54ABE7FFC5FFAE45EDD8503DF175
:10C588000E2D313EBDA898199780993715D70551BA
:10C5980001AF95F891633E817D1C639D8A21B7FCAC
:10C5A800CB229DFAA48D5F5108768224BE84F9E7D8
:10C5B8005912974CDEA265368B4300CB17AC3E5917
:10C5C800000AC4A91D3FCAC3FFD2EFFF01610934A5
:10C5D800E5017800000000003C21444F43545950C5
:10C5E800452068746D6C3E3C68746D6C3E3C6865B3
:10C5F80061643E3C6D657461206368617273657443
:10C608003D225554462D3822202F3E3C6D657461DD
:10C61800206E616D653D2276696577706F72742250
:10C6280020636F6E74656E743D2277696474683D2B
:10C638006465766963652D77696474682C20696E12
:10C64800697469616C2D7363616C653D312E3022AC
:10C658003E3C7469746C653E454E455247495320CB
:10C668003130494E204D616E6167656420504455F4
:10C67800202D2050726F6772616D6D696E67204D55
:10C68800616E75616C3C2F7469746C653E3C7374A3
:10C69800796C653E2A207B206D617267696E3A204D
:10C6A800303B2070616464696E673A20303B2062D9
:10C6B8006F782D73697A696E673A20626F72646564
:10C6C800722D626F783B20666F6E742D66616D699E
:10C6D8006C793A2073616E732D73657269663B20BD
:10C6E8007D20626F6479207B206261636B67726F63
:10C6F800756E643A20233161316432333B20636FB5
:10C708006C6F723A20236534653465343B207D2094
:10C7180061207B20636F6C6F723A20236161613BFB
:10C7280020746578742D6465636F726174696F6EC7
:10C738003A206E6F6E653B207D20613A686F7665A2
:10C7480072207B20636F6C6F723A20236666663BAB
:10C75800207D202E746F70626172207B206865696D
:10C768006768743A20353070783B206261636B6784
:10C77800726F756E643A20233234323733313B207E
:10C78800646973706C61793A20666C65783B2061E6
:10C798006C69676E2D6974656D733A2063656E7494
:10C7A80065723B2070616464696E673A203020329C
:10C7B8003070783B207D202E746F70626172206823
:10C7C80031207B20666F6E742D73697A653A20314B
:10C7D8002E3272656D3B20636F6C6F723A20236650
:10C7E80066663B207D202E636F6E7461696E65728C
:10C7F800207B20646973706C61793A20666C657877
:10C808003B206865696768743A2063616C63283106
:10C8180030307668202D2035307078293B207D20F7
:10C828002E73696465626172207B2077696474681D
:10C838003A2032323070783B206261636B67726FE6
:10C84800756E643A20233265333233633B2070615E
:10C858006464696E673A203230707820303B207DFE
:10C86800202E7369646562617220756C207B206C70
:10C878006973742D7374796C653A206E6F6E653BBD
:10C88800206D617267696E2D6C6566743A2032306E
:10C8980070783B207D202E73696465626172206C1C
:10C8A80069207B2070616464696E673A203130705A
:10C8B8007820323070783B207D202E736964656261
:10C8C8006172206C693A686F766572207B206261BC
:10C8D800636B67726F756E643A2023336234303449
:10C8E800643B207D202E736964656261722061203B
:10C8F8007B20636F6C6F723A20236363633B207DF8
:10C90800202E7369646562617220613A686F76658A
:10C9180072207B20636F6C6F723A20236666663BD9
:10C92800207D202F2A2052696768742D73696465F9
:10C938002061726561202A2F202E636F6E74656EE8
:10C9480074207B20666C65783A20313B20646973DB
:10C95800706C61793A20666C65783B20666C657806
:10C968002D646972656374696F6E3A20636F6C75C4
:10C978006D6E3B207D202E7064662D636F6E746132
:10C98800696E6572207B20666C65783A20313B20A1
:10C99800626F726465723A2031707820736F6C69C7
:10C9A8006420233434343B207D202E6E6F74652040
:10C9B8007B2070616464696E673A20302E35726539
:10C9C8006D3B20746578742D616C69676E3A2072CE
:10C9D800696768743B20666F6E742D73697A653A6F
:10C9E80020302E3972656D3B207D3C2F7374796C35
:10C9F800653E3C2F686561643E3C626F64793E3CED
:10CA080064697620636C6173733D22746F70626130
:10CA180072223E3C68313E454E45524749532031CB
:10CA280030494E204D616E61676564205044553C25
:10CA38002F68313E3C2F6469763E3C6469762063FA
:10CA48006C6173733D22636F6E7461696E657222E7
:10CA58003E3C64697620636C6173733D227369643C
:10CA680065626172223E3C756C3E3C6C693E3C617D
:10CA780020687265663D22636F6E74726F6C2E68F3
:10CA8800746D6C223E436F6E74726F6C3C2F613E06
:10CA98003C2F6C693E3C6C693E3C6120687265665F
:10CAA8003D2273657474696E67732E68746D6C22A9
:10CAB8003E53657474696E67733C2F613E3C2F6CFE
:10CAC800693E3C6C693E3C6120687265663D22683F
:10CAD800656C702E68746D6C223E48656C703C2FD6
:10CAE800613E3C2F6C693E3C6C693E3C612068723B
:10CAF80065663D22757365725F6D616E75616C2E3A
:10CB080068746D6C223E55736572204D616E756157
:10CB18006C3C2F613E3C2F6C693E3C6C693E3C612D
:10CB280020687265663D226175746F6D6174696F06
:10CB38006E5F6D616E75616C2E68746D6C223E411E
:10CB480075746F6D6174696F6E204D616E75616C7F
:10CB58003C2F613E3C2F6C693E3C2F756C3E3C2F50
:10CB68006469763E3C64697620636C6173733D2228
:10CB7800636F6E74656E74223E3C64697620636CE4
:10CB88006173733D227064662D636F6E7461696EA4
:10CB98006572223E3C696672616D65207372633D01
:10CBA8002268747470733A2F2F647669646D616BB0
:10CBB80065737468696E67732E6769746875622E29
:10CBC800696F2F48575F31302D496E2D5261636B65
:10CBD8005F5044552F4D616E75616C732F454E45FE
:10CBE800524749535F4175746F6D6174696F6E4D3B
:10CBF800616E75616C5F7265765F312E302E302EF6
:10CC0800706466222077696474683D22313030256B
:10CC180022206865696768743D22313030252220FA
:10CC28006672616D65626F726465723D2230223E84
:10CC38003C2F696672616D653E3C2F6469763E3CA7
:10CC48007020636C6173733D226E6F7465223E4978
:10CC58006620796F75722062726F777365722064CF
:10CC68006F6573206E6F7420646973706C617920CE
:10CC7800746865205044462C20796F752063616E76
:10CC880020646F776E6C6F616420697420646972C8
:10CC98006563746C793C6120687265663D226874CE
:10CCA8007470733A2F2F647669646D616B65737461
:10CCB80068696E67732E6769746875622E696F2F6D
:10CCC80048575F31302D496E2D5261636B5F504478
:10CCD800552F4D616E75616C732F454E455247490E
:10CCE800535F4175746F6D6174696F6E4D616E75D8
:10CCF800616C5F7265765F312E302E302E706466FF
:10CD080022207461726765743D225F626C616E6B8C
:10CD1800223E686572653C2F613E2E3C2F703E3C7A
:10CD28002F6469763E3C2F6469763E3C2F626F64BF
:10CD3800793E3C2F68746D6C3E0A00003C21444FDC
:10CD480043545950452068746D6C3E3C68746D6C52
:10CD58003E3C686561643E3C6D6574612063686152
:10CD6800727365743D225554462D3822202F3E3C5F
:10CD78006D657461206E616D653D227669657770B9
:10CD88006F72742220636F6E74656E743D227769CA
:10CD98006474683D6465766963652D776964746851
:10CDA8002C20696E697469616C2D7363616C653DD3
:10CDB800312E30223E3C7469746C653E454E4552B6
:10CDC800474953203130494E204D616E6167656493
:10CDD80020504455202D2055736572204D616E7585
:10CDE800616C3C2F7469746C653E3C7374796C6536
:10CDF8003E2A207B206D617267696E3A20303B20A5
:10CE080070616464696E673A20303B20626F782DE8
:10CE180073697A696E673A20626F726465722D620F
:10CE28006F783B20666F6E742D66616D696C793A18
:10CE38002073616E732D73657269663B207D206275
:10CE48006F6479207B206261636B67726F756E64B3
:10CE58003A20233161316432333B20636F6C6F7247
:10CE68003A20236534653465343B207D2061207B7E
:10CE780020636F6C6F723A20236161613B20746597
:10CE880078742D6465636F726174696F6E3A206E91
:10CE98006F6E653B207D20613A686F766572207BF6
:10CEA80020636F6C6F723A20236666663B207D2094
:10CEB8002E746F70626172207B2068656967687480
:10CEC8003A20353070783B206261636B67726F750A
:10CED8006E643A20233234323733313B206469732D
:10CEE800706C61793A20666C65783B20616C696783
:10CEF8006E2D6974656D733A2063656E7465723B57
:10CF08002070616464696E673A203020323070782E
:10CF18003B207D202E746F70626172206831207B07
:10CF280020666F6E742D73697A653A20312E3272DD
:10CF3800656D3B20636F6C6F723A20236666663BB3
:10CF4800207D202E636F6E7461696E6572207B2070
:10CF5800646973706C61793A20666C65783B206807
:10CF680065696768743A2063616C6328313030768C
:10CF780068202D2035307078293B207D202E73695C
:10CF88006465626172207B2077696474683A203234
:10CF9800323070783B206261636B67726F756E64C4
:10CFA8003A20233265333233633B2070616464690D
:10CFB8006E673A203230707820303B207D202E7307
:10CFC80069646562617220756C207B206C6973747A
:10CFD8002D7374796C653A206E6F6E653B206D61B8
:10CFE8007267696E2D6C6566743A20323070783BD2
:10CFF8007D202E73696465626172206C69207B20D4
:10D0080070616464696E673A20313070782032301C
:10D0180070783B207D202E73696465626172206C94
:10D02800693A686F766572207B206261636B67720C
:10D038006F756E643A20233362343034643B207D4C
:10D04800202E736964656261722061207B20636FA2
:10D058006C6F723A20236363633B207D202E7369D3
:10D06800646562617220613A686F766572207B2020
:10D07800636F6C6F723A20236666663B207D202EB4
:10D08800636F6E74656E74207B20666C65783A20D9
:10D09800313B20646973706C61793A20666C6578FD
:10D0A8003B20666C65782D646972656374696F6E80
:10D0B8003A20636F6C756D6E3B207D202E70646620
:10D0C8002D636F6E7461696E6572207B20666C6576
:10D0D800783A20313B20626F726465723A20317071
:10D0E8007820736F6C696420233434343B207D20AE
:10D0F8002E6E6F7465207B2070616464696E673A78
:10D1080020302E3572656D3B20746578742D616C06
:10D1180069676E3A2072696768743B20666F6E743F
:10D128002D73697A653A20302E3972656D3B207D02
:10D138003C2F7374796C653E3C2F686561643E3C96
:10D14800626F64793E3C64697620636C6173733DF9
:10D1580022746F70626172223E3C68313E454E45D2
:10D1680052474953203130494E204D616E61676501
:10D1780064205044553C2F68313E3C2F6469763E0C
:10D188003C64697620636C6173733D22636F6E74CF
:10D1980061696E6572223E3C64697620636C6173D6
:10D1A800733D2273696465626172223E3C756C3E10
:10D1B8003C6C693E3C6120687265663D22636F6E17
:10D1C80074726F6C2E68746D6C223E436F6E74724D
:10D1D8006F6C3C2F613E3C2F6C693E3C6C693E3C59
:10D1E8006120687265663D2273657474696E677341
:10D1F8002E68746D6C223E53657474696E67733C57
:10D208002F613E3C2F6C693E3C6C693E3C61206856
:10D218007265663D2268656C702E68746D6C223E7E
:10D2280048656C703C2F613E3C2F6C693E3C6C69D4
:10D238003E3C6120687265663D22757365725F6D5C
:10D24800616E75616C2E68746D6C223E55736572E3
:10D25800204D616E75616C3C2F613E3C2F6C693EC0
:10D268003C6C693E3C6120687265663D226175745C
:10D278006F6D6174696F6E5F6D616E75616C2E683C
:10D28800746D6C223E4175746F6D6174696F6E20A8
:10D298004D616E75616C3C2F613E3C2F6C693E3C64
:10D2A8002F756C3E3C2F6469763E3C64697620633A
:10D2B8006C6173733D22636F6E74656E74223E3CBD
:10D2C80064697620636C6173733D227064662D63B4
:10D2D8006F6E7461696E6572223E3C696672616D3B
:10D2E80065207372633D2268747470733A2F2F64DB
:10D2F8007669646D616B65737468696E67732E67B0
:10D3080069746875622E696F2F48575F31302D49EF
:10D318006E2D5261636B5F5044552F4D616E756180
:10D328006C732F454E45524749535F557365724D8F
:10D33800616E75616C5F7265765F312E302E302EAE
:10D34800706466222077696474683D223130302524
:10D3580022206865696768743D22313030252220B3
:10D368006672616D65626F726465723D2230223E3D
:10D378003C2F696672616D653E3C2F6469763E3C60
:10D388007020636C6173733D226E6F7465223E4931
:10D398006620796F75722062726F77736572206488
:10D3A8006F6573206E6F7420646973706C61792087
:10D3B800746865205044462C20796F752063616E2F
:10D3C80020646F776E6C6F61642069742064697281
:10D3D8006563746C793C6120687265663D22687487
:10D3E8007470733A2F2F647669646D616B6573741A
:10D3F80068696E67732E6769746875622E696F2F26
:10D4080048575F31302D496E2D5261636B5F504430
:10D41800552F4D616E75616C732F454E45524749C6
:10D42800535F557365724D616E75616C5F72657699
:10D438005F312E302E302E70646622207461726740
:10D4480065743D225F626C616E6B223E6865726531
:10D458003C2F613E2E3C2F703E3C2F6469763E3C4B
:10D468002F6469763E3C2F626F64793E3C2F687466
:10D478006D6C3E0A000000001F8B0800B6C157699A
:10D4880002FFED3DFD73DBC68EBFDFCCFD0F1BB584
:10D498001752AD294B72EC38FE5026CD47E3BB241A
:10D4A800F5C4CE756E72996445AE2C3614A94752F0
:10D4B80076F452FFEF07EC07B9BB5CCA523E3CF763
:10D4C80066D2F7A616492C16C00258000BB2477749
:10D4D8009EFCF1F8FC7F4E9F9269394B46FFFE6F28
:10D4E80047F22FFE6234825F841CCD58494938A523
:10D4F80079C1CAE3CE9BF367C17E876C6BCF523A82
:10D5080063C79DCB985DCDB3BCEC90304B4B960276
:10D51800EC551C95D3E3885DC6210BF8C51689D355
:10D52800B88C691214214DD8F1A0D7EF084C655C6E
:10D53800266CF4F4D5D3D7BF9F9C91D3276F48406E
:10D54800CE5859C6E94571B42D9E72C0A25CCA9FD7
:10D5580084FC423E8B1F84CC687E11A707A47FA859
:10D56800EECC6914C168FDD638FB1414F13FF9DD1F
:10D578007196472C0FE056F578028407133A8B937F
:10D58800E50129685A0405CBE3897C7E8D72115820
:10D59800A2653DF198861F2FF26C91464198255956
:10D5A8007E407E1AD04134DCA9D0AADBEC1EFECF27
:10D5B800C6466B5425FB5406110BB39C967106CCDA
:10D5C800A459CA1A6828A50D1C07D3EC92E535267C
:10D5D800053B9934A8EF95D97C4C3558BE30076483
:10D5E800D0EFFF4735D794C517D3F280ECF6E7B5EF
:10D5F800781C9C0EEF0DEFEF0C2A88282EE6090503
:10D60800E14D12568FA3497C910671C966C501097F
:10D61800413358EE582432ACE76A103B1DD4F4F27B
:10D628005582556440736F98B3D9E13A5CA352D2DE
:10D6380038D585E4A67695384067431F9E5C4E41F1
:10D648003B5136DDC63C451C31977887C39B44C99E
:10D6580076863B61533038AE52E1E63C8BA49E2A75
:10D66800890B900CDA87A53AC23882844DCA03B771
:10D678009C3574495C63ACA8182015378FB4F5D075
:10D68800C1E7CEF85EFF5ED4403383C509A4E7D076
:10D69800D61A560626774BA5BA8B734E92EC2A807B
:10D6A800B5A48B32B3914F87B69F00B32FCB6C06CE
:10D6B8006AD7DBAD35A81A3077F8150EE85A889284
:10D6C800968BA23101282E10AE6BE7066B3E3074A4
:10D6D8004538AA9C46F1020CE85E730DE274BE2838
:10D6E800B7C4EF82252C5417E85068CEA86341F7D9
:10D6F800B5197492EF35EF2B59ED3788B2D4AC9544
:10D70800529DF926DB2BCC76FB17F27BCE96245B59
:10D718009404F888B23459121F260D581497749C33
:10D72800B02E99C42C890AF2CBB6268CB70AF89D7C
:10D738002589C60321AFB7E00B105BA46E0B2CF64E
:10D74800DD0A4BF5C0A5EAC8E10EF8C57E83C3071C
:10D7580094EED0A821C401D85691257104D631B9C8
:10D76800776FB71E98CD6918974BDD04C2455E6484
:10D778005CF2654013D07A16AD25B593D300C99BEA
:10D788000BD60A526619F1E309A1E992004F200865
:10D798000D38A1E0A4BB954C7BF13CE0C374140D9B
:10D7A80051BAA1FE7F8BAA372ED3D5EE6A42EF5726
:10D7B8007AD9A2F7A6971CEC697ADFD4ED9AAC79EE
:10D7C800161B7BE10AF3D1F6BC7EEF81C363211FF0
:10D7D8006B38DFC1649FB21DE760B54E2BC7EFED14
:10D7E800ED6D24DD4996CFA4367CFEF220A1D50F3D
:10D7F80039274AE89825CDF066AFDFF46CB9D8D65A
:10D8080007FDD518852297CB3984B9E8023AEFDAB3
:10D8180077A819FD14A82DBFEFC20B616F5EB6EC97
:10D82800B0EBA882DA9006EEB880A30F8A4518B24A
:10D83800A258AD0BE35D36ECAF153C09A42CCFB371
:10D84800D5EA15EE0DF787FBEBA0FC496C9BC10CE4
:10D85800A8A417CCA11D9A85E98EEDE49480C47222
:10D86800648E2F0BE14B54B4BAAAAF50BB0B3A5F8E
:10D878007F13ABD6F1DEBACB78839EB89C6943ABF5
:10D8880077B4F882670F9C9FF628DBA548FDB59D05
:10D898006C2B71C59CA6CDE4437716DC815DC9303D
:10D8A8007A9C250D5731D5356B457021E2AAD65D96
:10D8B800A0B20E67B036DD6906760319D8D911DE35
:10D8C8006A8B28646A1AF02064753225290774095E
:10D8D8009D17E0C2D52F6700E67446D674A5E6A565
:10D8E800C1E5973124266AE901495B7665FA8C8A95
:10D8F800D8DD8A56DDD04EC1C618C4096F4E6ADB22
:10D908009A8B7B8123993258D86B351A335FB4ECE4
:10D91800430F306BBF681A1424F053083BAE90A72E
:10D928007D999390FC624CFDFE1691FFEFEDEC762D
:10D93800BF40A9157758FAB8394FFC6B5194F16478
:10D94800A97296033482900563565E31967EC9BEED
:10D95800E65C79415410D23C6A0BA04C477473A41E
:10D9680064497DCF29F5617B1E70239DBD56095EF4
:10D97800E4711DD3E14500829963B489E6B198A5A5
:10D98800054ECD557592EBB99CF4C6C626F98D4463
:10D99800CB6B4B56794179AABDFE9AEE00D28272C2
:10D9A800310FC634BA60CE5245BFB7EF2A5558E199
:10D9B800A591A8EFB5D38C25B7D54E47DF5FF6FB09
:10D9C800AE25DE5F6FA35A439F746D1C4C86C3E17E
:10D9D80083356B5F90F5171F5B37EA75942567737E
:10D9E800464B7F7F8BCCE21478F6EF03AF5BA83D04
:10D9F800DDAEA93AAEA8914F8F0AF4D56142BBC7F4
:10DA080033D31B5DFA6B877C372F41C31919343622
:10DA1800D48786585F2CACECE746E5535AAE867F30
:10DA2800BE61FF6A9366EB7A0039417E430A12852C
:10DA38003BBBF776DB86AE910385FBC39D1D670E66
:10DA4800049A08AE7BE5E0E13EBDDF323B1FBCC671
:10DA5800FCC3C1FEFECE7E1B8AE59AF997BE559F90
:10DA680067B428EB5DBAE49775869115B128274FFE
:10DA7800E24FACB628B15ABA9E8995DFD5BC489911
:10DA8800D3B4C04CE840FC44E3F30380D822C1403F
:10DA9800AB7F6E9C03AFD4767D8FDF436CF76ED877
:10DAA800E3ABDC5F3334915C07EC122CA1B0624924
:10DAB800CE8B148A1C4B7AC382305AB0AD9AE9EAED
:10DAC8005E35F09F10F6463CE1EB6B3B83E6E6DD06
:10DAD800C9395F91DE8AA48C6FE3F7A39DE14A9B65
:10DAE800DFDF67D5466F236F4DCE00F518881DAE72
:10DAF8000CF3C3C9DEDEFD072DA8E37492B5601EE2
:10DB08003CB8BF17AD247A3878B037D96993C83490
:10DB1800BBAA313B2A382BF4AFDF7558C299F050B5
:10DB280024CAB33928502AB6C6CA347E521E4C5469
:10DB3800FD9AE9543F9CD6580939DAAE4F9B8E8A34
:10DB4800308FE7A53C79DADE262F30441081026C4D
:10DB58004365BE245396CCC1F8815E52603D04FEF5
:10DB68002C0BDC33E4294DB14C433259A4DC7D92B3
:10DB7800092BC3E99F71397D8D83FD459E6C810812
:10DB880084673D269FAFB7082D71C32BF172B73A52
:10DB9800397BC2C0A1BEC47B3BFD7E572BFEB3922E
:10DBA80044F80C9E98A09A9EE6C447B81860FA8775
:10DBB800F0E7A89A03AE7EFD554387B25FEA9768FF
:10DBC800C729F8951CC6D22B1A97820183EEDA2250
:10DBD8006B784C4BAB21790F2F7D138E534E4B0A2C
:10DBE80050E922498C679C08F5F43FCFFE78D59B15
:10DBF800E341A48F68BA87E49A84148820FE7B20C6
:10DC08001D1500B6E92C678403C1B28B6554FFC4A7
:10DC180013E2E7BDEC23B97B57A0BC732CA6EC9AA2
:10DC28008C125CCF459E7220831C035D39CD417DEB
:10DC38005376459EA2F1F93EC729710B83EC928772
:10DC4800DA153920BEF7FCFCFC9478E4579085A8D7
:10DC580081747569540C318B26A41D960D08AEB4D9
:10DC6800222083AE248219540A592361A779368B5E
:10DC7800415CB0ED93E311D678CFE319CB1625DEDE
:10DC8800D912FAD2355743E9D04B5A4E7B1054F982
:10DC980043F01E1294FC428606B5EAE7B56634DC0A
:10DCA800389ED33482A8FAE454162E2E21828AF89C
:10DCB800A92681273CB20F687449D39089319559B8
:10DCC800484876323FC1913E1F6FE939C02C18D7BA
:10DCD8007378D6E3573D88041348C0FCEDFF7DB246
:10DCE8007DB1453CAF265481D72CED823D892B0868
:10DCF80019813BAE2F2769E973D02EF9FB6FF02FFE
:10DD080035026D1E40C3FF1E2AAFC3D97DA4F1831F
:10DD18004BB50391CF450C6BC4C3301655886015BD
:10DD280005B9094B2FC0338DC08C8D951646930AC3
:10DD3800A311F3E2C5D384CD00D7593C4E60977D3B
:10DD4800E8B8A72D0BCE82000F7B25BD7885A902E8
:10DD5800EA8D77F2EAF4CDB9D7E5C87B932C5C1449
:10DD68009A215EDBCE749BFC0E9286059C800EE9A0
:10DD7800B5366BBD2E5879327F0630BFE3439F839B
:10DD88009C445DBD1C841CC953876312C1C448767A
:10DD9800EF1F0B962FCFB823CEF24749E27FF8E961
:10DDA800E7CF72F8B580FF50D3272DF2519ED36587
:10DDB8000F49128A51746109E7E2376AB8B652DD31
:10DDC800DE5F1003F85ECF6BEE14DBD85B80CC957A
:10DDD800D90AD60A64ED3C3318033F3CD79843511F
:10DDE800DFC13B82BE439369502BCE733CEF411C8D
:10DDF8001C973A31DF4A30623C96AB9F5270C7425B
:10DE0800144065D71207CCC0C9791BBF43F5F6FA91
:10DE18006EB1E08E2C8F34656DD6160A409C710069
:10DE28005F026C1119D934165D207A125FEAEC8111
:10DE3800C248CDFD6D7912F99E5909D6E4538DE695
:10DE48009BC66379367CACE872C085092D0AA1F0BF
:10DE58008A2670C09E28B91B95710F7CB1719F3BB3
:10DE680068CF819347003D99C8005E6F9C64E14785
:10DE7800CF213BE9F378E4582CC6E0780B109825BD
:10DE8800BE29073AC3C7A5CF83534D6AFC1A9334FA
:10DE9800FCFB844DE822119BA5E66AA455F2352DBA
:10DEA8002C559A037D963D7AF15C24D80DC5BB00AC
:10DEB800277BC559B287C8272DE380B594958E6115
:10DEC800E241CBA8884735F610B8ABC16B5C9E829F
:10DED8003BC753492E4CDC414D6C78FB890C1960CB
:10DEE8009B7B262F8540C1EBE53051578F7BF8632C
:10DEF8002CA3A2403C6EC42D8F25F300237FB501CF
:10DF08000A76BD2D2990363060116022111C691CDB
:10DF18003E11E76D42534A325E94A552164DD2F037
:10DF2800E837C8D1DBBC83EF8971F2704A0CE8BCD2
:10DF3800D38D48E1E855077CC71055D91BD81983FC
:10DF48005D5955992B467880E76DD379BCAD9E0114
:10DF58002FDA6E3563E5348344C03BFDE3ECDCDB4C
:10DF6800AA1F880A20E45D4610E349230ECE815C8F
:10DF78000F2D700E6E31E471C1F6A7E0EAEA2AE0CF
:10DF8800C76E1053B234CC2216E938AFB5DFD88348
:10DF980075C0D7FECDEB17678CE6E1F494E67456AE
:10DFA800F84AFA5DC831CECA1C68F6BBD526D7AD8B
:10DFB80031F4CA294B310C9A83AC193A4BF5BBF7AB
:10DFC8005791A57EB7012BA2D051332ED3E33D3B09
:10DFD80028D49E6912E72B533B524F75BA91825E43
:10DFE800C20A49273581D07479879C4F19114D741D
:10DFF80090A72409D039CEB2B2D7EB795B7C256DD6
:10E00800C49A725100171B8411E2B5EE349EDC3DB0
:10E01800845679DD6A5B610972CE125B8B1C73F3DF
:10E028002D248404B1C40CCC0EF4AB0798D438D298
:10E03800059EB58373430F0ECE425EF97EB72179F4
:10E0480052E30A8243F309AE4A3DD311643B8D1073
:10E058001F8627A037D50C6AE2EEA10D7705397F18
:10E0680076D503B7CF151522CD24A3916F035E8310
:10E07800780AD69C465BE70F5FB6CEC4FFF973C536
:10E08800CD75F743BDECC6FC46A2B2C54B1446B0ED
:10E09800AE2B34CF327C9195D882C585C860CFE34A
:10E0A8004F7D8FEBF101E85AA5C54EDEF8D39E3AB5
:10E0B800CFC508E3198D515120C4426E89E6412627
:10E0C8001424656172F9290E67B0E0D8765FC062E2
:10E0D8006033428ED181E9C2E4CAD1287A8A1BC34F
:10E0E8008B18B2F194014FB8804087A5554E7FF741
:10E0F800552E436169C8D8082DEB3D7AAB62A0A7BD
:10E10800EF50CD11E616AD0D6B6C5ACDB1C63EADD4
:10E118000DB5F7B1E6C87ABBD686595B9BE160ECD2
:10E12800586F4643702A2A1EAD50C06DAE31DEBA14
:10E1380078B02F9726EFD3C56CCC72174603A0C2D0
:10E14800BD06E6499CCFAE20F2787F09DB57CC7D2F
:10E158006003B90DB309FE29CDA39BF0DB309BC941
:10E1680046B890F739BB68416F006C42BB34B2F7D0
:10E17800490CA6EAC26C006C8219B84D01433B6693
:10E188000360239AF3981F8FAF20DA80F82259E3AF
:10E1980071DC0A49E3E3F5A8557B8C0B997A76780C
:10E1A800F356EE7F102D4BA2331FCB45EF172906F0
:10E1B800866F39D6E3CECF9F2BB4D5D3EBCEBB0F2A
:10E1C800DD5E3865E1473D48FC26DB0741870BD318
:10E1D80055DCDCBC9F68DB47E2F2F0AE6DE4DA8A1E
:10E1E800B1F9D6208FF5ABFA11DC93BD0DD516AE7B
:10E1F8008D8351C7F84FD5FFF092A6B0A1CD78EA2C
:10E2080089FF08300C65246210D5DB778738F0ED7C
:10E21800E738DA42996FE1C1E2F53B3C8425BBF56A
:10E2280000597D169855B51307C6110119E1650DFA
:10E23800CC2BE458ADCBEBBAA82315E7673FFEAC6F
:10E24800B880A00082EA460A8E815BBBBEF149B461
:10E258006C81973358D22867F0C82D41563D9540B8
:10E268001B63706A516412797457415B69358F90EA
:10E27800CC0178BA50C3F32B0DDC48E905B9BC785A
:10E288000AE03A94552028EA6AD86506C205886CDF
:10E298003201A1FF8975FE067A8C0B3048807D0516
:10E2A800246A89A35E87AE88185505557BA09DA969
:10E2B800698BA6555B45A061CC97B35976C9D494B0
:10E2C8005B58CD6F1E69544B8D0A759EF1EA978F86
:10E2D800BFB57506FDC13B24A429193322B73CD02C
:10E2E800278AD0249B40B204F648D342674B14D205
:10E2F800E24243A9569DA3E365B54BA4FACE9DCB54
:10E308006EAF80348D61A574BF8BAF5280FD0B0C4E
:10E318003E5C4F2058F5852D1A80560500BB914567
:10E32800BAEE1A6901CF00F415E744B23B1A8D48DA
:10E338007FE549C6BE3CC28079B0C6750C84FB3304
:10E348007297F803727444E26EA3960880ADF2E601
:10E35800B23BCF5EC2DC3EFCB6EACF333EEB3AC4FA
:10E36800A0A8613C10D485517F1F57D4D8C4CC0CC9
:10E378000E9B0481EF8384BA725CB699E3AB1FAB42
:10E388000C5DF536219CA6E078D98B5388899F9F30
:10E39800BF7C8126E6AD646BB7794C242B9D585E13
:10E3A8001473C0AAA691FF0955E7530F8C0FAD3C13
:10E3B800E625F5CFE0E80E48BCC5DF1883EC1F5C06
:10E3C800382E2E1EF35E1FDA18F109280A9AB3A612
:10E3D800FB73DEB3D16D40F3BE238DFF30671008A9
:10E3E8004B11C03E1D5F7AC62000375D8BD6BF64D7
:10E3F800EEFE02BFEC685A7F0631C09C43DCF31A7C
:10E40800C4F30EA43F733ADF84837AE48A51D89820
:10E41800690CE3039C9CF3275E03D4F4AC9EDCBB3D
:10E42800D005FB31FC6BD0408E7CF4E87C0EFAFA08
:10E43800781A2791CFEF76ADE3096B2B142AE238CF
:10E448006D140D551B3048C4109345A33DCB734044
:10E458005B5CCA636413D2CD1D1F6F9D89354E73F3
:10E46800808C9374D5EAF270CDE0438E712E150F2F
:10E47800371DB0FC006C9A254253BDA758D1206DBA
:10E48800C0109BBC106750C764B8EB00A84E0D7A4B
:10E49800BCDBCC8EB915185A38F9A05116FCFC39DA
:10E4A800BEFEE0B021D536B4BE92CB114E21C8676E
:10E4B8004D6BC262835533B5A651D52D6DA81CD4BA
:10E4C80013710951200E088316EC9FAA7A7F5CD03D
:10E4D800B662C16D1718ECA8B06F7E04101129E060
:10E4E8007D611B7EDCB4FA88251B3328C6ACE04F5F
:10E4F8000238D9CB59E400B5787B02C947C91C70EA
:10E508003673110774B1A7D65B373029A29BC0C4F4
:10E518005C662142FAE08633422376F86A1D4E6A29
:10E52800F70D509290C6CEA2C388615D873DE04E3C
:10E53800669D8DDD600F7284B948750FA52EFB6A44
:10E54800F70EA762FB86BF3C2C09A7D6065E555E70
:10E55800B10F727D5A081FE020056F7B8ECA6E329C
:10E568004E56A0E76FED5813C0085BC91E3FE75B26
:10E578000F3063ED3D552030DEC8CDC2B071651453
:10E588003CF71D679F3C1BA04E8AEFDC9171C9DBED
:10E5980070FACE06335C217AC1209CC25F412C7789
:10E5A8008996F0743D0166BBAB21C2B109A0B441A4
:10E5B80087C141CE0E0D8766CAF13A388F078D396B
:10E5C8006150A34980C868546E93A2EAE0B7272F28
:10E5D800F8BE034060308D677F6F4EFCB8D920408D
:10E5E80079AC77637AB0BE5EBBF4C10A8BB5B58AE5
:10E5F800ACC532FC8D586E915200C2BB7735A57000
:10E608004A8787F4760ED1786BDFEC07330A134616
:10E618007AF79A4B1B4295822571CAF0958C783609
:10E6280063510CBA9D2C49919145C1F202124E4694
:10E63800CA2923BBD87E56573CACD4A13E1AACCAD3
:10E6480007DE0B599E51213C3F5B92A9B9D68CB786
:10E658006CCA57B666691D61754B9BA8A403DC2478
:10E66800BE08246A3C3FD44E0789F7280CD9BCB4AD
:10E678000F03B19EEE916B3CC7D8E3B9B1BE1E75CE
:10E68800E1A56AB932D3597EE826A1BA550F961A80
:10E698007680F51A6D0FB6AA32154E740B903DF3BD
:10E6A800B11248942C54D95921560F0FECFEB536A7
:10E6B800C9D7C78655BB189A1CAE004EC04F774CB9
:10E6C800170D5AF01B05754B2302D9154A89159564
:10E6D8001CD24CBCBABB244B561ECA66443AC1E88D
:10E6E8008FE22AE7D8DE02A12199B33CCE22BBE013
:10E6F80026754015BC64F320FF4CC6964006BFDC67
:10E708002A218F085499435361C7F993E37CCC318C
:10E718003DE2C073DFBAD2E4EE38AB1AE58CEC9C6C
:10E728004BEA194D126C53C5DA21B6CA2D95A40EC1
:10E7380061B1C5C91A3728746E05EF47D3FA452168
:10E74800207E95A5CCA56D2BD566EDA5D778B64AC4
:10E758009CCAFAC86B53E8B2A6A6E36891F9D090B0
:10E76800F9759B43D6C3CBA627C6D8E769B286DB23
:10E7780054D17EA4BBCB1A07DA92C4F5502295492E
:10E7880005E6FEDD5E99C733DFAA3D2218B6726A38
:10E798004212698C9852E0F507C170577C92A6AB7B
:10E7A800CB47552D6B2DE19D7030A46AB78354C7B4
:10E7B80042CF63177C193EC9C0FC7C2CD902CC6AB5
:10E7C800B4BC068435B7E396BDED2EE97F7AF64CE6
:10E7D8008BF964368B5F8E3976B62DE82FAC454BB6
:10E7E800B907FB9E8830B93560EAD00215A3BDC8C9
:10E7F800660798BE058A6782A2F8D202813CD5983E
:10E808004451D00D99633BE87B273C5AE058FAAA5B
:10E81800309BCDC1A18FE3242E97AE63D6E6E6B038
:10E828005173C997749438FA48386BEBB48B882DB8
:10E83800BB79E6B1760BB36A8316E7C58766BFEF87
:10E848005A0DCC7778073364E3AE76E36EB345822E
:10E85800671AC585BEB1ADE84FE6192A9970BFE4BD
:10E86800590D06766B0B60EDB67747BB5BA89B220C
:10E878007DCF85D9DC09448B84B90F5887372D673C
:10E88800523642BC055CC39FAA3DE1A17165B1AD9A
:10E898009BFE757B546BA6B14D37FA35C62E706F4B
:10E8A8006CEEAB2DCB36A8AFB4A3AD1B62B72DB7BA
:10E8B800716D60558D37109C4167654CCD16A01B56
:10E8C8006CC5D5AB650235CC43143994A6D873B65C
:10E8D800BE36D0D6D5AF91E96A5012355EC7FB1364
:10E8E80052D9453DC5F39A3D4B366B88042B78AB1E
:10E8F800E9BF76B2F3F9BACDCA37B066A1D1B76627
:10E90800CF269F6B5A34902153DA6F63CF6BD9A906
:10E91800AA4D0B7BFD61A7DFC64ECFEAE3F67F5D0C
:10E92800635D8389EF61B1EA253A197217BCC9F9A9
:10E938007676E126C36B9A2E3F9957C6FB4DB76290
:10E948008ED9FB61BBB767BB8F51E2FFBA56BB924A
:10E95800FCEF69AF5C536F6F8B35F85C6DA6555350
:10E968009522F589AAB7682D5556AB83555CB64DE7
:10E97800FACA3A2E77BC55A44CB3CCB3A4B09B9C2E
:10E98800707CA3CD096F36DB21AC4E0BFE79B1F557
:10E998000F32F835BE0AF2A804EB1C2F4AE67B605A
:10E9A800E67C958CB7911B63ACA38F4760FECB20A8
:10E9B8004B0339ECC033E9360E131041B741BB7C29
:10E9C800ED79C571BA4D89B8214E366C7AEDFE9E47
:10E9D800798985B315D8C55BC29EFEDE3E1F521DE0
:10E9E800357BF896BED7786C09E295012429D4B90D
:10E9F80097E3EA7940FFF02C4154F744EBBDAAEACB
:10EA08008D97BC20F27D9A5EAC82EF1DD038D4C7BA
:10EA180038353A2B2BF16D223A2E9D4A702AC8B40C
:10EA28009F9B929327F960D8E297ACC0A9E2D8439C
:10EA38000580AF29371B3DCCFAA34BE88EA3109075
:10EA4800BC882110BE7E0F568E57E437DA41E45B4E
:10EA5800D90FA5460045924303D058606E1EC6B92B
:10EA6800088605539A5EB043391FD6D7B98A724FC4
:10EA78005958C464A980AECEA91BEBAD5E4BA969F9
:10EA8800B71698031C2B3DB64F598D10E586C2B8B2
:10EA98003C928DC45B9BD5BBC95855B74E09F90B41
:10EAA800A8C52BFA8AA718560EE3AC9CB7BB0DC1B4
:10EAB8005AD7FA0482FAEEC1D1B6FC2838FCC480D1
:10EAC800437C16218A2F093F043EEE888F3577E470
:10EAD80027128EA683EA7BDE83FEC92BD9491BE168
:10EAE800C7BD01D5400CDF86F10D44D5F7C52A5CBA
:10EAF800DA43F9C161F5081E2E9251CDE751128F04
:10EB08008E2899E66C221081F7EFE177CD3BA3C7F9
:10EB1800E2EA689B8E8EB601AC6550DD87CF47D59B
:10EB28005F215F3D0CBFFE20873C879F3781E391C3
:10EB3800DDFB194D175491F706EEA090E0CE4D83FA
:10EB4800F1FDF9198F044D14A779760161ED0C35A3
:10EB5800BD05D3D17625AE5AF8A684F56F316B6220
:10EB68009E0E3559C045F50087C61108CE7893B773
:10EB780043F8ABB3C71DF3938E9D919AB61A7F27BE
:10EB880008C819F7CA8F7920BD10DF3F2F0876C84B
:10EB9800F2E311D02C12041A293B23D700206B472B
:10EBA80003CA4D1225778D8FD87574293B00450807
:10EBB800AF43993C1B7146CD5E056A5FABA17A4FA6
:10EBC800A63DAC2123FE222CB0C85F9302656BBE24
:10EBD80046DC19E92D2647E24B81CA668CEF075AB5
:10EBE800AC94F9C88C4A8FCA686447BB28F227E2FC
:10EBF800E5344D09761C70F9C87C79C2166BFD6145
:10EC0800D54E6334AA398FAF000814A77E7DA2A31E
:10EC180026C7E39A03506884720D176FF36BDF6A97
:10EC2800E5A2D631C9FF5E81716B463F894DF0B8C8
:10EC3800B333EC4058F88F450CA174933B6B59BE25
:10EC48008E3FF54647C5DC0B796373062B5492BBA0
:10EC5800FA7A53D6CC7B0D4D68D38D57ACBCCAF22B
:10EC68008FB7A11CA3978F1E9347E223B09B4B6AD3
:10EC780046432524FE537DC5FABBADF5E8E4741D73
:10EC88006A955750EF0276D41CE6B7565DF338798B
:10EC9800D5D7BD039E83431C77ECCFAB94D3B8E89C
:10ECA800AE500B8E1DBB6C473D0805F0EF8FF96F1A
:10ECB800777E97617E43EDFC5DBC30BA8E6A1A2F71
:10ECC8009DFED0CF1FF3DF867E9E89CF8D6083C5E2
:10ECD8003A3AAABFDCFC43457FCC7F1B2AFAE4D52D
:10ECE80019C43DF925CBD7D1D0EA25FA1FEAF96333
:10ECF800FE35D47365400E37EC907AE37CEE2482BF
:10ED0800F4312E97DF3D9F333ECA808515BC94AF02
:10ED1800796E1EC89BD864486FDDFCEEC1BD60CC1F
:10ED2800FE204467F44CDE21FF2DEE6CCE5E03A777
:10ED3800E4B079FF9698B4BF4AD1193D9777BE9C45
:10ED4800C9064EC964F3FE8D4C7E61DEAA52EEDB25
:10ED58002A6688AF6E5419FF6B7EF9C5050D89CDFB
:10ED68002C69A89BB7A417C6473F3AA3C7F23B0D27
:10ED78002FF07273C64C6C9231EBE62D31667C73C2
:10ED8800A433FA535C92F329A4F2F896E5E6CC99F9
:10ED9800182573D6CDDB5A35E3AB27B06CF2FA6B86
:10EDA800D8B370AAC5B3EE7E9D25CB0D4FBBC48AE0
:10EDB800A659FA044B3E67B339CB69B900EFF4267C
:10EDC8008D4BCBBC6DC35E478606D3F8E1F24C721F
:10EDD800CD92225E148ADDFA6B2B447E6CA50290DC
:10EDE8006F0C9958F5359180A3C7E24773019A3A99
:10EDF800F035944F28AC753A65F55A3589D7605A7D
:10EE0800E9D6619E55BFBF37F51F597219A7ED9412
:10EE1800CBE7AD54ABE7FFC5FFAE45EDD8503DF1AC
:10EE28000E2D313EBDA898199780993715D70551F1
:10EE380001AF95F891633E817D1C639D8A21B7FCE3
:10EE4800CB229DFAA48D5F5108768224BE84F9E70F
:10EE58005912974CDEA265368B4300CB17AC3E594E
:10EE6800000AC4A91D3FCAC3FFD2EFFF01610934DC
:10EE7800E5017800000000001F8B0800CD503F69B5
:10EE880002FFDD5DE9721CC971FEAF08BD4319922E
:10EE9800B58062EE03040112612C089290400026AE
:10EEA800C0A515960351335D33D3625FEA03E0488A
:10EEB800B1117E0DBF859FC18FE2277166D6D1D56E
:10EEC800E7CC60A13FD6C6AE307DD49195C79747B1
:10EED80055BFF9A77737E7F77FBABD60ABD4F74ED0
:10EEE8007FFDAB37EAFFF12FC11DF88BB137BE4864
:10EEF800399BAF789C88F4EDDE97FBF7DDA33DD610
:10EF0800B7EE05DC176FF71E5DF1148571BAC7E619
:10EF180061908A009E7D729D74F5D6118FEE5C74A7
:10EF2800E94787B9819BBADCEB2673EE89B7C3DE64
:10EF3800604FB694BAA9274E2FAE2F3E7FB8BC6358
:10EF4800B7EFBEB02EFB28BCE84D5FDEA1879274F8
:10EF5800ADFE64ECF7ECEFF20FC67C1E2FDDE098F7
:10EF68000D4EF495883B8E1B2CED4BB3F07B37711F
:10EF7800FF46576761EC88B80B97CCED050CBABB18
:10EF8800E0BEEBAD8F59C283A49B88D85DA8FB3F38
:10EF9800234D642BCE3AEF78C6E7DF967198054E7D
:10EFA800771E7A617CCC7E33E443673436CDEACB76
:10EFB8006282FF945BE37953A9F89E761D310F6353
:10EFC8009EBA214C260803516986735E69E3781559
:10EFD8003E8A386F493FBB585446DF4BC368C6ADBD
:10EFE8006769518ED97030F867D3D74AB8CB557A4C
:10EFF800CCA68328274FCD4C4793D1ABF1D03CE129
:10F00800B849E47120DEC213F97BDC739741D74D10
:10F01800859F1CB3397085886B16898DF2BE2A834B
:10F028005D0DF3F1D22AC12A0A18736F140BFF641D
:10F038009B5923437237B089543FDA367200BFCEEA
:10F04800F7E1CEE30A3813697350E927711D514778
:10F05800DED1681329C578349E570983EF1916AE97
:10F06800F6937979579E9B0065503E0AAC53FB9204
:10F07800E7E6EF99BE86D857ED3A14DE2C735BCDE0
:10F088006CC6B3C960E2549AF16109BA4A37582B81
:10F098000AF487CEEBE76EAE629F0B2F7CEAC28A3A
:10F0A800F12C0DCB8DAF46656D00C29DA6A10FCC8E
:10F0B800D59BE67C625E886AB4073D5825B74D65E6
:10F0C800D5B62716E9712DB1FABF677720C481C379
:10F0D800E3B556844C1310182ECC525081788121F8
:10F0E8003DCC23BFEF5BBC0A17BAEAD90D0CBBE4D1
:10F0F8005189520581C3678129789C9E946600B224
:10F10800D5441A338426761E0F9EC9CEC343603178
:10F11800F99F23F5977908087719CC63C113E100A3
:10F1280085404FB861AC5F05B98F19776390E124CA
:10F1380031B4625A8FC7DC713398EE242AE973A977
:10F148002906BDA3A9AD2AA23071A58E4D5277FE1E
:10F158006D6D6E105186F6E47CFEBD5BAB005E5BA8
:10F168000A60337B5648BA1A57784AAEC8492317FB
:10F178001FDA53006AF9612C5812F1B96033017D26
:10F1880033B4D848AB9C3C056D392CBD9F78382DDD
:10F198006F0D5C192F41A2F56B2D839ED409CD6BA1
:10F1A800121AF86352101FEA43359D88884BB3063C
:10F1B800434D9F840818724C94D48F55B669B73361
:10F1C8000F7D98680AEDC154D90CE4029861CD927C
:10F1D8002C26C68359DB4D91294D63B0E1C03640DA
:10F1E800BB2C8A443C07C6324D7A220506EB22F531
:10F1F800A401EA0DA635B644083113B39312B749F2
:10F208002E01FE4D42CF7540DDF1F162F2BA40DACF
:10F218006C06900544F61128175B2353ECACA5EF58
:10F22800702BF1DB42CB5BEB414BF1BABA14865D34
:10F238009045F802A6CF049FAFA84536F3C2F9B7A8
:10F24800EA388F6B6C4F7974B62DC9996234D25CE9
:10F25800311E94D632E59E079D83C480F0718FC518
:10F26800AB75BAF2ADCE3D9072237460E5A7A506E2
:10F27800607563CE66A02AD2154E260E439FC10A3A
:10F2880033547A5BB031AF4225C7711A14C7E1060F
:10F29800A941C5042371F8CCF5DC745D47C331B0CE
:10F2A8004A49D3CD3DD03B7C063CA215DC563ACD2D
:10F2B800D800372022D1B2D9ED02694111E836735E
:10F2C800CD6C0B07CA85527F65D5CD86A3819F304B
:10F2D800D4C11D56BEB29113B600A29BE1822D3F48
:10F2E800B2B9F9CA8D5A56B508C8CB68C20715AA6B
:10F2F800ACD6A0A0D4D5C5A38229438DE5FA6E4A21
:10F308002C084A2258A6ABF20A9F80DCA50AC982BB
:10F31800A542BECBC05360512C16702500759C13B6
:10F32800BBEA98D022818506A729CD6258AF355807
:10F3380055E84513B1AA2B62290847C5714A3E040E
:10F348004640544B8F98654F43A0B2C7ED9158582B
:10F358004ECC490F37A1A561EFD5B4CDD048EDAD5E
:10F368005A496A86DB60B08CC7A5BAB1D4E7787C05
:10F3780034199D340DB4D152F62676FB15735970A5
:10F388000E0A86B056E99AEE264DDD1D3EB3BB82C5
:10F39800DD2DE8B6710D78D418A8A21F012B12AB89
:10F3A800A371CBD1A21E762D9C7DD560054AAA53A8
:10F3B8002F2ADAE865CCA355D2AC8CA7B5BA50A9E8
:10F3C80074921AF96C0BE7655EA77425F4EA467F18
:10F3D800282DC8B08706A406BF00BF31497FC59C49
:10F3E800D2A8A13DABE34B09D9AB30CA0D1CC4DF91
:10F3F80064060D5ED7136B9B05BC5233917A733844
:10F40800AEAE4451A0A8FB387C6A21FDA4306A3F07
:10F418008A413B164C0F2A2A6A87C07F75ECF0DABE
:10F428001F3240BC0B5738162F11B45642BEF67D1A
:10F4380091C6EE9C096729A4A2F26BBD137A3DEA36
:10F4480034732161306AE098FD857AB56036DE5301
:10F45800178F25D6EF3E817EA811879B081BE69E55
:10F4680069249FA11C3D2A4FF493F862818340AB25
:10F47800970133A675832FACDD8B0FF5160C80FB37
:10F488009DFDEB97CBF33FB2ABCBEB3FDEB17D34C9
:10F4980060181763C92A8CD3799626070C1433FC95
:10F4A80048A4DAC7C09A788C615066947FCD001B57
:10F4B8007461F1BF2560528F6762814B6319555A99
:10F4C8008163F6C329FBA182580FC787878B6151D7
:10F4D800113D29163A1C0C6A150E892DF58A2CF750
:10F4E8004DBBA7461DF489E445BDA300887CAB0647
:10F4F80050D58D43C15617B4853BAFD595758AB99C
:10F50800D853951E3085F76116231AEEA262FB8642
:10F518003C40C29530F56CBA121532DB84FCF360BE
:10F52800C007A5FFD8C46DA062C36C6DE2F652BED9
:10F5380024F2C2CC8017240ED3E1902C850B15CA77
:10F54800F101FED3804647B5FE02A23E3B54A06CB3
:10F55800ADD478E3DCD24E169343316D85624763B0
:10F56800673AAD3AEEE4AD17FDE2DA98499B1BF72E
:10F578000BC4ACC627A818357208CBEE642DC7A1FA
:10F58800FAA42B459EAE123449816396D5251253B1
:10F59800F1CAB885F96B4F3C0E5CFB796B1D0C8585
:10F5A80017AF5F8D5F8DDBE1F070313AACC4AB6CA7
:10F5B8009EAF0B3B8BD1705C3030A0D63144CBC7AB
:10F5C800E38A7351C05FA3C5F8D0E0AFF29A8FEC1D
:10F5D800404FB36362E21FDF0BF18FD6284C6949B5
:10F5E800C7D33AE69A6A37B2C04A4F2B3000E4BD17
:10F5F80043BB409932B1E6A1234A31631DD93F0785
:10F60800D41A7A3CE9B0BDF72EB891E7F0E85E0766
:10F61800582808A9BD7AA19FD4087D0317D8EABB4A
:10F6280006094CF4848E1AE566588592357C5CDFB1
:10F6380023AFA057E53E14A4B75D6F952CD0F6D93B
:10F64800857FF185E372B66FF957AFD1BF3AC8DF4E
:10F65800AE0BC54BAFADEBB8B1B4CFC7D847E607D3
:10F6680027F9039A4D0ABC65FAAD8BBCD7C7F2EDF2
:10F67800579A02AD1B8753D7484DFF769491A796AA
:10F68800FEA91F5A31D65888EDFC6CE8CCD89BBE31
:10F69800CE81BDE9AB141DFC89704C66C81CF7917E
:10F6A800CD81BF93B77B327DB2A7D2656F564393A6
:10F6B8005D1B0E2EAFD9271EF02558A0DB775FA063
:10F6C800A9A17CBD0FEF571A326B66DAB26EAA9900
:10F6D800EB5B7033F34EF349BDF1DCD3379CAD00DF
:10F6E8001CC986E2D0EB619671EFF45CFE7AD3E731
:10F6F800A76F006334BD948814715DA2DEBA533FCE
:10F7080037BDB6125EA45E9169C4F6C7D1877FF093
:10F718007990713DBC2FE8D57FA22B9B5E46B6F44D
:10F7280029BE596CE2CC5C6F6AE84DDF502BA77D8F
:10F7380091C076DAC4A272697D724EDEB34759F37E
:10F748005465C124778C4F6F02404A6E02166029B7
:10F758008023C6A507269222CB0CDE87DB93E2ED39
:10F76800C2A25708F41B0D84F74E873D76A351F1CA
:10F77800EFB81F9DB0842F44BAAEA171B599458CDE
:10F78800EA30E28100EA8E7AEC3DFE66F45B3536BB
:10F79800CBC0230C92AD5A03A08B9E2B2DD0DEE953
:10F7A800B8075838BFA0DA7BC2A4C372ABE69EC4C0
:10F7B800AC9BB97BA7931EFB2A6612C52CC0A46C10
:10F7C800F572E20911757DB446A7D31EBB0D9F8063
:10F7D800D672329A4CF804C327B66A10442B9B7928
:10F7E800021C8F10E565EFF4B0C77EE409A29EE223
:10F7F8009DED08EFC63EE01B18DC2BA0BAFAC1B29B
:10F80800C8E1A9D0E38BC4BC9EEE8AC9CBEC64499D
:10F81800876C0129B69479829D190C93F5DCEBCE9F
:10F828003D5880A31EFB72F723939710E783C5DF2B
:10F838008E68AB348DBA3C82365EF7D8C7FBFB5B6B
:10F8480076767BB9E59BBED745C94980C50740EAAE
:10F85800CCF5303C07AD7CBA2291DA8E27A5FF8D16
:10F868008D80A0F4D52FB67F1389E093FC71B01D6D
:10F878003F057E048D808CDC5D7FBADD521C0CF95F
:10F88800E14D1207738189EFB044DEB6930040DE84
:10F8980075429A0648C327C4E7F03343775C2D6F57
:10F8A800339BE43FA53E6CD76668F94AAACC364E2E
:10F8B800D284EF31D779BB97EBA0D2D841D5356B3D
:10F8C80025D28345E62D8D44790B0AFE975BA7AABE
:10F8D80015F4234EBFCA078ED184D305A6ED71F265
:10F8E800E4A6E0A002DA0A1C0CF2C33A83E8C36F6C
:10F8F800D4FD097B0C3DF023052EC83C8C119630B5
:10F908005B7521D207F355EE76CE03F8176E30E11A
:10F91800C12B18D501919F7FEB301066D1C1B71C60
:10F92800EE43BB1830067206F010C00101E82FC282
:10F9380085028A04DE9AFD15CC960C1945224EF0F4
:10F94800318F11987601EE600CA3DCAF1C736180D7
:10F95800382D2FA460A65866F26282A3C93C473F9F
:10F96800490F25B80473E9B1CBB2A15E89F015A699
:10F97800D0DA64D81BB2AF2B9E1AA2BA494589C007
:10F9880093D1697E1FBA644758D94493F2151E8AE9
:10F9980048F59A55A08051E0CA38D970E006F315A9
:10F9A8008BC1FF020FC2E33336138159B9C487797B
:10F9B80094C9611322E9B10BCCB9C5026877797192
:10F9C8007E3E1C33601D0C57E16ACD84E604A40A10
:10F9D800650F33CA1060E32B9E50B2C10C57F02458
:10F9E800034F01562A29F78943554CD361F30C5824
:10F9F80026483B6A62D85616A5AE2F7A6FFA5195FB
:10FA08003C7F0A331A4C089DA172C7A50088785C10
:10FA1800F37045254B3D70852B0DA30663EDD3EBA5
:10FA28000BCB4A2BFB4CC3B8BA7897807444C8A850
:10FA38005296EC60CF5E93DD27A35FEE583BAFF0A4
:10FA480084542ED86C9DA69263FC09FC141CDA4CD5
:10FA5800ABE927DB626F37285BE597B53CF55EE9D4
:10FA6800B86934A87A6C93757E75B9DD106CAB777C
:10FA78005763EEDA8970BF0224B05CB11CBEE6247D
:10FA8800488EAB148605D703CA5FE96274B0AAF43E
:10FA9800741FDA886E4B526D7F8BC6B7791EBA1FFA
:10FAA800B4725BD28C2C636E1537B77D0B8C2C80AF
:10FAB8005BB2441622A42E666EDF6094E1549BE884
:10FAC800377DFAC944E0442150B17D2CF5DC4B9ECA
:10FAD8006E0906E4ED6F1A6BC97C1658AEAC442B60
:10FAE800784CEBD01119FDC0010D0496A34E813658
:10FAF80008FD65E084A0752EEFA55A44F10603962B
:10FB0800E6E6C4261D85BEA5412858387AADA0175B
:10FB1800935E23F7DEA1B695AA98DE9BF319D03839
:10FB28004DD8D34A00DEC815A851B1D2DFA48767E3
:10FB38008484A546F44350EF614C7511F0622004AB
:10FB48004CBFAEDF1A0A17ED0966863962252061B7
:10FB580082E204E6DAE960990ACC2D8AC3144C6C77
:10FB68001893E995F082F519185750FB5984A5B3F5
:10FB7800DAE6495D5BB73E6376A18C391A534E9E2F
:10FB880030DB4F32DFE7F1FA60A7F58A00B328BA15
:10FB98001FB3A3E94F67E70804C603FCABC3A683FA
:10FBA800FEE1E0E3DF9AC9FF897F77FD0CF392D885
:10FBB800903232C76C383D63608451B702D38B747E
:10FBC8007303B6512B348337E4D275645A1ED35667
:10FBD8006B0D553085822B291DB4E66EEEC3949BC0
:10FBE8008659B860843500163E0ACD63CCCF805361
:10FBF80071F1C4F739AC3EF6BEFDFABF0BE9558783
:10FC0800BBC91A2702C6C4CFBCD405B48C863391AD
:10FC18007690B30486E909C5F08A2509EFC9F71774
:10FC2800D87108748BE5EB8027D718817623D942E1
:10FC3800796E8AED5A7865C23EE8EA28EA48048F68
:10FC48002E984E14C61D18E55C929B5614588416BF
:10FC58009585880C815B387235AC13FC92F16898F5
:10FC6800833DC1E665B995D280AB006008D4818B2D
:10FC78006837007F328CD73DA6892A1602B809E476
:10FC880065B68E4093AA67150B80843577A0141249
:10FC9800E25F1C2D169E332786FF0FA45CC66142C7
:10FCA8009DE744494C3211EB373339380758A3855F
:10FCB800B9D61149A2044B547C217CFA1BA0D93136
:10FCC8001BFCCF7F93504DF18F1E3B4BD9CA5DE291
:10FCD8000A5B4F018E8C05F42640217207A15B5503
:10FCE800B5C702D0B6CCF26EC5977528B9D12D2A02
:10FCF80060ABAA67D4126501C0BAE28F6E18377973
:10FD080049C0642380E5E74ABA5125CF71819B90A9
:10FD1800396263AD0AF6CF3F0EBBE71F8F0E08F9B5
:10FD280002A3713746F145D0B80318D5CED7871846
:10FD3800D3ECF0B2E57E2921C4F0ACA8453B8D8810
:10FD4800E02638D66F03DF1AD0AE5C1DD4E69E5B82
:10FD580076DF9011508808FCA385338AACD78A3E99
:10FD68006E168BFACE168BDE33A04033896E621E78
:10FD7800C0308B344AC87994D090560FFEDC915627
:10FD880038FE20B45A7A82A6C22772C048C8DAE779
:10FD9800FF232622282345D149CD1FF8A754EAA0DE
:10FDA8007C64DBE436118D8783A4D2DF2F2556BD12
:10FDB800F6CF8996107A20CD98610DF3D3CAF5A4B1
:10FDC800FB543773D0180178D8594AB9F6141D571F
:10FDD800F4C99466859796C4B061D087752E8F8EC6
:10FDE80038969861153E058D26600470EE0E1E0546
:10FDF800DC8AE3DB41E96B96B8FDFAD9E205720EBD
:10FE08000250771237119BAF7118A83781F22EA8CC
:10FE180050F13D922B4174E9B1CB855C3618004D09
:10FE28007BB1E8E0F4AACB20A18F465146A1F63673
:10FE3800B2EDD5D9B51D52410B0A30509632382251
:10FE4800A5D160E884B81784325AAD1352DAF84461
:10FE580047DADE0C30C1E52D4AE4C25D6632E4B50E
:10FE6800B9E78BCFB5D411605B62D25A335CC27CE0
:10FE78000CE71E8ABE9BEAD20F0FB3CB518C25ED3F
:10FE8800E18216FD0E062E756BAF4A212025BC1B9C
:10FE98000BB01A01588D44800FD21CEE6D8CF5B64C
:10FEA80058903A161AC3A04AECEB854B775EAFC25E
:10FEB800EF57C8CCC0BAB54E3F1A632EF95C03BAE7
:10FEC8008A6C20AA780C5D0774C3DCC5D22CA0A864
:10FED800D479921B7655FC183925C3BC12AA8B7CA1
:10FEE800CD76536467B28A47AF18EAFAB55E3839F7
:10FEF800673DCFFD2BB100D0FA1973791D5CD4038F
:10FF0800744A40401CD00828F968D00A3AAADE2171
:10FF18006C575CDA14095B271A4D88860805323459
:10FF28000A8AD14610E04AA550DBDBBD0E0BF691DC
:10FF3800FA580A55B64422BD70E34451E304399394
:10FF480054979C5D4EEC9735515F8D4E2D6AD2E7E4
:10FF58002EA9D121B05EE08BD18259228D353B2567
:10FF68000D0EEC093306D0034AB50FBEE2F7545321
:10FF7800BFC790F9357115DDEBD71517631162AD61
:10FF8800B6F261621E25A61610800F5D05F0D3BE7D
:10FF9800447AF4A835F62DDE3CB0A690864BF03AAC
:10FFA800126B16081DE4C24AE322C7BDD4F84825DF
:10FFB80075925E6DAF5B0F27D76D1DC623F012BE1D
:10FFC800F7D8B030B2396AC384811245B82FA4DE9D
:10FFD800975C2625CBE2BEDD0773062D3C722C709C
:10FFE8005158554A2DFC470A814609A88CA0A79765
:08FFF80065D3732F4C5E46E750
:020000041003E7
:1000000090F9A47006D247CF8560932EF984597475
:10001000EA61C61C86A142D3E8F4861654411B52FD
:10002000CF9B2F002B7F993F626742ABEEC878636E
:100030006EB4DE1591A6C9364A91DD8C8A0D256411
:10004000959F34C0A156A5FA434AD372AE42D04020
:10005000981078862D7A27318E44BD1DDBFEEFFF88
:100060006E999EB0514140688B41521E4F6F47A31D
:10007000E551FC2B02A049F81417BEDD7950FEF9BA
:10008000D7CFA40D66AA0C28C56AAC8F7F63FB434B
:10009000347D1D36242C77D0DE08761E84B10F26E1
:1000A0007C91057359CA8B7C3B13F3D007D6CC02E5
:1000B000FEC85D8F76C26441EA7AEC897F1359F4F9
:1000C000B2E25822BBA5292D6A837409AA21EE6DDC
:1000D000DB1E205E5A91A616712A8995CA224154C8
:1000E000F08D608E8C3020D7F6D83591A93A630513
:1000F000848145A1F50C68F68CE1E57C569C2F5671
:10010000FAC9356999FA2F13E6628945559C27ADDE
:1001100045172F977BBDF431BECA03DBBA23773E68
:1001200085F1378472B84AD25B575E0D85046798B3
:10013000B6067C35AB4D83F6A08527BEAE64DF1EC8
:10014000F1DC80B589CEE2AA2F4D204E95248B405C
:10015000C44B3A8CE039B9CE496FC83E852830F09F
:100160003EAC33A730F80EFEDD3B91B84BD403E52F
:10017000A4669EC734F17490F52FAA00AF99F7BE1C
:10018000241228F97A5464DBE5CEA6CC4D49C093FD
:10019000792C9E109042D3608782AC2DBA7F463E68
:1001A000802F101090B706ABA660B7ADC429F09FA2
:1001B00007849D2C9624C959AAB98B2BC141FC08F0
:1001C00086D06629B5D10B87872E932405A8292CC4
:1001D0002DC6E2D61EFB23DA03E9EA078E41FB8F28
:1001E0006E82598D9DFCAA09B8E6D28EE5B1CCBAD3
:1001F000F50BEBD7EF27C9627529149FCB52020A82
:1002000035C998A4E26FA585680F6D33556AE3BDC3
:100210005B847AC1B9A34073BEDE44461C037A23D3
:100220002905D5B756DDE72B31FF065014579DFB46
:100230003A77821A627F4121DD9876317D13F18110
:100240009505200B4768338A5D6DB53195E0DBC9B4
:100250008AAA925581A466A2DC207F9011164E478F
:100260000B38056DB49D047CE6B90D0A346CE2814F
:100270003153D4C6B163F87797180D8A1CE5CA26A6
:10028000946602F8974AE1C28D63A4A9B8C3238299
:10029000101ABC98D0E3C6E4DA3B55AD83512CD09C
:1002A0000D797026F2B2E552EED00FD5CD4AC4B624
:1002B000B9D91F05798C68F9B0745BFAF53434ED5F
:1002C000922C165A45524FD293026C607E1199902F
:1002D000217D37707D17230AF15CA538AA2B0B40CE
:1002E0004DE73363310BC3B6399374A78574910A14
:1002F0006C91B3006C243787168B7428A4AF009AD6
:100300001C1B9FC761620295AD44AE648E64028877
:10031000D246A14E0459492053DCD2B2802D3A670F
:10032000C2AEC1C74493F72CAD63AB86CF7F984C68
:1003300019E52C4937C895EC8362486943AC5205EE
:1003400029667480374D544EEA84FDF3B3FB29C906
:1003500030EDC33F68D546587AA802A4D0EFD5D96E
:10036000B5256F1D1395A6FE0AA1BDCDC6EAF216EE
:100370002110991553AB02BA03533FEAA401182286
:10038000DD59E30EA342055B73EBEF65BA6F1526EB
:10039000A90E4727DCC71CEF2CC05426C62B54F1EE
:1003A00000963B1CF7FBBFF3D2137548921BA123A9
:1003B000D0D7D50464DB67B82F109346210AB094D8
:1003C000972AA76301CB97CB1D15D094AA4E7266CE
:1003D00060FBAA7CE4E0991942699BA1D1738B3937
:1003E00030F38F7CD1924783576FEE40DC0077C8A3
:1003F0007829BC86433B7F77CEF61FDD38C53CFEAF
:10040000F9CDA703A58A4E80C7646D14E2763A1031
:10041000C0895D2CA371D1C9FF6BE6C6F539FC9C80
:100420000386C3E9683098F10C34FA91C35320B4C1
:100430008B68071A8C780C5E0A3A396918E1E5CDA9
:10044000BCA4E846AA16E60B8A090B00802D3BA047
:100450002BF83208F1A811E58B3B8F88379C52B8F6
:1004600059B900A80E640A41D584D584CA11933EB7
:10047000BA5CAD39356A81A29747F1BAB2B98ADF61
:10048000A7955AE7C64CE01440EBD97C0ED26642E1
:100490002334FC1D14D04580256F6473A97E4CEA7B
:1004A00082442B0191AB09AAD84373256DB6AC40A9
:1004B00004A5D0C6149F004E30EA80C45D732D366B
:1004C00063CB31680D29CAA81D50E111E24CCC6AFA
:1004D000626F3904F1D62DA862074D007D6D78D288
:1004E000DE5C61EB8F2AFFA0C719075AAFECA4327C
:1004F000A6805BD5BE0D2A7763FB0D9B3B8AA3E1EB
:10050000A7BB2894BB15064691C9638C7D98329091
:100510006D10C66D5E4D72BC639ED28E76EFDF5C51
:10052000F76FDEBF3FD00E064D1813B8144E55605E
:10053000CAE3EBF6F8C72759A3E9B416636AF8646F
:100540008A325F20F2F113F7320CAFC8FAFC08CF01
:100550005242093155992657050C2AB0C26CDD6309
:100560009FAC825202D2738E79E6139CEC5A57A943
:10057000C8F86C7578E471512A5609A01FFAAADEF2
:10058000C64EDE6C0F56A69478925B7DCA9C56DAF6
:100590001154F8B92BAF958326987102F42C13DD12
:1005A00076B80444BF430E17DEE8D8151C3A1AB8D3
:1005B000212C6341AF5CEB5B3DE468A4A3158CCFB9
:1005C000936F1DB684357CE2608EDE5DDF518574ED
:1005D00093CCD6E5A7CFE850045A36D453D009EED1
:1005E000EB862507BFA063BB8560EA62E936FA2A7D
:1005F0005025E132C382E014B357127C805E45E798
:100600004F3A1481788226EB22A1CF09D29CF3AC19
:100610004493CAE8FB92327D4313559E6C4514699E
:10062000980433152B865EC531508406A6B7753EF7
:10063000FB16600252CDABB04EB2045BA527C98851
:1006400015027B4BC0EE0DD19B679ADC4A3EB76A20
:100650007B9B37F434DAE0432C9297A001A5D99024
:100660006A071B6C168B3C74558DA3D70B2DB38E6C
:100670009C85C10959E8FC3721FED6E463B50374B3
:10068000184A9B268ABE84894A982D0C27DAAF2403
:10069000042A027CCCD9B6BFCB5B3B45A5BC0FE49A
:1006A0000DDAEF64A08BDE8781428BA5AE883B0814
:1006B0003548D85F400C556D194855B0794CB7B2E4
:1006C000A42CB1C39671A6414384772B4040DB7EB6
:1006D0005576787BDE5395030B009620F30E314B55
:1006E0004D1084E6AF86C68C52DD5C0581E50E3682
:1006F00013B80B4CEA190FCDCA72DCC9501285DC55
:10070000741E67BE9E7BF6860F7C5D95E06E956AD3
:100710006A002A8700546E5479A7B25D922B7673D3
:100720006C0ACBAFB4469907B401D75116E3856E76
:10073000AA81941C87B4428F96B0404B854880E4D0
:100740006B6E4C85046B43662A54D6C7D099ACA710
:10075000437A6058216A930C05B7654884AA131D33
:100760009DA7DDAA50B66E55C6459C81054CEC6F21
:10077000220E775916225B1E34FADFFFFCAFC4CA83
:100780005FBB89AEC3E3A8E0D4C82540970AA2792D
:10079000C65F39C677D8024F6CA1533C93931C2295
:1007A000611B1251390548D5BA2678600D9E872401
:1007B00043433ED6F4E2941FE90EFC013C83D33759
:1007C00011271C3761C31DE93A61EFC37819A6A54B
:1007D000C0C6B3C8AA621F81F2A4C0D853911AF24E
:1007E00037F87858A08B85B93CF3D21DD4856CBE00
:1007F000B02D0C1849E8727DE5436B0F0A66E013D3
:10080000DD6608B431BED9B66C975A65742A03D236
:100810001BAB8018A07C1ED5B61FE5AD77A81E4087
:1008200096FEAB1961353D1556D561FA9A5D37F5DF
:100830001B4D0FFE0165BA66076E150934EEC9053A
:100840000DB052E913B945A0051BBC026C506E05F2
:10085000E9F5E5FD6807787033C3A3020AFA511A77
:10086000AB5EB61819D3E4AA488934993C76A853EC
:10087000ACAB495A636B3AD4A4C3A0343E0C3615D2
:10088000E34C00EB3031814B0FEC6641039D20229D
:10089000C6A6296EF0CEB95E5C68D677D163DA2F32
:1008A000D6DD6DC10B124E67417DDC4E52E7C79B12
:1008B0009BFBBB8B2B4D208C20C15B1DB5B5539A88
:1008C00047157E14A6A425117FCDE8C041983D159B
:1008D0000B3084EC32A1BCB5AB786FC158300798AF
:1008E000B6A37A6B9C8C8F25F72820E87F517CADCE
:1008F0006D692259B8DAB0DC61A0EA9FA91D99B4EC
:10090000E1E44C60DA1FE1891BB889DE4A993FE8CF
:10091000B8891AD7F673D2EC61AA7D54D19A04F63D
:100920005A927A4CD9CC3CC7AEF5830AAC2983AE37
:10093000637B6A559AD6F0EE4F7797D7EF6FD4ACBA
:100940009F8F5E5EC675D2C9053751DCAF420EA1DE
:10095000DC6928AB93E7B0685A1EEAD7AD320DDCEC
:100960001F16C718AC28C891DC6E1CD21DB9FBC776
:10097000D71BBA543896F438DABDADD3DCAF00C318
:10098000DD1B0D46215A59E6B6F346A7E60D4E1D6E
:100990009D1F6C5104B27C06DAF8AE36A775E4D11F
:1009A000B919A68BF0FD0E36400D11566AC90D849B
:1009B0000027A50D3DB6F3EE98636FDBCA6236657E
:1009C00052DE6538E80F0703E30875A40ADCD7F1A7
:1009D000721DC2DF2A48C6281440E5F51FAFBE1EAF
:1009E0000DC623DC1B8796343307710714389AAD84
:1009F00073C979F9A22F4B8D56ED5BC3810E8DA67D
:100A0000ECC8849A9F91C6C8ED09FA723BDB07CC0B
:100A100074DB9985EB61EBF6212D771F2FAE6EB558
:100A2000DCA5211577AB4D81942820C5B35BBAEFC7
:100A300008A547ED4FD20DEC1218AB0CABAB0FC9AC
:100A40006C1E8CFD6A511DC2DB047C350B21024EED
:100A5000746045EEC64CD6091EEBE8068B7053DB7E
:100A60001F2EEE1FEE2F3E5943FB74FEC58EC96D3F
:100A70006AE0F3055ADCFC756529EC629C0D2D9447
:100A80002C765759E08AD9446B2CA173115B6D6A9F
:100A9000FFFCEAF303B88679FBCA372CEE32D8A7FD
:100AA00094044F4A5EF6C1C6F9BFBF2B4E1E33EE0B
:100AB0001ADC1BECBCAFD1347925E680E3E4604757
:100AC000461C2B575C47D27766C33B58EFF38F1415
:100AD000EB98AFA85412FFBCBB3FBBBFB0431E5D39
:100AE0001CBAD16CF255F4F8E5DDFD61F7E800853C
:100AF0004BC6F6D1129E5D5DED9825B84BB5B19B06
:100B000069D11DA80EFAF227345D49DA0C4B8F5CCF
:100B1000ABDF08F0EACB70E583303EDD9674938C52
:100B20004ED8A5227AC7AA492361058ADBEC02FECA
:100B3000B44C93E0765A436F3C4716EBC636D63D2D
:100B400068113C7BF7A06C4EA971B2492C0978045E
:100B50003A439D50BBA1E516EE2B543DE421DD9DAB
:100B600099F0FAE2BEA8D022B09BA9D986063E6BC6
:100B7000C724F9ED98FD464509A4067F17495D880D
:100B8000E075587EFFEE9AEE6342A0E1890F5FE9BF
:100B900089E5937DBF11AAC20B984DA0E0619054E6
:100BA00065480B7E9E2CE8EDC840E737D7EF2F3F16
:100BB0003C00D1BEDE7CFE2373A3DF26C16F974FBE
:100BC000BF7582C4D269DAE3A7F5AD768A6154CCE9
:100BD000032A9BF3F2B8233F70A28A3A0A4740B532
:100BE00055950B7F261C2C31A2C76586866C256E19
:100BF00085C1AD0720B14703B907FB7B4435F97FB9
:100C0000B8BBB9366745242AA3A24E9480E1F47B91
:100C1000BD5E931F8165ABA0B1234041426EA9C266
:100C20006EFB78FE0DEDF909E65EE668DD746E4A4E
:100C30003B8EE57600DD6AD39EC1D7D00CC83EA3BB
:100C40005124B479B07EA7D76755C88C901E174F32
:100C50003E2B2D85052FF304E30EE5F24A714B6917
:100C6000CFB985C731A71D57472C9CFD05A69528F0
:100C700020AE0E28448F44BEABF2AD9BC440496EFB
:100C8000499A6422B674919CA7D235D2813BB87B35
:100C9000F6ECB41DBFCF314B11CC38AED805D058CF
:100CA0008F7E09DCD492E60C080400413EB6F73F83
:100CB000FF7DBE97F3406B93128FDD291EB0505C11
:100CC0009CEAD5C6D2B4D6C46E916962716A08EF47
:100CD000B1C64A069BF5E871609D5834B0EB88DDDB
:100CE000DEDC297E6D8117913E6E52E6ED1395CBC9
:100CF000495C3CD50C2D8C0FE2889D39E468AA83B1
:100D00009A16AEF028768CE95F871518F3DAB8C921
:100D1000551B7EFD76D8EB1D3D97E5AFDFA275D262
:100D200004473133E274CDDAC26337589E486558C0
:100D3000346E3C6604378DCB32AC00F45494AED59F
:100D40009A513103B62C0FC75616BC7E5748FB5A32
:100D5000FE86DD5B234C98544363DA2542DB8ED05C
:100D60004DA5DD22BFFE15AD7BF7DFE492EDB53278
:100D7000805ACB3DF667E8B9DB25EF7F4F7532042B
:100D800002518053FD1EC3EFBD2D78656CA93673EB
:100D90008C689B72D3A63DA80310F228ADE2B73F42
:100DA000C862A172DF61EDB593468B062EBE52106C
:100DB0005159DB10B4285D5438A37435B7B18DAAEE
:100DC0004F12FC01F9BAF4B2AE71285D4605F390FA
:100DD000E5AAC5BE5E5460BDE76EA6DF453D98E559
:100DE000DBB8E8134B41B4AFFA17B9F3B10E87D4AF
:100DF0002D758F7D410B5CD51D75E7AA15E7B69D56
:100E000008E8D11665C08DDE0E5F8F7AC3C3A3DEFE
:100E1000A0371C911C48DE783B9A4E7BFADF01DD3F
:100E200050FC61BF41D78143DE1EF5E81FF93B67E7
:100E300087B72A7A4AD73533BCFDCCE7DFE4AB86E7
:100E400011DECE41DCDD2C294B5EF98484006DD0AF
:100E50009CEA5A6AEB4D8A52853919797A06056DF2
:100E60004783C97578AEBECBA122C381294E2933F1
:100E700055F44B90607E9A5BCDF9904D477AD6E35E
:100E8000C20DC546C5E2381DB1EDCA2F02D69C562B
:100E9000959F50B5391D5FAA86CA1BB77D79197019
:100EA000D9F1B80373A2B2DD2AED0407DDAEBEFDB1
:100EB000E2454498CD8D95CF5BB6DBF4B8DC2B458D
:100EC000655F3AAB4E67345867326FEEA2FE54E668
:100ED000D68EAC93F036567BFF32C7C31CF056C398
:100EE0006B4D27BFB23ECB8FA23B68897F0ED119D5
:100EF000B850DE45F3410D1B4EB0D3BE8A1E0AF03A
:100F000066DE7DDF1E97FE8E0C906E0BE5D7A8F394
:100F10008A0369D6E9433CA7EE8317CEB86706B7C4
:100F2000AF0FA83DD8D9AF977BF192872CCA41D794
:100F3000926758AE39C46A142A6754DD00DE703CEB
:100F40005913BC12DC4B57EB4D285AB78E274D3A3C
:100F50000F18DCFCBB0A7D7664E8F8E752AF009A14
:100F60007057211B76D43979988D4F7465A249D773
:100F7000507BBB7A1DF954D1C57950350E0F94B50D
:100F8000B0BDF20CBD938EAAFC900FD37E52F9FC3B
:100F9000B653D63ECE8385111E94D1A8907AC70051
:100FA000AEEEE3314B660FE8EE25255C621E901B2A
:100FB0003A0BCFE85E934E1E4F8DB13A6AA7C8D266
:100FC000108FE32BA552B6E0C5D23957588D230BAD
:100FD0002EE4B8FF3E5FBDDD1BEEFD6C2503AC1BB0
:100FE00047E6C6CECE852688EAF881BC5768F4E786
:100FF0001AAE475D88A67820FF6ADA2CDEDCB8716D
:10100000FB1FE81086866E40B8649171B1C8660116
:10101000C060B56B8FCAE597EB5CD3DFAEED29E816
:10102000FF002BF912CD51FCE0E189A72F3238FAED
:10103000BDA6E61E5661162B112EB66CC498CFC104
:1010400094E1B1CB78BC33BDB97DFDB056F198B811
:10105000907BA384234B0BD5CAC9582D415344160A
:1010600081C0E0174831C162FA402555EEF66F7431
:1010700049A452A1EA6828A14E2728CFFD89CE862F
:10108000566566F2344925A8B36CB120E594B7657E
:1010900076D563246C3A185306CD5D523A2E50999A
:1010A00012AC3CC2D872B8003FD8258C54EE13F075
:1010B0003E7E9A5ECB71F3D18A78B662E15058DBFE
:1010C0002B54C25F2BFAC61026F39847A00CE94DAB
:1010D0003A6BB7CBFE12CE08801FB31FD47A7723AA
:1010E00027FB81DA50437A88387E38445B4ABAA5B8
:1010F0009A22FA3CE297D2865375833E3B62F7818F
:10110000FF03C8865F2EC57CF6BFFF90BB05A3D149
:10111000F1D1E087FF30039656C74E8E68570086A0
:101120008729EBEEF007EBA634E4700B46DC45189C
:10113000FB43A353B05B5E980EEBADC148E660FB8A
:10114000661084470FEA43DD77D97D8227092B1388
:101150007DCC1E876D252FBE8F8ED05AFBEC51366D
:10116000F3F064AC0DE1B54F973F762F2F75BE932A
:10117000BE84CC280E25CB7BDA0ECD741F31ED4218
:10118000A9C628C6CDAFF8A9D458083D023049BD3C
:10119000C31EF027FC3B7C7D74386D194CB361A3F2
:1011A00083E3E4E86E2EDF81419323DE1D5AE9E1FB
:1011B0008C7038F0CF20D74E26C6F84E00071BE3C0
:1011C000EDE02F37A2933110566ED28CC51E46B576
:1011D0003DDC50B0F8F29DE9249175C8A8412C522D
:1011E0005EBEDBADB3716D675FA2FB3C7ABC5B8317
:1011F00093DA06D1F9E5F3F4592D4E6B5BBCB68357
:101200003EE122A50FBA52154390F9B3B67D9A7507
:101210007D1CD6F671558C22EDD6E4ABDA26EFE4D0
:10122000C7019267B27439094DAC5D0FD06C50574D
:101230003804CD4D9457E46048FDF2FAFEE2C3C590
:10124000676B3F4C8D60EE0AD32A120C34C9B3B0E1
:101250003961C83790AF5869F1B70C03CF9B295457
:101260009AF08FEA20D71D468B91546D760D4CCCA9
:10127000B163CBB9DDF0E280A9537036079FF397D5
:10128000F0E05EAA95AE7937D8951BE4E1C8D14667
:1012900066D879AD5EDBBC8BB9BA9BF7EF77AC3122
:1012A00000D2821597E7E9B98B42EA5B9E31BAE931
:1012B000F0A63B6C00CF5033247BC40D81B83418AA
:1012C000A22E34F872C7C836926438A8D0E4FAA5C2
:1012D0004912BC204582173A00AD96F1A6ECDEF823
:1012E0003A586EAA50CC062D54F08F74B099272628
:1012F0001B1753BD8E9D46AE2E84C6023B08F94F88
:10130000EA5099FD9F0E8E9BDBB5F5536EE33B4C87
:10131000F4963D9D771C8D3158BD39F578AE322E4F
:10132000FB67DBF6386AE871D09B8E279B3B94BB4A
:1013300090F6BF6EDBDDB8A1BBA3696FBC6D6FBA61
:101340000274AB0E278DF37BFDFA68738F17E4F000
:10135000B1FD6F5F57DB4E31470D6DDB39EC5DCB77
:101360006C3FD9B6F1C3D6C61B36B182783ECA2DC2
:10137000CD28EC546151F4428D77587247D5D62F61
:10138000908FE512EBE3B53F6A4ABECD4E3D94C364
:10139000F244B5ABFA8B120B85CF6AD578328D1F2C
:1013A000DA6AF66CC6E0D9DCC9CC75B2129E67ACBD
:1013B0001881020CB2B67B9FC5942D1BA953B5E8CA
:1013C0002B05D49EC4E03A5F9BB06EC8FAE0E2F50C
:1013D000030CC2FFF2FCED68AB7C2D4C7384F1353D
:1013E000DA68A52B0EBC908E01DA34BFAB70296B86
:1013F0006CD46B82365CF96E8027F6E8F81C9BE3B0
:1014000017A141DBC4EB835FFFEAF74CFFA367BD85
:10141000B74585C21EC30B84BDFA8F3CEEC3F8FAF4
:101420003A5A239FE8FD253130B875B2633BA66078
:101430001200E4DE6F9CF1FF8B78C236449A90A0D4
:10144000CA83717446CBFA804B1AEE545D7AE63843
:10145000662F11A7EF8161EB8F439DA494F2A4DD69
:10146000FCDDBCFC0FF8ED74FB6C2BE9429043DD16
:101470006EA84D39E4FEA03F3C50DFD23198411DAB
:10148000ED802D3425F79B6DFFF609033CD84642CD
:1014900035D6D738560E3E0D65F221CF2292EE5149
:1014A000C7E1FD035265F9D7046BD467C3F7059B09
:1014B000EBF52875A3F294EA2370A6804FED92EB2A
:1014C000E1664A99717444CA5D8F7643ECE2CA6D55
:1014D000FD59598AD3A23242EFD2DA1CD9D15F0822
:1014E00092AB6F6F8269F1A5377D9016140CD819F5
:1014F000DFA78DE3B443B0F613B554DB1AA6E13C85
:10150000D404483AB8F6557EA393FEF08867AA6DD6
:101510005427AD6913B6BD818771618886256186C0
:1015200078BC03EB92003A4F5131E8CFD798FAF9E3
:10153000186481270A0BE4E7C7A6EA6B6624718B5F
:10154000853B77E97B83F419E6305E97C76EEA380E
:10155000CC4723A89C176B386C4E52A5EFD6A160E0
:101560008D68A0FE77E1B3BEF9E795D55F6FFAEA23
:10157000D3CDF43D6758A3D3FF03446F044F949534
:10158000000000001F8B08003BC3576902FFED5CA1
:101590005993DBC6117E4F55FEC30839085A0B1EFE
:1015A000E0292EC994B3926355C9B2CABBB29372F3
:1015B000A992213020C702011400EE6A2D6F559EBA
:1015C000F207F290BF91F7BC25FFC4BF243D074846
:1015D0005C03F030F5B46B979604667A7ABAFBEB4D
:1015E00063D0D8E993E75F5FDDFCE5CD0BB48AD724
:1015F000EEFCD7BF9AB2DFC8C5DE72A6114F832BAF
:10160000EC1AC1367C42F0335D9318236B85C38896
:10161000C433EDEDCD17C65843EDCC5D0FAFC94CCB
:10162000BBA5E42EF0C3584396EFC5C483D177D44D
:101630008E57339BDC528B18FCCB05F5684CB16B95
:10164000441676C9ACDBEA6809A998C62E99BF781A
:10165000FDE29B3FBDBC466F9EBF453FFFFD9FE83F
:101660000A6885BE3B6D8BDB726C14DF6FBFB09F69
:10167000CFD0C7DD17F6B3C6E1927A13D4B9CC5EEA
:101680000FB06D536F59BCB1F03F1811FD91DF5B86
:10169000F8A14D42032EE50639C08CE1E03575EF27
:1016A0002728C25E644424A4CE6ED00313DF8EA428
:1016B0007D9FE76B81ADF7CBD0DF78F604FDA68B7D
:1016C000BBB6D9CBAD61F9AE1FC24DD267FF294879
:1016D000E33CDD987C880D9B587E8863EAC3C63D59
:1016E000DF230ACA186315D9C9CABF25619E78329B
:1016F000D171545B6DC57EB0C085892B4297AB78A4
:1017000082069D202FCA8C20CCBE39EA7573236CCB
:101710001A052E06413B2EC9CFC62E5D7A068DC90D
:101720003A9A200B6C8D844A45231356AFE17BD542
:10173000CDB3CE550D064126A8DB3243B2BE3C5890
:10174000260C06987A457956ED8CA304D6EC747E67
:1017500077592E4C008EA5C3FDDB1532B8649B97DC
:101760002A0E226A9312B5C8354CB34E2DA467F6E3
:101770002C9560D96CD4A95B7AE3E657776904921B
:1017800065002EB552815CC3254E2CD6A8DD9D4B3D
:10179000F34B6C79EC321EABF4BFA3516EFA19799E
:1017A000F416FD4EDF56915A83AE0DE9FA0AD604BF
:1017B0008A066EAA4499BBC798715CFFCE0033C1FC
:1017C0009BD857AC1AE3854B14FA2DB121E9D9C047
:1017D000785D1C44A080E453B912001D40068C5F64
:1017E000B5FAEA22F5C52E754A1CAA13C4F4A9DA83
:1017F0007E6B3428026CEB84E3D85F0317A0C8C863
:1018000077A90D6A70FAFD4147C952A50A85492B8F
:10181000ADE18EC6568140E0475438D590B8E05EC1
:101820006F89CA5351CF05BC1B0BD7B7DE97E3BAFC
:10183000C41326B836FB15662A18A35EB029D896BD
:101840001F608BC6F7C5902697EC28D6534317A484
:101850005C44C24E0A78018AD8C485F0B20923E6F6
:1018600012039F96F8636E4A795604C8F35743C92A
:101870005FC120842574AA5CD6B367CFF20B8710B2
:10188000A725E7AD7E546E6521B6E926AAD10117DA
:10189000CB64411C3F24874B47388609D234853EB0
:1018A000BAE340150C8A7784E47A45FF2D85D4ABE2
:1018B000F6EC10B54E11D3A0F33B8594B8854EAC31
:1018C00015B1DE13FBA9C294B24ED5C123650C2D10
:1018D00025A75001DF01DC80DDF38F0055F267DDC5
:1018E0001C428054A974117B7BF0562A8BD2D89568
:1018F0008D3BDD614109A9ACE120F4E4E4DF0F4A4E
:10190000335391AEB49E159DA9F4E7125963B59176
:101910008344F608845D678C49AF8286B10C09A9BF
:1019200096AD39C6A3FEA096C61EDC98DDF1B83789
:10193000AEA21412BB92826DF506D5BC00853D386F
:10194000B1C666AFA7944B14E3781395572ABB50E2
:101950007B7C42D62D49E70A76A360AEFD19BAF129
:1019600071148355C7D4A116AF22D067ED4CAACC11
:10197000EE2BFD9E433F10BBCCE977FB0AEF3528E9
:10198000A4276510D60D1877818C6E2ED33D116F6C
:10199000B588E205E10ADBFE1DAB21868C3E0C42D8
:1019A000E17281F5CE0592FFB77A833C53CA782C59
:1019B000A16D905B080451A903497B614907B5CC2F
:1019C00008111C918B9D78B6D772D37F34A867F32A
:1019D0004CB3D3E9ECEF21F22511E8B9156D2C8B4E
:1019E00044514D3235B27BA6C23DA613B6F1986480
:1019F000CCB66C4112867E35BA16B029B353BF9C63
:101A0000E50C87A36735CB51CFF1AB7DDCB3D1D0EB
:101A1000DE637366F7D9D0E9D54973E5DF29F3B6FC
:101A2000EEFE28E8A86B3D9E6C972688EA72608DD2
:101A30003F1815C5E0165E6366FDFB78973D6C8127
:101A400027EF9795C1C534CD6795A72279C46D62FC
:101A500096771710A512D06402E9BA4556BE6BAB53
:101A60000F3BC6E37196143F786AA74F9EA6911567
:101A7000D2204E9D43B9244601F198D4AE56D85B8E
:101A80009208CD9047EED03589F5B4EE52035FE170
:101A90000571EB477343BAA16BE018066D5C3777AD
:101AA000DF85DBD71061B6443E0F437CAF8F9B2DA3
:101AB00087BAAEEE603722050E421291F81514E493
:101AC00030E7FB77976979391BCFE24180D92E8FB8
:101AD0000DFA3A5A8213BA0F48B328340F68101718
:101AE000C8D8BEB55983836B2D49FCC225ECE31FD2
:101AF000EF5FDA7A836FA091F796D441FA13E2365A
:101B0000A1B68A37A157081431B25CB6A3867448CF
:101B10008D92F98C25349BC120EE441ACD648EF849
:101B20009A9B414010B969CC19EC66F16F85492D3B
:101B30000B241CBDC66BC2C68860D8404FD9A4E236
:101B400058666B57F2286086406EB921ED36EC1767
:101B5000F2813046D8A36B1E6DB3236E7D400B50CF
:101B6000F21D0754F41D03A98225A6BE1620556F49
:101B7000304D950A78673B6C930487EC33A0267D43
:101B8000A310BA53E6061C2433F4269ACDB36B4354
:101B90003081CC2859FE02F5C04F2BFDD4D6AC368F
:101BA000810DC67ACD7322BD60500E817A576FB415
:101BB0007140DB226F6A34B32304A657C4D343C6F3
:101BC00051D8FA21F23DBDA91C05AB6136F0637115
:101BD00000AFE1E176CB02147A601F2DF0BE2F300A
:101BE00030A05BAB0B449B15F3B8956EA1F73D7D20
:101BF00007E27AF2C45AF16C2F1F9F330B2A70F25E
:101C0000B75BDF8DF19218BFFD48C1BCBA0F7F6B87
:101C100042B0F24878033605C481B41C01B1E50B2B
:101C20009674E966F39875A0E208E14BC53A72C470
:101C3000769DFE51EB6C82186CA7621931E018D2C8
:101C4000817F07F1474D99DFDF8F7DEE87B2AEBB15
:101C5000B5C291CE499759D55E0CC6FE72E966F6BB
:101C60002E6B59C15F9D8DA4994A87895F803397F8
:101C7000914B33768BDD0D736D60F22D7E13FDF489
:101C800013D23495CC1E543794FE9F27BF1E768DF9
:101C900098AC031202A643D2C8AA8C83301977B33A
:101CA0001BB65561F7E055D962C6C6A371D9522952
:101CB0004EDEC210B6E3C67FFF7DD5387491E83E94
:101CC000025246E2A88A0B8901C2D995107F28F3F7
:101CD0005A508381076291D57789488FEBBDAA302E
:101CE000B82BE1C774ABE0577316CEC286554FD5FB
:101CF000DDD99EAD269AB1D03D29E32070EFE51CD9
:101D0000BD98579016A428AC5C7A4E1CBC71B35990
:101D100051922038B6CC78BE809CF939885B078315
:101D200081AA9AC4CD8BA25CF9533931FEED37AF4D
:101D3000AE21185AAB3738C4EB8813CF174D21D2D8
:101D4000D91ADFBFBF40B7EF90EFC06ACDB258C01D
:101D5000A0FABEC5437AF41D8D2176C960D26836DB
:101D600055B18311A6C0CBD3F71043794ABA9B75FE
:101D7000811A0D95B1B3B5F67039297753E12598DD
:101D80003C5AA006D0A10E9B6CF85EE9BA0FBBBC12
:101D900029BB4D6E1B076E52CCA9DBA2D2F135F7E1
:101DA000DF8E7ECB410D988CFDEB3804723A7C0CB3
:101DB000E91A3285B25D662F3D14EC21959658E202
:101DC000C9346CA364E76B12AF7CA8661A6FBEBE01
:101DD000BE699498217BC44E42A89A3EA286CC1438
:101DE0008D1B48481B308781421EC1B4A140BBBB3C
:101DF000335835686C429778966F13BB811E1496E2
:101E00003D1102D86D36B7A1EA24EAA35A194FC290
:101E100096FFBE89E25508956C43E521451D600992
:101E20004F91D4146503B7C062A6D1BD845FD319A6
:101E30001AC3EFA74F9B55A99658C026110DF9025A
:101E400087C1A026D426649F404D90CEE99081BAE8
:101E5000EF9AC9B65AC1265A8111AA02A35A860915
:101E60000150E3325EA13994F3557BDD155E0DE937
:101E7000D023993533C362A587A4F7834F3D9DC115
:101E800009926F59CBA8981328DE6FD16B7C0BC2D7
:101E90009075970315E73D5B23A9C30EDC7F2EF0F9
:101EA000F02A4457D128437EF58C6C35715888FD53
:101EB0002B37FDFCCE9183A90B50BBD8569597F9D3
:101EC00055B24950798083D2E97328BF79A657ACBF
:101ED000720E44C161D6CE0A374582994D130AB6B7
:101EE000FC50B72BAE0CAE1E985C7E1840BDA00A0D
:101EF0009FDBFC13182E3B1280E98A3301B8B34DE7
:101F0000560B8E48958A14B62898AC4906548145DC
:101F100070CF992F0B628F51A23A4A9429C926801B
:101F200003A276AB2974F279C204053EEB5CD22F92
:101F3000EB1CAED8C2A779873BEAD9FE1D33CC177C
:101F40002CB965A728042A06488C7CCC68EA65274A
:101F50000E95BB0037F392D54D000C3D3DB0781A7D
:101F6000C3733258E6CDF6EC2F43ECA1597E0A98A4
:101F70009F5275600336EFD0A5214E17CF7D709329
:101F800039C314837FFF7B517549069AE80F99EF97
:101F900068A2CE4B845B88AA4F32051D0346112BE5
:101FA000AE4C619F44CAA3CD9DE65C512F7E79F370
:101FB000D5AB32979665CD0FE2D7BE47D2EC59210B
:101FC000017D4B0EF5068CA08A245E3C76E004D49D
:101FD0002E343F307B96D9B8E6BB96626F546C4A7C
:101FE000F8CAAB15756D5DD252C6FBAD0EB7276F43
:101FF00041CD99DB561AC74B426E722B09E90C830F
:1020000016B5EBA6646512B458072C2B34F486C0C1
:10201000084FCF382571485341AE4454079DB9D479
:10202000FBAE873DCB70C1BAAE88E7276122C10203
:102030009311FB2D64AE40C649A1B9419903DD2D32
:1020400051119AF9A60DE1AC1EE3734915E747C497
:1020500063E69D4227042E01CD3458F84314A5C8E9
:102060004B22F8E74C3490A00ACAA2986167ED7C35
:1020700041F0DEE213471573DEA9AFE0BBB3187B76
:10208000BD592F2072A66C8A03AEB612FA65730290
:10209000B6A1FBB29C208F3DF91031796E386DCB23
:1020A000567BF8C8549E3C58B4E92DE20F58669A06
:1020B000E850D6520F19A7ABEEB64DBEDB79F91A30
:1020C0007D853DCCEAED37CFDF02C16E42A40D54D1
:1020D0004A086EDB9233343DBC1D207B62D3B7F9D6
:1020E000908D3B2F8A64EAD2F914A355481C411AFB
:1020F00092DD167BA7409B6F5BF7F17CDA8661353A
:102100009341A531985424675FCBAFFB4E5F1137E5
:102110009053BF848FFB4EDB4424FCEB1A7B1B9C4B
:10212000B0FD16AE3091C2957D89B0065DF1102FDD
:102130004BEA4DE82FC163AD611FD514A7ED8C703C
:10214000A76D5047FA3BEB2D4ED493EE332EE86843
:1021500065EEC40E9F737783B93015C41F8CA0E45D
:102160007117C29E8DD6BE4763A84779A6346D0706
:10217000F9B9CC82F8C36FC6017FB98237DD742EFE
:10218000B7EDAFBC9B3DD39A2F3BF3D1120713D6CB
:10219000C3A8950A92A7F3E01B675A268868738143
:1021A0002A710C71C5DDF40464C78697D111B31090
:1021B000B5F37414EE48EC25E97160ECA5FB1092C0
:1021C0005E2BD90FC03B88720D0F7D3E45B438148D
:1021D0003B1C10685D3657989D0EDF3C009F735482
:1021E000C6FD6213C7ECFC1E82C74C135FB444E308
:1021F0008B183EFB9E05E1E43D185B3A564B214DA2
:10220000DB62CA6994F339BE86F84B3733ED1BE2C3
:10221000C0E59536FFF91FFF512C95F636DB6BBCF8
:102220005749045190B41FC51AC23CE19869E9E2CC
:1022300098B1106D166B1ACBDD6D1F08B0EAA85966
:102240006A35BCF17D5EAEDA691CCED509D7345E45
:10225000CDE5C9C7B40D9FAB47F262738F71D7BC90
:10226000437B8F81DF8A87B748FFB6B9C7E82BF178
:102270000816E99FEF33FA2D7F928AF4689FC16FA9
:10228000B80FD0BFAB1A0BB7C223856CCFBB30DB06
:10229000AE1933151D4B0CB4E244A8AB494B65296C
:1022A000B6265F2DE3B7BA5BABDD75F26828D5C9FA
:1022B00033D35E3077C3E768D58F45791EEF71124F
:1022C000927AF274AB0BE6560E1989055EFEA740B2
:1022D000933A0A83B9F5CB667CA878CD85F52DA60F
:1022E0005C0F6FFA0A30D3FBA5D2BD6CDDD2703122
:1022F0005C5C4A3FC39C986C27E79F8BFE4AB619EB
:10230000275DC6FC758564066323F5CA8674DEBC4A
:102310006FF04E0C19753ADAFC7FFFAAF03629C32C
:10232000A955BD2BCF7144D2C1F1A3A50D421E6AA0
:102330006E2D821F6B2EFC0F8955C8F0D5DD43E84A
:1023400042DF5263D9C34FAE7010F736BE8A267390
:10235000EEADE1EA3C8938F53BE24C27DD1B5D6DD3
:102360006E187BCE493A310E9923BB2A0E9922BAB8
:1023700025EA669C0479F318C89B4AC89B9F04F21F
:10238000E60990371F217F06C89B3590374F83BCE5
:10239000791EC89B4740DE3C1CF2E6C19037CF094E
:1023A000F9DE3190EF2921DFFB2490EF9D00F9DE6B
:1023B00023E4CF00F95E0DE47BA741BE771EC8F78A
:1023C0008E807CEF70C8F70E867CEF9C90EF1F0329
:1023D000F9BE12F2FD4F02F9FE0990EF3F42FE0CEA
:1023E00090EFD740BE7F1AE4FBE7817CFF08C8F777
:1023F0000F877CFF60C8F7CF09F9C131901F2821F2
:102400003FF824901F9C00F9C123E4CF00F9410D4F
:10241000E407A7417E701EC80F8E80FCE070C80FD5
:102420000E86FCE09C901F1E03F9A112F2C34F021E
:10243000F9E109901F3E42FE0C901FD6407E781AAB
:10244000E487E781FCF008C80F0F87FCF060C80F35
:10245000CF09F9D131901F29213FFA24901F9D0007
:10246000F9D123E4CF00F9510DE447A7417E741E52
:10247000C88F8E80FCE870C88F0E86FCE89C901F89
:102480001F03F9B112F2E34F02F9F109901F3F4225
:10249000FE0C901FD7407E7C1AE4C7E781FCF80849
:1024A000C88F0F87FCF860C88F8F833C5C56B4459B
:1024B0004C17616D6F8868C148F786A0ED9F614A2F
:1024C0009A716467C649FD2665E0EA041F5270955B
:1024D0002FCDC4E186B00E17D7455F7B272C89E44A
:1024E0005F702AAE20FE2A865CC27194BD2DAC912D
:1024F000A5AC212AB146DE4658DAA71280DDC6A176
:10250000EF2DE72FE57BCD28F562F384FF45117EA3
:102510005B98373381B217A5853D085B67FF56BCD2
:10252000C8C64099BCF4ACCDFFFBEFAB2D46826A28
:1025300006AFF94BCA48F44496729679CF39CD521A
:10254000B15D2CD70E346DB3B6355567A270243803
:10255000DA199FFC86438A0D97DEB2462DF0AC3126
:10256000919770ECAFA905C3C042981310F4407D59
:10257000A287923756B2BF6FFC7F92779FBDEF580C
:1025800000000000485454502F312E312035303097
:1025900020496E7465726E616C2053657276657247
:1025A000204572726F720D0A436F6E74656E742DE2
:1025B000547970653A206170706C69636174696FF9
:1025C0006E2F6A736F6E0D0A436F6E74656E742D95
:1025D0004C656E6774683A2032390D0A4163636551
:1025E00073732D436F6E74726F6C2D416C6C6F77CB
:1025F0002D4F726967696E3A202A0D0A436F6E6E1D
:10260000656374696F6E3A20636C6F73650D0A0DB4
:102610000A7B226572726F72223A224F7065726174
:1026200074696F6E206661696C6564227D000000CC
:10263000485454502F312E3120323030204F4B0D22
:102640000A436F6E74656E742D547970653A20611B
:1026500070706C69636174696F6E2F6A736F6E0D51
:102660000A436F6E74656E742D4C656E6774683ABC
:102670002031350D0A4163636573732D436F6E74AA
:10268000726F6C2D416C6C6F772D4F726967696E3C
:102690003A202A0D0A43616368652D436F6E747298
:1026A0006F6C3A206E6F2D63616368650D0A436F2E
:1026B0006E6E656374696F6E3A20636C6F73650D3F
:1026C0000A0D0A7B2273756363657373223A747211
:1026D00075657D00485454502F312E3120343030F0
:1026E0002042616420526571756573740D0A436FF1
:1026F0006E74656E742D547970653A206170706CDB
:1027000069636174696F6E2F6A736F6E0D0A436F30
:102710006E74656E742D4C656E6774683A2033363E
:102720000D0A4163636573732D436F6E74726F6C32
:102730002D416C6C6F772D4F726967696E3A202A54
:102740000D0A436F6E6E656374696F6E3A20636C39
:102750006F73650D0A0D0A7B226572726F72223AE1
:10276000224D697373696E6720616374696F6E20AF
:102770006F72206964227D00485454502F312E31ED
:102780002034303020426164205265717565737465
:102790000D0A436F6E74656E742D547970653A201E
:1027A0006170706C69636174696F6E2F6A736F6EAC
:1027B0000D0A436F6E74656E742D4C656E67746898
:1027C0003A2032340D0A4163636573732D436F6E93
:1027D00074726F6C2D416C6C6F772D4F72696769E5
:1027E0006E3A202A0D0A436F6E6E656374696F6ED0
:1027F0003A20636C6F73650D0A0D0A7B2265727255
:102800006F72223A22496E76616C69642069642293
:102810007D000000485454502F312E312034303088
:102820002042616420526571756573740D0A436FAF
:102830006E74656E742D547970653A206170706C99
:1028400069636174696F6E2F6A736F6E0D0A436FEF
:102850006E74656E742D4C656E6774683A203236FE
:102860000D0A4163636573732D436F6E74726F6CF1
:102870002D416C6C6F772D4F726967696E3A202A13
:102880000D0A436F6E6E656374696F6E3A20636CF8
:102890006F73650D0A0D0A7B226572726F72223AA0
:1028A000224D697373696E6720626F6479227D00BF
:1028B000485454502F312E312035303020496E7419
:1028C00065726E616C205365727665722045727216
:1028D0006F720D0A436F6E74656E742D5479706556
:1028E0003A206170706C69636174696F6E2F6A73EE
:1028F0006F6E0D0A436F6E74656E742D4C656E6756
:1029000074683A2032370D0A4163636573732D434F
:102910006F6E74726F6C2D416C6C6F772D4F726996
:1029200067696E3A202A0D0A436F6E6E656374699B
:102930006F6E3A20636C6F73650D0A0D0A7B22651A
:1029400072726F72223A224170706C7920666169EE
:102950006C6564227D000000485454502F312E31A4
:1029600020323030204F4B0D0A436F6E74656E7409
:102970002D547970653A206170706C696361746977
:102980006F6E2F6A736F6E0D0A436F6E74656E748F
:102990002D4C656E6774683A2031350D0A416363CA
:1029A0006573732D436F6E74726F6C2D416C6C6F19
:1029B000772D4F726967696E3A202A0D0A43616369
:1029C00068652D436F6E74726F6C3A206E6F2D6365
:1029D000616368650D0A436F6E6E656374696F6E3F
:1029E0003A20636C6F73650D0A0D0A7B2273756361
:1029F00063657373223A747275657D004854545050
:102A00002F312E312035303320536572766963655E
:102A100020556E617661696C61626C650D0A436F69
:102A20006E74656E742D547970653A206170706CA7
:102A300069636174696F6E2F6A736F6E0D0A436FFD
:102A40006E74656E742D4C656E6774683A2034350B
:102A50000D0A4163636573732D436F6E74726F6CFF
:102A60002D416C6C6F772D4F726967696E3A202A21
:102A70000D0A436F6E6E656374696F6E3A20636C06
:102A80006F73650D0A0D0A7B226572726F72223AAE
:102A9000224F76657263757272656E74206C6F6317
:102AA0006B6F757420616374697665227D00000028
:102AB000485454502F312E3120343030204261643C
:102AC00020526571756573740D0A436F6E74656E7F
:102AD000742D547970653A206170706C696361740B
:102AE000696F6E2F6A736F6E0D0A436F6E74656E39
:102AF000742D4C656E6774683A2032340D0A416358
:102B0000636573732D436F6E74726F6C2D416C6CC3
:102B10006F772D4F726967696E3A202A0D0A436FED
:102B20006E6E656374696F6E3A20636C6F73650DCA
:102B30000A0D0A7B226572726F72223A22496E7602
:102B4000616C6964206964227D000000485454501F
:102B50002F312E3120343030204261642052657193
:102B6000756573740D0A436F6E74656E742D5479B8
:102B700070653A206170706C69636174696F6E2F63
:102B80006A736F6E0D0A436F6E74656E742D4C65BB
:102B90006E6774683A2032320D0A4163636573735D
:102BA0002D436F6E74726F6C2D416C6C6F772D4F6F
:102BB000726967696E3A202A0D0A436F6E6E65630B
:102BC00074696F6E3A20636C6F73650D0A0D0A7B32
:102BD000226572726F72223A224D697373696E6751
:102BE000206964227D000000485454502F312E315A
:102BF00020343030204261642052657175657374F1
:102C00000D0A436F6E74656E742D547970653A20A9
:102C10006170706C69636174696F6E2F6A736F6E37
:102C20000D0A436F6E74656E742D4C656E67746823
:102C30003A2032360D0A4163636573732D436F6E1C
:102C400074726F6C2D416C6C6F772D4F7269676970
:102C50006E3A202A0D0A436F6E6E656374696F6E5B
:102C60003A20636C6F73650D0A0D0A7B22657272E0
:102C70006F72223A224D697373696E6720626F64C6
:102C800079227D00485454502F312E312035303078
:102C900020496E7465726E616C2053657276657240
:102CA000204572726F720D0A436F6E74656E742DDB
:102CB000547970653A206170706C69636174696FF2
:102CC0006E2F6A736F6E0D0A436F6E74656E742D8E
:102CD0004C656E6774683A2036320D0A416363654D
:102CE00073732D436F6E74726F6C2D416C6C6F77C4
:102CF0002D4F726967696E3A202A0D0A436F6E6E16
:102D0000656374696F6E3A20636C6F73650D0A0DAD
:102D10000A7B226572726F72223A225361766520B5
:102D20006661696C65642028454550524F4D2062AC
:102D3000757379206F72207772697465206572727D
:102D40006F7229227D000000485454502F312E31DB
:102D500020323030204F4B0D0A436F6E74656E7415
:102D60002D547970653A206170706C696361746983
:102D70006F6E2F6A736F6E0D0A436F6E74656E749B
:102D80002D4C656E6774683A2031350D0A416363D6
:102D90006573732D436F6E74726F6C2D416C6C6F25
:102DA000772D4F726967696E3A202A0D0A43616375
:102DB00068652D436F6E74726F6C3A206E6F2D6371
:102DC000616368650D0A436F6E6E656374696F6E4B
:102DD0003A20636C6F73650D0A0D0A7B227375636D
:102DE00063657373223A747275657D00485454505C
:102DF0002F312E31203430302042616420526571F1
:102E0000756573740D0A436F6E74656E742D547915
:102E100070653A206170706C69636174696F6E2FC0
:102E20006A736F6E0D0A436F6E74656E742D4C6518
:102E30006E6774683A2032380D0A416363657373B4
:102E40002D436F6E74726F6C2D416C6C6F772D4FCC
:102E5000726967696E3A202A0D0A436F6E6E656368
:102E600074696F6E3A20636C6F73650D0A0D0A7B8F
:102E7000226572726F72223A22556E6B6E6F776E98
:102E800020616374696F6E227D00000048545450C5
:102E90002F312E3120343030204261642052657150
:102EA000756573740D0A436F6E74656E742D547975
:102EB00070653A206170706C69636174696F6E2F20
:102EC0006A736F6E0D0A436F6E74656E742D4C6578
:102ED0006E6774683A2033330D0A41636365737318
:102EE0002D436F6E74726F6C2D416C6C6F772D4F2C
:102EF000726967696E3A202A0D0A436F6E6E6563C8
:102F000074696F6E3A20636C6F73650D0A0D0A7BEE
:102F1000226572726F72223A224E616D6520746F63
:102F20006F206C6F6E6720286D6178203235292202
:102F30007D000000485454502F312E312034303061
:102F40002042616420526571756573740D0A436F88
:102F50006E74656E742D547970653A206170706C72
:102F600069636174696F6E2F6A736F6E0D0A436FC8
:102F70006E74656E742D4C656E6774683A203231DC
:102F80000D0A4163636573732D436F6E74726F6CCA
:102F90002D416C6C6F772D4F726967696E3A202AEC
:102FA0000D0A436F6E6E656374696F6E3A20636CD1
:102FB0006F73650D0A0D0A7B226572726F72223A79
:102FC000224D697373696E67206D61736B227D009A
:102FD000485454502F312E31203430302042616417
:102FE00020526571756573740D0A436F6E74656E5A
:102FF000742D547970653A206170706C69636174E6
:10300000696F6E2F6A736F6E0D0A436F6E74656E13
:10301000742D4C656E6774683A2032340D0A416332
:10302000636573732D436F6E74726F6C2D416C6C9E
:103030006F772D4F726967696E3A202A0D0A436FC8
:103040006E6E656374696F6E3A20636C6F73650DA5
:103050000A0D0A7B226572726F72223A22496E76DD
:10306000616C6964206964227D00000048545450FA
:103070002F312E312034303020426164205265716E
:10308000756573740D0A436F6E74656E742D547993
:1030900070653A206170706C69636174696F6E2F3E
:1030A0006A736F6E0D0A436F6E74656E742D4C6596
:1030B0006E6774683A2033360D0A41636365737333
:1030C0002D436F6E74726F6C2D416C6C6F772D4F4A
:1030D000726967696E3A202A0D0A436F6E6E6563E6
:1030E00074696F6E3A20636C6F73650D0A0D0A7B0D
:1030F000226572726F72223A224D697373696E672C
:1031000020616374696F6E206F72206964227D0094
:10311000485454502F312E312034303020426164D5
:1031200020526571756573740D0A436F6E74656E18
:10313000742D547970653A206170706C69636174A4
:10314000696F6E2F6A736F6E0D0A436F6E74656ED2
:10315000742D4C656E6774683A2032360D0A4163EF
:10316000636573732D436F6E74726F6C2D416C6C5D
:103170006F772D4F726967696E3A202A0D0A436F87
:103180006E6E656374696F6E3A20636C6F73650D64
:103190000A0D0A7B226572726F72223A224D6973A0
:1031A00073696E6720626F6479227D007B22707282
:1031B0006573657473223A5B5D2C2273746172745B
:1031C0007570223A6E756C6C2C2270656E64696E37
:1031D00067223A747275657D0000000072703230AB
:1031E00034305F636869705F76657273696F6E0013
:1031F0006972715F6164645F7461696C5F746F5F51
:10320000667265655F6C6973740000006D616B6563
:103210005F6A5F31360000007265736F6C76655FC0
:103220006A5F3136000000006972715F6164645F3B
:103230007368617265645F68616E646C65720000DA
:103240006972715F7365745F6578636C75736976B5
:10325000655F68616E646C65720000006D75746511
:10326000785F6578697400006D757465785F656E68
:103270007465725F626C6F636B5F756E74696C000E
:1032800072756E74696D655F696E69745F6D757472
:1032900065780000616C61726D5F706F6F6C5F6765
:1032A00065745F64656661756C740000616C617261
:1032B0006D5F706F6F6C5F6972715F68616E646C77
:1032C0006572000000000000000000000000000027
:1032D000636C6F636B5F636F6E66696775726500C1
:1032E000706C6C5F696E6974000000005F5F6165FF
:1032F0006162695F646F75626C655F696E697400B5
:103300005F5F61656162695F666C6F61745F696E62
:103310006974000006005250D3F07542009D0210FF
:1033200006005250E182887F089D0210060052502C
:103330003ABCA9114841021006005250ABB3605389
:10334000189D021006005250BBFF3CB6209D021093
:1033500006005250861C0302289D0210060052509F
:103360005422A29D409D021005005250DE65F46873
:1033700038E203104A4A0110624A0110624A011001
:10338000564A0110624A0110624A0110624A011055
:10339000624A0110624A0110624A0110624A011039
:1033A0003E4A0110624A0110324A0110624A01107D
:1033B000624A0110264A0110424B0110724B011063
:1033C000944B0110724B01101C4B0110724B0110F9
:1033D000724B0110724B0110724B0110724B0110B5
:1033E000724B0110724B0110644B0110724B0110B3
:1033F000724B0110724B0110724B0110724B011095
:10340000A44B0110285001103E5001103E500110F5
:103410003E5001103E5001103E5001103E50011030
:103420003E5001103E5001103E5001103E50011020
:103430003E5001103E5001103E5001103E50011010
:103440003E5001103E5001103E5001103E50011000
:103450003E5001103E5001103E5001103E500110F0
:103460003E5001103E5001103E5001103E500110E0
:103470003E5001103E5001103E5001103E500110D0
:103480003E500110564E0110124E0110564E0110C2
:103490003E5001103E5001103E5001103E500110B0
:1034A0003E5001103E5001103E5001103E500110A0
:1034B0003E5001103E5001103E5001103E50011090
:1034C0003E5001103E5001103E5001103E50011080
:1034D000F24B01103E5001103E5001103E500110C1
:1034E0003E5001103E5001103E5001103E50011060
:1034F0003E5001103E500110F24B0110AE4E011033
:10350000F24B0110564E0110124E0110564E011092
:10351000000000000000F03F000000000000244018
:1035200000000000000059400000000000408F40F3
:10353000000000000088C34000000000006AF8405E
:103540000000000080842E4100000000D012634182
:103550000000000084D797410000000065CDCD41F8
:10356000737464696F5F676574636861725F7469BF
:103570006D656F75745F7573000000000D0A0000C3
:1035800000000000E154011000000000E5540110AB
:10359000F1540110295501102555011000000000BB
:1035A0000A00000000000306A60008000200020056
:1035B0009C001400030057494E5553420000000080
:1035C000000000000000800004000100280044000A
:1035D0006500760069006300650049006E007400B4
:1035E00065007200660061006300650047005500D9
:1035F0004900440000004E007B0062006300370079
:10360000330039003800630031002D0037003300EB
:10361000630064002D0034006300620037002D0059
:1036200039003800620038002D00390031003300C5
:1036300061003800660063006100370062006600C8
:1036400036007D0000000000050F2100011C100560
:1036500000DF60DDD88945C74C9CD2659D9E648A99
:103660009F00000306A60001000000000600525063
:1036700053B4F4A1009E0210737464696F5F757394
:10368000625F696E6974000000000000149E021001
:10369000249E0210448002202C9E0210389E0210AC
:1036A00009025400030100807D080B0002020200A1
:1036B00000090400000102020004052400200105A5
:1036C00024010001042402060524060001070581E7
:1036D0000308001009040100020A000000070502A7
:1036E00002400000070582024000000904020000B9
:1036F000FF00010512011002EF0201408A2E0A00AC
:1037000000010102030100007069636F5F67657467
:103710005F756E697175655F626F6172645F696420
:103720005F737472696E6700666C6173685F646F63
:103730005F636D64000000006463645F65647074BF
:103740005F786665720000006463645F7365745F30
:1037500061646472657373006463645F696E745F4F
:10376000656E61626C65000068775F656E64706F9E
:10377000696E745F616C6C6F630000006463645F0A
:10378000696E69740000000073796E635F65705F35
:103790006275666665720000BE6201101E620110ED
:1037A0005A6201108E620110BE620110BE620110E9
:1037B000AA6201105A620110BE620110BE620110BD
:1037C000BE620110BE620110BE620110BE62011035
:1037D000BE620110406201108009002080090020B3
:1037E00062090020220A0020C4090020D809002014
:1037F0000C0B002018680110F2670110AA69011073
:10380000CC670110AA6901101C670110C067011084
:10381000AA69011038670110506701100A6A011087
:10382000FC6901104E6A0110826B01104C6B011093
:10383000646B01105C6A0110CC6A0110746B01109A
:10384000757362645F656470745F786665720000AA
:10385000757362645F656470745F6F70656E00009D
:10386000757362645F6F70656E5F656470745F70BE
:103870006169720071756575655F6576656E740066
:1038800070726F636573735F6765745F646573639C
:10389000726970746F72000070726F636573735F2A
:1038A0007365745F636F6E666967000070726F6343
:1038B0006573735F636F6E74726F6C5F7265717541
:1038C00065737400636F6E66696775726174696FA2
:1038D0006E5F7265736574007475645F7461736B99
:1038E0005F657874000000007475645F7268706FC3
:1038F00072745F696E69740000000000417001100D
:10390000ED70011035710110A57101109172011057
:10391000CD7301100000000000000000717501105F
:103920000D7601104176011091760110915501102C
:10393000DD77011000000000757362645F636F6ED5
:1039400074726F6C5F786665725F6362000000007E
:103950007475645F636F6E74726F6C5F78666572A6
:1039600000000000636463645F786665725F636291
:1039700000000000636463645F6F70656E000000A8
:103980007475645F6364635F6E5F77726974655FAB
:10399000666C75736800000076656E646F72645FB4
:1039A0006F70656E0000000074755F656470745F11
:1039B00073747265616D5F726561645F786665726C
:1039C0000000000074755F656470745F73747265E5
:1039D000616D5F77726974655F786665720000007B
:1039E00074755F656470745F73747265616D5F7721
:1039F000726974655F7A6C705F69665F6E65656435
:103A00006564000074755F656470745F76616C69ED
:103A10006461746500000000747573625F726870A1
:103A20006F72745F696E6974000000006932635FD1
:103A30007365745F62617564726174650000000093
:103A4000657863657074696F6E5F7365745F6578C0
:103A5000636C75736976655F68616E646C6572002E
:103A6000657863657074696F6E5F726573746F7289
:103A7000655F68616E646C657200000098BA011041
:103A80008CBA0110A8BA0110B4BA0110BEBA011064
:103A9000F6BB0110EABB01100CBC011018BC0110F0
:103AA00022BC011017000000D2C0011020C101107B
:103AB00020C1011064C1011070C101109CC101102E
:103AC00020C1011020C1011064C1011070C101109A
:103AD0009ED5011024D4011024D4011024D4011047
:103AE00024D4011024D4011024D4011024D40110B2
:103AF00024D4011040D5011040D5011040D501104B
:103B000040D5011040D5011024D4011024D4011057
:103B100024D4011024D4011024D4011024D4011081
:103B200024D4011024D4011024D4011024D4011071
:103B300024D4011024D4011024D4011024D4011061
:103B400024D4011024D4011024D4011024D4011051
:103B500040D5011024D4011024D4011024D4011024
:103B600024D4011024D4011024D4011024D4011031
:103B700024D4011024D4011024D40110B0DB01108E
:103B800024D40110C2DB011084E301100EE0011007
:103B900062E001105CE0011048E001100EE001104D
:103BA00034000000CEFBFFFFCB030000010000004B
:103BB0000000000035000000CEFBFFFFCB0300003B
:103BC0000100000000000000BC89D897B2D29C3CE4
:103BD00033A7A8D523F649393DA7F444FD0FA532F4
:103BE0009D978CCF08BA5B25436FAC64280668119B
:103BF00000202020202020202020282828282820BD
:103C000020202020202020202020202020202020B4
:103C1000208810101010101010101010101010101C
:103C2000100404040404040404040410101010100C
:103C300010104141414141410101010101010101D6
:103C40000101010101010101010101011010101028
:103C500010104242424242420202020202020202A8
:103C600002020202020202020202020210101010FC
:103C70002000000000000000000000000000000024
:103C80000000000000000000000000000000000034
:103C90000000000000000000000000000000000024
:103CA0000000000000000000000000000000000014
:103CB0000000000000000000000000000000000004
:103CC00000000000000000000000000000000000F4
:103CD00000000000000000000000000000000000E4
:103CE00000000000000000000000000000000000D4
:103CF00000000000000000000000000000000000C4
:103D000000000000000000000000000000000000B3
:103D100000000000000000000000000000000000A3
:103D200000000000101112131415161718190000C6
:103D300000000000001A1B1C1D1E1F0000000000D8
:103D40000000000000000000000000000000000073
:103D500000000000001A1B1C1D1E1F0000000000B8
:103D60000000000000000000000000000000000053
:103D70000000000000000000000000000000000043
:103D80000000000000000000000000000000000033
:103D90000000000000000000000000000000000023
:103DA0000000000000000000000000000000000013
:103DB0000000000000000000000000000000000003
:103DC00000000000000000000000000000000000F3
:103DD00000000000000000000000000000000000E3
:103DE00000000000000000000000000000000000D3
:103DF0000000000005000000190000007D00000028
:103E00000080E03779C34143176E05B5B5B89346D6
:103E1000F5F93FE9034F384D321D30F94877825AA2
:103E20003CBF737FDD4F1575000000000000F03FC0
:103E30000000000000002440000000000000594085
:103E40000000000000408F40000000000088C340D8
:103E500000000000006AF8400000000080842E414D
:103E600000000000D01263410000000084D7974199
:103E70000000000065CDCD41000000205FA002429F
:103E8000000000E876483742000000A2941A6D4214
:103E9000000040E59C30A2420000901EC4BCD64207
:103EA00000003426F56B0C430080E03779C34143B2
:103EB00000A0D8855734764300C84E676DC1AB4328
:103EC000003D9160E458E143408CB5781DAF154446
:103ED00050EFE2D6E41A4B4492D54D06CFF0804421
:103EE000F64AE1C7022DB544B49DD9794378EA4436
:103EF00038120210900A0210900A0210900A021062
:103F0000900A021022120210900A0210900A021067
:103F1000900A0210900A0210900A0210900B0210F0
:103F2000900B0210900B0210900B0210900B0210DD
:103F3000900B0210900B0210900B0210900B0210CD
:103F4000900B0210900A0210900A0210900A0210C0
:103F5000900A0210900A0210900A0210900A0210B1
:103F6000B20B0210900A021068100210140E021018
:103F7000B20B0210B20B0210B20B0210900A021028
:103F8000900A0210900A0210900A0210100B021000
:103F9000900A0210900A02102A100210900A0210D1
:103FA000900A0210900A021048100210900A0210A3
:103FB000900A0210900A0210900A0210960C021049
:103FC000900A0210900A02105C0E0210900A021071
:103FD000900A0210900A0210900A0210900A021031
:103FE000B20B0210900A0210D40C0210FC11021045
:103FF000B20B0210B20B0210B20B0210280E02100C
:10400000420E0210100B0210900A0210F80D02105E
:10401000B60D0210D20D0210700D0210DC1102104C
:10402000900A0210900A02108A0D0210040B02106E
:104030009C0D0210900A0210900A0210960C0210B9
:10404000900A0210040B0210F214021092120210D5
:10405000F21402109212021092120210161602109E
:10406000201302102013021020130210201302103C
:10407000201302102013021020130210201302102C
:1040800020130210921202109212021092120210C9
:104090009212021092120210921202109212021048
:1040A000D4140210F0130210F0130210F0130210D7
:1040B0000C160210EE15021092120210921202104B
:1040C0002015021092120210921202109212021087
:1040D00092120210A0140210921202105414021034
:1040E0009212021092120210921202104814021040
:1040F0009212021092120210921202100E1402106A
:104100000214021092120210921202109212021065
:1041100092120210921202109212021092120210C7
:10412000D4140210F0130210F0130210F013021056
:104130000C160210EE1502109212021092120210CA
:104140002015021092120210921202109212021006
:1041500092120210A01402109212021054140210B3
:1041600092120210921202109212021048140210BF
:104170009212021092120210921202100E140210E9
:1041800002140210201902108C18021020190210BB
:104190008C1802108C1802103A190210F218021032
:1041A000F2180210F2180210F2180210F21802109F
:1041B000F2180210F21802102A1902102A1902101D
:1041C0008C1802108C1802108C1802108C18021017
:1041D0008C1802108C1802108C180210641802102F
:1041E0006418021064180210641802106418021097
:1041F000641802108C1802108C1802108C1802100F
:104200008C1802108C1802108C1802108C180210D6
:104210008C1802108C1802108C1802108C180210C6
:104220008C1802108C1802108C1802108C180210B6
:104230008C1802108C180210021902108C1802102F
:104240008C1802108C1802108C1802108C18021096
:104250008C1802108C1802108C18021064180210AE
:104260006418021064180210641802106418021016
:10427000641802108C1802108C1802108C1802108E
:104280008C1802108C1802108C1802108C18021056
:104290008C1802108C1802108C1802108C18021046
:1042A0008C1802108C1802108C1802108C18021036
:1042B0008C1802108C180210021902100A0001005A
:1042C00002000300040005000600070008000900C2
:1042D0000A000B000C000D000E000F001000000083
:1042E000BE290210AE290210A02902109629021040
:1042F0008A2902107629021062290210C8290210A8
:104300000C5F104E154E2A4E314E364E3C4E3F4EEF
:10431000424E564E584E824E854E6B8C8A4E1282BD
:104320000D5F8E4E9E4E9F4EA04EA24EB04EB34E8F
:10433000B64ECE4ECD4EC44EC64EC24ED74EDE4EBB
:10434000ED4EDF4EF74E094F5A4F304F5B4F5D4FEA
:10435000574F474F764F884F8F4F984F7B4F694F3E
:10436000704F914F6F4F864F964F1851D44FDF4F7C
:10437000CE4FD84FDB4FD14FDA4FD04FE44FE54F00
:104380001A50285014502A50255005501C4FF64FF3
:10439000215029502C50FE4FEF4F115006504350E2
:1043A000475003675550505048505A5056506C5023
:1043B000785080509A508550B450B250C950CA506D
:1043C000B350C250D650DE50E550ED50E350EE50A1
:1043D000F950F5500951015102511651155114511E
:1043E0001A5121513A5137513C513B513F514051A3
:1043F00052514C5154516251F87A69516A516E517F
:1044000080518251D8568C5189518F51915193517D
:1044100095519651A451A651A251A951AA51AB51FF
:10442000B351B151B251B051B551BD51C551C9513E
:10443000DB51E0515586E951ED51F051F551FE51F6
:1044400004520B5214520E5227522A522E523352F9
:1044500039524F5244524B524C525E5254526A524D
:104460007452695273527F527D528D5294529252BD
:10447000715288529152A88FA78FAC52AD52BC5244
:10448000B552C152CD52D752DE52E352E652ED98A8
:10449000E052F352F552F852F95206530853387568
:1044A0000D5310530F5315531A5323532F53315396
:1044B00033533853405346534553174E49534D5386
:1044C000D6515E5369536E5318597B5377538253B9
:1044D0009653A053A653A553AE53B053B653C353EC
:1044E000127CD996DF53FC66EE71EE53E853ED5320
:1044F000FA5301543D5440542C542D543C542E54E2
:10450000365429541D544E548F5475548E545F5450
:1045100071547754705492547B548054765484541C
:1045200090548654C754A254B854A554AC54C4549F
:10453000C854A854AB54C254A454BE54BC54D85408
:10454000E554E6540F551455FD54EE54ED54FA5409
:10455000E2543955405563554C552E555C554555DB
:1045600056555755385533555D5599558055AF5467
:104570008A559F557B557E5598559E55AE557C5511
:104580008355A9558755A855DA55C555DF55C455E6
:10459000DC55E455D4551456F7551656FE55FD55C1
:1045A0001B56F9554E565056DF7134563656325614
:1045B00038566B5664562F566C566A568656805639
:1045C0008A56A05694568F56A556AE56B656B45631
:1045D000C256BC56C156C356C056C856CE56D15602
:1045E000D356D756EE56F9560057FF56045709577B
:1045F00008570B570D57135718571657C7551C57C1
:104600002657375738574E573B5740574F576957DC
:10461000C057885761577F5789579357A057B3574B
:10462000A457AA57B057C357C657D457D257D357D2
:104630000A58D657E3570B5819581D587258215825
:1046400062584B587058C06B52583D58795885582D
:10465000B9589F58AB58BA58DE58BB58B858AE58DE
:10466000C558D358D158D758D958D858E558DC58D8
:10467000E458DF58EF58FA58F958FB58FC58FD58E1
:1046800002590A5910591B59A66825592C592D59F8
:10469000325938593E59D27A555950594E595A596A
:1046A00058596259605967596C59695978598159F3
:1046B0009D595E4FAB4FA359B259C659E859DC59C1
:1046C0008D59D959DA59255A1F5A115A1C5A095A63
:1046D0001A5A405A6C5A495A355A365A625A6A5AC4
:1046E0009A5ABC5ABE5ACB5AC25ABD5AE35AD75AE2
:1046F000E65AE95AD65AFA5AFB5A0C5B0B5B165B20
:10470000325BD05A2A5B365B3E5B435B455B405B6A
:10471000515B555B5A5B5B5B655B695B705B735BB5
:10472000755B785B88657A5B805B835BA65BB85B57
:10473000C35BC75BC95BD45BD05BE45BE65BE25BFE
:10474000DE5BE55BEB5BF05BF65BF35B055C075CFC
:10475000085C0D5C135C205C225C285C385C395C76
:10476000415C465C4E5C535C505C4F5C715B6C5CC6
:104770006E5C624E765C795C8C5C915C945C9B595F
:10478000AB5CBB5CB65CBC5CB75CC55CBE5CC75C70
:10479000D95CE95CFD5CFA5CED5C8C5DEA5C0B5D10
:1047A000155D175D5C5D1F5D1B5D115D145D225D18
:1047B0001A5D195D185D4C5D525D4E5D4B5D6C5D23
:1047C000735D765D875D845D825DA25D9D5DAC5DA0
:1047D000AE5DBD5D905DB75DBC5DC95DCD5DD35D1A
:1047E000D25DD65DDB5DEB5DF25DF55D0B5E1A5E65
:1047F000195E115E1B5E365E375E445E435E405E50
:104800004E5E575E545E5F5E625E645E475E755EDE
:10481000765E7A5EBC9E7F5EA05EC15EC25EC85E52
:10482000D05ECF5ED65EE35EDD5EDA5EDB5EE25ECC
:10483000E15EE85EE95EEC5EF15EF35EF05EF45E22
:10484000F85EFE5E035F095F5D5F5C5F0B5F115F9B
:10485000165F295F2D5F385F415F485F4C5F4E5F99
:104860002F5F515F565F575F595F615F6D5F735F89
:10487000775F835F825F7F5F8A5F885F915F875F1B
:104880009E5F995F985FA05FA85FAD5FBC5FD65FDA
:10489000FB5FE45FF85FF15FDD5FB360FF5F2160A6
:1048A00060601960106029600E6031601B601560E7
:1048B0002B6026600F603A605A6041606A607760E2
:1048C0005F604A6046604D60636043606460426060
:1048D0006C606B60596081608D60E76083609A6096
:1048E00084609B60966097609260A7608B60E160D7
:1048F000B860E060D360B460F05FBD60C660B56072
:10490000D8604D6115610661F660F7600061F46082
:10491000FA6003612161FB60F1600D610E61476126
:104920003E61286127614A613F613C612C613461CD
:104930003D614261446173617761586159615A61B7
:104940006B6174616F61656171615F615D6153612C
:104950007561996196618761AC6194619A618A61C0
:104960009161AB61AE61CC61CA61C961F761C86137
:10497000C361C661BA61CB61797FCD61E661E361F4
:10498000F661FA61F461FF61FD61FC61FE61006244
:10499000086209620D620C6214621B621E6221626F
:1049A0002A622E6230623262336241624E625E621D
:1049B00063625B62606268627C62826289627E625C
:1049C000926293629662D46283629462D762D16289
:1049D000BB62CF62FF62C662D464C862DC62CC6232
:1049E000CA62C262C7629B62C9620C63EE62F16214
:1049F000276302630863EF62F56250633E634D63B1
:104A00001C644F6396638E638063AB637663A363BA
:104A10008F6389639F63B5636B636963BE63E96397
:104A2000C063C663E363C963D263F663C463166499
:104A3000346406641364266436641D651764286450
:104A40000F6467646F6476644E642A65956493644A
:104A5000A564A9648864BC64DA64D264C564C7646C
:104A6000BB64D864C264F164E7640982E064E16411
:104A7000AC62E364EF642C65F664F464F264FA6497
:104A80000065FD6418651C650565246523652B6557
:104A9000346535653765366538654B7548655665E7
:104AA00055654D6558655E655D65726578658265BD
:104AB00083658A8B9B659F65AB65B765C365C66576
:104AC000C165C465CC65D265DB65D965E065E16526
:104AD000F16572670A660366FB657367356636665D
:104AE00034661C664F664466496641665E665D666E
:104AF0006466676668665F66626670668366886617
:104B00008E668966846698669D66C166B966C96662
:104B1000BE66BC66C466B866D666DA66E0663F66A0
:104B2000E666E966F066F566F7660F6716671E6764
:104B30002667276738972E673F673667416738676C
:104B4000376746675E676067596763676467896749
:104B50007067A9677C676A678C678B67A667A167C0
:104B60008567B767EF67B467EC67B367E967B867EE
:104B7000E467DE67DD67E267EE67B967CE67C66741
:104B8000E7679C6A1E684668296840684D68326815
:104B90004E68B3682B685968636877687F689F6858
:104BA0008F68AD6894689D689B688368AE6AB968D1
:104BB0007468B568A068BA680F698D687E68016915
:104BC000CA680869D86822692669E1680C69CD68F5
:104BD000D468E768D568366912690469D768E368FC
:104BE0002569F968E068EF6828692A691A69236904
:104BF0002169C668796977695C6978696B69546904
:104C00007E696E69396974693D695969306961699C
:104C10005E695D6981696A69B269AE69D069BF69B7
:104C2000C169D369BE69CE69E85BCA69DD69BB69E0
:104C3000C369A7692E6A9169A0699C699569B4697D
:104C4000DE69E869026A1B6AFF690A6BF969F26941
:104C5000E769056AB1691E6AED69146AEB690A6A57
:104C6000126AC16A236A136A446A0C6A726A366AF3
:104C7000786A476A626A596A666A486A386A226A62
:104C8000906A8D6AA06A846AA26AA36A976A178684
:104C9000BB6AC36AC26AB86AB36AAC6ADE6AD16ABE
:104CA000DF6AAA6ADA6AEA6AFB6A056B1686FA6A3A
:104CB000126B166B319B1F6B386B376BDC76396B65
:104CC000EE98476B436B496B506B596B546B5B6B46
:104CD0005F6B616B786B796B7F6B806B846B836BC5
:104CE0008D6B986B956B9E6BA46BAA6BAB6BAF6B6C
:104CF000B26BB16BB36BB76BBC6BC66BCB6BD36B6F
:104D0000DF6BEC6BEB6BF36BEF6BBE9E086C136CA5
:104D1000146C1B6C246C236C5E6C556C626C6A6C3E
:104D2000826C8D6C9A6C816C9B6C7E6C686C736C05
:104D3000926C906CC46CF16CD36CBD6CD76CC56C10
:104D4000DD6CAE6CB16CBE6CBA6CDB6CEF6CD96CAC
:104D5000EA6C1F6D4D88366D2B6D3D6D386D196D8C
:104D6000356D336D126D0C6D636D936D646D5A6DA1
:104D7000796D596D8E6D956DE46F856DF96D156E5C
:104D80000A6EB56DC76DE66DB86DC66DEC6DDE6D06
:104D9000CC6DE86DD26DC56DFA6DD96DE46DD56DD4
:104DA000EA6DEE6D2D6E6E6E2E6E196E726E5F6E0A
:104DB0003E6E236E6B6E2B6E766E4D6E1F6E436E67
:104DC0003A6E4E6E246EFF6E1D6E386E826EAA6E47
:104DD000986EC96EB76ED36EBD6EAF6EC46EB26E96
:104DE000D46ED56E8F6EA56EC26E9F6E416F116FC1
:104DF0004C70EC6EF86EFE6E3F6FF26E316FEF6EC0
:104E0000326FCC6E3E6F136FF76E866F7A6F786F6E
:104E1000816F806F6F6F5B6FF36F6D6F826F7C6FF1
:104E2000586F8E6F916FC26F666FB36FA36FA16F74
:104E3000A46FB96FC66FAA6FDF6FD56FEC6FD46FB9
:104E4000D86FF16FEE6FDB6F09700B70FA6F117036
:104E500001700F70FE6F1B701A70746F1D701870E8
:104E60001F7030703E703270517063709970927024
:104E7000AF70F170AC70B870B370AE70DF70CB70A3
:104E8000DD70D9700971FD701C71197165715571F2
:104E90008871667162714C7156716C718F71FB71A2
:104EA00084719571A871AC71D771B971BE71D271ED
:104EB000C971D471CE71E071EC71E771F571FC715B
:104EC000F971FF710D7210721B7228722D722C72A3
:104ED000307232723B723C723F72407246724B7259
:104EE000587274727E728272817287729272967236
:104EF000A272A772B972B272C372C672C472CE7253
:104F0000D272E272E072E172F972F7720F501773A7
:104F10000A731C7316731D7334732F7329732573EF
:104F20003E734E734F73D89E57736A736873707372
:104F3000787375737B737A73C873B373CE73BB73F3
:104F4000C073E573EE73DE73A27405746F74257419
:104F5000F87332743A7455743F745F7459744174C1
:104F60005C746974707463746A7476747E748B7420
:104F70009E74A774CA74CF74D474F173E074E3742C
:104F8000E774E974EE74F274F074F174F874F77401
:104F90000475037505750C750E750D75157513750E
:104FA0001E7526752C753C7544754D754A75497589
:104FB0005B7546755A756975647567756B756D7542
:104FC000787576758675877574758A758975827535
:104FD00094759A759D75A575A375C275B375C375DE
:104FE000B575BD75B875BC75B175CD75CA75D27519
:104FF000D975E375DE75FE75FF75FC750176F07584
:10500000FA75F275F3750B760D7609761F762776AD
:105010002076217622762476347630763B76477673
:10502000487646765C7658766176627668766976FA
:105030006A7667766C7670767276767678767C7637
:105040008076837688768B768E769676937699764A
:105050009A76B076B476B876B976BA76C276CD76E8
:10506000D676D276DE76E176E576E776EA762F8634
:10507000FB76087707770477297724771E772577DB
:1050800026771B773777387747775A7768776B7744
:105090005B7765777F777E7779778E778B77917778
:1050A000A0779E77B077B677B977BF77BC77BD77B3
:1050B000BB77C777CD77D777DA77DC77E377EE778B
:1050C000FC770C781278267920782A7945788E78C2
:1050D000747886787C789A788C78A378B578AA7872
:1050E000AF78D178C678CB78D478BE78BC78C578DC
:1050F000CA78EC78E778DA78FD78F478077912796D
:10510000117919792C792B794079607957795F7900
:105110005A79557953797A797F798A799D79A779FE
:105120004B9FAA79AE79B379B979BA79C979D5792A
:10513000E779EC79E179E379087A0D7A187A197AC6
:10514000207A1F7A8079317A3B7A3E7A377A437AAD
:10515000577A497A617A627A697A9D9F707A797A08
:105160007D7A887A977A957A987A967AA97AC87A9F
:10517000B07AB67AC57AC47ABF7A8390C77ACA7A87
:10518000CD7ACF7AD57AD37AD97ADA7ADD7AE17A9A
:10519000E27AE67AED7AF07A027B0F7B0A7B067B75
:1051A000337B187B197B1E7B357B287B367B507BC2
:1051B0007A7B047B4D7B0B7B4C7B457B757B657BD6
:1051C000747B677B707B717B6C7B6E7B9D7B987B3C
:1051D0009F7B8D7B9C7B9A7B8B7B927B8F7B5D7B8C
:1051E000997BCB7BC17BCC7BCF7BB47BC67BDD7BD0
:1051F000E97B117C147CE67BE57B607C007C077C92
:10520000137CF37BF77B177C0D7CF67B237C277C60
:105210002A7C1F7C377C2B7C3D7C4C7C437C547CE3
:105220004F7C407C507C587C5F7C647C567C657CE9
:105230006C7C757C837C907CA47CAD7CA27CAB7CFC
:10524000A17CA87CB37CB27CB17CAE7CB97CBD7CFB
:10525000C07CC57CC27CD87CD27CDC7CE27C3B9B65
:10526000EF7CF27CF47CF67CFA7C067D027D1C7D72
:10527000157D0A7D457D4B7D2E7D327D3F7D357DC3
:10528000467D737D567D4E7D727D687D6E7D4F7D42
:10529000637D937D897D5B7D8F7D7D7D9B7DBA7DEB
:1052A000AE7DA37DB57DC77DBD7DAB7D3D7EA27D01
:1052B000AF7DDC7DB87D9F7DB07DD87DDD7DE47DDB
:1052C000DE7DFB7DF27DE17D057E0A7E237E217EF3
:1052D000127E317E1F7E097E0B7E227E467E667E9A
:1052E0003B7E357E397E437E377E327E3A7E677ED8
:1052F0005D7E567E5E7E597E5A7E797E6A7E697EAE
:105300007C7E7B7E837ED57D7D7EAE8F7F7E887E1C
:10531000897E8C7E927E907E937E947E967E8E7E1B
:105320009B7E9C7E387F3A7F457F4C7F4D7F4E7FB2
:10533000507F517F557F547F587F5F7F607F687FAC
:10534000697F677F787F827F867F837F887F877F83
:105350008C7F947F9E7F9D7F9A7FA37FAF7FB27F5C
:10536000B97FAE7FB67FB87F718BC57FC67FCA7F9E
:10537000D57FD47FE17FE67FE97FF37FF97FDC98FB
:10538000068004800B801280188019801C80218088
:1053900028803F803B804A804680528058805A80D7
:1053A0005F80628068807380728070807680798090
:1053B0007D807F808480868085809B8093809A809A
:1053C000AD809051AC80DB80E580D980DD80C480E9
:1053D000DA80D6800981EF80F1801B8129812381C9
:1053E0002F814B818B9646813E8153815181FC8078
:1053F00071816E81658166817481838188818A81F2
:1054000080818281A0819581A481A3815F81938124
:10541000A981B081B581BE81B881BD81C081C281C1
:10542000BA81C981CD81D181D981D881C881DA8100
:10543000DF81E081E781FA81FB81FE8101820282C6
:10544000058207820A820D821082168229822B82AF
:10545000388233824082598258825D825A825F82CA
:105460006482628268826A826B822E827182778213
:1054700078827E828D829282AB829F82BB82AC8256
:10548000E182E382DF82D282F482F382FA82938322
:105490000383FB82F982DE820683DC820983D98260
:1054A0003583348316833283318340833983508339
:1054B00045832F832B831783188385839A83AA833D
:1054C0009F83A283968323838E8387838A837C83AF
:1054D000B58373837583A0838983A883F48313843E
:1054E000EB83CE83FD830384D8830B84C183F7834E
:1054F0000784E083F2830D8422842084BD83388472
:105500000685FB836D842A843C845A858484778451
:105510006B84AD846E848284698446842C846F8419
:1055200079843584CA846284B984BF849F84D98491
:10553000CD84BB84DA84D084C184C684D684A1841B
:105540002185FF84F484178518852C851F85158592
:105550001485FC844085638558854885418502868D
:105560004B8555858085A485888591858A85A88504
:105570006D8594859B85EA8587859C8577857E8565
:105580009085C985BA85CF85B985D085D585DD85D6
:10559000E585DC85F9850A8613860B86FE85FA8506
:1055A000068622861A8630863F864D86554E54865C
:1055B0005F86678671869386A386A986AA868B8670
:1055C0008C86B686AF86C486C686B086C986238892
:1055D000AB86D486DE86E986EC86DF86DB86EF86C0
:1055E00012870687088700870387FB86118709874C
:1055F0000D87F9860A8734873F8737873B8725875A
:1056000029871A8760875F8778874C874E877487DA
:10561000578768876E875987538763876A870588A6
:10562000A2879F878287AF87CB87BD87C087D087B8
:10563000D696AB87C487B387C787C687BB87EF87F4
:10564000F287E0870F880D88FE87F687F7870E8838
:10565000D287118816881588228821883188368853
:10566000398827883B8844884288528859885E88D0
:1056700062886B8881887E889E8875887D88B588D9
:105680007288828897889288AE889988A2888D8847
:10569000A488B088BF88B188C388C488D488D888D3
:1056A000D988DD88F9880289FC88F488E888F2883E
:1056B00004890C890A89138943891E8925892A89C5
:1056C0002B89418944893B89368938894C891D89D0
:1056D00060895E89668964896D896A896F89748940
:1056E00077897E89838988898A8993899889A1891C
:1056F000A989A689AC89AF89B289BA89BD89BF89D0
:10570000C089DA89DC89DD89E789F489F889038A27
:10571000168A108A0C8A1B8A1D8A258A368A418A33
:105720005B8A528A468A488A7C8A6D8A6C8A628A37
:10573000858A828A848AA88AA18A918AA58AA68A69
:105740009A8AA38AC48ACD8AC28ADA8AEB8AF38AC1
:10575000E78AE48AF18A148BE08AE28AF78ADE8A91
:10576000DB8A0C8B078B1A8BE18A168B108B178BBD
:10577000208B338BAB97268B2B8B3E8B288B418BCF
:105780004C8B4F8B4E8B498B568B5B8B5A8B6B8B19
:105790005F8B6C8B6F8B748B7D8B808B8C8B8E8BEC
:1057A000928B938B968B998B9A8B3A8C418C3F8CF6
:1057B000488C4C8C4E8C508C558C628C6C8C788CBC
:1057C0007A8C828C898C858C8A8C8D8C8E8C948C36
:1057D0007C8C988C1D62AD8CAA8CBD8CB28CB38CE9
:1057E000AE8CB68CC88CC18CE48CE38CDA8CFD8CCE
:1057F000FA8CFB8C048D058D0A8D078D0F8D0D8D18
:10580000108D4E9F138DCD8C148D168D678D6D8DE3
:10581000718D738D818D998DC28DBE8DBA8DCF8D19
:10582000DA8DD68DCC8DDB8DCB8DEA8DEB8DDF8D3A
:10583000E38DFC8D088E098EFF8D1D8E1E8E108EC1
:105840001F8E428E358E308E348E4A8E478E498E14
:105850004C8E508E488E598E648E608E2A8E638E4A
:10586000558E768E728E7C8E818E878E858E848EFE
:105870008B8E8A8E938E918E948E998EAA8EA18E07
:10588000AC8EB08EC68EB18EBE8EC58EC88ECB8EBF
:10589000DB8EE38EFC8EFB8EEB8EFE8E0A8F058FE9
:1058A000158F128F198F138F1C8F1F8F1B8F0C8FCB
:1058B000268F338F3B8F398F458F428F3E8F4C8F92
:1058C000498F468F4E8F578F5C8F628F638F648FA7
:1058D0009C8F9F8FA38FAD8FAF8FB78FDA8FE58FA0
:1058E000E28FEA8FEF8F8790F48F0590F98FFA8F10
:1058F0001190159021900D901E9016900B9027906E
:10590000369035903990F88F4F905090519052903A
:105910000E9049903E90569058905E9068906F908F
:105920007690A896729082907D90819080908A90D7
:1059300089908F90A890AF90B190B590E290E4904C
:105940004862DB90029112911991329130914A9103
:1059500056915891639165916991739172918B9170
:1059600089918291A291AB91AF91AA91B591B49195
:10597000BA91C091C191C991CB91D091D691DF914B
:10598000E191DB91FC91F591F6911E92FF911492B9
:105990002C92159211925E9257924592499264927E
:1059A000489295923F924B9250929C9296929392EB
:1059B0009B925A92CF92B992B792E9920F93FA9230
:1059C00044932E93199322931A9323933A933593E6
:1059D0003B935C9360937C936E935693B093AC939C
:1059E000AD939493B993D693D793E893E593D893D3
:1059F000C393DD93D093C893E4931A9414941394AF
:105A000003940794109436942B94359421943A94EB
:105A10004194529444945B94609462945E946A942A
:105A200029927094759477947D945A947C947E9482
:105A300081947F94829587958A959495969598956B
:105A40009995A095A895A795AD95BC95BB95B99549
:105A5000BE95CA95F66FC395CD95CC95D595D49541
:105A6000D695DC95E195E595E295219628962E96BA
:105A70002F9642964C964F964B9677965C965E96EE
:105A80005D965F96669672966C968D9698969596AC
:105A90009796AA96A796B196B296B096B496B696F1
:105AA000B896B996CE96CB96C996CD964D89DC968A
:105AB0000D97D596F99604970697089713970E9722
:105AC00011970F971697199724972A973097399718
:105AD0003D973E97449746974897429749975C97DA
:105AE0006097649766976897D2526B97719779978A
:105AF00085977C9781977A9786978B978F979097C2
:105B00009C97A897A697A397B397B497C397C69760
:105B1000C897CB97DC97ED974F9FF297DF7AF69770
:105B2000F5970F980C9838982498219837983D98B5
:105B300046984F984B986B986F9870987198749896
:105B40007398AA98AF98B198B698C498C398C69815
:105B5000E998EB9803990999129914991899219940
:105B60001D991E99249920992C992E993D993E9919
:105B700042994999459950994B99519952994C9903
:105B8000559997999899A599AD99AE99BC99DF992E
:105B9000DB99DD99D899D199ED99EE99F199F2991E
:105BA000FB99F899019A0F9A059AE299199A2B9AFA
:105BB000379A459A429A409A439A3E9A559A4D9AF4
:105BC0005B9A579A5F9A629A659A649A699A6B9AF5
:105BD0006A9AAD9AB09ABC9AC09ACF9AD19AD39A3F
:105BE000D49ADE9ADF9AE29AE39AE69AEF9AEB9ACF
:105BF000EE9AF49AF19AF79AFB9A069B189B1A9BD5
:105C00001F9B229B239B259B279B289B299B2A9B91
:105C10002E9B2F9B329B449B439B4F9B4D9B4E9BAC
:105C2000519B589B749B939B839B919B969B979BAB
:105C30009F9BA09BA89BB49BC09BCA9BB99BC69BE8
:105C4000CF9BD19BD29BE39BE29BE49BD49BE19BAC
:105C50003A9CF29BF19BF09B159C149C099C139C15
:105C60000C9C069C089C129C0A9C049C2E9C1B9CD1
:105C7000259C249C219C309C479C329C469C3E9CAD
:105C80005A9C609C679C769C789CE79CEC9CF09C62
:105C9000099D089DEB9C039D069D2A9D269DAF9D19
:105CA000239D1F9D449D159D129D419D3F9D3E9DA1
:105CB000469D489D5D9D5E9D649D519D509D599D55
:105CC000729D899D879DAB9D6F9D7A9D9A9DA49D98
:105CD000A99DB29DC49DC19DBB9DB89DBA9DC69D09
:105CE000CF9DC29DD99DD39DF89DE69DED9DEF9DD5
:105CF000FD9D1A9E1B9E1E9E759E799E7D9E819E79
:105D0000889E8B9E8C9E929E959E919E9D9EA59E0A
:105D1000A99EB89EAA9EAD9E6197CC9ECE9ECF9E18
:105D2000D09ED49EDC9EDE9EDD9EE09EE59EE89E9B
:105D3000EF9EF49EF69EF79EF99EFB9EFC9EFD9EB6
:105D4000079F089FB776159F219F2C9F3E9F4A9FD4
:105D5000529F549F639F5F9F609F619F669F679F55
:105D60006C9F6A9F779F729F769F959F9C9FA09F35
:105D70002F58C76959906474DC5199719C4E16551F
:105D8000035A3F96C0541B612863F65922907584CC
:105D90001C83507AAA60E163256EED656684A68255
:105DA000F59B93682757A16571629B5BD0597B86F1
:105DB000F498627DBE7D8E9B16629F7CB788895B5E
:105DC000B55E096397664868C7958D974F67E54E3E
:105DD0000A4F4D4F9D4F4950F2563759D459015AE9
:105DE000095CDF600F61706113660569BA704F75F9
:105DF0007075FB79AD7DEF7DC3800E846388028B67
:105E000055907A903B53954EA54EDF57B280C19086
:105E1000EF78004EF158A26E3890327A28838B8248
:105E20002F9C41517053BD54E154E056FB59155F0E
:105E3000F298EB6DE4802D8562967096A096FB97A4
:105E40000B54F353875BCF70BD7FC28FE8966F53BF
:105E50005C9DBA7A114E9378FC81266E18560455D3
:105E60001D6B1A853B9CE559A953666DDC748F95B3
:105E70004256914E4B90F2964F830C99E153B65592
:105E8000305B715F2066F3660468386CF36C296DD3
:105E90005B74C8764E7A3498F1825B88608AED92A2
:105EA000B26DAB75CA76C599A660018B8A8DB29525
:105EB0008E69AD538651125730584459B45BF65E23
:105EC0002860A963F463BF6C146F8E7014715971EC
:105ED000D5713F73017E7682D182978560905B9207
:105EE0001B9D6958BC655A6C2575F9512E59655929
:105EF000805FDC5FBC62FA652A6A276BB46B8B73C8
:105F0000C17F56892C9D0E9DC49EA15C966C7B839F
:105F100004514B5CB661C68176686172594EFA4F86
:105F200078536960296E4F7AF3970B4E1653EE4EF5
:105F3000554F3D4FA14F734FA052EF5309560F5984
:105F4000C15AB65BE15BD17987669C67B6674C6BDB
:105F5000B36C6B70C2738D79BE793C7A877BB182EA
:105F6000DB8204837783EF83D3836687B28A2956E3
:105F7000A88CE68F4E901E978A86C44FE85C11620B
:105F800059723B75E581BD82FE86C08CC59613991A
:105F9000D599CB4E1A4FE389DE564A58CA58FB5E54
:105FA000EB5F2A6094606260D0611262D0623965F2
:105FB000419B6666B068776D70704C758676757DAE
:105FC000A582F9878B958E969D8CF151BE521659FC
:105FD000B354B35B165D68618269AF6D8D78CB8415
:105FE0005788728AA793B89A6C6DA899D986A357D7
:105FF000FF67CE860E92835287560454D35EE162C9
:10600000B9643C683868BB6B7273BA786B7A9A89EA
:10601000D2896B8D038FED90A39594966997665BFB
:10602000B35C7D694D984E989B63207B2B6A7F6A99
:10603000B6680D9C5F6F72529D557060EC623B6D4F
:10604000076ED16E5B841089448F144E399CF653D1
:106050001B693A6A84972A685C51C37AB284DC91DE
:106060008C935B56289D226805833184A57C085259
:10607000C582E6747E4E834FA051D25B0A52D8523D
:10608000E752FB5D9A552A58E6598C5B985BDB5BBF
:10609000725E795EA3601F616361BE61DB636265EE
:1060A000D1675368FA683E6B536B576C226F976FDA
:1060B000456FB0741875E3760B77FF7AA17B217C6E
:1060C000E97D367FF07F9D8066829E83B389CC8A8E
:1060D000AB8C8490519493959195A2956596D397A6
:1060E00028991882384E2B54B85CCC5DA9734C7635
:1060F0003C77A95CEB7F0B8DC1961198549858980A
:10610000014F0E4F71539C556856FA574759095B1A
:10611000C45B905C0C5E7E5ECC5FEE633A67D765D5
:10612000E2651F67CB68C4685F6A305EC56B176C39
:106130007D6C7F754879635B007A007DBD5F8F89D8
:10614000188AB48C778DCC8E1D8FE2980E9A3C9B6A
:10615000804E7D50005193599C5B2F628062EC64AD
:106160003A6BA07291754779A97FFB87BC8A708BC7
:10617000AC63CA83A09709540354AB555468586A5A
:10618000708A27787567CD9E7453A25B1A815086FA
:106190000690184E454EC74E114FCA533854AE5B49
:1061A000135F256051653D67426C726CE36C7870DB
:1061B0000374767AAE7A087B1A7DFE7C667DE7658D
:1061C0005B72BB53455CE85DD262E0621963206E8E
:1061D0005A86318ADD8DF892016FA6795A9BA84EB6
:1061E000AB4EAC4E9B4FA04FD1504751F67A7151F8
:1061F000F651545321537F53EB53AC558358E15C14
:10620000375F4A5F2F6050606D601F6359654B6A4E
:10621000C16CC272ED72EF77F880058108824E85FD
:10622000F790E193FF9757995A9AF04EDD512D5C04
:1062300081666D69405CF266756989735068817C1E
:10624000C550E4524757FE5D2693A465236B3D6B12
:1062500034748179BD794B7BCA7DB982CC837F88C8
:106260005F89398BD18FD1911F5480925D4E36500A
:10627000E5533A53D7729673E977E682AF8EC699A3
:10628000C899D29977511A615E86B0557A7A76505C
:10629000D35B47908596324EDB6AE791515C485C50
:1062A00098639F7A936C7497618FAA7A8A718896A3
:1062B000827C1768707E51686C93F2521B54AB85D8
:1062C000138AA47FCD8EE190665388884179C24FAE
:1062D000BE501152445153552D57EA738B575159A3
:1062E000625F845F756076616761A961B2633A64D9
:1062F0006C656F664268136E66753D7AFB7C4C7DFB
:10630000997D4B7E6B7F0E834A83CD86088A638A94
:10631000668BFD8E1A988F9DB882CE8FE89B875230
:106320001F628364C06F999641689150206B7A6CAC
:10633000546F747A507D4088238A0867F64E39502E
:10634000265065507C5138526352A7550F57055857
:10635000CC5AFA5EB261F861F36272631C69296A11
:106360007D72AC722E7314786F78797D0C77A9806A
:106370008B89198BE28CD28E639075937A9655989F
:10638000139A789E43519F53B3537B5E265F1B6ED7
:10639000906E8473FE73437D3782008AFA8A50962A
:1063A0004E4E0B50E4537C54FA56D159645BF15D68
:1063B000AB5E275F38624565AF67566ED072CA7CA8
:1063C000B488A180E180F0834E86878AE88D379279
:1063D000C7966798139F944E924E0D4F4853495459
:1063E0003E542F5A8C5FA15F9F60A7688E6A5A74D3
:1063F00081789E8AA48A778B90915E4EC99BA44E29
:106400007C4FAF4F1950165049516C519F52B952A1
:10641000FE529A53E35311540E5489555157A257C3
:106420007D59545B5D5B8F5BE55DE75DF75D785E95
:10643000835E9A5EB75E185F52604C619762D86265
:10644000A7633B6502664366F4666D6721689768DB
:10645000CB695F6C2A6D696D2F6E9D6E3275877684
:106460006C783F7AE07C057D187D5E7DB17D15807E
:106470000380AF80B18054818F812A8252834C88FF
:1064800061881B8BA28CFC8CCA90759171923F78AD
:10649000FC92A4954D9605989999D89A3B9D5B528C
:1064A000AB52F7530854D558F762E06F6A8C5F8F90
:1064B000B99E4B513B524A54FD56407A7791609DAC
:1064C000D29E4473096F70811175FD5FDA60A89ADE
:1064D000DB72BC8F646B0398CA4EF0566457BE588B
:1064E0005A5A6860C7610F6606663968B168F76D09
:1064F000D5753A7D6E82429B9B4E504FC9530655CF
:106500006F5DE65DEE5DFB67996C73740278508A8F
:106510009693DF885057A75E2B63B550AC508D51D2
:106520000067C9545E58BB59B05B695F4D62A16397
:106530003D68736B086E7D70C79180721578267800
:106540006D798E65307DDC83C188098F9B9664529E
:10655000285750676A7FA18CB45142572A963A58FF
:106560008A69B480B2540E5DFC579578FA9D5C4FF1
:106570004A528B543E6428661467F567847A567BCA
:10658000227D2F935C68AD9B397B19538A5137521A
:10659000DF5BF662AE64E6642D67BA6BA985D196BF
:1065A0009076D69B4C630693AB9BBF765266094EA2
:1065B0009850C253715CE860926463655F68E671ED
:1065C000CA732375977B827E9586838BDB8C78914B
:1065D0001099AC65AB668B6BD54ED44E3A4F7F4F5E
:1065E0003A52F853F253E355DB56EB58CB59C9599D
:1065F000FF59505B4D5C025E2B5ED75F1D600763E9
:106600002F655C5BAF65BD65E8659D67626B7B6B05
:106610000F6C45734979C179F87C197D2B7DA28077
:106620000281F38196895E8A698A668A8C8AEE8AFB
:10663000C78CDC8CCC96FC986F6B8B4E3C4F8D4F8F
:106640005051575BFA5B486101634266216BCB6E28
:10665000BB6C3E72BD74D475C1783A790C803380BE
:10666000EA8194849E8F506C7F9E0F5F588B2B9D88
:10667000FA7AF88E8D5BEB96034EF153F75731594A
:10668000C95AA45B89607F6E066FBE75EA8C9F5BFA
:106690000085E07B7250F4679D82615C4A851E7EB6
:1066A0000E829951045C6863668D9C656E713E79BB
:1066B000177D05801D8BCA8E6E90C786AA901F50CD
:1066C000FA523A5C53677C7035724C91C8912B93A7
:1066D000E582C25B315FF9603B4ED653885B4B620B
:1066E00031678A6BE972E0732E7A6B81A38D5291C8
:1066F00096991251D7536A54FF5B8863396AAC7D0F
:106700000097DA56CE536854975B315CDE5DEE4FEE
:106710000161FE62326DC079CB79427D4D7ED27FC0
:10672000ED811F82908446887289908B748E2F8FA2
:1067300031904B916C91C6969C91C04E4F4F4551F4
:106740004153935F0E62D467416C0B6E6373267E78
:10675000CD918392D4531959BF5BD16D5D792E7E53
:106760009B7C7E589F71FA515388F08FCA4FFB5C17
:106770002566AC77E37A1C82FF99C651AA5FEC6567
:106780006F69896BF36D966E646FFE76147DE15DC3
:10679000759087910698E6511D5240629166D966C0
:1067A0001A6EB65ED27D727FF866AF85F785F88A7D
:1067B000A952D95373598F5E905F5560E4926496E5
:1067C000B7501F51DD5220534753EC53E854465500
:1067D000315517566859BE593C5AB55B065C0F5C7B
:1067E000115C1A5C845E8A5EE05E705F7F62846228
:1067F000DB628C63776307660C662D6676667E6760
:10680000A2681F6A356ABC6C886D096E586E3C714F
:1068100026716771C77501775D7801796579F079BF
:10682000E07A117BA77C397D9680D6838B8449855D
:106830005D88F3881F8A3C8A548A738A618CDE8C57
:10684000A49166927E9318949C9698970A4E084E4F
:106850001E4E574E97517052CE573458CC58225B2B
:10686000385EC560FE6461675667446DB6727375C5
:10687000637AB884728BB89120933156F457FE989E
:10688000ED620D69966BED71547E77807282E689B8
:10689000DF985587B18F3B5C384FE14FB54F0755B7
:1068A000205ADD5BE95BC35F4E612F63B0654B66C9
:1068B000EE689B69786DF16D3375B9751F775E79F8
:1068C000E679337DE381AF82AA85AA893A8AAB8EC5
:1068D0009B8F3290DD910797BA4EC14E0352755887
:1068E000EC580B5C1A753D5C4E810A8AC58F639625
:1068F0006D97257BCF8A08986291F356A85317901D
:1069000039548257255EA863346C8A7061778B7C1A
:10691000E07F708842905491109318938F965E7424
:10692000C49A075D695D7065A267A88DDB966E638A
:1069300049671969C5831798C096FE88846F7A6481
:10694000F85B164E2C705D752F66C4513652E252BC
:10695000D359815F276010623F6574651F66746656
:10696000F2681668636B056E72721F75DB76BE7C0B
:106970005680F058FD887F89A08A938ACB8A1D9023
:1069800092915297599789650E7A0681BB962D5E32
:10699000DC601A62A56514669067F3774D7A4D7CCA
:1069A0003E7E0A81AC8C648DE18D5F8EA9780752A2
:1069B000D962A563426498622D8A837AC07BAC8ACF
:1069C000EA96767D0C824987D94E485143536053ED
:1069D000A35B025C165CDD5D26624762B0641368EF
:1069E0003468C96C456D176DD3675C6F4E717D71EE
:1069F000CB657F7AAD7BDA7D4A7EA87F7A811B8268
:106A00003982A6856E8ACE8CF58D78907790AD927E
:106A100091928395AE9B4D528455386F3671685173
:106A20008579557EB381CE7C4C565158A85CAA63BB
:106A3000FE66FD665A69D9728F758E750E79567924
:106A4000DF79977C207D447D0786348A3B96619070
:106A5000209FE7507552CC53E2530950AA55EE5887
:106A60004F593D728B5B645C1D53E360F3605C6364
:106A700083633F63BB63CD64E965F966E35DCD691C
:106A8000FD69156FE571894EE975F876937ADF7CBB
:106A9000CF7D9C7D6180498358836C84BC84FB8559
:106AA000C588708D01906D9097931C97129ACF5066
:106AB00097588E61D3813585088D2090C34F7450CF
:106AC000475273536F6049635F672C6EB38D1F909D
:106AD000D74F5E5CCA8CCF659A7D525396887651AB
:106AE000C363585B6B5B0A5C0D6451675C90D64E68
:106AF0001A592A59706C518A3E551558A559F0609B
:106B00005362C167358255694096C499289A534F9C
:106B10000658FE5B1080B15C2F5E855F20604B6184
:106B20003462FF66F06CDE6ECE807F81D4828B880B
:106B3000B88C00902E908A96DB9EDB9BE34EF05340
:106B400027592C7B8D914C98F99DDD6E27705353FE
:106B50004455855B58629E62D362A26CEF6F2274CB
:106B6000178A3894C16FFE8A3883E751F886EA5352
:106B7000E953464F5490B08F6A593181FD5DEA7AEE
:106B8000BF8FDA68378CF872489C3D6AB08A394EFC
:106B9000585306566657C562A263E6654E6BE16DB3
:106BA0005B6EAD70ED77EF7AAA7BBB7D3D80C680D2
:106BB000CB86958A5B93E356C7583E5FAD65966674
:106BC000806AB56B3775C78A2450E57730571B5FED
:106BD00065607A66606CF4751A7A6E7FF481188746
:106BE0004590B399C97B5C75F97A517BC484109048
:106BF000E979927A3683E15A40772D4EF24E995BCD
:106C0000E05FBD623C66F167E86C6B8677883B8A23
:106C10004E91F392D099176A26702A73E7825784AF
:106C2000AF8C014E4651CB518B55F55B165E335EF2
:106C3000815E145F355F6B5FB45FF2611163A266C2
:106C40001D676E6F52723A753A7774803981788118
:106C50007687BF8ADC8A858DF38D9A927795029824
:106C6000E59CC5525763F4761567886CCD73C38C69
:106C7000AE937396256D9C580E69CC69FD8F9A93DF
:106C8000DB751A905A580268B463FB69434F2C6F46
:106C9000D867BB8F2685B47D54933F69706F6A5760
:106CA000F7582C5B2C7D2A720A54E391B49DAD4EAB
:106CB0004E4F5C50755043529E8C485424589A5BFA
:106CC0001D5E955EAD5EF75E1F5F8C60B5623A63D8
:106CD000D063AF68406C87788E790B7AE07D47820D
:106CE000028AE68A448E1390B8902D91D8910E9F17
:106CF000E56C5864E2647565F46E84761B7B69907C
:106D0000D193BA6EF254B95FA4644D8FED8F449263
:106D100078516B582959555C975EFB6D8F7E1C75B9
:106D2000BC8CE28E5B98B9701D4FBF6BB16F307534
:106D3000FB964E51105435585758AC59605C925FD1
:106D400097655C67216E7B76DF83ED8C1490FD90F8
:106D50004D9325783A78AA52A65E1F57745912604F
:106D600012505A51AC51CD510052105554585858E8
:106D70005759955BF65C8B5DBC6095622D647167BD
:106D80004368BC68DF68D776D86D6F6E9B6D6F7097
:106D9000C871535FD8757779497B547B527BD67C19
:106DA000717D305263846985E4850E8A048B468C3C
:106DB0000F8E03900F90199476962D98309AD8954F
:106DC000CD50D5520C5402580E5CA7619E641E6DC6
:106DD000B377E57AF480048453908592E05C079D54
:106DE0003F53975FB35F9C6D79726377BF79E47BA4
:106DF000D26BEC72AD8A0368616AF851817A3469AA
:106E00004A5CF69CEB82C55B49911E7078566F5CBC
:106E1000C76066658C6C5A8C419013985154C76654
:106E20000D924859A39085514D4EEA5199850E8B8C
:106E300058707A634B936269B499047E777557539F
:106E40006069DF8EE3965D6C8C4E3C5C105FE98F71
:106E50000253D18C89807986FF5EE565734E65515A
:106E600082593F5CEE97FB4E8A59CD5F8D8AE16F68
:106E7000B0796279E75B71842B73B171745EF55FF1
:106E80007B639A64C371987C434EFC5E4B4EDC5727
:106E9000A256A960C36F0D7DFD803381BF81B28F83
:106EA0009789A486F45D8A62AD6487897767E26C0E
:106EB0003E6D36743478465A757FAD82AC99F34F87
:106EC000C35EDD62926357656F67C3764C72CC8098
:106ED000BA80298F4D910D50F957925A8568736980
:106EE0006471FD72B78CF258E08C6A9619907F87B6
:106EF000E479E77729842F4F65525A53CD62CF67E3
:106F0000CA6C7D76947B957C36828485EB8FDD66BA
:106F1000206F06721B7EAB83C199A69EFD51B17B8B
:106F20007278B87B8780487BE86A615E8C80517597
:106F300060756B5162928C6E7A769791EA9A104FD7
:106F4000707F9C624F7BA595E99C7A565958E486E0
:106F5000BC96344F24524A53CD53DB53065E2C6407
:106F600091657F673E6C4E6C4872AF72ED735475DD
:106F7000417E2C82E985A98CC47BC69169711298E7
:106F8000EF983D6369666A75E476D0784385EE864E
:106F90002A53515326548359875E7C5FB2604962FD
:106FA0007962AB629065D46BCC6CB275AE76917839
:106FB000D879CB7D777FA580AB88B98ABB8C7F9051
:106FC0005E97DB980B6A387C99503E5CAE5F8767B2
:106FD000D86B357409778E7F3B9FCA67177A395310
:106FE0008B75ED9A665F9D81F18398803C5FC55FEC
:106FF0006275467B3C906768EB599B5A107D7E76A4
:107000002C8BF54F6A5F196A376C026FE2746879EE
:107010006888558A798CDF5ECF63C575D279D7824F
:107020002893F2929C84ED862D9CC1546C5F8C65F4
:107030005C6D1570A78CD38C3B984F65F6740D4E24
:10704000D84EE0572B59665ACC5BA851035E9C5E24
:10705000166076627765A7656E666E6D3672267B02
:1070600050819A8199825C8BA08CE68C748D1C96E1
:107070004496AE4FAB64666B1E8261846A85E8906D
:10708000015C5369A8987A8457850F4F6F52A95FA6
:10709000455E0D678F79798107898689F56D175F60
:1070A0005562B86CCF4E6972929B06523B5474562F
:1070B000B358A4616E621A716E59897CDE7C1B7DA7
:1070C000F09687655E80194E754F75514058635E26
:1070D000735E0A5FC467264E3D8589955B96737C17
:1070E0000198FB50C1585676A7782552A57711858F
:1070F000867B4F5009594772C77BE87DBA8FD48F82
:107100004D90BF4FC952295A015FAD97DD4F17828D
:10711000EA9203575563696B2B75DC88148F427AAA
:10712000DF52935855610A62AE66CD6B3F7CE983AE
:107130002350F84F05534654315849599D5BF05C34
:10714000EF5C295D965EB16267633E65B9650B676A
:10715000D56CE16CF97032782B7EDE80B3820C84C2
:10716000EC84028712892A8A4A8CA690D292FD98D2
:10717000F39C6C9D4F4EA14E8D5056524A57A859C4
:107180003D5ED85FD95F3F62B4661B67D067D26847
:107190009251217DAA80A881008B8C8CBF8C7E921D
:1071A000329620542C981753D5505C53A858B2648B
:1071B000346767726677467AE691C352A16C866B34
:1071C00000584C5E54592C67FB7FE151C6766964C8
:1071D000E878549BBB9ECB57B95927669A67CE6B0C
:1071E000E954D969555E9C819567AA9BFE67529CBC
:1071F0005D68A64EE34FC853B9622B67AB6CC48F72
:10720000AD4F6D7EBF9E074E6261806E2B6F138502
:1072100073542A67459BF35D957BAC5CC65B1C870A
:107220004A6ED184147A088199598D7C116C20772B
:10723000D952225921715F72DB772797619D0B69C3
:107240007F5A185AA5510D547D540E66DF76F78F7C
:107250009892F49CEA595D72C56E4D51C968BF7D24
:10726000EC7D6297BA9E7864216A028384595F5BE1
:10727000DB6B1B73F276B27D1780998432512867DD
:10728000D99EEE766267FF520599245C3B627E7C54
:10729000B08C4F55B6600B7D809501535F4EB65153
:1072A0001C593A723680CE91255FE2778453795F1C
:1072B000047DAC85338A8D8E5697F367AE855394E3
:1072C00009610861B96C5276ED8A388F2F55514F9C
:1072D0002A51C752CB53A55B7D5EA0608261D66305
:1072E0000967DA67676E8C6D36733773317550795D
:1072F000D588988A4A909190F590C4968D871559B3
:10730000884E594F0E4E898A3F8F1098AD507C5E43
:107310009659B95BB85EDA63FA63C164DC664A69A0
:10732000D8690B6DB66E94712875AF7A8A7F00802C
:107330004984C9848189218B0A8E65907D960A993A
:107340007E619162326B836C746DCC7FFC7FC06D0B
:10735000857FBA87F8886567B1833C98F7961B6D7F
:10736000617D3D846A91714E7553505D046BEB6F86
:10737000CD852D86A78929520F54655C4E67A86874
:1073800006748374E275CF88E188CC91E296789692
:107390008B5F8773CB7A4E84A06365758952416D8C
:1073A0009C6E097459756B78927C8696DC7A8D9FF9
:1073B000B64F6E61C5655C86864EAE4EDA50214E84
:1073C000CC51EE5B99658168BC6D1F734276AD77D9
:1073D0001C7AE77C6F82D28A7C90CF917596189840
:1073E0009B52D17D2B5098539767CB6DD0713374DE
:1073F000E8812A8FA396579C9F9E60744158996D8F
:107400002F7D5E98E44E364F8B4FB751B152BA5D27
:107410001C60B2733C79D3823492B796F6960A9781
:10742000979E629FA666746B1752A352C870C2885B
:10743000C95E4B609061236F49713E7CF47D6F8023
:10744000EE8423902C9342546F9BD36A8970C28C34
:10745000EF8D3297B452415ACA5E045F17677C6958
:1074600094696A6D0F6F6272FC72ED7B01807E80A1
:107470004B87CE906D51939E84798B803293D68AC0
:107480002D508C54718A6A6BC48C0781D160A067BF
:10749000F29D994E984E109C6B8AC1856885006953
:1074A0007E6E977855810000002502250C25102559
:1074B000182514251C252C25242534253C2501259B
:1074C00003250F2513251B251725232533252B25BC
:1074D0003B254B2520252F25282537253F251D25F4
:1074E00030252525382542251004110412041304E3
:1074F00014041504010416041704180419041A04CA
:107500001B041C041D041E041F0420042104220467
:1075100023042404250426042704280429042A0417
:107520002B042C042D042E042F0400000000000066
:10753000000000000000000000000000000000004B
:107540000000000000000000300431043204330465
:1075500034043504510436043704380439043A0439
:107560003B043C043D043E043F0440044104420407
:1075700043044404450446044704480449044A04B7
:107580004B044C044D044E044F040000910392033D
:1075900093039403950396039703980399039A031F
:1075A0009B039C039D039E039F03A003A103A303CE
:1075B000A403A503A603A703A803A90300000000D2
:1075C000000000000000000000000000B103B20352
:1075D000B303B403B503B603B703B803B903BA03DF
:1075E000BB03BC03BD03BE03BF03C003C103C3038E
:1075F000C403C503C603C703C803C90300000000D2
:107600000000000000000000000000010101010175
:107610000101010101000000000000000101010161
:10762000010101010101010101010101010101014A
:107630000101010101010000000000000001010141
:10764000010101010101010101010101010101012A
:107650000101010101010100C625A125A025B325D5
:10766000B225BD25BC253B201230922190219121CD
:107670009321133000000000000000000000000013
:107680000000000000000000000008220B228622FB
:107690008722822283222A22292200000000000061
:1076A0000000000000000000000027222822AC009B
:1076B000D221D42100220322292200000000000050
:1076C0000000000000000000000000000000202278
:1076D000A522122302220722612252226A226B2251
:1076E0001A223D221D2235222B222C2200000000CE
:1076F000000000000000000000002B2130206F2659
:107700006D266A2620202120B6002C2200000000D1
:107710000000EF250030013002300CFF0EFFFB307F
:107720001AFF1BFF1FFF01FF9B309C30B40040FF7E
:10773000A8003EFF3E203FFFFD30FE309D309E30D2
:107740000330DD4E053006300730FC3014201020A9
:107750000FFF3CFF1C3016205CFF26202520182040
:1077600019201C201D2008FF09FF143015303BFF95
:107770003DFF5BFF5DFF083009300A300B300C30F5
:107780000D300E300F30103011300BFF1222B100CF
:10779000D700F7001DFF60221CFF1EFF6622672234
:1077A0001E22342242264026B000322033200321FC
:1077B000A50004FFA200A30005FF03FF06FF0AFFC8
:1077C00020FFA70006260526CB25CF25CE25C725D9
:1077D000000000001F001C20000000001421000019
:1077E00002001624000000001425000002001528E5
:1077F00000000000112900000000142A0000000011
:10780000182B00000000142C00000000102D0000B8
:107810000000142E000001000C3000000900143A92
:1078200000000100183C00000200143F00000100AD
:10783000034100001900155B00000000145C00000B
:107840000000115D00000000175E000000000F5FE7
:107850000000000017600000000003610000190034
:10786000157B00000000187C00000000117D000066
:107870000000187E00000000007F000020001CA017
:107880000000000014A10000000016A20000030088
:1078900019A60000000014A70000000017A80000AF
:1078A000000019A90000000006AA0000000013ABA8
:1078B0000000000018AC0000000001AD0000000056
:1078C00019AE0000000017AF0000000019B0000062
:1078D000000018B1000000000EB20000010017B453
:1078E0000000000003B50000000014B60000010015
:1078F00017B8000000000EB90000000006BA000032
:10790000000012BB000000000EBC0000020014BF0B
:107910000000000003C00000160018D7000000009F
:1079200003D80000060004DF0000000003E00000B0
:10793000160018F70000000003F800003F000438AC
:1079400001000000033901000F000449010000009C
:10795000034A01004200048D01000000038E010073
:107960000C00049B01000000039C01000D0004AA10
:107970000100010003AC01000D0004BA0100000089
:1079800006BB0100000003BC0100010004BE0100B1
:10799000000003BF0100000006C00100030003C493
:1079A0000100000007C50100000003C6010001003E
:1079B00007C80100000003C90100010007CB010056
:1079C000000003CC0100230004F00100000003F1DB
:1079D0000100000007F20100000003F301002D0088
:1079E00004210200000003220200110004340200FE
:1079F0000500033A02001A00045502000000035675
:107A000002000100045802000000035902000000B7
:107A1000045A02000000035B02000100045D020042
:107A20000200036002000100046202000000036320
:107A3000020000000464020000000365020001006F
:107A4000046702000000036802000400046D0200E5
:107A50000100036F020000000470020000000371C7
:107A6000020001000473020001000375020000001F
:107A7000047602000600037D02000000047E02007E
:107A80000100038002000000048102000000038264
:107A900002000100048402000200038702000500C6
:107AA000048D02000400039202000000049302000F
:107AB0000000069402000000049502000700039DE8
:107AC00002000100049F0200100005B00200110036
:107AD00017C20200030005C602000B0017D2020005
:107AE0000D0005E00200040017E50200060005ECA9
:107AF0000200000017ED0200000005EE0200000089
:107B000017EF020010000B0003006F00037003006A
:107B100003000574030000001775030000000376DE
:107B200003000100057A03000000037B030002004C
:107B3000147E03000000037F03000000178403008D
:107B4000010003860300000014870300000003887F
:107B500003000200038C03000000038E03000100F9
:107B600004900300000003910300100003A303002E
:107B70000C0004B00300000003B10300200008D291
:107B80000300020003D50300200018F603000000E4
:107B900003F70300040004FC0300000003FD0300DE
:107BA00084001982040000000B83040004000A888A
:107BB00004000100038A0400A5000331050025002C
:107BC000055905000000145A050005000460050071
:107BD00000000361050025000487050001001489E9
:107BE00005000000108A05000000198D0500010045
:107BF000168F050000000B9105002C0010BE05003B
:107C000000000BBF0500000014C0050000000BC100
:107C10000500010014C3050000000BC405000100AD
:107C200014C6050000000BC70500000006D00500C3
:107C30001A0006EF0500030014F30500010001001F
:107C400006000500180606000200140906000100DF
:107C5000160B06000000140C06000100190E0600A9
:107C600001000B1006000A00141B06000000011C96
:107C700006000000141D06000200062006001F007A
:107C80000540060000000641060009000B4B0600F7
:107C900014000C6006000900146A06000300066E5A
:107CA000060001000B70060000000671060062006D
:107CB00014D40600000006D5060000000BD606000E
:107CC000060001DD0600000019DE060000000BDFE3
:107CD0000600050005E5060001000BE706000100AF
:107CE00019E9060000000BEA0600030006EE060094
:107CF00001000CF00600090006FA0600020019FD5A
:107D00000600010006FF06000000140007000D0039
:107D1000010F070000000610070000000B1107000C
:107D20000000061207001D000B3007001A00064D68
:107D3000070058000BA607000A0006B10700000064
:107D40000CC00700090006CA070020000BEB070063
:107D5000080005F40700010019F60700000014F7F9
:107D60000700020005FA070000000BFD07000000F5
:107D700016FE070001000600080015000B1608009B
:107D80000300051A080000000B1B0800080005246A
:107D9000080000000B25080002000528080000006C
:107DA0000B2908000400143008000E0006400800EB
:107DB00018000B5908000200145E0800000006605D
:107DC00008000A0006700800170017880800000065
:107DD0000689080005000190080001000B980800C2
:107DE000070006A00800280005C9080000000BCA0B
:107DF0000800170001E2080000000BE308001F0064
:107E00000903090000000604090035000B3A0900C7
:107E10000000093B090000000B3C09000000063D82
:107E200009000000093E090002000B41090007009B
:107E30000949090003000B4D09000000094E090023
:107E400001000650090000000B5109000600065809
:107E5000090009000B620900010014640900010017
:107E60000C66090009001470090000000571090082
:107E70000000067209000E000B8109000000098253
:107E800009000100068509000700068F09000100AE
:107E900006930900150006AA0900060006B20900AB
:107EA000000006B6090003000BBC0900000006BD77
:107EB0000900000009BE090002000BC1090003000F
:107EC00009C70900010009CB090001000BCD090019
:107ED000000006CE0900000009D70900000006DCFA
:107EE0000900010006DF090002000BE209000100A1
:107EF0000CE60900090006F00900010016F209006D
:107F000001000EF40900050019FA0900000016FB33
:107F10000900000006FC0900000014FD0900000033
:107F20000BFE090000000B010A00010009030A0012
:107F3000000006050A000500060F0A0001000613EE
:107F40000A001500062A0A00060006320A0001008F
:107F500006350A00010006380A0001000B3C0A0041
:107F60000000093E0A0002000B410A0001000B4715
:107F70000A0001000B4B0A0002000B510A0000002E
:107F800006590A000300065E0A0000000C660A009B
:107F900009000B700A00010006720A0002000B754E
:107FA0000A00000014760A0000000B810A0001009C
:107FB00009830A00000006850A000800068F0A00EF
:107FC000020006930A00150006AA0A00060006B27F
:107FD0000A00010006B50A0004000BBC0A000000FC
:107FE00006BD0A00000009BE0A0002000BC10A001B
:107FF00004000BC70A00010009C90A00000009CBF0
:108000000A0001000BCD0A00000006D00A000000A3
:1080100006E00A0001000BE20A0001000CE60A007B
:10802000090014F00A00000016F10A00000006F929
:108030000A0000000BFA0A0005000B010B0000000B
:1080400009020B00010006050B000700060F0B00DC
:10805000010006130B001500062A0B00060006326D
:108060000B00010006350B0004000B3C0B00000068
:10807000063D0B000000093E0B0000000B3F0B000B
:10808000000009400B0000000B410B0003000947F2
:108090000B000100094B0B0001000B4D0B00000011
:1080A0000B550B00010009570B000000065C0B008C
:1080B0000100065F0B0002000B620B0001000C6662
:1080C0000B00090019700B00000006710B00000086
:1080D0000E720B0005000B820B00000006830B00E4
:1080E000000006850B000500068E0B0002000692BC
:1080F0000B00030006990B000100069C0B0000001A
:10810000069E0B00010006A30B00010006A80B0051
:10811000020006AE0B000B0009BE0B0001000BC0F5
:108120000B00000009C10B00010009C60B00020092
:1081300009CA0B0002000BCD0B00000006D00B009B
:10814000000009D70B0000000CE60B0009000EF040
:108150000B00020019F30B00050016F90B000000DC
:1081600019FA0B0000000B000C00000009010C00C4
:1081700002000B040C00000006050C000700060EB0
:108180000C00020006120C001600062A0C000F005C
:108190000B3C0C000000063D0C0000000B3E0C00E8
:1081A000020009410C0003000B460C0002000B4AC0
:1081B0000C0003000B550C00010006580C000200D7
:1081C000065D0C00000006600C0001000B620C0054
:1081D00001000C660C00090014770C0000000E78FA
:1081E0000C000600197F0C00000006800C00000047
:1081F0000B810C00000009820C00010014840C00AB
:10820000000006850C000700068E0C000200069296
:108210000C00160006AA0C00090006B50C000400AC
:108220000BBC0C00000006BD0C00000009BE0C00D9
:1082300000000BBF0C00000009C00C0004000BC6BE
:108240000C00000009C70C00010009CA0C00010065
:108250000BCC0C00010009D50C00010006DD0C0060
:10826000010006E00C0001000BE20C0001000CE62E
:108270000C00090006F10C00010009F30C000000DD
:108280000B000D00010009020D00010006040D00A5
:108290000800060E0D00020006120D0028000B3B20
:1082A0000D000100063D0D000000093E0D0002001A
:1082B0000B410D00030009460D000200094A0D00A4
:1082C00002000B4D0D000000064E0D000000194F7E
:1082D0000D00000006540D00020009570D000000BB
:1082E0000E580D000600065F0D0002000B620D0027
:1082F00001000C660D0009000E700D0008001979D0
:108300000D000000067A0D0005000B810D00000035
:1083100009820D00010006850D001100069A0D006E
:10832000170006B30D00080006BD0D00000006C0D2
:108330000D0006000BCA0D00000009CF0D00020061
:108340000BD20D0002000BD60D00000009D80D0065
:1083500007000CE60D00090009F20D00010014F4FD
:108360000D00000006010E002F000B310E00000072
:1083700006320E0001000B340E000600163F0E0000
:10838000000006400E00050005460E0000000B47E9
:108390000E000700144F0E0000000C500E000900E4
:1083A000145A0E00010006810E00010006840E0022
:1083B000000006860E000400068C0E00170006A5BD
:1083C0000E00000006A70E0009000BB10E00000011
:1083D00006B20E0001000BB40E00080006BD0E0030
:1083E000000006C00E00040005C60E0000000BC809
:1083F0000E0006000CD00E00090006DC0E00030083
:1084000006000F00000019010F00020014040F0005
:108410000E0019130F00000014140F0000001915AE
:108420000F0002000B180F000100191A0F000500C1
:108430000C200F0009000E2A0F00090019340F004C
:1084400000000B350F00000019360F0000000B373D
:108450000F00000019380F0000000B390F0000005A
:10846000153A0F000000113B0F000000153C0F00F3
:108470000000113D0F000000093E0F000100064002
:108480000F00070006490F0023000B710F000D00BD
:10849000097F0F0000000B800F00040014850F00FF
:1084A00000000B860F00010006880F0004000B8DF2
:1084B0000F000A000B990F00230019BE0F000700E0
:1084C0000BC60F00000019C70F00050019CE0F00E2
:1084D000010014D00F00040019D50F00030014D9B7
:1084E0000F000100060010002A00092B10000100F7
:1084F0000B2D100003000931100000000B3210009A
:1085000005000938100000000B3910000100093B7C
:10851000100001000B3D10000100063F100000009C
:108520000C4010000900144A10000500065010000D
:1085300005000956100001000B5810000100065AF2
:10854000100003000B5E1000020006611000000026
:1085500009621000020006651000010009671000A2
:108560000600066E100002000B7110000300067575
:1085700010000C000B8210000000098310000100A5
:108580000B85100001000987100005000B8D1000FD
:108590000000068E10000000098F100000000C90F3
:1085A00010000900099A100002000B9D1000000045
:1085B000199E1000010003A01000250003C7100041
:1085C000000003CD1000000003D010002A0014FBAF
:1085D0001000000005FC1000000003FD1000020068
:1085E000060011004801064A12000300065012005E
:1085F0000600065812000000065A1200030006602A
:1086000012002800068A12000300069012002000C3
:1086100006B21200030006B81200060006C01200DF
:10862000000006C21200030006C812000E0006D8A1
:10863000120038000612130003000618130042004F
:108640000B5D130002001460130008000E69130094
:108650001300068013000F0019901300090003A0F7
:108660001300550003F8130005001000140000006B
:10867000060114006B02196D16000000146E16003E
:108680000000066F160010001C8016000000068116
:1086900016001900159B16000000119C1600000022
:1086A00006A016004A0014EB160002000DEE16009C
:1086B000020006F1160007000600170011000B1259
:1086C00017000200091517000000061F170012000E
:1086D0000B32170001000934170000001435170091
:1086E00001000640170011000B5217000100066040
:1086F00017000C00066E170002000B721700010035
:108700000680170033000BB41700010009B61700EC
:1087100000000BB71700060009BE170007000BC6C4
:108720001700000009C7170001000BC917000A0055
:1087300014D41700020005D71700000014D8170042
:10874000020016DB1700000006DC170000000BDD3E
:10875000170000000CE0170009000EF017000900D8
:108760001400180005001006180000001407180077
:1087700003000B0B18000200010E180000000B0F85
:10878000180000000C101800090006201800220034
:108790000543180000000644180034000680180045
:1087A00004000B85180001000687180021000BA9A2
:1087B0001800000006AA1800000006B018004500C6
:1087C000060019001E000B201900020009231900E1
:1087D00003000B27190001000929190002000930C4
:1087E000190001000B3219000000093319000500BF
:1087F0000B39190002001940190000001444190037
:1088000001000C4619000900065019001D000670F1
:1088100019000400068019002B0006B01900190089
:108820000CD0190009000EDA1900000019DE190039
:10883000210006001A0016000B171A000100091982
:108840001A0001000B1B1A000000141E1A00010080
:1088500006201A00340009551A0000000B561A00B1
:10886000000009571A0000000B581A0006000B60A0
:108870001A00000009611A0000000B621A000000D3
:1088800009631A0001000B651A000700096D1A0040
:1088900005000B731A0009000B7F1A0000000C8002
:1088A0001A0009000C901A00090014A01A00060012
:1088B00005A71A00000014A81A0005000BB01A0042
:1088C0000D000ABE1A0000000BBF1A000F000B00BB
:1088D0001B00030009041B00000006051B002E00FE
:1088E0000B341B00000009351B0000000B361B0079
:1088F0000400093B1B0000000B3C1B000000093D6D
:108900001B0004000B421B00000009431B00010078
:1089100006451B0007000C501B000900145A1B00E1
:10892000060019611B0009000B6B1B00080019747D
:108930001B000800147D1B0001000B801B000100C0
:1089400009821B00000006831B001D0009A11B00FB
:1089500000000BA21B00030009A61B0001000BA8CE
:108960001B00010009AA1B0000000BAB1B0002004A
:1089700006AE1B0001000CB01B00090006BA1B006C
:108980002B000BE61B00000009E71B0000000BE8B2
:108990001B00010009EA1B0002000BED1B00000098
:1089A00009EE1B0000000BEF1B00020009F21B0088
:1089B000010014FC1B00030006001C002300092416
:1089C0001C0007000B2C1C00070009341C000100D0
:1089D0000B361C000100143B1C0004000C401C0062
:1089E0000900064D1C0002000C501C000900065A2C
:1089F0001C001D0005781C000500147E1C000100F1
:108A000003801C00080003901C002A0003BD1C000A
:108A1000020014C01C0007000BD01C00020014D37D
:108A20001C0000000BD41C000C0009E11C0000001D
:108A30000BE21C00060006E91C0003000BED1C0005
:108A4000000006EE1C0005000BF41C00000006F5FB
:108A50001C00010009F71C0000000BF81C000100BD
:108A600006FA1C00000004001D002B00052C1D0050
:108A70003E00046B1D000C0005781D00000003790A
:108A80001D000000047A1D000200037D1D0000008F
:108A9000047E1D000F00038E1D000000048F1D00CA
:108AA0000B00059B1D0024000BC01D003F000300B0
:108AB0001E00950004961E000400039B1E0000008B
:108AC000049C1E000100039E1E000000049F1E0067
:108AD000000003A01E00750003181F0005000320FE
:108AE0001F00250003481F00050004501F00000060
:108AF00003511F00000004521F00000003531F0019
:108B0000000004541F00000003551F00000004561D
:108B10001F00000003571F00000003591F00000042
:108B2000035B1F000000035D1F000000035F1F00C8
:108B30001E0003801F00070007881F000700039026
:108B40001F00070007981F00070003A01F00070071
:108B500007A81F00070003B01F00010004B21F0098
:108B6000000003B31F00000004B41F00000004B69F
:108B70001F00010003B81F00030007BC1F00000016
:108B800017BD1F00000003BE1F00000017BF1F001D
:108B9000020004C21F00000003C31F00000004C441
:108BA0001F00000004C61F00010003C81F000300CF
:108BB00007CC1F00000017CD1F00020003D01F00CC
:108BC000010004D21F00010004D61F00010003D8D9
:108BD0001F00030017DD1F00020003E01F0001005B
:108BE00004E21F00020003E51F00000004E61F006E
:108BF000010003E81F00040017ED1F00020004F24B
:108C00001F00000003F31F00000004F41F00000019
:108C100004F61F00010003F81F00030007FC1F00FB
:108C2000000017FD1F0001001C0020000A00010BBE
:108C30002000040010102000050014162000010080
:108C4000131820000000121920000000151A20003F
:108C50000000131B20000100121D20000000151E43
:108C600020000000131F2000000014202000070037
:108C70001A28200000001B2920000000012A2000E3
:108C800004001C2F200000001430200008001339BD
:108C900020000000123A20000000143B20000300D6
:108CA0000F3F200001001441200002001844200062
:108CB0000000154520000000114620000000144768
:108CC00020000A0018522000000014532000000069
:108CD0000F54200000001455200009001C5F2000E4
:108CE00000000160200004000166200009000E70F1
:108CF000200000000571200000000E742000050017
:108D0000187A20000200157D20000000117E20004E
:108D10000000057F200000000E8020000900188A56
:108D200020000200158D20000000118E20000000A0
:108D3000059020000C0016A0200020000BD0200081
:108D40000C000ADD200003000BE1200000000AE215
:108D5000200002000BE520000B001900210001009B
:108D60000802210000001903210003000807210068
:108D70000000190821000100040A21000000080B6E
:108D800021000200040E2100010008102100020051
:108D9000041321000000191421000000081521000F
:108DA0000000191621000100181821000000081900
:108DB00021000400191E21000500082421000000E4
:108DC0001925210000000326210000001927210099
:108DD0000000082821000000192921000000032AB2
:108DE00021000100082C21000100192E21000000A3
:108DF000042F21000000083021000100033221006F
:108E00000000083321000000043421000000063572
:108E100021000300043921000000193A210001005B
:108E2000043C21000100083E2100010018402100FF
:108E30000400084521000000044621000300194AEF
:108E400021000000184B21000000194C21000100F6
:108E5000034E21000000194F210000000E50210098
:108E60000F000D60210022000383210001000D8509
:108E7000210003000E8921000000198A2100010051
:108E8000189021000400199521000400189A21006F
:108E90000100199C2100030018A02100000019A165
:108EA0002100010018A32100000019A421000100E5
:108EB00018A62100000019A72100060018AE210005
:108EC000000019AF21001E0018CE2100010019D0AA
:108ED0002100010018D22100000019D32100000058
:108EE00018D42100000019D521001E0018F421001B
:108EF0000B011900230007001508230000001109C9
:108F000023000000150A23000000110B23000000BD
:108F1000190C23001300182023000100192223003C
:108F20000600152923000000112A23000000192B38
:108F300023005000187C23000000197D23001D0031
:108F4000189B2300180019B42300270018DC230005
:108F5000050019E223004400194024000A000E60B5
:108F600024003B00199C24004D000EEA240015004B
:108F700019002500B60018B72500000019B8250013
:108F8000080018C12500000019C22500350018F896
:108F900025000700190026006E00186F260000004B
:108FA00019702600F70015682700000011692700D6
:108FB0000000156A27000000116B27000000156CE7
:108FC00027000000116D27000000156E270000002B
:108FD000116F270000001570270000001171270095
:108FE000000015722700000011732700000015749F
:108FF000270000001175270000000E7627001D00D5
:10900000199427002B0018C02700040015C527005D
:10901000000011C62700000018C727001E0015E633
:109020002700000011E72700000015E827000000D6
:1090300011E92700000015EA2700000011EB2700C6
:10904000000015EC2700000011ED2700000015EED0
:109050002700000011EF2700000018F027000F0084
:1090600019002800FF00180029008200158329003C
:1090700000001184290000001585290000001186D8
:109080002900000015872900000011882900000030
:10909000158929000000118A29000000158B29007C
:1090A0000000118C29000000158D29000000118E90
:1090B00029000000158F29000000119029000000F0
:1090C0001591290000001192290000001593290034
:1090D0000000119429000000159529000000119648
:1090E00029000000159729000000119829000000B0
:1090F000189929003E0015D82900000011D929002F
:10910000000015DA2900000011DB2900000018DC3E
:1091100029001F0015FC2900000011FD2900000096
:1091200018FE2900010119002B002F0018302B0018
:10913000140019452B00010018472B000500194D9C
:109140002B00260019762B001F0019972B006800B2
:1091500003002C00700004712C00000003722C002E
:10916000010004742C00000003752C00010004773A
:109170002C000400057C2C000100037E2C006500FF
:1091800004E42C00000019E52C00050003EB2C0082
:1091900003000BEF2C00020003F22C00010014F975
:1091A0002C0003000EFD2C00000014FE2C0001001A
:1091B00003002D00250003272D000000032D2D00A6
:1091C000000006302D003700056F2D0000001470E0
:1091D0002D0000000B7F2D00000006802D001600E2
:1091E00006A02D00060006A82D00060006B02D00E2
:1091F000060006B82D00060006C02D00060006C8B1
:109200002D00060006D02D00060006D82D00060011
:109210000BE02D001F0014002E00010013022E0091
:10922000000012032E00000013042E00000012059F
:109230002E00000014062E00020013092E0000006C
:10924000120A2E000000140B2E000000130C2E003A
:109250000000120D2E000000140E2E000800101742
:109260002E00000014182E000100101A2E0000001D
:10927000141B2E000000131C2E000000121D2E00D7
:109280000000141E2E00010013202E0000001221E9
:109290002E00000015222E00000011232E000000D9
:1092A00015242E00000011252E00000015262E008A
:1092B000000011272E00000015282E0000001129A3
:1092C0002E000000142A2E000400052F2E0000009E
:1092D00014302E000900103A2E000100143C2E001C
:1092E000030010402E00000014412E000000154223
:1092F0002E00000014432E000C0019502E00010017
:1093000014522E00020015552E00000011562E009A
:10931000000015572E00000011582E0000001559AE
:109320002E000000115A2E000000155B2E000000D8
:10933000115C2E000000105D2E00000019802E0030
:109340001900199B2E00580019002F00D50019F0A4
:109350002F000B001C003000000014013000020040
:10936000190430000000050530000000060630003A
:1093700000000D0730000000150830000000110942
:1093800030000000150A30000000110B3000000012
:10939000150C30000000110D30000000150E3000DB
:1093A0000000110F300000001510300000001111F6
:1093B00030000000191230000100151430000000C8
:1093C0001115300000001516300000001117300094
:1093D0000000151830000000111930000000151AA7
:1093E00030000000111B30000000101C3000000095
:1093F000151D30000000111E300001001920300042
:1094000000000D21300008000B2A30000300092E57
:109410003000010010303000000005313000040041
:109420001936300001000D3830000200053B3000D5
:109430000000063C30000000143D30000000193EE2
:10944000300001000641300055000B99300001004A
:10945000179B30000100059D30000100069F300081
:10946000000010A03000000006A13000590014FBDD
:109470003000000005FC3000020006FF3000000054
:10948000060531002A00063131005D0019903100D7
:1094900001000E923100030019963100090006A068
:1094A00031001F0019C03100230006F031000F0009
:1094B000190032001E000E2032000900192A320065
:1094C0001D000E48320007001950320000000E51F6
:1094D00032000E00196032001F000E8032000900B9
:1094E000198A320026000EB132000E0019C0320077
:1094F0003F0106003400BF1919C04D003F000600AF
:109500004E0014520515A00000000616A0007604B7
:109510001990A400360006D0A400270005F8A40086
:10952000050014FEA40001000600A5000B01050CB7
:10953000A6000000140DA60002000610A6000F00F1
:109540000C20A6000900062AA60001000340A60080
:109550002D00066EA60000000B6FA60000000A702A
:10956000A60002001473A60000000B74A6000900F8
:10957000147EA6000000057FA60000000380A60060
:109580001B00059CA60001000B9EA600010006A082
:10959000A60045000DE6A60009000BF0A60001009C
:1095A00014F2A60005001700A70016000517A70073
:1095B00008001720A70001000322A7000D000430B7
:1095C000A70001000332A7003D000570A7000000BE
:1095D0000471A70007000379A7000E000588A70003
:1095E00000001789A7000100038BA7000200048E6A
:1095F000A7000000068FA70000000390A70004004A
:109600000495A70000000396A700180004AFA70068
:10961000000003B0A7001A0003D0A700010004D384
:10962000A700000004D5A700000003D6A700030090
:1096300005F2A700020003F5A700010006F7A70046
:10964000000005F8A700010004FAA700000006FBCF
:10965000A70006000B02A80000000603A8000200F5
:109660000B06A80000000607A80003000B0BA800CB
:109670000000060CA80016000923A80001000B2515
:10968000A80001000927A80000001928A80003006D
:109690000B2CA80000000E30A80005001936A80009
:1096A00001001638A80000001939A8000000064083
:1096B000A80033001474A80003000980A80001006A
:1096C0000682A800310009B4A8000F000BC4A8004E
:1096D000010014CEA80001000CD0A80009000BE086
:1096E000A800110006F2A800050014F8A800020066
:1096F00006FBA800000014FCA800000006FDA8005E
:1097000001000BFFA80000000C00A9000900060AD8
:10971000A9001B000B26A9000700142EA9000100B8
:109720000630A90016000B47A9000A000952A9003B
:109730000100145FA90000000660A9001C000B8056
:10974000A90002000983A90000000684A9002E00D8
:109750000BB3A900000009B4A90001000BB6A900D1
:10976000030009BAA90001000BBCA900010009BE51
:10977000A900020014C1A9000C0005CFA900000037
:109780000CD0A900090014DEA900010006E0A90020
:1097900004000BE5A900000005E6A900000006E7AB
:1097A000A90008000CF0A900090006FAA9000400AD
:1097B0000600AA0028000B29AA000500092FAA000C
:1097C00001000B31AA0001000933AA0001000B358A
:1097D000AA0001000640AA0002000B43AA000000F4
:1097E0000644AA0007000B4CAA000000094DAA007D
:1097F00000000C50AA000900145CAA0003000660D7
:10980000AA000F000570AA0000000671AA0005005A
:109810001977AA000200067AAA000000097BAA00B4
:1098200000000B7CAA000000097DAA000000067E53
:10983000AA0031000BB0AA00000006B1AA00000087
:109840000BB2AA00020006B5AA0001000BB7AA00DD
:10985000010006B9AA0004000BBEAA00010006C060
:10986000AA0000000BC1AA00000006C2AA00000066
:1098700006DBAA00010005DDAA00000014DEAA0034
:10988000010006E0AA000A0009EBAA0000000BECA8
:10989000AA00010009EEAA00010014F0AA000100CC
:1098A00006F2AA00000005F3AA00010009F5AA00CB
:1098B00000000BF6AA0000000601AB000500060937
:1098C000AB0005000611AB0005000620AB0006004A
:1098D0000628AB0006000430AB0022000353AB00A7
:1098E00000000454AB000600175BAB000000055CF1
:1098F000AB0003000460AB0008000569AB0000008A
:10990000176AAB0001000370AB004F0006C0AB004C
:10991000220009E3AB0001000BE5AB00000009E603
:10992000AB0001000BE8AB00000009E9AB0001004F
:1099300014EBAB00000009ECAB0000000BEDAB003A
:1099400000000CF0AB0009000600AC00A32B06B031
:10995000D700160006CBD70030000200D800FF0762
:109960000600F9006D010670FA0069000400FB00B2
:1099700006000413FB000400061DFB0000000B1E84
:10998000FB000000061FFB0009001829FB00000077
:10999000062AFB000C000638FB000400063EFB0014
:1099A00000000640FB0001000643FB0001000646E4
:1099B000FB006B0017B2FB00100006D3FB006A012E
:1099C000113EFD000000153FFD0000001940FD00A4
:1099D0000F000650FD003F000692FD00350019CF34
:1099E000FD00000006F0FD000B0016FCFD0000006D
:1099F00019FDFD0002000B00FE000F001410FE0018
:109A000006001517FE0000001118FE0000001419D2
:109A1000FE0000000B20FE000F001430FE000000CE
:109A20001031FE0001000F33FE0001001535FE006D
:109A300000001136FE0000001537FE00000011384E
:109A4000FE0000001539FE000000113AFE00000083
:109A5000153BFE000000113CFE000000153DFE001D
:109A60000000113EFE000000153FFE000000114006
:109A7000FE0000001541FE0000001142FE00000043
:109A80001543FE0000001144FE0000001445FE00D6
:109A900001001547FE0000001148FE0000001449B7
:109AA000FE0003000F4DFE0002001450FE000200F5
:109AB0001454FE0003001058FE0000001559FE006B
:109AC0000000115AFE000000155BFE000000115C52
:109AD000FE000000155DFE000000115EFE000000AB
:109AE000145FFE0002001862FE0000001063FE001A
:109AF00000001864FE0002001468FE0000001669F1
:109B0000FE000000146AFE0001000670FE00040062
:109B10000676FE00860001FFFE0000001401FF0033
:109B200002001604FF0000001405FF0002001508E3
:109B3000FF0000001109FF000000140AFF000000F0
:109B4000180BFF000000140CFF000000100DFF00B8
:109B50000000140EFF0001000C10FF000900141A91
:109B6000FF000100181CFF000200141FFF0001008D
:109B70000321FF001900153BFF000000143CFF000B
:109B80000000113DFF000000173EFF0000000F3FE6
:109B9000FF0000001740FF0000000341FF00190014
:109BA000155BFF000000185CFF000000115DFF0066
:109BB0000000185EFF000000155FFF00000011604C
:109BC000FF0000001461FF0000001562FF000000AC
:109BD0001163FF0000001464FF0001000666FF002F
:109BE00009000570FF0000000671FF002C00059EB3
:109BF000FF00010006A0FF001E0006C2FF000500D6
:109C000006CAFF00050006D2FF00050006DAFF00C5
:109C1000020016E0FF00010018E2FF00000017E359
:109C2000FF00000019E4FF00000016E5FF0001003E
:109C300019E8FF00000018E9FF00030019EDFF001C
:109C4000010001F9FF00020019FCFF0001000600FD
:109C500000010B00060D000119000628000112008A
:109C6000063C00010100063F00010E000650000105
:109C70000D00068000017A001400010102000E07A9
:109C800001012C001937010108000D4001013400C9
:109C90000E75010103001979010110000E8A0101FE
:109CA0000100198C01010200199001010C0019A09A
:109CB0000101000019D001012C000BFD0101000081
:109CC000068002011C0006A0020130000BE0020128
:109CD00000000EE102011A00060003011F000E2021
:109CE00003010300062D030113000D4103010000D1
:109CF0000642030107000D4A03010000065003015C
:109D000025000B7603010400068003011D00149F4B
:109D10000301000006A00301230006C80301070099
:109D200014D0030100000DD103010400030004015D
:109D30004F00065004014D000CA00401090003B0BF
:109D40000401230003D804012300060005012700B5
:109D5000063005013300146F050100000370050192
:109D60000A00037C05010E00038C05010600039424
:109D700005010100039705010A0003A305010E0078
:109D800003B30501060003BB05010100060006013F
:109D9000360106400701150006600701070005802F
:109DA0000701050005870701290005B20701080022
:109DB000060008010500060808010000060A08015F
:109DC0002B00063708010100063C08010000063F91
:109DD000080116001457080100000E58080107007A
:109DE0000660080116001977080101000E790801C4
:109DF0000600068008011E000EA70801080006E004
:109E00000801120006F4080101000EFB080104001D
:109E10000600090115000E1609010500141F0901AD
:109E20000000062009011900143F09010000068006
:109E3000090137000EBC0901010006BE090101003D
:109E40000EC009010F000ED209012D0006000A0103
:109E500000000B010A0102000B050A0101000B0CB6
:109E60000A01030006100A01030006150A01020098
:109E700006190A011C000B380A0102000B3F0A01F7
:109E800000000E400A01080014500A010800066094
:109E90000A011C000E7D0A010100147F0A01000066
:109EA00006800A011C000E9D0A01020006C00A017C
:109EB000070019C80A01000006C90A011B000BE5CA
:109EC0000A0101000EEB0A01040014F00A01060069
:109ED00006000B01350014390B01060006400B018A
:109EE00015000E580B01070006600B0112000E78DA
:109EF0000B01070006800B01110014990B010300F0
:109F00000EA90B01060006000C01480003800C019D
:109F1000320003C00C0132000EFA0C0105000600ED
:109F20000D0123000B240D0103000C300D0109006D
:109F30000E600E011E0006800E0129000BAB0E0103
:109F4000010010AD0E01000006B00E0101000BFD76
:109F50000E01020006000F011C000E1D0F0109007A
:109F600006270F01000006300F0115000B460F01F8
:109F70000A000E510F01030014550F010400067072
:109F80000F0111000B820F01030014860F01030063
:109F900006B00F0114000EC50F01060006E00F0108
:109FA00016000900100100000B0110010000090259
:109FB000100100000603100134000B3810010E00E0
:109FC0001447100106000E52100113000C66100118
:109FD00009000B70100100000671100101000B73E5
:109FE000100101000675100100000B7F1001020036
:109FF000098210010000068310012C0009B0100135
:10A0000002000BB31001030009B7100101000BB9E6
:10A010001001010014BB1001010001BD100100007E
:10A0200014BE100103000BC21001000001CD10018D
:10A03000000006D0100118000CF0100109000B0000
:10A04000110102000603110123000B271101040076
:10A05000092C110100000B2D110107000C36110114
:10A0600009001440110103000644110100000945D4
:10A0700011010100064711010000065011012200E4
:10A080000B73110100001474110101000676110117
:10A0900000000B80110101000982110100000683FC
:10A0A00011012F0009B3110102000BB611010800C4
:10A0B00009BF1101010006C11101030014C51101FE
:10A0C00003000BC91101030014CD1101000009CEDA
:10A0D000110100000BCF110100000CD0110109008B
:10A0E00006DA1101000014DB1101000006DC110189
:10A0F000000014DD110102000EE111011300060041
:10A1000012011100061312011800092C120102009D
:10A110000B2F120102000932120101000B3412014F
:10A1200000000935120100000B361201010014383D
:10A13000120105000B3E12010000063F1201010052
:10A140000B41120100000680120106000688120170
:10A150000000068A12010300068F12010E00069FFE
:10A160001201090014A91201000006B012012E000C
:10A170000BDF1201000009E0120102000BE31201E3
:10A1800007000CF0120109000B0013010100090285
:10A1900013010100060513010700060F130101005A
:10A1A000061313011500062A1301060006321301D7
:10A1B00001000635130104000B3B13010100063DAD
:10A1C00013010000093E130101000B4013010000C0
:10A1D000094113010300094713010100094B130151
:10A1E0000200065013010000095713010000065D2C
:10A1F000130104000962130101000B66130106003C
:10A200000B70130104000600140134000935140119
:10A2100002000B38140107000940140101000B4231
:10A22000140102000945140100000B46140100004E
:10A23000064714010300144B140104000C501401D0
:10A240000900145A14010100145D140100000B5E92
:10A2500014010000065F14010200068014012F00A3
:10A2600009B0140102000BB31401050009B914016F
:10A2700000000BBA1401000009BB140103000BBF5E
:10A280001401010009C1140100000BC214010100F6
:10A2900006C41401010014C61401000006C714010D
:10A2A00000000CD014010900068015012E0009AF32
:10A2B000150102000BB21501030009B815010300D6
:10A2C0000BBC1501010009BE150100000BBF1501F3
:10A2D000010014C11501160006D8150103000BDC9E
:10A2E00015010100060016012F00093016010200B9
:10A2F0000B3316010700093B160101000B3D160147
:10A300000000093E160100000B3F16010100144138
:10A31000160102000644160100000C501601090047
:10A32000146016010C00068016012A000BAB160102
:10A33000000009AC160100000BAD1601000009AECB
:10A34000160101000BB01601050009B61601000048
:10A350000BB71601000006B81601000014B916016B
:10A3600000000CC016010900060017011A000B1DA1
:10A37000170102000920170101000B221701030039
:10A380000926170100000B27170104000C301701E4
:10A3900009000E3A17010100143C17010200193F91
:10A3A00017010000064017010600060018012B00E7
:10A3B000092C180102000B2F180108000938180198
:10A3C00000000B3918010100143B1801000003A024
:10A3D00018013F000CE0180109000EEA18010800FE
:10A3E00006FF18010700060919010000060C1901F3
:10A3F0000700061519010100061819011700093098
:10A40000190105000937190101000B3B1901010071
:10A41000093D190100000B3E19010000063F19011A
:10A42000000009401901000006411901000009421D
:10A43000190100000B431901000014441901020026
:10A440000C501901090006A01901070006AA1901FC
:10A45000260009D1190102000BD4190103000BDAFF
:10A460001901010009DC190103000BE019010000CA
:10A4700006E11901000014E21901000006E31901C8
:10A48000000009E41901000006001A0100000B0198
:10A490001A010900060B1A0127000B331A010500E7
:10A4A00009391A010000063A1A0100000B3B1A0193
:10A4B0000300143F1A0107000B471A010000065061
:10A4C0001A0100000B511A01050009571A01010079
:10A4D0000B591A010200065C1A012D000B8A1A01A1
:10A4E0000C0009971A0100000B981A010100149A38
:10A4F0001A010200069D1A010000149E1A010400B0
:10A5000006B01A01480014001B01090006001C01D6
:10A510000800060A1C012400092F1C0100000B3052
:10A520001C0106000B381C010500093E1C0100003F
:10A530000B3F1C01000006401C01000014411C01DF
:10A5400004000C501C0109000E5A1C01120014706A
:10A550001C01010006721C011D000B921C0115005C
:10A5600009A91C0100000BAA1C01060009B11C016D
:10A5700000000BB21C01010009B41C0100000BB566
:10A580001C01010006001D01060006081D01010056
:10A59000060B1D0125000B311D0105000B3A1D01A5
:10A5A00000000B3C1D0101000B3F1D01060006468B
:10A5B0001D0100000B471D0100000C501D0109008A
:10A5C00006601D01050006671D010100066A1D01E8
:10A5D0001F00098A1D0104000B901D010100099351
:10A5E0001D0101000B951D01000009961D010000D1
:10A5F0000B971D01000006981D0100000CA01D0115
:10A60000090006E01E0112000BF31E01010009F50E
:10A610001E01010014F71E0101000B001F010100C3
:10A6200006021F01000009031F01000006041F01AC
:10A630000C0006121F01210009341F0101000B3616
:10A640001F010400093E1F0101000B401F01000013
:10A6500009411F0100000B421F01000014431F01AC
:10A660000C000C501F01090006B01F0100000EC0B5
:10A670001F01140019D51F01070016DD1F0103007B
:10A6800019E11F01100014FF1F0100000600200146
:10A6900099030D0024016E0014702401040006804B
:10A6A0002401C30006902F01600014F12F01010066
:10A6B000060030012F04013034010F000B4034013B
:10A6C00000000641340105000B4734010E0006006E
:10A6D0004401460206006801380206406A011E0075
:10A6E0000C606A010900146E6A01010006706A01BB
:10A6F0004E000CC06A01090006D06A011D000BF073
:10A700006A01040014F56A01000006006B012F00C5
:10A710000B306B01060014376B010400193C6B0110
:10A72000030005406B01030014446B010000194550
:10A730006B0100000C506B0109000E5B6B01060001
:10A7400006636B011400067D6B01120003406E016D
:10A750003F000E806E01160014976E010300060084
:10A760006F014A000B4F6F01000006506F0100009F
:10A7700009516F0136000B8F6F01030005936F01C4
:10A780000C0005E06F01010014E26F01000005E319
:10A790006F0100000BE46F01000009F06F01010080
:10A7A00006007001F71706008801D50406008D0128
:10A7B000080005F0AF01030005F5AF01060005FD37
:10A7C000AF0101000600B00122010632B101000014
:10A7D0000650B10102000655B10100000664B10146
:10A7E00003000670B1018B010600BC016A0006700F
:10A7F000BC010C000680BC0108000690BC010900E9
:10A80000199CBC0100000B9DBC010100149FBC0100
:10A81000000001A0BC0103000B00CF012D000B3094
:10A82000CF0116001950CF0173001900D001F500B7
:10A830001900D10126001929D1013B000965D10178
:10A8400001000B67D1010200196AD1010200096DF4
:10A85000D10105000173D10107000B7BD101070075
:10A860001983D10101000B85D1010600198CD1019A
:10A870001D000BAAD101030019AED1013C00190043
:10A88000D20141000B42D20102001945D201000061
:10A890000EC0D20113000EE0D20113001900D30143
:10A8A00056000E60D30118000800D4011900041AE4
:10A8B000D40119000834D4011900044ED401060053
:10A8C0000456D40111000868D40119000482D4018F
:10A8D0001900089CD4010000089ED401010008A2C0
:10A8E000D401000008A5D401010008A9D401030087
:10A8F00008AED401070004B6D401030004BBD401A0
:10A90000000004BDD401060004C5D4010A0008D02B
:10A91000D401190004EAD40119000804D50101008A
:10A920000807D5010300080DD50107000816D50159
:10A930000600041ED50119000838D5010100083BA6
:10A94000D50103000840D50104000846D5010000E8
:10A95000084AD50106000452D5011900086CD5013A
:10A9600019000486D501190008A0D501190004BA00
:10A97000D501190008D4D501190004EED50119003C
:10A980000808D60119000422D6011900083CD60196
:10A9900019000456D60119000870D6011900048A5E
:10A9A000D6011B0008A8D601180018C1D601000066
:10A9B00004C2D601180018DBD601000004DCD60161
:10A9C000050008E2D601180018FBD601000004FCBF
:10A9D000D60118001815D70100000416D70105008C
:10A9E000081CD70118001835D70100000436D7011C
:10A9F0001800184FD70100000450D7010500085671
:10AA0000D7011800186FD70100000470D701180093
:10AA10001889D7010000048AD70105000890D701E2
:10AA2000180018A9D701000004AAD701180018C3FC
:10AA3000D701000004C4D701050008CAD7010000EF
:10AA400004CBD70100000CCED70131001900D8018A
:10AA5000FF010B00DA0136001937DA0103000B3B66
:10AA6000DA013100196DDA0107000B75DA01000017
:10AA70001976DA010D000B84DA0100001985DA017C
:10AA800001001487DA0104000B9BDA0104000BA11A
:10AA9000DA010E000400DF010900060ADF010000F0
:10AAA000040BDF0113000425DF0105000B00E001AA
:10AAB00006000B08E00110000B1BE00106000B2351
:10AAC000E00101000B26E00104000530E0013D003B
:10AAD0000B8FE00100000600E1012C000B30E101CA
:10AAE00006000537E10106000C40E1010900064EB1
:10AAF000E1010000194FE10100000690E2011D0094
:10AB00000BAEE201000006C0E2012B000BECE201FB
:10AB100003000CF0E201090016FFE201000006D07C
:10AB2000E4011A0005EBE40100000BECE401030072
:10AB30000CF0E401090006E0E701060006E8E70181
:10AB4000030006EDE701010006F0E7010E00060034
:10AB5000E801C4000EC7E80108000BD0E8010600B8
:10AB60000300E90143000B44E9010600054BE9013C
:10AB700000000C50E9010900145EE90101000E71AA
:10AB8000EC013A0019ACEC0100000EADEC01020042
:10AB900016B0EC0100000EB1EC0103000E01ED0156
:10ABA0002C00192EED0100000E2FED010E00060005
:10ABB000EE0103000605EE011A000621EE01010078
:10ABC0000624EE0100000627EE0100000629EE0132
:10ABD00009000634EE0103000639EE010000063BD1
:10ABE000EE0100000642EE0100000647EE01000003
:10ABF0000649EE010000064BEE010000064DEE0195
:10AC000002000651EE0101000654EE010000065755
:10AC1000EE0100000659EE010000065BEE010000A7
:10AC2000065DEE010000065FEE0100000661EE0128
:10AC300001000664EE0100000667EE010300066CE9
:10AC4000EE0106000674EE0103000679EE01030032
:10AC5000067EEE0100000680EE010900068BEE0183
:10AC6000100006A1EE01020006A5EE01040006ABED
:10AC7000EE01100018F0EE0101001900F0012B00A8
:10AC80001930F001630019A0F0010E0019B1F001B4
:10AC90000E0019C1F0010E0019D1F00124000E00C0
:10ACA000F1010C00190DF101A00019E6F1011C00E1
:10ACB0001910F2012B001940F20108001950F2019D
:10ACC00001001960F20105001900F301FA0017FBF9
:10ACD000F30104001900F401D70219DCF601100099
:10ACE00019F0F6010C001900F7017600197BF70145
:10ACF0005E0019E0F7010B0019F0F70100001900E0
:10AD0000F8010B001910F80137001950F80109007B
:10AD10001960F80127001990F8011D0019B0F80119
:10AD200001001900F90153011960FA010D001970B1
:10AD3000FA010C001980FA0108001990FA012D009F
:10AD400019BFFA01060019CEFA010D0019E0FA0147
:10AD5000080019F0FA0108001900FB01920019948B
:10AD6000FB0136000CF0FB01090006000002DFA623
:10AD70000600A70239100640B702DD000620B8021F
:10AD8000811606B0CE02301D0600F8021D02060034
:10AD900000034A13065013035F100101000E000068
:0CADA0000120000E5F000B00010EEF0010
:10ADAC0014330310203303102C33031038330310E7
:10ADBC0044330310503303105C3303106833031017
:04ADCC006C360310CE
:10ADD00010B503000468EFF3108272B620680028F3
:10ADE000FCD0BFF35F8F0420185600280BDB00292E
:10ADF00010D0086000201B68BFF35F8F002119602E
:10AE000082F3108810BDD0210906097849B2197162
:10AE10000120F0E70020EEE7F0B5D6464F46464663
:10AE2000C0B50500904699460368002B20D0D0237A
:10AE30001B061B785BB29A462F68EFF3108472B63C
:10AE40003E68002EFCD0BFF35F8F0423EB56002B2F
:10AE500014DB2B68BFF35F8F00221A6084F3108825
:10AE60004046494600F054FD0028E5D000200FE0A0
:10AE70000A4B0B4A0B48A62100F052FD53462B719A
:10AE80002B68BFF35F8F00221A6084F310880120C3
:10AE9000E0BCBA46B146A846F0BDC046FC980210D8
:10AEA00068320310B498021070B582B00600150025
:10AEB0001C0001A9FFF78CFF002807D1019B5BB2A2
:10AEC000D0221206127852B2934201D102B070BD64
:10AED0002A0023003000FFF79FFFF7E7F8B50600D0
:10AEE0000F0000F035FD04000D00FA22920000234F
:10AEF0003800002100F05CFD22002B0012184B41AD
:10AF0000002B03DB3000FFF787FFF8BD0122524220
:10AF1000004BF7E7FFFFFF7F10B50168EFF31083E9
:10AF200072B60A68002AFCD0BFF35F8F04228256F3
:10AF3000002A0ADBFF2202710268BFF35F8F002143
:10AF4000116083F3108840BF10BD034B034A0448CF
:10AF5000D52100F0E5FCC046109902105C320310C8
:10AF6000B4980210094B1B78002B08D00CE09A0013
:10AF700080214905511808680549505001333F2B7D
:10AF8000F5DD024B01221A707047C046F5800220A1
:10AF90007041022010B5014B984710BD714102204D
:10AFA000002305E09A000449511849681150013303
:10AFB000052BF7D97047C0460000024010B50022AB
:10AFC00006E093001958044CA446634459600132CA
:10AFD000052AF6D910BDC0460000024000280AD05C
:10AFE00003231B02054A12685340C02292001340FB
:10AFF000034A136070470223F3E7C0460C80014008
:10B000000C900140F0B5D6464F464646C0B586B0D6
:10B0100007000E00150018239A461B88142290463C
:10B0200010882D499847814653461B884246108810
:10B030002A499847040053461B88424610882849ED
:10B04000984780464B46002B0FD0002C0DD000288F
:10B050000BD0FFF787FF6846FFF7A2FFC847A0475E
:10B060000020FFF7BBFF2A0010E01E4B1E4A8A217A
:10B070001E48490000F054FC002B07D0002A05D0E0
:10B08000C0235B051B6E3370013A01362B0013435E
:10B0900012D0C0235B059C6A08232340A407EBD58C
:10B0A000002DE9D0511B0D29E6D83878C02149057B
:10B0B0000866013D0137DFE70120FFF78FFFC0473A
:10B0C000FFF768FF6846FFF779FF06B0E0BCBA46B5
:10B0D000B146A846F0BDC0464946000045580000AC
:10B0E0004643000050A0021028370310049F0210AE
:10B0F00010B5002308E00133DA00002108481150A0
:10B10000844662445160DBB20E2BF4D90548F0222C
:10B110009200002100F044FC034B044A1A6010BD69
:10B1200000001050A4470220606D022080011050E2
:10B13000F0B5CE46474680B585B0214B9F6D0024C3
:10B14000012603E0B74376000134E4B2002F31D08A
:10B150001F2C2FD83E42F6D01A4B9E6563089946A5
:10B160000123234001225340DBB298464B465D0049
:10B1700045446D01144BED18280000F047FA0028F3
:10B18000E0D0114A4B465B0043445B01D3189978E9
:10B19000DA8A01A8002398460370073343700171CF
:10B1A000826043464371012100F050FA280000F00C
:10B1B000C3F9C7E705B0C0BCB946B046F0BDC0464C
:10B1C000000011500030115064470220F0B5CE4607
:10B1D000474680B585B0754A9823D55880239B0291
:10B1E0002F001F401D4245D0714B9A6A714B1A6067
:10B1F0000024002109E0704B5B183C3300221A70D8
:10B2000000F0C6F931000134E4B20F2C18D8A601C1
:10B2100030002030684BC0189B193B331B78022B41
:10B22000F1D1654B9B193A331E78002EEBD0624B5F
:10B23000A1015B183C331B78002BDCD13100E2E725
:10B24000002908D15D4B1B78002B04D15C4A903358
:10B2500080218902D150554B9B6C5B055B0D01A889
:10B2600000220270033242704360012100F0EEF9C7
:10B270008027BF02EB0606D4EB0351D580235B0287
:10B280001F43002419E010231F43FFF751FFF3E78A
:10B29000022399461EE04B4B4A461A66434B5B6EAF
:10B2A0004A4613409945F9D118E0434B42465201B2
:10B2B0009B180122DA700134E4B2012C20D8A04698
:10B2C00066013D4BF618B37E002BEED0002CDFD08C
:10B2D0000123994600F04CFB0128DCD8C0229201E2
:10B2E0000021300000F02EF9300000F025F900F0C8
:10B2F0003FFB0128D9D9324B4A465A661A66D4E731
:10B3000001A800230370063343702F4A02AB12CA10
:10B3100012C3012100F09AF9294B802292021A658A
:10B32000EB040AD46B041DD42B042AD4AF4238D1C9
:10B3300005B0C0BCB946B046F0BD80235B011F43D9
:10B3400000241A4B1C60FFF7D3FE01A804700123F0
:10B3500043700471012100F079F9194B8022120326
:10B360001A65DFE78023DB011F4301A80023037078
:10B3700004334370012100F069F9114B10221A6562
:10B38000D2E780231B021F4301A80023037005336B
:10B390004370012100F05AF9094B802212011A650D
:10B3A000C4E739006940094800F0EAFA000011508A
:10B3B00000400540A044022064470220F3800220A0
:10B3C00000301150002011500000105040A1021018
:10B3D000F8B504000F00838A028B1E1C934200D92B
:10B3E000161CB6B29B1BA3828022D2003243E378A4
:10B3F000002B13D08025AD01154301225340E3708B
:10B400006378002B0CD0A38A002B02D18023DB01B0
:10B410001D43002F00D02D042800F8BD0025EBE7C8
:10B42000E068BB01C0182169320000F081FA23698D
:10B430009B19236180231B021D43E4E7094B1B6C0E
:10B440009B070CD48378DB09012B01D0002007E097
:10B45000C37E022B01D0002002E0012000E000208A
:10B460007047C0460000115010B5FFF7E7FF0028F5
:10B4700009D0064B9B6A064A12689B1A054A9446F5
:10B480006344C62B00D810BD0020FCE700400540F7
:10B49000A0440220E0FCFFFF70B5040083681B6835
:10B4A000002900D01B0C9D05AD0D6278002A11D13A
:10B4B0001B0409D4E38A5B19E382238BAB4201D9D5
:10B4C0000023A382280070BD0D4B0E4A0E48E821D0
:10B4D00000F026FA1B040DD52069E368890159188C
:10B4E0002A0000F025FAE38A5B19E38223695B19DD
:10B4F0002361E2E7054B034A0348EE2100F010FA0E
:10B5000060A102108837031080A10210DCA1021094
:10B5100010B5040083681B680021FFF7BDFF636856
:10B520001B685B0002D5238B834200D010BD012134
:10B530002000FFF7B1FFF9E7002383768382C382FF
:10B540000361704710B5002902D083681B68194059
:10B55000002A10D0114352050DD5826813685B058F
:10B560000CD4084B0B401360074B1B6C9B0702D499
:10B570000C23033BFDD28368196010BD817803481A
:10B5800000F0FEF9FFFBFFFF00001150FCA10210CC
:10B5900070B5040043681E680021FFF719FF80257D
:10B5A0006D010543164B1B6C9B0715D5A3785B06F5
:10B5B00017D10023A28A002A01D0002B15D0114BED
:10B5C0001E4080239B053343626813602A000021DC
:10B5D0002000FFF7B7FF70BDA378DB0903D101336B
:10B5E000E8E70123E6E70023E4E701212000FFF775
:10B5F000EFFE0543044A3240A023DB051343E3E793
:10B6000000001150FFFFFFAFFFFFFFDF70B5040028
:10B61000857E002D06D0FFF77BFFA38A002B05D186
:10B62000280070BD8178084800F0AAF92000FFF7D3
:10B630001BFF051E03D0012323770025F0E7200020
:10B64000FFF7A6FFECE7C0461CA2021070B584B05D
:10B6500006000D004378062B12D89B00724AD3587F
:10B660009F46724B1A7801218A431A701A78013169
:10B670008A431A7000225A701A7802318A431A706B
:10B680006B4B1C686269EFF3108172B61368002B74
:10B69000FCD0BFF35F8FA1613100200000F050F9B2
:10B6A0006269A369BFF35F8F0021116083F3108883
:10B6B000002800D1B0E0307871782A0000F050F90D
:10B6C00004B070BD594B1B78DB07F9D5574A137886
:10B6D00004210B431370D3E7544B1B78DB07EFD5E2
:10B6E000524A137804218B431370C9E79B1A5B01FC
:10B6F000504A9B18DB69002B02D03078716898475C
:10B700000134E4B24C4B1A782300511CA1420ADBED
:10B71000A242EBD9494B1B6862019B18002BE9D16F
:10B72000EEE70024EEE7414B1B785B072ED53F4A3E
:10B73000137804218B43137001AC0C2200212000EC
:10B7400000F02EF93378237005236370384B1C68A2
:10B750006269EFF3108172B61368002BFCD0BFF35F
:10B760005F8FA16101A9200000F0EAF86269A36976
:10B77000BFF35F8F0021116083F31088002837D05A
:10B7800001AB187859782A0000F0EAF8274BDB78EB
:10B79000DB0700D494E701AC0C220021200000F06C
:10B7A000FFF8337823700323637073680293204B90
:10B7B0001C686269EFF3108172B61368002BFCD02D
:10B7C000BFF35F8FA16101A9200000F0B9F86269A1
:10B7D000A369BFF35F8F0021116083F310880028F5
:10B7E0000DD001AB187859782A0000F0B9F867E756
:10B7F000662213491348FF3200F0CAF8C6E76622F2
:10B800000F491048FF3200F0C3F859E70E4A137889
:10B810000133DBB2137033E7662209490948FF326E
:10B8200000F0B6F84CE7C046D8370310883D022038
:10B83000E03D0220F8380310F2800220C03B0220D5
:10B84000743803107CA20210F4800220F0B50700C7
:10B8500018001D001C0008E0002C06D0FE687607CA
:10B8600003D5BB681370013C013226002E430DD076
:10B87000002DF1D0FE68B607EED52B000833A342A9
:10B88000EAD90B78BB60013D0131E5E7F0BD10B5A9
:10B8900004001000002205E0E3689B07FCD58B5CE8
:10B8A000A36001328242F7D300E0A368E3685B073C
:10B8B000FBD4E368DB06FCD400E0A368E3685B0725
:10B8C000FBD40123236210BDF0B5070018001D0052
:10B8D0001C0008E0002C06D0FE68760703D5BB6884
:10B8E0001370013C013226002E430BD0002DF1D005
:10B8F000FE68B607EED52B000833A342EAD9B9603B
:10B90000013DE7E7F0BD00007047C04600000000C1
:10B9100001B40248844601BC604700BF29210110E0
:10B9200001B40248844601BC604700BF15120110F3
:10B9300001B40248844601BC604700BFE95E0110C3
:10B9400001B40248844601BC604700BF2781011052
:10B9500001B40248844601BC604700BF3523011092
:10B9600001B40248844601BC604700BFFD6101107C
:10B9700001B40248844601BC604700BF3113011086
:10B9800001B40248844601BC604700BF4D1201105B
:10B9900001B40248844601BC604700BFC95401108D
:10B9A00001B40248844601BC604700BF653E0110F7
:10B9B00001B40248844601BC604700BF213B01102E
:10B9C000A100020100C05501082B0601020101017E
:10B9D0000000000000040000000000000000000063
:10B9E0000000000000000000000000000000000057
:10B9F0000000000000000000000000000000000047
:10BA00000000000000000000000000000000000036
:10BA10000000000000000000814C00100000000049
:10BA2000082B0601020101020000000000060800C8
:10BA30002B06010401819B1900000000000000009A
:10BA400000000000000000000000000000000000F6
:10BA500000000000000000000000000000000000E6
:10BA600000000000000000000000000000000000D6
:10BA70000000000000000000082B06010201010385
:10BA8000000000000043040000000000000000006F
:10BA900000000000000000000000000000000000A6
:10BAA0000000000000000000000000000000000096
:10BAB0000000000000000000000000000000000086
:10BAC0000000000000000000DD2300100000000066
:10BAD000082B060102010104000000000004000020
:10BAE0000000000000000000000000000000000056
:10BAF0000000000000000000000000000000000046
:10BB00000000000000000000000000000000000035
:10BB10000000000000000000000000000000000025
:10BB2000694C001000000000082B0601020101050D
:10BB30000000000000040000000000000000000001
:10BB400000000000000000000000000000000000F5
:10BB500000000000000000000000000000000000E5
:10BB600000000000000000000000000000000000D5
:10BB70000000000000000000994C001000000000D0
:10BB8000082B06010201010600000000000400006D
:10BB900000000000000000000000000000000000A5
:10BBA0000000000000000000000000000000000095
:10BBB0000000000000000000000000000000000085
:10BBC0000000000000000000000000000000000075
:10BBD000514C001000000000082B06010201010773
:10BBE0000000000000020400480000000000000007
:10BBF0000000000000000000000000000000000045
:10BC00000000000000000000000000000000000034
:10BC10000000000000000000000000000000000024
:10BC20000000000000000000000000000000000014
:10BC30000A2B06010401819B1901000000041E006B
:10BC40006C6F6E672D6C656E677468204F49442079
:10BC500054657374202331000000000000000000D0
:10BC600000000000000000000000000000000000D4
:10BC700000000000000000000000000000000000C4
:10BC800000000000000000000A2B0601040181AD45
:10BC900042010000000423006C6F6E672D6C656E1E
:10BCA000677468204F494420546573742023320020
:10BCB0000000000000000000000000000000000084
:10BCC0000000000000000000000000000000000074
:10BCD0000000000000000000000000000000000064
:10BCE0000A2B0601040181AD4202000000060A0091
:10BCF0002B0601040181AD4202000000000000009B
:10BD00000000000000000000000000000000000033
:10BD10000000000000000000000000000000000023
:10BD20000000000000000000000000000000000013
:10BD300000000000000000000B2B06010401819BA5
:10BD400019040100000410000000000000000000C1
:10BD500000000000000000000000000000000000E3
:10BD600000000000000000000000000000000000D3
:10BD700000000000000000000000000000000000C3
:10BD80000000000000000000814D001000000000D5
:10BD90000B2B06010401819B190402000004100012
:10BDA0000000000000000000000000000000000093
:10BDB0000000000000000000000000000000000083
:10BDC0000000000000000000000000000000000073
:10BDD0000000000000000000000000000000000063
:10BDE0009F4D0010000000000B2B06010401819BF9
:10BDF000190403000004100000000000000000000F
:10BE00000000000000000000000000000000000032
:10BE10000000000000000000000000000000000022
:10BE20000000000000000000000000000000000012
:10BE30000000000000000000BD4D001000000000E8
:10BE40000B2B06010401819B19040400000410005F
:10BE500000000000000000000000000000000000E2
:10BE600000000000000000000000000000000000D2
:10BE700000000000000000000000000000000000C2
:10BE800000000000000000000000000000000000B2
:10BE9000DB4D0010000000000B2B06010401819B0C
:10BEA000190405000004100000000000000000005C
:10BEB0000000000000000000000000000000000082
:10BEC0000000000000000000000000000000000072
:10BED0000000000000000000000000000000000062
:10BEE0000000000000000000F94D001000000000FC
:10BEF0000B2B06010401819B1902010000020400C2
:10BF00000000000000000000000000000000000031
:10BF10000000000000000000000000000000000021
:10BF20000000000000000000000000000000000011
:10BF30000000000000000000000000000000000001
:10BF4000594E0010C94E00100B2B06010401819BB5
:10BF500019020200000204000000000000000000BE
:10BF600000000000000000000000000000000000D1
:10BF700000000000000000000000000000000000C1
:10BF800000000000000000000000000000000000B1
:10BF90000000000000000000674E0010074F001076
:10BFA0000B2B06010401819B19020300000204000F
:10BFB0000000000000000000000000000000000081
:10BFC0000000000000000000000000000000000071
:10BFD0000000000000000000000000000000000061
:10BFE0000000000000000000000000000000000051
:10BFF000754E0010454F00100B2B06010401819B6C
:10C00000190204000002040000000000000000000B
:10C010000000000000000000000000000000000020
:10C020000000000000000000000000000000000010
:10C030000000000000000000000000000000000000
:10C040000000000000000000834E0010834F00102D
:10C050000B2B06010401819B19020500000204005C
:10C0600000000000000000000000000000000000D0
:10C0700000000000000000000000000000000000C0
:10C0800000000000000000000000000000000000B0
:10C0900000000000000000000000000000000000A0
:10C0A000914E0010C14F00100B2B06010401819B23
:10C0B0001902060000020400000000000000000059
:10C0C0000000000000000000000000000000000070
:10C0D0000000000000000000000000000000000060
:10C0E0000000000000000000000000000000000050
:10C0F00000000000000000009F4E0010FF4F0010E5
:10C100000B2B06010401819B1902070000020400A9
:10C11000000000000000000000000000000000001F
:10C12000000000000000000000000000000000000F
:10C1300000000000000000000000000000000000FF
:10C1400000000000000000000000000000000000EF
:10C15000AD4E00103D5000100B2B06010401819BD9
:10C1600019020800000204000000000000000000A6
:10C1700000000000000000000000000000000000BF
:10C1800000000000000000000000000000000000AF
:10C19000000000000000000000000000000000009F
:10C1A0000000000000000000BB4E00107B5000109B
:10C1B0000B2B06010401819B1902090000020400F7
:10C1C000000000000000000000000000000000006F
:10C1D000000000000000000000000000000000005F
:10C1E000000000000000000000000000000000004F
:10C1F000000000000000000000000000000000003F
:10C200001D510010395100100B2B06010401819BB8
:10C2100019020A00000204000000000000000000F3
:10C22000000000000000000000000000000000000E
:10C2300000000000000000000000000000000000FE
:10C2400000000000000000000000000000000000EE
:10C250000000000000000000B9500010D550001090
:10C260000B2B06010401819B19030100000410003F
:10C2700000000000000000000000000000000000BE
:10C2800000000000000000000000000000000000AE
:10C29000000000000000000000000000000000009E
:10C2A000000000000000000000000000000000008E
:10C2B00029630010000000000B2B06010401819B84
:10C2C000190302000004100000000000000000003C
:10C2D000000000000000000000000000000000005E
:10C2E000000000000000000000000000000000004E
:10C2F000000000000000000000000000000000003E
:10C300000000000000000000896300100000000031
:10C310000B2B06010401819B19030300000410008C
:10C32000000000000000000000000000000000000D
:10C3300000000000000000000000000000000000FD
:10C3400000000000000000000000000000000000ED
:10C3500000000000000000000000000000000000DD
:10C36000DD630010000000000B2B06010401819B1F
:10C370001903040000041000000000000000000089
:10C3800000000000000000000000000000000000AD
:10C39000000000000000000000000000000000009D
:10C3A000000000000000000000000000000000008D
:10C3B00000000000000000003164001000000000D8
:10C3C0000B2B06010401819B1903050000041000DA
:10C3D000000000000000000000000000000000005D
:10C3E000000000000000000000000000000000004D
:10C3F000000000000000000000000000000000003D
:10C40000000000000000000000000000000000002C
:10C4100085640010000000000B2B06010401819BC5
:10C4200019030600000410000000000000000000D6
:10C4300000000000000000000000000000000000FC
:10C4400000000000000000000000000000000000EC
:10C4500000000000000000000000000000000000DC
:10C460000000000000000000E56400100000000073
:10C470000B2B06010401819B190307000004100027
:10C4800000000000000000000000000000000000AC
:10C49000000000000000000000000000000000009C
:10C4A000000000000000000000000000000000008C
:10C4B000000000000000000000000000000000007C
:10C4C00045650010000000000B2B06010401819B54
:10C4D0001903080000041000000000000000000024
:10C4E000000000000000000000000000000000004C
:10C4F000000000000000000000000000000000003C
:10C50000000000000000000000000000000000002B
:10C510000000000000000000916500100000000015
:10C520000B2B06010401819B190309000004100074
:10C5300000000000000000000000000000000000FB
:10C5400000000000000000000000000000000000EB
:10C5500000000000000000000000000000000000DB
:10C5600000000000000000000000000000000000CB
:10C57000D9650010000000000B2B06010401819B0F
:10C5800019030A0000041000000000000000000071
:10C59000000000000000000000000000000000009B
:10C5A000000000000000000000000000000000008B
:10C5B000000000000000000000000000000000007B
:10C5C0000000000000000000F16500100000000005
:10C5D0000B2B06010401819B19030B0000041000C2
:10C5E000000000000000000000000000000000004B
:10C5F000000000000000000000000000000000003B
:10C60000000000000000000000000000000000002A
:10C61000000000000000000000000000000000001A
:10C6200009660010000000000C2B06010401819B2C
:10C6300019050101000410000000000000000000C6
:10C6400000000000000000000000000000000000EA
:10C6500000000000000000000000000000000000DA
:10C6600000000000000000000000000000000000CA
:10C670000000000000000000D95100100000000080
:10C680000C2B06010401819B190501020004100016
:10C69000000000000000000000000000000000009A
:10C6A000000000000000000000000000000000008A
:10C6B000000000000000000000000000000000007A
:10C6C000000000000000000000000000000000006A
:10C6D00029520010000000000C2B06010401819B70
:10C6E0001905010300041000000000000000000014
:10C6F000000000000000000000000000000000003A
:10C700000000000000000000000000000000000029
:10C710000000000000000000000000000000000019
:10C72000000000000000000079520010000000002E
:10C730000C2B06010401819B190501040004100063
:10C7400000000000000000000000000000000000E9
:10C7500000000000000000000000000000000000D9
:10C7600000000000000000000000000000000000C9
:10C7700000000000000000000000000000000000B9
:10C78000C9520010000000000C2B06010401819B1F
:10C790001905010500041000000000000000000061
:10C7A0000000000000000000000000000000000089
:10C7B0000000000000000000000000000000000079
:10C7C0000000000000000000000000000000000069
:10C7D00000000000000000001953001000000000DD
:10C7E0000C2B06010401819B1905010600041000B1
:10C7F0000000000000000000000000000000000039
:10C800000000000000000000000000000000000028
:10C810000000000000000000000000000000000018
:10C820000000000000000000000000000000000008
:10C8300069530010000000000C2B06010401819BCD
:10C8400019050201000410000000000000000000B3
:10C8500000000000000000000000000000000000D8
:10C8600000000000000000000000000000000000C8
:10C8700000000000000000000000000000000000B8
:10C880000000000000000000B15300100000000094
:10C890000C2B06010401819B190502020004100003
:10C8A0000000000000000000000000000000000088
:10C8B0000000000000000000000000000000000078
:10C8C0000000000000000000000000000000000068
:10C8D0000000000000000000000000000000000058
:10C8E00001540010000000000C2B06010401819B84
:10C8F0001905020300041000000000000000000001
:10C900000000000000000000000000000000000027
:10C910000000000000000000000000000000000017
:10C920000000000000000000000000000000000007
:10C930000000000000000000515400100000000042
:10C940000C2B06010401819B190502040004100050
:10C9500000000000000000000000000000000000D7
:10C9600000000000000000000000000000000000C7
:10C9700000000000000000000000000000000000B7
:10C9800000000000000000000000000000000000A7
:10C99000A1540010000000000C2B06010401819B33
:10C9A000190502050004100000000000000000004E
:10C9B0000000000000000000000000000000000077
:10C9C0000000000000000000000000000000000067
:10C9D0000000000000000000000000000000000057
:10C9E0000000000000000000F154001000000000F2
:10C9F0000C2B06010401819B19050206000410009E
:10CA00000000000000000000000000000000000026
:10CA10000000000000000000000000000000000016
:10CA20000000000000000000000000000000000006
:10CA300000000000000000000000000000000000F6
:10CA400041550010000000000C2B06010401819BE1
:10CA500019050301000410000000000000000000A0
:10CA600000000000000000000000000000000000C6
:10CA700000000000000000000000000000000000B6
:10CA800000000000000000000000000000000000A6
:10CA900000000000000000008955001000000000A8
:10CAA0000C2B06010401819B1905030200041000F0
:10CAB0000000000000000000000000000000000076
:10CAC0000000000000000000000000000000000066
:10CAD0000000000000000000000000000000000056
:10CAE0000000000000000000000000000000000046
:10CAF000D9550010000000000C2B06010401819B99
:10CB000019050303000410000000000000000000ED
:10CB10000000000000000000000000000000000015
:10CB20000000000000000000000000000000000005
:10CB300000000000000000000000000000000000F5
:10CB40000000000000000000295600100000000056
:10CB50000C2B06010401819B19050304000410003D
:10CB600000000000000000000000000000000000C5
:10CB700000000000000000000000000000000000B5
:10CB800000000000000000000000000000000000A5
:10CB90000000000000000000000000000000000095
:10CBA00079560010000000000C2B06010401819B47
:10CBB000190503050004100000000000000000003B
:10CBC0000000000000000000000000000000000065
:10CBD0000000000000000000000000000000000055
:10CBE0000000000000000000000000000000000045
:10CBF0000000000000000000C95600100000000006
:10CC00000C2B06010401819B19050306000410008A
:10CC10000000000000000000000000000000000014
:10CC20000000000000000000000000000000000004
:10CC300000000000000000000000000000000000F4
:10CC400000000000000000000000000000000000E4
:10CC500019570010000000000C2B06010401819BF5
:10CC6000190504010004100000000000000000008D
:10CC700000000000000000000000000000000000B4
:10CC800000000000000000000000000000000000A4
:10CC90000000000000000000000000000000000094
:10CCA00000000000000000006157001000000000BC
:10CCB0000C2B06010401819B1905040200041000DD
:10CCC0000000000000000000000000000000000064
:10CCD0000000000000000000000000000000000054
:10CCE0000000000000000000000000000000000044
:10CCF0000000000000000000000000000000000034
:10CD0000B1570010000000000C2B06010401819BAC
:10CD100019050403000410000000000000000000DA
:10CD20000000000000000000000000000000000003
:10CD300000000000000000000000000000000000F3
:10CD400000000000000000000000000000000000E3
:10CD5000000000000000000001580010000000006A
:10CD60000C2B06010401819B19050404000410002A
:10CD700000000000000000000000000000000000B3
:10CD800000000000000000000000000000000000A3
:10CD90000000000000000000000000000000000093
:10CDA0000000000000000000000000000000000083
:10CDB00051580010000000000C2B06010401819B5B
:10CDC0001905040500041000000000000000000028
:10CDD0000000000000000000000000000000000053
:10CDE0000000000000000000000000000000000043
:10CDF0000000000000000000000000000000000033
:10CE00000000000000000000A15800100000000019
:10CE10000C2B06010401819B190504060004100077
:10CE20000000000000000000000000000000000002
:10CE300000000000000000000000000000000000F2
:10CE400000000000000000000000000000000000E2
:10CE500000000000000000000000000000000000D2
:10CE6000F1580010000000000C2B06010401819B0A
:10CE7000190505010004100000000000000000007A
:10CE800000000000000000000000000000000000A2
:10CE90000000000000000000000000000000000092
:10CEA0000000000000000000000000000000000082
:10CEB00000000000000000003959001000000000D0
:10CEC0000C2B06010401819B1905050200041000CA
:10CED0000000000000000000000000000000000052
:10CEE0000000000000000000000000000000000042
:10CEF0000000000000000000000000000000000032
:10CF00000000000000000000000000000000000021
:10CF100089590010000000000C2B06010401819BC0
:10CF200019050503000410000000000000000000C7
:10CF300000000000000000000000000000000000F1
:10CF400000000000000000000000000000000000E1
:10CF500000000000000000000000000000000000D1
:10CF60000000000000000000D9590010000000007F
:10CF70000C2B06010401819B190505040004100017
:10CF800000000000000000000000000000000000A1
:10CF90000000000000000000000000000000000091
:10CFA0000000000000000000000000000000000081
:10CFB0000000000000000000000000000000000071
:10CFC000295A0010000000000C2B06010401819B6F
:10CFD0001905050500041000000000000000000015
:10CFE0000000000000000000000000000000000041
:10CFF0000000000000000000000000000000000031
:10D000000000000000000000000000000000000020
:10D010000000000000000000795A0010000000002D
:10D020000C2B06010401819B190505060004100064
:10D0300000000000000000000000000000000000F0
:10D0400000000000000000000000000000000000E0
:10D0500000000000000000000000000000000000D0
:10D0600000000000000000000000000000000000C0
:10D07000C95A0010000000000C2B06010401819B1E
:10D080001905060100041000000000000000000067
:10D090000000000000000000000000000000000090
:10D0A0000000000000000000000000000000000080
:10D0B0000000000000000000000000000000000070
:10D0C0000000000000000000115B001000000000E4
:10D0D0000C2B06010401819B1905060200041000B7
:10D0E0000000000000000000000000000000000040
:10D0F0000000000000000000000000000000000030
:10D10000000000000000000000000000000000001F
:10D11000000000000000000000000000000000000F
:10D12000615B0010000000000C2B06010401819BD4
:10D1300019050603000410000000000000000000B4
:10D1400000000000000000000000000000000000DF
:10D1500000000000000000000000000000000000CF
:10D1600000000000000000000000000000000000BF
:10D170000000000000000000B15B00100000000093
:10D180000C2B06010401819B190506040004100004
:10D19000000000000000000000000000000000008F
:10D1A000000000000000000000000000000000007F
:10D1B000000000000000000000000000000000006F
:10D1C000000000000000000000000000000000005F
:10D1D000015C0010000000000C2B06010401819B83
:10D1E0001905060500041000000000000000000002
:10D1F000000000000000000000000000000000002F
:10D20000000000000000000000000000000000001E
:10D21000000000000000000000000000000000000E
:10D220000000000000000000515C00100000000041
:10D230000C2B06010401819B190506060004100051
:10D2400000000000000000000000000000000000DE
:10D2500000000000000000000000000000000000CE
:10D2600000000000000000000000000000000000BE
:10D2700000000000000000000000000000000000AE
:10D28000A15C0010000000000C2B06010401819B32
:10D290001905070100041000000000000000000054
:10D2A000000000000000000000000000000000007E
:10D2B000000000000000000000000000000000006E
:10D2C000000000000000000000000000000000005E
:10D2D0000000000000000000E95C001000000000F9
:10D2E0000C2B06010401819B1905070200041000A4
:10D2F000000000000000000000000000000000002E
:10D30000000000000000000000000000000000001D
:10D31000000000000000000000000000000000000D
:10D3200000000000000000000000000000000000FD
:10D33000395D0010000000000C2B06010401819BE8
:10D3400019050703000410000000000000000000A1
:10D3500000000000000000000000000000000000CD
:10D3600000000000000000000000000000000000BD
:10D3700000000000000000000000000000000000AD
:10D380000000000000000000895D001000000000A7
:10D390000C2B06010401819B1905070400041000F1
:10D3A000000000000000000000000000000000007D
:10D3B000000000000000000000000000000000006D
:10D3C000000000000000000000000000000000005D
:10D3D000000000000000000000000000000000004D
:10D3E000D95D0010000000000C2B06010401819B98
:10D3F00019050705000410000000000000000000EF
:10D40000000000000000000000000000000000001C
:10D41000000000000000000000000000000000000C
:10D4200000000000000000000000000000000000FC
:10D430000000000000000000295E00100000000055
:10D440000C2B06010401819B19050706000410003E
:10D4500000000000000000000000000000000000CC
:10D4600000000000000000000000000000000000BC
:10D4700000000000000000000000000000000000AC
:10D48000000000000000000000000000000000009C
:10D49000795E0010000000000C2B06010401819B46
:10D4A0001905080100041000000000000000000041
:10D4B000000000000000000000000000000000006C
:10D4C000000000000000000000000000000000005C
:10D4D000000000000000000000000000000000004C
:10D4E0000000000000000000C15E0010000000000D
:10D4F0000C2B06010401819B190508020004100091
:10D50000000000000000000000000000000000001B
:10D51000000000000000000000000000000000000B
:10D5200000000000000000000000000000000000FB
:10D5300000000000000000000000000000000000EB
:10D54000115F0010000000000C2B06010401819BFC
:10D55000190508030004100000000000000000008E
:10D5600000000000000000000000000000000000BB
:10D5700000000000000000000000000000000000AB
:10D58000000000000000000000000000000000009B
:10D590000000000000000000615F001000000000BB
:10D5A0000C2B06010401819B1905080400041000DE
:10D5B000000000000000000000000000000000006B
:10D5C000000000000000000000000000000000005B
:10D5D000000000000000000000000000000000004B
:10D5E000000000000000000000000000000000003B
:10D5F000B15F0010000000000C2B06010401819BAC
:10D6000019050805000410000000000000000000DB
:10D61000000000000000000000000000000000000A
:10D6200000000000000000000000000000000000FA
:10D6300000000000000000000000000000000000EA
:10D640000000000000000000016000100000000069
:10D650000C2B06010401819B19050806000410002B
:10D6600000000000000000000000000000000000BA
:10D6700000000000000000000000000000000000AA
:10D68000000000000000000000000000000000009A
:10D69000000000000000000000000000000000008A
:10D6A00051600010000000000B2B06010401819B5B
:10D6B0001906010000020400000000000000000044
:10D6C000000000000000000000000000000000005A
:10D6D000000000000000000000000000000000004A
:10D6E000000000000000000000000000000000003A
:10D6F0000000000000000000996000100000000021
:10D700000B2B06010401819B190602000004100086
:10D710000000000000000000000000000000000009
:10D7200000000000000000000000000000000000F9
:10D7300000000000000000000000000000000000E9
:10D7400000000000000000000000000000000000D9
:10D75000D9600010000000000B2B06010401819B22
:10D760001906030000041000000000000000000083
:10D7700000000000000000000000000000000000A9
:10D780000000000000000000000000000000000099
:10D790000000000000000000000000000000000089
:10D7A00000000000000000002161001000000000E7
:10D7B0000B2B06010401819B1906040000041000D4
:10D7C0000000000000000000000000000000000059
:10D7D0000000000000000000000000000000000049
:10D7E0000000000000000000000000000000000039
:10D7F0000000000000000000000000000000000029
:10D8000069610010000000000B2B06010401819BE0
:10D8100019060500000410000000000000000000D0
:10D8200000000000000000000000000000000000F8
:10D8300000000000000000000000000000000000E8
:10D8400000000000000000000000000000000000D8
:10D850000000000000000000B161001000000000A6
:10D860000B2B06010401819B190606000004100021
:10D8700000000000000000000000000000000000A8
:10D880000000000000000000000000000000000098
:10D890000000000000000000000000000000000088
:10D8A0000000000000000000000000000000000078
:10D8B000F9610010000000000B2B06010401819BA0
:10D8C000190607000002040000000000000000002C
:10D8D0000000000000000000000000000000000048
:10D8E0000000000000000000000000000000000038
:10D8F0000000000000000000000000000000000028
:10D900000000000000000000416200100000000064
:10D910000B2B06010401819B19060800000204007C
:10D9200000000000000000000000000000000000F7
:10D9300000000000000000000000000000000000E7
:10D9400000000000000000000000000000000000D7
:10D9500000000000000000000000000000000000C7
:10D9600079620010000000000B2B06010401819B6E
:10D970001906090000020400000000000000000079
:10D980000000000000000000000000000000000097
:10D990000000000000000000000000000000000087
:10D9A0000000000000000000000000000000000077
:10D9B0000000000000000000A56200100000000050
:10D9C0000B2B06010401819B19060A0000020400CA
:10D9D0000000000000000000000000000000000047
:10D9E0000000000000000000000000000000000037
:10D9F0000000000000000000000000000000000027
:10DA00000000000000000000000000000000000016
:10DA1000D1620010000000000B2B06010401819B65
:10DA200019060B00000204000000000000000000C6
:10DA300000000000000000000000000000000000E6
:10DA400000000000000000000000000000000000D6
:10DA500000000000000000000000000000000000C6
:10DA60000000000000000000016300101B630010B4
:10DA7000FF0100000080794400F0794400C079443F
:10DA800000007A442D93E13A6ABC343F554E50521F
:10DA90004F564953494F4E454400000000001000C6
:10DAA0000000000000000100000000000000000075
:10DAB0000000020000000000000000000000030061
:10DAC00000000000000000000000FF000000000057
:10DAD00001B5486801318E46004770460938014952
:10DAE000884701BDAD1801100000000000000000D3
:10DAF0000000000000000000000000007835002059
:10DB0000503300004C330000543300005233000007
:10DB10004D5300004D4300005334000043340000D7
:10DB20007959011015560110E158011001560110E4
:10DB30000000000000010000E43D022010000C0085
:10DB400000000000000000000000000000000000D5
:10DB500000000000FF000000008004400000000002
:10DB60000040044000000000FF000000FFFFFFFF36
:10DB700000000200000000000000000000000000A3
:10DB8000782E0020782E0020802E0020802E00206D
:10DB9000882E0020882E0020902E0020902E00201D
:10DBA000982E0020982E0020A02E0020A02E0020CD
:10DBB000A82E0020A82E0020B02E0020B02E00207D
:10DBC000B82E0020B82E0020C02E0020C02E00202D
:10DBD000C82E0020C82E0020D02E0020D02E0020DD
:10DBE000D82E0020D82E0020E02E0020E02E00208D
:10DBF000E82E0020E82E0020F02E0020F02E00203D
:10DC0000F82E0020F82E0020002F0020002F0020EA
:10DC1000082F0020082F0020102F0020102F002098
:10DC2000182F0020182F0020202F0020202F002048
:10DC3000282F0020282F0020302F0020302F0020F8
:10DC4000382F0020382F0020402F0020402F0020A8
:10DC5000482F0020482F0020502F0020502F002058
:10DC6000582F0020582F0020602F0020602F002008
:10DC7000682F0020682F0020702F0020702F0020B8
:10DC8000782F0020782F0020802F0020802F002068
:10DC9000882F0020882F0020902F0020902F002018
:10DCA000982F0020982F0020A02F0020A02F0020C8
:10DCB000A82F0020A82F0020B02F0020B02F002078
:10DCC000B82F0020B82F0020C02F0020C02F002028
:10DCD000C82F0020C82F0020D02F0020D02F0020D8
:10DCE000D82F0020D82F0020E02F0020E02F002088
:10DCF000E82F0020E82F0020F02F0020F02F002038
:10DD0000F82F0020F82F00200030002000300020E5
:10DD10000830002008300020103000201030002093
:10DD20001830002018300020203000202030002043
:10DD300028300020283000203030002030300020F3
:10DD400038300020383000204030002040300020A3
:10DD50004830002048300020503000205030002053
:10DD60005830002058300020603000206030002003
:10DD700068300020683000207030002070300020B3
:10DD80007830002078300020803000208030002063
:10DD90008830002088300020903000209030002013
:10DDA0009830002098300020A0300020A0300020C3
:10DDB000A8300020A8300020B0300020B030002073
:10DDC000B8300020B8300020C0300020C030002023
:10DDD000C8300020C8300020D0300020D0300020D3
:10DDE000D8300020D8300020E0300020E030002083
:10DDF000E8300020E8300020F0300020F030002033
:10DE0000F8300020F83000200031002000310020E0
:10DE1000083100200831002010310020103100208E
:10DE2000183100201831002020310020203100203E
:10DE300028310020283100203031002030310020EE
:10DE4000383100203831002040310020403100209E
:10DE5000483100204831002050310020503100204E
:10DE600058310020583100206031002060310020FE
:10DE700068310020683100207031002070310020AE
:10DE8000783100207831002080310020803100205E
:10DE9000883100208831002090310020903100200E
:10DEA0009831002098310020A0310020A0310020BE
:10DEB000A8310020A8310020B0310020B03100206E
:10DEC000B8310020B8310020C0310020C03100201E
:10DED000C8310020C8310020D0310020D0310020CE
:10DEE000D8310020D8310020E0310020E03100207E
:10DEF000E8310020E8310020F0310020F03100202E
:10DF0000F8310020F83100200032002000320020DB
:10DF10000832002008320020103200201032002089
:10DF20001832002018320020203200202032002039
:10DF300028320020283200203032002030320020E9
:10DF40003832002038320020403200204032002099
:10DF50004832002048320020503200205032002049
:10DF600058320020583200206032002060320020F9
:10DF700068320020683200207032002070320020A9
:10DF8000430000000000000000000000000000004E
:10DF90000000000000000000000000000000000081
:10DFA000430000000000000000000000000000002E
:10DFB0000000000000000000000000000000000061
:10DFC000430000000000000000000000000000000E
:10DFD0000000000000000000000000000000000041
:10DFE00043000000000000000000000000000000EE
:10DFF0000000000000000000000000000000000021
:10E0000043000000000000000000000000000000CD
:10E010000000000000000000000000000000000000
:10E0200043000000000000000000000000000000AD
:10E0300000000000000000000000000000000000E0
:10E04000430000000000000000000000000000008D
:10E0500000000000000000000000000000000000C0
:10E06000E90702109DFC011000000000F03B0310C6
:10E0700014A602100C7402100C7402100C7402101E
:10E080000C7402100C7402100C7402100C74021048
:10E090000C7402100C740210FFFFFFFFFFFFFFFF64
:10E0A000FFFFFFFFFFFF000001004153434949000C
:10E0B0000000000000000000000000000000000060
:10E0C00000000000000000000000415343494900E7
:10E0D0000000000000000000000000000000000040
:10E0E000000000000000000000000000F0330020ED
:10E0F00000000000883A0220F03A0220583B02203B
:10E10000000000000000000000000000000000000F
:10E1100000000000000000000000000000000000FF
:10E1200000000000000000000000000000000000EF
:10E1300000000000000000000000000000000000DF
:10E1400000000000000000000000000000000000CF
:10E1500000000000000000000000000000000000BF
:10E1600000000000000000000000000000000000AF
:10E17000000000000000000000000000000000009F
:10E18000000000000000000001000000000000008E
:10E190000E33CDAB34126DE6ECDE05000B00000053
:10E1A000000000000000000000000000000000006F
:10E1B000000000000000000000000000000000005F
:10E1C000000000000000000000000000000000004F
:10E1D000000000000000000000000000000000003F
:10E1E000000000000000000000000000000000002F
:10E1F000000000000000000000000000000000001F
:10E20000000000000000000000000000000000000E
:10E2100000000000000000000000000000000000FE
:10E2200000000000000000000000000000000000EE
:08E230000000000000000000E6
:04000005100001E9FD
:00000001FF
