ISO-10303-21;
HEADER;
/* Generated by software containing ST-Developer
 * from STEP Tools, Inc. (www.steptools.com) 
 */

FILE_DESCRIPTION(
/* description */ (''),
/* implementation_level */ '2;1');

FILE_NAME(
/* name */ 'ENERGIS - Top Sheetmetal Enclosure.step',
/* time_stamp */ '2026-01-27T21:27:55+01:00',
/* author */ (''),
/* organization */ (''),
/* preprocessor_version */ 'ST-DEVELOPER v20.1',
/* originating_system */ 'Autodesk Translation Framework v14.21.0.0',
/* authorisation */ '');

FILE_SCHEMA (('AUTOMOTIVE_DESIGN { 1 0 10303 214 3 1 1 }'));
ENDSEC;

DATA;
#10=MECHANICAL_DESIGN_GEOMETRIC_PRESENTATION_REPRESENTATION('',(#17),#9738);
#11=ITEM_DEFINED_TRANSFORMATION($,$,#3270,#3477);
#12=(
REPRESENTATION_RELATIONSHIP($,$,#9749,#9748)
REPRESENTATION_RELATIONSHIP_WITH_TRANSFORMATION(#11)
SHAPE_REPRESENTATION_RELATIONSHIP()
);
#13=CONTEXT_DEPENDENT_SHAPE_REPRESENTATION(#12,#9747);
#14=NEXT_ASSEMBLY_USAGE_OCCURRENCE('Top2:1','Top2:1','Top2:1',#9751,#9752,
'Top2:1');
#15=SHAPE_REPRESENTATION_RELATIONSHIP('SRR','None',#9749,#16);
#16=ADVANCED_BREP_SHAPE_REPRESENTATION('',(#18),#9737);
#17=STYLED_ITEM('',(#9771),#18);
#18=MANIFOLD_SOLID_BREP('Body1',#3256);
#19=FACE_BOUND('',#397,.T.);
#20=FACE_BOUND('',#398,.T.);
#21=FACE_BOUND('',#399,.T.);
#22=FACE_BOUND('',#400,.T.);
#23=FACE_BOUND('',#401,.T.);
#24=FACE_BOUND('',#402,.T.);
#25=FACE_BOUND('',#410,.T.);
#26=FACE_BOUND('',#411,.T.);
#27=FACE_BOUND('',#412,.T.);
#28=FACE_BOUND('',#413,.T.);
#29=FACE_BOUND('',#414,.T.);
#30=FACE_BOUND('',#415,.T.);
#31=FACE_BOUND('',#416,.T.);
#32=FACE_BOUND('',#417,.T.);
#33=FACE_BOUND('',#418,.T.);
#34=FACE_BOUND('',#419,.T.);
#35=FACE_BOUND('',#420,.T.);
#36=FACE_BOUND('',#421,.T.);
#37=FACE_BOUND('',#422,.T.);
#38=FACE_BOUND('',#423,.T.);
#39=FACE_BOUND('',#424,.T.);
#40=FACE_BOUND('',#425,.T.);
#41=FACE_BOUND('',#426,.T.);
#42=FACE_BOUND('',#427,.T.);
#43=FACE_BOUND('',#428,.T.);
#44=FACE_BOUND('',#429,.T.);
#45=FACE_BOUND('',#430,.T.);
#46=FACE_BOUND('',#431,.T.);
#47=FACE_BOUND('',#457,.T.);
#48=FACE_BOUND('',#458,.T.);
#49=FACE_BOUND('',#466,.T.);
#50=FACE_BOUND('',#467,.T.);
#51=FACE_BOUND('',#531,.T.);
#52=FACE_BOUND('',#532,.T.);
#53=FACE_BOUND('',#533,.T.);
#54=FACE_BOUND('',#534,.T.);
#55=FACE_BOUND('',#535,.T.);
#56=FACE_BOUND('',#536,.T.);
#57=FACE_BOUND('',#537,.T.);
#58=FACE_BOUND('',#538,.T.);
#59=FACE_BOUND('',#539,.T.);
#60=FACE_BOUND('',#540,.T.);
#61=FACE_BOUND('',#541,.T.);
#62=FACE_BOUND('',#542,.T.);
#63=FACE_BOUND('',#543,.T.);
#64=FACE_BOUND('',#544,.T.);
#65=FACE_BOUND('',#545,.T.);
#66=FACE_BOUND('',#546,.T.);
#67=FACE_BOUND('',#547,.T.);
#68=FACE_BOUND('',#548,.T.);
#69=FACE_BOUND('',#549,.T.);
#70=FACE_BOUND('',#550,.T.);
#71=FACE_BOUND('',#551,.T.);
#72=FACE_BOUND('',#552,.T.);
#73=FACE_BOUND('',#558,.T.);
#74=FACE_BOUND('',#559,.T.);
#75=FACE_BOUND('',#564,.T.);
#76=FACE_BOUND('',#565,.T.);
#77=FACE_BOUND('',#568,.T.);
#78=FACE_BOUND('',#569,.T.);
#79=FACE_BOUND('',#570,.T.);
#80=FACE_BOUND('',#571,.T.);
#81=FACE_BOUND('',#572,.T.);
#82=FACE_BOUND('',#573,.T.);
#83=PLANE('',#3312);
#84=PLANE('',#3319);
#85=PLANE('',#3333);
#86=PLANE('',#3334);
#87=PLANE('',#3335);
#88=PLANE('',#3336);
#89=PLANE('',#3337);
#90=PLANE('',#3340);
#91=PLANE('',#3347);
#92=PLANE('',#3350);
#93=PLANE('',#3353);
#94=PLANE('',#3356);
#95=PLANE('',#3362);
#96=PLANE('',#3365);
#97=PLANE('',#3371);
#98=PLANE('',#3372);
#99=PLANE('',#3373);
#100=PLANE('',#3374);
#101=PLANE('',#3375);
#102=PLANE('',#3376);
#103=PLANE('',#3377);
#104=PLANE('',#3378);
#105=PLANE('',#3379);
#106=PLANE('',#3380);
#107=PLANE('',#3381);
#108=PLANE('',#3382);
#109=PLANE('',#3383);
#110=PLANE('',#3384);
#111=PLANE('',#3385);
#112=PLANE('',#3386);
#113=PLANE('',#3387);
#114=PLANE('',#3388);
#115=PLANE('',#3389);
#116=PLANE('',#3390);
#117=PLANE('',#3391);
#118=PLANE('',#3392);
#119=PLANE('',#3393);
#120=PLANE('',#3394);
#121=PLANE('',#3395);
#122=PLANE('',#3396);
#123=PLANE('',#3397);
#124=PLANE('',#3398);
#125=PLANE('',#3399);
#126=PLANE('',#3400);
#127=PLANE('',#3401);
#128=PLANE('',#3402);
#129=PLANE('',#3403);
#130=PLANE('',#3404);
#131=PLANE('',#3405);
#132=PLANE('',#3406);
#133=PLANE('',#3407);
#134=PLANE('',#3408);
#135=PLANE('',#3409);
#136=PLANE('',#3410);
#137=PLANE('',#3411);
#138=PLANE('',#3412);
#139=PLANE('',#3413);
#140=PLANE('',#3414);
#141=PLANE('',#3415);
#142=PLANE('',#3416);
#143=PLANE('',#3417);
#144=PLANE('',#3418);
#145=PLANE('',#3419);
#146=PLANE('',#3420);
#147=PLANE('',#3421);
#148=PLANE('',#3422);
#149=PLANE('',#3423);
#150=PLANE('',#3427);
#151=PLANE('',#3429);
#152=PLANE('',#3432);
#153=PLANE('',#3436);
#154=PLANE('',#3440);
#155=PLANE('',#3446);
#156=PLANE('',#3447);
#157=PLANE('',#3448);
#158=PLANE('',#3449);
#159=PLANE('',#3450);
#160=PLANE('',#3452);
#161=PLANE('',#3453);
#162=PLANE('',#3456);
#163=PLANE('',#3457);
#164=PLANE('',#3458);
#165=PLANE('',#3459);
#166=PLANE('',#3460);
#167=PLANE('',#3462);
#168=PLANE('',#3464);
#169=PLANE('',#3465);
#170=PLANE('',#3466);
#171=PLANE('',#3467);
#172=PLANE('',#3468);
#173=PLANE('',#3469);
#174=PLANE('',#3470);
#175=PLANE('',#3471);
#176=PLANE('',#3472);
#177=PLANE('',#3473);
#178=PLANE('',#3474);
#179=PLANE('',#3475);
#180=PLANE('',#3476);
#181=(
BOUNDED_CURVE()
B_SPLINE_CURVE(3,(#5096,#5097,#5098,#5099),.UNSPECIFIED.,.F.,.F.)
B_SPLINE_CURVE_WITH_KNOTS((4,4),(0.,1.),.UNSPECIFIED.)
CURVE()
GEOMETRIC_REPRESENTATION_ITEM()
RATIONAL_B_SPLINE_CURVE((1.,0.380473785412436,0.380473785412436,1.))
REPRESENTATION_ITEM('')
);
#182=(
BOUNDED_CURVE()
B_SPLINE_CURVE(3,(#5405,#5406,#5407,#5408),.UNSPECIFIED.,.F.,.F.)
B_SPLINE_CURVE_WITH_KNOTS((4,4),(0.,1.),.UNSPECIFIED.)
CURVE()
GEOMETRIC_REPRESENTATION_ITEM()
RATIONAL_B_SPLINE_CURVE((1.,0.380473785412436,0.380473785412436,1.))
REPRESENTATION_ITEM('')
);
#183=(
BOUNDED_CURVE()
B_SPLINE_CURVE(3,(#5598,#5599,#5600,#5601),.UNSPECIFIED.,.F.,.F.)
B_SPLINE_CURVE_WITH_KNOTS((4,4),(0.,1.),.UNSPECIFIED.)
CURVE()
GEOMETRIC_REPRESENTATION_ITEM()
RATIONAL_B_SPLINE_CURVE((1.,0.380473785412436,0.380473785412436,1.))
REPRESENTATION_ITEM('')
);
#184=(
BOUNDED_CURVE()
B_SPLINE_CURVE(3,(#5791,#5792,#5793,#5794),.UNSPECIFIED.,.F.,.F.)
B_SPLINE_CURVE_WITH_KNOTS((4,4),(0.,1.),.UNSPECIFIED.)
CURVE()
GEOMETRIC_REPRESENTATION_ITEM()
RATIONAL_B_SPLINE_CURVE((1.,0.380473785412436,0.380473785412436,1.))
REPRESENTATION_ITEM('')
);
#185=(
BOUNDED_CURVE()
B_SPLINE_CURVE(3,(#5984,#5985,#5986,#5987),.UNSPECIFIED.,.F.,.F.)
B_SPLINE_CURVE_WITH_KNOTS((4,4),(0.,1.),.UNSPECIFIED.)
CURVE()
GEOMETRIC_REPRESENTATION_ITEM()
RATIONAL_B_SPLINE_CURVE((1.,0.380473785412436,0.380473785412436,1.))
REPRESENTATION_ITEM('')
);
#186=(
BOUNDED_CURVE()
B_SPLINE_CURVE(3,(#6177,#6178,#6179,#6180),.UNSPECIFIED.,.F.,.F.)
B_SPLINE_CURVE_WITH_KNOTS((4,4),(0.,1.),.UNSPECIFIED.)
CURVE()
GEOMETRIC_REPRESENTATION_ITEM()
RATIONAL_B_SPLINE_CURVE((1.,0.380473785412436,0.380473785412436,1.))
REPRESENTATION_ITEM('')
);
#187=(
BOUNDED_CURVE()
B_SPLINE_CURVE(3,(#6360,#6361,#6362,#6363),.UNSPECIFIED.,.F.,.F.)
B_SPLINE_CURVE_WITH_KNOTS((4,4),(0.,1.),.UNSPECIFIED.)
CURVE()
GEOMETRIC_REPRESENTATION_ITEM()
RATIONAL_B_SPLINE_CURVE((1.,0.380473785412437,0.380473785412437,1.))
REPRESENTATION_ITEM('')
);
#188=(
BOUNDED_CURVE()
B_SPLINE_CURVE(3,(#6771,#6772,#6773,#6774),.UNSPECIFIED.,.F.,.F.)
B_SPLINE_CURVE_WITH_KNOTS((4,4),(0.,1.),.UNSPECIFIED.)
CURVE()
GEOMETRIC_REPRESENTATION_ITEM()
RATIONAL_B_SPLINE_CURVE((1.,0.380473785412436,0.380473785412436,1.))
REPRESENTATION_ITEM('')
);
#189=(
BOUNDED_CURVE()
B_SPLINE_CURVE(3,(#6953,#6954,#6955,#6956),.UNSPECIFIED.,.F.,.F.)
B_SPLINE_CURVE_WITH_KNOTS((4,4),(0.,1.),.UNSPECIFIED.)
CURVE()
GEOMETRIC_REPRESENTATION_ITEM()
RATIONAL_B_SPLINE_CURVE((1.,0.380473785412436,0.380473785412436,1.))
REPRESENTATION_ITEM('')
);
#190=B_SPLINE_SURFACE_WITH_KNOTS('',3,3,((#4907,#4908,#4909,#4910,#4911,
#4912,#4913,#4914,#4915,#4916,#4917,#4918,#4919,#4920,#4921,#4922,#4923),
(#4924,#4925,#4926,#4927,#4928,#4929,#4930,#4931,#4932,#4933,#4934,#4935,
#4936,#4937,#4938,#4939,#4940),(#4941,#4942,#4943,#4944,#4945,#4946,#4947,
#4948,#4949,#4950,#4951,#4952,#4953,#4954,#4955,#4956,#4957),(#4958,#4959,
#4960,#4961,#4962,#4963,#4964,#4965,#4966,#4967,#4968,#4969,#4970,#4971,
#4972,#4973,#4974),(#4975,#4976,#4977,#4978,#4979,#4980,#4981,#4982,#4983,
#4984,#4985,#4986,#4987,#4988,#4989,#4990,#4991),(#4992,#4993,#4994,#4995,
#4996,#4997,#4998,#4999,#5000,#5001,#5002,#5003,#5004,#5005,#5006,#5007,
#5008),(#5009,#5010,#5011,#5012,#5013,#5014,#5015,#5016,#5017,#5018,#5019,
#5020,#5021,#5022,#5023,#5024,#5025),(#5026,#5027,#5028,#5029,#5030,#5031,
#5032,#5033,#5034,#5035,#5036,#5037,#5038,#5039,#5040,#5041,#5042),(#5043,
#5044,#5045,#5046,#5047,#5048,#5049,#5050,#5051,#5052,#5053,#5054,#5055,
#5056,#5057,#5058,#5059),(#5060,#5061,#5062,#5063,#5064,#5065,#5066,#5067,
#5068,#5069,#5070,#5071,#5072,#5073,#5074,#5075,#5076),(#5077,#5078,#5079,
#5080,#5081,#5082,#5083,#5084,#5085,#5086,#5087,#5088,#5089,#5090,#5091,
#5092,#5093)),.UNSPECIFIED.,.F.,.T.,.F.,(4,1,1,1,1,1,1,1,4),(4,1,1,1,1,
1,1,1,1,1,1,1,1,1,4),(0.,0.214285714285714,0.285714285714286,0.428571428571429,
0.571428571428571,0.714285714285714,0.857142857142857,0.892857142857143,
1.),(0.,0.160832428217175,0.321664856434349,0.482497284651524,0.643329712868698,
0.804162141085873,0.964994569303047,1.23304861633167,1.2866594257374,1.44749185395457,
1.60832428217175,1.76915671038892,1.92998913860609,2.09082156682327,2.25165399504044),
 .UNSPECIFIED.);
#191=B_SPLINE_SURFACE_WITH_KNOTS('',3,3,((#5217,#5218,#5219,#5220,#5221,
#5222,#5223,#5224,#5225,#5226,#5227,#5228,#5229,#5230,#5231,#5232,#5233),
(#5234,#5235,#5236,#5237,#5238,#5239,#5240,#5241,#5242,#5243,#5244,#5245,
#5246,#5247,#5248,#5249,#5250),(#5251,#5252,#5253,#5254,#5255,#5256,#5257,
#5258,#5259,#5260,#5261,#5262,#5263,#5264,#5265,#5266,#5267),(#5268,#5269,
#5270,#5271,#5272,#5273,#5274,#5275,#5276,#5277,#5278,#5279,#5280,#5281,
#5282,#5283,#5284),(#5285,#5286,#5287,#5288,#5289,#5290,#5291,#5292,#5293,
#5294,#5295,#5296,#5297,#5298,#5299,#5300,#5301),(#5302,#5303,#5304,#5305,
#5306,#5307,#5308,#5309,#5310,#5311,#5312,#5313,#5314,#5315,#5316,#5317,
#5318),(#5319,#5320,#5321,#5322,#5323,#5324,#5325,#5326,#5327,#5328,#5329,
#5330,#5331,#5332,#5333,#5334,#5335),(#5336,#5337,#5338,#5339,#5340,#5341,
#5342,#5343,#5344,#5345,#5346,#5347,#5348,#5349,#5350,#5351,#5352),(#5353,
#5354,#5355,#5356,#5357,#5358,#5359,#5360,#5361,#5362,#5363,#5364,#5365,
#5366,#5367,#5368,#5369),(#5370,#5371,#5372,#5373,#5374,#5375,#5376,#5377,
#5378,#5379,#5380,#5381,#5382,#5383,#5384,#5385,#5386),(#5387,#5388,#5389,
#5390,#5391,#5392,#5393,#5394,#5395,#5396,#5397,#5398,#5399,#5400,#5401,
#5402,#5403)),.UNSPECIFIED.,.F.,.T.,.F.,(4,1,1,1,1,1,1,1,4),(4,1,1,1,1,
1,1,1,1,1,1,1,1,1,4),(0.,0.214285714285714,0.285714285714286,0.428571428571429,
0.571428571428571,0.714285714285714,0.857142857142857,0.892857142857143,
1.),(0.,0.160832428217175,0.321664856434349,0.482497284651524,0.643329712868699,
0.804162141085873,0.964994569303048,1.0722161881145,1.2866594257374,1.44749185395457,
1.60832428217175,1.80936481744321,1.9299891386061,2.09082156682327,2.25165399504044),
 .UNSPECIFIED.);
#192=B_SPLINE_SURFACE_WITH_KNOTS('',3,3,((#5410,#5411,#5412,#5413,#5414,
#5415,#5416,#5417,#5418,#5419,#5420,#5421,#5422,#5423,#5424,#5425,#5426),
(#5427,#5428,#5429,#5430,#5431,#5432,#5433,#5434,#5435,#5436,#5437,#5438,
#5439,#5440,#5441,#5442,#5443),(#5444,#5445,#5446,#5447,#5448,#5449,#5450,
#5451,#5452,#5453,#5454,#5455,#5456,#5457,#5458,#5459,#5460),(#5461,#5462,
#5463,#5464,#5465,#5466,#5467,#5468,#5469,#5470,#5471,#5472,#5473,#5474,
#5475,#5476,#5477),(#5478,#5479,#5480,#5481,#5482,#5483,#5484,#5485,#5486,
#5487,#5488,#5489,#5490,#5491,#5492,#5493,#5494),(#5495,#5496,#5497,#5498,
#5499,#5500,#5501,#5502,#5503,#5504,#5505,#5506,#5507,#5508,#5509,#5510,
#5511),(#5512,#5513,#5514,#5515,#5516,#5517,#5518,#5519,#5520,#5521,#5522,
#5523,#5524,#5525,#5526,#5527,#5528),(#5529,#5530,#5531,#5532,#5533,#5534,
#5535,#5536,#5537,#5538,#5539,#5540,#5541,#5542,#5543,#5544,#5545),(#5546,
#5547,#5548,#5549,#5550,#5551,#5552,#5553,#5554,#5555,#5556,#5557,#5558,
#5559,#5560,#5561,#5562),(#5563,#5564,#5565,#5566,#5567,#5568,#5569,#5570,
#5571,#5572,#5573,#5574,#5575,#5576,#5577,#5578,#5579),(#5580,#5581,#5582,
#5583,#5584,#5585,#5586,#5587,#5588,#5589,#5590,#5591,#5592,#5593,#5594,
#5595,#5596)),.UNSPECIFIED.,.F.,.T.,.F.,(4,1,1,1,1,1,1,1,4),(4,1,1,1,1,
1,1,1,1,1,1,1,1,1,4),(0.,0.214285714285714,0.285714285714286,0.428571428571429,
0.571428571428571,0.714285714285714,0.857142857142857,0.892857142857143,
1.),(0.,0.160832428217174,0.321664856434348,0.442289177597229,0.643329712868696,
0.804162141085871,0.964994569303045,1.17943780692594,1.28665942573739,1.44749185395457,
1.60832428217174,1.76915671038892,1.92998913860609,2.09082156682326,2.25165399504044),
 .UNSPECIFIED.);
#193=B_SPLINE_SURFACE_WITH_KNOTS('',3,3,((#5603,#5604,#5605,#5606,#5607,
#5608,#5609,#5610,#5611,#5612,#5613,#5614,#5615,#5616,#5617,#5618,#5619),
(#5620,#5621,#5622,#5623,#5624,#5625,#5626,#5627,#5628,#5629,#5630,#5631,
#5632,#5633,#5634,#5635,#5636),(#5637,#5638,#5639,#5640,#5641,#5642,#5643,
#5644,#5645,#5646,#5647,#5648,#5649,#5650,#5651,#5652,#5653),(#5654,#5655,
#5656,#5657,#5658,#5659,#5660,#5661,#5662,#5663,#5664,#5665,#5666,#5667,
#5668,#5669,#5670),(#5671,#5672,#5673,#5674,#5675,#5676,#5677,#5678,#5679,
#5680,#5681,#5682,#5683,#5684,#5685,#5686,#5687),(#5688,#5689,#5690,#5691,
#5692,#5693,#5694,#5695,#5696,#5697,#5698,#5699,#5700,#5701,#5702,#5703,
#5704),(#5705,#5706,#5707,#5708,#5709,#5710,#5711,#5712,#5713,#5714,#5715,
#5716,#5717,#5718,#5719,#5720,#5721),(#5722,#5723,#5724,#5725,#5726,#5727,
#5728,#5729,#5730,#5731,#5732,#5733,#5734,#5735,#5736,#5737,#5738),(#5739,
#5740,#5741,#5742,#5743,#5744,#5745,#5746,#5747,#5748,#5749,#5750,#5751,
#5752,#5753,#5754,#5755),(#5756,#5757,#5758,#5759,#5760,#5761,#5762,#5763,
#5764,#5765,#5766,#5767,#5768,#5769,#5770,#5771,#5772),(#5773,#5774,#5775,
#5776,#5777,#5778,#5779,#5780,#5781,#5782,#5783,#5784,#5785,#5786,#5787,
#5788,#5789)),.UNSPECIFIED.,.F.,.T.,.F.,(4,1,1,1,1,1,1,1,4),(4,1,1,1,1,
1,1,1,1,1,1,1,1,1,4),(0.,0.214285714285714,0.285714285714286,0.428571428571429,
0.571428571428571,0.714285714285714,0.857142857142857,0.892857142857143,
1.),(0.,0.160832428217174,0.321664856434348,0.482497284651523,0.643329712868697,
0.804162141085871,0.964994569303045,1.01860537870877,1.28665942573739,1.44749185395457,
1.60832428217174,1.76915671038892,1.92998913860609,2.09082156682326,2.25165399504044),
 .UNSPECIFIED.);
#194=B_SPLINE_SURFACE_WITH_KNOTS('',3,3,((#5796,#5797,#5798,#5799,#5800,
#5801,#5802,#5803,#5804,#5805,#5806,#5807,#5808,#5809,#5810,#5811,#5812),
(#5813,#5814,#5815,#5816,#5817,#5818,#5819,#5820,#5821,#5822,#5823,#5824,
#5825,#5826,#5827,#5828,#5829),(#5830,#5831,#5832,#5833,#5834,#5835,#5836,
#5837,#5838,#5839,#5840,#5841,#5842,#5843,#5844,#5845,#5846),(#5847,#5848,
#5849,#5850,#5851,#5852,#5853,#5854,#5855,#5856,#5857,#5858,#5859,#5860,
#5861,#5862,#5863),(#5864,#5865,#5866,#5867,#5868,#5869,#5870,#5871,#5872,
#5873,#5874,#5875,#5876,#5877,#5878,#5879,#5880),(#5881,#5882,#5883,#5884,
#5885,#5886,#5887,#5888,#5889,#5890,#5891,#5892,#5893,#5894,#5895,#5896,
#5897),(#5898,#5899,#5900,#5901,#5902,#5903,#5904,#5905,#5906,#5907,#5908,
#5909,#5910,#5911,#5912,#5913,#5914),(#5915,#5916,#5917,#5918,#5919,#5920,
#5921,#5922,#5923,#5924,#5925,#5926,#5927,#5928,#5929,#5930,#5931),(#5932,
#5933,#5934,#5935,#5936,#5937,#5938,#5939,#5940,#5941,#5942,#5943,#5944,
#5945,#5946,#5947,#5948),(#5949,#5950,#5951,#5952,#5953,#5954,#5955,#5956,
#5957,#5958,#5959,#5960,#5961,#5962,#5963,#5964,#5965),(#5966,#5967,#5968,
#5969,#5970,#5971,#5972,#5973,#5974,#5975,#5976,#5977,#5978,#5979,#5980,
#5981,#5982)),.UNSPECIFIED.,.F.,.T.,.F.,(4,1,1,1,1,1,1,1,4),(4,1,1,1,1,
1,1,1,1,1,1,1,1,1,4),(0.,0.214285714285714,0.285714285714286,0.428571428571429,
0.571428571428571,0.714285714285714,0.857142857142857,0.892857142857143,
1.),(0.,0.160832428217175,0.321664856434349,0.482497284651524,0.643329712868698,
0.804162141085873,0.964994569303047,1.23304861633167,1.2866594257374,1.44749185395457,
1.60832428217175,1.76915671038892,1.92998913860609,2.09082156682327,2.25165399504044),
 .UNSPECIFIED.);
#195=B_SPLINE_SURFACE_WITH_KNOTS('',3,3,((#5989,#5990,#5991,#5992,#5993,
#5994,#5995,#5996,#5997,#5998,#5999,#6000,#6001,#6002,#6003,#6004,#6005),
(#6006,#6007,#6008,#6009,#6010,#6011,#6012,#6013,#6014,#6015,#6016,#6017,
#6018,#6019,#6020,#6021,#6022),(#6023,#6024,#6025,#6026,#6027,#6028,#6029,
#6030,#6031,#6032,#6033,#6034,#6035,#6036,#6037,#6038,#6039),(#6040,#6041,
#6042,#6043,#6044,#6045,#6046,#6047,#6048,#6049,#6050,#6051,#6052,#6053,
#6054,#6055,#6056),(#6057,#6058,#6059,#6060,#6061,#6062,#6063,#6064,#6065,
#6066,#6067,#6068,#6069,#6070,#6071,#6072,#6073),(#6074,#6075,#6076,#6077,
#6078,#6079,#6080,#6081,#6082,#6083,#6084,#6085,#6086,#6087,#6088,#6089,
#6090),(#6091,#6092,#6093,#6094,#6095,#6096,#6097,#6098,#6099,#6100,#6101,
#6102,#6103,#6104,#6105,#6106,#6107),(#6108,#6109,#6110,#6111,#6112,#6113,
#6114,#6115,#6116,#6117,#6118,#6119,#6120,#6121,#6122,#6123,#6124),(#6125,
#6126,#6127,#6128,#6129,#6130,#6131,#6132,#6133,#6134,#6135,#6136,#6137,
#6138,#6139,#6140,#6141),(#6142,#6143,#6144,#6145,#6146,#6147,#6148,#6149,
#6150,#6151,#6152,#6153,#6154,#6155,#6156,#6157,#6158),(#6159,#6160,#6161,
#6162,#6163,#6164,#6165,#6166,#6167,#6168,#6169,#6170,#6171,#6172,#6173,
#6174,#6175)),.UNSPECIFIED.,.F.,.T.,.F.,(4,1,1,1,1,1,1,1,4),(4,1,1,1,1,
1,1,1,1,1,1,1,1,1,4),(0.,0.214285714285714,0.285714285714286,0.428571428571429,
0.571428571428571,0.714285714285714,0.857142857142857,0.892857142857143,
1.),(0.,0.160832428217175,0.321664856434349,0.44228917759723,0.643329712868698,
0.804162141085873,0.964994569303047,1.17943780692595,1.2866594257374,1.44749185395457,
1.60832428217175,1.76915671038892,1.92998913860609,2.09082156682327,2.25165399504044),
 .UNSPECIFIED.);
#196=B_SPLINE_SURFACE_WITH_KNOTS('',3,3,((#6182,#6183,#6184,#6185,#6186,
#6187,#6188,#6189,#6190,#6191,#6192,#6193,#6194,#6195,#6196,#6197),(#6198,
#6199,#6200,#6201,#6202,#6203,#6204,#6205,#6206,#6207,#6208,#6209,#6210,
#6211,#6212,#6213),(#6214,#6215,#6216,#6217,#6218,#6219,#6220,#6221,#6222,
#6223,#6224,#6225,#6226,#6227,#6228,#6229),(#6230,#6231,#6232,#6233,#6234,
#6235,#6236,#6237,#6238,#6239,#6240,#6241,#6242,#6243,#6244,#6245),(#6246,
#6247,#6248,#6249,#6250,#6251,#6252,#6253,#6254,#6255,#6256,#6257,#6258,
#6259,#6260,#6261),(#6262,#6263,#6264,#6265,#6266,#6267,#6268,#6269,#6270,
#6271,#6272,#6273,#6274,#6275,#6276,#6277),(#6278,#6279,#6280,#6281,#6282,
#6283,#6284,#6285,#6286,#6287,#6288,#6289,#6290,#6291,#6292,#6293),(#6294,
#6295,#6296,#6297,#6298,#6299,#6300,#6301,#6302,#6303,#6304,#6305,#6306,
#6307,#6308,#6309),(#6310,#6311,#6312,#6313,#6314,#6315,#6316,#6317,#6318,
#6319,#6320,#6321,#6322,#6323,#6324,#6325),(#6326,#6327,#6328,#6329,#6330,
#6331,#6332,#6333,#6334,#6335,#6336,#6337,#6338,#6339,#6340,#6341),(#6342,
#6343,#6344,#6345,#6346,#6347,#6348,#6349,#6350,#6351,#6352,#6353,#6354,
#6355,#6356,#6357)),.UNSPECIFIED.,.F.,.T.,.F.,(4,1,1,1,1,1,1,1,4),(4,1,
1,1,1,1,1,1,1,1,1,1,1,4),(0.,0.214285714285714,0.285714285714286,0.428571428571429,
0.571428571428571,0.714285714285714,0.857142857142857,0.892857142857143,
1.),(0.,0.16753377939289,0.33506755878578,0.502601338178669,0.670135117571559,
0.837668896964449,1.00520267635734,1.34027023514312,1.50780401453601,1.6753377939289,
1.84287157332179,2.01040535271468,2.17793913210757,2.34547291150046),
 .UNSPECIFIED.);
#197=B_SPLINE_SURFACE_WITH_KNOTS('',3,3,((#6594,#6595,#6596,#6597,#6598,
#6599,#6600,#6601,#6602,#6603,#6604,#6605,#6606,#6607,#6608,#6609),(#6610,
#6611,#6612,#6613,#6614,#6615,#6616,#6617,#6618,#6619,#6620,#6621,#6622,
#6623,#6624,#6625),(#6626,#6627,#6628,#6629,#6630,#6631,#6632,#6633,#6634,
#6635,#6636,#6637,#6638,#6639,#6640,#6641),(#6642,#6643,#6644,#6645,#6646,
#6647,#6648,#6649,#6650,#6651,#6652,#6653,#6654,#6655,#6656,#6657),(#6658,
#6659,#6660,#6661,#6662,#6663,#6664,#6665,#6666,#6667,#6668,#6669,#6670,
#6671,#6672,#6673),(#6674,#6675,#6676,#6677,#6678,#6679,#6680,#6681,#6682,
#6683,#6684,#6685,#6686,#6687,#6688,#6689),(#6690,#6691,#6692,#6693,#6694,
#6695,#6696,#6697,#6698,#6699,#6700,#6701,#6702,#6703,#6704,#6705),(#6706,
#6707,#6708,#6709,#6710,#6711,#6712,#6713,#6714,#6715,#6716,#6717,#6718,
#6719,#6720,#6721),(#6722,#6723,#6724,#6725,#6726,#6727,#6728,#6729,#6730,
#6731,#6732,#6733,#6734,#6735,#6736,#6737),(#6738,#6739,#6740,#6741,#6742,
#6743,#6744,#6745,#6746,#6747,#6748,#6749,#6750,#6751,#6752,#6753),(#6754,
#6755,#6756,#6757,#6758,#6759,#6760,#6761,#6762,#6763,#6764,#6765,#6766,
#6767,#6768,#6769)),.UNSPECIFIED.,.F.,.T.,.F.,(4,1,1,1,1,1,1,1,4),(4,1,
1,1,1,1,1,1,1,1,1,1,1,4),(0.,0.214285714285714,0.285714285714286,0.428571428571429,
0.571428571428571,0.714285714285714,0.857142857142857,0.892857142857143,
1.),(0.,0.16753377939289,0.335067558785779,0.502601338178669,0.670135117571559,
0.837668896964448,1.00520267635734,1.34027023514312,1.50780401453601,1.6753377939289,
1.84287157332179,2.01040535271468,2.17793913210757,2.34547291150046),
 .UNSPECIFIED.);
#198=B_SPLINE_SURFACE_WITH_KNOTS('',3,3,((#6776,#6777,#6778,#6779,#6780,
#6781,#6782,#6783,#6784,#6785,#6786,#6787,#6788,#6789,#6790,#6791),(#6792,
#6793,#6794,#6795,#6796,#6797,#6798,#6799,#6800,#6801,#6802,#6803,#6804,
#6805,#6806,#6807),(#6808,#6809,#6810,#6811,#6812,#6813,#6814,#6815,#6816,
#6817,#6818,#6819,#6820,#6821,#6822,#6823),(#6824,#6825,#6826,#6827,#6828,
#6829,#6830,#6831,#6832,#6833,#6834,#6835,#6836,#6837,#6838,#6839),(#6840,
#6841,#6842,#6843,#6844,#6845,#6846,#6847,#6848,#6849,#6850,#6851,#6852,
#6853,#6854,#6855),(#6856,#6857,#6858,#6859,#6860,#6861,#6862,#6863,#6864,
#6865,#6866,#6867,#6868,#6869,#6870,#6871),(#6872,#6873,#6874,#6875,#6876,
#6877,#6878,#6879,#6880,#6881,#6882,#6883,#6884,#6885,#6886,#6887),(#6888,
#6889,#6890,#6891,#6892,#6893,#6894,#6895,#6896,#6897,#6898,#6899,#6900,
#6901,#6902,#6903),(#6904,#6905,#6906,#6907,#6908,#6909,#6910,#6911,#6912,
#6913,#6914,#6915,#6916,#6917,#6918,#6919),(#6920,#6921,#6922,#6923,#6924,
#6925,#6926,#6927,#6928,#6929,#6930,#6931,#6932,#6933,#6934,#6935),(#6936,
#6937,#6938,#6939,#6940,#6941,#6942,#6943,#6944,#6945,#6946,#6947,#6948,
#6949,#6950,#6951)),.UNSPECIFIED.,.F.,.T.,.F.,(4,1,1,1,1,1,1,1,4),(4,1,
1,1,1,1,1,1,1,1,1,1,1,4),(0.,0.214285714285714,0.285714285714286,0.428571428571429,
0.571428571428571,0.714285714285714,0.857142857142857,0.892857142857143,
1.),(0.,0.16753377939289,0.335067558785779,0.502601338178669,0.670135117571559,
0.837668896964449,1.00520267635734,1.34027023514312,1.50780401453601,1.6753377939289,
1.84287157332179,2.01040535271468,2.17793913210757,2.34547291150046),
 .UNSPECIFIED.);
#199=B_SPLINE_SURFACE_WITH_KNOTS('',3,3,((#7056,#7057,#7058,#7059,#7060,
#7061,#7062,#7063,#7064,#7065,#7066,#7067,#7068,#7069,#7070,#7071,#7072,
#7073,#7074,#7075,#7076,#7077,#7078,#7079),(#7080,#7081,#7082,#7083,#7084,
#7085,#7086,#7087,#7088,#7089,#7090,#7091,#7092,#7093,#7094,#7095,#7096,
#7097,#7098,#7099,#7100,#7101,#7102,#7103),(#7104,#7105,#7106,#7107,#7108,
#7109,#7110,#7111,#7112,#7113,#7114,#7115,#7116,#7117,#7118,#7119,#7120,
#7121,#7122,#7123,#7124,#7125,#7126,#7127),(#7128,#7129,#7130,#7131,#7132,
#7133,#7134,#7135,#7136,#7137,#7138,#7139,#7140,#7141,#7142,#7143,#7144,
#7145,#7146,#7147,#7148,#7149,#7150,#7151)),.UNSPECIFIED.,.F.,.F.,.F.,(4,
4),(4,1,1,1,1,1,1,1,1,1,1,1,1,1,1,1,1,1,1,1,1,4),(0.,0.032158409993862),
(11.8553612635789,12.8491769023072,13.8429925410355,14.8368081797638,15.8306238184921,
16.8244394572204,17.8182550959487,18.812070734677,19.8058863734053,20.7997020121335,
21.7935176508618,22.7873332895901,23.7811489283184,24.7749645670467,25.768780205775,
26.7625958445033,27.7564114832316,28.7502271219599,29.7440427606882,30.7378583994165,
31.7316740381448,32.7254896768731),.UNSPECIFIED.);
#200=B_SPLINE_SURFACE_WITH_KNOTS('',3,3,((#7338,#7339,#7340,#7341,#7342,
#7343,#7344,#7345,#7346,#7347,#7348,#7349,#7350,#7351,#7352,#7353,#7354,
#7355,#7356,#7357,#7358,#7359,#7360,#7361),(#7362,#7363,#7364,#7365,#7366,
#7367,#7368,#7369,#7370,#7371,#7372,#7373,#7374,#7375,#7376,#7377,#7378,
#7379,#7380,#7381,#7382,#7383,#7384,#7385),(#7386,#7387,#7388,#7389,#7390,
#7391,#7392,#7393,#7394,#7395,#7396,#7397,#7398,#7399,#7400,#7401,#7402,
#7403,#7404,#7405,#7406,#7407,#7408,#7409),(#7410,#7411,#7412,#7413,#7414,
#7415,#7416,#7417,#7418,#7419,#7420,#7421,#7422,#7423,#7424,#7425,#7426,
#7427,#7428,#7429,#7430,#7431,#7432,#7433)),.UNSPECIFIED.,.F.,.F.,.F.,(4,
4),(4,1,1,1,1,1,1,1,1,1,1,1,1,1,1,1,1,1,1,1,1,4),(0.,0.032158409993862),
(14.3984001269713,15.3922157656996,16.3860314044279,17.3798470431562,18.3736626818845,
19.3674783206128,20.3612939593411,21.3551095980694,22.3489252367977,23.342740875526,
24.3365565142543,25.3303721529826,26.3241877917109,27.3180034304392,28.3118190691675,
29.3056347078958,30.2994503466241,31.2932659853523,32.2870816240806,33.2808972628089,
34.2747129015372,35.2685285402655),.UNSPECIFIED.);
#201=B_SPLINE_SURFACE_WITH_KNOTS('',3,3,((#7809,#7810,#7811,#7812,#7813,
#7814,#7815,#7816,#7817,#7818,#7819,#7820,#7821,#7822,#7823,#7824,#7825,
#7826,#7827,#7828,#7829,#7830,#7831,#7832),(#7833,#7834,#7835,#7836,#7837,
#7838,#7839,#7840,#7841,#7842,#7843,#7844,#7845,#7846,#7847,#7848,#7849,
#7850,#7851,#7852,#7853,#7854,#7855,#7856),(#7857,#7858,#7859,#7860,#7861,
#7862,#7863,#7864,#7865,#7866,#7867,#7868,#7869,#7870,#7871,#7872,#7873,
#7874,#7875,#7876,#7877,#7878,#7879,#7880),(#7881,#7882,#7883,#7884,#7885,
#7886,#7887,#7888,#7889,#7890,#7891,#7892,#7893,#7894,#7895,#7896,#7897,
#7898,#7899,#7900,#7901,#7902,#7903,#7904)),.UNSPECIFIED.,.F.,.F.,.F.,(4,
4),(4,1,1,1,1,1,1,1,1,1,1,1,1,1,1,1,1,1,1,1,1,4),(0.,0.032158409993862),
(11.8553612635796,12.8491769023078,13.8429925410361,14.8368081797644,15.8306238184926,
16.8244394572209,17.8182550959491,18.8120707346774,19.8058863734057,20.7997020121339,
21.7935176508622,22.7873332895904,23.7811489283187,24.774964567047,25.7687802057752,
26.7625958445035,27.7564114832317,28.75022712196,29.7440427606883,30.7378583994165,
31.7316740381448,32.7254896768731),.UNSPECIFIED.);
#202=B_SPLINE_SURFACE_WITH_KNOTS('',3,3,((#8009,#8010,#8011,#8012,#8013,
#8014,#8015,#8016,#8017,#8018,#8019,#8020,#8021,#8022,#8023,#8024,#8025,
#8026,#8027,#8028,#8029,#8030,#8031,#8032),(#8033,#8034,#8035,#8036,#8037,
#8038,#8039,#8040,#8041,#8042,#8043,#8044,#8045,#8046,#8047,#8048,#8049,
#8050,#8051,#8052,#8053,#8054,#8055,#8056),(#8057,#8058,#8059,#8060,#8061,
#8062,#8063,#8064,#8065,#8066,#8067,#8068,#8069,#8070,#8071,#8072,#8073,
#8074,#8075,#8076,#8077,#8078,#8079,#8080),(#8081,#8082,#8083,#8084,#8085,
#8086,#8087,#8088,#8089,#8090,#8091,#8092,#8093,#8094,#8095,#8096,#8097,
#8098,#8099,#8100,#8101,#8102,#8103,#8104)),.UNSPECIFIED.,.F.,.F.,.F.,(4,
4),(4,1,1,1,1,1,1,1,1,1,1,1,1,1,1,1,1,1,1,1,1,4),(0.,0.032158409993862),
(14.398400126972,15.3922157657003,16.3860314044285,17.3798470431568,18.3736626818851,
19.3674783206133,20.3612939593416,21.3551095980698,22.3489252367981,23.3427408755264,
24.3365565142546,25.3303721529829,26.3241877917112,27.3180034304394,28.3118190691677,
29.305634707896,30.2994503466242,31.2932659853525,32.2870816240807,33.280897262809,
34.2747129015373,35.2685285402655),.UNSPECIFIED.);
#203=B_SPLINE_SURFACE_WITH_KNOTS('',3,3,((#8231,#8232,#8233,#8234,#8235,
#8236,#8237,#8238,#8239,#8240,#8241,#8242,#8243,#8244,#8245,#8246,#8247,
#8248,#8249,#8250,#8251,#8252,#8253,#8254),(#8255,#8256,#8257,#8258,#8259,
#8260,#8261,#8262,#8263,#8264,#8265,#8266,#8267,#8268,#8269,#8270,#8271,
#8272,#8273,#8274,#8275,#8276,#8277,#8278),(#8279,#8280,#8281,#8282,#8283,
#8284,#8285,#8286,#8287,#8288,#8289,#8290,#8291,#8292,#8293,#8294,#8295,
#8296,#8297,#8298,#8299,#8300,#8301,#8302),(#8303,#8304,#8305,#8306,#8307,
#8308,#8309,#8310,#8311,#8312,#8313,#8314,#8315,#8316,#8317,#8318,#8319,
#8320,#8321,#8322,#8323,#8324,#8325,#8326)),.UNSPECIFIED.,.F.,.F.,.F.,(4,
4),(4,1,1,1,1,1,1,1,1,1,1,1,1,1,1,1,1,1,1,1,1,4),(0.,0.032158409993862),
(11.8553612635794,12.8491769023076,13.8429925410358,14.8368081797641,15.8306238184923,
16.8244394572206,17.8182550959488,18.812070734677,19.8058863734053,20.7997020121335,
21.7935176508618,22.78733328959,23.7811489283182,24.7749645670465,25.7687802057747,
26.7625958445029,27.7564114832312,28.7502271219594,29.7440427606877,30.7378583994159,
31.7316740381441,32.7254896768724),.UNSPECIFIED.);
#204=B_SPLINE_SURFACE_WITH_KNOTS('',3,3,((#8513,#8514,#8515,#8516,#8517,
#8518,#8519,#8520,#8521,#8522,#8523,#8524,#8525,#8526,#8527,#8528,#8529,
#8530,#8531,#8532,#8533,#8534,#8535,#8536),(#8537,#8538,#8539,#8540,#8541,
#8542,#8543,#8544,#8545,#8546,#8547,#8548,#8549,#8550,#8551,#8552,#8553,
#8554,#8555,#8556,#8557,#8558,#8559,#8560),(#8561,#8562,#8563,#8564,#8565,
#8566,#8567,#8568,#8569,#8570,#8571,#8572,#8573,#8574,#8575,#8576,#8577,
#8578,#8579,#8580,#8581,#8582,#8583,#8584),(#8585,#8586,#8587,#8588,#8589,
#8590,#8591,#8592,#8593,#8594,#8595,#8596,#8597,#8598,#8599,#8600,#8601,
#8602,#8603,#8604,#8605,#8606,#8607,#8608)),.UNSPECIFIED.,.F.,.F.,.F.,(4,
4),(4,1,1,1,1,1,1,1,1,1,1,1,1,1,1,1,1,1,1,1,1,4),(0.,0.032158409993862),
(14.3984001269718,15.3922157657,16.3860314044283,17.3798470431565,18.3736626818848,
19.367478320613,20.3612939593412,21.3551095980695,22.3489252367977,23.342740875526,
24.3365565142542,25.3303721529824,26.3241877917107,27.3180034304389,28.3118190691672,
29.3056347078954,30.2994503466237,31.2932659853519,32.2870816240801,33.2808972628084,
34.2747129015366,35.2685285402649),.UNSPECIFIED.);
#205=B_SPLINE_SURFACE_WITH_KNOTS('',3,3,((#8978,#8979,#8980,#8981,#8982,
#8983,#8984,#8985,#8986,#8987,#8988,#8989,#8990,#8991,#8992,#8993,#8994,
#8995,#8996,#8997,#8998,#8999,#9000,#9001),(#9002,#9003,#9004,#9005,#9006,
#9007,#9008,#9009,#9010,#9011,#9012,#9013,#9014,#9015,#9016,#9017,#9018,
#9019,#9020,#9021,#9022,#9023,#9024,#9025),(#9026,#9027,#9028,#9029,#9030,
#9031,#9032,#9033,#9034,#9035,#9036,#9037,#9038,#9039,#9040,#9041,#9042,
#9043,#9044,#9045,#9046,#9047,#9048,#9049),(#9050,#9051,#9052,#9053,#9054,
#9055,#9056,#9057,#9058,#9059,#9060,#9061,#9062,#9063,#9064,#9065,#9066,
#9067,#9068,#9069,#9070,#9071,#9072,#9073)),.UNSPECIFIED.,.F.,.F.,.F.,(4,
4),(4,1,1,1,1,1,1,1,1,1,1,1,1,1,1,1,1,1,1,1,1,4),(0.,0.032158409993862),
(11.8553612635794,12.8491769023076,13.8429925410359,14.8368081797641,15.8306238184924,
16.8244394572207,17.8182550959489,18.8120707346772,19.8058863734054,20.7997020121337,
21.793517650862,22.7873332895902,23.7811489283185,24.7749645670467,25.768780205775,
26.7625958445033,27.7564114832315,28.7502271219598,29.744042760688,30.7378583994163,
31.7316740381446,32.7254896768728),.UNSPECIFIED.);
#206=B_SPLINE_SURFACE_WITH_KNOTS('',3,3,((#9181,#9182,#9183,#9184,#9185,
#9186,#9187,#9188,#9189,#9190,#9191,#9192,#9193,#9194,#9195,#9196,#9197,
#9198,#9199,#9200,#9201,#9202,#9203,#9204),(#9205,#9206,#9207,#9208,#9209,
#9210,#9211,#9212,#9213,#9214,#9215,#9216,#9217,#9218,#9219,#9220,#9221,
#9222,#9223,#9224,#9225,#9226,#9227,#9228),(#9229,#9230,#9231,#9232,#9233,
#9234,#9235,#9236,#9237,#9238,#9239,#9240,#9241,#9242,#9243,#9244,#9245,
#9246,#9247,#9248,#9249,#9250,#9251,#9252),(#9253,#9254,#9255,#9256,#9257,
#9258,#9259,#9260,#9261,#9262,#9263,#9264,#9265,#9266,#9267,#9268,#9269,
#9270,#9271,#9272,#9273,#9274,#9275,#9276)),.UNSPECIFIED.,.F.,.F.,.F.,(4,
4),(4,1,1,1,1,1,1,1,1,1,1,1,1,1,1,1,1,1,1,1,1,4),(0.,0.032158409993862),
(14.3984001269718,15.3922157657,16.3860314044283,17.3798470431566,18.3736626818848,
19.3674783206131,20.3612939593414,21.3551095980696,22.3489252367979,23.3427408755262,
24.3365565142544,25.3303721529827,26.3241877917109,27.3180034304392,28.3118190691675,
29.3056347078957,30.299450346624,31.2932659853523,32.2870816240805,33.2808972628088,
34.2747129015371,35.2685285402653),.UNSPECIFIED.);
#207=FACE_OUTER_BOUND('',#371,.T.);
#208=FACE_OUTER_BOUND('',#372,.T.);
#209=FACE_OUTER_BOUND('',#373,.T.);
#210=FACE_OUTER_BOUND('',#374,.T.);
#211=FACE_OUTER_BOUND('',#375,.T.);
#212=FACE_OUTER_BOUND('',#376,.T.);
#213=FACE_OUTER_BOUND('',#377,.T.);
#214=FACE_OUTER_BOUND('',#378,.T.);
#215=FACE_OUTER_BOUND('',#379,.T.);
#216=FACE_OUTER_BOUND('',#380,.T.);
#217=FACE_OUTER_BOUND('',#381,.T.);
#218=FACE_OUTER_BOUND('',#382,.T.);
#219=FACE_OUTER_BOUND('',#383,.T.);
#220=FACE_OUTER_BOUND('',#384,.T.);
#221=FACE_OUTER_BOUND('',#385,.T.);
#222=FACE_OUTER_BOUND('',#386,.T.);
#223=FACE_OUTER_BOUND('',#387,.T.);
#224=FACE_OUTER_BOUND('',#388,.T.);
#225=FACE_OUTER_BOUND('',#389,.T.);
#226=FACE_OUTER_BOUND('',#390,.T.);
#227=FACE_OUTER_BOUND('',#391,.T.);
#228=FACE_OUTER_BOUND('',#392,.T.);
#229=FACE_OUTER_BOUND('',#393,.T.);
#230=FACE_OUTER_BOUND('',#394,.T.);
#231=FACE_OUTER_BOUND('',#395,.T.);
#232=FACE_OUTER_BOUND('',#396,.T.);
#233=FACE_OUTER_BOUND('',#403,.T.);
#234=FACE_OUTER_BOUND('',#404,.T.);
#235=FACE_OUTER_BOUND('',#405,.T.);
#236=FACE_OUTER_BOUND('',#406,.T.);
#237=FACE_OUTER_BOUND('',#407,.T.);
#238=FACE_OUTER_BOUND('',#408,.T.);
#239=FACE_OUTER_BOUND('',#409,.T.);
#240=FACE_OUTER_BOUND('',#432,.T.);
#241=FACE_OUTER_BOUND('',#433,.T.);
#242=FACE_OUTER_BOUND('',#434,.T.);
#243=FACE_OUTER_BOUND('',#435,.T.);
#244=FACE_OUTER_BOUND('',#436,.T.);
#245=FACE_OUTER_BOUND('',#437,.T.);
#246=FACE_OUTER_BOUND('',#438,.T.);
#247=FACE_OUTER_BOUND('',#439,.T.);
#248=FACE_OUTER_BOUND('',#440,.T.);
#249=FACE_OUTER_BOUND('',#441,.T.);
#250=FACE_OUTER_BOUND('',#442,.T.);
#251=FACE_OUTER_BOUND('',#443,.T.);
#252=FACE_OUTER_BOUND('',#444,.T.);
#253=FACE_OUTER_BOUND('',#445,.T.);
#254=FACE_OUTER_BOUND('',#446,.T.);
#255=FACE_OUTER_BOUND('',#447,.T.);
#256=FACE_OUTER_BOUND('',#448,.T.);
#257=FACE_OUTER_BOUND('',#449,.T.);
#258=FACE_OUTER_BOUND('',#450,.T.);
#259=FACE_OUTER_BOUND('',#451,.T.);
#260=FACE_OUTER_BOUND('',#452,.T.);
#261=FACE_OUTER_BOUND('',#453,.T.);
#262=FACE_OUTER_BOUND('',#454,.T.);
#263=FACE_OUTER_BOUND('',#455,.T.);
#264=FACE_OUTER_BOUND('',#456,.T.);
#265=FACE_OUTER_BOUND('',#459,.T.);
#266=FACE_OUTER_BOUND('',#460,.T.);
#267=FACE_OUTER_BOUND('',#461,.T.);
#268=FACE_OUTER_BOUND('',#462,.T.);
#269=FACE_OUTER_BOUND('',#463,.T.);
#270=FACE_OUTER_BOUND('',#464,.T.);
#271=FACE_OUTER_BOUND('',#465,.T.);
#272=FACE_OUTER_BOUND('',#468,.T.);
#273=FACE_OUTER_BOUND('',#469,.T.);
#274=FACE_OUTER_BOUND('',#470,.T.);
#275=FACE_OUTER_BOUND('',#471,.T.);
#276=FACE_OUTER_BOUND('',#472,.T.);
#277=FACE_OUTER_BOUND('',#473,.T.);
#278=FACE_OUTER_BOUND('',#474,.T.);
#279=FACE_OUTER_BOUND('',#475,.T.);
#280=FACE_OUTER_BOUND('',#476,.T.);
#281=FACE_OUTER_BOUND('',#477,.T.);
#282=FACE_OUTER_BOUND('',#478,.T.);
#283=FACE_OUTER_BOUND('',#479,.T.);
#284=FACE_OUTER_BOUND('',#480,.T.);
#285=FACE_OUTER_BOUND('',#481,.T.);
#286=FACE_OUTER_BOUND('',#482,.T.);
#287=FACE_OUTER_BOUND('',#483,.T.);
#288=FACE_OUTER_BOUND('',#484,.T.);
#289=FACE_OUTER_BOUND('',#485,.T.);
#290=FACE_OUTER_BOUND('',#486,.T.);
#291=FACE_OUTER_BOUND('',#487,.T.);
#292=FACE_OUTER_BOUND('',#488,.T.);
#293=FACE_OUTER_BOUND('',#489,.T.);
#294=FACE_OUTER_BOUND('',#490,.T.);
#295=FACE_OUTER_BOUND('',#491,.T.);
#296=FACE_OUTER_BOUND('',#492,.T.);
#297=FACE_OUTER_BOUND('',#493,.T.);
#298=FACE_OUTER_BOUND('',#494,.T.);
#299=FACE_OUTER_BOUND('',#495,.T.);
#300=FACE_OUTER_BOUND('',#496,.T.);
#301=FACE_OUTER_BOUND('',#497,.T.);
#302=FACE_OUTER_BOUND('',#498,.T.);
#303=FACE_OUTER_BOUND('',#499,.T.);
#304=FACE_OUTER_BOUND('',#500,.T.);
#305=FACE_OUTER_BOUND('',#501,.T.);
#306=FACE_OUTER_BOUND('',#502,.T.);
#307=FACE_OUTER_BOUND('',#503,.T.);
#308=FACE_OUTER_BOUND('',#504,.T.);
#309=FACE_OUTER_BOUND('',#505,.T.);
#310=FACE_OUTER_BOUND('',#506,.T.);
#311=FACE_OUTER_BOUND('',#507,.T.);
#312=FACE_OUTER_BOUND('',#508,.T.);
#313=FACE_OUTER_BOUND('',#509,.T.);
#314=FACE_OUTER_BOUND('',#510,.T.);
#315=FACE_OUTER_BOUND('',#511,.T.);
#316=FACE_OUTER_BOUND('',#512,.T.);
#317=FACE_OUTER_BOUND('',#513,.T.);
#318=FACE_OUTER_BOUND('',#514,.T.);
#319=FACE_OUTER_BOUND('',#515,.T.);
#320=FACE_OUTER_BOUND('',#516,.T.);
#321=FACE_OUTER_BOUND('',#517,.T.);
#322=FACE_OUTER_BOUND('',#518,.T.);
#323=FACE_OUTER_BOUND('',#519,.T.);
#324=FACE_OUTER_BOUND('',#520,.T.);
#325=FACE_OUTER_BOUND('',#521,.T.);
#326=FACE_OUTER_BOUND('',#522,.T.);
#327=FACE_OUTER_BOUND('',#523,.T.);
#328=FACE_OUTER_BOUND('',#524,.T.);
#329=FACE_OUTER_BOUND('',#525,.T.);
#330=FACE_OUTER_BOUND('',#526,.T.);
#331=FACE_OUTER_BOUND('',#527,.T.);
#332=FACE_OUTER_BOUND('',#528,.T.);
#333=FACE_OUTER_BOUND('',#529,.T.);
#334=FACE_OUTER_BOUND('',#530,.T.);
#335=FACE_OUTER_BOUND('',#553,.T.);
#336=FACE_OUTER_BOUND('',#554,.T.);
#337=FACE_OUTER_BOUND('',#555,.T.);
#338=FACE_OUTER_BOUND('',#556,.T.);
#339=FACE_OUTER_BOUND('',#557,.T.);
#340=FACE_OUTER_BOUND('',#560,.T.);
#341=FACE_OUTER_BOUND('',#561,.T.);
#342=FACE_OUTER_BOUND('',#562,.T.);
#343=FACE_OUTER_BOUND('',#563,.T.);
#344=FACE_OUTER_BOUND('',#566,.T.);
#345=FACE_OUTER_BOUND('',#567,.T.);
#346=FACE_OUTER_BOUND('',#574,.T.);
#347=FACE_OUTER_BOUND('',#575,.T.);
#348=FACE_OUTER_BOUND('',#576,.T.);
#349=FACE_OUTER_BOUND('',#577,.T.);
#350=FACE_OUTER_BOUND('',#578,.T.);
#351=FACE_OUTER_BOUND('',#579,.T.);
#352=FACE_OUTER_BOUND('',#580,.T.);
#353=FACE_OUTER_BOUND('',#581,.T.);
#354=FACE_OUTER_BOUND('',#582,.T.);
#355=FACE_OUTER_BOUND('',#583,.T.);
#356=FACE_OUTER_BOUND('',#584,.T.);
#357=FACE_OUTER_BOUND('',#585,.T.);
#358=FACE_OUTER_BOUND('',#586,.T.);
#359=FACE_OUTER_BOUND('',#587,.T.);
#360=FACE_OUTER_BOUND('',#588,.T.);
#361=FACE_OUTER_BOUND('',#589,.T.);
#362=FACE_OUTER_BOUND('',#590,.T.);
#363=FACE_OUTER_BOUND('',#591,.T.);
#364=FACE_OUTER_BOUND('',#592,.T.);
#365=FACE_OUTER_BOUND('',#593,.T.);
#366=FACE_OUTER_BOUND('',#594,.T.);
#367=FACE_OUTER_BOUND('',#595,.T.);
#368=FACE_OUTER_BOUND('',#596,.T.);
#369=FACE_OUTER_BOUND('',#597,.T.);
#370=FACE_OUTER_BOUND('',#598,.T.);
#371=EDGE_LOOP('',(#2119,#2120,#2121,#2122));
#372=EDGE_LOOP('',(#2123,#2124,#2125,#2126));
#373=EDGE_LOOP('',(#2127,#2128,#2129,#2130));
#374=EDGE_LOOP('',(#2131,#2132,#2133,#2134));
#375=EDGE_LOOP('',(#2135,#2136,#2137,#2138));
#376=EDGE_LOOP('',(#2139,#2140,#2141,#2142));
#377=EDGE_LOOP('',(#2143,#2144,#2145,#2146));
#378=EDGE_LOOP('',(#2147,#2148,#2149,#2150));
#379=EDGE_LOOP('',(#2151,#2152,#2153,#2154));
#380=EDGE_LOOP('',(#2155,#2156,#2157,#2158));
#381=EDGE_LOOP('',(#2159,#2160,#2161,#2162));
#382=EDGE_LOOP('',(#2163,#2164,#2165,#2166));
#383=EDGE_LOOP('',(#2167,#2168,#2169,#2170));
#384=EDGE_LOOP('',(#2171,#2172,#2173,#2174));
#385=EDGE_LOOP('',(#2175,#2176,#2177,#2178));
#386=EDGE_LOOP('',(#2179,#2180,#2181,#2182));
#387=EDGE_LOOP('',(#2183,#2184,#2185,#2186));
#388=EDGE_LOOP('',(#2187,#2188,#2189,#2190));
#389=EDGE_LOOP('',(#2191,#2192,#2193,#2194));
#390=EDGE_LOOP('',(#2195,#2196,#2197,#2198));
#391=EDGE_LOOP('',(#2199,#2200,#2201,#2202));
#392=EDGE_LOOP('',(#2203,#2204,#2205,#2206));
#393=EDGE_LOOP('',(#2207,#2208,#2209,#2210));
#394=EDGE_LOOP('',(#2211,#2212,#2213,#2214));
#395=EDGE_LOOP('',(#2215,#2216,#2217,#2218));
#396=EDGE_LOOP('',(#2219,#2220,#2221,#2222));
#397=EDGE_LOOP('',(#2223));
#398=EDGE_LOOP('',(#2224));
#399=EDGE_LOOP('',(#2225));
#400=EDGE_LOOP('',(#2226));
#401=EDGE_LOOP('',(#2227));
#402=EDGE_LOOP('',(#2228));
#403=EDGE_LOOP('',(#2229,#2230,#2231,#2232));
#404=EDGE_LOOP('',(#2233,#2234,#2235,#2236));
#405=EDGE_LOOP('',(#2237,#2238,#2239,#2240));
#406=EDGE_LOOP('',(#2241,#2242,#2243,#2244));
#407=EDGE_LOOP('',(#2245,#2246,#2247,#2248));
#408=EDGE_LOOP('',(#2249,#2250,#2251,#2252));
#409=EDGE_LOOP('',(#2253,#2254,#2255,#2256,#2257,#2258,#2259,#2260,#2261,
#2262,#2263,#2264,#2265,#2266,#2267,#2268,#2269,#2270));
#410=EDGE_LOOP('',(#2271));
#411=EDGE_LOOP('',(#2272,#2273,#2274,#2275));
#412=EDGE_LOOP('',(#2276,#2277,#2278,#2279));
#413=EDGE_LOOP('',(#2280,#2281,#2282,#2283));
#414=EDGE_LOOP('',(#2284,#2285,#2286,#2287));
#415=EDGE_LOOP('',(#2288,#2289,#2290,#2291));
#416=EDGE_LOOP('',(#2292,#2293,#2294,#2295));
#417=EDGE_LOOP('',(#2296,#2297,#2298,#2299));
#418=EDGE_LOOP('',(#2300,#2301,#2302,#2303));
#419=EDGE_LOOP('',(#2304,#2305,#2306,#2307));
#420=EDGE_LOOP('',(#2308,#2309,#2310,#2311));
#421=EDGE_LOOP('',(#2312,#2313,#2314,#2315));
#422=EDGE_LOOP('',(#2316,#2317,#2318,#2319));
#423=EDGE_LOOP('',(#2320,#2321,#2322,#2323));
#424=EDGE_LOOP('',(#2324));
#425=EDGE_LOOP('',(#2325,#2326,#2327,#2328,#2329,#2330,#2331,#2332));
#426=EDGE_LOOP('',(#2333));
#427=EDGE_LOOP('',(#2334));
#428=EDGE_LOOP('',(#2335,#2336,#2337,#2338));
#429=EDGE_LOOP('',(#2339,#2340,#2341,#2342));
#430=EDGE_LOOP('',(#2343));
#431=EDGE_LOOP('',(#2344));
#432=EDGE_LOOP('',(#2345,#2346,#2347,#2348));
#433=EDGE_LOOP('',(#2349,#2350,#2351,#2352));
#434=EDGE_LOOP('',(#2353,#2354,#2355,#2356));
#435=EDGE_LOOP('',(#2357,#2358,#2359,#2360));
#436=EDGE_LOOP('',(#2361,#2362,#2363,#2364));
#437=EDGE_LOOP('',(#2365,#2366,#2367,#2368));
#438=EDGE_LOOP('',(#2369,#2370,#2371,#2372));
#439=EDGE_LOOP('',(#2373,#2374,#2375,#2376));
#440=EDGE_LOOP('',(#2377,#2378,#2379,#2380));
#441=EDGE_LOOP('',(#2381,#2382,#2383,#2384));
#442=EDGE_LOOP('',(#2385,#2386,#2387,#2388));
#443=EDGE_LOOP('',(#2389,#2390,#2391,#2392));
#444=EDGE_LOOP('',(#2393,#2394,#2395,#2396));
#445=EDGE_LOOP('',(#2397,#2398,#2399,#2400));
#446=EDGE_LOOP('',(#2401,#2402,#2403,#2404));
#447=EDGE_LOOP('',(#2405,#2406,#2407,#2408));
#448=EDGE_LOOP('',(#2409,#2410,#2411,#2412));
#449=EDGE_LOOP('',(#2413,#2414,#2415,#2416));
#450=EDGE_LOOP('',(#2417,#2418,#2419,#2420));
#451=EDGE_LOOP('',(#2421,#2422,#2423,#2424));
#452=EDGE_LOOP('',(#2425,#2426,#2427,#2428));
#453=EDGE_LOOP('',(#2429,#2430,#2431,#2432));
#454=EDGE_LOOP('',(#2433,#2434,#2435,#2436,#2437,#2438,#2439,#2440,#2441,
#2442));
#455=EDGE_LOOP('',(#2443,#2444,#2445,#2446,#2447,#2448,#2449,#2450,#2451,
#2452));
#456=EDGE_LOOP('',(#2453,#2454,#2455,#2456));
#457=EDGE_LOOP('',(#2457,#2458,#2459,#2460));
#458=EDGE_LOOP('',(#2461,#2462,#2463,#2464));
#459=EDGE_LOOP('',(#2465,#2466,#2467,#2468));
#460=EDGE_LOOP('',(#2469,#2470,#2471,#2472,#2473,#2474,#2475,#2476,#2477,
#2478));
#461=EDGE_LOOP('',(#2479,#2480,#2481,#2482,#2483,#2484,#2485,#2486,#2487,
#2488));
#462=EDGE_LOOP('',(#2489,#2490,#2491,#2492));
#463=EDGE_LOOP('',(#2493,#2494,#2495,#2496,#2497,#2498,#2499,#2500,#2501,
#2502));
#464=EDGE_LOOP('',(#2503,#2504,#2505,#2506,#2507,#2508,#2509,#2510,#2511,
#2512));
#465=EDGE_LOOP('',(#2513,#2514,#2515,#2516));
#466=EDGE_LOOP('',(#2517,#2518,#2519,#2520));
#467=EDGE_LOOP('',(#2521,#2522,#2523,#2524));
#468=EDGE_LOOP('',(#2525,#2526,#2527,#2528));
#469=EDGE_LOOP('',(#2529,#2530,#2531,#2532,#2533,#2534,#2535,#2536,#2537,
#2538));
#470=EDGE_LOOP('',(#2539,#2540,#2541,#2542,#2543,#2544,#2545,#2546,#2547,
#2548));
#471=EDGE_LOOP('',(#2549,#2550,#2551,#2552));
#472=EDGE_LOOP('',(#2553,#2554,#2555,#2556));
#473=EDGE_LOOP('',(#2557,#2558,#2559,#2560));
#474=EDGE_LOOP('',(#2561,#2562,#2563,#2564));
#475=EDGE_LOOP('',(#2565,#2566,#2567,#2568));
#476=EDGE_LOOP('',(#2569,#2570,#2571,#2572));
#477=EDGE_LOOP('',(#2573,#2574,#2575,#2576));
#478=EDGE_LOOP('',(#2577,#2578,#2579,#2580));
#479=EDGE_LOOP('',(#2581,#2582,#2583,#2584));
#480=EDGE_LOOP('',(#2585,#2586,#2587,#2588));
#481=EDGE_LOOP('',(#2589,#2590,#2591,#2592));
#482=EDGE_LOOP('',(#2593,#2594,#2595,#2596));
#483=EDGE_LOOP('',(#2597,#2598,#2599,#2600));
#484=EDGE_LOOP('',(#2601,#2602,#2603,#2604));
#485=EDGE_LOOP('',(#2605,#2606,#2607,#2608));
#486=EDGE_LOOP('',(#2609,#2610,#2611,#2612));
#487=EDGE_LOOP('',(#2613,#2614,#2615,#2616));
#488=EDGE_LOOP('',(#2617,#2618,#2619,#2620));
#489=EDGE_LOOP('',(#2621,#2622,#2623,#2624));
#490=EDGE_LOOP('',(#2625,#2626,#2627,#2628));
#491=EDGE_LOOP('',(#2629,#2630,#2631,#2632));
#492=EDGE_LOOP('',(#2633,#2634,#2635,#2636));
#493=EDGE_LOOP('',(#2637,#2638,#2639,#2640));
#494=EDGE_LOOP('',(#2641,#2642,#2643,#2644));
#495=EDGE_LOOP('',(#2645,#2646,#2647,#2648));
#496=EDGE_LOOP('',(#2649,#2650,#2651,#2652));
#497=EDGE_LOOP('',(#2653,#2654,#2655,#2656));
#498=EDGE_LOOP('',(#2657,#2658,#2659,#2660));
#499=EDGE_LOOP('',(#2661,#2662,#2663,#2664));
#500=EDGE_LOOP('',(#2665,#2666,#2667,#2668));
#501=EDGE_LOOP('',(#2669,#2670,#2671,#2672));
#502=EDGE_LOOP('',(#2673,#2674,#2675,#2676));
#503=EDGE_LOOP('',(#2677,#2678,#2679,#2680));
#504=EDGE_LOOP('',(#2681,#2682,#2683,#2684));
#505=EDGE_LOOP('',(#2685,#2686,#2687,#2688));
#506=EDGE_LOOP('',(#2689,#2690,#2691,#2692));
#507=EDGE_LOOP('',(#2693,#2694,#2695,#2696));
#508=EDGE_LOOP('',(#2697,#2698,#2699,#2700));
#509=EDGE_LOOP('',(#2701,#2702,#2703,#2704));
#510=EDGE_LOOP('',(#2705,#2706,#2707,#2708));
#511=EDGE_LOOP('',(#2709,#2710,#2711,#2712));
#512=EDGE_LOOP('',(#2713,#2714,#2715,#2716));
#513=EDGE_LOOP('',(#2717,#2718,#2719,#2720));
#514=EDGE_LOOP('',(#2721,#2722,#2723,#2724));
#515=EDGE_LOOP('',(#2725,#2726,#2727,#2728));
#516=EDGE_LOOP('',(#2729,#2730,#2731,#2732));
#517=EDGE_LOOP('',(#2733,#2734,#2735,#2736));
#518=EDGE_LOOP('',(#2737,#2738,#2739,#2740));
#519=EDGE_LOOP('',(#2741,#2742,#2743,#2744));
#520=EDGE_LOOP('',(#2745,#2746,#2747,#2748));
#521=EDGE_LOOP('',(#2749,#2750,#2751,#2752));
#522=EDGE_LOOP('',(#2753,#2754,#2755,#2756));
#523=EDGE_LOOP('',(#2757,#2758,#2759,#2760));
#524=EDGE_LOOP('',(#2761,#2762,#2763,#2764));
#525=EDGE_LOOP('',(#2765,#2766,#2767,#2768));
#526=EDGE_LOOP('',(#2769,#2770,#2771,#2772));
#527=EDGE_LOOP('',(#2773,#2774,#2775,#2776));
#528=EDGE_LOOP('',(#2777,#2778,#2779,#2780));
#529=EDGE_LOOP('',(#2781,#2782,#2783,#2784));
#530=EDGE_LOOP('',(#2785,#2786,#2787,#2788,#2789,#2790,#2791,#2792,#2793,
#2794,#2795,#2796,#2797,#2798,#2799,#2800,#2801,#2802));
#531=EDGE_LOOP('',(#2803));
#532=EDGE_LOOP('',(#2804));
#533=EDGE_LOOP('',(#2805));
#534=EDGE_LOOP('',(#2806,#2807,#2808,#2809));
#535=EDGE_LOOP('',(#2810,#2811,#2812,#2813));
#536=EDGE_LOOP('',(#2814));
#537=EDGE_LOOP('',(#2815));
#538=EDGE_LOOP('',(#2816,#2817,#2818,#2819,#2820,#2821,#2822,#2823));
#539=EDGE_LOOP('',(#2824));
#540=EDGE_LOOP('',(#2825,#2826,#2827,#2828));
#541=EDGE_LOOP('',(#2829,#2830,#2831,#2832));
#542=EDGE_LOOP('',(#2833,#2834,#2835,#2836));
#543=EDGE_LOOP('',(#2837,#2838,#2839,#2840));
#544=EDGE_LOOP('',(#2841,#2842,#2843,#2844));
#545=EDGE_LOOP('',(#2845,#2846,#2847,#2848));
#546=EDGE_LOOP('',(#2849,#2850,#2851,#2852));
#547=EDGE_LOOP('',(#2853,#2854,#2855,#2856));
#548=EDGE_LOOP('',(#2857,#2858,#2859,#2860));
#549=EDGE_LOOP('',(#2861,#2862,#2863,#2864));
#550=EDGE_LOOP('',(#2865,#2866,#2867,#2868));
#551=EDGE_LOOP('',(#2869,#2870,#2871,#2872));
#552=EDGE_LOOP('',(#2873,#2874,#2875,#2876));
#553=EDGE_LOOP('',(#2877,#2878,#2879,#2880));
#554=EDGE_LOOP('',(#2881,#2882,#2883,#2884));
#555=EDGE_LOOP('',(#2885,#2886,#2887,#2888));
#556=EDGE_LOOP('',(#2889,#2890,#2891,#2892));
#557=EDGE_LOOP('',(#2893,#2894,#2895,#2896));
#558=EDGE_LOOP('',(#2897,#2898,#2899,#2900));
#559=EDGE_LOOP('',(#2901,#2902,#2903,#2904));
#560=EDGE_LOOP('',(#2905,#2906,#2907,#2908));
#561=EDGE_LOOP('',(#2909,#2910,#2911,#2912));
#562=EDGE_LOOP('',(#2913,#2914,#2915,#2916));
#563=EDGE_LOOP('',(#2917,#2918,#2919,#2920));
#564=EDGE_LOOP('',(#2921,#2922,#2923,#2924));
#565=EDGE_LOOP('',(#2925,#2926,#2927,#2928));
#566=EDGE_LOOP('',(#2929,#2930,#2931,#2932));
#567=EDGE_LOOP('',(#2933,#2934,#2935,#2936));
#568=EDGE_LOOP('',(#2937));
#569=EDGE_LOOP('',(#2938));
#570=EDGE_LOOP('',(#2939));
#571=EDGE_LOOP('',(#2940));
#572=EDGE_LOOP('',(#2941));
#573=EDGE_LOOP('',(#2942));
#574=EDGE_LOOP('',(#2943,#2944,#2945,#2946));
#575=EDGE_LOOP('',(#2947,#2948,#2949,#2950));
#576=EDGE_LOOP('',(#2951,#2952,#2953,#2954));
#577=EDGE_LOOP('',(#2955,#2956,#2957,#2958));
#578=EDGE_LOOP('',(#2959,#2960,#2961,#2962));
#579=EDGE_LOOP('',(#2963,#2964,#2965,#2966));
#580=EDGE_LOOP('',(#2967,#2968,#2969,#2970));
#581=EDGE_LOOP('',(#2971,#2972,#2973,#2974));
#582=EDGE_LOOP('',(#2975,#2976,#2977,#2978));
#583=EDGE_LOOP('',(#2979,#2980,#2981,#2982));
#584=EDGE_LOOP('',(#2983,#2984,#2985,#2986));
#585=EDGE_LOOP('',(#2987,#2988,#2989,#2990));
#586=EDGE_LOOP('',(#2991,#2992,#2993,#2994));
#587=EDGE_LOOP('',(#2995,#2996,#2997,#2998));
#588=EDGE_LOOP('',(#2999,#3000,#3001,#3002));
#589=EDGE_LOOP('',(#3003,#3004,#3005,#3006));
#590=EDGE_LOOP('',(#3007,#3008,#3009,#3010));
#591=EDGE_LOOP('',(#3011,#3012,#3013,#3014));
#592=EDGE_LOOP('',(#3015,#3016,#3017,#3018));
#593=EDGE_LOOP('',(#3019,#3020,#3021,#3022));
#594=EDGE_LOOP('',(#3023,#3024,#3025,#3026));
#595=EDGE_LOOP('',(#3027,#3028,#3029,#3030));
#596=EDGE_LOOP('',(#3031,#3032,#3033,#3034));
#597=EDGE_LOOP('',(#3035,#3036,#3037,#3038));
#598=EDGE_LOOP('',(#3039,#3040,#3041,#3042));
#599=CIRCLE('',#3272,1.2645);
#600=CIRCLE('',#3275,1.2645);
#601=CIRCLE('',#3277,1.2645);
#602=CIRCLE('',#3280,1.2645);
#603=CIRCLE('',#3282,1.2645);
#604=CIRCLE('',#3285,1.2645);
#605=CIRCLE('',#3287,1.2645);
#606=CIRCLE('',#3290,1.2645);
#607=CIRCLE('',#3292,1.54300000000001);
#608=CIRCLE('',#3295,1.54300000000001);
#609=CIRCLE('',#3297,1.543);
#610=CIRCLE('',#3300,1.543);
#611=CIRCLE('',#3302,1.543);
#612=CIRCLE('',#3305,1.543);
#613=CIRCLE('',#3307,1.543);
#614=CIRCLE('',#3310,1.543);
#615=CIRCLE('',#3311,2.10000000000001);
#616=CIRCLE('',#3313,2.10000000000001);
#617=CIRCLE('',#3314,2.1);
#618=CIRCLE('',#3315,2.1);
#619=CIRCLE('',#3316,2.10000000000001);
#620=CIRCLE('',#3317,2.10000000000001);
#621=CIRCLE('',#3318,2.25);
#622=CIRCLE('',#3320,1.5);
#623=CIRCLE('',#3321,1.5);
#624=CIRCLE('',#3322,1.75);
#625=CIRCLE('',#3323,2.27999999999999);
#626=CIRCLE('',#3324,2.28);
#627=CIRCLE('',#3325,2.27999999999999);
#628=CIRCLE('',#3326,2.28);
#629=CIRCLE('',#3327,1.75);
#630=CIRCLE('',#3328,1.75);
#631=CIRCLE('',#3329,6.5);
#632=CIRCLE('',#3330,6.5);
#633=CIRCLE('',#3331,2.25);
#634=CIRCLE('',#3332,2.25);
#635=CIRCLE('',#3339,6.5);
#636=CIRCLE('',#3342,6.5);
#637=CIRCLE('',#3344,1.75);
#638=CIRCLE('',#3346,1.75);
#639=CIRCLE('',#3349,2.28);
#640=CIRCLE('',#3352,2.27999999999999);
#641=CIRCLE('',#3355,2.28);
#642=CIRCLE('',#3358,2.27999999999999);
#643=CIRCLE('',#3360,1.75);
#644=CIRCLE('',#3425,1.5);
#645=CIRCLE('',#3426,1.5);
#646=CIRCLE('',#3428,3.00000000000001);
#647=CIRCLE('',#3430,1.5);
#648=CIRCLE('',#3431,1.5);
#649=CIRCLE('',#3434,3.00000000000001);
#650=CIRCLE('',#3435,3.00000000000001);
#651=CIRCLE('',#3437,1.5);
#652=CIRCLE('',#3439,3.00000000000001);
#653=CIRCLE('',#3442,1.5);
#654=CIRCLE('',#3444,3.00000000000001);
#655=CIRCLE('',#3445,3.00000000000001);
#656=CIRCLE('',#3451,1.5);
#657=CIRCLE('',#3454,1.5);
#658=B_SPLINE_CURVE_WITH_KNOTS('',3,(#4208,#4209,#4210,#4211),
 .UNSPECIFIED.,.F.,.F.,(4,4),(20.1591190625164,20.8701284132941),
 .UNSPECIFIED.);
#659=B_SPLINE_CURVE_WITH_KNOTS('',3,(#4214,#4215,#4216,#4217,#4218,#4219,
#4220,#4221,#4222,#4223),.UNSPECIFIED.,.F.,.F.,(4,3,3,4),(-18.8495559215372,
-17.8886814971093,-16.894865858381,-16.4189726187292),.UNSPECIFIED.);
#660=B_SPLINE_CURVE_WITH_KNOTS('',3,(#4228,#4229,#4230,#4231,#4232,#4233,
#4234,#4235,#4236,#4237,#4238,#4239,#4240,#4241,#4242,#4243,#4244,#4245,
#4246,#4247,#4248,#4249,#4250,#4251,#4252),.UNSPECIFIED.,.F.,.F.,(4,3,3,
3,3,3,3,3,4),(13.8759337553367,13.9134189421961,14.9072345809244,15.9010502196527,
16.894865858381,17.8886814971093,18.8824971358376,19.8763127745659,20.1591190625164),
 .UNSPECIFIED.);
#661=B_SPLINE_CURVE_WITH_KNOTS('',3,(#4253,#4254,#4255,#4256,#4257,#4258,
#4259,#4260,#4261,#4262,#4263,#4264,#4265,#4266,#4267,#4268,#4269,#4270,
#4271,#4272,#4273,#4274),.UNSPECIFIED.,.F.,.F.,(4,3,3,3,3,3,3,4),(-16.4189726187292,
-15.9010502196527,-14.9072345809244,-13.9134189421961,-12.9196033034678,
-11.9257876647395,-10.9319720260112,-10.1357873115497),.UNSPECIFIED.);
#662=B_SPLINE_CURVE_WITH_KNOTS('',3,(#4280,#4281,#4282,#4283,#4284,#4285,
#4286,#4287,#4288,#4289,#4290,#4291,#4292),.UNSPECIFIED.,.F.,.F.,(4,3,3,
3,4),(-3.85260200437005,-2.98144691618488,-1.98763127745658,-0.993815638728291,
0.),.UNSPECIFIED.);
#663=B_SPLINE_CURVE_WITH_KNOTS('',3,(#4295,#4296,#4297,#4298,#4299,#4300,
#4301,#4302,#4303,#4304,#4305,#4306,#4307,#4308,#4309,#4310,#4311,#4312,
#4313),.UNSPECIFIED.,.F.,.F.,(4,3,3,3,3,3,4),(2.0205724917569,2.98144691618489,
3.97526255491318,4.96907819364147,5.96289383236977,6.95670947109806,7.59274844815725),
 .UNSPECIFIED.);
#664=B_SPLINE_CURVE_WITH_KNOTS('',3,(#4319,#4320,#4321,#4322),
 .UNSPECIFIED.,.F.,.F.,(4,4),(20.1591190625157,20.8701284132935),
 .UNSPECIFIED.);
#665=B_SPLINE_CURVE_WITH_KNOTS('',3,(#4325,#4326,#4327,#4328,#4329,#4330,
#4331,#4332,#4333,#4334),.UNSPECIFIED.,.F.,.F.,(4,3,3,4),(-18.8495559215366,
-17.8886814971087,-16.8948658583804,-16.4189726187285),.UNSPECIFIED.);
#666=B_SPLINE_CURVE_WITH_KNOTS('',3,(#4339,#4340,#4341,#4342,#4343,#4344,
#4345,#4346,#4347,#4348,#4349,#4350,#4351,#4352,#4353,#4354,#4355,#4356,
#4357,#4358,#4359,#4360,#4361,#4362,#4363),.UNSPECIFIED.,.F.,.F.,(4,3,3,
3,3,3,3,3,4),(13.875933755336,13.9134189421957,14.9072345809239,15.9010502196522,
16.8948658583805,17.8886814971087,18.882497135837,19.8763127745653,20.1591190625157),
 .UNSPECIFIED.);
#667=B_SPLINE_CURVE_WITH_KNOTS('',3,(#4364,#4365,#4366,#4367,#4368,#4369,
#4370,#4371,#4372,#4373,#4374,#4375,#4376,#4377,#4378,#4379,#4380,#4381,
#4382,#4383,#4384,#4385),.UNSPECIFIED.,.F.,.F.,(4,3,3,3,3,3,3,4),(-16.4189726187285,
-15.9010502196522,-14.9072345809239,-13.9134189421956,-12.9196033034674,
-11.9257876647391,-10.9319720260109,-10.1357873115491),.UNSPECIFIED.);
#668=B_SPLINE_CURVE_WITH_KNOTS('',3,(#4391,#4392,#4393,#4394,#4395,#4396,
#4397,#4398,#4399,#4400,#4401,#4402,#4403),.UNSPECIFIED.,.F.,.F.,(4,3,3,
3,4),(-3.85260200436938,-2.98144691618478,-1.98763127745652,-0.99381563872826,
0.),.UNSPECIFIED.);
#669=B_SPLINE_CURVE_WITH_KNOTS('',3,(#4406,#4407,#4408,#4409,#4410,#4411,
#4412,#4413,#4414,#4415,#4416,#4417,#4418,#4419,#4420,#4421,#4422,#4423,
#4424),.UNSPECIFIED.,.F.,.F.,(4,3,3,3,3,3,4),(2.0205724917569,2.98144691618478,
3.97526255491305,4.96907819364131,5.96289383236957,6.95670947109784,7.59274844815659),
 .UNSPECIFIED.);
#670=B_SPLINE_CURVE_WITH_KNOTS('',3,(#4430,#4431,#4432,#4433),
 .UNSPECIFIED.,.F.,.F.,(4,4),(20.1591190625159,20.870128413293),
 .UNSPECIFIED.);
#671=B_SPLINE_CURVE_WITH_KNOTS('',3,(#4436,#4437,#4438,#4439,#4440,#4441,
#4442,#4443,#4444,#4445),.UNSPECIFIED.,.F.,.F.,(4,3,3,4),(-18.8495559215361,
-17.8886814971083,-16.8948658583801,-16.4189726187287),.UNSPECIFIED.);
#672=B_SPLINE_CURVE_WITH_KNOTS('',3,(#4450,#4451,#4452,#4453,#4454,#4455,
#4456,#4457,#4458,#4459,#4460,#4461,#4462,#4463,#4464,#4465,#4466,#4467,
#4468,#4469,#4470,#4471,#4472,#4473,#4474),.UNSPECIFIED.,.F.,.F.,(4,3,3,
3,3,3,3,3,4),(13.8759337553363,13.9134189421954,14.9072345809236,15.9010502196519,
16.8948658583801,17.8886814971084,18.8824971358366,19.8763127745648,20.1591190625159),
 .UNSPECIFIED.);
#673=B_SPLINE_CURVE_WITH_KNOTS('',3,(#4475,#4476,#4477,#4478,#4479,#4480,
#4481,#4482,#4483,#4484,#4485,#4486,#4487,#4488,#4489,#4490,#4491,#4492,
#4493,#4494,#4495,#4496),.UNSPECIFIED.,.F.,.F.,(4,3,3,3,3,3,3,4),(-16.4189726187287,
-15.9010502196518,-14.9072345809236,-13.9134189421953,-12.9196033034671,
-11.9257876647389,-10.9319720260106,-10.1357873115493),.UNSPECIFIED.);
#674=B_SPLINE_CURVE_WITH_KNOTS('',3,(#4502,#4503,#4504,#4505,#4506,#4507,
#4508,#4509,#4510,#4511,#4512,#4513,#4514),.UNSPECIFIED.,.F.,.F.,(4,3,3,
3,4),(-3.85260200436961,-2.98144691618472,-1.98763127745648,-0.99381563872824,
0.),.UNSPECIFIED.);
#675=B_SPLINE_CURVE_WITH_KNOTS('',3,(#4517,#4518,#4519,#4520,#4521,#4522,
#4523,#4524,#4525,#4526,#4527,#4528,#4529,#4530,#4531,#4532,#4533,#4534,
#4535),.UNSPECIFIED.,.F.,.F.,(4,3,3,3,3,3,4),(2.0205724917569,2.98144691618473,
3.97526255491296,4.96907819364121,5.96289383236945,6.95670947109769,7.59274844815681),
 .UNSPECIFIED.);
#676=B_SPLINE_CURVE_WITH_KNOTS('',3,(#4541,#4542,#4543,#4544),
 .UNSPECIFIED.,.F.,.F.,(4,4),(20.1591190625159,20.8701284132935),
 .UNSPECIFIED.);
#677=B_SPLINE_CURVE_WITH_KNOTS('',3,(#4547,#4548,#4549,#4550,#4551,#4552,
#4553,#4554,#4555,#4556),.UNSPECIFIED.,.F.,.F.,(4,3,3,4),(-18.8495559215366,
-17.8886814971087,-16.8948658583804,-16.4189726187287),.UNSPECIFIED.);
#678=B_SPLINE_CURVE_WITH_KNOTS('',3,(#4561,#4562,#4563,#4564,#4565,#4566,
#4567,#4568,#4569,#4570,#4571,#4572,#4573,#4574,#4575,#4576,#4577,#4578,
#4579,#4580,#4581,#4582,#4583,#4584,#4585),.UNSPECIFIED.,.F.,.F.,(4,3,3,
3,3,3,3,3,4),(13.8759337553363,13.9134189421957,14.9072345809239,15.9010502196522,
16.8948658583805,17.8886814971087,18.882497135837,19.8763127745653,20.1591190625159),
 .UNSPECIFIED.);
#679=B_SPLINE_CURVE_WITH_KNOTS('',3,(#4586,#4587,#4588,#4589,#4590,#4591,
#4592,#4593,#4594,#4595,#4596,#4597,#4598,#4599,#4600,#4601,#4602,#4603,
#4604,#4605,#4606,#4607),.UNSPECIFIED.,.F.,.F.,(4,3,3,3,3,3,3,4),(-16.4189726187287,
-15.9010502196522,-14.9072345809239,-13.9134189421956,-12.9196033034674,
-11.9257876647391,-10.9319720260109,-10.1357873115493),.UNSPECIFIED.);
#680=B_SPLINE_CURVE_WITH_KNOTS('',3,(#4613,#4614,#4615,#4616,#4617,#4618,
#4619,#4620,#4621,#4622,#4623,#4624,#4625),.UNSPECIFIED.,.F.,.F.,(4,3,3,
3,4),(-3.85260200436961,-2.98144691618478,-1.98763127745652,-0.993815638728258,
0.),.UNSPECIFIED.);
#681=B_SPLINE_CURVE_WITH_KNOTS('',3,(#4628,#4629,#4630,#4631,#4632,#4633,
#4634,#4635,#4636,#4637,#4638,#4639,#4640,#4641,#4642,#4643,#4644,#4645,
#4646),.UNSPECIFIED.,.F.,.F.,(4,3,3,3,3,3,4),(2.0205724917569,2.98144691618479,
3.97526255491305,4.96907819364131,5.96289383236958,6.95670947109784,7.59274844815681),
 .UNSPECIFIED.);
#682=B_SPLINE_CURVE_WITH_KNOTS('',3,(#4652,#4653,#4654,#4655,#4656,#4657,
#4658,#4659),.UNSPECIFIED.,.F.,.F.,(4,1,1,1,1,4),(28.2743338823081,28.7502271219598,
29.744042760688,30.7378583994163,31.7316740381446,32.7254896768728),
 .UNSPECIFIED.);
#683=B_SPLINE_CURVE_WITH_KNOTS('',3,(#4662,#4663,#4664,#4665,#4666,#4667,
#4668,#4669,#4670),.UNSPECIFIED.,.F.,.F.,(4,1,1,1,1,1,4),(28.2743338823081,
28.3118190691675,29.3056347078957,30.299450346624,31.2932659853523,32.2870816240805,
33.2479560485084),.UNSPECIFIED.);
#684=B_SPLINE_CURVE_WITH_KNOTS('',3,(#4675,#4676,#4677,#4678,#4679,#4680,
#4681,#4682,#4683,#4684),.UNSPECIFIED.,.F.,.F.,(4,1,1,1,1,1,1,4),(21.9911485751286,
22.7873332895902,23.7811489283185,24.7749645670467,25.768780205775,26.7625958445033,
27.7564114832315,28.2743338823081),.UNSPECIFIED.);
#685=B_SPLINE_CURVE_WITH_KNOTS('',3,(#4685,#4686,#4687,#4688,#4689,#4690,
#4691,#4692,#4693,#4694),.UNSPECIFIED.,.F.,.F.,(4,1,1,1,1,1,1,4),(21.9911485751286,
22.3489252367979,23.3427408755262,24.3365565142544,25.3303721529827,26.3241877917109,
27.3180034304392,28.2743338823081),.UNSPECIFIED.);
#686=B_SPLINE_CURVE_WITH_KNOTS('',3,(#4700,#4701,#4702,#4703,#4704),
 .UNSPECIFIED.,.F.,.F.,(4,1,4),(14.3984001269718,15.3922157657,15.707963267949),
 .UNSPECIFIED.);
#687=B_SPLINE_CURVE_WITH_KNOTS('',3,(#4707,#4708,#4709,#4710,#4711),
 .UNSPECIFIED.,.F.,.F.,(4,1,4),(13.8759337553363,14.8368081797641,15.707963267949),
 .UNSPECIFIED.);
#688=B_SPLINE_CURVE_WITH_KNOTS('',3,(#4717,#4718,#4719,#4720,#4721,#4722,
#4723,#4724),.UNSPECIFIED.,.F.,.F.,(4,1,1,1,1,4),(28.2743338823081,28.7502271219594,
29.7440427606877,30.7378583994159,31.7316740381441,32.7254896768724),
 .UNSPECIFIED.);
#689=B_SPLINE_CURVE_WITH_KNOTS('',3,(#4727,#4728,#4729,#4730,#4731,#4732,
#4733,#4734,#4735),.UNSPECIFIED.,.F.,.F.,(4,1,1,1,1,1,4),(28.2743338823081,
28.3118190691672,29.3056347078954,30.2994503466237,31.2932659853519,32.2870816240801,
33.247956048508),.UNSPECIFIED.);
#690=B_SPLINE_CURVE_WITH_KNOTS('',3,(#4740,#4741,#4742,#4743,#4744,#4745,
#4746,#4747,#4748,#4749),.UNSPECIFIED.,.F.,.F.,(4,1,1,1,1,1,1,4),(21.9911485751286,
22.78733328959,23.7811489283182,24.7749645670465,25.7687802057747,26.7625958445029,
27.7564114832312,28.2743338823081),.UNSPECIFIED.);
#691=B_SPLINE_CURVE_WITH_KNOTS('',3,(#4750,#4751,#4752,#4753,#4754,#4755,
#4756,#4757,#4758,#4759),.UNSPECIFIED.,.F.,.F.,(4,1,1,1,1,1,1,4),(21.9911485751286,
22.3489252367977,23.342740875526,24.3365565142542,25.3303721529824,26.3241877917107,
27.3180034304389,28.2743338823081),.UNSPECIFIED.);
#692=B_SPLINE_CURVE_WITH_KNOTS('',3,(#4765,#4766,#4767,#4768,#4769),
 .UNSPECIFIED.,.F.,.F.,(4,1,4),(14.3984001269718,15.3922157657,15.707963267949),
 .UNSPECIFIED.);
#693=B_SPLINE_CURVE_WITH_KNOTS('',3,(#4772,#4773,#4774,#4775,#4776),
 .UNSPECIFIED.,.F.,.F.,(4,1,4),(13.8759337553363,14.8368081797641,15.707963267949),
 .UNSPECIFIED.);
#694=B_SPLINE_CURVE_WITH_KNOTS('',3,(#4782,#4783,#4784,#4785,#4786,#4787,
#4788,#4789),.UNSPECIFIED.,.F.,.F.,(4,1,1,1,1,4),(28.2743338823081,28.75022712196,
29.7440427606883,30.7378583994165,31.7316740381448,32.7254896768731),
 .UNSPECIFIED.);
#695=B_SPLINE_CURVE_WITH_KNOTS('',3,(#4792,#4793,#4794,#4795,#4796,#4797,
#4798,#4799,#4800),.UNSPECIFIED.,.F.,.F.,(4,1,1,1,1,1,4),(28.2743338823081,
28.3118190691677,29.305634707896,30.2994503466242,31.2932659853525,32.2870816240807,
33.2479560485086),.UNSPECIFIED.);
#696=B_SPLINE_CURVE_WITH_KNOTS('',3,(#4805,#4806,#4807,#4808,#4809,#4810,
#4811,#4812,#4813,#4814),.UNSPECIFIED.,.F.,.F.,(4,1,1,1,1,1,1,4),(21.9911485751286,
22.7873332895904,23.7811489283187,24.774964567047,25.7687802057752,26.7625958445035,
27.7564114832317,28.2743338823081),.UNSPECIFIED.);
#697=B_SPLINE_CURVE_WITH_KNOTS('',3,(#4815,#4816,#4817,#4818,#4819,#4820,
#4821,#4822,#4823,#4824),.UNSPECIFIED.,.F.,.F.,(4,1,1,1,1,1,1,4),(21.9911485751286,
22.3489252367981,23.3427408755264,24.3365565142546,25.3303721529829,26.3241877917112,
27.3180034304394,28.2743338823081),.UNSPECIFIED.);
#698=B_SPLINE_CURVE_WITH_KNOTS('',3,(#4830,#4831,#4832,#4833,#4834),
 .UNSPECIFIED.,.F.,.F.,(4,1,4),(14.398400126972,15.3922157657003,15.707963267949),
 .UNSPECIFIED.);
#699=B_SPLINE_CURVE_WITH_KNOTS('',3,(#4837,#4838,#4839,#4840,#4841),
 .UNSPECIFIED.,.F.,.F.,(4,1,4),(13.8759337553365,14.8368081797644,15.707963267949),
 .UNSPECIFIED.);
#700=B_SPLINE_CURVE_WITH_KNOTS('',3,(#4847,#4848,#4849,#4850,#4851,#4852,
#4853,#4854),.UNSPECIFIED.,.F.,.F.,(4,1,1,1,1,4),(28.2743338823081,28.7502271219599,
29.7440427606882,30.7378583994165,31.7316740381448,32.7254896768731),
 .UNSPECIFIED.);
#701=B_SPLINE_CURVE_WITH_KNOTS('',3,(#4857,#4858,#4859,#4860,#4861,#4862,
#4863,#4864,#4865),.UNSPECIFIED.,.F.,.F.,(4,1,1,1,1,1,4),(28.2743338823081,
28.3118190691675,29.3056347078958,30.2994503466241,31.2932659853523,32.2870816240806,
33.2479560485086),.UNSPECIFIED.);
#702=B_SPLINE_CURVE_WITH_KNOTS('',3,(#4870,#4871,#4872,#4873,#4874,#4875,
#4876,#4877,#4878,#4879),.UNSPECIFIED.,.F.,.F.,(4,1,1,1,1,1,1,4),(21.9911485751286,
22.7873332895901,23.7811489283184,24.7749645670467,25.768780205775,26.7625958445033,
27.7564114832316,28.2743338823081),.UNSPECIFIED.);
#703=B_SPLINE_CURVE_WITH_KNOTS('',3,(#4880,#4881,#4882,#4883,#4884,#4885,
#4886,#4887,#4888,#4889),.UNSPECIFIED.,.F.,.F.,(4,1,1,1,1,1,1,4),(21.9911485751286,
22.3489252367977,23.342740875526,24.3365565142543,25.3303721529826,26.3241877917109,
27.3180034304392,28.2743338823081),.UNSPECIFIED.);
#704=B_SPLINE_CURVE_WITH_KNOTS('',3,(#4895,#4896,#4897,#4898,#4899),
 .UNSPECIFIED.,.F.,.F.,(4,1,4),(14.3984001269713,15.3922157656996,15.707963267949),
 .UNSPECIFIED.);
#705=B_SPLINE_CURVE_WITH_KNOTS('',3,(#4902,#4903,#4904,#4905,#4906),
 .UNSPECIFIED.,.F.,.F.,(4,1,4),(13.8759337553358,14.8368081797638,15.707963267949),
 .UNSPECIFIED.);
#706=B_SPLINE_CURVE_WITH_KNOTS('',3,(#5101,#5102,#5103,#5104,#5105,#5106,
#5107,#5108,#5109,#5110,#5111,#5112,#5113,#5114,#5115,#5116,#5117),
 .UNSPECIFIED.,.T.,.F.,(4,1,1,1,1,1,1,1,1,1,1,1,1,1,4),(-2.25165399504044,
-2.09082156682327,-1.92998913860609,-1.76915671038892,-1.60832428217175,
-1.44749185395457,-1.2866594257374,-1.23304861633167,-0.964994569303047,
-0.804162141085873,-0.643329712868698,-0.482497284651524,-0.321664856434349,
-0.160832428217175,0.),.UNSPECIFIED.);
#707=B_SPLINE_CURVE_WITH_KNOTS('',3,(#5128,#5129,#5130,#5131,#5132,#5133,
#5134,#5135,#5136,#5137,#5138,#5139,#5140,#5141,#5142,#5143,#5144),
 .UNSPECIFIED.,.T.,.F.,(4,1,1,1,1,1,1,1,1,1,1,1,1,1,4),(-2.25165399504044,
-2.09082156682327,-1.9299891386061,-1.80936481744321,-1.60832428217175,
-1.44749185395457,-1.2866594257374,-1.0722161881145,-0.964994569303048,
-0.804162141085873,-0.643329712868699,-0.482497284651524,-0.321664856434349,
-0.160832428217175,0.),.UNSPECIFIED.);
#708=B_SPLINE_CURVE_WITH_KNOTS('',3,(#5146,#5147,#5148,#5149,#5150,#5151,
#5152,#5153,#5154,#5155,#5156,#5157,#5158,#5159,#5160,#5161,#5162),
 .UNSPECIFIED.,.T.,.F.,(4,1,1,1,1,1,1,1,1,1,1,1,1,1,4),(-2.25165399504044,
-2.09082156682326,-1.92998913860609,-1.76915671038892,-1.60832428217174,
-1.44749185395457,-1.28665942573739,-1.01860537870877,-0.964994569303045,
-0.804162141085871,-0.643329712868697,-0.482497284651523,-0.321664856434348,
-0.160832428217174,0.),.UNSPECIFIED.);
#709=B_SPLINE_CURVE_WITH_KNOTS('',3,(#5164,#5165,#5166,#5167,#5168,#5169,
#5170,#5171,#5172,#5173,#5174,#5175,#5176,#5177,#5178,#5179,#5180),
 .UNSPECIFIED.,.T.,.F.,(4,1,1,1,1,1,1,1,1,1,1,1,1,1,4),(-2.25165399504044,
-2.09082156682327,-1.92998913860609,-1.76915671038892,-1.60832428217175,
-1.44749185395457,-1.2866594257374,-1.17943780692595,-0.964994569303047,
-0.804162141085873,-0.643329712868698,-0.44228917759723,-0.321664856434349,
-0.160832428217175,0.),.UNSPECIFIED.);
#710=B_SPLINE_CURVE_WITH_KNOTS('',3,(#5182,#5183,#5184,#5185,#5186,#5187,
#5188,#5189,#5190,#5191,#5192,#5193,#5194,#5195,#5196,#5197,#5198),
 .UNSPECIFIED.,.T.,.F.,(4,1,1,1,1,1,1,1,1,1,1,1,1,1,4),(-2.25165399504044,
-2.09082156682327,-1.92998913860609,-1.76915671038892,-1.60832428217175,
-1.44749185395457,-1.2866594257374,-1.23304861633167,-0.964994569303047,
-0.804162141085873,-0.643329712868698,-0.482497284651524,-0.321664856434349,
-0.160832428217175,0.),.UNSPECIFIED.);
#711=B_SPLINE_CURVE_WITH_KNOTS('',3,(#5200,#5201,#5202,#5203,#5204,#5205,
#5206,#5207,#5208,#5209,#5210,#5211,#5212,#5213,#5214,#5215,#5216),
 .UNSPECIFIED.,.T.,.F.,(4,1,1,1,1,1,1,1,1,1,1,1,1,1,4),(-2.25165399504044,
-2.09082156682326,-1.92998913860609,-1.76915671038892,-1.60832428217174,
-1.44749185395457,-1.28665942573739,-1.17943780692594,-0.964994569303045,
-0.804162141085871,-0.643329712868696,-0.442289177597229,-0.321664856434348,
-0.160832428217174,0.),.UNSPECIFIED.);
#712=B_SPLINE_CURVE_WITH_KNOTS('',3,(#6365,#6366,#6367,#6368,#6369,#6370,
#6371,#6372,#6373,#6374,#6375,#6376,#6377,#6378,#6379,#6380),
 .UNSPECIFIED.,.T.,.F.,(4,1,1,1,1,1,1,1,1,1,1,1,1,4),(-2.34547291150046,
-2.17793913210757,-2.01040535271468,-1.84287157332179,-1.6753377939289,
-1.50780401453601,-1.34027023514312,-1.00520267635734,-0.837668896964449,
-0.670135117571559,-0.502601338178669,-0.33506755878578,-0.16753377939289,
0.),.UNSPECIFIED.);
#713=B_SPLINE_CURVE_WITH_KNOTS('',3,(#6419,#6420,#6421,#6422,#6423,#6424,
#6425,#6426,#6427,#6428,#6429,#6430,#6431,#6432,#6433,#6434),
 .UNSPECIFIED.,.T.,.F.,(4,1,1,1,1,1,1,1,1,1,1,1,1,4),(-2.34547291150046,
-2.17793913210757,-2.01040535271468,-1.84287157332179,-1.6753377939289,
-1.50780401453601,-1.34027023514312,-1.00520267635734,-0.837668896964448,
-0.670135117571559,-0.502601338178669,-0.335067558785779,-0.16753377939289,
0.),.UNSPECIFIED.);
#714=B_SPLINE_CURVE_WITH_KNOTS('',3,(#6578,#6579,#6580,#6581,#6582,#6583,
#6584,#6585,#6586,#6587,#6588,#6589,#6590,#6591,#6592,#6593),
 .UNSPECIFIED.,.T.,.F.,(4,1,1,1,1,1,1,1,1,1,1,1,1,4),(-2.34547291150046,
-2.17793913210757,-2.01040535271468,-1.84287157332179,-1.6753377939289,
-1.50780401453601,-1.34027023514312,-1.00520267635734,-0.837668896964449,
-0.670135117571559,-0.502601338178669,-0.335067558785779,-0.16753377939289,
0.),.UNSPECIFIED.);
#715=B_SPLINE_CURVE_WITH_KNOTS('',3,(#7035,#7036,#7037,#7038,#7039,#7040,
#7041,#7042,#7043,#7044,#7045),.UNSPECIFIED.,.F.,.F.,(4,1,1,1,1,1,1,1,4),
(15.707963267949,15.8306238184921,16.8244394572204,17.8182550959487,18.812070734677,
19.8058863734053,20.7997020121335,21.7935176508618,21.9911485751286),
 .UNSPECIFIED.);
#716=B_SPLINE_CURVE_WITH_KNOTS('',3,(#7046,#7047,#7048,#7049,#7050,#7051,
#7052,#7053,#7054,#7055),.UNSPECIFIED.,.F.,.F.,(4,1,1,1,1,1,1,4),(15.707963267949,
16.3860314044279,17.3798470431562,18.3736626818845,19.3674783206128,20.3612939593411,
21.3551095980694,21.9911485751286),.UNSPECIFIED.);
#717=B_SPLINE_CURVE_WITH_KNOTS('',3,(#7152,#7153,#7154,#7155,#7156,#7157,
#7158,#7159,#7160,#7161,#7162,#7163,#7164,#7165,#7166,#7167,#7168,#7169,
#7170,#7171,#7172,#7173,#7174,#7175,#7176,#7177,#7178,#7179,#7180,#7181,
#7182,#7183,#7184,#7185,#7186,#7187,#7188,#7189,#7190,#7191,#7192,#7193,
#7194,#7195,#7196,#7197,#7198,#7199,#7200,#7201,#7202,#7203,#7204,#7205,
#7206,#7207,#7208,#7209,#7210,#7211,#7212,#7213,#7214,#7215,#7216,#7217,
#7218,#7219,#7220,#7221,#7222,#7223,#7224,#7225,#7226,#7227,#7228,#7229,
#7230),.UNSPECIFIED.,.F.,.F.,(4,3,3,3,3,3,3,3,3,3,3,3,3,3,3,3,3,3,3,3,3,
3,3,3,3,3,4),(0.,0.0184750991413101,0.0367158890570854,0.0506015020662598,
0.0580114832042808,0.0611334776293059,0.078887803516524,0.0962816065265619,
0.109161403177542,0.115724511202271,0.119099972586406,0.135939901953436,
0.147800793130481,0.161263839056181,0.167657048649344,0.170689928514721,
0.173876023519782,0.190604950413124,0.207261593293932,0.219322485104471,
0.223177405442774,0.226138747548266,0.242216425266213,0.255505160536086,
0.271014108498979,0.282132829963727,0.286347380332694),.UNSPECIFIED.);
#718=B_SPLINE_CURVE_WITH_KNOTS('',3,(#7231,#7232,#7233,#7234,#7235,#7236,
#7237,#7238,#7239,#7240,#7241,#7242,#7243,#7244,#7245,#7246,#7247,#7248,
#7249,#7250,#7251,#7252,#7253,#7254,#7255,#7256,#7257,#7258,#7259,#7260,
#7261,#7262,#7263,#7264,#7265,#7266,#7267,#7268,#7269,#7270,#7271,#7272,
#7273,#7274,#7275,#7276,#7277,#7278,#7279,#7280,#7281,#7282,#7283,#7284,
#7285,#7286,#7287,#7288,#7289,#7290,#7291,#7292,#7293,#7294,#7295,#7296,
#7297,#7298,#7299,#7300,#7301,#7302,#7303,#7304,#7305,#7306,#7307,#7308,
#7309,#7310,#7311,#7312),.UNSPECIFIED.,.F.,.F.,(4,3,3,3,3,3,3,3,3,3,3,3,
3,3,3,3,3,3,3,3,3,3,3,3,3,3,3,4),(0.,0.0151265173360017,0.0309368157234621,
0.0437521837546515,0.0495236936193654,0.0521473114609125,0.0684454855300949,
0.0850510151213854,0.0971532013342834,0.101912373531439,0.105239820712522,
0.122316968207337,0.133459759972977,0.150103810572696,0.154679603642806,
0.158573762028183,0.175606637805195,0.193044355879775,0.203921767274932,
0.209204017251711,0.212514221108511,0.215893164707802,0.2338922492733,0.24649437678845,
0.251403380641089,0.269591917530572,0.280063647041032,0.28514280399529),
 .UNSPECIFIED.);
#719=B_SPLINE_CURVE_WITH_KNOTS('',3,(#7313,#7314,#7315,#7316,#7317,#7318,
#7319,#7320,#7321,#7322,#7323,#7324,#7325,#7326,#7327,#7328,#7329,#7330,
#7331,#7332,#7333,#7334,#7335,#7336,#7337),.UNSPECIFIED.,.F.,.F.,(4,3,3,
3,3,3,3,3,4),(-10.1357873115497,-9.93815638728292,-8.94434074855463,-7.95052510982634,
-6.95670947109805,-5.96289383236975,-4.96907819364146,-3.97526255491317,
-3.85260200437005),.UNSPECIFIED.);
#720=B_SPLINE_CURVE_WITH_KNOTS('',3,(#7434,#7435,#7436,#7437,#7438,#7439,
#7440,#7441,#7442,#7443,#7444,#7445,#7446,#7447,#7448,#7449,#7450,#7451,
#7452,#7453,#7454,#7455,#7456,#7457,#7458,#7459,#7460,#7461,#7462,#7463,
#7464,#7465,#7466,#7467,#7468,#7469,#7470,#7471,#7472,#7473,#7474,#7475,
#7476,#7477,#7478,#7479,#7480,#7481,#7482,#7483,#7484,#7485,#7486,#7487,
#7488,#7489,#7490,#7491,#7492,#7493,#7494,#7495,#7496,#7497,#7498,#7499,
#7500,#7501,#7502,#7503,#7504,#7505,#7506,#7507,#7508,#7509,#7510,#7511,
#7512,#7513,#7514,#7515),.UNSPECIFIED.,.F.,.F.,(4,3,3,3,3,3,3,3,3,3,3,3,
3,3,3,3,3,3,3,3,3,3,3,3,3,3,3,4),(0.,0.0151265360939654,0.030936848386541,
0.0437522123348448,0.0495237966252724,0.0521474709911466,0.0684456625254183,
0.0850511981880727,0.0971533386342974,0.101913154964222,0.105239979201201,
0.122317125711052,0.133459759972972,0.150103803231219,0.154679595640554,
0.158573761605249,0.175606629130692,0.193044343177538,0.20392175616044,
0.209204012199133,0.212514204228693,0.21589316120339,0.233892245489164,
0.246494369815184,0.251403376826784,0.269591914343691,0.280063647040757,
0.285142803994465),.UNSPECIFIED.);
#721=B_SPLINE_CURVE_WITH_KNOTS('',3,(#7516,#7517,#7518,#7519,#7520,#7521,
#7522,#7523,#7524,#7525,#7526,#7527,#7528,#7529,#7530,#7531,#7532,#7533,
#7534,#7535,#7536,#7537),.UNSPECIFIED.,.F.,.F.,(4,3,3,3,3,3,3,4),(7.59274844815725,
7.95052510982636,8.94434074855465,9.93815638728295,10.9319720260112,11.9257876647395,
12.9196033034678,13.8759337553367),.UNSPECIFIED.);
#722=B_SPLINE_CURVE_WITH_KNOTS('',3,(#7538,#7539,#7540,#7541,#7542,#7543,
#7544,#7545,#7546,#7547,#7548,#7549,#7550,#7551,#7552,#7553,#7554,#7555,
#7556,#7557,#7558,#7559,#7560,#7561,#7562,#7563,#7564,#7565,#7566,#7567,
#7568,#7569,#7570,#7571,#7572,#7573,#7574,#7575,#7576,#7577,#7578,#7579,
#7580,#7581,#7582,#7583,#7584,#7585,#7586,#7587,#7588,#7589,#7590,#7591,
#7592,#7593,#7594,#7595,#7596,#7597,#7598,#7599,#7600,#7601,#7602,#7603,
#7604,#7605,#7606,#7607,#7608,#7609,#7610,#7611,#7612,#7613,#7614,#7615,
#7616),.UNSPECIFIED.,.F.,.F.,(4,3,3,3,3,3,3,3,3,3,3,3,3,3,3,3,3,3,3,3,3,
3,3,3,3,3,4),(0.,0.01847509914131,0.0367158908636948,0.050601503647043,
0.0580114874332965,0.0611334804088137,0.0788878071332686,0.0962816060159438,
0.109161402794578,0.115724514053459,0.119099974407072,0.135939899984042,
0.14780079313048,0.164592297734547,0.16938305047697,0.17308397965893,0.189853528675974,
0.206611396240735,0.216904235027612,0.222249889143627,0.226244786568809,
0.242339793263908,0.253194366253511,0.258082802022179,0.273550020444888,
0.282132829963009,0.286347380332133),.UNSPECIFIED.);
#723=B_SPLINE_CURVE_WITH_KNOTS('',3,(#7626,#7627,#7628,#7629,#7630,#7631,
#7632,#7633,#7634,#7635,#7636,#7637,#7638,#7639,#7640,#7641,#7642,#7643,
#7644,#7645,#7646,#7647,#7648,#7649,#7650,#7651,#7652,#7653,#7654,#7655,
#7656,#7657,#7658,#7659,#7660,#7661,#7662,#7663,#7664,#7665,#7666,#7667,
#7668,#7669,#7670,#7671,#7672,#7673,#7674,#7675,#7676,#7677,#7678,#7679,
#7680,#7681,#7682,#7683,#7684,#7685,#7686,#7687,#7688,#7689,#7690,#7691,
#7692,#7693,#7694,#7695,#7696,#7697,#7698,#7699,#7700,#7701,#7702,#7703,
#7704,#7705,#7706,#7707),.UNSPECIFIED.,.F.,.F.,(4,3,3,3,3,3,3,3,3,3,3,3,
3,3,3,3,3,3,3,3,3,3,3,3,3,3,3,4),(0.,0.0151259810313265,0.0309358812517586,
0.043751366091909,0.0495207478668186,0.0521427746788379,0.0684404493001871,
0.085045803663815,0.0971492927411017,0.101890272154263,0.10523544136236,
0.12231261478546,0.133459759972962,0.150104018543635,0.154679828437974,
0.158573773495363,0.175606882959425,0.193044715205204,0.203922081684671,
0.209204158497253,0.212514693665688,0.215893262682925,0.233892355018363,
0.246494572095835,0.251403487656015,0.269592005527044,0.280063647040943,
0.285142803995068),.UNSPECIFIED.);
#724=B_SPLINE_CURVE_WITH_KNOTS('',3,(#7708,#7709,#7710,#7711,#7712,#7713,
#7714,#7715,#7716,#7717,#7718,#7719,#7720,#7721,#7722,#7723,#7724,#7725,
#7726,#7727,#7728,#7729,#7730,#7731,#7732,#7733,#7734,#7735,#7736,#7737,
#7738,#7739,#7740,#7741,#7742,#7743,#7744,#7745,#7746,#7747,#7748,#7749,
#7750,#7751,#7752,#7753,#7754,#7755,#7756,#7757,#7758,#7759,#7760,#7761,
#7762,#7763,#7764,#7765,#7766,#7767,#7768,#7769,#7770,#7771,#7772,#7773,
#7774,#7775,#7776,#7777,#7778,#7779,#7780,#7781,#7782,#7783,#7784,#7785,
#7786),.UNSPECIFIED.,.F.,.F.,(4,3,3,3,3,3,3,3,3,3,3,3,3,3,3,3,3,3,3,3,3,
3,3,3,3,3,4),(0.,0.0184750991413098,0.03671583815095,0.0506014575233911,
0.0580113646428158,0.0611334001290502,0.0788877018987607,0.0962816179860307,
0.109161411772143,0.115724429361949,0.119099921241314,0.13593995438608,
0.147800793130479,0.164592297734569,0.169383026540284,0.173083977330856,
0.189853498506384,0.206611342900239,0.216904100259328,0.222249866627937,
0.226244809477229,0.242339874309415,0.253194540398579,0.258082842812721,
0.273550196979881,0.2821328299632,0.286347380332292),.UNSPECIFIED.);
#725=B_SPLINE_CURVE_WITH_KNOTS('',3,(#7788,#7789,#7790,#7791,#7792,#7793,
#7794,#7795,#7796,#7797,#7798),.UNSPECIFIED.,.F.,.F.,(4,1,1,1,1,1,1,1,4),
(15.707963267949,15.8306238184926,16.8244394572209,17.8182550959491,18.8120707346774,
19.8058863734057,20.7997020121339,21.7935176508622,21.9911485751286),
 .UNSPECIFIED.);
#726=B_SPLINE_CURVE_WITH_KNOTS('',3,(#7799,#7800,#7801,#7802,#7803,#7804,
#7805,#7806,#7807,#7808),.UNSPECIFIED.,.F.,.F.,(4,1,1,1,1,1,1,4),(15.707963267949,
16.3860314044285,17.3798470431568,18.3736626818851,19.3674783206133,20.3612939593416,
21.3551095980698,21.9911485751286),.UNSPECIFIED.);
#727=B_SPLINE_CURVE_WITH_KNOTS('',3,(#7905,#7906,#7907,#7908,#7909,#7910,
#7911,#7912,#7913,#7914,#7915,#7916,#7917,#7918,#7919,#7920,#7921,#7922,
#7923,#7924,#7925,#7926,#7927,#7928,#7929,#7930,#7931,#7932,#7933,#7934,
#7935,#7936,#7937,#7938,#7939,#7940,#7941,#7942,#7943,#7944,#7945,#7946,
#7947,#7948,#7949,#7950,#7951,#7952,#7953,#7954,#7955,#7956,#7957,#7958,
#7959,#7960,#7961,#7962,#7963,#7964,#7965,#7966,#7967,#7968,#7969,#7970,
#7971,#7972,#7973,#7974,#7975,#7976,#7977,#7978,#7979,#7980,#7981,#7982,
#7983),.UNSPECIFIED.,.F.,.F.,(4,3,3,3,3,3,3,3,3,3,3,3,3,3,3,3,3,3,3,3,3,
3,3,3,3,3,4),(0.,0.0184750991413096,0.0367158364174097,0.050601456006543,
0.0580113606253098,0.0611333975144315,0.0788876984459152,0.0962816182779112,
0.109161411991053,0.115724426524124,0.119099919491064,0.135939956070466,
0.147800793130477,0.161263839056176,0.167657015545596,0.170689874542154,
0.173876020170124,0.190604930484436,0.207261577829966,0.219322473506492,
0.223177459031123,0.226138851567765,0.24221659052988,0.255505160536072,
0.271014235111257,0.282132829963673,0.286347380332657),.UNSPECIFIED.);
#728=B_SPLINE_CURVE_WITH_KNOTS('',3,(#7984,#7985,#7986,#7987,#7988,#7989,
#7990,#7991,#7992,#7993,#7994,#7995,#7996,#7997,#7998,#7999,#8000,#8001,
#8002,#8003,#8004,#8005,#8006,#8007,#8008),.UNSPECIFIED.,.F.,.F.,(4,3,3,
3,3,3,3,3,4),(-10.1357873115491,-9.93815638728261,-8.94434074855435,-7.95052510982608,
-6.95670947109783,-5.96289383236956,-4.9690781936413,-3.97526255491304,
-3.85260200436938),.UNSPECIFIED.);
#729=B_SPLINE_CURVE_WITH_KNOTS('',3,(#8105,#8106,#8107,#8108,#8109,#8110,
#8111,#8112,#8113,#8114,#8115,#8116,#8117,#8118,#8119,#8120,#8121,#8122,
#8123,#8124,#8125,#8126,#8127,#8128,#8129,#8130,#8131,#8132,#8133,#8134,
#8135,#8136,#8137,#8138,#8139,#8140,#8141,#8142,#8143,#8144,#8145,#8146,
#8147,#8148,#8149,#8150,#8151,#8152,#8153,#8154,#8155,#8156,#8157,#8158,
#8159,#8160,#8161,#8162,#8163,#8164,#8165,#8166,#8167,#8168,#8169,#8170,
#8171,#8172,#8173,#8174,#8175,#8176,#8177,#8178,#8179,#8180,#8181,#8182,
#8183,#8184,#8185,#8186),.UNSPECIFIED.,.F.,.F.,(4,3,3,3,3,3,3,3,3,3,3,3,
3,3,3,3,3,3,3,3,3,3,3,3,3,3,3,4),(0.,0.0151259983867859,0.0309359115107686,
0.0437513925685447,0.0495208432163399,0.0521429207598864,0.0684406115472038,
0.0850459716310606,0.0971494187165398,0.101890980188006,0.10523557855159,
0.122312751203259,0.133459759972977,0.150104011870834,0.154679821283199,
0.158573773139216,0.175606875108786,0.193044703689742,0.203922071608623,
0.209204154023027,0.212514678695693,0.21589325958238,0.233892351673257,
0.246494565916222,0.251403484261872,0.269592002745284,0.280063647040789,
0.285142803994507),.UNSPECIFIED.);
#730=B_SPLINE_CURVE_WITH_KNOTS('',3,(#8187,#8188,#8189,#8190,#8191,#8192,
#8193,#8194,#8195,#8196,#8197,#8198,#8199,#8200,#8201,#8202,#8203,#8204,
#8205,#8206,#8207,#8208),.UNSPECIFIED.,.F.,.F.,(4,3,3,3,3,3,3,4),(7.59274844815659,
7.9505251098261,8.94434074855436,9.93815638728263,10.9319720260109,11.9257876647391,
12.9196033034674,13.875933755336),.UNSPECIFIED.);
#731=B_SPLINE_CURVE_WITH_KNOTS('',3,(#8210,#8211,#8212,#8213,#8214,#8215,
#8216,#8217,#8218,#8219,#8220),.UNSPECIFIED.,.F.,.F.,(4,1,1,1,1,1,1,1,4),
(15.707963267949,15.8306238184923,16.8244394572206,17.8182550959488,18.812070734677,
19.8058863734053,20.7997020121335,21.7935176508618,21.9911485751286),
 .UNSPECIFIED.);
#732=B_SPLINE_CURVE_WITH_KNOTS('',3,(#8221,#8222,#8223,#8224,#8225,#8226,
#8227,#8228,#8229,#8230),.UNSPECIFIED.,.F.,.F.,(4,1,1,1,1,1,1,4),(15.707963267949,
16.3860314044283,17.3798470431565,18.3736626818848,19.367478320613,20.3612939593412,
21.3551095980695,21.9911485751286),.UNSPECIFIED.);
#733=B_SPLINE_CURVE_WITH_KNOTS('',3,(#8327,#8328,#8329,#8330,#8331,#8332,
#8333,#8334,#8335,#8336,#8337,#8338,#8339,#8340,#8341,#8342,#8343,#8344,
#8345,#8346,#8347,#8348,#8349,#8350,#8351,#8352,#8353,#8354,#8355,#8356,
#8357,#8358,#8359,#8360,#8361,#8362,#8363,#8364,#8365,#8366,#8367,#8368,
#8369,#8370,#8371,#8372,#8373,#8374,#8375,#8376,#8377,#8378,#8379,#8380,
#8381,#8382,#8383,#8384,#8385,#8386,#8387,#8388,#8389,#8390,#8391,#8392,
#8393,#8394,#8395,#8396,#8397,#8398,#8399,#8400,#8401,#8402,#8403,#8404,
#8405),.UNSPECIFIED.,.F.,.F.,(4,3,3,3,3,3,3,3,3,3,3,3,3,3,3,3,3,3,3,3,3,
3,3,3,3,3,4),(0.,0.0184750991413092,0.0367159137240655,0.0506015236498665,
0.0580115410784586,0.0611335156262351,0.0788878528355954,0.0962815987856096,
0.109161397371826,0.11572454969543,0.119099997408468,0.135939874361924,
0.147800793130473,0.161263839056174,0.167657063784163,0.170689951767522,
0.173876024324718,0.190604958880493,0.207261598473187,0.21932248898891,
0.223177370305648,0.226138684770417,0.242216331467785,0.255505160536079,
0.271014045297435,0.282132829963856,0.286347380332803),.UNSPECIFIED.);
#734=B_SPLINE_CURVE_WITH_KNOTS('',3,(#8406,#8407,#8408,#8409,#8410,#8411,
#8412,#8413,#8414,#8415,#8416,#8417,#8418,#8419,#8420,#8421,#8422,#8423,
#8424,#8425,#8426,#8427,#8428,#8429,#8430,#8431,#8432,#8433,#8434,#8435,
#8436,#8437,#8438,#8439,#8440,#8441,#8442,#8443,#8444,#8445,#8446,#8447,
#8448,#8449,#8450,#8451,#8452,#8453,#8454,#8455,#8456,#8457,#8458,#8459,
#8460,#8461,#8462,#8463,#8464,#8465,#8466,#8467,#8468,#8469,#8470,#8471,
#8472,#8473,#8474,#8475,#8476,#8477,#8478,#8479,#8480,#8481,#8482,#8483,
#8484,#8485,#8486,#8487),.UNSPECIFIED.,.F.,.F.,(4,3,3,3,3,3,3,3,3,3,3,3,
3,3,3,3,3,3,3,3,3,3,3,3,3,3,3,4),(0.,0.0151267755678093,0.0309372652575106,
0.0437525770969432,0.0495251115161643,0.0521495125989572,0.0684479270820534,
0.0850535399212355,0.0971550949341695,0.101923181549079,0.105242034724559,
0.122319168197965,0.133459759972971,0.150103709101731,0.154679492648996,
0.158573755980703,0.175606517699639,0.193044180120639,0.203921613485679,
0.209203947013324,0.212513986328278,0.215893115958321,0.23389219663013,
0.2464942797328,0.251403327523703,0.269591873260512,0.280063647040964,0.285142803995123),
 .UNSPECIFIED.);
#735=B_SPLINE_CURVE_WITH_KNOTS('',3,(#8488,#8489,#8490,#8491,#8492,#8493,
#8494,#8495,#8496,#8497,#8498,#8499,#8500,#8501,#8502,#8503,#8504,#8505,
#8506,#8507,#8508,#8509,#8510,#8511,#8512),.UNSPECIFIED.,.F.,.F.,(4,3,3,
3,3,3,3,3,4),(-10.1357873115493,-9.93815638728239,-8.94434074855416,-7.95052510982592,
-6.95670947109767,-5.96289383236943,-4.9690781936412,-3.97526255491296,
-3.85260200436961),.UNSPECIFIED.);
#736=B_SPLINE_CURVE_WITH_KNOTS('',3,(#8609,#8610,#8611,#8612,#8613,#8614,
#8615,#8616,#8617,#8618,#8619,#8620,#8621,#8622,#8623,#8624,#8625,#8626,
#8627,#8628,#8629,#8630,#8631,#8632,#8633,#8634,#8635,#8636,#8637,#8638,
#8639,#8640,#8641,#8642,#8643,#8644,#8645,#8646,#8647,#8648,#8649,#8650,
#8651,#8652,#8653,#8654,#8655,#8656,#8657,#8658,#8659,#8660,#8661,#8662,
#8663,#8664,#8665,#8666,#8667,#8668,#8669,#8670,#8671,#8672,#8673,#8674,
#8675,#8676,#8677,#8678,#8679,#8680,#8681,#8682,#8683,#8684),
 .UNSPECIFIED.,.F.,.F.,(4,3,3,3,3,3,3,3,3,3,3,3,3,3,3,3,3,3,3,3,3,3,3,3,
3,4),(0.,0.0151267733218914,0.0309372613484672,0.04375257367653,0.0495250991837504,
0.0521494933926845,0.0684479057833003,0.0850535179014264,0.0971550784193123,
0.101923087000495,0.105242015151711,0.122319148751123,0.13345975997297,
0.147842349365204,0.155318265590786,0.158466019392918,0.17536227177693,
0.192707683476534,0.20666088138511,0.211443982120575,0.214938801774634,
0.232937678856913,0.24852047511084,0.266732835315183,0.280063647040702,
0.285142803994308),.UNSPECIFIED.);
#737=B_SPLINE_CURVE_WITH_KNOTS('',3,(#8685,#8686,#8687,#8688,#8689,#8690,
#8691,#8692,#8693,#8694,#8695,#8696,#8697,#8698,#8699,#8700,#8701,#8702,
#8703,#8704,#8705,#8706),.UNSPECIFIED.,.F.,.F.,(4,3,3,3,3,3,3,4),(7.59274844815681,
7.95052510982593,8.94434074855417,9.93815638728242,10.9319720260107,11.9257876647389,
12.9196033034671,13.8759337553363),.UNSPECIFIED.);
#738=B_SPLINE_CURVE_WITH_KNOTS('',3,(#8707,#8708,#8709,#8710,#8711,#8712,
#8713,#8714,#8715,#8716,#8717,#8718,#8719,#8720,#8721,#8722,#8723,#8724,
#8725,#8726,#8727,#8728,#8729,#8730,#8731,#8732,#8733,#8734,#8735,#8736,
#8737,#8738,#8739,#8740,#8741,#8742,#8743,#8744,#8745,#8746,#8747,#8748,
#8749,#8750,#8751,#8752,#8753,#8754,#8755,#8756,#8757,#8758,#8759,#8760,
#8761,#8762,#8763,#8764,#8765,#8766,#8767,#8768,#8769,#8770,#8771,#8772,
#8773,#8774,#8775,#8776,#8777,#8778,#8779,#8780,#8781,#8782,#8783,#8784,
#8785),.UNSPECIFIED.,.F.,.F.,(4,3,3,3,3,3,3,3,3,3,3,3,3,3,3,3,3,3,3,3,3,
3,3,3,3,3,4),(0.,0.0184750991413085,0.0367159135111651,0.0506015234635779,
0.0580115405778109,0.0611335153015351,0.0788878524141255,0.0962815988627177,
0.109161397429655,0.115724549370232,0.119099997195369,0.135939874607002,
0.147800793130468,0.16459229773455,0.169383059977921,0.173083980225615,
0.189853541243737,0.206611418310307,0.216904295353921,0.222249898419084,
0.226244775972497,0.242339755526699,0.25319428621479,0.258082783558652,
0.273549940029006,0.282132829963122,0.286347380332226),.UNSPECIFIED.);
#739=B_SPLINE_CURVE_WITH_KNOTS('',3,(#8795,#8796,#8797,#8798,#8799,#8800,
#8801,#8802,#8803,#8804,#8805,#8806,#8807,#8808,#8809,#8810,#8811,#8812,
#8813,#8814,#8815,#8816,#8817,#8818,#8819,#8820,#8821,#8822,#8823,#8824,
#8825,#8826,#8827,#8828,#8829,#8830,#8831,#8832,#8833,#8834,#8835,#8836,
#8837,#8838,#8839,#8840,#8841,#8842,#8843,#8844,#8845,#8846,#8847,#8848,
#8849,#8850,#8851,#8852,#8853,#8854,#8855,#8856,#8857,#8858,#8859,#8860,
#8861,#8862,#8863,#8864,#8865,#8866,#8867,#8868,#8869,#8870,#8871,#8872,
#8873,#8874,#8875,#8876),.UNSPECIFIED.,.F.,.F.,(4,3,3,3,3,3,3,3,3,3,3,3,
3,3,3,3,3,3,3,3,3,3,3,3,3,3,3,4),(0.,0.0151262176324161,0.0309362936560334,
0.0437517269456522,0.0495220476122024,0.0521447704237323,0.0684426654120793,
0.0850480974702524,0.0971510130959352,0.101899965890466,0.10523733754203,
0.122314500058344,0.133459759972984,0.150103927255352,0.154679730220883,
0.158573768619692,0.175606775522375,0.193044557636503,0.203921943812036,
0.209204096959126,0.212514487717417,0.215893220009476,0.233892308970333,
0.246494486995524,0.251403441004788,0.269591967350264,0.280063647040769,
0.285142803994462),.UNSPECIFIED.);
#740=B_SPLINE_CURVE_WITH_KNOTS('',3,(#8877,#8878,#8879,#8880,#8881,#8882,
#8883,#8884,#8885,#8886,#8887,#8888,#8889,#8890,#8891,#8892,#8893,#8894,
#8895,#8896,#8897,#8898,#8899,#8900,#8901,#8902,#8903,#8904,#8905,#8906,
#8907,#8908,#8909,#8910,#8911,#8912,#8913,#8914,#8915,#8916,#8917,#8918,
#8919,#8920,#8921,#8922,#8923,#8924,#8925,#8926,#8927,#8928,#8929,#8930,
#8931,#8932,#8933,#8934,#8935,#8936,#8937,#8938,#8939,#8940,#8941,#8942,
#8943,#8944,#8945,#8946,#8947,#8948,#8949,#8950,#8951,#8952,#8953,#8954,
#8955),.UNSPECIFIED.,.F.,.F.,(4,3,3,3,3,3,3,3,3,3,3,3,3,3,3,3,3,3,3,3,3,
3,3,3,3,3,4),(0.,0.0184750991413089,0.0367158600813344,0.0506014767124765,
0.0580114155781125,0.0611334333700953,0.0788877456492377,0.0962816137727391,
0.109161408612172,0.115724465001601,0.119099943378909,0.135939932519739,
0.147800793130471,0.161263839056171,0.167657030557789,0.170689899514505,
0.173876021942113,0.190604939745292,0.207261585496238,0.219322479256196,
0.223177438424336,0.226138809692514,0.242216521926888,0.25550516053607,
0.271014179534868,0.282132829963733,0.2863473803327),.UNSPECIFIED.);
#741=B_SPLINE_CURVE_WITH_KNOTS('',3,(#8957,#8958,#8959,#8960,#8961,#8962,
#8963,#8964,#8965,#8966,#8967),.UNSPECIFIED.,.F.,.F.,(4,1,1,1,1,1,1,1,4),
(15.707963267949,15.8306238184924,16.8244394572207,17.8182550959489,18.8120707346772,
19.8058863734054,20.7997020121337,21.793517650862,21.9911485751286),
 .UNSPECIFIED.);
#742=B_SPLINE_CURVE_WITH_KNOTS('',3,(#8968,#8969,#8970,#8971,#8972,#8973,
#8974,#8975,#8976,#8977),.UNSPECIFIED.,.F.,.F.,(4,1,1,1,1,1,1,4),(15.707963267949,
16.3860314044283,17.3798470431566,18.3736626818848,19.3674783206131,20.3612939593414,
21.3551095980696,21.9911485751286),.UNSPECIFIED.);
#743=B_SPLINE_CURVE_WITH_KNOTS('',3,(#9074,#9075,#9076,#9077,#9078,#9079,
#9080,#9081,#9082,#9083,#9084,#9085,#9086,#9087,#9088,#9089,#9090,#9091,
#9092,#9093,#9094,#9095,#9096,#9097,#9098,#9099,#9100,#9101,#9102,#9103,
#9104,#9105,#9106,#9107,#9108,#9109,#9110,#9111,#9112,#9113,#9114,#9115,
#9116,#9117,#9118,#9119,#9120,#9121,#9122,#9123,#9124,#9125,#9126,#9127,
#9128,#9129,#9130,#9131,#9132,#9133,#9134,#9135,#9136,#9137,#9138,#9139,
#9140,#9141,#9142,#9143,#9144,#9145,#9146,#9147,#9148,#9149,#9150,#9151,
#9152,#9153,#9154,#9155),.UNSPECIFIED.,.F.,.F.,(4,3,3,3,3,3,3,3,3,3,3,3,
3,3,3,3,3,3,3,3,3,3,3,3,3,3,3,4),(0.,0.0151262197055823,0.030936297269195,
0.0437517301071674,0.049522059001342,0.0521447879541903,0.0684426848738279,
0.0850481176106692,0.0971510282012455,0.101900051240875,0.105237354408474,
0.12231451682571,0.133459759972974,0.150103926453026,0.154679729354752,
0.158573768573825,0.175606774573755,0.19304455624671,0.203921942595994,
0.209204096413364,0.21251448587785,0.21589321962898,0.233892308559826,0.246494486232332,
0.251403440587206,0.269591967025078,0.280063647040983,0.285142803995137),
 .UNSPECIFIED.);
#744=B_SPLINE_CURVE_WITH_KNOTS('',3,(#9156,#9157,#9158,#9159,#9160,#9161,
#9162,#9163,#9164,#9165,#9166,#9167,#9168,#9169,#9170,#9171,#9172,#9173,
#9174,#9175,#9176,#9177,#9178,#9179,#9180),.UNSPECIFIED.,.F.,.F.,(4,3,3,
3,3,3,3,3,4),(-10.1357873115493,-9.9381563872826,-8.94434074855434,-7.95052510982608,
-6.95670947109782,-5.96289383236956,-4.9690781936413,-3.97526255491304,
-3.85260200436961),.UNSPECIFIED.);
#745=B_SPLINE_CURVE_WITH_KNOTS('',3,(#9277,#9278,#9279,#9280,#9281,#9282,
#9283,#9284,#9285,#9286,#9287,#9288,#9289,#9290,#9291,#9292,#9293,#9294,
#9295,#9296,#9297,#9298),.UNSPECIFIED.,.F.,.F.,(4,3,3,3,3,3,3,4),(7.59274844815681,
7.9505251098261,8.94434074855437,9.93815638728263,10.9319720260109,11.9257876647392,
12.9196033034674,13.8759337553363),.UNSPECIFIED.);
#746=B_SPLINE_CURVE_WITH_KNOTS('',3,(#9299,#9300,#9301,#9302,#9303,#9304,
#9305,#9306,#9307,#9308,#9309,#9310,#9311,#9312,#9313,#9314,#9315,#9316,
#9317,#9318,#9319,#9320,#9321,#9322,#9323,#9324,#9325,#9326,#9327,#9328,
#9329,#9330,#9331,#9332,#9333,#9334,#9335,#9336,#9337,#9338,#9339,#9340,
#9341,#9342,#9343,#9344,#9345,#9346,#9347,#9348,#9349,#9350,#9351,#9352,
#9353,#9354,#9355,#9356,#9357,#9358,#9359,#9360,#9361,#9362,#9363,#9364,
#9365,#9366,#9367,#9368,#9369,#9370,#9371,#9372,#9373,#9374,#9375,#9376,
#9377),.UNSPECIFIED.,.F.,.F.,(4,3,3,3,3,3,3,3,3,3,3,3,3,3,3,3,3,3,3,3,3,
3,3,3,3,3,4),(0.,0.0184750991413082,0.0367158598771055,0.0506014765337755,
0.058011415102984,0.0611334330722225,0.0788877452547548,0.0962816138293275,
0.109161408654612,0.115724464683243,0.119099943175501,0.135939932730468,
0.147800793130465,0.164592297734547,0.169383036704496,0.173083978453178,
0.189853511087469,0.206611365201369,0.216904154883237,0.222249876065135,
0.226244800332989,0.242339842024694,0.253194470623826,0.258082826364148,
0.273550125962133,0.282132829963119,0.28634738033222),.UNSPECIFIED.);
#747=LINE('',#4206,#1052);
#748=LINE('',#4227,#1053);
#749=LINE('',#4278,#1054);
#750=LINE('',#4317,#1055);
#751=LINE('',#4338,#1056);
#752=LINE('',#4389,#1057);
#753=LINE('',#4428,#1058);
#754=LINE('',#4449,#1059);
#755=LINE('',#4500,#1060);
#756=LINE('',#4539,#1061);
#757=LINE('',#4560,#1062);
#758=LINE('',#4611,#1063);
#759=LINE('',#4650,#1064);
#760=LINE('',#4674,#1065);
#761=LINE('',#4698,#1066);
#762=LINE('',#4715,#1067);
#763=LINE('',#4739,#1068);
#764=LINE('',#4763,#1069);
#765=LINE('',#4780,#1070);
#766=LINE('',#4804,#1071);
#767=LINE('',#4828,#1072);
#768=LINE('',#4845,#1073);
#769=LINE('',#4869,#1074);
#770=LINE('',#4893,#1075);
#771=LINE('',#5121,#1076);
#772=LINE('',#5123,#1077);
#773=LINE('',#5125,#1078);
#774=LINE('',#5126,#1079);
#775=LINE('',#6384,#1080);
#776=LINE('',#6386,#1081);
#777=LINE('',#6388,#1082);
#778=LINE('',#6390,#1083);
#779=LINE('',#6394,#1084);
#780=LINE('',#6398,#1085);
#781=LINE('',#6400,#1086);
#782=LINE('',#6402,#1087);
#783=LINE('',#6404,#1088);
#784=LINE('',#6406,#1089);
#785=LINE('',#6408,#1090);
#786=LINE('',#6410,#1091);
#787=LINE('',#6412,#1092);
#788=LINE('',#6414,#1093);
#789=LINE('',#6416,#1094);
#790=LINE('',#6417,#1095);
#791=LINE('',#6437,#1096);
#792=LINE('',#6439,#1097);
#793=LINE('',#6441,#1098);
#794=LINE('',#6442,#1099);
#795=LINE('',#6445,#1100);
#796=LINE('',#6447,#1101);
#797=LINE('',#6449,#1102);
#798=LINE('',#6450,#1103);
#799=LINE('',#6453,#1104);
#800=LINE('',#6455,#1105);
#801=LINE('',#6457,#1106);
#802=LINE('',#6458,#1107);
#803=LINE('',#6461,#1108);
#804=LINE('',#6463,#1109);
#805=LINE('',#6465,#1110);
#806=LINE('',#6466,#1111);
#807=LINE('',#6469,#1112);
#808=LINE('',#6471,#1113);
#809=LINE('',#6473,#1114);
#810=LINE('',#6474,#1115);
#811=LINE('',#6477,#1116);
#812=LINE('',#6479,#1117);
#813=LINE('',#6481,#1118);
#814=LINE('',#6482,#1119);
#815=LINE('',#6485,#1120);
#816=LINE('',#6487,#1121);
#817=LINE('',#6489,#1122);
#818=LINE('',#6490,#1123);
#819=LINE('',#6493,#1124);
#820=LINE('',#6495,#1125);
#821=LINE('',#6497,#1126);
#822=LINE('',#6498,#1127);
#823=LINE('',#6501,#1128);
#824=LINE('',#6503,#1129);
#825=LINE('',#6505,#1130);
#826=LINE('',#6506,#1131);
#827=LINE('',#6509,#1132);
#828=LINE('',#6511,#1133);
#829=LINE('',#6513,#1134);
#830=LINE('',#6514,#1135);
#831=LINE('',#6517,#1136);
#832=LINE('',#6519,#1137);
#833=LINE('',#6521,#1138);
#834=LINE('',#6522,#1139);
#835=LINE('',#6525,#1140);
#836=LINE('',#6527,#1141);
#837=LINE('',#6529,#1142);
#838=LINE('',#6530,#1143);
#839=LINE('',#6533,#1144);
#840=LINE('',#6535,#1145);
#841=LINE('',#6537,#1146);
#842=LINE('',#6538,#1147);
#843=LINE('',#6543,#1148);
#844=LINE('',#6547,#1149);
#845=LINE('',#6551,#1150);
#846=LINE('',#6555,#1151);
#847=LINE('',#6563,#1152);
#848=LINE('',#6567,#1153);
#849=LINE('',#6571,#1154);
#850=LINE('',#6573,#1155);
#851=LINE('',#6575,#1156);
#852=LINE('',#6576,#1157);
#853=LINE('',#6961,#1158);
#854=LINE('',#6962,#1159);
#855=LINE('',#6963,#1160);
#856=LINE('',#6966,#1161);
#857=LINE('',#6967,#1162);
#858=LINE('',#6970,#1163);
#859=LINE('',#6971,#1164);
#860=LINE('',#6973,#1165);
#861=LINE('',#6977,#1166);
#862=LINE('',#6978,#1167);
#863=LINE('',#6979,#1168);
#864=LINE('',#6983,#1169);
#865=LINE('',#6986,#1170);
#866=LINE('',#6987,#1171);
#867=LINE('',#6992,#1172);
#868=LINE('',#6996,#1173);
#869=LINE('',#7001,#1174);
#870=LINE('',#7002,#1175);
#871=LINE('',#7003,#1176);
#872=LINE('',#7007,#1177);
#873=LINE('',#7010,#1178);
#874=LINE('',#7011,#1179);
#875=LINE('',#7015,#1180);
#876=LINE('',#7018,#1181);
#877=LINE('',#7019,#1182);
#878=LINE('',#7023,#1183);
#879=LINE('',#7026,#1184);
#880=LINE('',#7027,#1185);
#881=LINE('',#7032,#1186);
#882=LINE('',#7620,#1187);
#883=LINE('',#7622,#1188);
#884=LINE('',#7624,#1189);
#885=LINE('',#7625,#1190);
#886=LINE('',#8789,#1191);
#887=LINE('',#8791,#1192);
#888=LINE('',#8793,#1193);
#889=LINE('',#8794,#1194);
#890=LINE('',#9385,#1195);
#891=LINE('',#9386,#1196);
#892=LINE('',#9387,#1197);
#893=LINE('',#9390,#1198);
#894=LINE('',#9391,#1199);
#895=LINE('',#9394,#1200);
#896=LINE('',#9395,#1201);
#897=LINE('',#9397,#1202);
#898=LINE('',#9401,#1203);
#899=LINE('',#9402,#1204);
#900=LINE('',#9403,#1205);
#901=LINE('',#9406,#1206);
#902=LINE('',#9407,#1207);
#903=LINE('',#9410,#1208);
#904=LINE('',#9411,#1209);
#905=LINE('',#9413,#1210);
#906=LINE('',#9417,#1211);
#907=LINE('',#9418,#1212);
#908=LINE('',#9419,#1213);
#909=LINE('',#9422,#1214);
#910=LINE('',#9423,#1215);
#911=LINE('',#9426,#1216);
#912=LINE('',#9427,#1217);
#913=LINE('',#9429,#1218);
#914=LINE('',#9433,#1219);
#915=LINE('',#9434,#1220);
#916=LINE('',#9435,#1221);
#917=LINE('',#9438,#1222);
#918=LINE('',#9439,#1223);
#919=LINE('',#9442,#1224);
#920=LINE('',#9443,#1225);
#921=LINE('',#9445,#1226);
#922=LINE('',#9449,#1227);
#923=LINE('',#9450,#1228);
#924=LINE('',#9451,#1229);
#925=LINE('',#9454,#1230);
#926=LINE('',#9455,#1231);
#927=LINE('',#9458,#1232);
#928=LINE('',#9459,#1233);
#929=LINE('',#9461,#1234);
#930=LINE('',#9465,#1235);
#931=LINE('',#9466,#1236);
#932=LINE('',#9467,#1237);
#933=LINE('',#9470,#1238);
#934=LINE('',#9471,#1239);
#935=LINE('',#9474,#1240);
#936=LINE('',#9475,#1241);
#937=LINE('',#9477,#1242);
#938=LINE('',#9481,#1243);
#939=LINE('',#9482,#1244);
#940=LINE('',#9483,#1245);
#941=LINE('',#9486,#1246);
#942=LINE('',#9487,#1247);
#943=LINE('',#9490,#1248);
#944=LINE('',#9491,#1249);
#945=LINE('',#9493,#1250);
#946=LINE('',#9497,#1251);
#947=LINE('',#9498,#1252);
#948=LINE('',#9499,#1253);
#949=LINE('',#9502,#1254);
#950=LINE('',#9503,#1255);
#951=LINE('',#9506,#1256);
#952=LINE('',#9507,#1257);
#953=LINE('',#9509,#1258);
#954=LINE('',#9513,#1259);
#955=LINE('',#9514,#1260);
#956=LINE('',#9515,#1261);
#957=LINE('',#9518,#1262);
#958=LINE('',#9519,#1263);
#959=LINE('',#9522,#1264);
#960=LINE('',#9523,#1265);
#961=LINE('',#9525,#1266);
#962=LINE('',#9529,#1267);
#963=LINE('',#9530,#1268);
#964=LINE('',#9531,#1269);
#965=LINE('',#9534,#1270);
#966=LINE('',#9535,#1271);
#967=LINE('',#9538,#1272);
#968=LINE('',#9539,#1273);
#969=LINE('',#9541,#1274);
#970=LINE('',#9545,#1275);
#971=LINE('',#9546,#1276);
#972=LINE('',#9547,#1277);
#973=LINE('',#9550,#1278);
#974=LINE('',#9551,#1279);
#975=LINE('',#9554,#1280);
#976=LINE('',#9555,#1281);
#977=LINE('',#9557,#1282);
#978=LINE('',#9561,#1283);
#979=LINE('',#9562,#1284);
#980=LINE('',#9563,#1285);
#981=LINE('',#9566,#1286);
#982=LINE('',#9567,#1287);
#983=LINE('',#9570,#1288);
#984=LINE('',#9571,#1289);
#985=LINE('',#9573,#1290);
#986=LINE('',#9577,#1291);
#987=LINE('',#9578,#1292);
#988=LINE('',#9579,#1293);
#989=LINE('',#9582,#1294);
#990=LINE('',#9583,#1295);
#991=LINE('',#9586,#1296);
#992=LINE('',#9587,#1297);
#993=LINE('',#9589,#1298);
#994=LINE('',#9592,#1299);
#995=LINE('',#9594,#1300);
#996=LINE('',#9595,#1301);
#997=LINE('',#9598,#1302);
#998=LINE('',#9602,#1303);
#999=LINE('',#9605,#1304);
#1000=LINE('',#9607,#1305);
#1001=LINE('',#9610,#1306);
#1002=LINE('',#9612,#1307);
#1003=LINE('',#9614,#1308);
#1004=LINE('',#9616,#1309);
#1005=LINE('',#9618,#1310);
#1006=LINE('',#9620,#1311);
#1007=LINE('',#9622,#1312);
#1008=LINE('',#9624,#1313);
#1009=LINE('',#9626,#1314);
#1010=LINE('',#9628,#1315);
#1011=LINE('',#9630,#1316);
#1012=LINE('',#9634,#1317);
#1013=LINE('',#9638,#1318);
#1014=LINE('',#9640,#1319);
#1015=LINE('',#9641,#1320);
#1016=LINE('',#9644,#1321);
#1017=LINE('',#9646,#1322);
#1018=LINE('',#9647,#1323);
#1019=LINE('',#9650,#1324);
#1020=LINE('',#9654,#1325);
#1021=LINE('',#9656,#1326);
#1022=LINE('',#9661,#1327);
#1023=LINE('',#9662,#1328);
#1024=LINE('',#9669,#1329);
#1025=LINE('',#9670,#1330);
#1026=LINE('',#9673,#1331);
#1027=LINE('',#9674,#1332);
#1028=LINE('',#9677,#1333);
#1029=LINE('',#9679,#1334);
#1030=LINE('',#9680,#1335);
#1031=LINE('',#9683,#1336);
#1032=LINE('',#9685,#1337);
#1033=LINE('',#9686,#1338);
#1034=LINE('',#9688,#1339);
#1035=LINE('',#9690,#1340);
#1036=LINE('',#9692,#1341);
#1037=LINE('',#9697,#1342);
#1038=LINE('',#9700,#1343);
#1039=LINE('',#9701,#1344);
#1040=LINE('',#9703,#1345);
#1041=LINE('',#9705,#1346);
#1042=LINE('',#9707,#1347);
#1043=LINE('',#9709,#1348);
#1044=LINE('',#9711,#1349);
#1045=LINE('',#9713,#1350);
#1046=LINE('',#9715,#1351);
#1047=LINE('',#9717,#1352);
#1048=LINE('',#9721,#1353);
#1049=LINE('',#9723,#1354);
#1050=LINE('',#9726,#1355);
#1051=LINE('',#9730,#1356);
#1052=VECTOR('',#3484,1.59938642596269);
#1053=VECTOR('',#3489,1.59938642596269);
#1054=VECTOR('',#3492,1.59938642596269);
#1055=VECTOR('',#3497,1.59938642596269);
#1056=VECTOR('',#3502,1.59938642596269);
#1057=VECTOR('',#3505,1.59938642596269);
#1058=VECTOR('',#3510,1.6);
#1059=VECTOR('',#3515,1.6);
#1060=VECTOR('',#3518,1.6);
#1061=VECTOR('',#3523,1.6);
#1062=VECTOR('',#3528,1.6);
#1063=VECTOR('',#3531,1.6);
#1064=VECTOR('',#3536,1.54300000000001);
#1065=VECTOR('',#3541,1.54300000000001);
#1066=VECTOR('',#3544,1.54300000000001);
#1067=VECTOR('',#3549,1.543);
#1068=VECTOR('',#3554,1.543);
#1069=VECTOR('',#3557,1.543);
#1070=VECTOR('',#3562,1.543);
#1071=VECTOR('',#3567,1.543);
#1072=VECTOR('',#3570,1.543);
#1073=VECTOR('',#3575,1.543);
#1074=VECTOR('',#3580,1.543);
#1075=VECTOR('',#3583,1.543);
#1076=VECTOR('',#3590,10.);
#1077=VECTOR('',#3591,10.);
#1078=VECTOR('',#3592,10.);
#1079=VECTOR('',#3593,10.);
#1080=VECTOR('',#3608,10.);
#1081=VECTOR('',#3609,10.);
#1082=VECTOR('',#3610,10.);
#1083=VECTOR('',#3611,10.);
#1084=VECTOR('',#3614,10.);
#1085=VECTOR('',#3617,10.);
#1086=VECTOR('',#3618,10.);
#1087=VECTOR('',#3619,10.);
#1088=VECTOR('',#3620,10.);
#1089=VECTOR('',#3621,10.);
#1090=VECTOR('',#3622,10.);
#1091=VECTOR('',#3623,10.);
#1092=VECTOR('',#3624,10.);
#1093=VECTOR('',#3625,10.);
#1094=VECTOR('',#3626,10.);
#1095=VECTOR('',#3627,10.);
#1096=VECTOR('',#3628,10.);
#1097=VECTOR('',#3629,10.);
#1098=VECTOR('',#3630,10.);
#1099=VECTOR('',#3631,10.);
#1100=VECTOR('',#3632,10.);
#1101=VECTOR('',#3633,10.);
#1102=VECTOR('',#3634,10.);
#1103=VECTOR('',#3635,10.);
#1104=VECTOR('',#3636,10.);
#1105=VECTOR('',#3637,10.);
#1106=VECTOR('',#3638,10.);
#1107=VECTOR('',#3639,10.);
#1108=VECTOR('',#3640,10.);
#1109=VECTOR('',#3641,10.);
#1110=VECTOR('',#3642,10.);
#1111=VECTOR('',#3643,10.);
#1112=VECTOR('',#3644,10.);
#1113=VECTOR('',#3645,10.);
#1114=VECTOR('',#3646,10.);
#1115=VECTOR('',#3647,10.);
#1116=VECTOR('',#3648,10.);
#1117=VECTOR('',#3649,10.);
#1118=VECTOR('',#3650,10.);
#1119=VECTOR('',#3651,10.);
#1120=VECTOR('',#3652,10.);
#1121=VECTOR('',#3653,10.);
#1122=VECTOR('',#3654,10.);
#1123=VECTOR('',#3655,10.);
#1124=VECTOR('',#3656,10.);
#1125=VECTOR('',#3657,10.);
#1126=VECTOR('',#3658,10.);
#1127=VECTOR('',#3659,10.);
#1128=VECTOR('',#3660,10.);
#1129=VECTOR('',#3661,10.);
#1130=VECTOR('',#3662,10.);
#1131=VECTOR('',#3663,10.);
#1132=VECTOR('',#3664,10.);
#1133=VECTOR('',#3665,10.);
#1134=VECTOR('',#3666,10.);
#1135=VECTOR('',#3667,10.);
#1136=VECTOR('',#3668,10.);
#1137=VECTOR('',#3669,10.);
#1138=VECTOR('',#3670,10.);
#1139=VECTOR('',#3671,10.);
#1140=VECTOR('',#3672,10.);
#1141=VECTOR('',#3673,10.);
#1142=VECTOR('',#3674,10.);
#1143=VECTOR('',#3675,10.);
#1144=VECTOR('',#3676,10.);
#1145=VECTOR('',#3677,10.);
#1146=VECTOR('',#3678,10.);
#1147=VECTOR('',#3679,10.);
#1148=VECTOR('',#3682,10.);
#1149=VECTOR('',#3685,10.);
#1150=VECTOR('',#3688,10.);
#1151=VECTOR('',#3691,10.);
#1152=VECTOR('',#3698,10.);
#1153=VECTOR('',#3701,10.);
#1154=VECTOR('',#3704,10.);
#1155=VECTOR('',#3705,10.);
#1156=VECTOR('',#3706,10.);
#1157=VECTOR('',#3707,10.);
#1158=VECTOR('',#3714,10.);
#1159=VECTOR('',#3715,10.);
#1160=VECTOR('',#3716,10.);
#1161=VECTOR('',#3719,10.);
#1162=VECTOR('',#3720,10.);
#1163=VECTOR('',#3723,10.);
#1164=VECTOR('',#3724,10.);
#1165=VECTOR('',#3727,10.);
#1166=VECTOR('',#3730,10.);
#1167=VECTOR('',#3731,10.);
#1168=VECTOR('',#3732,10.);
#1169=VECTOR('',#3737,10.);
#1170=VECTOR('',#3740,10.);
#1171=VECTOR('',#3741,10.);
#1172=VECTOR('',#3748,1.75);
#1173=VECTOR('',#3753,1.75);
#1174=VECTOR('',#3758,10.);
#1175=VECTOR('',#3759,10.);
#1176=VECTOR('',#3760,10.);
#1177=VECTOR('',#3765,10.);
#1178=VECTOR('',#3768,10.);
#1179=VECTOR('',#3769,10.);
#1180=VECTOR('',#3774,10.);
#1181=VECTOR('',#3777,10.);
#1182=VECTOR('',#3778,10.);
#1183=VECTOR('',#3783,10.);
#1184=VECTOR('',#3786,10.);
#1185=VECTOR('',#3787,10.);
#1186=VECTOR('',#3794,1.75);
#1187=VECTOR('',#3801,10.);
#1188=VECTOR('',#3802,10.);
#1189=VECTOR('',#3803,10.);
#1190=VECTOR('',#3804,10.);
#1191=VECTOR('',#3811,10.);
#1192=VECTOR('',#3812,10.);
#1193=VECTOR('',#3813,10.);
#1194=VECTOR('',#3814,10.);
#1195=VECTOR('',#3827,10.);
#1196=VECTOR('',#3828,10.);
#1197=VECTOR('',#3829,10.);
#1198=VECTOR('',#3832,10.);
#1199=VECTOR('',#3833,10.);
#1200=VECTOR('',#3836,10.);
#1201=VECTOR('',#3837,10.);
#1202=VECTOR('',#3840,10.);
#1203=VECTOR('',#3843,10.);
#1204=VECTOR('',#3844,10.);
#1205=VECTOR('',#3845,10.);
#1206=VECTOR('',#3848,10.);
#1207=VECTOR('',#3849,10.);
#1208=VECTOR('',#3852,10.);
#1209=VECTOR('',#3853,10.);
#1210=VECTOR('',#3856,10.);
#1211=VECTOR('',#3859,10.);
#1212=VECTOR('',#3860,10.);
#1213=VECTOR('',#3861,10.);
#1214=VECTOR('',#3864,10.);
#1215=VECTOR('',#3865,10.);
#1216=VECTOR('',#3868,10.);
#1217=VECTOR('',#3869,10.);
#1218=VECTOR('',#3872,10.);
#1219=VECTOR('',#3875,10.);
#1220=VECTOR('',#3876,10.);
#1221=VECTOR('',#3877,10.);
#1222=VECTOR('',#3880,10.);
#1223=VECTOR('',#3881,10.);
#1224=VECTOR('',#3884,10.);
#1225=VECTOR('',#3885,10.);
#1226=VECTOR('',#3888,10.);
#1227=VECTOR('',#3891,10.);
#1228=VECTOR('',#3892,10.);
#1229=VECTOR('',#3893,10.);
#1230=VECTOR('',#3896,10.);
#1231=VECTOR('',#3897,10.);
#1232=VECTOR('',#3900,10.);
#1233=VECTOR('',#3901,10.);
#1234=VECTOR('',#3904,10.);
#1235=VECTOR('',#3907,10.);
#1236=VECTOR('',#3908,10.);
#1237=VECTOR('',#3909,10.);
#1238=VECTOR('',#3912,10.);
#1239=VECTOR('',#3913,10.);
#1240=VECTOR('',#3916,10.);
#1241=VECTOR('',#3917,10.);
#1242=VECTOR('',#3920,10.);
#1243=VECTOR('',#3923,10.);
#1244=VECTOR('',#3924,10.);
#1245=VECTOR('',#3925,10.);
#1246=VECTOR('',#3928,10.);
#1247=VECTOR('',#3929,10.);
#1248=VECTOR('',#3932,10.);
#1249=VECTOR('',#3933,10.);
#1250=VECTOR('',#3936,10.);
#1251=VECTOR('',#3939,10.);
#1252=VECTOR('',#3940,10.);
#1253=VECTOR('',#3941,10.);
#1254=VECTOR('',#3944,10.);
#1255=VECTOR('',#3945,10.);
#1256=VECTOR('',#3948,10.);
#1257=VECTOR('',#3949,10.);
#1258=VECTOR('',#3952,10.);
#1259=VECTOR('',#3955,10.);
#1260=VECTOR('',#3956,10.);
#1261=VECTOR('',#3957,10.);
#1262=VECTOR('',#3960,10.);
#1263=VECTOR('',#3961,10.);
#1264=VECTOR('',#3964,10.);
#1265=VECTOR('',#3965,10.);
#1266=VECTOR('',#3968,10.);
#1267=VECTOR('',#3971,10.);
#1268=VECTOR('',#3972,10.);
#1269=VECTOR('',#3973,10.);
#1270=VECTOR('',#3976,10.);
#1271=VECTOR('',#3977,10.);
#1272=VECTOR('',#3980,10.);
#1273=VECTOR('',#3981,10.);
#1274=VECTOR('',#3984,10.);
#1275=VECTOR('',#3987,10.);
#1276=VECTOR('',#3988,10.);
#1277=VECTOR('',#3989,10.);
#1278=VECTOR('',#3992,10.);
#1279=VECTOR('',#3993,10.);
#1280=VECTOR('',#3996,10.);
#1281=VECTOR('',#3997,10.);
#1282=VECTOR('',#4000,10.);
#1283=VECTOR('',#4003,10.);
#1284=VECTOR('',#4004,10.);
#1285=VECTOR('',#4005,10.);
#1286=VECTOR('',#4008,10.);
#1287=VECTOR('',#4009,10.);
#1288=VECTOR('',#4012,10.);
#1289=VECTOR('',#4013,10.);
#1290=VECTOR('',#4016,10.);
#1291=VECTOR('',#4019,10.);
#1292=VECTOR('',#4020,10.);
#1293=VECTOR('',#4021,10.);
#1294=VECTOR('',#4024,10.);
#1295=VECTOR('',#4025,10.);
#1296=VECTOR('',#4028,10.);
#1297=VECTOR('',#4029,10.);
#1298=VECTOR('',#4032,10.);
#1299=VECTOR('',#4035,10.);
#1300=VECTOR('',#4036,10.);
#1301=VECTOR('',#4037,10.);
#1302=VECTOR('',#4040,10.);
#1303=VECTOR('',#4043,10.);
#1304=VECTOR('',#4048,10.);
#1305=VECTOR('',#4051,10.);
#1306=VECTOR('',#4054,10.);
#1307=VECTOR('',#4055,10.);
#1308=VECTOR('',#4056,10.);
#1309=VECTOR('',#4057,10.);
#1310=VECTOR('',#4058,10.);
#1311=VECTOR('',#4059,10.);
#1312=VECTOR('',#4060,10.);
#1313=VECTOR('',#4061,10.);
#1314=VECTOR('',#4062,10.);
#1315=VECTOR('',#4063,10.);
#1316=VECTOR('',#4064,10.);
#1317=VECTOR('',#4067,10.);
#1318=VECTOR('',#4070,10.);
#1319=VECTOR('',#4071,10.);
#1320=VECTOR('',#4072,10.);
#1321=VECTOR('',#4075,10.);
#1322=VECTOR('',#4076,10.);
#1323=VECTOR('',#4077,10.);
#1324=VECTOR('',#4080,10.);
#1325=VECTOR('',#4087,10.);
#1326=VECTOR('',#4090,10.);
#1327=VECTOR('',#4097,10.);
#1328=VECTOR('',#4098,10.);
#1329=VECTOR('',#4111,10.);
#1330=VECTOR('',#4112,10.);
#1331=VECTOR('',#4115,10.);
#1332=VECTOR('',#4116,10.);
#1333=VECTOR('',#4119,10.);
#1334=VECTOR('',#4120,10.);
#1335=VECTOR('',#4121,10.);
#1336=VECTOR('',#4124,10.);
#1337=VECTOR('',#4125,10.);
#1338=VECTOR('',#4126,10.);
#1339=VECTOR('',#4129,10.);
#1340=VECTOR('',#4132,10.);
#1341=VECTOR('',#4135,10.);
#1342=VECTOR('',#4144,10.);
#1343=VECTOR('',#4149,10.);
#1344=VECTOR('',#4150,10.);
#1345=VECTOR('',#4153,10.);
#1346=VECTOR('',#4156,10.);
#1347=VECTOR('',#4159,10.);
#1348=VECTOR('',#4162,10.);
#1349=VECTOR('',#4165,10.);
#1350=VECTOR('',#4168,10.);
#1351=VECTOR('',#4171,10.);
#1352=VECTOR('',#4174,10.);
#1353=VECTOR('',#4181,10.);
#1354=VECTOR('',#4184,10.);
#1355=VECTOR('',#4189,10.);
#1356=VECTOR('',#4196,10.);
#1357=VERTEX_POINT('',#4204);
#1358=VERTEX_POINT('',#4205);
#1359=VERTEX_POINT('',#4207);
#1360=VERTEX_POINT('',#4212);
#1361=VERTEX_POINT('',#4225);
#1362=VERTEX_POINT('',#4226);
#1363=VERTEX_POINT('',#4276);
#1364=VERTEX_POINT('',#4277);
#1365=VERTEX_POINT('',#4279);
#1366=VERTEX_POINT('',#4293);
#1367=VERTEX_POINT('',#4315);
#1368=VERTEX_POINT('',#4316);
#1369=VERTEX_POINT('',#4318);
#1370=VERTEX_POINT('',#4323);
#1371=VERTEX_POINT('',#4336);
#1372=VERTEX_POINT('',#4337);
#1373=VERTEX_POINT('',#4387);
#1374=VERTEX_POINT('',#4388);
#1375=VERTEX_POINT('',#4390);
#1376=VERTEX_POINT('',#4404);
#1377=VERTEX_POINT('',#4426);
#1378=VERTEX_POINT('',#4427);
#1379=VERTEX_POINT('',#4429);
#1380=VERTEX_POINT('',#4434);
#1381=VERTEX_POINT('',#4447);
#1382=VERTEX_POINT('',#4448);
#1383=VERTEX_POINT('',#4498);
#1384=VERTEX_POINT('',#4499);
#1385=VERTEX_POINT('',#4501);
#1386=VERTEX_POINT('',#4515);
#1387=VERTEX_POINT('',#4537);
#1388=VERTEX_POINT('',#4538);
#1389=VERTEX_POINT('',#4540);
#1390=VERTEX_POINT('',#4545);
#1391=VERTEX_POINT('',#4558);
#1392=VERTEX_POINT('',#4559);
#1393=VERTEX_POINT('',#4609);
#1394=VERTEX_POINT('',#4610);
#1395=VERTEX_POINT('',#4612);
#1396=VERTEX_POINT('',#4626);
#1397=VERTEX_POINT('',#4648);
#1398=VERTEX_POINT('',#4649);
#1399=VERTEX_POINT('',#4651);
#1400=VERTEX_POINT('',#4660);
#1401=VERTEX_POINT('',#4672);
#1402=VERTEX_POINT('',#4673);
#1403=VERTEX_POINT('',#4696);
#1404=VERTEX_POINT('',#4697);
#1405=VERTEX_POINT('',#4699);
#1406=VERTEX_POINT('',#4705);
#1407=VERTEX_POINT('',#4713);
#1408=VERTEX_POINT('',#4714);
#1409=VERTEX_POINT('',#4716);
#1410=VERTEX_POINT('',#4725);
#1411=VERTEX_POINT('',#4737);
#1412=VERTEX_POINT('',#4738);
#1413=VERTEX_POINT('',#4761);
#1414=VERTEX_POINT('',#4762);
#1415=VERTEX_POINT('',#4764);
#1416=VERTEX_POINT('',#4770);
#1417=VERTEX_POINT('',#4778);
#1418=VERTEX_POINT('',#4779);
#1419=VERTEX_POINT('',#4781);
#1420=VERTEX_POINT('',#4790);
#1421=VERTEX_POINT('',#4802);
#1422=VERTEX_POINT('',#4803);
#1423=VERTEX_POINT('',#4826);
#1424=VERTEX_POINT('',#4827);
#1425=VERTEX_POINT('',#4829);
#1426=VERTEX_POINT('',#4835);
#1427=VERTEX_POINT('',#4843);
#1428=VERTEX_POINT('',#4844);
#1429=VERTEX_POINT('',#4846);
#1430=VERTEX_POINT('',#4855);
#1431=VERTEX_POINT('',#4867);
#1432=VERTEX_POINT('',#4868);
#1433=VERTEX_POINT('',#4891);
#1434=VERTEX_POINT('',#4892);
#1435=VERTEX_POINT('',#4894);
#1436=VERTEX_POINT('',#4900);
#1437=VERTEX_POINT('',#5094);
#1438=VERTEX_POINT('',#5095);
#1439=VERTEX_POINT('',#5119);
#1440=VERTEX_POINT('',#5120);
#1441=VERTEX_POINT('',#5122);
#1442=VERTEX_POINT('',#5124);
#1443=VERTEX_POINT('',#5127);
#1444=VERTEX_POINT('',#5145);
#1445=VERTEX_POINT('',#5163);
#1446=VERTEX_POINT('',#5181);
#1447=VERTEX_POINT('',#5199);
#1448=VERTEX_POINT('',#5404);
#1449=VERTEX_POINT('',#5597);
#1450=VERTEX_POINT('',#5790);
#1451=VERTEX_POINT('',#5983);
#1452=VERTEX_POINT('',#6176);
#1453=VERTEX_POINT('',#6358);
#1454=VERTEX_POINT('',#6359);
#1455=VERTEX_POINT('',#6382);
#1456=VERTEX_POINT('',#6383);
#1457=VERTEX_POINT('',#6385);
#1458=VERTEX_POINT('',#6387);
#1459=VERTEX_POINT('',#6389);
#1460=VERTEX_POINT('',#6391);
#1461=VERTEX_POINT('',#6393);
#1462=VERTEX_POINT('',#6395);
#1463=VERTEX_POINT('',#6397);
#1464=VERTEX_POINT('',#6399);
#1465=VERTEX_POINT('',#6401);
#1466=VERTEX_POINT('',#6403);
#1467=VERTEX_POINT('',#6405);
#1468=VERTEX_POINT('',#6407);
#1469=VERTEX_POINT('',#6409);
#1470=VERTEX_POINT('',#6411);
#1471=VERTEX_POINT('',#6413);
#1472=VERTEX_POINT('',#6415);
#1473=VERTEX_POINT('',#6418);
#1474=VERTEX_POINT('',#6435);
#1475=VERTEX_POINT('',#6436);
#1476=VERTEX_POINT('',#6438);
#1477=VERTEX_POINT('',#6440);
#1478=VERTEX_POINT('',#6443);
#1479=VERTEX_POINT('',#6444);
#1480=VERTEX_POINT('',#6446);
#1481=VERTEX_POINT('',#6448);
#1482=VERTEX_POINT('',#6451);
#1483=VERTEX_POINT('',#6452);
#1484=VERTEX_POINT('',#6454);
#1485=VERTEX_POINT('',#6456);
#1486=VERTEX_POINT('',#6459);
#1487=VERTEX_POINT('',#6460);
#1488=VERTEX_POINT('',#6462);
#1489=VERTEX_POINT('',#6464);
#1490=VERTEX_POINT('',#6467);
#1491=VERTEX_POINT('',#6468);
#1492=VERTEX_POINT('',#6470);
#1493=VERTEX_POINT('',#6472);
#1494=VERTEX_POINT('',#6475);
#1495=VERTEX_POINT('',#6476);
#1496=VERTEX_POINT('',#6478);
#1497=VERTEX_POINT('',#6480);
#1498=VERTEX_POINT('',#6483);
#1499=VERTEX_POINT('',#6484);
#1500=VERTEX_POINT('',#6486);
#1501=VERTEX_POINT('',#6488);
#1502=VERTEX_POINT('',#6491);
#1503=VERTEX_POINT('',#6492);
#1504=VERTEX_POINT('',#6494);
#1505=VERTEX_POINT('',#6496);
#1506=VERTEX_POINT('',#6499);
#1507=VERTEX_POINT('',#6500);
#1508=VERTEX_POINT('',#6502);
#1509=VERTEX_POINT('',#6504);
#1510=VERTEX_POINT('',#6507);
#1511=VERTEX_POINT('',#6508);
#1512=VERTEX_POINT('',#6510);
#1513=VERTEX_POINT('',#6512);
#1514=VERTEX_POINT('',#6515);
#1515=VERTEX_POINT('',#6516);
#1516=VERTEX_POINT('',#6518);
#1517=VERTEX_POINT('',#6520);
#1518=VERTEX_POINT('',#6523);
#1519=VERTEX_POINT('',#6524);
#1520=VERTEX_POINT('',#6526);
#1521=VERTEX_POINT('',#6528);
#1522=VERTEX_POINT('',#6531);
#1523=VERTEX_POINT('',#6532);
#1524=VERTEX_POINT('',#6534);
#1525=VERTEX_POINT('',#6536);
#1526=VERTEX_POINT('',#6539);
#1527=VERTEX_POINT('',#6541);
#1528=VERTEX_POINT('',#6542);
#1529=VERTEX_POINT('',#6544);
#1530=VERTEX_POINT('',#6546);
#1531=VERTEX_POINT('',#6548);
#1532=VERTEX_POINT('',#6550);
#1533=VERTEX_POINT('',#6552);
#1534=VERTEX_POINT('',#6554);
#1535=VERTEX_POINT('',#6557);
#1536=VERTEX_POINT('',#6559);
#1537=VERTEX_POINT('',#6561);
#1538=VERTEX_POINT('',#6562);
#1539=VERTEX_POINT('',#6564);
#1540=VERTEX_POINT('',#6566);
#1541=VERTEX_POINT('',#6569);
#1542=VERTEX_POINT('',#6570);
#1543=VERTEX_POINT('',#6572);
#1544=VERTEX_POINT('',#6574);
#1545=VERTEX_POINT('',#6577);
#1546=VERTEX_POINT('',#6770);
#1547=VERTEX_POINT('',#6952);
#1548=VERTEX_POINT('',#6959);
#1549=VERTEX_POINT('',#6960);
#1550=VERTEX_POINT('',#6965);
#1551=VERTEX_POINT('',#6969);
#1552=VERTEX_POINT('',#6975);
#1553=VERTEX_POINT('',#6976);
#1554=VERTEX_POINT('',#6981);
#1555=VERTEX_POINT('',#6985);
#1556=VERTEX_POINT('',#6991);
#1557=VERTEX_POINT('',#6995);
#1558=VERTEX_POINT('',#6999);
#1559=VERTEX_POINT('',#7000);
#1560=VERTEX_POINT('',#7005);
#1561=VERTEX_POINT('',#7009);
#1562=VERTEX_POINT('',#7013);
#1563=VERTEX_POINT('',#7017);
#1564=VERTEX_POINT('',#7021);
#1565=VERTEX_POINT('',#7025);
#1566=VERTEX_POINT('',#7031);
#1567=VERTEX_POINT('',#7618);
#1568=VERTEX_POINT('',#7619);
#1569=VERTEX_POINT('',#7621);
#1570=VERTEX_POINT('',#7623);
#1571=VERTEX_POINT('',#8787);
#1572=VERTEX_POINT('',#8788);
#1573=VERTEX_POINT('',#8790);
#1574=VERTEX_POINT('',#8792);
#1575=VERTEX_POINT('',#9383);
#1576=VERTEX_POINT('',#9384);
#1577=VERTEX_POINT('',#9389);
#1578=VERTEX_POINT('',#9393);
#1579=VERTEX_POINT('',#9399);
#1580=VERTEX_POINT('',#9400);
#1581=VERTEX_POINT('',#9405);
#1582=VERTEX_POINT('',#9409);
#1583=VERTEX_POINT('',#9415);
#1584=VERTEX_POINT('',#9416);
#1585=VERTEX_POINT('',#9421);
#1586=VERTEX_POINT('',#9425);
#1587=VERTEX_POINT('',#9431);
#1588=VERTEX_POINT('',#9432);
#1589=VERTEX_POINT('',#9437);
#1590=VERTEX_POINT('',#9441);
#1591=VERTEX_POINT('',#9447);
#1592=VERTEX_POINT('',#9448);
#1593=VERTEX_POINT('',#9453);
#1594=VERTEX_POINT('',#9457);
#1595=VERTEX_POINT('',#9463);
#1596=VERTEX_POINT('',#9464);
#1597=VERTEX_POINT('',#9469);
#1598=VERTEX_POINT('',#9473);
#1599=VERTEX_POINT('',#9479);
#1600=VERTEX_POINT('',#9480);
#1601=VERTEX_POINT('',#9485);
#1602=VERTEX_POINT('',#9489);
#1603=VERTEX_POINT('',#9495);
#1604=VERTEX_POINT('',#9496);
#1605=VERTEX_POINT('',#9501);
#1606=VERTEX_POINT('',#9505);
#1607=VERTEX_POINT('',#9511);
#1608=VERTEX_POINT('',#9512);
#1609=VERTEX_POINT('',#9517);
#1610=VERTEX_POINT('',#9521);
#1611=VERTEX_POINT('',#9527);
#1612=VERTEX_POINT('',#9528);
#1613=VERTEX_POINT('',#9533);
#1614=VERTEX_POINT('',#9537);
#1615=VERTEX_POINT('',#9543);
#1616=VERTEX_POINT('',#9544);
#1617=VERTEX_POINT('',#9549);
#1618=VERTEX_POINT('',#9553);
#1619=VERTEX_POINT('',#9559);
#1620=VERTEX_POINT('',#9560);
#1621=VERTEX_POINT('',#9565);
#1622=VERTEX_POINT('',#9569);
#1623=VERTEX_POINT('',#9575);
#1624=VERTEX_POINT('',#9576);
#1625=VERTEX_POINT('',#9581);
#1626=VERTEX_POINT('',#9585);
#1627=VERTEX_POINT('',#9591);
#1628=VERTEX_POINT('',#9593);
#1629=VERTEX_POINT('',#9597);
#1630=VERTEX_POINT('',#9599);
#1631=VERTEX_POINT('',#9601);
#1632=VERTEX_POINT('',#9609);
#1633=VERTEX_POINT('',#9611);
#1634=VERTEX_POINT('',#9613);
#1635=VERTEX_POINT('',#9615);
#1636=VERTEX_POINT('',#9617);
#1637=VERTEX_POINT('',#9619);
#1638=VERTEX_POINT('',#9621);
#1639=VERTEX_POINT('',#9623);
#1640=VERTEX_POINT('',#9625);
#1641=VERTEX_POINT('',#9627);
#1642=VERTEX_POINT('',#9629);
#1643=VERTEX_POINT('',#9631);
#1644=VERTEX_POINT('',#9633);
#1645=VERTEX_POINT('',#9635);
#1646=VERTEX_POINT('',#9637);
#1647=VERTEX_POINT('',#9639);
#1648=VERTEX_POINT('',#9643);
#1649=VERTEX_POINT('',#9645);
#1650=VERTEX_POINT('',#9649);
#1651=VERTEX_POINT('',#9660);
#1652=VERTEX_POINT('',#9672);
#1653=VERTEX_POINT('',#9676);
#1654=VERTEX_POINT('',#9678);
#1655=VERTEX_POINT('',#9682);
#1656=VERTEX_POINT('',#9684);
#1657=EDGE_CURVE('',#1357,#1358,#747,.T.);
#1658=EDGE_CURVE('',#1358,#1359,#658,.T.);
#1659=EDGE_CURVE('',#1360,#1359,#599,.F.);
#1660=EDGE_CURVE('',#1360,#1357,#659,.T.);
#1661=EDGE_CURVE('',#1361,#1362,#748,.T.);
#1662=EDGE_CURVE('',#1362,#1358,#660,.T.);
#1663=EDGE_CURVE('',#1357,#1361,#661,.T.);
#1664=EDGE_CURVE('',#1363,#1364,#749,.T.);
#1665=EDGE_CURVE('',#1363,#1365,#662,.T.);
#1666=EDGE_CURVE('',#1366,#1365,#600,.T.);
#1667=EDGE_CURVE('',#1366,#1364,#663,.T.);
#1668=EDGE_CURVE('',#1367,#1368,#750,.T.);
#1669=EDGE_CURVE('',#1368,#1369,#664,.T.);
#1670=EDGE_CURVE('',#1370,#1369,#601,.F.);
#1671=EDGE_CURVE('',#1370,#1367,#665,.T.);
#1672=EDGE_CURVE('',#1371,#1372,#751,.T.);
#1673=EDGE_CURVE('',#1372,#1368,#666,.T.);
#1674=EDGE_CURVE('',#1367,#1371,#667,.T.);
#1675=EDGE_CURVE('',#1373,#1374,#752,.T.);
#1676=EDGE_CURVE('',#1373,#1375,#668,.T.);
#1677=EDGE_CURVE('',#1376,#1375,#602,.T.);
#1678=EDGE_CURVE('',#1376,#1374,#669,.T.);
#1679=EDGE_CURVE('',#1377,#1378,#753,.T.);
#1680=EDGE_CURVE('',#1378,#1379,#670,.T.);
#1681=EDGE_CURVE('',#1380,#1379,#603,.F.);
#1682=EDGE_CURVE('',#1380,#1377,#671,.T.);
#1683=EDGE_CURVE('',#1381,#1382,#754,.T.);
#1684=EDGE_CURVE('',#1382,#1378,#672,.T.);
#1685=EDGE_CURVE('',#1377,#1381,#673,.T.);
#1686=EDGE_CURVE('',#1383,#1384,#755,.T.);
#1687=EDGE_CURVE('',#1383,#1385,#674,.T.);
#1688=EDGE_CURVE('',#1386,#1385,#604,.T.);
#1689=EDGE_CURVE('',#1386,#1384,#675,.T.);
#1690=EDGE_CURVE('',#1387,#1388,#756,.T.);
#1691=EDGE_CURVE('',#1388,#1389,#676,.T.);
#1692=EDGE_CURVE('',#1390,#1389,#605,.F.);
#1693=EDGE_CURVE('',#1390,#1387,#677,.T.);
#1694=EDGE_CURVE('',#1391,#1392,#757,.T.);
#1695=EDGE_CURVE('',#1392,#1388,#678,.T.);
#1696=EDGE_CURVE('',#1387,#1391,#679,.T.);
#1697=EDGE_CURVE('',#1393,#1394,#758,.T.);
#1698=EDGE_CURVE('',#1393,#1395,#680,.T.);
#1699=EDGE_CURVE('',#1396,#1395,#606,.T.);
#1700=EDGE_CURVE('',#1396,#1394,#681,.T.);
#1701=EDGE_CURVE('',#1397,#1398,#759,.T.);
#1702=EDGE_CURVE('',#1398,#1399,#682,.T.);
#1703=EDGE_CURVE('',#1400,#1399,#607,.T.);
#1704=EDGE_CURVE('',#1397,#1400,#683,.T.);
#1705=EDGE_CURVE('',#1401,#1402,#760,.T.);
#1706=EDGE_CURVE('',#1402,#1398,#684,.T.);
#1707=EDGE_CURVE('',#1401,#1397,#685,.T.);
#1708=EDGE_CURVE('',#1403,#1404,#761,.T.);
#1709=EDGE_CURVE('',#1405,#1403,#686,.T.);
#1710=EDGE_CURVE('',#1406,#1405,#608,.T.);
#1711=EDGE_CURVE('',#1406,#1404,#687,.T.);
#1712=EDGE_CURVE('',#1407,#1408,#762,.T.);
#1713=EDGE_CURVE('',#1408,#1409,#688,.T.);
#1714=EDGE_CURVE('',#1410,#1409,#609,.T.);
#1715=EDGE_CURVE('',#1407,#1410,#689,.T.);
#1716=EDGE_CURVE('',#1411,#1412,#763,.T.);
#1717=EDGE_CURVE('',#1412,#1408,#690,.T.);
#1718=EDGE_CURVE('',#1411,#1407,#691,.T.);
#1719=EDGE_CURVE('',#1413,#1414,#764,.T.);
#1720=EDGE_CURVE('',#1415,#1413,#692,.T.);
#1721=EDGE_CURVE('',#1416,#1415,#610,.T.);
#1722=EDGE_CURVE('',#1416,#1414,#693,.T.);
#1723=EDGE_CURVE('',#1417,#1418,#765,.T.);
#1724=EDGE_CURVE('',#1418,#1419,#694,.T.);
#1725=EDGE_CURVE('',#1420,#1419,#611,.T.);
#1726=EDGE_CURVE('',#1417,#1420,#695,.T.);
#1727=EDGE_CURVE('',#1421,#1422,#766,.T.);
#1728=EDGE_CURVE('',#1422,#1418,#696,.T.);
#1729=EDGE_CURVE('',#1421,#1417,#697,.T.);
#1730=EDGE_CURVE('',#1423,#1424,#767,.T.);
#1731=EDGE_CURVE('',#1425,#1423,#698,.T.);
#1732=EDGE_CURVE('',#1426,#1425,#612,.T.);
#1733=EDGE_CURVE('',#1426,#1424,#699,.T.);
#1734=EDGE_CURVE('',#1427,#1428,#768,.T.);
#1735=EDGE_CURVE('',#1428,#1429,#700,.T.);
#1736=EDGE_CURVE('',#1430,#1429,#613,.T.);
#1737=EDGE_CURVE('',#1427,#1430,#701,.T.);
#1738=EDGE_CURVE('',#1431,#1432,#769,.T.);
#1739=EDGE_CURVE('',#1432,#1428,#702,.T.);
#1740=EDGE_CURVE('',#1431,#1427,#703,.T.);
#1741=EDGE_CURVE('',#1433,#1434,#770,.T.);
#1742=EDGE_CURVE('',#1435,#1433,#704,.T.);
#1743=EDGE_CURVE('',#1436,#1435,#614,.T.);
#1744=EDGE_CURVE('',#1436,#1434,#705,.T.);
#1745=EDGE_CURVE('',#1437,#1438,#181,.T.);
#1746=EDGE_CURVE('',#1438,#1438,#615,.T.);
#1747=EDGE_CURVE('',#1437,#1437,#706,.T.);
#1748=EDGE_CURVE('',#1439,#1440,#771,.T.);
#1749=EDGE_CURVE('',#1439,#1441,#772,.T.);
#1750=EDGE_CURVE('',#1441,#1442,#773,.T.);
#1751=EDGE_CURVE('',#1442,#1440,#774,.T.);
#1752=EDGE_CURVE('',#1443,#1443,#707,.T.);
#1753=EDGE_CURVE('',#1444,#1444,#708,.T.);
#1754=EDGE_CURVE('',#1445,#1445,#709,.T.);
#1755=EDGE_CURVE('',#1446,#1446,#710,.T.);
#1756=EDGE_CURVE('',#1447,#1447,#711,.T.);
#1757=EDGE_CURVE('',#1443,#1448,#182,.T.);
#1758=EDGE_CURVE('',#1448,#1448,#616,.T.);
#1759=EDGE_CURVE('',#1447,#1449,#183,.T.);
#1760=EDGE_CURVE('',#1449,#1449,#617,.T.);
#1761=EDGE_CURVE('',#1444,#1450,#184,.T.);
#1762=EDGE_CURVE('',#1450,#1450,#618,.T.);
#1763=EDGE_CURVE('',#1446,#1451,#185,.T.);
#1764=EDGE_CURVE('',#1451,#1451,#619,.T.);
#1765=EDGE_CURVE('',#1445,#1452,#186,.T.);
#1766=EDGE_CURVE('',#1452,#1452,#620,.T.);
#1767=EDGE_CURVE('',#1453,#1454,#187,.T.);
#1768=EDGE_CURVE('',#1454,#1454,#621,.T.);
#1769=EDGE_CURVE('',#1453,#1453,#712,.T.);
#1770=EDGE_CURVE('',#1455,#1456,#775,.T.);
#1771=EDGE_CURVE('',#1455,#1457,#776,.T.);
#1772=EDGE_CURVE('',#1457,#1458,#777,.T.);
#1773=EDGE_CURVE('',#1458,#1459,#778,.T.);
#1774=EDGE_CURVE('',#1459,#1460,#622,.T.);
#1775=EDGE_CURVE('',#1460,#1461,#779,.T.);
#1776=EDGE_CURVE('',#1461,#1462,#623,.T.);
#1777=EDGE_CURVE('',#1462,#1463,#780,.T.);
#1778=EDGE_CURVE('',#1463,#1464,#781,.T.);
#1779=EDGE_CURVE('',#1464,#1465,#782,.T.);
#1780=EDGE_CURVE('',#1466,#1465,#783,.T.);
#1781=EDGE_CURVE('',#1466,#1467,#784,.T.);
#1782=EDGE_CURVE('',#1467,#1468,#785,.T.);
#1783=EDGE_CURVE('',#1468,#1469,#786,.T.);
#1784=EDGE_CURVE('',#1469,#1470,#787,.T.);
#1785=EDGE_CURVE('',#1470,#1471,#788,.T.);
#1786=EDGE_CURVE('',#1471,#1472,#789,.T.);
#1787=EDGE_CURVE('',#1472,#1456,#790,.T.);
#1788=EDGE_CURVE('',#1473,#1473,#713,.T.);
#1789=EDGE_CURVE('',#1474,#1475,#791,.T.);
#1790=EDGE_CURVE('',#1475,#1476,#792,.T.);
#1791=EDGE_CURVE('',#1476,#1477,#793,.T.);
#1792=EDGE_CURVE('',#1477,#1474,#794,.T.);
#1793=EDGE_CURVE('',#1478,#1479,#795,.T.);
#1794=EDGE_CURVE('',#1479,#1480,#796,.T.);
#1795=EDGE_CURVE('',#1480,#1481,#797,.T.);
#1796=EDGE_CURVE('',#1481,#1478,#798,.T.);
#1797=EDGE_CURVE('',#1482,#1483,#799,.T.);
#1798=EDGE_CURVE('',#1483,#1484,#800,.T.);
#1799=EDGE_CURVE('',#1484,#1485,#801,.T.);
#1800=EDGE_CURVE('',#1485,#1482,#802,.T.);
#1801=EDGE_CURVE('',#1486,#1487,#803,.T.);
#1802=EDGE_CURVE('',#1487,#1488,#804,.T.);
#1803=EDGE_CURVE('',#1488,#1489,#805,.T.);
#1804=EDGE_CURVE('',#1489,#1486,#806,.T.);
#1805=EDGE_CURVE('',#1490,#1491,#807,.T.);
#1806=EDGE_CURVE('',#1491,#1492,#808,.T.);
#1807=EDGE_CURVE('',#1492,#1493,#809,.T.);
#1808=EDGE_CURVE('',#1493,#1490,#810,.T.);
#1809=EDGE_CURVE('',#1494,#1495,#811,.T.);
#1810=EDGE_CURVE('',#1495,#1496,#812,.T.);
#1811=EDGE_CURVE('',#1496,#1497,#813,.T.);
#1812=EDGE_CURVE('',#1497,#1494,#814,.T.);
#1813=EDGE_CURVE('',#1498,#1499,#815,.T.);
#1814=EDGE_CURVE('',#1499,#1500,#816,.T.);
#1815=EDGE_CURVE('',#1500,#1501,#817,.T.);
#1816=EDGE_CURVE('',#1501,#1498,#818,.T.);
#1817=EDGE_CURVE('',#1502,#1503,#819,.T.);
#1818=EDGE_CURVE('',#1503,#1504,#820,.T.);
#1819=EDGE_CURVE('',#1504,#1505,#821,.T.);
#1820=EDGE_CURVE('',#1505,#1502,#822,.T.);
#1821=EDGE_CURVE('',#1506,#1507,#823,.T.);
#1822=EDGE_CURVE('',#1507,#1508,#824,.T.);
#1823=EDGE_CURVE('',#1508,#1509,#825,.T.);
#1824=EDGE_CURVE('',#1509,#1506,#826,.T.);
#1825=EDGE_CURVE('',#1510,#1511,#827,.T.);
#1826=EDGE_CURVE('',#1511,#1512,#828,.T.);
#1827=EDGE_CURVE('',#1512,#1513,#829,.T.);
#1828=EDGE_CURVE('',#1513,#1510,#830,.T.);
#1829=EDGE_CURVE('',#1514,#1515,#831,.T.);
#1830=EDGE_CURVE('',#1515,#1516,#832,.T.);
#1831=EDGE_CURVE('',#1516,#1517,#833,.T.);
#1832=EDGE_CURVE('',#1517,#1514,#834,.T.);
#1833=EDGE_CURVE('',#1518,#1519,#835,.T.);
#1834=EDGE_CURVE('',#1519,#1520,#836,.T.);
#1835=EDGE_CURVE('',#1520,#1521,#837,.T.);
#1836=EDGE_CURVE('',#1521,#1518,#838,.T.);
#1837=EDGE_CURVE('',#1522,#1523,#839,.T.);
#1838=EDGE_CURVE('',#1523,#1524,#840,.T.);
#1839=EDGE_CURVE('',#1524,#1525,#841,.T.);
#1840=EDGE_CURVE('',#1525,#1522,#842,.T.);
#1841=EDGE_CURVE('',#1526,#1526,#624,.T.);
#1842=EDGE_CURVE('',#1527,#1528,#843,.T.);
#1843=EDGE_CURVE('',#1528,#1529,#625,.T.);
#1844=EDGE_CURVE('',#1529,#1530,#844,.T.);
#1845=EDGE_CURVE('',#1530,#1531,#626,.T.);
#1846=EDGE_CURVE('',#1531,#1532,#845,.T.);
#1847=EDGE_CURVE('',#1532,#1533,#627,.T.);
#1848=EDGE_CURVE('',#1533,#1534,#846,.T.);
#1849=EDGE_CURVE('',#1534,#1527,#628,.T.);
#1850=EDGE_CURVE('',#1535,#1535,#629,.T.);
#1851=EDGE_CURVE('',#1536,#1536,#630,.T.);
#1852=EDGE_CURVE('',#1537,#1538,#847,.T.);
#1853=EDGE_CURVE('',#1538,#1539,#631,.T.);
#1854=EDGE_CURVE('',#1539,#1540,#848,.T.);
#1855=EDGE_CURVE('',#1540,#1537,#632,.T.);
#1856=EDGE_CURVE('',#1541,#1542,#849,.T.);
#1857=EDGE_CURVE('',#1542,#1543,#850,.T.);
#1858=EDGE_CURVE('',#1543,#1544,#851,.T.);
#1859=EDGE_CURVE('',#1544,#1541,#852,.T.);
#1860=EDGE_CURVE('',#1545,#1545,#714,.T.);
#1861=EDGE_CURVE('',#1473,#1546,#188,.T.);
#1862=EDGE_CURVE('',#1546,#1546,#633,.T.);
#1863=EDGE_CURVE('',#1545,#1547,#189,.T.);
#1864=EDGE_CURVE('',#1547,#1547,#634,.T.);
#1865=EDGE_CURVE('',#1548,#1549,#853,.T.);
#1866=EDGE_CURVE('',#1544,#1548,#854,.T.);
#1867=EDGE_CURVE('',#1543,#1549,#855,.T.);
#1868=EDGE_CURVE('',#1549,#1550,#856,.T.);
#1869=EDGE_CURVE('',#1542,#1550,#857,.T.);
#1870=EDGE_CURVE('',#1550,#1551,#858,.T.);
#1871=EDGE_CURVE('',#1541,#1551,#859,.T.);
#1872=EDGE_CURVE('',#1551,#1548,#860,.T.);
#1873=EDGE_CURVE('',#1552,#1553,#861,.T.);
#1874=EDGE_CURVE('',#1540,#1552,#862,.T.);
#1875=EDGE_CURVE('',#1539,#1553,#863,.T.);
#1876=EDGE_CURVE('',#1553,#1554,#635,.T.);
#1877=EDGE_CURVE('',#1538,#1554,#864,.T.);
#1878=EDGE_CURVE('',#1554,#1555,#865,.T.);
#1879=EDGE_CURVE('',#1537,#1555,#866,.T.);
#1880=EDGE_CURVE('',#1555,#1552,#636,.T.);
#1881=EDGE_CURVE('',#1536,#1556,#867,.T.);
#1882=EDGE_CURVE('',#1556,#1556,#637,.T.);
#1883=EDGE_CURVE('',#1535,#1557,#868,.T.);
#1884=EDGE_CURVE('',#1557,#1557,#638,.T.);
#1885=EDGE_CURVE('',#1558,#1559,#869,.T.);
#1886=EDGE_CURVE('',#1532,#1558,#870,.T.);
#1887=EDGE_CURVE('',#1531,#1559,#871,.T.);
#1888=EDGE_CURVE('',#1559,#1560,#639,.T.);
#1889=EDGE_CURVE('',#1530,#1560,#872,.T.);
#1890=EDGE_CURVE('',#1560,#1561,#873,.T.);
#1891=EDGE_CURVE('',#1529,#1561,#874,.T.);
#1892=EDGE_CURVE('',#1561,#1562,#640,.T.);
#1893=EDGE_CURVE('',#1528,#1562,#875,.T.);
#1894=EDGE_CURVE('',#1562,#1563,#876,.T.);
#1895=EDGE_CURVE('',#1527,#1563,#877,.T.);
#1896=EDGE_CURVE('',#1563,#1564,#641,.T.);
#1897=EDGE_CURVE('',#1534,#1564,#878,.T.);
#1898=EDGE_CURVE('',#1564,#1565,#879,.T.);
#1899=EDGE_CURVE('',#1533,#1565,#880,.T.);
#1900=EDGE_CURVE('',#1565,#1558,#642,.T.);
#1901=EDGE_CURVE('',#1526,#1566,#881,.T.);
#1902=EDGE_CURVE('',#1566,#1566,#643,.T.);
#1903=EDGE_CURVE('',#1434,#1432,#715,.T.);
#1904=EDGE_CURVE('',#1433,#1431,#716,.T.);
#1905=EDGE_CURVE('',#1429,#1360,#717,.T.);
#1906=EDGE_CURVE('',#1365,#1436,#718,.T.);
#1907=EDGE_CURVE('',#1361,#1363,#719,.T.);
#1908=EDGE_CURVE('',#1359,#1430,#720,.T.);
#1909=EDGE_CURVE('',#1364,#1362,#721,.T.);
#1910=EDGE_CURVE('',#1435,#1366,#722,.T.);
#1911=EDGE_CURVE('',#1567,#1568,#882,.T.);
#1912=EDGE_CURVE('',#1568,#1569,#883,.T.);
#1913=EDGE_CURVE('',#1569,#1570,#884,.T.);
#1914=EDGE_CURVE('',#1570,#1567,#885,.T.);
#1915=EDGE_CURVE('',#1375,#1426,#723,.T.);
#1916=EDGE_CURVE('',#1425,#1376,#724,.T.);
#1917=EDGE_CURVE('',#1424,#1422,#725,.T.);
#1918=EDGE_CURVE('',#1423,#1421,#726,.T.);
#1919=EDGE_CURVE('',#1419,#1370,#727,.T.);
#1920=EDGE_CURVE('',#1371,#1373,#728,.T.);
#1921=EDGE_CURVE('',#1369,#1420,#729,.T.);
#1922=EDGE_CURVE('',#1374,#1372,#730,.T.);
#1923=EDGE_CURVE('',#1414,#1412,#731,.T.);
#1924=EDGE_CURVE('',#1413,#1411,#732,.T.);
#1925=EDGE_CURVE('',#1409,#1380,#733,.T.);
#1926=EDGE_CURVE('',#1385,#1416,#734,.T.);
#1927=EDGE_CURVE('',#1381,#1383,#735,.T.);
#1928=EDGE_CURVE('',#1379,#1410,#736,.T.);
#1929=EDGE_CURVE('',#1384,#1382,#737,.T.);
#1930=EDGE_CURVE('',#1415,#1386,#738,.T.);
#1931=EDGE_CURVE('',#1571,#1572,#886,.T.);
#1932=EDGE_CURVE('',#1572,#1573,#887,.T.);
#1933=EDGE_CURVE('',#1573,#1574,#888,.T.);
#1934=EDGE_CURVE('',#1574,#1571,#889,.T.);
#1935=EDGE_CURVE('',#1389,#1400,#739,.T.);
#1936=EDGE_CURVE('',#1399,#1390,#740,.T.);
#1937=EDGE_CURVE('',#1404,#1402,#741,.T.);
#1938=EDGE_CURVE('',#1403,#1401,#742,.T.);
#1939=EDGE_CURVE('',#1395,#1406,#743,.T.);
#1940=EDGE_CURVE('',#1391,#1393,#744,.T.);
#1941=EDGE_CURVE('',#1394,#1392,#745,.T.);
#1942=EDGE_CURVE('',#1405,#1396,#746,.T.);
#1943=EDGE_CURVE('',#1575,#1576,#890,.T.);
#1944=EDGE_CURVE('',#1525,#1575,#891,.T.);
#1945=EDGE_CURVE('',#1524,#1576,#892,.T.);
#1946=EDGE_CURVE('',#1576,#1577,#893,.T.);
#1947=EDGE_CURVE('',#1523,#1577,#894,.T.);
#1948=EDGE_CURVE('',#1577,#1578,#895,.T.);
#1949=EDGE_CURVE('',#1522,#1578,#896,.T.);
#1950=EDGE_CURVE('',#1578,#1575,#897,.T.);
#1951=EDGE_CURVE('',#1579,#1580,#898,.T.);
#1952=EDGE_CURVE('',#1521,#1579,#899,.T.);
#1953=EDGE_CURVE('',#1520,#1580,#900,.T.);
#1954=EDGE_CURVE('',#1580,#1581,#901,.T.);
#1955=EDGE_CURVE('',#1519,#1581,#902,.T.);
#1956=EDGE_CURVE('',#1581,#1582,#903,.T.);
#1957=EDGE_CURVE('',#1518,#1582,#904,.T.);
#1958=EDGE_CURVE('',#1582,#1579,#905,.T.);
#1959=EDGE_CURVE('',#1583,#1584,#906,.T.);
#1960=EDGE_CURVE('',#1517,#1583,#907,.T.);
#1961=EDGE_CURVE('',#1516,#1584,#908,.T.);
#1962=EDGE_CURVE('',#1584,#1585,#909,.T.);
#1963=EDGE_CURVE('',#1515,#1585,#910,.T.);
#1964=EDGE_CURVE('',#1585,#1586,#911,.T.);
#1965=EDGE_CURVE('',#1514,#1586,#912,.T.);
#1966=EDGE_CURVE('',#1586,#1583,#913,.T.);
#1967=EDGE_CURVE('',#1587,#1588,#914,.T.);
#1968=EDGE_CURVE('',#1513,#1587,#915,.T.);
#1969=EDGE_CURVE('',#1512,#1588,#916,.T.);
#1970=EDGE_CURVE('',#1588,#1589,#917,.T.);
#1971=EDGE_CURVE('',#1511,#1589,#918,.T.);
#1972=EDGE_CURVE('',#1589,#1590,#919,.T.);
#1973=EDGE_CURVE('',#1510,#1590,#920,.T.);
#1974=EDGE_CURVE('',#1590,#1587,#921,.T.);
#1975=EDGE_CURVE('',#1591,#1592,#922,.T.);
#1976=EDGE_CURVE('',#1509,#1591,#923,.T.);
#1977=EDGE_CURVE('',#1508,#1592,#924,.T.);
#1978=EDGE_CURVE('',#1592,#1593,#925,.T.);
#1979=EDGE_CURVE('',#1507,#1593,#926,.T.);
#1980=EDGE_CURVE('',#1593,#1594,#927,.T.);
#1981=EDGE_CURVE('',#1506,#1594,#928,.T.);
#1982=EDGE_CURVE('',#1594,#1591,#929,.T.);
#1983=EDGE_CURVE('',#1595,#1596,#930,.T.);
#1984=EDGE_CURVE('',#1505,#1595,#931,.T.);
#1985=EDGE_CURVE('',#1504,#1596,#932,.T.);
#1986=EDGE_CURVE('',#1596,#1597,#933,.T.);
#1987=EDGE_CURVE('',#1503,#1597,#934,.T.);
#1988=EDGE_CURVE('',#1597,#1598,#935,.T.);
#1989=EDGE_CURVE('',#1502,#1598,#936,.T.);
#1990=EDGE_CURVE('',#1598,#1595,#937,.T.);
#1991=EDGE_CURVE('',#1599,#1600,#938,.T.);
#1992=EDGE_CURVE('',#1501,#1599,#939,.T.);
#1993=EDGE_CURVE('',#1500,#1600,#940,.T.);
#1994=EDGE_CURVE('',#1600,#1601,#941,.T.);
#1995=EDGE_CURVE('',#1499,#1601,#942,.T.);
#1996=EDGE_CURVE('',#1601,#1602,#943,.T.);
#1997=EDGE_CURVE('',#1498,#1602,#944,.T.);
#1998=EDGE_CURVE('',#1602,#1599,#945,.T.);
#1999=EDGE_CURVE('',#1603,#1604,#946,.T.);
#2000=EDGE_CURVE('',#1497,#1603,#947,.T.);
#2001=EDGE_CURVE('',#1496,#1604,#948,.T.);
#2002=EDGE_CURVE('',#1604,#1605,#949,.T.);
#2003=EDGE_CURVE('',#1495,#1605,#950,.T.);
#2004=EDGE_CURVE('',#1605,#1606,#951,.T.);
#2005=EDGE_CURVE('',#1494,#1606,#952,.T.);
#2006=EDGE_CURVE('',#1606,#1603,#953,.T.);
#2007=EDGE_CURVE('',#1607,#1608,#954,.T.);
#2008=EDGE_CURVE('',#1493,#1607,#955,.T.);
#2009=EDGE_CURVE('',#1492,#1608,#956,.T.);
#2010=EDGE_CURVE('',#1608,#1609,#957,.T.);
#2011=EDGE_CURVE('',#1491,#1609,#958,.T.);
#2012=EDGE_CURVE('',#1609,#1610,#959,.T.);
#2013=EDGE_CURVE('',#1490,#1610,#960,.T.);
#2014=EDGE_CURVE('',#1610,#1607,#961,.T.);
#2015=EDGE_CURVE('',#1611,#1612,#962,.T.);
#2016=EDGE_CURVE('',#1489,#1611,#963,.T.);
#2017=EDGE_CURVE('',#1488,#1612,#964,.T.);
#2018=EDGE_CURVE('',#1612,#1613,#965,.T.);
#2019=EDGE_CURVE('',#1487,#1613,#966,.T.);
#2020=EDGE_CURVE('',#1613,#1614,#967,.T.);
#2021=EDGE_CURVE('',#1486,#1614,#968,.T.);
#2022=EDGE_CURVE('',#1614,#1611,#969,.T.);
#2023=EDGE_CURVE('',#1615,#1616,#970,.T.);
#2024=EDGE_CURVE('',#1485,#1615,#971,.T.);
#2025=EDGE_CURVE('',#1484,#1616,#972,.T.);
#2026=EDGE_CURVE('',#1616,#1617,#973,.T.);
#2027=EDGE_CURVE('',#1483,#1617,#974,.T.);
#2028=EDGE_CURVE('',#1617,#1618,#975,.T.);
#2029=EDGE_CURVE('',#1482,#1618,#976,.T.);
#2030=EDGE_CURVE('',#1618,#1615,#977,.T.);
#2031=EDGE_CURVE('',#1619,#1620,#978,.T.);
#2032=EDGE_CURVE('',#1481,#1619,#979,.T.);
#2033=EDGE_CURVE('',#1480,#1620,#980,.T.);
#2034=EDGE_CURVE('',#1620,#1621,#981,.T.);
#2035=EDGE_CURVE('',#1479,#1621,#982,.T.);
#2036=EDGE_CURVE('',#1621,#1622,#983,.T.);
#2037=EDGE_CURVE('',#1478,#1622,#984,.T.);
#2038=EDGE_CURVE('',#1622,#1619,#985,.T.);
#2039=EDGE_CURVE('',#1623,#1624,#986,.T.);
#2040=EDGE_CURVE('',#1477,#1623,#987,.T.);
#2041=EDGE_CURVE('',#1476,#1624,#988,.T.);
#2042=EDGE_CURVE('',#1624,#1625,#989,.T.);
#2043=EDGE_CURVE('',#1475,#1625,#990,.T.);
#2044=EDGE_CURVE('',#1625,#1626,#991,.T.);
#2045=EDGE_CURVE('',#1474,#1626,#992,.T.);
#2046=EDGE_CURVE('',#1626,#1623,#993,.T.);
#2047=EDGE_CURVE('',#1627,#1567,#994,.T.);
#2048=EDGE_CURVE('',#1628,#1570,#995,.T.);
#2049=EDGE_CURVE('',#1628,#1627,#996,.T.);
#2050=EDGE_CURVE('',#1629,#1627,#997,.T.);
#2051=EDGE_CURVE('',#1629,#1630,#644,.T.);
#2052=EDGE_CURVE('',#1630,#1631,#998,.T.);
#2053=EDGE_CURVE('',#1627,#1631,#645,.T.);
#2054=EDGE_CURVE('',#1568,#1629,#999,.T.);
#2055=EDGE_CURVE('',#1456,#1568,#646,.T.);
#2056=EDGE_CURVE('',#1630,#1456,#1000,.T.);
#2057=EDGE_CURVE('',#1630,#1632,#1001,.T.);
#2058=EDGE_CURVE('',#1632,#1633,#1002,.T.);
#2059=EDGE_CURVE('',#1634,#1633,#1003,.T.);
#2060=EDGE_CURVE('',#1634,#1635,#1004,.T.);
#2061=EDGE_CURVE('',#1636,#1635,#1005,.T.);
#2062=EDGE_CURVE('',#1637,#1636,#1006,.T.);
#2063=EDGE_CURVE('',#1638,#1637,#1007,.T.);
#2064=EDGE_CURVE('',#1639,#1638,#1008,.T.);
#2065=EDGE_CURVE('',#1639,#1640,#1009,.T.);
#2066=EDGE_CURVE('',#1640,#1641,#1010,.T.);
#2067=EDGE_CURVE('',#1642,#1641,#1011,.T.);
#2068=EDGE_CURVE('',#1643,#1642,#647,.T.);
#2069=EDGE_CURVE('',#1644,#1643,#1012,.T.);
#2070=EDGE_CURVE('',#1645,#1644,#648,.T.);
#2071=EDGE_CURVE('',#1646,#1645,#1013,.T.);
#2072=EDGE_CURVE('',#1647,#1646,#1014,.T.);
#2073=EDGE_CURVE('',#1631,#1647,#1015,.T.);
#2074=EDGE_CURVE('',#1648,#1571,#1016,.T.);
#2075=EDGE_CURVE('',#1574,#1649,#1017,.T.);
#2076=EDGE_CURVE('',#1648,#1649,#1018,.T.);
#2077=EDGE_CURVE('',#1650,#1648,#1019,.T.);
#2078=EDGE_CURVE('',#1650,#1466,#649,.T.);
#2079=EDGE_CURVE('',#1465,#1648,#650,.T.);
#2080=EDGE_CURVE('',#1572,#1650,#1020,.T.);
#2081=EDGE_CURVE('',#1638,#1572,#651,.T.);
#2082=EDGE_CURVE('',#1638,#1466,#1021,.T.);
#2083=EDGE_CURVE('',#1567,#1455,#652,.T.);
#2084=EDGE_CURVE('',#1651,#1628,#1022,.T.);
#2085=EDGE_CURVE('',#1651,#1629,#1023,.T.);
#2086=EDGE_CURVE('',#1571,#1639,#653,.T.);
#2087=EDGE_CURVE('',#1469,#1439,#654,.T.);
#2088=EDGE_CURVE('',#1440,#1470,#655,.T.);
#2089=EDGE_CURVE('',#1635,#1469,#1024,.T.);
#2090=EDGE_CURVE('',#1636,#1468,#1025,.T.);
#2091=EDGE_CURVE('',#1649,#1652,#1026,.T.);
#2092=EDGE_CURVE('',#1652,#1650,#1027,.T.);
#2093=EDGE_CURVE('',#1653,#1439,#1028,.T.);
#2094=EDGE_CURVE('',#1653,#1654,#1029,.T.);
#2095=EDGE_CURVE('',#1654,#1441,#1030,.T.);
#2096=EDGE_CURVE('',#1655,#1653,#1031,.T.);
#2097=EDGE_CURVE('',#1656,#1655,#1032,.T.);
#2098=EDGE_CURVE('',#1654,#1656,#1033,.T.);
#2099=EDGE_CURVE('',#1440,#1655,#1034,.T.);
#2100=EDGE_CURVE('',#1655,#1634,#656,.T.);
#2101=EDGE_CURVE('',#1634,#1470,#1035,.T.);
#2102=EDGE_CURVE('',#1651,#1569,#1036,.T.);
#2103=EDGE_CURVE('',#1635,#1653,#657,.T.);
#2104=EDGE_CURVE('',#1637,#1467,#1037,.T.);
#2105=EDGE_CURVE('',#1639,#1465,#1038,.T.);
#2106=EDGE_CURVE('',#1640,#1464,#1039,.T.);
#2107=EDGE_CURVE('',#1641,#1463,#1040,.T.);
#2108=EDGE_CURVE('',#1642,#1462,#1041,.T.);
#2109=EDGE_CURVE('',#1643,#1461,#1042,.T.);
#2110=EDGE_CURVE('',#1644,#1460,#1043,.T.);
#2111=EDGE_CURVE('',#1645,#1459,#1044,.T.);
#2112=EDGE_CURVE('',#1646,#1458,#1045,.T.);
#2113=EDGE_CURVE('',#1647,#1457,#1046,.T.);
#2114=EDGE_CURVE('',#1631,#1455,#1047,.T.);
#2115=EDGE_CURVE('',#1632,#1472,#1048,.T.);
#2116=EDGE_CURVE('',#1633,#1471,#1049,.T.);
#2117=EDGE_CURVE('',#1656,#1442,#1050,.T.);
#2118=EDGE_CURVE('',#1573,#1652,#1051,.T.);
#2119=ORIENTED_EDGE('',*,*,#1657,.T.);
#2120=ORIENTED_EDGE('',*,*,#1658,.T.);
#2121=ORIENTED_EDGE('',*,*,#1659,.F.);
#2122=ORIENTED_EDGE('',*,*,#1660,.T.);
#2123=ORIENTED_EDGE('',*,*,#1661,.T.);
#2124=ORIENTED_EDGE('',*,*,#1662,.T.);
#2125=ORIENTED_EDGE('',*,*,#1657,.F.);
#2126=ORIENTED_EDGE('',*,*,#1663,.T.);
#2127=ORIENTED_EDGE('',*,*,#1664,.F.);
#2128=ORIENTED_EDGE('',*,*,#1665,.T.);
#2129=ORIENTED_EDGE('',*,*,#1666,.F.);
#2130=ORIENTED_EDGE('',*,*,#1667,.T.);
#2131=ORIENTED_EDGE('',*,*,#1668,.T.);
#2132=ORIENTED_EDGE('',*,*,#1669,.T.);
#2133=ORIENTED_EDGE('',*,*,#1670,.F.);
#2134=ORIENTED_EDGE('',*,*,#1671,.T.);
#2135=ORIENTED_EDGE('',*,*,#1672,.T.);
#2136=ORIENTED_EDGE('',*,*,#1673,.T.);
#2137=ORIENTED_EDGE('',*,*,#1668,.F.);
#2138=ORIENTED_EDGE('',*,*,#1674,.T.);
#2139=ORIENTED_EDGE('',*,*,#1675,.F.);
#2140=ORIENTED_EDGE('',*,*,#1676,.T.);
#2141=ORIENTED_EDGE('',*,*,#1677,.F.);
#2142=ORIENTED_EDGE('',*,*,#1678,.T.);
#2143=ORIENTED_EDGE('',*,*,#1679,.T.);
#2144=ORIENTED_EDGE('',*,*,#1680,.T.);
#2145=ORIENTED_EDGE('',*,*,#1681,.F.);
#2146=ORIENTED_EDGE('',*,*,#1682,.T.);
#2147=ORIENTED_EDGE('',*,*,#1683,.T.);
#2148=ORIENTED_EDGE('',*,*,#1684,.T.);
#2149=ORIENTED_EDGE('',*,*,#1679,.F.);
#2150=ORIENTED_EDGE('',*,*,#1685,.T.);
#2151=ORIENTED_EDGE('',*,*,#1686,.F.);
#2152=ORIENTED_EDGE('',*,*,#1687,.T.);
#2153=ORIENTED_EDGE('',*,*,#1688,.F.);
#2154=ORIENTED_EDGE('',*,*,#1689,.T.);
#2155=ORIENTED_EDGE('',*,*,#1690,.T.);
#2156=ORIENTED_EDGE('',*,*,#1691,.T.);
#2157=ORIENTED_EDGE('',*,*,#1692,.F.);
#2158=ORIENTED_EDGE('',*,*,#1693,.T.);
#2159=ORIENTED_EDGE('',*,*,#1694,.T.);
#2160=ORIENTED_EDGE('',*,*,#1695,.T.);
#2161=ORIENTED_EDGE('',*,*,#1690,.F.);
#2162=ORIENTED_EDGE('',*,*,#1696,.T.);
#2163=ORIENTED_EDGE('',*,*,#1697,.F.);
#2164=ORIENTED_EDGE('',*,*,#1698,.T.);
#2165=ORIENTED_EDGE('',*,*,#1699,.F.);
#2166=ORIENTED_EDGE('',*,*,#1700,.T.);
#2167=ORIENTED_EDGE('',*,*,#1701,.T.);
#2168=ORIENTED_EDGE('',*,*,#1702,.T.);
#2169=ORIENTED_EDGE('',*,*,#1703,.F.);
#2170=ORIENTED_EDGE('',*,*,#1704,.F.);
#2171=ORIENTED_EDGE('',*,*,#1705,.T.);
#2172=ORIENTED_EDGE('',*,*,#1706,.T.);
#2173=ORIENTED_EDGE('',*,*,#1701,.F.);
#2174=ORIENTED_EDGE('',*,*,#1707,.F.);
#2175=ORIENTED_EDGE('',*,*,#1708,.F.);
#2176=ORIENTED_EDGE('',*,*,#1709,.F.);
#2177=ORIENTED_EDGE('',*,*,#1710,.F.);
#2178=ORIENTED_EDGE('',*,*,#1711,.T.);
#2179=ORIENTED_EDGE('',*,*,#1712,.T.);
#2180=ORIENTED_EDGE('',*,*,#1713,.T.);
#2181=ORIENTED_EDGE('',*,*,#1714,.F.);
#2182=ORIENTED_EDGE('',*,*,#1715,.F.);
#2183=ORIENTED_EDGE('',*,*,#1716,.T.);
#2184=ORIENTED_EDGE('',*,*,#1717,.T.);
#2185=ORIENTED_EDGE('',*,*,#1712,.F.);
#2186=ORIENTED_EDGE('',*,*,#1718,.F.);
#2187=ORIENTED_EDGE('',*,*,#1719,.F.);
#2188=ORIENTED_EDGE('',*,*,#1720,.F.);
#2189=ORIENTED_EDGE('',*,*,#1721,.F.);
#2190=ORIENTED_EDGE('',*,*,#1722,.T.);
#2191=ORIENTED_EDGE('',*,*,#1723,.T.);
#2192=ORIENTED_EDGE('',*,*,#1724,.T.);
#2193=ORIENTED_EDGE('',*,*,#1725,.F.);
#2194=ORIENTED_EDGE('',*,*,#1726,.F.);
#2195=ORIENTED_EDGE('',*,*,#1727,.T.);
#2196=ORIENTED_EDGE('',*,*,#1728,.T.);
#2197=ORIENTED_EDGE('',*,*,#1723,.F.);
#2198=ORIENTED_EDGE('',*,*,#1729,.F.);
#2199=ORIENTED_EDGE('',*,*,#1730,.F.);
#2200=ORIENTED_EDGE('',*,*,#1731,.F.);
#2201=ORIENTED_EDGE('',*,*,#1732,.F.);
#2202=ORIENTED_EDGE('',*,*,#1733,.T.);
#2203=ORIENTED_EDGE('',*,*,#1734,.T.);
#2204=ORIENTED_EDGE('',*,*,#1735,.T.);
#2205=ORIENTED_EDGE('',*,*,#1736,.F.);
#2206=ORIENTED_EDGE('',*,*,#1737,.F.);
#2207=ORIENTED_EDGE('',*,*,#1738,.T.);
#2208=ORIENTED_EDGE('',*,*,#1739,.T.);
#2209=ORIENTED_EDGE('',*,*,#1734,.F.);
#2210=ORIENTED_EDGE('',*,*,#1740,.F.);
#2211=ORIENTED_EDGE('',*,*,#1741,.F.);
#2212=ORIENTED_EDGE('',*,*,#1742,.F.);
#2213=ORIENTED_EDGE('',*,*,#1743,.F.);
#2214=ORIENTED_EDGE('',*,*,#1744,.T.);
#2215=ORIENTED_EDGE('',*,*,#1745,.T.);
#2216=ORIENTED_EDGE('',*,*,#1746,.F.);
#2217=ORIENTED_EDGE('',*,*,#1745,.F.);
#2218=ORIENTED_EDGE('',*,*,#1747,.T.);
#2219=ORIENTED_EDGE('',*,*,#1748,.F.);
#2220=ORIENTED_EDGE('',*,*,#1749,.T.);
#2221=ORIENTED_EDGE('',*,*,#1750,.T.);
#2222=ORIENTED_EDGE('',*,*,#1751,.T.);
#2223=ORIENTED_EDGE('',*,*,#1752,.F.);
#2224=ORIENTED_EDGE('',*,*,#1753,.F.);
#2225=ORIENTED_EDGE('',*,*,#1754,.F.);
#2226=ORIENTED_EDGE('',*,*,#1755,.F.);
#2227=ORIENTED_EDGE('',*,*,#1756,.F.);
#2228=ORIENTED_EDGE('',*,*,#1747,.F.);
#2229=ORIENTED_EDGE('',*,*,#1757,.T.);
#2230=ORIENTED_EDGE('',*,*,#1758,.F.);
#2231=ORIENTED_EDGE('',*,*,#1757,.F.);
#2232=ORIENTED_EDGE('',*,*,#1752,.T.);
#2233=ORIENTED_EDGE('',*,*,#1759,.T.);
#2234=ORIENTED_EDGE('',*,*,#1760,.F.);
#2235=ORIENTED_EDGE('',*,*,#1759,.F.);
#2236=ORIENTED_EDGE('',*,*,#1756,.T.);
#2237=ORIENTED_EDGE('',*,*,#1761,.T.);
#2238=ORIENTED_EDGE('',*,*,#1762,.F.);
#2239=ORIENTED_EDGE('',*,*,#1761,.F.);
#2240=ORIENTED_EDGE('',*,*,#1753,.T.);
#2241=ORIENTED_EDGE('',*,*,#1763,.T.);
#2242=ORIENTED_EDGE('',*,*,#1764,.F.);
#2243=ORIENTED_EDGE('',*,*,#1763,.F.);
#2244=ORIENTED_EDGE('',*,*,#1755,.T.);
#2245=ORIENTED_EDGE('',*,*,#1765,.T.);
#2246=ORIENTED_EDGE('',*,*,#1766,.F.);
#2247=ORIENTED_EDGE('',*,*,#1765,.F.);
#2248=ORIENTED_EDGE('',*,*,#1754,.T.);
#2249=ORIENTED_EDGE('',*,*,#1767,.T.);
#2250=ORIENTED_EDGE('',*,*,#1768,.F.);
#2251=ORIENTED_EDGE('',*,*,#1767,.F.);
#2252=ORIENTED_EDGE('',*,*,#1769,.T.);
#2253=ORIENTED_EDGE('',*,*,#1770,.F.);
#2254=ORIENTED_EDGE('',*,*,#1771,.T.);
#2255=ORIENTED_EDGE('',*,*,#1772,.T.);
#2256=ORIENTED_EDGE('',*,*,#1773,.T.);
#2257=ORIENTED_EDGE('',*,*,#1774,.T.);
#2258=ORIENTED_EDGE('',*,*,#1775,.T.);
#2259=ORIENTED_EDGE('',*,*,#1776,.T.);
#2260=ORIENTED_EDGE('',*,*,#1777,.T.);
#2261=ORIENTED_EDGE('',*,*,#1778,.T.);
#2262=ORIENTED_EDGE('',*,*,#1779,.T.);
#2263=ORIENTED_EDGE('',*,*,#1780,.F.);
#2264=ORIENTED_EDGE('',*,*,#1781,.T.);
#2265=ORIENTED_EDGE('',*,*,#1782,.T.);
#2266=ORIENTED_EDGE('',*,*,#1783,.T.);
#2267=ORIENTED_EDGE('',*,*,#1784,.T.);
#2268=ORIENTED_EDGE('',*,*,#1785,.T.);
#2269=ORIENTED_EDGE('',*,*,#1786,.T.);
#2270=ORIENTED_EDGE('',*,*,#1787,.T.);
#2271=ORIENTED_EDGE('',*,*,#1788,.F.);
#2272=ORIENTED_EDGE('',*,*,#1789,.T.);
#2273=ORIENTED_EDGE('',*,*,#1790,.T.);
#2274=ORIENTED_EDGE('',*,*,#1791,.T.);
#2275=ORIENTED_EDGE('',*,*,#1792,.T.);
#2276=ORIENTED_EDGE('',*,*,#1793,.T.);
#2277=ORIENTED_EDGE('',*,*,#1794,.T.);
#2278=ORIENTED_EDGE('',*,*,#1795,.T.);
#2279=ORIENTED_EDGE('',*,*,#1796,.T.);
#2280=ORIENTED_EDGE('',*,*,#1797,.T.);
#2281=ORIENTED_EDGE('',*,*,#1798,.T.);
#2282=ORIENTED_EDGE('',*,*,#1799,.T.);
#2283=ORIENTED_EDGE('',*,*,#1800,.T.);
#2284=ORIENTED_EDGE('',*,*,#1801,.T.);
#2285=ORIENTED_EDGE('',*,*,#1802,.T.);
#2286=ORIENTED_EDGE('',*,*,#1803,.T.);
#2287=ORIENTED_EDGE('',*,*,#1804,.T.);
#2288=ORIENTED_EDGE('',*,*,#1805,.T.);
#2289=ORIENTED_EDGE('',*,*,#1806,.T.);
#2290=ORIENTED_EDGE('',*,*,#1807,.T.);
#2291=ORIENTED_EDGE('',*,*,#1808,.T.);
#2292=ORIENTED_EDGE('',*,*,#1809,.T.);
#2293=ORIENTED_EDGE('',*,*,#1810,.T.);
#2294=ORIENTED_EDGE('',*,*,#1811,.T.);
#2295=ORIENTED_EDGE('',*,*,#1812,.T.);
#2296=ORIENTED_EDGE('',*,*,#1813,.T.);
#2297=ORIENTED_EDGE('',*,*,#1814,.T.);
#2298=ORIENTED_EDGE('',*,*,#1815,.T.);
#2299=ORIENTED_EDGE('',*,*,#1816,.T.);
#2300=ORIENTED_EDGE('',*,*,#1817,.T.);
#2301=ORIENTED_EDGE('',*,*,#1818,.T.);
#2302=ORIENTED_EDGE('',*,*,#1819,.T.);
#2303=ORIENTED_EDGE('',*,*,#1820,.T.);
#2304=ORIENTED_EDGE('',*,*,#1821,.T.);
#2305=ORIENTED_EDGE('',*,*,#1822,.T.);
#2306=ORIENTED_EDGE('',*,*,#1823,.T.);
#2307=ORIENTED_EDGE('',*,*,#1824,.T.);
#2308=ORIENTED_EDGE('',*,*,#1825,.T.);
#2309=ORIENTED_EDGE('',*,*,#1826,.T.);
#2310=ORIENTED_EDGE('',*,*,#1827,.T.);
#2311=ORIENTED_EDGE('',*,*,#1828,.T.);
#2312=ORIENTED_EDGE('',*,*,#1829,.T.);
#2313=ORIENTED_EDGE('',*,*,#1830,.T.);
#2314=ORIENTED_EDGE('',*,*,#1831,.T.);
#2315=ORIENTED_EDGE('',*,*,#1832,.T.);
#2316=ORIENTED_EDGE('',*,*,#1833,.T.);
#2317=ORIENTED_EDGE('',*,*,#1834,.T.);
#2318=ORIENTED_EDGE('',*,*,#1835,.T.);
#2319=ORIENTED_EDGE('',*,*,#1836,.T.);
#2320=ORIENTED_EDGE('',*,*,#1837,.T.);
#2321=ORIENTED_EDGE('',*,*,#1838,.T.);
#2322=ORIENTED_EDGE('',*,*,#1839,.T.);
#2323=ORIENTED_EDGE('',*,*,#1840,.T.);
#2324=ORIENTED_EDGE('',*,*,#1841,.T.);
#2325=ORIENTED_EDGE('',*,*,#1842,.T.);
#2326=ORIENTED_EDGE('',*,*,#1843,.T.);
#2327=ORIENTED_EDGE('',*,*,#1844,.T.);
#2328=ORIENTED_EDGE('',*,*,#1845,.T.);
#2329=ORIENTED_EDGE('',*,*,#1846,.T.);
#2330=ORIENTED_EDGE('',*,*,#1847,.T.);
#2331=ORIENTED_EDGE('',*,*,#1848,.T.);
#2332=ORIENTED_EDGE('',*,*,#1849,.T.);
#2333=ORIENTED_EDGE('',*,*,#1850,.T.);
#2334=ORIENTED_EDGE('',*,*,#1851,.T.);
#2335=ORIENTED_EDGE('',*,*,#1852,.T.);
#2336=ORIENTED_EDGE('',*,*,#1853,.T.);
#2337=ORIENTED_EDGE('',*,*,#1854,.T.);
#2338=ORIENTED_EDGE('',*,*,#1855,.T.);
#2339=ORIENTED_EDGE('',*,*,#1856,.T.);
#2340=ORIENTED_EDGE('',*,*,#1857,.T.);
#2341=ORIENTED_EDGE('',*,*,#1858,.T.);
#2342=ORIENTED_EDGE('',*,*,#1859,.T.);
#2343=ORIENTED_EDGE('',*,*,#1860,.F.);
#2344=ORIENTED_EDGE('',*,*,#1769,.F.);
#2345=ORIENTED_EDGE('',*,*,#1861,.T.);
#2346=ORIENTED_EDGE('',*,*,#1862,.F.);
#2347=ORIENTED_EDGE('',*,*,#1861,.F.);
#2348=ORIENTED_EDGE('',*,*,#1788,.T.);
#2349=ORIENTED_EDGE('',*,*,#1863,.T.);
#2350=ORIENTED_EDGE('',*,*,#1864,.F.);
#2351=ORIENTED_EDGE('',*,*,#1863,.F.);
#2352=ORIENTED_EDGE('',*,*,#1860,.T.);
#2353=ORIENTED_EDGE('',*,*,#1865,.F.);
#2354=ORIENTED_EDGE('',*,*,#1866,.F.);
#2355=ORIENTED_EDGE('',*,*,#1858,.F.);
#2356=ORIENTED_EDGE('',*,*,#1867,.T.);
#2357=ORIENTED_EDGE('',*,*,#1868,.F.);
#2358=ORIENTED_EDGE('',*,*,#1867,.F.);
#2359=ORIENTED_EDGE('',*,*,#1857,.F.);
#2360=ORIENTED_EDGE('',*,*,#1869,.T.);
#2361=ORIENTED_EDGE('',*,*,#1870,.F.);
#2362=ORIENTED_EDGE('',*,*,#1869,.F.);
#2363=ORIENTED_EDGE('',*,*,#1856,.F.);
#2364=ORIENTED_EDGE('',*,*,#1871,.T.);
#2365=ORIENTED_EDGE('',*,*,#1872,.F.);
#2366=ORIENTED_EDGE('',*,*,#1871,.F.);
#2367=ORIENTED_EDGE('',*,*,#1859,.F.);
#2368=ORIENTED_EDGE('',*,*,#1866,.T.);
#2369=ORIENTED_EDGE('',*,*,#1873,.F.);
#2370=ORIENTED_EDGE('',*,*,#1874,.F.);
#2371=ORIENTED_EDGE('',*,*,#1854,.F.);
#2372=ORIENTED_EDGE('',*,*,#1875,.T.);
#2373=ORIENTED_EDGE('',*,*,#1876,.F.);
#2374=ORIENTED_EDGE('',*,*,#1875,.F.);
#2375=ORIENTED_EDGE('',*,*,#1853,.F.);
#2376=ORIENTED_EDGE('',*,*,#1877,.T.);
#2377=ORIENTED_EDGE('',*,*,#1878,.F.);
#2378=ORIENTED_EDGE('',*,*,#1877,.F.);
#2379=ORIENTED_EDGE('',*,*,#1852,.F.);
#2380=ORIENTED_EDGE('',*,*,#1879,.T.);
#2381=ORIENTED_EDGE('',*,*,#1880,.F.);
#2382=ORIENTED_EDGE('',*,*,#1879,.F.);
#2383=ORIENTED_EDGE('',*,*,#1855,.F.);
#2384=ORIENTED_EDGE('',*,*,#1874,.T.);
#2385=ORIENTED_EDGE('',*,*,#1851,.F.);
#2386=ORIENTED_EDGE('',*,*,#1881,.T.);
#2387=ORIENTED_EDGE('',*,*,#1882,.F.);
#2388=ORIENTED_EDGE('',*,*,#1881,.F.);
#2389=ORIENTED_EDGE('',*,*,#1850,.F.);
#2390=ORIENTED_EDGE('',*,*,#1883,.T.);
#2391=ORIENTED_EDGE('',*,*,#1884,.F.);
#2392=ORIENTED_EDGE('',*,*,#1883,.F.);
#2393=ORIENTED_EDGE('',*,*,#1885,.F.);
#2394=ORIENTED_EDGE('',*,*,#1886,.F.);
#2395=ORIENTED_EDGE('',*,*,#1846,.F.);
#2396=ORIENTED_EDGE('',*,*,#1887,.T.);
#2397=ORIENTED_EDGE('',*,*,#1888,.F.);
#2398=ORIENTED_EDGE('',*,*,#1887,.F.);
#2399=ORIENTED_EDGE('',*,*,#1845,.F.);
#2400=ORIENTED_EDGE('',*,*,#1889,.T.);
#2401=ORIENTED_EDGE('',*,*,#1890,.F.);
#2402=ORIENTED_EDGE('',*,*,#1889,.F.);
#2403=ORIENTED_EDGE('',*,*,#1844,.F.);
#2404=ORIENTED_EDGE('',*,*,#1891,.T.);
#2405=ORIENTED_EDGE('',*,*,#1892,.F.);
#2406=ORIENTED_EDGE('',*,*,#1891,.F.);
#2407=ORIENTED_EDGE('',*,*,#1843,.F.);
#2408=ORIENTED_EDGE('',*,*,#1893,.T.);
#2409=ORIENTED_EDGE('',*,*,#1894,.F.);
#2410=ORIENTED_EDGE('',*,*,#1893,.F.);
#2411=ORIENTED_EDGE('',*,*,#1842,.F.);
#2412=ORIENTED_EDGE('',*,*,#1895,.T.);
#2413=ORIENTED_EDGE('',*,*,#1896,.F.);
#2414=ORIENTED_EDGE('',*,*,#1895,.F.);
#2415=ORIENTED_EDGE('',*,*,#1849,.F.);
#2416=ORIENTED_EDGE('',*,*,#1897,.T.);
#2417=ORIENTED_EDGE('',*,*,#1898,.F.);
#2418=ORIENTED_EDGE('',*,*,#1897,.F.);
#2419=ORIENTED_EDGE('',*,*,#1848,.F.);
#2420=ORIENTED_EDGE('',*,*,#1899,.T.);
#2421=ORIENTED_EDGE('',*,*,#1900,.F.);
#2422=ORIENTED_EDGE('',*,*,#1899,.F.);
#2423=ORIENTED_EDGE('',*,*,#1847,.F.);
#2424=ORIENTED_EDGE('',*,*,#1886,.T.);
#2425=ORIENTED_EDGE('',*,*,#1841,.F.);
#2426=ORIENTED_EDGE('',*,*,#1901,.T.);
#2427=ORIENTED_EDGE('',*,*,#1902,.F.);
#2428=ORIENTED_EDGE('',*,*,#1901,.F.);
#2429=ORIENTED_EDGE('',*,*,#1741,.T.);
#2430=ORIENTED_EDGE('',*,*,#1903,.T.);
#2431=ORIENTED_EDGE('',*,*,#1738,.F.);
#2432=ORIENTED_EDGE('',*,*,#1904,.F.);
#2433=ORIENTED_EDGE('',*,*,#1905,.F.);
#2434=ORIENTED_EDGE('',*,*,#1735,.F.);
#2435=ORIENTED_EDGE('',*,*,#1739,.F.);
#2436=ORIENTED_EDGE('',*,*,#1903,.F.);
#2437=ORIENTED_EDGE('',*,*,#1744,.F.);
#2438=ORIENTED_EDGE('',*,*,#1906,.F.);
#2439=ORIENTED_EDGE('',*,*,#1665,.F.);
#2440=ORIENTED_EDGE('',*,*,#1907,.F.);
#2441=ORIENTED_EDGE('',*,*,#1663,.F.);
#2442=ORIENTED_EDGE('',*,*,#1660,.F.);
#2443=ORIENTED_EDGE('',*,*,#1908,.F.);
#2444=ORIENTED_EDGE('',*,*,#1658,.F.);
#2445=ORIENTED_EDGE('',*,*,#1662,.F.);
#2446=ORIENTED_EDGE('',*,*,#1909,.F.);
#2447=ORIENTED_EDGE('',*,*,#1667,.F.);
#2448=ORIENTED_EDGE('',*,*,#1910,.F.);
#2449=ORIENTED_EDGE('',*,*,#1742,.T.);
#2450=ORIENTED_EDGE('',*,*,#1904,.T.);
#2451=ORIENTED_EDGE('',*,*,#1740,.T.);
#2452=ORIENTED_EDGE('',*,*,#1737,.T.);
#2453=ORIENTED_EDGE('',*,*,#1911,.T.);
#2454=ORIENTED_EDGE('',*,*,#1912,.T.);
#2455=ORIENTED_EDGE('',*,*,#1913,.T.);
#2456=ORIENTED_EDGE('',*,*,#1914,.T.);
#2457=ORIENTED_EDGE('',*,*,#1915,.T.);
#2458=ORIENTED_EDGE('',*,*,#1732,.T.);
#2459=ORIENTED_EDGE('',*,*,#1916,.T.);
#2460=ORIENTED_EDGE('',*,*,#1677,.T.);
#2461=ORIENTED_EDGE('',*,*,#1906,.T.);
#2462=ORIENTED_EDGE('',*,*,#1743,.T.);
#2463=ORIENTED_EDGE('',*,*,#1910,.T.);
#2464=ORIENTED_EDGE('',*,*,#1666,.T.);
#2465=ORIENTED_EDGE('',*,*,#1730,.T.);
#2466=ORIENTED_EDGE('',*,*,#1917,.T.);
#2467=ORIENTED_EDGE('',*,*,#1727,.F.);
#2468=ORIENTED_EDGE('',*,*,#1918,.F.);
#2469=ORIENTED_EDGE('',*,*,#1919,.F.);
#2470=ORIENTED_EDGE('',*,*,#1724,.F.);
#2471=ORIENTED_EDGE('',*,*,#1728,.F.);
#2472=ORIENTED_EDGE('',*,*,#1917,.F.);
#2473=ORIENTED_EDGE('',*,*,#1733,.F.);
#2474=ORIENTED_EDGE('',*,*,#1915,.F.);
#2475=ORIENTED_EDGE('',*,*,#1676,.F.);
#2476=ORIENTED_EDGE('',*,*,#1920,.F.);
#2477=ORIENTED_EDGE('',*,*,#1674,.F.);
#2478=ORIENTED_EDGE('',*,*,#1671,.F.);
#2479=ORIENTED_EDGE('',*,*,#1921,.F.);
#2480=ORIENTED_EDGE('',*,*,#1669,.F.);
#2481=ORIENTED_EDGE('',*,*,#1673,.F.);
#2482=ORIENTED_EDGE('',*,*,#1922,.F.);
#2483=ORIENTED_EDGE('',*,*,#1678,.F.);
#2484=ORIENTED_EDGE('',*,*,#1916,.F.);
#2485=ORIENTED_EDGE('',*,*,#1731,.T.);
#2486=ORIENTED_EDGE('',*,*,#1918,.T.);
#2487=ORIENTED_EDGE('',*,*,#1729,.T.);
#2488=ORIENTED_EDGE('',*,*,#1726,.T.);
#2489=ORIENTED_EDGE('',*,*,#1719,.T.);
#2490=ORIENTED_EDGE('',*,*,#1923,.T.);
#2491=ORIENTED_EDGE('',*,*,#1716,.F.);
#2492=ORIENTED_EDGE('',*,*,#1924,.F.);
#2493=ORIENTED_EDGE('',*,*,#1925,.F.);
#2494=ORIENTED_EDGE('',*,*,#1713,.F.);
#2495=ORIENTED_EDGE('',*,*,#1717,.F.);
#2496=ORIENTED_EDGE('',*,*,#1923,.F.);
#2497=ORIENTED_EDGE('',*,*,#1722,.F.);
#2498=ORIENTED_EDGE('',*,*,#1926,.F.);
#2499=ORIENTED_EDGE('',*,*,#1687,.F.);
#2500=ORIENTED_EDGE('',*,*,#1927,.F.);
#2501=ORIENTED_EDGE('',*,*,#1685,.F.);
#2502=ORIENTED_EDGE('',*,*,#1682,.F.);
#2503=ORIENTED_EDGE('',*,*,#1928,.F.);
#2504=ORIENTED_EDGE('',*,*,#1680,.F.);
#2505=ORIENTED_EDGE('',*,*,#1684,.F.);
#2506=ORIENTED_EDGE('',*,*,#1929,.F.);
#2507=ORIENTED_EDGE('',*,*,#1689,.F.);
#2508=ORIENTED_EDGE('',*,*,#1930,.F.);
#2509=ORIENTED_EDGE('',*,*,#1720,.T.);
#2510=ORIENTED_EDGE('',*,*,#1924,.T.);
#2511=ORIENTED_EDGE('',*,*,#1718,.T.);
#2512=ORIENTED_EDGE('',*,*,#1715,.T.);
#2513=ORIENTED_EDGE('',*,*,#1931,.T.);
#2514=ORIENTED_EDGE('',*,*,#1932,.T.);
#2515=ORIENTED_EDGE('',*,*,#1933,.T.);
#2516=ORIENTED_EDGE('',*,*,#1934,.T.);
#2517=ORIENTED_EDGE('',*,*,#1935,.T.);
#2518=ORIENTED_EDGE('',*,*,#1703,.T.);
#2519=ORIENTED_EDGE('',*,*,#1936,.T.);
#2520=ORIENTED_EDGE('',*,*,#1692,.T.);
#2521=ORIENTED_EDGE('',*,*,#1928,.T.);
#2522=ORIENTED_EDGE('',*,*,#1714,.T.);
#2523=ORIENTED_EDGE('',*,*,#1925,.T.);
#2524=ORIENTED_EDGE('',*,*,#1681,.T.);
#2525=ORIENTED_EDGE('',*,*,#1708,.T.);
#2526=ORIENTED_EDGE('',*,*,#1937,.T.);
#2527=ORIENTED_EDGE('',*,*,#1705,.F.);
#2528=ORIENTED_EDGE('',*,*,#1938,.F.);
#2529=ORIENTED_EDGE('',*,*,#1936,.F.);
#2530=ORIENTED_EDGE('',*,*,#1702,.F.);
#2531=ORIENTED_EDGE('',*,*,#1706,.F.);
#2532=ORIENTED_EDGE('',*,*,#1937,.F.);
#2533=ORIENTED_EDGE('',*,*,#1711,.F.);
#2534=ORIENTED_EDGE('',*,*,#1939,.F.);
#2535=ORIENTED_EDGE('',*,*,#1698,.F.);
#2536=ORIENTED_EDGE('',*,*,#1940,.F.);
#2537=ORIENTED_EDGE('',*,*,#1696,.F.);
#2538=ORIENTED_EDGE('',*,*,#1693,.F.);
#2539=ORIENTED_EDGE('',*,*,#1935,.F.);
#2540=ORIENTED_EDGE('',*,*,#1691,.F.);
#2541=ORIENTED_EDGE('',*,*,#1695,.F.);
#2542=ORIENTED_EDGE('',*,*,#1941,.F.);
#2543=ORIENTED_EDGE('',*,*,#1700,.F.);
#2544=ORIENTED_EDGE('',*,*,#1942,.F.);
#2545=ORIENTED_EDGE('',*,*,#1709,.T.);
#2546=ORIENTED_EDGE('',*,*,#1938,.T.);
#2547=ORIENTED_EDGE('',*,*,#1707,.T.);
#2548=ORIENTED_EDGE('',*,*,#1704,.T.);
#2549=ORIENTED_EDGE('',*,*,#1697,.T.);
#2550=ORIENTED_EDGE('',*,*,#1941,.T.);
#2551=ORIENTED_EDGE('',*,*,#1694,.F.);
#2552=ORIENTED_EDGE('',*,*,#1940,.T.);
#2553=ORIENTED_EDGE('',*,*,#1686,.T.);
#2554=ORIENTED_EDGE('',*,*,#1929,.T.);
#2555=ORIENTED_EDGE('',*,*,#1683,.F.);
#2556=ORIENTED_EDGE('',*,*,#1927,.T.);
#2557=ORIENTED_EDGE('',*,*,#1675,.T.);
#2558=ORIENTED_EDGE('',*,*,#1922,.T.);
#2559=ORIENTED_EDGE('',*,*,#1672,.F.);
#2560=ORIENTED_EDGE('',*,*,#1920,.T.);
#2561=ORIENTED_EDGE('',*,*,#1664,.T.);
#2562=ORIENTED_EDGE('',*,*,#1909,.T.);
#2563=ORIENTED_EDGE('',*,*,#1661,.F.);
#2564=ORIENTED_EDGE('',*,*,#1907,.T.);
#2565=ORIENTED_EDGE('',*,*,#1943,.F.);
#2566=ORIENTED_EDGE('',*,*,#1944,.F.);
#2567=ORIENTED_EDGE('',*,*,#1839,.F.);
#2568=ORIENTED_EDGE('',*,*,#1945,.T.);
#2569=ORIENTED_EDGE('',*,*,#1946,.F.);
#2570=ORIENTED_EDGE('',*,*,#1945,.F.);
#2571=ORIENTED_EDGE('',*,*,#1838,.F.);
#2572=ORIENTED_EDGE('',*,*,#1947,.T.);
#2573=ORIENTED_EDGE('',*,*,#1948,.F.);
#2574=ORIENTED_EDGE('',*,*,#1947,.F.);
#2575=ORIENTED_EDGE('',*,*,#1837,.F.);
#2576=ORIENTED_EDGE('',*,*,#1949,.T.);
#2577=ORIENTED_EDGE('',*,*,#1950,.F.);
#2578=ORIENTED_EDGE('',*,*,#1949,.F.);
#2579=ORIENTED_EDGE('',*,*,#1840,.F.);
#2580=ORIENTED_EDGE('',*,*,#1944,.T.);
#2581=ORIENTED_EDGE('',*,*,#1951,.F.);
#2582=ORIENTED_EDGE('',*,*,#1952,.F.);
#2583=ORIENTED_EDGE('',*,*,#1835,.F.);
#2584=ORIENTED_EDGE('',*,*,#1953,.T.);
#2585=ORIENTED_EDGE('',*,*,#1954,.F.);
#2586=ORIENTED_EDGE('',*,*,#1953,.F.);
#2587=ORIENTED_EDGE('',*,*,#1834,.F.);
#2588=ORIENTED_EDGE('',*,*,#1955,.T.);
#2589=ORIENTED_EDGE('',*,*,#1956,.F.);
#2590=ORIENTED_EDGE('',*,*,#1955,.F.);
#2591=ORIENTED_EDGE('',*,*,#1833,.F.);
#2592=ORIENTED_EDGE('',*,*,#1957,.T.);
#2593=ORIENTED_EDGE('',*,*,#1958,.F.);
#2594=ORIENTED_EDGE('',*,*,#1957,.F.);
#2595=ORIENTED_EDGE('',*,*,#1836,.F.);
#2596=ORIENTED_EDGE('',*,*,#1952,.T.);
#2597=ORIENTED_EDGE('',*,*,#1959,.F.);
#2598=ORIENTED_EDGE('',*,*,#1960,.F.);
#2599=ORIENTED_EDGE('',*,*,#1831,.F.);
#2600=ORIENTED_EDGE('',*,*,#1961,.T.);
#2601=ORIENTED_EDGE('',*,*,#1962,.F.);
#2602=ORIENTED_EDGE('',*,*,#1961,.F.);
#2603=ORIENTED_EDGE('',*,*,#1830,.F.);
#2604=ORIENTED_EDGE('',*,*,#1963,.T.);
#2605=ORIENTED_EDGE('',*,*,#1964,.F.);
#2606=ORIENTED_EDGE('',*,*,#1963,.F.);
#2607=ORIENTED_EDGE('',*,*,#1829,.F.);
#2608=ORIENTED_EDGE('',*,*,#1965,.T.);
#2609=ORIENTED_EDGE('',*,*,#1966,.F.);
#2610=ORIENTED_EDGE('',*,*,#1965,.F.);
#2611=ORIENTED_EDGE('',*,*,#1832,.F.);
#2612=ORIENTED_EDGE('',*,*,#1960,.T.);
#2613=ORIENTED_EDGE('',*,*,#1967,.F.);
#2614=ORIENTED_EDGE('',*,*,#1968,.F.);
#2615=ORIENTED_EDGE('',*,*,#1827,.F.);
#2616=ORIENTED_EDGE('',*,*,#1969,.T.);
#2617=ORIENTED_EDGE('',*,*,#1970,.F.);
#2618=ORIENTED_EDGE('',*,*,#1969,.F.);
#2619=ORIENTED_EDGE('',*,*,#1826,.F.);
#2620=ORIENTED_EDGE('',*,*,#1971,.T.);
#2621=ORIENTED_EDGE('',*,*,#1972,.F.);
#2622=ORIENTED_EDGE('',*,*,#1971,.F.);
#2623=ORIENTED_EDGE('',*,*,#1825,.F.);
#2624=ORIENTED_EDGE('',*,*,#1973,.T.);
#2625=ORIENTED_EDGE('',*,*,#1974,.F.);
#2626=ORIENTED_EDGE('',*,*,#1973,.F.);
#2627=ORIENTED_EDGE('',*,*,#1828,.F.);
#2628=ORIENTED_EDGE('',*,*,#1968,.T.);
#2629=ORIENTED_EDGE('',*,*,#1975,.F.);
#2630=ORIENTED_EDGE('',*,*,#1976,.F.);
#2631=ORIENTED_EDGE('',*,*,#1823,.F.);
#2632=ORIENTED_EDGE('',*,*,#1977,.T.);
#2633=ORIENTED_EDGE('',*,*,#1978,.F.);
#2634=ORIENTED_EDGE('',*,*,#1977,.F.);
#2635=ORIENTED_EDGE('',*,*,#1822,.F.);
#2636=ORIENTED_EDGE('',*,*,#1979,.T.);
#2637=ORIENTED_EDGE('',*,*,#1980,.F.);
#2638=ORIENTED_EDGE('',*,*,#1979,.F.);
#2639=ORIENTED_EDGE('',*,*,#1821,.F.);
#2640=ORIENTED_EDGE('',*,*,#1981,.T.);
#2641=ORIENTED_EDGE('',*,*,#1982,.F.);
#2642=ORIENTED_EDGE('',*,*,#1981,.F.);
#2643=ORIENTED_EDGE('',*,*,#1824,.F.);
#2644=ORIENTED_EDGE('',*,*,#1976,.T.);
#2645=ORIENTED_EDGE('',*,*,#1983,.F.);
#2646=ORIENTED_EDGE('',*,*,#1984,.F.);
#2647=ORIENTED_EDGE('',*,*,#1819,.F.);
#2648=ORIENTED_EDGE('',*,*,#1985,.T.);
#2649=ORIENTED_EDGE('',*,*,#1986,.F.);
#2650=ORIENTED_EDGE('',*,*,#1985,.F.);
#2651=ORIENTED_EDGE('',*,*,#1818,.F.);
#2652=ORIENTED_EDGE('',*,*,#1987,.T.);
#2653=ORIENTED_EDGE('',*,*,#1988,.F.);
#2654=ORIENTED_EDGE('',*,*,#1987,.F.);
#2655=ORIENTED_EDGE('',*,*,#1817,.F.);
#2656=ORIENTED_EDGE('',*,*,#1989,.T.);
#2657=ORIENTED_EDGE('',*,*,#1990,.F.);
#2658=ORIENTED_EDGE('',*,*,#1989,.F.);
#2659=ORIENTED_EDGE('',*,*,#1820,.F.);
#2660=ORIENTED_EDGE('',*,*,#1984,.T.);
#2661=ORIENTED_EDGE('',*,*,#1991,.F.);
#2662=ORIENTED_EDGE('',*,*,#1992,.F.);
#2663=ORIENTED_EDGE('',*,*,#1815,.F.);
#2664=ORIENTED_EDGE('',*,*,#1993,.T.);
#2665=ORIENTED_EDGE('',*,*,#1994,.F.);
#2666=ORIENTED_EDGE('',*,*,#1993,.F.);
#2667=ORIENTED_EDGE('',*,*,#1814,.F.);
#2668=ORIENTED_EDGE('',*,*,#1995,.T.);
#2669=ORIENTED_EDGE('',*,*,#1996,.F.);
#2670=ORIENTED_EDGE('',*,*,#1995,.F.);
#2671=ORIENTED_EDGE('',*,*,#1813,.F.);
#2672=ORIENTED_EDGE('',*,*,#1997,.T.);
#2673=ORIENTED_EDGE('',*,*,#1998,.F.);
#2674=ORIENTED_EDGE('',*,*,#1997,.F.);
#2675=ORIENTED_EDGE('',*,*,#1816,.F.);
#2676=ORIENTED_EDGE('',*,*,#1992,.T.);
#2677=ORIENTED_EDGE('',*,*,#1999,.F.);
#2678=ORIENTED_EDGE('',*,*,#2000,.F.);
#2679=ORIENTED_EDGE('',*,*,#1811,.F.);
#2680=ORIENTED_EDGE('',*,*,#2001,.T.);
#2681=ORIENTED_EDGE('',*,*,#2002,.F.);
#2682=ORIENTED_EDGE('',*,*,#2001,.F.);
#2683=ORIENTED_EDGE('',*,*,#1810,.F.);
#2684=ORIENTED_EDGE('',*,*,#2003,.T.);
#2685=ORIENTED_EDGE('',*,*,#2004,.F.);
#2686=ORIENTED_EDGE('',*,*,#2003,.F.);
#2687=ORIENTED_EDGE('',*,*,#1809,.F.);
#2688=ORIENTED_EDGE('',*,*,#2005,.T.);
#2689=ORIENTED_EDGE('',*,*,#2006,.F.);
#2690=ORIENTED_EDGE('',*,*,#2005,.F.);
#2691=ORIENTED_EDGE('',*,*,#1812,.F.);
#2692=ORIENTED_EDGE('',*,*,#2000,.T.);
#2693=ORIENTED_EDGE('',*,*,#2007,.F.);
#2694=ORIENTED_EDGE('',*,*,#2008,.F.);
#2695=ORIENTED_EDGE('',*,*,#1807,.F.);
#2696=ORIENTED_EDGE('',*,*,#2009,.T.);
#2697=ORIENTED_EDGE('',*,*,#2010,.F.);
#2698=ORIENTED_EDGE('',*,*,#2009,.F.);
#2699=ORIENTED_EDGE('',*,*,#1806,.F.);
#2700=ORIENTED_EDGE('',*,*,#2011,.T.);
#2701=ORIENTED_EDGE('',*,*,#2012,.F.);
#2702=ORIENTED_EDGE('',*,*,#2011,.F.);
#2703=ORIENTED_EDGE('',*,*,#1805,.F.);
#2704=ORIENTED_EDGE('',*,*,#2013,.T.);
#2705=ORIENTED_EDGE('',*,*,#2014,.F.);
#2706=ORIENTED_EDGE('',*,*,#2013,.F.);
#2707=ORIENTED_EDGE('',*,*,#1808,.F.);
#2708=ORIENTED_EDGE('',*,*,#2008,.T.);
#2709=ORIENTED_EDGE('',*,*,#2015,.F.);
#2710=ORIENTED_EDGE('',*,*,#2016,.F.);
#2711=ORIENTED_EDGE('',*,*,#1803,.F.);
#2712=ORIENTED_EDGE('',*,*,#2017,.T.);
#2713=ORIENTED_EDGE('',*,*,#2018,.F.);
#2714=ORIENTED_EDGE('',*,*,#2017,.F.);
#2715=ORIENTED_EDGE('',*,*,#1802,.F.);
#2716=ORIENTED_EDGE('',*,*,#2019,.T.);
#2717=ORIENTED_EDGE('',*,*,#2020,.F.);
#2718=ORIENTED_EDGE('',*,*,#2019,.F.);
#2719=ORIENTED_EDGE('',*,*,#1801,.F.);
#2720=ORIENTED_EDGE('',*,*,#2021,.T.);
#2721=ORIENTED_EDGE('',*,*,#2022,.F.);
#2722=ORIENTED_EDGE('',*,*,#2021,.F.);
#2723=ORIENTED_EDGE('',*,*,#1804,.F.);
#2724=ORIENTED_EDGE('',*,*,#2016,.T.);
#2725=ORIENTED_EDGE('',*,*,#2023,.F.);
#2726=ORIENTED_EDGE('',*,*,#2024,.F.);
#2727=ORIENTED_EDGE('',*,*,#1799,.F.);
#2728=ORIENTED_EDGE('',*,*,#2025,.T.);
#2729=ORIENTED_EDGE('',*,*,#2026,.F.);
#2730=ORIENTED_EDGE('',*,*,#2025,.F.);
#2731=ORIENTED_EDGE('',*,*,#1798,.F.);
#2732=ORIENTED_EDGE('',*,*,#2027,.T.);
#2733=ORIENTED_EDGE('',*,*,#2028,.F.);
#2734=ORIENTED_EDGE('',*,*,#2027,.F.);
#2735=ORIENTED_EDGE('',*,*,#1797,.F.);
#2736=ORIENTED_EDGE('',*,*,#2029,.T.);
#2737=ORIENTED_EDGE('',*,*,#2030,.F.);
#2738=ORIENTED_EDGE('',*,*,#2029,.F.);
#2739=ORIENTED_EDGE('',*,*,#1800,.F.);
#2740=ORIENTED_EDGE('',*,*,#2024,.T.);
#2741=ORIENTED_EDGE('',*,*,#2031,.F.);
#2742=ORIENTED_EDGE('',*,*,#2032,.F.);
#2743=ORIENTED_EDGE('',*,*,#1795,.F.);
#2744=ORIENTED_EDGE('',*,*,#2033,.T.);
#2745=ORIENTED_EDGE('',*,*,#2034,.F.);
#2746=ORIENTED_EDGE('',*,*,#2033,.F.);
#2747=ORIENTED_EDGE('',*,*,#1794,.F.);
#2748=ORIENTED_EDGE('',*,*,#2035,.T.);
#2749=ORIENTED_EDGE('',*,*,#2036,.F.);
#2750=ORIENTED_EDGE('',*,*,#2035,.F.);
#2751=ORIENTED_EDGE('',*,*,#1793,.F.);
#2752=ORIENTED_EDGE('',*,*,#2037,.T.);
#2753=ORIENTED_EDGE('',*,*,#2038,.F.);
#2754=ORIENTED_EDGE('',*,*,#2037,.F.);
#2755=ORIENTED_EDGE('',*,*,#1796,.F.);
#2756=ORIENTED_EDGE('',*,*,#2032,.T.);
#2757=ORIENTED_EDGE('',*,*,#2039,.F.);
#2758=ORIENTED_EDGE('',*,*,#2040,.F.);
#2759=ORIENTED_EDGE('',*,*,#1791,.F.);
#2760=ORIENTED_EDGE('',*,*,#2041,.T.);
#2761=ORIENTED_EDGE('',*,*,#2042,.F.);
#2762=ORIENTED_EDGE('',*,*,#2041,.F.);
#2763=ORIENTED_EDGE('',*,*,#1790,.F.);
#2764=ORIENTED_EDGE('',*,*,#2043,.T.);
#2765=ORIENTED_EDGE('',*,*,#2044,.F.);
#2766=ORIENTED_EDGE('',*,*,#2043,.F.);
#2767=ORIENTED_EDGE('',*,*,#1789,.F.);
#2768=ORIENTED_EDGE('',*,*,#2045,.T.);
#2769=ORIENTED_EDGE('',*,*,#2046,.F.);
#2770=ORIENTED_EDGE('',*,*,#2045,.F.);
#2771=ORIENTED_EDGE('',*,*,#1792,.F.);
#2772=ORIENTED_EDGE('',*,*,#2040,.T.);
#2773=ORIENTED_EDGE('',*,*,#2047,.T.);
#2774=ORIENTED_EDGE('',*,*,#1914,.F.);
#2775=ORIENTED_EDGE('',*,*,#2048,.F.);
#2776=ORIENTED_EDGE('',*,*,#2049,.T.);
#2777=ORIENTED_EDGE('',*,*,#2050,.F.);
#2778=ORIENTED_EDGE('',*,*,#2051,.T.);
#2779=ORIENTED_EDGE('',*,*,#2052,.T.);
#2780=ORIENTED_EDGE('',*,*,#2053,.F.);
#2781=ORIENTED_EDGE('',*,*,#2054,.F.);
#2782=ORIENTED_EDGE('',*,*,#2055,.F.);
#2783=ORIENTED_EDGE('',*,*,#2056,.F.);
#2784=ORIENTED_EDGE('',*,*,#2051,.F.);
#2785=ORIENTED_EDGE('',*,*,#2052,.F.);
#2786=ORIENTED_EDGE('',*,*,#2057,.T.);
#2787=ORIENTED_EDGE('',*,*,#2058,.T.);
#2788=ORIENTED_EDGE('',*,*,#2059,.F.);
#2789=ORIENTED_EDGE('',*,*,#2060,.T.);
#2790=ORIENTED_EDGE('',*,*,#2061,.F.);
#2791=ORIENTED_EDGE('',*,*,#2062,.F.);
#2792=ORIENTED_EDGE('',*,*,#2063,.F.);
#2793=ORIENTED_EDGE('',*,*,#2064,.F.);
#2794=ORIENTED_EDGE('',*,*,#2065,.T.);
#2795=ORIENTED_EDGE('',*,*,#2066,.T.);
#2796=ORIENTED_EDGE('',*,*,#2067,.F.);
#2797=ORIENTED_EDGE('',*,*,#2068,.F.);
#2798=ORIENTED_EDGE('',*,*,#2069,.F.);
#2799=ORIENTED_EDGE('',*,*,#2070,.F.);
#2800=ORIENTED_EDGE('',*,*,#2071,.F.);
#2801=ORIENTED_EDGE('',*,*,#2072,.F.);
#2802=ORIENTED_EDGE('',*,*,#2073,.F.);
#2803=ORIENTED_EDGE('',*,*,#1864,.T.);
#2804=ORIENTED_EDGE('',*,*,#1768,.T.);
#2805=ORIENTED_EDGE('',*,*,#1862,.T.);
#2806=ORIENTED_EDGE('',*,*,#1870,.T.);
#2807=ORIENTED_EDGE('',*,*,#1872,.T.);
#2808=ORIENTED_EDGE('',*,*,#1865,.T.);
#2809=ORIENTED_EDGE('',*,*,#1868,.T.);
#2810=ORIENTED_EDGE('',*,*,#1878,.T.);
#2811=ORIENTED_EDGE('',*,*,#1880,.T.);
#2812=ORIENTED_EDGE('',*,*,#1873,.T.);
#2813=ORIENTED_EDGE('',*,*,#1876,.T.);
#2814=ORIENTED_EDGE('',*,*,#1882,.T.);
#2815=ORIENTED_EDGE('',*,*,#1884,.T.);
#2816=ORIENTED_EDGE('',*,*,#1894,.T.);
#2817=ORIENTED_EDGE('',*,*,#1896,.T.);
#2818=ORIENTED_EDGE('',*,*,#1898,.T.);
#2819=ORIENTED_EDGE('',*,*,#1900,.T.);
#2820=ORIENTED_EDGE('',*,*,#1885,.T.);
#2821=ORIENTED_EDGE('',*,*,#1888,.T.);
#2822=ORIENTED_EDGE('',*,*,#1890,.T.);
#2823=ORIENTED_EDGE('',*,*,#1892,.T.);
#2824=ORIENTED_EDGE('',*,*,#1902,.T.);
#2825=ORIENTED_EDGE('',*,*,#1948,.T.);
#2826=ORIENTED_EDGE('',*,*,#1950,.T.);
#2827=ORIENTED_EDGE('',*,*,#1943,.T.);
#2828=ORIENTED_EDGE('',*,*,#1946,.T.);
#2829=ORIENTED_EDGE('',*,*,#1956,.T.);
#2830=ORIENTED_EDGE('',*,*,#1958,.T.);
#2831=ORIENTED_EDGE('',*,*,#1951,.T.);
#2832=ORIENTED_EDGE('',*,*,#1954,.T.);
#2833=ORIENTED_EDGE('',*,*,#1964,.T.);
#2834=ORIENTED_EDGE('',*,*,#1966,.T.);
#2835=ORIENTED_EDGE('',*,*,#1959,.T.);
#2836=ORIENTED_EDGE('',*,*,#1962,.T.);
#2837=ORIENTED_EDGE('',*,*,#1972,.T.);
#2838=ORIENTED_EDGE('',*,*,#1974,.T.);
#2839=ORIENTED_EDGE('',*,*,#1967,.T.);
#2840=ORIENTED_EDGE('',*,*,#1970,.T.);
#2841=ORIENTED_EDGE('',*,*,#1980,.T.);
#2842=ORIENTED_EDGE('',*,*,#1982,.T.);
#2843=ORIENTED_EDGE('',*,*,#1975,.T.);
#2844=ORIENTED_EDGE('',*,*,#1978,.T.);
#2845=ORIENTED_EDGE('',*,*,#1988,.T.);
#2846=ORIENTED_EDGE('',*,*,#1990,.T.);
#2847=ORIENTED_EDGE('',*,*,#1983,.T.);
#2848=ORIENTED_EDGE('',*,*,#1986,.T.);
#2849=ORIENTED_EDGE('',*,*,#1996,.T.);
#2850=ORIENTED_EDGE('',*,*,#1998,.T.);
#2851=ORIENTED_EDGE('',*,*,#1991,.T.);
#2852=ORIENTED_EDGE('',*,*,#1994,.T.);
#2853=ORIENTED_EDGE('',*,*,#2004,.T.);
#2854=ORIENTED_EDGE('',*,*,#2006,.T.);
#2855=ORIENTED_EDGE('',*,*,#1999,.T.);
#2856=ORIENTED_EDGE('',*,*,#2002,.T.);
#2857=ORIENTED_EDGE('',*,*,#2012,.T.);
#2858=ORIENTED_EDGE('',*,*,#2014,.T.);
#2859=ORIENTED_EDGE('',*,*,#2007,.T.);
#2860=ORIENTED_EDGE('',*,*,#2010,.T.);
#2861=ORIENTED_EDGE('',*,*,#2020,.T.);
#2862=ORIENTED_EDGE('',*,*,#2022,.T.);
#2863=ORIENTED_EDGE('',*,*,#2015,.T.);
#2864=ORIENTED_EDGE('',*,*,#2018,.T.);
#2865=ORIENTED_EDGE('',*,*,#2028,.T.);
#2866=ORIENTED_EDGE('',*,*,#2030,.T.);
#2867=ORIENTED_EDGE('',*,*,#2023,.T.);
#2868=ORIENTED_EDGE('',*,*,#2026,.T.);
#2869=ORIENTED_EDGE('',*,*,#2036,.T.);
#2870=ORIENTED_EDGE('',*,*,#2038,.T.);
#2871=ORIENTED_EDGE('',*,*,#2031,.T.);
#2872=ORIENTED_EDGE('',*,*,#2034,.T.);
#2873=ORIENTED_EDGE('',*,*,#2044,.T.);
#2874=ORIENTED_EDGE('',*,*,#2046,.T.);
#2875=ORIENTED_EDGE('',*,*,#2039,.T.);
#2876=ORIENTED_EDGE('',*,*,#2042,.T.);
#2877=ORIENTED_EDGE('',*,*,#2074,.T.);
#2878=ORIENTED_EDGE('',*,*,#1934,.F.);
#2879=ORIENTED_EDGE('',*,*,#2075,.T.);
#2880=ORIENTED_EDGE('',*,*,#2076,.F.);
#2881=ORIENTED_EDGE('',*,*,#2077,.F.);
#2882=ORIENTED_EDGE('',*,*,#2078,.T.);
#2883=ORIENTED_EDGE('',*,*,#1780,.T.);
#2884=ORIENTED_EDGE('',*,*,#2079,.T.);
#2885=ORIENTED_EDGE('',*,*,#2080,.F.);
#2886=ORIENTED_EDGE('',*,*,#2081,.F.);
#2887=ORIENTED_EDGE('',*,*,#2082,.T.);
#2888=ORIENTED_EDGE('',*,*,#2078,.F.);
#2889=ORIENTED_EDGE('',*,*,#1911,.F.);
#2890=ORIENTED_EDGE('',*,*,#2083,.T.);
#2891=ORIENTED_EDGE('',*,*,#1770,.T.);
#2892=ORIENTED_EDGE('',*,*,#2055,.T.);
#2893=ORIENTED_EDGE('',*,*,#2050,.T.);
#2894=ORIENTED_EDGE('',*,*,#2049,.F.);
#2895=ORIENTED_EDGE('',*,*,#2084,.F.);
#2896=ORIENTED_EDGE('',*,*,#2085,.T.);
#2897=ORIENTED_EDGE('',*,*,#1905,.T.);
#2898=ORIENTED_EDGE('',*,*,#1659,.T.);
#2899=ORIENTED_EDGE('',*,*,#1908,.T.);
#2900=ORIENTED_EDGE('',*,*,#1736,.T.);
#2901=ORIENTED_EDGE('',*,*,#1919,.T.);
#2902=ORIENTED_EDGE('',*,*,#1670,.T.);
#2903=ORIENTED_EDGE('',*,*,#1921,.T.);
#2904=ORIENTED_EDGE('',*,*,#1725,.T.);
#2905=ORIENTED_EDGE('',*,*,#1931,.F.);
#2906=ORIENTED_EDGE('',*,*,#2086,.T.);
#2907=ORIENTED_EDGE('',*,*,#2064,.T.);
#2908=ORIENTED_EDGE('',*,*,#2081,.T.);
#2909=ORIENTED_EDGE('',*,*,#1784,.F.);
#2910=ORIENTED_EDGE('',*,*,#2087,.T.);
#2911=ORIENTED_EDGE('',*,*,#1748,.T.);
#2912=ORIENTED_EDGE('',*,*,#2088,.T.);
#2913=ORIENTED_EDGE('',*,*,#2089,.T.);
#2914=ORIENTED_EDGE('',*,*,#1783,.F.);
#2915=ORIENTED_EDGE('',*,*,#2090,.F.);
#2916=ORIENTED_EDGE('',*,*,#2061,.T.);
#2917=ORIENTED_EDGE('',*,*,#2077,.T.);
#2918=ORIENTED_EDGE('',*,*,#2076,.T.);
#2919=ORIENTED_EDGE('',*,*,#2091,.T.);
#2920=ORIENTED_EDGE('',*,*,#2092,.T.);
#2921=ORIENTED_EDGE('',*,*,#1930,.T.);
#2922=ORIENTED_EDGE('',*,*,#1688,.T.);
#2923=ORIENTED_EDGE('',*,*,#1926,.T.);
#2924=ORIENTED_EDGE('',*,*,#1721,.T.);
#2925=ORIENTED_EDGE('',*,*,#1942,.T.);
#2926=ORIENTED_EDGE('',*,*,#1699,.T.);
#2927=ORIENTED_EDGE('',*,*,#1939,.T.);
#2928=ORIENTED_EDGE('',*,*,#1710,.T.);
#2929=ORIENTED_EDGE('',*,*,#2093,.F.);
#2930=ORIENTED_EDGE('',*,*,#2094,.T.);
#2931=ORIENTED_EDGE('',*,*,#2095,.T.);
#2932=ORIENTED_EDGE('',*,*,#1749,.F.);
#2933=ORIENTED_EDGE('',*,*,#2096,.F.);
#2934=ORIENTED_EDGE('',*,*,#2097,.F.);
#2935=ORIENTED_EDGE('',*,*,#2098,.F.);
#2936=ORIENTED_EDGE('',*,*,#2094,.F.);
#2937=ORIENTED_EDGE('',*,*,#1746,.T.);
#2938=ORIENTED_EDGE('',*,*,#1766,.T.);
#2939=ORIENTED_EDGE('',*,*,#1760,.T.);
#2940=ORIENTED_EDGE('',*,*,#1758,.T.);
#2941=ORIENTED_EDGE('',*,*,#1764,.T.);
#2942=ORIENTED_EDGE('',*,*,#1762,.T.);
#2943=ORIENTED_EDGE('',*,*,#2099,.T.);
#2944=ORIENTED_EDGE('',*,*,#2100,.T.);
#2945=ORIENTED_EDGE('',*,*,#2101,.T.);
#2946=ORIENTED_EDGE('',*,*,#2088,.F.);
#2947=ORIENTED_EDGE('',*,*,#2084,.T.);
#2948=ORIENTED_EDGE('',*,*,#2048,.T.);
#2949=ORIENTED_EDGE('',*,*,#1913,.F.);
#2950=ORIENTED_EDGE('',*,*,#2102,.F.);
#2951=ORIENTED_EDGE('',*,*,#2089,.F.);
#2952=ORIENTED_EDGE('',*,*,#2103,.T.);
#2953=ORIENTED_EDGE('',*,*,#2093,.T.);
#2954=ORIENTED_EDGE('',*,*,#2087,.F.);
#2955=ORIENTED_EDGE('',*,*,#2100,.F.);
#2956=ORIENTED_EDGE('',*,*,#2096,.T.);
#2957=ORIENTED_EDGE('',*,*,#2103,.F.);
#2958=ORIENTED_EDGE('',*,*,#2060,.F.);
#2959=ORIENTED_EDGE('',*,*,#2062,.T.);
#2960=ORIENTED_EDGE('',*,*,#2090,.T.);
#2961=ORIENTED_EDGE('',*,*,#1782,.F.);
#2962=ORIENTED_EDGE('',*,*,#2104,.F.);
#2963=ORIENTED_EDGE('',*,*,#2063,.T.);
#2964=ORIENTED_EDGE('',*,*,#2104,.T.);
#2965=ORIENTED_EDGE('',*,*,#1781,.F.);
#2966=ORIENTED_EDGE('',*,*,#2082,.F.);
#2967=ORIENTED_EDGE('',*,*,#2065,.F.);
#2968=ORIENTED_EDGE('',*,*,#2105,.T.);
#2969=ORIENTED_EDGE('',*,*,#1779,.F.);
#2970=ORIENTED_EDGE('',*,*,#2106,.F.);
#2971=ORIENTED_EDGE('',*,*,#2066,.F.);
#2972=ORIENTED_EDGE('',*,*,#2106,.T.);
#2973=ORIENTED_EDGE('',*,*,#1778,.F.);
#2974=ORIENTED_EDGE('',*,*,#2107,.F.);
#2975=ORIENTED_EDGE('',*,*,#2067,.T.);
#2976=ORIENTED_EDGE('',*,*,#2107,.T.);
#2977=ORIENTED_EDGE('',*,*,#1777,.F.);
#2978=ORIENTED_EDGE('',*,*,#2108,.F.);
#2979=ORIENTED_EDGE('',*,*,#2068,.T.);
#2980=ORIENTED_EDGE('',*,*,#2108,.T.);
#2981=ORIENTED_EDGE('',*,*,#1776,.F.);
#2982=ORIENTED_EDGE('',*,*,#2109,.F.);
#2983=ORIENTED_EDGE('',*,*,#2069,.T.);
#2984=ORIENTED_EDGE('',*,*,#2109,.T.);
#2985=ORIENTED_EDGE('',*,*,#1775,.F.);
#2986=ORIENTED_EDGE('',*,*,#2110,.F.);
#2987=ORIENTED_EDGE('',*,*,#2070,.T.);
#2988=ORIENTED_EDGE('',*,*,#2110,.T.);
#2989=ORIENTED_EDGE('',*,*,#1774,.F.);
#2990=ORIENTED_EDGE('',*,*,#2111,.F.);
#2991=ORIENTED_EDGE('',*,*,#2071,.T.);
#2992=ORIENTED_EDGE('',*,*,#2111,.T.);
#2993=ORIENTED_EDGE('',*,*,#1773,.F.);
#2994=ORIENTED_EDGE('',*,*,#2112,.F.);
#2995=ORIENTED_EDGE('',*,*,#2072,.T.);
#2996=ORIENTED_EDGE('',*,*,#2112,.T.);
#2997=ORIENTED_EDGE('',*,*,#1772,.F.);
#2998=ORIENTED_EDGE('',*,*,#2113,.F.);
#2999=ORIENTED_EDGE('',*,*,#2073,.T.);
#3000=ORIENTED_EDGE('',*,*,#2113,.T.);
#3001=ORIENTED_EDGE('',*,*,#1771,.F.);
#3002=ORIENTED_EDGE('',*,*,#2114,.F.);
#3003=ORIENTED_EDGE('',*,*,#2047,.F.);
#3004=ORIENTED_EDGE('',*,*,#2053,.T.);
#3005=ORIENTED_EDGE('',*,*,#2114,.T.);
#3006=ORIENTED_EDGE('',*,*,#2083,.F.);
#3007=ORIENTED_EDGE('',*,*,#2054,.T.);
#3008=ORIENTED_EDGE('',*,*,#2085,.F.);
#3009=ORIENTED_EDGE('',*,*,#2102,.T.);
#3010=ORIENTED_EDGE('',*,*,#1912,.F.);
#3011=ORIENTED_EDGE('',*,*,#2057,.F.);
#3012=ORIENTED_EDGE('',*,*,#2056,.T.);
#3013=ORIENTED_EDGE('',*,*,#1787,.F.);
#3014=ORIENTED_EDGE('',*,*,#2115,.F.);
#3015=ORIENTED_EDGE('',*,*,#2058,.F.);
#3016=ORIENTED_EDGE('',*,*,#2115,.T.);
#3017=ORIENTED_EDGE('',*,*,#1786,.F.);
#3018=ORIENTED_EDGE('',*,*,#2116,.F.);
#3019=ORIENTED_EDGE('',*,*,#2059,.T.);
#3020=ORIENTED_EDGE('',*,*,#2116,.T.);
#3021=ORIENTED_EDGE('',*,*,#1785,.F.);
#3022=ORIENTED_EDGE('',*,*,#2101,.F.);
#3023=ORIENTED_EDGE('',*,*,#2099,.F.);
#3024=ORIENTED_EDGE('',*,*,#1751,.F.);
#3025=ORIENTED_EDGE('',*,*,#2117,.F.);
#3026=ORIENTED_EDGE('',*,*,#2097,.T.);
#3027=ORIENTED_EDGE('',*,*,#2098,.T.);
#3028=ORIENTED_EDGE('',*,*,#2117,.T.);
#3029=ORIENTED_EDGE('',*,*,#1750,.F.);
#3030=ORIENTED_EDGE('',*,*,#2095,.F.);
#3031=ORIENTED_EDGE('',*,*,#2074,.F.);
#3032=ORIENTED_EDGE('',*,*,#2079,.F.);
#3033=ORIENTED_EDGE('',*,*,#2105,.F.);
#3034=ORIENTED_EDGE('',*,*,#2086,.F.);
#3035=ORIENTED_EDGE('',*,*,#2080,.T.);
#3036=ORIENTED_EDGE('',*,*,#2092,.F.);
#3037=ORIENTED_EDGE('',*,*,#2118,.F.);
#3038=ORIENTED_EDGE('',*,*,#1932,.F.);
#3039=ORIENTED_EDGE('',*,*,#1933,.F.);
#3040=ORIENTED_EDGE('',*,*,#2118,.T.);
#3041=ORIENTED_EDGE('',*,*,#2091,.F.);
#3042=ORIENTED_EDGE('',*,*,#2075,.F.);
#3043=CYLINDRICAL_SURFACE('',#3271,1.2645);
#3044=CYLINDRICAL_SURFACE('',#3273,1.2645);
#3045=CYLINDRICAL_SURFACE('',#3274,1.2645);
#3046=CYLINDRICAL_SURFACE('',#3276,1.2645);
#3047=CYLINDRICAL_SURFACE('',#3278,1.2645);
#3048=CYLINDRICAL_SURFACE('',#3279,1.2645);
#3049=CYLINDRICAL_SURFACE('',#3281,1.2645);
#3050=CYLINDRICAL_SURFACE('',#3283,1.2645);
#3051=CYLINDRICAL_SURFACE('',#3284,1.2645);
#3052=CYLINDRICAL_SURFACE('',#3286,1.2645);
#3053=CYLINDRICAL_SURFACE('',#3288,1.2645);
#3054=CYLINDRICAL_SURFACE('',#3289,1.2645);
#3055=CYLINDRICAL_SURFACE('',#3291,1.54300000000001);
#3056=CYLINDRICAL_SURFACE('',#3293,1.54300000000001);
#3057=CYLINDRICAL_SURFACE('',#3294,1.54300000000001);
#3058=CYLINDRICAL_SURFACE('',#3296,1.543);
#3059=CYLINDRICAL_SURFACE('',#3298,1.543);
#3060=CYLINDRICAL_SURFACE('',#3299,1.543);
#3061=CYLINDRICAL_SURFACE('',#3301,1.543);
#3062=CYLINDRICAL_SURFACE('',#3303,1.543);
#3063=CYLINDRICAL_SURFACE('',#3304,1.543);
#3064=CYLINDRICAL_SURFACE('',#3306,1.543);
#3065=CYLINDRICAL_SURFACE('',#3308,1.543);
#3066=CYLINDRICAL_SURFACE('',#3309,1.543);
#3067=CYLINDRICAL_SURFACE('',#3338,6.5);
#3068=CYLINDRICAL_SURFACE('',#3341,6.5);
#3069=CYLINDRICAL_SURFACE('',#3343,1.75);
#3070=CYLINDRICAL_SURFACE('',#3345,1.75);
#3071=CYLINDRICAL_SURFACE('',#3348,2.28);
#3072=CYLINDRICAL_SURFACE('',#3351,2.27999999999999);
#3073=CYLINDRICAL_SURFACE('',#3354,2.28);
#3074=CYLINDRICAL_SURFACE('',#3357,2.27999999999999);
#3075=CYLINDRICAL_SURFACE('',#3359,1.75);
#3076=CYLINDRICAL_SURFACE('',#3361,1.543);
#3077=CYLINDRICAL_SURFACE('',#3363,1.543);
#3078=CYLINDRICAL_SURFACE('',#3364,1.543);
#3079=CYLINDRICAL_SURFACE('',#3366,1.54300000000001);
#3080=CYLINDRICAL_SURFACE('',#3367,1.2645);
#3081=CYLINDRICAL_SURFACE('',#3368,1.2645);
#3082=CYLINDRICAL_SURFACE('',#3369,1.2645);
#3083=CYLINDRICAL_SURFACE('',#3370,1.2645);
#3084=CYLINDRICAL_SURFACE('',#3424,1.49999999999999);
#3085=CYLINDRICAL_SURFACE('',#3433,3.);
#3086=CYLINDRICAL_SURFACE('',#3438,3.);
#3087=CYLINDRICAL_SURFACE('',#3441,1.49999999999999);
#3088=CYLINDRICAL_SURFACE('',#3443,3.);
#3089=CYLINDRICAL_SURFACE('',#3455,1.5);
#3090=CYLINDRICAL_SURFACE('',#3461,1.5);
#3091=CYLINDRICAL_SURFACE('',#3463,1.5);
#3092=ADVANCED_FACE('',(#207),#3043,.F.);
#3093=ADVANCED_FACE('',(#208),#3044,.F.);
#3094=ADVANCED_FACE('',(#209),#3045,.F.);
#3095=ADVANCED_FACE('',(#210),#3046,.F.);
#3096=ADVANCED_FACE('',(#211),#3047,.F.);
#3097=ADVANCED_FACE('',(#212),#3048,.F.);
#3098=ADVANCED_FACE('',(#213),#3049,.F.);
#3099=ADVANCED_FACE('',(#214),#3050,.F.);
#3100=ADVANCED_FACE('',(#215),#3051,.F.);
#3101=ADVANCED_FACE('',(#216),#3052,.F.);
#3102=ADVANCED_FACE('',(#217),#3053,.F.);
#3103=ADVANCED_FACE('',(#218),#3054,.F.);
#3104=ADVANCED_FACE('',(#219),#3055,.F.);
#3105=ADVANCED_FACE('',(#220),#3056,.F.);
#3106=ADVANCED_FACE('',(#221),#3057,.F.);
#3107=ADVANCED_FACE('',(#222),#3058,.F.);
#3108=ADVANCED_FACE('',(#223),#3059,.F.);
#3109=ADVANCED_FACE('',(#224),#3060,.F.);
#3110=ADVANCED_FACE('',(#225),#3061,.F.);
#3111=ADVANCED_FACE('',(#226),#3062,.F.);
#3112=ADVANCED_FACE('',(#227),#3063,.F.);
#3113=ADVANCED_FACE('',(#228),#3064,.F.);
#3114=ADVANCED_FACE('',(#229),#3065,.F.);
#3115=ADVANCED_FACE('',(#230),#3066,.F.);
#3116=ADVANCED_FACE('',(#231),#190,.T.);
#3117=ADVANCED_FACE('',(#232,#19,#20,#21,#22,#23,#24),#83,.T.);
#3118=ADVANCED_FACE('',(#233),#191,.T.);
#3119=ADVANCED_FACE('',(#234),#192,.T.);
#3120=ADVANCED_FACE('',(#235),#193,.T.);
#3121=ADVANCED_FACE('',(#236),#194,.T.);
#3122=ADVANCED_FACE('',(#237),#195,.T.);
#3123=ADVANCED_FACE('',(#238),#196,.T.);
#3124=ADVANCED_FACE('',(#239,#25,#26,#27,#28,#29,#30,#31,#32,#33,#34,#35,
#36,#37,#38,#39,#40,#41,#42,#43,#44,#45,#46),#84,.T.);
#3125=ADVANCED_FACE('',(#240),#197,.T.);
#3126=ADVANCED_FACE('',(#241),#198,.T.);
#3127=ADVANCED_FACE('',(#242),#85,.F.);
#3128=ADVANCED_FACE('',(#243),#86,.F.);
#3129=ADVANCED_FACE('',(#244),#87,.F.);
#3130=ADVANCED_FACE('',(#245),#88,.F.);
#3131=ADVANCED_FACE('',(#246),#89,.F.);
#3132=ADVANCED_FACE('',(#247),#3067,.F.);
#3133=ADVANCED_FACE('',(#248),#90,.F.);
#3134=ADVANCED_FACE('',(#249),#3068,.F.);
#3135=ADVANCED_FACE('',(#250),#3069,.F.);
#3136=ADVANCED_FACE('',(#251),#3070,.F.);
#3137=ADVANCED_FACE('',(#252),#91,.F.);
#3138=ADVANCED_FACE('',(#253),#3071,.F.);
#3139=ADVANCED_FACE('',(#254),#92,.F.);
#3140=ADVANCED_FACE('',(#255),#3072,.F.);
#3141=ADVANCED_FACE('',(#256),#93,.F.);
#3142=ADVANCED_FACE('',(#257),#3073,.F.);
#3143=ADVANCED_FACE('',(#258),#94,.F.);
#3144=ADVANCED_FACE('',(#259),#3074,.F.);
#3145=ADVANCED_FACE('',(#260),#3075,.F.);
#3146=ADVANCED_FACE('',(#261),#3076,.F.);
#3147=ADVANCED_FACE('',(#262),#199,.F.);
#3148=ADVANCED_FACE('',(#263),#200,.F.);
#3149=ADVANCED_FACE('',(#264,#47,#48),#95,.T.);
#3150=ADVANCED_FACE('',(#265),#3077,.F.);
#3151=ADVANCED_FACE('',(#266),#201,.F.);
#3152=ADVANCED_FACE('',(#267),#202,.F.);
#3153=ADVANCED_FACE('',(#268),#3078,.F.);
#3154=ADVANCED_FACE('',(#269),#203,.F.);
#3155=ADVANCED_FACE('',(#270),#204,.F.);
#3156=ADVANCED_FACE('',(#271,#49,#50),#96,.F.);
#3157=ADVANCED_FACE('',(#272),#3079,.F.);
#3158=ADVANCED_FACE('',(#273),#205,.F.);
#3159=ADVANCED_FACE('',(#274),#206,.F.);
#3160=ADVANCED_FACE('',(#275),#3080,.F.);
#3161=ADVANCED_FACE('',(#276),#3081,.F.);
#3162=ADVANCED_FACE('',(#277),#3082,.F.);
#3163=ADVANCED_FACE('',(#278),#3083,.F.);
#3164=ADVANCED_FACE('',(#279),#97,.F.);
#3165=ADVANCED_FACE('',(#280),#98,.F.);
#3166=ADVANCED_FACE('',(#281),#99,.F.);
#3167=ADVANCED_FACE('',(#282),#100,.F.);
#3168=ADVANCED_FACE('',(#283),#101,.F.);
#3169=ADVANCED_FACE('',(#284),#102,.F.);
#3170=ADVANCED_FACE('',(#285),#103,.F.);
#3171=ADVANCED_FACE('',(#286),#104,.F.);
#3172=ADVANCED_FACE('',(#287),#105,.F.);
#3173=ADVANCED_FACE('',(#288),#106,.F.);
#3174=ADVANCED_FACE('',(#289),#107,.F.);
#3175=ADVANCED_FACE('',(#290),#108,.F.);
#3176=ADVANCED_FACE('',(#291),#109,.F.);
#3177=ADVANCED_FACE('',(#292),#110,.F.);
#3178=ADVANCED_FACE('',(#293),#111,.F.);
#3179=ADVANCED_FACE('',(#294),#112,.F.);
#3180=ADVANCED_FACE('',(#295),#113,.F.);
#3181=ADVANCED_FACE('',(#296),#114,.F.);
#3182=ADVANCED_FACE('',(#297),#115,.F.);
#3183=ADVANCED_FACE('',(#298),#116,.F.);
#3184=ADVANCED_FACE('',(#299),#117,.F.);
#3185=ADVANCED_FACE('',(#300),#118,.F.);
#3186=ADVANCED_FACE('',(#301),#119,.F.);
#3187=ADVANCED_FACE('',(#302),#120,.F.);
#3188=ADVANCED_FACE('',(#303),#121,.F.);
#3189=ADVANCED_FACE('',(#304),#122,.F.);
#3190=ADVANCED_FACE('',(#305),#123,.F.);
#3191=ADVANCED_FACE('',(#306),#124,.F.);
#3192=ADVANCED_FACE('',(#307),#125,.F.);
#3193=ADVANCED_FACE('',(#308),#126,.F.);
#3194=ADVANCED_FACE('',(#309),#127,.F.);
#3195=ADVANCED_FACE('',(#310),#128,.F.);
#3196=ADVANCED_FACE('',(#311),#129,.F.);
#3197=ADVANCED_FACE('',(#312),#130,.F.);
#3198=ADVANCED_FACE('',(#313),#131,.F.);
#3199=ADVANCED_FACE('',(#314),#132,.F.);
#3200=ADVANCED_FACE('',(#315),#133,.F.);
#3201=ADVANCED_FACE('',(#316),#134,.F.);
#3202=ADVANCED_FACE('',(#317),#135,.F.);
#3203=ADVANCED_FACE('',(#318),#136,.F.);
#3204=ADVANCED_FACE('',(#319),#137,.F.);
#3205=ADVANCED_FACE('',(#320),#138,.F.);
#3206=ADVANCED_FACE('',(#321),#139,.F.);
#3207=ADVANCED_FACE('',(#322),#140,.F.);
#3208=ADVANCED_FACE('',(#323),#141,.F.);
#3209=ADVANCED_FACE('',(#324),#142,.F.);
#3210=ADVANCED_FACE('',(#325),#143,.F.);
#3211=ADVANCED_FACE('',(#326),#144,.F.);
#3212=ADVANCED_FACE('',(#327),#145,.F.);
#3213=ADVANCED_FACE('',(#328),#146,.F.);
#3214=ADVANCED_FACE('',(#329),#147,.F.);
#3215=ADVANCED_FACE('',(#330),#148,.F.);
#3216=ADVANCED_FACE('',(#331),#149,.T.);
#3217=ADVANCED_FACE('',(#332),#3084,.F.);
#3218=ADVANCED_FACE('',(#333),#150,.T.);
#3219=ADVANCED_FACE('',(#334,#51,#52,#53,#54,#55,#56,#57,#58,#59,#60,#61,
#62,#63,#64,#65,#66,#67,#68,#69,#70,#71,#72),#151,.F.);
#3220=ADVANCED_FACE('',(#335),#152,.T.);
#3221=ADVANCED_FACE('',(#336),#3085,.T.);
#3222=ADVANCED_FACE('',(#337),#153,.T.);
#3223=ADVANCED_FACE('',(#338),#3086,.T.);
#3224=ADVANCED_FACE('',(#339,#73,#74),#154,.F.);
#3225=ADVANCED_FACE('',(#340),#3087,.F.);
#3226=ADVANCED_FACE('',(#341),#3088,.T.);
#3227=ADVANCED_FACE('',(#342),#155,.T.);
#3228=ADVANCED_FACE('',(#343,#75,#76),#156,.T.);
#3229=ADVANCED_FACE('',(#344),#157,.T.);
#3230=ADVANCED_FACE('',(#345,#77,#78,#79,#80,#81,#82),#158,.F.);
#3231=ADVANCED_FACE('',(#346),#159,.T.);
#3232=ADVANCED_FACE('',(#347),#160,.T.);
#3233=ADVANCED_FACE('',(#348),#161,.T.);
#3234=ADVANCED_FACE('',(#349),#3089,.F.);
#3235=ADVANCED_FACE('',(#350),#162,.T.);
#3236=ADVANCED_FACE('',(#351),#163,.T.);
#3237=ADVANCED_FACE('',(#352),#164,.T.);
#3238=ADVANCED_FACE('',(#353),#165,.T.);
#3239=ADVANCED_FACE('',(#354),#166,.T.);
#3240=ADVANCED_FACE('',(#355),#3090,.T.);
#3241=ADVANCED_FACE('',(#356),#167,.T.);
#3242=ADVANCED_FACE('',(#357),#3091,.T.);
#3243=ADVANCED_FACE('',(#358),#168,.T.);
#3244=ADVANCED_FACE('',(#359),#169,.T.);
#3245=ADVANCED_FACE('',(#360),#170,.T.);
#3246=ADVANCED_FACE('',(#361),#171,.T.);
#3247=ADVANCED_FACE('',(#362),#172,.T.);
#3248=ADVANCED_FACE('',(#363),#173,.T.);
#3249=ADVANCED_FACE('',(#364),#174,.T.);
#3250=ADVANCED_FACE('',(#365),#175,.T.);
#3251=ADVANCED_FACE('',(#366),#176,.T.);
#3252=ADVANCED_FACE('',(#367),#177,.T.);
#3253=ADVANCED_FACE('',(#368),#178,.T.);
#3254=ADVANCED_FACE('',(#369),#179,.T.);
#3255=ADVANCED_FACE('',(#370),#180,.T.);
#3256=CLOSED_SHELL('',(#3092,#3093,#3094,#3095,#3096,#3097,#3098,#3099,
#3100,#3101,#3102,#3103,#3104,#3105,#3106,#3107,#3108,#3109,#3110,#3111,
#3112,#3113,#3114,#3115,#3116,#3117,#3118,#3119,#3120,#3121,#3122,#3123,
#3124,#3125,#3126,#3127,#3128,#3129,#3130,#3131,#3132,#3133,#3134,#3135,
#3136,#3137,#3138,#3139,#3140,#3141,#3142,#3143,#3144,#3145,#3146,#3147,
#3148,#3149,#3150,#3151,#3152,#3153,#3154,#3155,#3156,#3157,#3158,#3159,
#3160,#3161,#3162,#3163,#3164,#3165,#3166,#3167,#3168,#3169,#3170,#3171,
#3172,#3173,#3174,#3175,#3176,#3177,#3178,#3179,#3180,#3181,#3182,#3183,
#3184,#3185,#3186,#3187,#3188,#3189,#3190,#3191,#3192,#3193,#3194,#3195,
#3196,#3197,#3198,#3199,#3200,#3201,#3202,#3203,#3204,#3205,#3206,#3207,
#3208,#3209,#3210,#3211,#3212,#3213,#3214,#3215,#3216,#3217,#3218,#3219,
#3220,#3221,#3222,#3223,#3224,#3225,#3226,#3227,#3228,#3229,#3230,#3231,
#3232,#3233,#3234,#3235,#3236,#3237,#3238,#3239,#3240,#3241,#3242,#3243,
#3244,#3245,#3246,#3247,#3248,#3249,#3250,#3251,#3252,#3253,#3254,#3255));
#3257=DERIVED_UNIT_ELEMENT(#3259,1.);
#3258=DERIVED_UNIT_ELEMENT(#9740,-3.);
#3259=(
MASS_UNIT()
NAMED_UNIT(*)
SI_UNIT(.KILO.,.GRAM.)
);
#3260=DERIVED_UNIT((#3257,#3258));
#3261=MEASURE_REPRESENTATION_ITEM('density measure',
POSITIVE_RATIO_MEASURE(7850.),#3260);
#3262=PROPERTY_DEFINITION_REPRESENTATION(#3267,#3264);
#3263=PROPERTY_DEFINITION_REPRESENTATION(#3268,#3265);
#3264=REPRESENTATION('material name',(#3266),#9737);
#3265=REPRESENTATION('density',(#3261),#9737);
#3266=DESCRIPTIVE_REPRESENTATION_ITEM('Steel','Steel');
#3267=PROPERTY_DEFINITION('material property','material name',#9752);
#3268=PROPERTY_DEFINITION('material property','density of part',#9752);
#3269=AXIS2_PLACEMENT_3D('',#4201,#3478,#3479);
#3270=AXIS2_PLACEMENT_3D('',#4202,#3480,#3481);
#3271=AXIS2_PLACEMENT_3D('',#4203,#3482,#3483);
#3272=AXIS2_PLACEMENT_3D('',#4213,#3485,#3486);
#3273=AXIS2_PLACEMENT_3D('',#4224,#3487,#3488);
#3274=AXIS2_PLACEMENT_3D('',#4275,#3490,#3491);
#3275=AXIS2_PLACEMENT_3D('',#4294,#3493,#3494);
#3276=AXIS2_PLACEMENT_3D('',#4314,#3495,#3496);
#3277=AXIS2_PLACEMENT_3D('',#4324,#3498,#3499);
#3278=AXIS2_PLACEMENT_3D('',#4335,#3500,#3501);
#3279=AXIS2_PLACEMENT_3D('',#4386,#3503,#3504);
#3280=AXIS2_PLACEMENT_3D('',#4405,#3506,#3507);
#3281=AXIS2_PLACEMENT_3D('',#4425,#3508,#3509);
#3282=AXIS2_PLACEMENT_3D('',#4435,#3511,#3512);
#3283=AXIS2_PLACEMENT_3D('',#4446,#3513,#3514);
#3284=AXIS2_PLACEMENT_3D('',#4497,#3516,#3517);
#3285=AXIS2_PLACEMENT_3D('',#4516,#3519,#3520);
#3286=AXIS2_PLACEMENT_3D('',#4536,#3521,#3522);
#3287=AXIS2_PLACEMENT_3D('',#4546,#3524,#3525);
#3288=AXIS2_PLACEMENT_3D('',#4557,#3526,#3527);
#3289=AXIS2_PLACEMENT_3D('',#4608,#3529,#3530);
#3290=AXIS2_PLACEMENT_3D('',#4627,#3532,#3533);
#3291=AXIS2_PLACEMENT_3D('',#4647,#3534,#3535);
#3292=AXIS2_PLACEMENT_3D('',#4661,#3537,#3538);
#3293=AXIS2_PLACEMENT_3D('',#4671,#3539,#3540);
#3294=AXIS2_PLACEMENT_3D('',#4695,#3542,#3543);
#3295=AXIS2_PLACEMENT_3D('',#4706,#3545,#3546);
#3296=AXIS2_PLACEMENT_3D('',#4712,#3547,#3548);
#3297=AXIS2_PLACEMENT_3D('',#4726,#3550,#3551);
#3298=AXIS2_PLACEMENT_3D('',#4736,#3552,#3553);
#3299=AXIS2_PLACEMENT_3D('',#4760,#3555,#3556);
#3300=AXIS2_PLACEMENT_3D('',#4771,#3558,#3559);
#3301=AXIS2_PLACEMENT_3D('',#4777,#3560,#3561);
#3302=AXIS2_PLACEMENT_3D('',#4791,#3563,#3564);
#3303=AXIS2_PLACEMENT_3D('',#4801,#3565,#3566);
#3304=AXIS2_PLACEMENT_3D('',#4825,#3568,#3569);
#3305=AXIS2_PLACEMENT_3D('',#4836,#3571,#3572);
#3306=AXIS2_PLACEMENT_3D('',#4842,#3573,#3574);
#3307=AXIS2_PLACEMENT_3D('',#4856,#3576,#3577);
#3308=AXIS2_PLACEMENT_3D('',#4866,#3578,#3579);
#3309=AXIS2_PLACEMENT_3D('',#4890,#3581,#3582);
#3310=AXIS2_PLACEMENT_3D('',#4901,#3584,#3585);
#3311=AXIS2_PLACEMENT_3D('',#5100,#3586,#3587);
#3312=AXIS2_PLACEMENT_3D('',#5118,#3588,#3589);
#3313=AXIS2_PLACEMENT_3D('',#5409,#3594,#3595);
#3314=AXIS2_PLACEMENT_3D('',#5602,#3596,#3597);
#3315=AXIS2_PLACEMENT_3D('',#5795,#3598,#3599);
#3316=AXIS2_PLACEMENT_3D('',#5988,#3600,#3601);
#3317=AXIS2_PLACEMENT_3D('',#6181,#3602,#3603);
#3318=AXIS2_PLACEMENT_3D('',#6364,#3604,#3605);
#3319=AXIS2_PLACEMENT_3D('',#6381,#3606,#3607);
#3320=AXIS2_PLACEMENT_3D('',#6392,#3612,#3613);
#3321=AXIS2_PLACEMENT_3D('',#6396,#3615,#3616);
#3322=AXIS2_PLACEMENT_3D('',#6540,#3680,#3681);
#3323=AXIS2_PLACEMENT_3D('',#6545,#3683,#3684);
#3324=AXIS2_PLACEMENT_3D('',#6549,#3686,#3687);
#3325=AXIS2_PLACEMENT_3D('',#6553,#3689,#3690);
#3326=AXIS2_PLACEMENT_3D('',#6556,#3692,#3693);
#3327=AXIS2_PLACEMENT_3D('',#6558,#3694,#3695);
#3328=AXIS2_PLACEMENT_3D('',#6560,#3696,#3697);
#3329=AXIS2_PLACEMENT_3D('',#6565,#3699,#3700);
#3330=AXIS2_PLACEMENT_3D('',#6568,#3702,#3703);
#3331=AXIS2_PLACEMENT_3D('',#6775,#3708,#3709);
#3332=AXIS2_PLACEMENT_3D('',#6957,#3710,#3711);
#3333=AXIS2_PLACEMENT_3D('',#6958,#3712,#3713);
#3334=AXIS2_PLACEMENT_3D('',#6964,#3717,#3718);
#3335=AXIS2_PLACEMENT_3D('',#6968,#3721,#3722);
#3336=AXIS2_PLACEMENT_3D('',#6972,#3725,#3726);
#3337=AXIS2_PLACEMENT_3D('',#6974,#3728,#3729);
#3338=AXIS2_PLACEMENT_3D('',#6980,#3733,#3734);
#3339=AXIS2_PLACEMENT_3D('',#6982,#3735,#3736);
#3340=AXIS2_PLACEMENT_3D('',#6984,#3738,#3739);
#3341=AXIS2_PLACEMENT_3D('',#6988,#3742,#3743);
#3342=AXIS2_PLACEMENT_3D('',#6989,#3744,#3745);
#3343=AXIS2_PLACEMENT_3D('',#6990,#3746,#3747);
#3344=AXIS2_PLACEMENT_3D('',#6993,#3749,#3750);
#3345=AXIS2_PLACEMENT_3D('',#6994,#3751,#3752);
#3346=AXIS2_PLACEMENT_3D('',#6997,#3754,#3755);
#3347=AXIS2_PLACEMENT_3D('',#6998,#3756,#3757);
#3348=AXIS2_PLACEMENT_3D('',#7004,#3761,#3762);
#3349=AXIS2_PLACEMENT_3D('',#7006,#3763,#3764);
#3350=AXIS2_PLACEMENT_3D('',#7008,#3766,#3767);
#3351=AXIS2_PLACEMENT_3D('',#7012,#3770,#3771);
#3352=AXIS2_PLACEMENT_3D('',#7014,#3772,#3773);
#3353=AXIS2_PLACEMENT_3D('',#7016,#3775,#3776);
#3354=AXIS2_PLACEMENT_3D('',#7020,#3779,#3780);
#3355=AXIS2_PLACEMENT_3D('',#7022,#3781,#3782);
#3356=AXIS2_PLACEMENT_3D('',#7024,#3784,#3785);
#3357=AXIS2_PLACEMENT_3D('',#7028,#3788,#3789);
#3358=AXIS2_PLACEMENT_3D('',#7029,#3790,#3791);
#3359=AXIS2_PLACEMENT_3D('',#7030,#3792,#3793);
#3360=AXIS2_PLACEMENT_3D('',#7033,#3795,#3796);
#3361=AXIS2_PLACEMENT_3D('',#7034,#3797,#3798);
#3362=AXIS2_PLACEMENT_3D('',#7617,#3799,#3800);
#3363=AXIS2_PLACEMENT_3D('',#7787,#3805,#3806);
#3364=AXIS2_PLACEMENT_3D('',#8209,#3807,#3808);
#3365=AXIS2_PLACEMENT_3D('',#8786,#3809,#3810);
#3366=AXIS2_PLACEMENT_3D('',#8956,#3815,#3816);
#3367=AXIS2_PLACEMENT_3D('',#9378,#3817,#3818);
#3368=AXIS2_PLACEMENT_3D('',#9379,#3819,#3820);
#3369=AXIS2_PLACEMENT_3D('',#9380,#3821,#3822);
#3370=AXIS2_PLACEMENT_3D('',#9381,#3823,#3824);
#3371=AXIS2_PLACEMENT_3D('',#9382,#3825,#3826);
#3372=AXIS2_PLACEMENT_3D('',#9388,#3830,#3831);
#3373=AXIS2_PLACEMENT_3D('',#9392,#3834,#3835);
#3374=AXIS2_PLACEMENT_3D('',#9396,#3838,#3839);
#3375=AXIS2_PLACEMENT_3D('',#9398,#3841,#3842);
#3376=AXIS2_PLACEMENT_3D('',#9404,#3846,#3847);
#3377=AXIS2_PLACEMENT_3D('',#9408,#3850,#3851);
#3378=AXIS2_PLACEMENT_3D('',#9412,#3854,#3855);
#3379=AXIS2_PLACEMENT_3D('',#9414,#3857,#3858);
#3380=AXIS2_PLACEMENT_3D('',#9420,#3862,#3863);
#3381=AXIS2_PLACEMENT_3D('',#9424,#3866,#3867);
#3382=AXIS2_PLACEMENT_3D('',#9428,#3870,#3871);
#3383=AXIS2_PLACEMENT_3D('',#9430,#3873,#3874);
#3384=AXIS2_PLACEMENT_3D('',#9436,#3878,#3879);
#3385=AXIS2_PLACEMENT_3D('',#9440,#3882,#3883);
#3386=AXIS2_PLACEMENT_3D('',#9444,#3886,#3887);
#3387=AXIS2_PLACEMENT_3D('',#9446,#3889,#3890);
#3388=AXIS2_PLACEMENT_3D('',#9452,#3894,#3895);
#3389=AXIS2_PLACEMENT_3D('',#9456,#3898,#3899);
#3390=AXIS2_PLACEMENT_3D('',#9460,#3902,#3903);
#3391=AXIS2_PLACEMENT_3D('',#9462,#3905,#3906);
#3392=AXIS2_PLACEMENT_3D('',#9468,#3910,#3911);
#3393=AXIS2_PLACEMENT_3D('',#9472,#3914,#3915);
#3394=AXIS2_PLACEMENT_3D('',#9476,#3918,#3919);
#3395=AXIS2_PLACEMENT_3D('',#9478,#3921,#3922);
#3396=AXIS2_PLACEMENT_3D('',#9484,#3926,#3927);
#3397=AXIS2_PLACEMENT_3D('',#9488,#3930,#3931);
#3398=AXIS2_PLACEMENT_3D('',#9492,#3934,#3935);
#3399=AXIS2_PLACEMENT_3D('',#9494,#3937,#3938);
#3400=AXIS2_PLACEMENT_3D('',#9500,#3942,#3943);
#3401=AXIS2_PLACEMENT_3D('',#9504,#3946,#3947);
#3402=AXIS2_PLACEMENT_3D('',#9508,#3950,#3951);
#3403=AXIS2_PLACEMENT_3D('',#9510,#3953,#3954);
#3404=AXIS2_PLACEMENT_3D('',#9516,#3958,#3959);
#3405=AXIS2_PLACEMENT_3D('',#9520,#3962,#3963);
#3406=AXIS2_PLACEMENT_3D('',#9524,#3966,#3967);
#3407=AXIS2_PLACEMENT_3D('',#9526,#3969,#3970);
#3408=AXIS2_PLACEMENT_3D('',#9532,#3974,#3975);
#3409=AXIS2_PLACEMENT_3D('',#9536,#3978,#3979);
#3410=AXIS2_PLACEMENT_3D('',#9540,#3982,#3983);
#3411=AXIS2_PLACEMENT_3D('',#9542,#3985,#3986);
#3412=AXIS2_PLACEMENT_3D('',#9548,#3990,#3991);
#3413=AXIS2_PLACEMENT_3D('',#9552,#3994,#3995);
#3414=AXIS2_PLACEMENT_3D('',#9556,#3998,#3999);
#3415=AXIS2_PLACEMENT_3D('',#9558,#4001,#4002);
#3416=AXIS2_PLACEMENT_3D('',#9564,#4006,#4007);
#3417=AXIS2_PLACEMENT_3D('',#9568,#4010,#4011);
#3418=AXIS2_PLACEMENT_3D('',#9572,#4014,#4015);
#3419=AXIS2_PLACEMENT_3D('',#9574,#4017,#4018);
#3420=AXIS2_PLACEMENT_3D('',#9580,#4022,#4023);
#3421=AXIS2_PLACEMENT_3D('',#9584,#4026,#4027);
#3422=AXIS2_PLACEMENT_3D('',#9588,#4030,#4031);
#3423=AXIS2_PLACEMENT_3D('',#9590,#4033,#4034);
#3424=AXIS2_PLACEMENT_3D('',#9596,#4038,#4039);
#3425=AXIS2_PLACEMENT_3D('',#9600,#4041,#4042);
#3426=AXIS2_PLACEMENT_3D('',#9603,#4044,#4045);
#3427=AXIS2_PLACEMENT_3D('',#9604,#4046,#4047);
#3428=AXIS2_PLACEMENT_3D('',#9606,#4049,#4050);
#3429=AXIS2_PLACEMENT_3D('',#9608,#4052,#4053);
#3430=AXIS2_PLACEMENT_3D('',#9632,#4065,#4066);
#3431=AXIS2_PLACEMENT_3D('',#9636,#4068,#4069);
#3432=AXIS2_PLACEMENT_3D('',#9642,#4073,#4074);
#3433=AXIS2_PLACEMENT_3D('',#9648,#4078,#4079);
#3434=AXIS2_PLACEMENT_3D('',#9651,#4081,#4082);
#3435=AXIS2_PLACEMENT_3D('',#9652,#4083,#4084);
#3436=AXIS2_PLACEMENT_3D('',#9653,#4085,#4086);
#3437=AXIS2_PLACEMENT_3D('',#9655,#4088,#4089);
#3438=AXIS2_PLACEMENT_3D('',#9657,#4091,#4092);
#3439=AXIS2_PLACEMENT_3D('',#9658,#4093,#4094);
#3440=AXIS2_PLACEMENT_3D('',#9659,#4095,#4096);
#3441=AXIS2_PLACEMENT_3D('',#9663,#4099,#4100);
#3442=AXIS2_PLACEMENT_3D('',#9664,#4101,#4102);
#3443=AXIS2_PLACEMENT_3D('',#9665,#4103,#4104);
#3444=AXIS2_PLACEMENT_3D('',#9666,#4105,#4106);
#3445=AXIS2_PLACEMENT_3D('',#9667,#4107,#4108);
#3446=AXIS2_PLACEMENT_3D('',#9668,#4109,#4110);
#3447=AXIS2_PLACEMENT_3D('',#9671,#4113,#4114);
#3448=AXIS2_PLACEMENT_3D('',#9675,#4117,#4118);
#3449=AXIS2_PLACEMENT_3D('',#9681,#4122,#4123);
#3450=AXIS2_PLACEMENT_3D('',#9687,#4127,#4128);
#3451=AXIS2_PLACEMENT_3D('',#9689,#4130,#4131);
#3452=AXIS2_PLACEMENT_3D('',#9691,#4133,#4134);
#3453=AXIS2_PLACEMENT_3D('',#9693,#4136,#4137);
#3454=AXIS2_PLACEMENT_3D('',#9694,#4138,#4139);
#3455=AXIS2_PLACEMENT_3D('',#9695,#4140,#4141);
#3456=AXIS2_PLACEMENT_3D('',#9696,#4142,#4143);
#3457=AXIS2_PLACEMENT_3D('',#9698,#4145,#4146);
#3458=AXIS2_PLACEMENT_3D('',#9699,#4147,#4148);
#3459=AXIS2_PLACEMENT_3D('',#9702,#4151,#4152);
#3460=AXIS2_PLACEMENT_3D('',#9704,#4154,#4155);
#3461=AXIS2_PLACEMENT_3D('',#9706,#4157,#4158);
#3462=AXIS2_PLACEMENT_3D('',#9708,#4160,#4161);
#3463=AXIS2_PLACEMENT_3D('',#9710,#4163,#4164);
#3464=AXIS2_PLACEMENT_3D('',#9712,#4166,#4167);
#3465=AXIS2_PLACEMENT_3D('',#9714,#4169,#4170);
#3466=AXIS2_PLACEMENT_3D('',#9716,#4172,#4173);
#3467=AXIS2_PLACEMENT_3D('',#9718,#4175,#4176);
#3468=AXIS2_PLACEMENT_3D('',#9719,#4177,#4178);
#3469=AXIS2_PLACEMENT_3D('',#9720,#4179,#4180);
#3470=AXIS2_PLACEMENT_3D('',#9722,#4182,#4183);
#3471=AXIS2_PLACEMENT_3D('',#9724,#4185,#4186);
#3472=AXIS2_PLACEMENT_3D('',#9725,#4187,#4188);
#3473=AXIS2_PLACEMENT_3D('',#9727,#4190,#4191);
#3474=AXIS2_PLACEMENT_3D('',#9728,#4192,#4193);
#3475=AXIS2_PLACEMENT_3D('',#9729,#4194,#4195);
#3476=AXIS2_PLACEMENT_3D('',#9731,#4197,#4198);
#3477=AXIS2_PLACEMENT_3D('',#9732,#4199,#4200);
#3478=DIRECTION('axis',(0.,0.,1.));
#3479=DIRECTION('refdir',(1.,0.,0.));
#3480=DIRECTION('axis',(0.,0.,1.));
#3481=DIRECTION('refdir',(1.,0.,0.));
#3482=DIRECTION('center_axis',(1.,0.,0.));
#3483=DIRECTION('ref_axis',(0.,0.937219483502041,-0.3487400747608));
#3484=DIRECTION('',(1.,0.,0.));
#3485=DIRECTION('center_axis',(1.,-2.95822839457879E-30,1.67327157029567E-15));
#3486=DIRECTION('ref_axis',(0.,0.,1.));
#3487=DIRECTION('center_axis',(1.,0.,0.));
#3488=DIRECTION('ref_axis',(0.,0.,1.));
#3489=DIRECTION('',(1.,0.,0.));
#3490=DIRECTION('center_axis',(1.,0.,0.));
#3491=DIRECTION('ref_axis',(0.,-0.348311098265754,0.937378994230671));
#3492=DIRECTION('',(1.,0.,0.));
#3493=DIRECTION('center_axis',(1.,-2.95822839457879E-30,1.67327157029567E-15));
#3494=DIRECTION('ref_axis',(0.,0.,1.));
#3495=DIRECTION('center_axis',(1.,0.,0.));
#3496=DIRECTION('ref_axis',(0.,0.9372156182169,-0.348750462322725));
#3497=DIRECTION('',(1.,0.,0.));
#3498=DIRECTION('center_axis',(1.,-2.95822839457879E-30,1.67327157029567E-15));
#3499=DIRECTION('ref_axis',(0.,0.,1.));
#3500=DIRECTION('center_axis',(1.,0.,0.));
#3501=DIRECTION('ref_axis',(0.,0.,1.));
#3502=DIRECTION('',(1.,0.,0.));
#3503=DIRECTION('center_axis',(1.,0.,0.));
#3504=DIRECTION('ref_axis',(0.,-0.348314983513965,0.937377550541758));
#3505=DIRECTION('',(1.,0.,0.));
#3506=DIRECTION('center_axis',(1.,-2.95822839457879E-30,1.67327157029567E-15));
#3507=DIRECTION('ref_axis',(0.,0.,1.));
#3508=DIRECTION('center_axis',(-1.,0.,0.));
#3509=DIRECTION('ref_axis',(0.,0.937221186750714,0.348735497340868));
#3510=DIRECTION('',(-1.,0.,0.));
#3511=DIRECTION('center_axis',(-1.,-2.95822839457879E-30,1.7569774285901E-15));
#3512=DIRECTION('ref_axis',(0.,0.,-1.));
#3513=DIRECTION('center_axis',(-1.,0.,0.));
#3514=DIRECTION('ref_axis',(0.,0.,-1.));
#3515=DIRECTION('',(-1.,0.,0.));
#3516=DIRECTION('center_axis',(-1.,0.,0.));
#3517=DIRECTION('ref_axis',(0.,-0.348309512208966,-0.937379583575806));
#3518=DIRECTION('',(-1.,0.,0.));
#3519=DIRECTION('center_axis',(-1.,-2.95822839457879E-30,1.7569774285901E-15));
#3520=DIRECTION('ref_axis',(0.,0.,-1.));
#3521=DIRECTION('center_axis',(-1.,0.,0.));
#3522=DIRECTION('ref_axis',(0.,0.937217269254269,0.348746025370284));
#3523=DIRECTION('',(-1.,0.,0.));
#3524=DIRECTION('center_axis',(-1.,-2.95822839457879E-30,1.7569774285901E-15));
#3525=DIRECTION('ref_axis',(0.,0.,-1.));
#3526=DIRECTION('center_axis',(-1.,0.,0.));
#3527=DIRECTION('ref_axis',(0.,0.,-1.));
#3528=DIRECTION('',(-1.,0.,0.));
#3529=DIRECTION('center_axis',(-1.,0.,0.));
#3530=DIRECTION('ref_axis',(0.,-0.348313350174227,-0.937378157463895));
#3531=DIRECTION('',(-1.,0.,0.));
#3532=DIRECTION('center_axis',(-1.,-2.95822839457879E-30,1.7569774285901E-15));
#3533=DIRECTION('ref_axis',(0.,0.,-1.));
#3534=DIRECTION('center_axis',(-1.,0.,0.));
#3535=DIRECTION('ref_axis',(0.,0.,-1.));
#3536=DIRECTION('',(-1.,-1.49975978266186E-32,-1.22464679914735E-16));
#3537=DIRECTION('center_axis',(1.,2.95822839457879E-30,-1.7569774285901E-15));
#3538=DIRECTION('ref_axis',(0.,0.,-1.));
#3539=DIRECTION('center_axis',(-1.,0.,0.));
#3540=DIRECTION('ref_axis',(0.,0.,-1.));
#3541=DIRECTION('',(-1.,-1.49975978266186E-32,-1.22464679914735E-16));
#3542=DIRECTION('center_axis',(-1.,0.,0.));
#3543=DIRECTION('ref_axis',(0.,-0.793026933750744,0.609186574331618));
#3544=DIRECTION('',(-1.,-1.49975978266186E-32,-1.22464679914735E-16));
#3545=DIRECTION('center_axis',(-1.,-2.95822839457879E-30,1.7569774285901E-15));
#3546=DIRECTION('ref_axis',(0.,0.,-1.));
#3547=DIRECTION('center_axis',(-1.,0.,0.));
#3548=DIRECTION('ref_axis',(0.,0.,-1.));
#3549=DIRECTION('',(-1.,-1.49975978266186E-32,-1.22464679914735E-16));
#3550=DIRECTION('center_axis',(1.,2.95822839457879E-30,-1.7569774285901E-15));
#3551=DIRECTION('ref_axis',(0.,0.,-1.));
#3552=DIRECTION('center_axis',(-1.,0.,0.));
#3553=DIRECTION('ref_axis',(0.,0.,-1.));
#3554=DIRECTION('',(-1.,-1.49975978266186E-32,-1.22464679914735E-16));
#3555=DIRECTION('center_axis',(-1.,0.,0.));
#3556=DIRECTION('ref_axis',(0.,-0.793029294519691,0.609183501117357));
#3557=DIRECTION('',(-1.,-1.49975978266186E-32,-1.22464679914735E-16));
#3558=DIRECTION('center_axis',(-1.,-2.95822839457879E-30,1.7569774285901E-15));
#3559=DIRECTION('ref_axis',(0.,0.,-1.));
#3560=DIRECTION('center_axis',(1.,0.,0.));
#3561=DIRECTION('ref_axis',(0.,2.87808950000041E-15,1.));
#3562=DIRECTION('',(1.,3.37466711556892E-31,1.22464679914735E-16));
#3563=DIRECTION('center_axis',(-1.,2.95822839457879E-30,-1.67327157029567E-15));
#3564=DIRECTION('ref_axis',(0.,2.87808950000041E-15,1.));
#3565=DIRECTION('center_axis',(1.,0.,0.));
#3566=DIRECTION('ref_axis',(0.,2.87808950000041E-15,1.));
#3567=DIRECTION('',(1.,3.37466711556892E-31,1.22464679914735E-16));
#3568=DIRECTION('center_axis',(1.,0.,0.));
#3569=DIRECTION('ref_axis',(0.,-0.793025851115894,-0.609187983681484));
#3570=DIRECTION('',(1.,3.37466711556892E-31,1.22464679914735E-16));
#3571=DIRECTION('center_axis',(1.,-2.95822839457879E-30,1.67327157029567E-15));
#3572=DIRECTION('ref_axis',(0.,2.87808950000041E-15,1.));
#3573=DIRECTION('center_axis',(1.,0.,0.));
#3574=DIRECTION('ref_axis',(0.,0.,1.));
#3575=DIRECTION('',(1.,-1.49975978266186E-32,1.22464679914735E-16));
#3576=DIRECTION('center_axis',(-1.,2.95822839457879E-30,-1.67327157029567E-15));
#3577=DIRECTION('ref_axis',(0.,0.,1.));
#3578=DIRECTION('center_axis',(1.,0.,0.));
#3579=DIRECTION('ref_axis',(0.,0.,1.));
#3580=DIRECTION('',(1.,-1.49975978266186E-32,1.22464679914735E-16));
#3581=DIRECTION('center_axis',(1.,0.,0.));
#3582=DIRECTION('ref_axis',(0.,-0.793028225687026,-0.609184892511039));
#3583=DIRECTION('',(1.,-1.49975978266186E-32,1.22464679914735E-16));
#3584=DIRECTION('center_axis',(1.,-2.95822839457879E-30,1.67327157029567E-15));
#3585=DIRECTION('ref_axis',(0.,0.,1.));
#3586=DIRECTION('center_axis',(0.,1.,0.));
#3587=DIRECTION('ref_axis',(-1.,0.,0.));
#3588=DIRECTION('center_axis',(0.,1.,0.));
#3589=DIRECTION('ref_axis',(-1.,0.,0.));
#3590=DIRECTION('',(-1.,0.,4.01501612839395E-17));
#3591=DIRECTION('',(0.,0.,-1.));
#3592=DIRECTION('',(-1.,0.,0.));
#3593=DIRECTION('',(0.,0.,1.));
#3594=DIRECTION('center_axis',(0.,1.,0.));
#3595=DIRECTION('ref_axis',(-1.,0.,0.));
#3596=DIRECTION('center_axis',(0.,1.,0.));
#3597=DIRECTION('ref_axis',(-1.,0.,0.));
#3598=DIRECTION('center_axis',(0.,1.,0.));
#3599=DIRECTION('ref_axis',(-1.,0.,0.));
#3600=DIRECTION('center_axis',(0.,1.,0.));
#3601=DIRECTION('ref_axis',(-1.,0.,0.));
#3602=DIRECTION('center_axis',(0.,1.,0.));
#3603=DIRECTION('ref_axis',(-1.,0.,0.));
#3604=DIRECTION('center_axis',(4.18529291472141E-17,-1.71512449944288E-15,
1.));
#3605=DIRECTION('ref_axis',(1.,0.,0.));
#3606=DIRECTION('center_axis',(4.18529291472141E-17,-1.71512449944288E-15,
1.));
#3607=DIRECTION('ref_axis',(-1.,4.18529291472141E-17,4.18529291472141E-17));
#3608=DIRECTION('',(8.9815623740227E-32,1.,1.71512449944288E-15));
#3609=DIRECTION('',(-4.18529291472141E-17,-1.,-1.71512449944288E-15));
#3610=DIRECTION('',(-1.,4.18529291472141E-17,4.18529291472141E-17));
#3611=DIRECTION('',(-4.18529291472141E-17,-1.,-1.71512449944288E-15));
#3612=DIRECTION('center_axis',(4.18529291472141E-17,-1.71512449944288E-15,
1.));
#3613=DIRECTION('ref_axis',(-1.,4.18529291472141E-17,4.18529291472141E-17));
#3614=DIRECTION('',(1.,-4.18529291472141E-17,-4.18529291472141E-17));
#3615=DIRECTION('center_axis',(4.18529291472142E-17,-5.19100132572683E-16,
1.));
#3616=DIRECTION('ref_axis',(-4.18529291472141E-17,-1.,-5.19100132572683E-16));
#3617=DIRECTION('',(4.18529291472141E-17,1.,8.29847301190128E-16));
#3618=DIRECTION('',(-1.,4.18529291472141E-17,4.18529291472141E-17));
#3619=DIRECTION('',(4.18529291472141E-17,1.,1.71512449944288E-15));
#3620=DIRECTION('',(-8.9815623740227E-32,-1.,-1.71512449944288E-15));
#3621=DIRECTION('',(4.18529291472141E-17,1.,1.71512449944288E-15));
#3622=DIRECTION('',(1.,-4.18529291472141E-17,-4.18529291472141E-17));
#3623=DIRECTION('',(4.18529291472141E-17,1.,1.71512449944288E-15));
#3624=DIRECTION('',(-1.,1.70276786327457E-18,4.18529291472141E-17));
#3625=DIRECTION('',(-4.18529291472141E-17,-1.,-1.71512449944288E-15));
#3626=DIRECTION('',(1.,-4.18529291472141E-17,-4.18529291472141E-17));
#3627=DIRECTION('',(-4.18529291472141E-17,-1.,-1.71512449944288E-15));
#3628=DIRECTION('',(7.1782984153834E-32,1.,1.71512449944288E-15));
#3629=DIRECTION('',(1.,0.,-4.18529291472141E-17));
#3630=DIRECTION('',(-7.1782984153834E-32,-1.,-1.71512449944288E-15));
#3631=DIRECTION('',(-1.,6.1739418867453E-17,4.18529291472142E-17));
#3632=DIRECTION('',(-7.1782984153834E-32,-1.,-1.71512449944288E-15));
#3633=DIRECTION('',(-1.,0.,4.18529291472141E-17));
#3634=DIRECTION('',(7.1782984153834E-32,1.,1.71512449944288E-15));
#3635=DIRECTION('',(1.,0.,-4.18529291472141E-17));
#3636=DIRECTION('',(7.1782984153834E-32,1.,1.71512449944288E-15));
#3637=DIRECTION('',(1.,6.34413156928661E-16,-4.1852929147213E-17));
#3638=DIRECTION('',(2.22044604925031E-15,-1.,-1.71512449944288E-15));
#3639=DIRECTION('',(-1.,6.34413156928661E-16,4.18529291472152E-17));
#3640=DIRECTION('',(7.1782984153834E-32,1.,1.71512449944288E-15));
#3641=DIRECTION('',(1.,6.34413156928661E-16,-4.1852929147213E-17));
#3642=DIRECTION('',(2.22044604925031E-15,-1.,-1.71512449944288E-15));
#3643=DIRECTION('',(-1.,6.34413156928661E-16,4.18529291472152E-17));
#3644=DIRECTION('',(2.22044604925031E-15,-1.,-1.71512449944288E-15));
#3645=DIRECTION('',(-1.,6.34413156928661E-16,4.18529291472152E-17));
#3646=DIRECTION('',(7.1782984153834E-32,1.,1.71512449944288E-15));
#3647=DIRECTION('',(1.,6.34413156928661E-16,-4.1852929147213E-17));
#3648=DIRECTION('',(7.1782984153834E-32,1.,1.71512449944288E-15));
#3649=DIRECTION('',(1.,6.34413156928661E-16,-4.1852929147213E-17));
#3650=DIRECTION('',(2.28983498828938E-15,-1.,-1.71512449944288E-15));
#3651=DIRECTION('',(-1.,6.34413156928661E-16,4.18529291472152E-17));
#3652=DIRECTION('',(-7.1782984153834E-32,-1.,-1.71512449944288E-15));
#3653=DIRECTION('',(-1.,0.,4.18529291472141E-17));
#3654=DIRECTION('',(7.1782984153834E-32,1.,1.71512449944288E-15));
#3655=DIRECTION('',(1.,0.,-4.18529291472141E-17));
#3656=DIRECTION('',(1.18952466924124E-16,-1.,-1.71512449944288E-15));
#3657=DIRECTION('',(-1.,0.,4.18529291472141E-17));
#3658=DIRECTION('',(-1.58603289232165E-16,1.,1.71512449944288E-15));
#3659=DIRECTION('',(1.,0.,-4.18529291472141E-17));
#3660=DIRECTION('',(7.1782984153834E-32,1.,1.71512449944288E-15));
#3661=DIRECTION('',(1.,6.34413156928661E-16,-4.1852929147213E-17));
#3662=DIRECTION('',(2.22044604925031E-15,-1.,-1.71512449944288E-15));
#3663=DIRECTION('',(-1.,6.34413156928661E-16,4.18529291472152E-17));
#3664=DIRECTION('',(7.1782984153834E-32,1.,1.71512449944288E-15));
#3665=DIRECTION('',(1.,6.34413156928661E-16,-4.1852929147213E-17));
#3666=DIRECTION('',(2.22044604925031E-15,-1.,-1.71512449944288E-15));
#3667=DIRECTION('',(-1.,6.34413156928661E-16,4.18529291472152E-17));
#3668=DIRECTION('',(7.1782984153834E-32,1.,1.71512449944288E-15));
#3669=DIRECTION('',(1.,6.34413156928661E-16,-4.1852929147213E-17));
#3670=DIRECTION('',(2.22044604925031E-15,-1.,-1.71512449944288E-15));
#3671=DIRECTION('',(-1.,6.34413156928661E-16,4.18529291472152E-17));
#3672=DIRECTION('',(1.04083408558609E-16,1.,1.71512449944288E-15));
#3673=DIRECTION('',(1.,6.34413156928661E-16,-4.1852929147213E-17));
#3674=DIRECTION('',(2.22044604925031E-15,-1.,-1.71512449944288E-15));
#3675=DIRECTION('',(-1.,6.34413156928661E-16,4.18529291472152E-17));
#3676=DIRECTION('',(-7.1782984153834E-32,-1.,-1.71512449944288E-15));
#3677=DIRECTION('',(-1.,0.,4.18529291472141E-17));
#3678=DIRECTION('',(7.1782984153834E-32,1.,1.71512449944288E-15));
#3679=DIRECTION('',(1.,0.,-4.18529291472141E-17));
#3680=DIRECTION('center_axis',(-4.18529291472141E-17,1.71512449944288E-15,
-1.));
#3681=DIRECTION('ref_axis',(1.,-9.29321711744847E-32,0.));
#3682=DIRECTION('',(7.1782984153834E-32,1.,1.71512449944288E-15));
#3683=DIRECTION('center_axis',(-4.18529291472141E-17,1.71512449944288E-15,
-1.));
#3684=DIRECTION('ref_axis',(7.1782984153834E-32,1.,2.22044604925031E-15));
#3685=DIRECTION('',(1.,-3.48032296121284E-16,-4.18529291472147E-17));
#3686=DIRECTION('center_axis',(-4.18529291472141E-17,1.71512449944288E-15,
-1.));
#3687=DIRECTION('ref_axis',(1.,1.46081976924363E-15,3.24367148528377E-30));
#3688=DIRECTION('',(-7.1782984153834E-32,-1.,-1.71512449944288E-15));
#3689=DIRECTION('center_axis',(-4.18529291472141E-17,1.71512449944288E-15,
-1.));
#3690=DIRECTION('ref_axis',(-7.1782984153834E-32,-1.,-2.22044604925031E-15));
#3691=DIRECTION('',(-1.,0.,4.18529291472141E-17));
#3692=DIRECTION('center_axis',(-4.18529291472141E-17,1.71512449944288E-15,
-1.));
#3693=DIRECTION('ref_axis',(-1.,-1.94775969232484E-15,-4.32489531371169E-30));
#3694=DIRECTION('center_axis',(-4.18529291472141E-17,1.71512449944288E-15,
-1.));
#3695=DIRECTION('ref_axis',(1.,-9.29321711744847E-32,0.));
#3696=DIRECTION('center_axis',(-4.18529291472141E-17,1.71512449944288E-15,
-1.));
#3697=DIRECTION('ref_axis',(1.,-9.29321711744847E-32,0.));
#3698=DIRECTION('',(-1.,0.,4.18529291472141E-17));
#3699=DIRECTION('center_axis',(-4.18529291472141E-17,1.71512449944288E-15,
-1.));
#3700=DIRECTION('ref_axis',(1.,0.,0.));
#3701=DIRECTION('',(1.,0.,-4.18529291472141E-17));
#3702=DIRECTION('center_axis',(-4.18529291472141E-17,1.71512449944288E-15,
-1.));
#3703=DIRECTION('ref_axis',(1.,0.,0.));
#3704=DIRECTION('',(0.,1.,1.71512449944288E-15));
#3705=DIRECTION('',(1.,0.,-4.18529291472141E-17));
#3706=DIRECTION('',(0.,-1.,-1.71512449944288E-15));
#3707=DIRECTION('',(-1.,0.,4.18529291472141E-17));
#3708=DIRECTION('center_axis',(4.18529291472141E-17,-1.71512449944288E-15,
1.));
#3709=DIRECTION('ref_axis',(1.,0.,0.));
#3710=DIRECTION('center_axis',(4.18529291472141E-17,-1.71512449944288E-15,
1.));
#3711=DIRECTION('ref_axis',(1.,0.,0.));
#3712=DIRECTION('center_axis',(1.,0.,0.));
#3713=DIRECTION('ref_axis',(0.,-1.,0.));
#3714=DIRECTION('',(0.,1.,1.71512449944288E-15));
#3715=DIRECTION('',(0.,0.,-1.));
#3716=DIRECTION('',(0.,0.,-1.));
#3717=DIRECTION('center_axis',(0.,1.,0.));
#3718=DIRECTION('ref_axis',(1.,0.,-4.19205798390422E-42));
#3719=DIRECTION('',(-1.,0.,4.18529291472141E-17));
#3720=DIRECTION('',(0.,0.,-1.));
#3721=DIRECTION('center_axis',(-1.,0.,0.));
#3722=DIRECTION('ref_axis',(0.,1.,5.91701964235285E-42));
#3723=DIRECTION('',(0.,-1.,-1.71512449944288E-15));
#3724=DIRECTION('',(0.,0.,-1.));
#3725=DIRECTION('center_axis',(0.,-1.,0.));
#3726=DIRECTION('ref_axis',(-1.,0.,0.));
#3727=DIRECTION('',(1.,0.,-4.18529291472141E-17));
#3728=DIRECTION('center_axis',(0.,1.,0.));
#3729=DIRECTION('ref_axis',(1.,0.,0.));
#3730=DIRECTION('',(-1.,0.,4.18529291472141E-17));
#3731=DIRECTION('',(0.,0.,-1.));
#3732=DIRECTION('',(0.,0.,-1.));
#3733=DIRECTION('center_axis',(0.,0.,-1.));
#3734=DIRECTION('ref_axis',(-1.,-1.22464679914735E-16,0.));
#3735=DIRECTION('center_axis',(4.18529291472141E-17,-1.71512449944288E-15,
1.));
#3736=DIRECTION('ref_axis',(1.,0.,0.));
#3737=DIRECTION('',(0.,0.,-1.));
#3738=DIRECTION('center_axis',(0.,-1.,0.));
#3739=DIRECTION('ref_axis',(-1.,0.,1.66036416741066E-43));
#3740=DIRECTION('',(1.,0.,-4.18529291472141E-17));
#3741=DIRECTION('',(0.,0.,-1.));
#3742=DIRECTION('center_axis',(0.,0.,-1.));
#3743=DIRECTION('ref_axis',(1.,0.,0.));
#3744=DIRECTION('center_axis',(4.18529291472141E-17,-1.71512449944288E-15,
1.));
#3745=DIRECTION('ref_axis',(1.,0.,0.));
#3746=DIRECTION('center_axis',(0.,2.22044604925031E-15,-1.));
#3747=DIRECTION('ref_axis',(1.,-9.29321711744847E-32,0.));
#3748=DIRECTION('',(0.,2.22044604925031E-15,-1.));
#3749=DIRECTION('center_axis',(4.18529291472141E-17,-1.71512449944288E-15,
1.));
#3750=DIRECTION('ref_axis',(1.,-9.29321711744847E-32,0.));
#3751=DIRECTION('center_axis',(0.,2.22044604925031E-15,-1.));
#3752=DIRECTION('ref_axis',(1.,-9.29321711744847E-32,0.));
#3753=DIRECTION('',(0.,2.22044604925031E-15,-1.));
#3754=DIRECTION('center_axis',(4.18529291472141E-17,-1.71512449944288E-15,
1.));
#3755=DIRECTION('ref_axis',(1.,-9.29321711744847E-32,0.));
#3756=DIRECTION('center_axis',(1.,-7.1782984153834E-32,-1.59390243567778E-46));
#3757=DIRECTION('ref_axis',(-7.1782984153834E-32,-1.,-1.71512449944288E-15));
#3758=DIRECTION('',(7.1782984153834E-32,1.,1.71512449944288E-15));
#3759=DIRECTION('',(0.,2.22044604925031E-15,-1.));
#3760=DIRECTION('',(0.,2.22044604925031E-15,-1.));
#3761=DIRECTION('center_axis',(0.,2.22044604925031E-15,-1.));
#3762=DIRECTION('ref_axis',(1.,1.46081976924363E-15,3.24367148528377E-30));
#3763=DIRECTION('center_axis',(4.18529291472141E-17,-1.71512449944288E-15,
1.));
#3764=DIRECTION('ref_axis',(1.,1.46081976924363E-15,3.24367148528377E-30));
#3765=DIRECTION('',(0.,2.22044604925031E-15,-1.));
#3766=DIRECTION('center_axis',(3.48032296121284E-16,1.,2.22044604925031E-15));
#3767=DIRECTION('ref_axis',(1.,-3.48032296121284E-16,-4.18529291472147E-17));
#3768=DIRECTION('',(-1.,3.48032296121284E-16,4.18529291472147E-17));
#3769=DIRECTION('',(0.,2.22044604925031E-15,-1.));
#3770=DIRECTION('center_axis',(0.,2.22044604925031E-15,-1.));
#3771=DIRECTION('ref_axis',(7.1782984153834E-32,1.,2.22044604925031E-15));
#3772=DIRECTION('center_axis',(4.18529291472141E-17,-1.71512449944288E-15,
1.));
#3773=DIRECTION('ref_axis',(7.1782984153834E-32,1.,2.22044604925031E-15));
#3774=DIRECTION('',(0.,2.22044604925031E-15,-1.));
#3775=DIRECTION('center_axis',(-1.,7.1782984153834E-32,1.59390243567778E-46));
#3776=DIRECTION('ref_axis',(7.1782984153834E-32,1.,1.71512449944288E-15));
#3777=DIRECTION('',(-7.1782984153834E-32,-1.,-1.71512449944288E-15));
#3778=DIRECTION('',(0.,2.22044604925031E-15,-1.));
#3779=DIRECTION('center_axis',(0.,2.22044604925031E-15,-1.));
#3780=DIRECTION('ref_axis',(-1.,-1.94775969232484E-15,-4.32489531371169E-30));
#3781=DIRECTION('center_axis',(4.18529291472141E-17,-1.71512449944288E-15,
1.));
#3782=DIRECTION('ref_axis',(-1.,-1.94775969232484E-15,-4.32489531371169E-30));
#3783=DIRECTION('',(0.,2.22044604925031E-15,-1.));
#3784=DIRECTION('center_axis',(-9.29321711744847E-32,-1.,-2.22044604925031E-15));
#3785=DIRECTION('ref_axis',(-1.,0.,4.18529291472141E-17));
#3786=DIRECTION('',(1.,0.,-4.18529291472141E-17));
#3787=DIRECTION('',(0.,2.22044604925031E-15,-1.));
#3788=DIRECTION('center_axis',(0.,2.22044604925031E-15,-1.));
#3789=DIRECTION('ref_axis',(-7.1782984153834E-32,-1.,-2.22044604925031E-15));
#3790=DIRECTION('center_axis',(4.18529291472141E-17,-1.71512449944288E-15,
1.));
#3791=DIRECTION('ref_axis',(-7.1782984153834E-32,-1.,-2.22044604925031E-15));
#3792=DIRECTION('center_axis',(0.,2.22044604925031E-15,-1.));
#3793=DIRECTION('ref_axis',(1.,-9.29321711744847E-32,0.));
#3794=DIRECTION('',(0.,2.22044604925031E-15,-1.));
#3795=DIRECTION('center_axis',(4.18529291472141E-17,-1.71512449944288E-15,
1.));
#3796=DIRECTION('ref_axis',(1.,-9.29321711744847E-32,0.));
#3797=DIRECTION('center_axis',(1.,0.,0.));
#3798=DIRECTION('ref_axis',(0.,0.,1.));
#3799=DIRECTION('center_axis',(-1.,2.95822839457879E-30,-1.67327157029567E-15));
#3800=DIRECTION('ref_axis',(1.67327157029567E-15,1.7569774285901E-15,-1.));
#3801=DIRECTION('',(0.,1.,1.71512449944288E-15));
#3802=DIRECTION('',(1.67327157029567E-15,1.7569774285901E-15,-1.));
#3803=DIRECTION('',(0.,-1.,-1.7569774285901E-15));
#3804=DIRECTION('',(-1.67327157029567E-15,-1.7569774285901E-15,1.));
#3805=DIRECTION('center_axis',(1.,0.,0.));
#3806=DIRECTION('ref_axis',(0.,2.87808950000041E-15,1.));
#3807=DIRECTION('center_axis',(-1.,0.,0.));
#3808=DIRECTION('ref_axis',(0.,0.,-1.));
#3809=DIRECTION('center_axis',(1.,2.95822839457879E-30,-1.7569774285901E-15));
#3810=DIRECTION('ref_axis',(1.7569774285901E-15,-1.67327157029567E-15,1.));
#3811=DIRECTION('',(0.,1.,1.71512449944288E-15));
#3812=DIRECTION('',(-1.7569774285901E-15,1.67327157029567E-15,-1.));
#3813=DIRECTION('',(0.,-1.,-1.67327157029567E-15));
#3814=DIRECTION('',(-1.20361730374365E-15,-1.67327157029567E-15,1.));
#3815=DIRECTION('center_axis',(-1.,0.,0.));
#3816=DIRECTION('ref_axis',(0.,0.,-1.));
#3817=DIRECTION('center_axis',(-1.,0.,0.));
#3818=DIRECTION('ref_axis',(0.,0.,-1.));
#3819=DIRECTION('center_axis',(-1.,0.,0.));
#3820=DIRECTION('ref_axis',(0.,0.,-1.));
#3821=DIRECTION('center_axis',(1.,0.,0.));
#3822=DIRECTION('ref_axis',(0.,0.,1.));
#3823=DIRECTION('center_axis',(1.,0.,0.));
#3824=DIRECTION('ref_axis',(0.,0.,1.));
#3825=DIRECTION('center_axis',(-1.,7.1782984153834E-32,1.06260162378519E-46));
#3826=DIRECTION('ref_axis',(7.1782984153834E-32,1.,1.71512449944288E-15));
#3827=DIRECTION('',(-7.1782984153834E-32,-1.,-1.71512449944288E-15));
#3828=DIRECTION('',(0.,1.48029736616688E-15,-1.));
#3829=DIRECTION('',(0.,1.48029736616688E-15,-1.));
#3830=DIRECTION('center_axis',(-6.19547807829899E-32,-1.,-1.48029736616688E-15));
#3831=DIRECTION('ref_axis',(-1.,0.,4.18529291472141E-17));
#3832=DIRECTION('',(1.,0.,-4.18529291472141E-17));
#3833=DIRECTION('',(0.,1.48029736616688E-15,-1.));
#3834=DIRECTION('center_axis',(1.,-7.1782984153834E-32,-1.06260162378519E-46));
#3835=DIRECTION('ref_axis',(-7.1782984153834E-32,-1.,-1.71512449944288E-15));
#3836=DIRECTION('',(7.1782984153834E-32,1.,1.71512449944288E-15));
#3837=DIRECTION('',(0.,1.48029736616688E-15,-1.));
#3838=DIRECTION('center_axis',(6.19547807829899E-32,1.,1.48029736616688E-15));
#3839=DIRECTION('ref_axis',(1.,0.,-4.18529291472141E-17));
#3840=DIRECTION('',(-1.,0.,4.18529291472141E-17));
#3841=DIRECTION('center_axis',(1.,2.22044604925031E-15,-4.62592926927116E-17));
#3842=DIRECTION('ref_axis',(2.22044604925031E-15,-1.,-1.71512449944288E-15));
#3843=DIRECTION('',(-2.22044604925031E-15,1.,1.71512449944288E-15));
#3844=DIRECTION('',(-4.62592926927149E-17,1.48029736616688E-15,-1.));
#3845=DIRECTION('',(-4.62592926927149E-17,1.48029736616688E-15,-1.));
#3846=DIRECTION('center_axis',(-6.34413156928661E-16,1.,1.48029736616688E-15));
#3847=DIRECTION('ref_axis',(1.,6.34413156928661E-16,-4.1852929147213E-17));
#3848=DIRECTION('',(-1.,-6.34413156928661E-16,4.1852929147213E-17));
#3849=DIRECTION('',(-4.62592926927149E-17,1.48029736616688E-15,-1.));
#3850=DIRECTION('center_axis',(-1.,1.04083408558609E-16,4.6259292692715E-17));
#3851=DIRECTION('ref_axis',(1.04083408558609E-16,1.,1.71512449944288E-15));
#3852=DIRECTION('',(-1.04083408558609E-16,-1.,-1.71512449944288E-15));
#3853=DIRECTION('',(-4.62592926927149E-17,1.48029736616688E-15,-1.));
#3854=DIRECTION('center_axis',(-6.34413156928661E-16,-1.,-1.48029736616688E-15));
#3855=DIRECTION('ref_axis',(-1.,6.34413156928661E-16,4.18529291472152E-17));
#3856=DIRECTION('',(1.,-6.34413156928661E-16,-4.18529291472152E-17));
#3857=DIRECTION('center_axis',(1.,2.22044604925031E-15,3.28692043842088E-30));
#3858=DIRECTION('ref_axis',(2.22044604925031E-15,-1.,-1.71512449944288E-15));
#3859=DIRECTION('',(-2.22044604925031E-15,1.,1.71512449944288E-15));
#3860=DIRECTION('',(0.,1.48029736616688E-15,-1.));
#3861=DIRECTION('',(0.,1.48029736616688E-15,-1.));
#3862=DIRECTION('center_axis',(-6.34413156928661E-16,1.,1.48029736616688E-15));
#3863=DIRECTION('ref_axis',(1.,6.34413156928661E-16,-4.1852929147213E-17));
#3864=DIRECTION('',(-1.,-6.34413156928661E-16,4.1852929147213E-17));
#3865=DIRECTION('',(0.,1.48029736616688E-15,-1.));
#3866=DIRECTION('center_axis',(-1.,7.1782984153834E-32,1.06260162378519E-46));
#3867=DIRECTION('ref_axis',(7.1782984153834E-32,1.,1.71512449944288E-15));
#3868=DIRECTION('',(-7.1782984153834E-32,-1.,-1.71512449944288E-15));
#3869=DIRECTION('',(0.,1.48029736616688E-15,-1.));
#3870=DIRECTION('center_axis',(-6.34413156928661E-16,-1.,-1.48029736616688E-15));
#3871=DIRECTION('ref_axis',(-1.,6.34413156928661E-16,4.18529291472152E-17));
#3872=DIRECTION('',(1.,-6.34413156928661E-16,-4.18529291472152E-17));
#3873=DIRECTION('center_axis',(1.,2.22044604925031E-15,3.28692043842088E-30));
#3874=DIRECTION('ref_axis',(2.22044604925031E-15,-1.,-1.71512449944288E-15));
#3875=DIRECTION('',(-2.22044604925031E-15,1.,1.71512449944288E-15));
#3876=DIRECTION('',(0.,1.48029736616688E-15,-1.));
#3877=DIRECTION('',(0.,1.48029736616688E-15,-1.));
#3878=DIRECTION('center_axis',(-6.34413156928661E-16,1.,1.48029736616688E-15));
#3879=DIRECTION('ref_axis',(1.,6.34413156928661E-16,-4.1852929147213E-17));
#3880=DIRECTION('',(-1.,-6.34413156928661E-16,4.1852929147213E-17));
#3881=DIRECTION('',(0.,1.48029736616688E-15,-1.));
#3882=DIRECTION('center_axis',(-1.,7.1782984153834E-32,1.06260162378519E-46));
#3883=DIRECTION('ref_axis',(7.1782984153834E-32,1.,1.71512449944288E-15));
#3884=DIRECTION('',(-7.1782984153834E-32,-1.,-1.71512449944288E-15));
#3885=DIRECTION('',(0.,1.48029736616688E-15,-1.));
#3886=DIRECTION('center_axis',(-6.34413156928661E-16,-1.,-1.48029736616688E-15));
#3887=DIRECTION('ref_axis',(-1.,6.34413156928661E-16,4.18529291472152E-17));
#3888=DIRECTION('',(1.,-6.34413156928661E-16,-4.18529291472152E-17));
#3889=DIRECTION('center_axis',(1.,2.22044604925031E-15,3.28692043842088E-30));
#3890=DIRECTION('ref_axis',(2.22044604925031E-15,-1.,-1.71512449944288E-15));
#3891=DIRECTION('',(-2.22044604925031E-15,1.,1.71512449944288E-15));
#3892=DIRECTION('',(0.,1.48029736616688E-15,-1.));
#3893=DIRECTION('',(0.,1.48029736616688E-15,-1.));
#3894=DIRECTION('center_axis',(-6.34413156928661E-16,1.,1.48029736616688E-15));
#3895=DIRECTION('ref_axis',(1.,6.34413156928661E-16,-4.1852929147213E-17));
#3896=DIRECTION('',(-1.,-6.34413156928661E-16,4.1852929147213E-17));
#3897=DIRECTION('',(0.,1.48029736616688E-15,-1.));
#3898=DIRECTION('center_axis',(-1.,7.1782984153834E-32,1.06260162378519E-46));
#3899=DIRECTION('ref_axis',(7.1782984153834E-32,1.,1.71512449944288E-15));
#3900=DIRECTION('',(-7.1782984153834E-32,-1.,-1.71512449944288E-15));
#3901=DIRECTION('',(0.,1.48029736616688E-15,-1.));
#3902=DIRECTION('center_axis',(-6.34413156928661E-16,-1.,-1.48029736616688E-15));
#3903=DIRECTION('ref_axis',(-1.,6.34413156928661E-16,4.18529291472152E-17));
#3904=DIRECTION('',(1.,-6.34413156928661E-16,-4.18529291472152E-17));
#3905=DIRECTION('center_axis',(-1.,-1.58603289232165E-16,-2.34780031315777E-31));
#3906=DIRECTION('ref_axis',(-1.58603289232165E-16,1.,1.71512449944288E-15));
#3907=DIRECTION('',(1.58603289232165E-16,-1.,-1.71512449944288E-15));
#3908=DIRECTION('',(0.,1.48029736616688E-15,-1.));
#3909=DIRECTION('',(0.,1.48029736616688E-15,-1.));
#3910=DIRECTION('center_axis',(-6.19547807829899E-32,-1.,-1.48029736616688E-15));
#3911=DIRECTION('ref_axis',(-1.,0.,4.18529291472141E-17));
#3912=DIRECTION('',(1.,0.,-4.18529291472141E-17));
#3913=DIRECTION('',(0.,1.48029736616688E-15,-1.));
#3914=DIRECTION('center_axis',(1.,1.18952466924124E-16,1.76085023486833E-31));
#3915=DIRECTION('ref_axis',(1.18952466924124E-16,-1.,-1.71512449944288E-15));
#3916=DIRECTION('',(-1.18952466924124E-16,1.,1.71512449944288E-15));
#3917=DIRECTION('',(0.,1.48029736616688E-15,-1.));
#3918=DIRECTION('center_axis',(6.19547807829899E-32,1.,1.48029736616688E-15));
#3919=DIRECTION('ref_axis',(1.,0.,-4.18529291472141E-17));
#3920=DIRECTION('',(-1.,0.,4.18529291472141E-17));
#3921=DIRECTION('center_axis',(-1.,7.1782984153834E-32,1.06260162378519E-46));
#3922=DIRECTION('ref_axis',(7.1782984153834E-32,1.,1.71512449944288E-15));
#3923=DIRECTION('',(-7.1782984153834E-32,-1.,-1.71512449944288E-15));
#3924=DIRECTION('',(0.,1.48029736616688E-15,-1.));
#3925=DIRECTION('',(0.,1.48029736616688E-15,-1.));
#3926=DIRECTION('center_axis',(-6.19547807829899E-32,-1.,-1.48029736616688E-15));
#3927=DIRECTION('ref_axis',(-1.,0.,4.18529291472141E-17));
#3928=DIRECTION('',(1.,0.,-4.18529291472141E-17));
#3929=DIRECTION('',(0.,1.48029736616688E-15,-1.));
#3930=DIRECTION('center_axis',(1.,-7.1782984153834E-32,-1.06260162378519E-46));
#3931=DIRECTION('ref_axis',(-7.1782984153834E-32,-1.,-1.71512449944288E-15));
#3932=DIRECTION('',(7.1782984153834E-32,1.,1.71512449944288E-15));
#3933=DIRECTION('',(0.,1.48029736616688E-15,-1.));
#3934=DIRECTION('center_axis',(6.19547807829899E-32,1.,1.48029736616688E-15));
#3935=DIRECTION('ref_axis',(1.,0.,-4.18529291472141E-17));
#3936=DIRECTION('',(-1.,0.,4.18529291472141E-17));
#3937=DIRECTION('center_axis',(1.,2.28983498828938E-15,3.38963670212153E-30));
#3938=DIRECTION('ref_axis',(2.28983498828938E-15,-1.,-1.71512449944288E-15));
#3939=DIRECTION('',(-2.28983498828938E-15,1.,1.71512449944288E-15));
#3940=DIRECTION('',(0.,1.48029736616688E-15,-1.));
#3941=DIRECTION('',(0.,1.48029736616688E-15,-1.));
#3942=DIRECTION('center_axis',(-6.34413156928661E-16,1.,1.48029736616688E-15));
#3943=DIRECTION('ref_axis',(1.,6.34413156928661E-16,-4.1852929147213E-17));
#3944=DIRECTION('',(-1.,-6.34413156928661E-16,4.1852929147213E-17));
#3945=DIRECTION('',(0.,1.48029736616688E-15,-1.));
#3946=DIRECTION('center_axis',(-1.,7.1782984153834E-32,1.06260162378519E-46));
#3947=DIRECTION('ref_axis',(7.1782984153834E-32,1.,1.71512449944288E-15));
#3948=DIRECTION('',(-7.1782984153834E-32,-1.,-1.71512449944288E-15));
#3949=DIRECTION('',(0.,1.48029736616688E-15,-1.));
#3950=DIRECTION('center_axis',(-6.34413156928661E-16,-1.,-1.48029736616688E-15));
#3951=DIRECTION('ref_axis',(-1.,6.34413156928661E-16,4.18529291472152E-17));
#3952=DIRECTION('',(1.,-6.34413156928661E-16,-4.18529291472152E-17));
#3953=DIRECTION('center_axis',(-1.,7.1782984153834E-32,1.06260162378519E-46));
#3954=DIRECTION('ref_axis',(7.1782984153834E-32,1.,1.71512449944288E-15));
#3955=DIRECTION('',(-7.1782984153834E-32,-1.,-1.71512449944288E-15));
#3956=DIRECTION('',(0.,1.48029736616688E-15,-1.));
#3957=DIRECTION('',(0.,1.48029736616688E-15,-1.));
#3958=DIRECTION('center_axis',(-6.34413156928661E-16,-1.,-1.48029736616688E-15));
#3959=DIRECTION('ref_axis',(-1.,6.34413156928661E-16,4.18529291472152E-17));
#3960=DIRECTION('',(1.,-6.34413156928661E-16,-4.18529291472152E-17));
#3961=DIRECTION('',(0.,1.48029736616688E-15,-1.));
#3962=DIRECTION('center_axis',(1.,2.22044604925031E-15,3.28692043842088E-30));
#3963=DIRECTION('ref_axis',(2.22044604925031E-15,-1.,-1.71512449944288E-15));
#3964=DIRECTION('',(-2.22044604925031E-15,1.,1.71512449944288E-15));
#3965=DIRECTION('',(0.,1.48029736616688E-15,-1.));
#3966=DIRECTION('center_axis',(-6.34413156928661E-16,1.,1.48029736616688E-15));
#3967=DIRECTION('ref_axis',(1.,6.34413156928661E-16,-4.1852929147213E-17));
#3968=DIRECTION('',(-1.,-6.34413156928661E-16,4.1852929147213E-17));
#3969=DIRECTION('center_axis',(1.,2.22044604925031E-15,3.28692043842088E-30));
#3970=DIRECTION('ref_axis',(2.22044604925031E-15,-1.,-1.71512449944288E-15));
#3971=DIRECTION('',(-2.22044604925031E-15,1.,1.71512449944288E-15));
#3972=DIRECTION('',(0.,1.48029736616688E-15,-1.));
#3973=DIRECTION('',(0.,1.48029736616688E-15,-1.));
#3974=DIRECTION('center_axis',(-6.34413156928661E-16,1.,1.48029736616688E-15));
#3975=DIRECTION('ref_axis',(1.,6.34413156928661E-16,-4.1852929147213E-17));
#3976=DIRECTION('',(-1.,-6.34413156928661E-16,4.1852929147213E-17));
#3977=DIRECTION('',(0.,1.48029736616688E-15,-1.));
#3978=DIRECTION('center_axis',(-1.,7.1782984153834E-32,1.06260162378519E-46));
#3979=DIRECTION('ref_axis',(7.1782984153834E-32,1.,1.71512449944288E-15));
#3980=DIRECTION('',(-7.1782984153834E-32,-1.,-1.71512449944288E-15));
#3981=DIRECTION('',(0.,1.48029736616688E-15,-1.));
#3982=DIRECTION('center_axis',(-6.34413156928661E-16,-1.,-1.48029736616688E-15));
#3983=DIRECTION('ref_axis',(-1.,6.34413156928661E-16,4.18529291472152E-17));
#3984=DIRECTION('',(1.,-6.34413156928661E-16,-4.18529291472152E-17));
#3985=DIRECTION('center_axis',(1.,2.22044604925031E-15,3.28692043842088E-30));
#3986=DIRECTION('ref_axis',(2.22044604925031E-15,-1.,-1.71512449944288E-15));
#3987=DIRECTION('',(-2.22044604925031E-15,1.,1.71512449944288E-15));
#3988=DIRECTION('',(0.,1.48029736616688E-15,-1.));
#3989=DIRECTION('',(0.,1.48029736616688E-15,-1.));
#3990=DIRECTION('center_axis',(-6.34413156928661E-16,1.,1.48029736616688E-15));
#3991=DIRECTION('ref_axis',(1.,6.34413156928661E-16,-4.1852929147213E-17));
#3992=DIRECTION('',(-1.,-6.34413156928661E-16,4.1852929147213E-17));
#3993=DIRECTION('',(0.,1.48029736616688E-15,-1.));
#3994=DIRECTION('center_axis',(-1.,7.1782984153834E-32,1.06260162378519E-46));
#3995=DIRECTION('ref_axis',(7.1782984153834E-32,1.,1.71512449944288E-15));
#3996=DIRECTION('',(-7.1782984153834E-32,-1.,-1.71512449944288E-15));
#3997=DIRECTION('',(0.,1.48029736616688E-15,-1.));
#3998=DIRECTION('center_axis',(-6.34413156928661E-16,-1.,-1.48029736616688E-15));
#3999=DIRECTION('ref_axis',(-1.,6.34413156928661E-16,4.18529291472152E-17));
#4000=DIRECTION('',(1.,-6.34413156928661E-16,-4.18529291472152E-17));
#4001=DIRECTION('center_axis',(-1.,7.1782984153834E-32,1.06260162378519E-46));
#4002=DIRECTION('ref_axis',(7.1782984153834E-32,1.,1.71512449944288E-15));
#4003=DIRECTION('',(-7.1782984153834E-32,-1.,-1.71512449944288E-15));
#4004=DIRECTION('',(0.,1.48029736616688E-15,-1.));
#4005=DIRECTION('',(0.,1.48029736616688E-15,-1.));
#4006=DIRECTION('center_axis',(-6.19547807829899E-32,-1.,-1.48029736616688E-15));
#4007=DIRECTION('ref_axis',(-1.,0.,4.18529291472141E-17));
#4008=DIRECTION('',(1.,0.,-4.18529291472141E-17));
#4009=DIRECTION('',(0.,1.48029736616688E-15,-1.));
#4010=DIRECTION('center_axis',(1.,-7.1782984153834E-32,-1.06260162378519E-46));
#4011=DIRECTION('ref_axis',(-7.1782984153834E-32,-1.,-1.71512449944288E-15));
#4012=DIRECTION('',(7.1782984153834E-32,1.,1.71512449944288E-15));
#4013=DIRECTION('',(0.,1.48029736616688E-15,-1.));
#4014=DIRECTION('center_axis',(6.19547807829899E-32,1.,1.48029736616688E-15));
#4015=DIRECTION('ref_axis',(1.,0.,-4.18529291472141E-17));
#4016=DIRECTION('',(-1.,0.,4.18529291472141E-17));
#4017=DIRECTION('center_axis',(1.,-7.1782984153834E-32,-1.06260162378519E-46));
#4018=DIRECTION('ref_axis',(-7.1782984153834E-32,-1.,-1.71512449944288E-15));
#4019=DIRECTION('',(7.1782984153834E-32,1.,1.71512449944288E-15));
#4020=DIRECTION('',(0.,1.48029736616688E-15,-1.));
#4021=DIRECTION('',(0.,1.48029736616688E-15,-1.));
#4022=DIRECTION('center_axis',(6.19547807829899E-32,1.,1.48029736616688E-15));
#4023=DIRECTION('ref_axis',(1.,0.,-4.18529291472141E-17));
#4024=DIRECTION('',(-1.,0.,4.18529291472141E-17));
#4025=DIRECTION('',(0.,1.48029736616688E-15,-1.));
#4026=DIRECTION('center_axis',(-1.,7.1782984153834E-32,1.06260162378519E-46));
#4027=DIRECTION('ref_axis',(7.1782984153834E-32,1.,1.71512449944288E-15));
#4028=DIRECTION('',(-7.1782984153834E-32,-1.,-1.71512449944288E-15));
#4029=DIRECTION('',(0.,1.48029736616688E-15,-1.));
#4030=DIRECTION('center_axis',(-6.1739418867453E-17,-1.,-1.48029736616688E-15));
#4031=DIRECTION('ref_axis',(-1.,6.1739418867453E-17,4.18529291472142E-17));
#4032=DIRECTION('',(1.,-6.1739418867453E-17,-4.18529291472142E-17));
#4033=DIRECTION('center_axis',(0.,-1.,-1.7569774285901E-15));
#4034=DIRECTION('ref_axis',(-1.67327157029567E-15,-1.7569774285901E-15,
1.));
#4035=DIRECTION('',(-1.,2.95822839457879E-30,-1.66275767489493E-15));
#4036=DIRECTION('',(-1.,2.95822839457879E-30,-1.67327157029567E-15));
#4037=DIRECTION('',(-1.67327157029567E-15,-1.7569774285901E-15,1.));
#4038=DIRECTION('center_axis',(-7.1782984153834E-32,-1.,-1.71512449944288E-15));
#4039=DIRECTION('ref_axis',(4.18529291472141E-17,-1.71512449944288E-15,
1.));
#4040=DIRECTION('',(0.,-1.,-1.71512449944288E-15));
#4041=DIRECTION('center_axis',(7.1782984153834E-32,1.,1.71512449944288E-15));
#4042=DIRECTION('ref_axis',(-1.,0.,5.92118946466749E-15));
#4043=DIRECTION('',(-8.9815623740227E-32,-1.,-1.71512449944288E-15));
#4044=DIRECTION('center_axis',(7.1782984153834E-32,1.,1.71512449944288E-15));
#4045=DIRECTION('ref_axis',(-1.,0.,5.92118946466749E-15));
#4046=DIRECTION('center_axis',(7.1782984153834E-32,1.,1.71512449944288E-15));
#4047=DIRECTION('ref_axis',(0.,-1.71512449944288E-15,1.));
#4048=DIRECTION('',(1.,-2.95822839457879E-30,1.66275767489493E-15));
#4049=DIRECTION('center_axis',(-7.1782984153834E-32,-1.,-1.71512449944288E-15));
#4050=DIRECTION('ref_axis',(5.92118946466749E-15,-1.48029736616687E-15,
1.));
#4051=DIRECTION('',(4.18529291472141E-17,-1.71512449944288E-15,1.));
#4052=DIRECTION('center_axis',(4.18529291472141E-17,-1.71512449944288E-15,
1.));
#4053=DIRECTION('ref_axis',(-1.,4.18529291472141E-17,4.18529291472141E-17));
#4054=DIRECTION('',(4.18529291472141E-17,1.,1.71512449944288E-15));
#4055=DIRECTION('',(-1.,4.18529291472141E-17,4.18529291472141E-17));
#4056=DIRECTION('',(-4.18529291472141E-17,-1.,-1.71512449944288E-15));
#4057=DIRECTION('',(1.,-1.70276786327457E-18,-4.18529291472141E-17));
#4058=DIRECTION('',(4.18529291472141E-17,1.,1.71512449944288E-15));
#4059=DIRECTION('',(1.,-4.18529291472141E-17,-4.18529291472141E-17));
#4060=DIRECTION('',(4.18529291472141E-17,1.,1.71512449944288E-15));
#4061=DIRECTION('',(8.9815623740227E-32,1.,1.71512449944288E-15));
#4062=DIRECTION('',(-4.18529291472141E-17,-1.,-1.71512449944288E-15));
#4063=DIRECTION('',(1.,-4.18529291472141E-17,-4.18529291472141E-17));
#4064=DIRECTION('',(4.18529291472141E-17,1.,8.29847301190128E-16));
#4065=DIRECTION('center_axis',(4.18529291472142E-17,-5.19100132572683E-16,
1.));
#4066=DIRECTION('ref_axis',(-4.18529291472141E-17,-1.,-5.19100132572683E-16));
#4067=DIRECTION('',(1.,-4.18529291472141E-17,-4.18529291472141E-17));
#4068=DIRECTION('center_axis',(4.18529291472141E-17,-1.71512449944288E-15,
1.));
#4069=DIRECTION('ref_axis',(-1.,4.18529291472141E-17,4.18529291472141E-17));
#4070=DIRECTION('',(-4.18529291472141E-17,-1.,-1.71512449944288E-15));
#4071=DIRECTION('',(-1.,4.18529291472141E-17,4.18529291472141E-17));
#4072=DIRECTION('',(-4.18529291472141E-17,-1.,-1.71512449944288E-15));
#4073=DIRECTION('center_axis',(0.,-1.,-1.67327157029567E-15));
#4074=DIRECTION('ref_axis',(-3.53333426799035E-15,1.67327157029567E-15,
-1.));
#4075=DIRECTION('',(-1.,-2.95822839457879E-30,1.76749132399084E-15));
#4076=DIRECTION('',(1.,2.95822839457879E-30,-1.7569774285901E-15));
#4077=DIRECTION('',(1.20361730374365E-15,1.67327157029567E-15,-1.));
#4078=DIRECTION('center_axis',(7.1782984153834E-32,1.,1.71512449944288E-15));
#4079=DIRECTION('ref_axis',(4.18529291472141E-17,-1.71512449944288E-15,
1.));
#4080=DIRECTION('',(0.,-1.,-1.71512449944288E-15));
#4081=DIRECTION('center_axis',(-7.1782984153834E-32,-1.,-1.71512449944288E-15));
#4082=DIRECTION('ref_axis',(1.,0.,0.));
#4083=DIRECTION('center_axis',(7.1782984153834E-32,1.,1.71512449944288E-15));
#4084=DIRECTION('ref_axis',(0.,-1.48029736616687E-15,1.));
#4085=DIRECTION('center_axis',(7.1782984153834E-32,1.,1.71512449944288E-15));
#4086=DIRECTION('ref_axis',(0.,-1.71512449944288E-15,1.));
#4087=DIRECTION('',(1.,2.95822839457879E-30,-1.76749132399084E-15));
#4088=DIRECTION('center_axis',(7.1782984153834E-32,1.,1.71512449944288E-15));
#4089=DIRECTION('ref_axis',(0.,0.,1.));
#4090=DIRECTION('',(4.18529291472141E-17,-1.71512449944288E-15,1.));
#4091=DIRECTION('center_axis',(-7.1782984153834E-32,-1.,-1.71512449944288E-15));
#4092=DIRECTION('ref_axis',(4.18529291472141E-17,-1.71512449944288E-15,
1.));
#4093=DIRECTION('center_axis',(7.1782984153834E-32,1.,1.71512449944288E-15));
#4094=DIRECTION('ref_axis',(-1.,0.,2.96059473233374E-15));
#4095=DIRECTION('center_axis',(-1.,2.95822839457879E-30,-1.67327157029567E-15));
#4096=DIRECTION('ref_axis',(1.67327157029567E-15,1.7569774285901E-15,-1.));
#4097=DIRECTION('',(0.,-1.,-1.7569774285901E-15));
#4098=DIRECTION('',(-1.67327157029567E-15,-1.7569774285901E-15,1.));
#4099=DIRECTION('center_axis',(7.1782984153834E-32,1.,1.71512449944288E-15));
#4100=DIRECTION('ref_axis',(4.18529291472141E-17,-1.71512449944288E-15,
1.));
#4101=DIRECTION('center_axis',(-7.1782984153834E-32,-1.,-1.71512449944288E-15));
#4102=DIRECTION('ref_axis',(1.,0.,-5.92118946466749E-15));
#4103=DIRECTION('center_axis',(1.,0.,-4.18529291472141E-17));
#4104=DIRECTION('ref_axis',(0.,1.,0.));
#4105=DIRECTION('center_axis',(-1.,0.,4.18529291472141E-17));
#4106=DIRECTION('ref_axis',(0.,-5.92118946466749E-15,1.));
#4107=DIRECTION('center_axis',(1.,0.,-4.18529291472141E-17));
#4108=DIRECTION('ref_axis',(0.,1.,-2.96059473233374E-15));
#4109=DIRECTION('center_axis',(1.,-4.18529291472141E-17,-4.18529291472141E-17));
#4110=DIRECTION('ref_axis',(4.18529291472141E-17,1.,1.71512449944288E-15));
#4111=DIRECTION('',(4.18529291472141E-17,-1.71512449944288E-15,1.));
#4112=DIRECTION('',(4.18529291472141E-17,-1.71512449944288E-15,1.));
#4113=DIRECTION('center_axis',(1.,2.95822839457879E-30,-1.7569774285901E-15));
#4114=DIRECTION('ref_axis',(1.7569774285901E-15,-1.67327157029567E-15,1.));
#4115=DIRECTION('',(0.,1.,1.67327157029567E-15));
#4116=DIRECTION('',(1.7569774285901E-15,-1.67327157029567E-15,1.));
#4117=DIRECTION('center_axis',(1.,0.,0.));
#4118=DIRECTION('ref_axis',(0.,0.,-1.));
#4119=DIRECTION('',(0.,1.,0.));
#4120=DIRECTION('',(0.,0.,-1.));
#4121=DIRECTION('',(0.,1.,0.));
#4122=DIRECTION('center_axis',(0.,1.,0.));
#4123=DIRECTION('ref_axis',(-1.,0.,0.));
#4124=DIRECTION('',(1.,0.,-4.01501612839395E-17));
#4125=DIRECTION('',(0.,0.,1.));
#4126=DIRECTION('',(-1.,0.,0.));
#4127=DIRECTION('center_axis',(-1.,0.,4.18529291472141E-17));
#4128=DIRECTION('ref_axis',(4.18529291472141E-17,0.,1.));
#4129=DIRECTION('',(0.,-1.,0.));
#4130=DIRECTION('center_axis',(1.,0.,-4.18529291472141E-17));
#4131=DIRECTION('ref_axis',(0.,1.,0.));
#4132=DIRECTION('',(4.18529291472141E-17,-1.71512449944288E-15,1.));
#4133=DIRECTION('center_axis',(1.67327157029567E-15,1.7569774285901E-15,
-1.));
#4134=DIRECTION('ref_axis',(0.,-1.,-1.7569774285901E-15));
#4135=DIRECTION('',(-1.,2.95822839457879E-30,-1.67327157029567E-15));
#4136=DIRECTION('center_axis',(1.,0.,-4.18529291472141E-17));
#4137=DIRECTION('ref_axis',(-4.18529291472141E-17,0.,-1.));
#4138=DIRECTION('center_axis',(-1.,0.,4.18529291472141E-17));
#4139=DIRECTION('ref_axis',(0.,-5.92118946466749E-15,1.));
#4140=DIRECTION('center_axis',(1.,0.,-4.18529291472141E-17));
#4141=DIRECTION('ref_axis',(0.,1.,0.));
#4142=DIRECTION('center_axis',(-4.18529291472141E-17,-1.,-1.71512449944288E-15));
#4143=DIRECTION('ref_axis',(1.,-4.18529291472141E-17,-4.18529291472141E-17));
#4144=DIRECTION('',(4.18529291472141E-17,-1.71512449944288E-15,1.));
#4145=DIRECTION('center_axis',(1.,-4.18529291472141E-17,-4.18529291472141E-17));
#4146=DIRECTION('ref_axis',(4.18529291472141E-17,1.,1.71512449944288E-15));
#4147=DIRECTION('center_axis',(1.,-4.18529291472141E-17,-4.18529291472141E-17));
#4148=DIRECTION('ref_axis',(4.18529291472141E-17,1.,1.71512449944288E-15));
#4149=DIRECTION('',(4.18529291472141E-17,-1.71512449944288E-15,1.));
#4150=DIRECTION('',(4.18529291472141E-17,-1.71512449944288E-15,1.));
#4151=DIRECTION('center_axis',(4.18529291472141E-17,1.,1.71512449944288E-15));
#4152=DIRECTION('ref_axis',(-1.,4.18529291472141E-17,4.18529291472141E-17));
#4153=DIRECTION('',(4.18529291472141E-17,-1.71512449944288E-15,1.));
#4154=DIRECTION('center_axis',(1.,-4.18529291472141E-17,-4.18529291472141E-17));
#4155=DIRECTION('ref_axis',(4.18529291472141E-17,1.,8.29847301190128E-16));
#4156=DIRECTION('',(4.18529291472141E-17,-1.71512449944288E-15,1.));
#4157=DIRECTION('center_axis',(4.18529291472141E-17,-1.71512449944288E-15,
1.));
#4158=DIRECTION('ref_axis',(-4.18529291472141E-17,-1.,-1.71512449944288E-15));
#4159=DIRECTION('',(4.18529291472141E-17,-1.71512449944288E-15,1.));
#4160=DIRECTION('center_axis',(-4.18529291472141E-17,-1.,-1.71512449944288E-15));
#4161=DIRECTION('ref_axis',(1.,-4.18529291472141E-17,-4.18529291472141E-17));
#4162=DIRECTION('',(4.18529291472141E-17,-1.71512449944288E-15,1.));
#4163=DIRECTION('center_axis',(4.18529291472141E-17,-1.71512449944288E-15,
1.));
#4164=DIRECTION('ref_axis',(-1.,4.18529291472141E-17,4.18529291472141E-17));
#4165=DIRECTION('',(4.18529291472141E-17,-1.71512449944288E-15,1.));
#4166=DIRECTION('center_axis',(-1.,4.18529291472141E-17,4.18529291472141E-17));
#4167=DIRECTION('ref_axis',(-4.18529291472141E-17,-1.,-1.71512449944288E-15));
#4168=DIRECTION('',(4.18529291472141E-17,-1.71512449944288E-15,1.));
#4169=DIRECTION('center_axis',(4.18529291472141E-17,1.,1.71512449944288E-15));
#4170=DIRECTION('ref_axis',(-1.,4.18529291472141E-17,4.18529291472141E-17));
#4171=DIRECTION('',(4.18529291472141E-17,-1.71512449944288E-15,1.));
#4172=DIRECTION('center_axis',(-1.,4.18529291472141E-17,4.18529291472141E-17));
#4173=DIRECTION('ref_axis',(-4.18529291472141E-17,-1.,-1.71512449944288E-15));
#4174=DIRECTION('',(4.18529291472141E-17,-1.71512449944288E-15,1.));
#4175=DIRECTION('center_axis',(-7.1782984153834E-32,-1.,-1.71512449944288E-15));
#4176=DIRECTION('ref_axis',(0.,1.71512449944288E-15,-1.));
#4177=DIRECTION('center_axis',(0.,1.,1.7569774285901E-15));
#4178=DIRECTION('ref_axis',(1.67327157029567E-15,1.7569774285901E-15,-1.));
#4179=DIRECTION('center_axis',(-1.,4.18529291472141E-17,4.18529291472141E-17));
#4180=DIRECTION('ref_axis',(-4.18529291472141E-17,-1.,-1.71512449944288E-15));
#4181=DIRECTION('',(4.18529291472141E-17,-1.71512449944288E-15,1.));
#4182=DIRECTION('center_axis',(-4.18529291472141E-17,-1.,-1.71512449944288E-15));
#4183=DIRECTION('ref_axis',(1.,-4.18529291472141E-17,-4.18529291472141E-17));
#4184=DIRECTION('',(4.18529291472141E-17,-1.71512449944288E-15,1.));
#4185=DIRECTION('center_axis',(-1.,4.18529291472141E-17,4.18529291472141E-17));
#4186=DIRECTION('ref_axis',(-4.18529291472141E-17,-1.,-1.71512449944288E-15));
#4187=DIRECTION('center_axis',(-1.,0.,0.));
#4188=DIRECTION('ref_axis',(0.,0.,1.));
#4189=DIRECTION('',(0.,1.,0.));
#4190=DIRECTION('center_axis',(0.,0.,-1.));
#4191=DIRECTION('ref_axis',(-1.,0.,0.));
#4192=DIRECTION('center_axis',(-7.1782984153834E-32,-1.,-1.71512449944288E-15));
#4193=DIRECTION('ref_axis',(0.,1.71512449944288E-15,-1.));
#4194=DIRECTION('center_axis',(0.,1.,1.67327157029567E-15));
#4195=DIRECTION('ref_axis',(1.7569774285901E-15,-1.67327157029567E-15,1.));
#4196=DIRECTION('',(1.,2.95822839457879E-30,-1.7569774285901E-15));
#4197=DIRECTION('center_axis',(-1.7569774285901E-15,1.67327157029567E-15,
-1.));
#4198=DIRECTION('ref_axis',(0.,1.,1.67327157029567E-15));
#4199=DIRECTION('',(0.,0.,1.));
#4200=DIRECTION('',(1.,0.,0.));
#4201=CARTESIAN_POINT('',(0.,0.,0.));
#4202=CARTESIAN_POINT('',(0.,0.,0.));
#4203=CARTESIAN_POINT('Origin',(-108.59615629154,13.1999997049564,38.1993855721263));
#4204=CARTESIAN_POINT('',(-107.289575965159,13.200165386639,36.9368264011468));
#4205=CARTESIAN_POINT('',(-107.15273661792,13.1979987608834,36.9359851997083));
#4206=CARTESIAN_POINT('',(-108.59615629154,13.1999997049564,36.9348855721263));
#4207=CARTESIAN_POINT('',(-107.09615629154,14.025211003891,37.2412694194023));
#4208=CARTESIAN_POINT('Ctrl Pts',(-107.15273661792,13.1979987608834,36.9359851997083));
#4209=CARTESIAN_POINT('Ctrl Pts',(-107.133876509127,13.497255002766,36.9385407683257));
#4210=CARTESIAN_POINT('Ctrl Pts',(-107.115016400333,13.7981344893183,37.0456917694323));
#4211=CARTESIAN_POINT('Ctrl Pts',(-107.09615629154,14.025211003891,37.2412694194022));
#4212=CARTESIAN_POINT('',(-107.09615629154,14.0265895597297,39.1593741370335));
#4213=CARTESIAN_POINT('Origin',(-107.09615629154,13.1999997049564,38.1993855721263));
#4214=CARTESIAN_POINT('Ctrl Pts',(-107.09615629154,14.026591568004,39.1593768647578));
#4215=CARTESIAN_POINT('Ctrl Pts',(-107.121644277263,14.3314780992395,38.8955038252062));
#4216=CARTESIAN_POINT('Ctrl Pts',(-107.147132262986,14.5009177942788,38.4727323434156));
#4217=CARTESIAN_POINT('Ctrl Pts',(-107.172620248709,14.4601629301379,38.0714925732257));
#4218=CARTESIAN_POINT('Ctrl Pts',(-107.19898202728,14.4180108858044,37.6564972852287));
#4219=CARTESIAN_POINT('Ctrl Pts',(-107.225343805851,14.1510052361454,37.2645353383473));
#4220=CARTESIAN_POINT('Ctrl Pts',(-107.251705584422,13.7803193407971,37.0735076870699));
#4221=CARTESIAN_POINT('Ctrl Pts',(-107.264329044668,13.6028146761932,36.9820332080148));
#4222=CARTESIAN_POINT('Ctrl Pts',(-107.276952504913,13.4015359471542,36.9366333197282));
#4223=CARTESIAN_POINT('Ctrl Pts',(-107.289575965159,13.200165386639,36.9368264011468));
#4224=CARTESIAN_POINT('Origin',(-108.59615629154,13.1999997049564,38.1993855721263));
#4225=CARTESIAN_POINT('',(-107.789575965159,13.1989052203319,36.9343467875846));
#4226=CARTESIAN_POINT('',(-107.65273661792,13.2002890542198,36.9328158867883));
#4227=CARTESIAN_POINT('',(-108.59615629154,13.1999997049564,36.9348855721263));
#4228=CARTESIAN_POINT('Ctrl Pts',(-107.65273661792,13.2002890542198,36.9328158867883));
#4229=CARTESIAN_POINT('Ctrl Pts',(-107.651742292457,13.216022089208,36.9327674259069));
#4230=CARTESIAN_POINT('Ctrl Pts',(-107.650747966993,13.23175342161,36.9330353611219));
#4231=CARTESIAN_POINT('Ctrl Pts',(-107.64975364153,13.2474726794031,36.9336248230062));
#4232=CARTESIAN_POINT('Ctrl Pts',(-107.623391862959,13.6642251497215,36.9492527680182));
#4233=CARTESIAN_POINT('Ctrl Pts',(-107.597030084388,14.0724904019097,37.1908811581329));
#4234=CARTESIAN_POINT('Ctrl Pts',(-107.570668305817,14.2867389425959,37.5486997833262));
#4235=CARTESIAN_POINT('Ctrl Pts',(-107.544306527246,14.500987483282,37.9065184085194));
#4236=CARTESIAN_POINT('Ctrl Pts',(-107.517944748675,14.5212193124661,38.3805272687911));
#4237=CARTESIAN_POINT('Ctrl Pts',(-107.491582970104,14.3381770723912,38.7552642645729));
#4238=CARTESIAN_POINT('Ctrl Pts',(-107.465221191533,14.1551348323163,39.1300012603548));
#4239=CARTESIAN_POINT('Ctrl Pts',(-107.438859412962,13.7688185229822,39.4054663916468));
#4240=CARTESIAN_POINT('Ctrl Pts',(-107.412497634391,13.354941782946,39.4565109330072));
#4241=CARTESIAN_POINT('Ctrl Pts',(-107.38613585582,12.9410650429097,39.5075554743676));
#4242=CARTESIAN_POINT('Ctrl Pts',(-107.359774077249,12.4996278721711,39.3341794257965));
#4243=CARTESIAN_POINT('Ctrl Pts',(-107.333412298678,12.2309755858486,39.015081054822));
#4244=CARTESIAN_POINT('Ctrl Pts',(-107.307050520107,11.9623232995262,38.6959826838475));
#4245=CARTESIAN_POINT('Ctrl Pts',(-107.280688741536,11.8664558976198,38.2311619904697));
#4246=CARTESIAN_POINT('Ctrl Pts',(-107.254326962965,11.9875308410455,37.83214181437));
#4247=CARTESIAN_POINT('Ctrl Pts',(-107.227965184395,12.1086057844712,37.4331216382703));
#4248=CARTESIAN_POINT('Ctrl Pts',(-107.201603405824,12.4466230732289,37.0999019794487));
#4249=CARTESIAN_POINT('Ctrl Pts',(-107.175241627253,12.8464251433926,36.9835966002203));
#4250=CARTESIAN_POINT('Ctrl Pts',(-107.167739957475,12.9601952783872,36.9505000264832));
#4251=CARTESIAN_POINT('Ctrl Pts',(-107.160238287698,13.0789686147676,36.9349687139568));
#4252=CARTESIAN_POINT('Ctrl Pts',(-107.15273661792,13.1979987608834,36.9359851997083));
#4253=CARTESIAN_POINT('Ctrl Pts',(-107.289575965159,13.200165386639,36.9368264011468));
#4254=CARTESIAN_POINT('Ctrl Pts',(-107.303314283484,12.9810105108905,36.9370365348138));
#4255=CARTESIAN_POINT('Ctrl Pts',(-107.317052601809,12.7617468669569,36.9912484637021));
#4256=CARTESIAN_POINT('Ctrl Pts',(-107.330790920135,12.5729017358076,37.09884136031));
#4257=CARTESIAN_POINT('Ctrl Pts',(-107.357152698706,12.2105361672042,37.305296040501));
#4258=CARTESIAN_POINT('Ctrl Pts',(-107.383514477276,11.9601711710349,37.7082987565563));
#4259=CARTESIAN_POINT('Ctrl Pts',(-107.409876255847,11.9355605916883,38.1246291439606));
#4260=CARTESIAN_POINT('Ctrl Pts',(-107.436238034418,11.9109500123417,38.5409595313648));
#4261=CARTESIAN_POINT('Ctrl Pts',(-107.462599812989,12.1120938498178,38.9706175901181));
#4262=CARTESIAN_POINT('Ctrl Pts',(-107.48896159156,12.4475889916081,39.2183471470989));
#4263=CARTESIAN_POINT('Ctrl Pts',(-107.515323370131,12.7830841333985,39.4660767040797));
#4264=CARTESIAN_POINT('Ctrl Pts',(-107.541685148702,13.2529305795032,39.5318777592881));
#4265=CARTESIAN_POINT('Ctrl Pts',(-107.568046927273,13.6435728528611,39.3858317825168));
#4266=CARTESIAN_POINT('Ctrl Pts',(-107.594408705844,14.0342151262191,39.2397858057456));
#4267=CARTESIAN_POINT('Ctrl Pts',(-107.620770484415,14.3456532268302,38.8818927969947));
#4268=CARTESIAN_POINT('Ctrl Pts',(-107.647132262986,14.4363413700691,38.4748219527205));
#4269=CARTESIAN_POINT('Ctrl Pts',(-107.673494041557,14.5270295133081,38.0677511084463));
#4270=CARTESIAN_POINT('Ctrl Pts',(-107.699855820128,14.3969676991748,37.6115024286486));
#4271=CARTESIAN_POINT('Ctrl Pts',(-107.726217598699,14.1052671455986,37.3134405001808));
#4272=CARTESIAN_POINT('Ctrl Pts',(-107.747337054185,13.8715743831718,37.0746513906508));
#4273=CARTESIAN_POINT('Ctrl Pts',(-107.768456509672,13.5341379828753,36.9373903498395));
#4274=CARTESIAN_POINT('Ctrl Pts',(-107.789575965159,13.1989052203319,36.9343467875846));
#4275=CARTESIAN_POINT('Origin',(-108.59615629154,13.1999997049564,38.1993855721263));
#4276=CARTESIAN_POINT('',(-108.289575965159,13.2008121488322,36.9334677242197));
#4277=CARTESIAN_POINT('',(-108.15273661792,13.2008444143432,36.9361802213775));
#4278=CARTESIAN_POINT('',(-108.59615629154,13.1999997049564,36.9348855721263));
#4279=CARTESIAN_POINT('',(-108.59615629154,14.0252110038934,39.1575017248484));
#4280=CARTESIAN_POINT('Ctrl Pts',(-108.289575965159,13.2008121488322,36.9334677242197));
#4281=CARTESIAN_POINT('Ctrl Pts',(-108.312684071573,12.8347292757025,36.9362326946234));
#4282=CARTESIAN_POINT('Ctrl Pts',(-108.335792177987,12.4664694942926,37.1039757408726));
#4283=CARTESIAN_POINT('Ctrl Pts',(-108.358900284401,12.2309752536691,37.3836898040394));
#4284=CARTESIAN_POINT('Ctrl Pts',(-108.385262062972,11.9623229065311,37.7027882218959));
#4285=CARTESIAN_POINT('Ctrl Pts',(-108.411623841543,11.8664555710956,38.1676090414681));
#4286=CARTESIAN_POINT('Ctrl Pts',(-108.437985620114,11.9875303622166,38.5666290828775));
#4287=CARTESIAN_POINT('Ctrl Pts',(-108.464347398685,12.1086051533377,38.9656491242869));
#4288=CARTESIAN_POINT('Ctrl Pts',(-108.490709177256,12.4466220710152,39.2988683875335));
#4289=CARTESIAN_POINT('Ctrl Pts',(-108.517070955827,12.846424298963,39.4151738621854));
#4290=CARTESIAN_POINT('Ctrl Pts',(-108.543432734398,13.2462265269108,39.5314793368374));
#4291=CARTESIAN_POINT('Ctrl Pts',(-108.569794512969,13.7078140651289,39.4308710228946));
#4292=CARTESIAN_POINT('Ctrl Pts',(-108.59615629154,14.0252110038934,39.1575017248484));
#4293=CARTESIAN_POINT('',(-108.59615629154,14.0265890362352,37.2393970865918));
#4294=CARTESIAN_POINT('Origin',(-108.59615629154,13.1999997049564,38.1993855721263));
#4295=CARTESIAN_POINT('Ctrl Pts',(-108.59615629154,14.0265910522351,37.239394347453));
#4296=CARTESIAN_POINT('Ctrl Pts',(-108.570668305817,14.3314777580045,37.5032674057959));
#4297=CARTESIAN_POINT('Ctrl Pts',(-108.545180320094,14.5009173360061,37.9260388227986));
#4298=CARTESIAN_POINT('Ctrl Pts',(-108.519692334371,14.4601624949048,38.3272785224103));
#4299=CARTESIAN_POINT('Ctrl Pts',(-108.4933305558,14.4180104744006,38.7422737374096));
#4300=CARTESIAN_POINT('Ctrl Pts',(-108.466968777229,14.1510049984171,39.1342356050991));
#4301=CARTESIAN_POINT('Ctrl Pts',(-108.440606998658,13.7803192150284,39.3252632238858));
#4302=CARTESIAN_POINT('Ctrl Pts',(-108.414245220087,13.4096334316398,39.5162908426725));
#4303=CARTESIAN_POINT('Ctrl Pts',(-108.387883441516,12.9352673408461,39.5063842125564));
#4304=CARTESIAN_POINT('Ctrl Pts',(-108.361521662945,12.5729018345773,39.2999295746191));
#4305=CARTESIAN_POINT('Ctrl Pts',(-108.335159884374,12.2105363283085,39.0934749366818));
#4306=CARTESIAN_POINT('Ctrl Pts',(-108.308798105803,11.9601714065647,38.6904722909232));
#4307=CARTESIAN_POINT('Ctrl Pts',(-108.282436327232,11.9355608391049,38.2741419825254));
#4308=CARTESIAN_POINT('Ctrl Pts',(-108.256074548661,11.9109502716452,37.8578116741276));
#4309=CARTESIAN_POINT('Ctrl Pts',(-108.22971277009,12.1120940584696,37.4281537030905));
#4310=CARTESIAN_POINT('Ctrl Pts',(-108.203350991519,12.4475891328646,37.1804241948796));
#4311=CARTESIAN_POINT('Ctrl Pts',(-108.186479533653,12.6623049570186,37.0218780653465));
#4312=CARTESIAN_POINT('Ctrl Pts',(-108.169608075787,12.9320505439533,36.937849123802));
#4313=CARTESIAN_POINT('Ctrl Pts',(-108.15273661792,13.2008444143432,36.9361802213775));
#4314=CARTESIAN_POINT('Origin',(-108.59615629154,27.2019247345675,38.1807413664703));
#4315=CARTESIAN_POINT('',(-107.289575965159,27.2020904871459,36.9181749188033));
#4316=CARTESIAN_POINT('',(-107.15273661792,27.1999062493688,36.9173555188992));
#4317=CARTESIAN_POINT('',(-108.59615629154,27.2019247345675,36.9162413664703));
#4318=CARTESIAN_POINT('',(-107.09615629154,28.027136033502,37.2226252137463));
#4319=CARTESIAN_POINT('Ctrl Pts',(-107.15273661792,27.1999062493688,36.9173555188992));
#4320=CARTESIAN_POINT('Ctrl Pts',(-107.133876509127,27.4991699362309,36.9199051593249));
#4321=CARTESIAN_POINT('Ctrl Pts',(-107.115016400333,27.8000595189293,37.0270475637763));
#4322=CARTESIAN_POINT('Ctrl Pts',(-107.09615629154,28.027136033502,37.2226252137462));
#4323=CARTESIAN_POINT('',(-107.09615629154,28.0285302392913,39.1407321303368));
#4324=CARTESIAN_POINT('Origin',(-107.09615629154,27.2019247345675,38.1807413664703));
#4325=CARTESIAN_POINT('Ctrl Pts',(-107.09615629154,28.0285320210292,39.1407345260151));
#4326=CARTESIAN_POINT('Ctrl Pts',(-107.121644277263,28.3334135860571,38.8768619993269));
#4327=CARTESIAN_POINT('Ctrl Pts',(-107.147132262986,28.5028564299916,38.4540886709149));
#4328=CARTESIAN_POINT('Ctrl Pts',(-107.172620248709,28.4621007978017,38.0528468780404));
#4329=CARTESIAN_POINT('Ctrl Pts',(-107.19898202728,28.4199479590886,37.6378494980161));
#4330=CARTESIAN_POINT('Ctrl Pts',(-107.225343805851,28.1529373249365,37.2458852707656));
#4331=CARTESIAN_POINT('Ctrl Pts',(-107.251705584422,27.7822481665054,37.0548566829273));
#4332=CARTESIAN_POINT('Ctrl Pts',(-107.264329044668,27.604741939359,36.9633817553957));
#4333=CARTESIAN_POINT('Ctrl Pts',(-107.276952504913,27.4034620425,36.9179817267702));
#4334=CARTESIAN_POINT('Ctrl Pts',(-107.289575965159,27.2020904871459,36.9181749188033));
#4335=CARTESIAN_POINT('Origin',(-108.59615629154,27.2019247345675,38.1807413664703));
#4336=CARTESIAN_POINT('',(-107.789575965159,27.2008302597513,36.915695504062));
#4337=CARTESIAN_POINT('',(-107.65273661792,27.2022139680234,36.9141646096541));
#4338=CARTESIAN_POINT('',(-108.59615629154,27.2019247345675,36.9162413664703));
#4339=CARTESIAN_POINT('Ctrl Pts',(-107.65273661792,27.2022139680234,36.9141646096541));
#4340=CARTESIAN_POINT('Ctrl Pts',(-107.651742292457,27.217947093451,36.9141161479718));
#4341=CARTESIAN_POINT('Ctrl Pts',(-107.650747966993,27.2336785166454,36.9143840840893));
#4342=CARTESIAN_POINT('Ctrl Pts',(-107.649753641529,27.249397865548,36.9149735486041));
#4343=CARTESIAN_POINT('Ctrl Pts',(-107.623391862959,27.6661527513785,36.9306015633587));
#4344=CARTESIAN_POINT('Ctrl Pts',(-107.597030084388,28.0744206419664,37.1722312379108));
#4345=CARTESIAN_POINT('Ctrl Pts',(-107.570668305817,28.2886701959321,37.5300519581758));
#4346=CARTESIAN_POINT('Ctrl Pts',(-107.544306527246,28.5029197498978,37.8878726784409));
#4347=CARTESIAN_POINT('Ctrl Pts',(-107.517944748675,28.5231509672412,38.3618844444189));
#4348=CARTESIAN_POINT('Ctrl Pts',(-107.491582970104,28.3401079006004,38.7366234952141));
#4349=CARTESIAN_POINT('Ctrl Pts',(-107.465221191533,28.1570648339596,39.1113625460094));
#4350=CARTESIAN_POINT('Ctrl Pts',(-107.438859412962,27.7707474833346,39.3868288816217));
#4351=CARTESIAN_POINT('Ctrl Pts',(-107.412497634391,27.3568675150197,39.4378744886908));
#4352=CARTESIAN_POINT('Ctrl Pts',(-107.38613585582,26.9429875467048,39.48892009576));
#4353=CARTESIAN_POINT('Ctrl Pts',(-107.359774077249,26.5015449607,39.3155449742858));
#4354=CARTESIAN_POINT('Ctrl Pts',(-107.333412298678,26.2328908408255,38.9964453153301));
#4355=CARTESIAN_POINT('Ctrl Pts',(-107.307050520107,25.964236720951,38.6773456563743));
#4356=CARTESIAN_POINT('Ctrl Pts',(-107.280688741536,25.8683710672069,38.212521459937));
#4357=CARTESIAN_POINT('Ctrl Pts',(-107.254326962965,25.9894416616961,37.8135051020992));
#4358=CARTESIAN_POINT('Ctrl Pts',(-107.227965184394,26.1105122561853,37.4144887442614));
#4359=CARTESIAN_POINT('Ctrl Pts',(-107.201603405824,26.4485190989078,37.0812802250232));
#4360=CARTESIAN_POINT('Ctrl Pts',(-107.175241627253,26.8483258085457,36.9649720178831));
#4361=CARTESIAN_POINT('Ctrl Pts',(-107.167739957475,26.9620972637776,36.931874639418));
#4362=CARTESIAN_POINT('Ctrl Pts',(-107.160238287698,27.080873141988,36.9163413911053));
#4363=CARTESIAN_POINT('Ctrl Pts',(-107.15273661792,27.1999062493688,36.9173555188992));
#4364=CARTESIAN_POINT('Ctrl Pts',(-107.289575965159,27.2020904871459,36.9181749188033));
#4365=CARTESIAN_POINT('Ctrl Pts',(-107.303314283484,26.9829345286982,36.9183851728538));
#4366=CARTESIAN_POINT('Ctrl Pts',(-107.317052601809,26.7636700069497,36.972597519363));
#4367=CARTESIAN_POINT('Ctrl Pts',(-107.330790920135,26.5748239170373,37.0801910571166));
#4368=CARTESIAN_POINT('Ctrl Pts',(-107.357152698706,26.2124565087108,37.2866469675702));
#4369=CARTESIAN_POINT('Ctrl Pts',(-107.383514477276,25.962089374768,37.6896517369034));
#4370=CARTESIAN_POINT('Ctrl Pts',(-107.409876255847,25.9374784527788,38.1059844226498));
#4371=CARTESIAN_POINT('Ctrl Pts',(-107.436238034418,25.9128675307896,38.5223171083963));
#4372=CARTESIAN_POINT('Ctrl Pts',(-107.462599812989,26.1140128207539,38.951977710556));
#4373=CARTESIAN_POINT('Ctrl Pts',(-107.48896159156,26.4495099154092,39.1997086838991));
#4374=CARTESIAN_POINT('Ctrl Pts',(-107.515323370131,26.7850070100645,39.4474396572422));
#4375=CARTESIAN_POINT('Ctrl Pts',(-107.541685148702,27.2548559094108,39.5132410017688));
#4376=CARTESIAN_POINT('Ctrl Pts',(-107.568046927273,27.6455003255265,39.3671941907319));
#4377=CARTESIAN_POINT('Ctrl Pts',(-107.594408705844,28.0361447416421,39.2211473796951));
#4378=CARTESIAN_POINT('Ctrl Pts',(-107.620770484415,28.3475846745271,38.8632524130948));
#4379=CARTESIAN_POINT('Ctrl Pts',(-107.647132262986,28.438273342971,38.456179301101));
#4380=CARTESIAN_POINT('Ctrl Pts',(-107.673494041557,28.5289620114148,38.0491061891072));
#4381=CARTESIAN_POINT('Ctrl Pts',(-107.699855820128,28.3988994154174,37.5928549317198));
#4382=CARTESIAN_POINT('Ctrl Pts',(-107.726217598699,28.1071972248762,37.294791330001));
#4383=CARTESIAN_POINT('Ctrl Pts',(-107.747337054185,27.8735031510124,37.0560008799638));
#4384=CARTESIAN_POINT('Ctrl Pts',(-107.768456509672,27.5360648904544,36.9187390790717));
#4385=CARTESIAN_POINT('Ctrl Pts',(-107.789575965159,27.2008302597513,36.915695504062));
#4386=CARTESIAN_POINT('Origin',(-108.59615629154,27.2019247345675,38.1807413664703));
#4387=CARTESIAN_POINT('',(-108.289575965159,27.2027365905266,36.9148153790943));
#4388=CARTESIAN_POINT('',(-108.15273661792,27.2027694899927,36.9175289266997));
#4389=CARTESIAN_POINT('',(-108.59615629154,27.2019247345675,36.9162413664703));
#4390=CARTESIAN_POINT('',(-108.59615629154,28.0271360335037,39.1388575191929));
#4391=CARTESIAN_POINT('Ctrl Pts',(-108.289575965159,27.2027365905266,36.9148153790943));
#4392=CARTESIAN_POINT('Ctrl Pts',(-108.312684071573,26.8366504969318,36.9175794740123));
#4393=CARTESIAN_POINT('Ctrl Pts',(-108.335792177987,26.4683863655433,37.0853219483954));
#4394=CARTESIAN_POINT('Ctrl Pts',(-108.358900284401,26.2328905163788,37.3650371342275));
#4395=CARTESIAN_POINT('Ctrl Pts',(-108.385262062972,25.9642363342136,37.6841368328231));
#4396=CARTESIAN_POINT('Ctrl Pts',(-108.411623841543,25.8683707315394,38.1489611384479));
#4397=CARTESIAN_POINT('Ctrl Pts',(-108.437985620114,25.9894411862949,38.5479773745718));
#4398=CARTESIAN_POINT('Ctrl Pts',(-108.464347398685,26.1105116410504,38.9469936106957));
#4399=CARTESIAN_POINT('Ctrl Pts',(-108.490709177256,26.4485181532355,39.2802017773188));
#4400=CARTESIAN_POINT('Ctrl Pts',(-108.517070955827,26.8483250166577,39.3965100789546));
#4401=CARTESIAN_POINT('Ctrl Pts',(-108.543432734398,27.2481318800798,39.5128183805904));
#4402=CARTESIAN_POINT('Ctrl Pts',(-108.569794512969,27.7097390947391,39.4122268172389));
#4403=CARTESIAN_POINT('Ctrl Pts',(-108.59615629154,28.0271360335038,39.1388575191929));
#4404=CARTESIAN_POINT('',(-108.59615629154,28.0285297120189,37.2207506715315));
#4405=CARTESIAN_POINT('Origin',(-108.59615629154,27.2019247345675,38.1807413664703));
#4406=CARTESIAN_POINT('Ctrl Pts',(-108.59615629154,28.0285315012433,37.2207482649673));
#4407=CARTESIAN_POINT('Ctrl Pts',(-108.570668305817,28.3334132261978,37.484620807498));
#4408=CARTESIAN_POINT('Ctrl Pts',(-108.545180320094,28.5028559741157,37.90739407631));
#4409=CARTESIAN_POINT('Ctrl Pts',(-108.51969233437,28.4621003700884,38.3086358035873));
#4410=CARTESIAN_POINT('Ctrl Pts',(-108.4933305558,28.4199475605033,38.7236331157656));
#4411=CARTESIAN_POINT('Ctrl Pts',(-108.466968777229,28.1529370883188,39.1155972687549));
#4412=CARTESIAN_POINT('Ctrl Pts',(-108.440606998658,27.7822480374116,39.3066258260727));
#4413=CARTESIAN_POINT('Ctrl Pts',(-108.414245220087,27.4115589865044,39.4976543833906));
#4414=CARTESIAN_POINT('Ctrl Pts',(-108.387883441516,26.9371913568745,39.4877473450369));
#4415=CARTESIAN_POINT('Ctrl Pts',(-108.361521662945,26.5748240098437,39.2812914750744));
#4416=CARTESIAN_POINT('Ctrl Pts',(-108.335159884374,26.2124566628128,39.0748356051119));
#4417=CARTESIAN_POINT('Ctrl Pts',(-108.308798105803,25.962089598381,38.6718309035405));
#4418=CARTESIAN_POINT('Ctrl Pts',(-108.282436327232,25.9374786875792,38.2554982933657));
#4419=CARTESIAN_POINT('Ctrl Pts',(-108.256074548661,25.9128677767773,37.8391656831908));
#4420=CARTESIAN_POINT('Ctrl Pts',(-108.22971277009,26.1140130196055,37.4095051644125));
#4421=CARTESIAN_POINT('Ctrl Pts',(-108.203350991519,26.4495100502829,37.1617742375678));
#4422=CARTESIAN_POINT('Ctrl Pts',(-108.186479533653,26.6642271264515,37.0032272001135));
#4423=CARTESIAN_POINT('Ctrl Pts',(-108.169608075787,26.933974170313,36.9191978131256));
#4424=CARTESIAN_POINT('Ctrl Pts',(-108.15273661792,27.2027694899927,36.9175289266997));
#4425=CARTESIAN_POINT('Origin',(102.618003576706,13.1999997049576,38.1999991461636));
#4426=CARTESIAN_POINT('',(101.311423250326,13.2001654140669,39.4625549041544));
#4427=CARTESIAN_POINT('',(101.174583903087,13.1980064494542,39.4634059122608));
#4428=CARTESIAN_POINT('',(102.618003576706,13.1999997049576,39.4644991461636));
#4429=CARTESIAN_POINT('',(101.118003576706,14.0252110038915,39.1581152988882));
#4430=CARTESIAN_POINT('Ctrl Pts',(101.174583903087,13.1980064494542,39.4634059122608));
#4431=CARTESIAN_POINT('Ctrl Pts',(101.155723794293,13.4972594428624,39.4608477476343));
#4432=CARTESIAN_POINT('Ctrl Pts',(101.1368636855,13.7981344893188,39.3536929488579));
#4433=CARTESIAN_POINT('Ctrl Pts',(101.118003576706,14.0252110038914,39.1581152988883));
#4434=CARTESIAN_POINT('',(101.118003576707,14.0265824934611,37.2400116876302));
#4435=CARTESIAN_POINT('Origin',(101.118003576706,13.1999997049576,38.1999991461636));
#4436=CARTESIAN_POINT('Ctrl Pts',(101.118003576706,14.0265846067207,37.2400088042259));
#4437=CARTESIAN_POINT('Ctrl Pts',(101.14349156243,14.3314735449293,37.503882107394));
#4438=CARTESIAN_POINT('Ctrl Pts',(101.168979548153,14.5009115869322,37.9266526959782));
#4439=CARTESIAN_POINT('Ctrl Pts',(101.194467533876,14.4601570172279,38.327891495604));
#4440=CARTESIAN_POINT('Ctrl Pts',(101.220829312447,14.4180052774249,38.7428857797635));
#4441=CARTESIAN_POINT('Ctrl Pts',(101.247191091018,14.1510020155869,39.1348466400548));
#4442=CARTESIAN_POINT('Ctrl Pts',(101.273552869588,13.7803176491024,39.3258738457898));
#4443=CARTESIAN_POINT('Ctrl Pts',(101.286176329834,13.6028137166022,39.4173481114947));
#4444=CARTESIAN_POINT('Ctrl Pts',(101.29879979008,13.4015355227066,39.4627479334246));
#4445=CARTESIAN_POINT('Ctrl Pts',(101.311423250326,13.2001654140669,39.4625549041544));
#4446=CARTESIAN_POINT('Origin',(102.618003576706,13.1999997049576,38.1999991461636));
#4447=CARTESIAN_POINT('',(101.811423250326,13.1989052150841,39.4650346013148));
#4448=CARTESIAN_POINT('',(101.674583903087,13.2002891061754,39.4665657810664));
#4449=CARTESIAN_POINT('',(102.618003576706,13.1999997049576,39.4644991461636));
#4450=CARTESIAN_POINT('Ctrl Pts',(101.674583903087,13.2002891061754,39.4665657810664));
#4451=CARTESIAN_POINT('Ctrl Pts',(101.673589577623,13.2160221020713,39.4666142415547));
#4452=CARTESIAN_POINT('Ctrl Pts',(101.67259525216,13.2317533952173,39.4663463066778));
#4453=CARTESIAN_POINT('Ctrl Pts',(101.671600926696,13.2474726136054,39.4657568458736));
#4454=CARTESIAN_POINT('Ctrl Pts',(101.645239148125,13.6642240392121,39.4501289294949));
#4455=CARTESIAN_POINT('Ctrl Pts',(101.618877369554,14.0724881419715,39.2085010894319));
#4456=CARTESIAN_POINT('Ctrl Pts',(101.592515590983,14.2867362480887,38.8506833675226));
#4457=CARTESIAN_POINT('Ctrl Pts',(101.566153812412,14.5009843542058,38.4928656456134));
#4458=CARTESIAN_POINT('Ctrl Pts',(101.539792033842,14.5212164636806,38.018858041858));
#4459=CARTESIAN_POINT('Ctrl Pts',(101.513430255271,14.3381745667983,37.6441219215101));
#4460=CARTESIAN_POINT('Ctrl Pts',(101.4870684767,14.155132669916,37.2693858011622));
#4461=CARTESIAN_POINT('Ctrl Pts',(101.460706698129,13.7688167666766,36.9939211642218));
#4462=CARTESIAN_POINT('Ctrl Pts',(101.434344919558,13.3549414168825,36.9428770757299));
#4463=CARTESIAN_POINT('Ctrl Pts',(101.407983140987,12.9410660670883,36.891832987238));
#4464=CARTESIAN_POINT('Ctrl Pts',(101.381621362416,12.4996312707393,37.0652094471946));
#4465=CARTESIAN_POINT('Ctrl Pts',(101.355259583845,12.2309797338764,37.3843072131526));
#4466=CARTESIAN_POINT('Ctrl Pts',(101.328897805274,11.9623281970135,37.7034049791105));
#4467=CARTESIAN_POINT('Ctrl Pts',(101.302536026703,11.8664599196368,38.1682240510697));
#4468=CARTESIAN_POINT('Ctrl Pts',(101.276174248132,11.9875367924621,38.5672459393422));
#4469=CARTESIAN_POINT('Ctrl Pts',(101.249812469561,12.1086136652874,38.9662678276147));
#4470=CARTESIAN_POINT('Ctrl Pts',(101.22345069099,12.4466356883149,39.2994925322005));
#4471=CARTESIAN_POINT('Ctrl Pts',(101.197088912419,12.8464357882746,39.4157967245302));
#4472=CARTESIAN_POINT('Ctrl Pts',(101.189587242642,12.9602053626161,39.4488929605162));
#4473=CARTESIAN_POINT('Ctrl Pts',(101.182085572864,13.0789775954292,39.4644234305835));
#4474=CARTESIAN_POINT('Ctrl Pts',(101.174583903087,13.1980064494542,39.4634059122608));
#4475=CARTESIAN_POINT('Ctrl Pts',(101.311423250326,13.2001654140669,39.4625549041544));
#4476=CARTESIAN_POINT('Ctrl Pts',(101.325161568651,12.9810110301016,39.4623448272413));
#4477=CARTESIAN_POINT('Ctrl Pts',(101.338899886976,12.761747779326,39.4081330954678));
#4478=CARTESIAN_POINT('Ctrl Pts',(101.352638205301,12.5729030892637,39.300540499613));
#4479=CARTESIAN_POINT('Ctrl Pts',(101.378999983872,12.2105383670406,39.0940863965225));
#4480=CARTESIAN_POINT('Ctrl Pts',(101.405361762443,11.9601743937252,38.6910846391628));
#4481=CARTESIAN_POINT('Ctrl Pts',(101.431723541014,11.9355639776172,38.2747553311855));
#4482=CARTESIAN_POINT('Ctrl Pts',(101.458085319585,11.9109535615092,37.8584260232082));
#4483=CARTESIAN_POINT('Ctrl Pts',(101.484447098156,12.1120967026084,37.4287691646132));
#4484=CARTESIAN_POINT('Ctrl Pts',(101.510808876727,12.4475909220748,37.1810402744581));
#4485=CARTESIAN_POINT('Ctrl Pts',(101.537170655298,12.7830851415411,36.933311384303));
#4486=CARTESIAN_POINT('Ctrl Pts',(101.563532433869,13.2529304393746,36.8675104625877));
#4487=CARTESIAN_POINT('Ctrl Pts',(101.58989421244,13.6435717058917,37.0135560463349));
#4488=CARTESIAN_POINT('Ctrl Pts',(101.616255991011,14.0342129724088,37.1596016300821));
#4489=CARTESIAN_POINT('Ctrl Pts',(101.642617769582,14.3456502076095,37.5174937192918));
#4490=CARTESIAN_POINT('Ctrl Pts',(101.668979548153,14.4363381030732,37.9245634970987));
#4491=CARTESIAN_POINT('Ctrl Pts',(101.695341326723,14.527025998537,38.3316332749057));
#4492=CARTESIAN_POINT('Ctrl Pts',(101.721703105294,14.3969645542637,38.78788074131));
#4493=CARTESIAN_POINT('Ctrl Pts',(101.748064883865,14.1052647708802,39.0859418825017));
#4494=CARTESIAN_POINT('Ctrl Pts',(101.769184339352,13.871572625485,39.3247303613139));
#4495=CARTESIAN_POINT('Ctrl Pts',(101.790303794839,13.5341370991632,39.4619910448998));
#4496=CARTESIAN_POINT('Ctrl Pts',(101.811423250326,13.1989052150841,39.4650346013148));
#4497=CARTESIAN_POINT('Origin',(102.618003576706,13.1999997049576,38.1999991461636));
#4498=CARTESIAN_POINT('',(102.311423250326,13.2008123558374,39.4659132306438));
#4499=CARTESIAN_POINT('',(102.174583903087,13.2008443943911,39.463201439269));
#4500=CARTESIAN_POINT('',(102.618003576706,13.1999997049576,39.4644991461636));
#4501=CARTESIAN_POINT('',(102.618003576706,14.025211003894,37.2418829934413));
#4502=CARTESIAN_POINT('Ctrl Pts',(102.311423250326,13.2008123558374,39.4659132306438));
#4503=CARTESIAN_POINT('Ctrl Pts',(102.33453135674,12.834731003745,39.4631478518055));
#4504=CARTESIAN_POINT('Ctrl Pts',(102.357639463154,12.4664732969786,39.2954045326908));
#4505=CARTESIAN_POINT('Ctrl Pts',(102.380747569568,12.2309797726922,39.0156910460782));
#4506=CARTESIAN_POINT('Ctrl Pts',(102.407109348139,11.9623282427531,38.6965932859562));
#4507=CARTESIAN_POINT('Ctrl Pts',(102.43347112671,11.8664599567766,38.2317742295786));
#4508=CARTESIAN_POINT('Ctrl Pts',(102.459832905281,11.9875368479013,37.8327523250162));
#4509=CARTESIAN_POINT('Ctrl Pts',(102.486194683852,12.108613739026,37.4337304204538));
#4510=CARTESIAN_POINT('Ctrl Pts',(102.512556462422,12.446635807252,37.1005056677065));
#4511=CARTESIAN_POINT('Ctrl Pts',(102.538918240993,12.8464358887778,36.9842014864419));
#4512=CARTESIAN_POINT('Ctrl Pts',(102.565280019564,13.2462359703037,36.8678973051772));
#4513=CARTESIAN_POINT('Ctrl Pts',(102.591641798135,13.7078140651295,36.9685136953951));
#4514=CARTESIAN_POINT('Ctrl Pts',(102.618003576706,14.025211003894,37.2418829934413));
#4515=CARTESIAN_POINT('',(102.618003576706,14.0265825536293,39.1599866144495));
#4516=CARTESIAN_POINT('Origin',(102.618003576706,13.1999997049576,38.1999991461636));
#4517=CARTESIAN_POINT('Ctrl Pts',(102.618003576706,14.02658466599,39.1599894965129));
#4518=CARTESIAN_POINT('Ctrl Pts',(102.592515590983,14.3314735832221,38.8961161956843));
#4519=CARTESIAN_POINT('Ctrl Pts',(102.56702760526,14.5009116399979,38.4733455993175));
#4520=CARTESIAN_POINT('Ctrl Pts',(102.541539619537,14.4601570679445,38.0721067912581));
#4521=CARTESIAN_POINT('Ctrl Pts',(102.515177840966,14.4180053257119,37.6571124983758));
#4522=CARTESIAN_POINT('Ctrl Pts',(102.488816062395,14.151002043128,37.2651516286653));
#4523=CARTESIAN_POINT('Ctrl Pts',(102.462454283824,13.7803176634578,37.0741244190701));
#4524=CARTESIAN_POINT('Ctrl Pts',(102.436092505253,13.4096332837876,36.8830972094749));
#4525=CARTESIAN_POINT('Ctrl Pts',(102.409730726682,12.935267807031,36.8930036599949));
#4526=CARTESIAN_POINT('Ctrl Pts',(102.383368948112,12.572903077553,37.0994577680626));
#4527=CARTESIAN_POINT('Ctrl Pts',(102.357007169541,12.210538348075,37.3059118761302));
#4528=CARTESIAN_POINT('Ctrl Pts',(102.33064539097,11.9601743658755,37.7089136417454));
#4529=CARTESIAN_POINT('Ctrl Pts',(102.304283612399,11.9355639483497,38.1252429590367));
#4530=CARTESIAN_POINT('Ctrl Pts',(102.277921833828,11.9109535308239,38.5415722763281));
#4531=CARTESIAN_POINT('Ctrl Pts',(102.251560055257,12.1120966779718,38.9712291452956));
#4532=CARTESIAN_POINT('Ctrl Pts',(102.225198276686,12.4475909054103,39.2189580412101));
#4533=CARTESIAN_POINT('Ctrl Pts',(102.20832681882,12.6623061875146,39.3775037788754));
#4534=CARTESIAN_POINT('Ctrl Pts',(102.191455360953,12.9320511474987,39.4615325291613));
#4535=CARTESIAN_POINT('Ctrl Pts',(102.174583903087,13.2008443943911,39.463201439269));
#4536=CARTESIAN_POINT('Origin',(102.618003576706,27.2019247345686,38.1813549405076));
#4537=CARTESIAN_POINT('',(101.311423250326,27.202090433137,39.4439181181606));
#4538=CARTESIAN_POINT('',(101.174583903087,27.1999134207148,39.4447467160505));
#4539=CARTESIAN_POINT('',(102.618003576706,27.2019247345686,39.4458549405076));
#4540=CARTESIAN_POINT('',(101.118003576706,28.027136033503,39.1394710932319));
#4541=CARTESIAN_POINT('Ctrl Pts',(101.174583903087,27.1999134207148,39.4447467160505));
#4542=CARTESIAN_POINT('Ctrl Pts',(101.155723794293,27.4991740582055,39.4421946510011));
#4543=CARTESIAN_POINT('Ctrl Pts',(101.1368636855,27.8000595189303,39.3350487432018));
#4544=CARTESIAN_POINT('Ctrl Pts',(101.118003576706,28.0271360335029,39.1394710932319));
#4545=CARTESIAN_POINT('',(101.118003576707,28.0285231108126,37.2213651379865));
#4546=CARTESIAN_POINT('Origin',(101.118003576706,27.2019247345686,38.1813549405076));
#4547=CARTESIAN_POINT('Ctrl Pts',(101.118003576706,28.0285249946454,37.2213625933222));
#4548=CARTESIAN_POINT('Ctrl Pts',(101.14349156243,28.3334087638221,37.4852353423564));
#4549=CARTESIAN_POINT('Ctrl Pts',(101.168979548153,28.5028502530805,37.9080078502545));
#4550=CARTESIAN_POINT('Ctrl Pts',(101.194467533876,28.4620949887903,38.3092487418382));
#4551=CARTESIAN_POINT('Ctrl Pts',(101.220829312447,28.4199425305893,38.7242451896733));
#4552=CARTESIAN_POINT('Ctrl Pts',(101.247191091017,28.152934119658,39.1162083983242));
#4553=CARTESIAN_POINT('Ctrl Pts',(101.273552869588,27.7822464284528,39.3072365676245));
#4554=CARTESIAN_POINT('Ctrl Pts',(101.286176329834,27.6047409038946,39.3987112947373));
#4555=CARTESIAN_POINT('Ctrl Pts',(101.29879979008,27.4034615362728,39.4441112605391));
#4556=CARTESIAN_POINT('Ctrl Pts',(101.311423250326,27.202090433137,39.4439181181606));
#4557=CARTESIAN_POINT('Origin',(102.618003576706,27.2019247345686,38.1813549405076));
#4558=CARTESIAN_POINT('',(101.811423250326,27.2008302555652,39.4463976258935));
#4559=CARTESIAN_POINT('',(101.674583903087,27.2022140150085,39.4479287878267));
#4560=CARTESIAN_POINT('',(102.618003576706,27.2019247345686,39.4458549405076));
#4561=CARTESIAN_POINT('Ctrl Pts',(101.674583903087,27.2022140150085,39.4479287878267));
#4562=CARTESIAN_POINT('Ctrl Pts',(101.673589577623,27.2179471032552,39.4479772491984));
#4563=CARTESIAN_POINT('Ctrl Pts',(101.67259525216,27.2336784891276,39.4477093134725));
#4564=CARTESIAN_POINT('Ctrl Pts',(101.671600926696,27.2493978005824,39.4471198500616));
#4565=CARTESIAN_POINT('Ctrl Pts',(101.645239148125,27.6661516935907,39.4314918645761));
#4566=CARTESIAN_POINT('Ctrl Pts',(101.618877369554,28.0744185028601,39.1898627200481));
#4567=CARTESIAN_POINT('Ctrl Pts',(101.592515590983,28.2886676390409,38.8320428620821));
#4568=CARTESIAN_POINT('Ctrl Pts',(101.566153812412,28.5029167752217,38.4742230041161));
#4569=CARTESIAN_POINT('Ctrl Pts',(101.539792033841,28.5231482383138,38.000212432712));
#4570=CARTESIAN_POINT('Ctrl Pts',(101.51343025527,28.3401055169608,37.6254742318003));
#4571=CARTESIAN_POINT('Ctrl Pts',(101.4870684767,28.1570627956077,37.2507360308885));
#4572=CARTESIAN_POINT('Ctrl Pts',(101.460706698129,27.7707458898094,36.9752702004692));
#4573=CARTESIAN_POINT('Ctrl Pts',(101.434344919558,27.3568672509528,36.9242250348322));
#4574=CARTESIAN_POINT('Ctrl Pts',(101.407983140987,26.9429886120963,36.8731798691952));
#4575=CARTESIAN_POINT('Ctrl Pts',(101.381621362416,26.5015482401815,37.0465553683405));
#4576=CARTESIAN_POINT('Ctrl Pts',(101.355259583845,26.2328948904793,37.3656545161327));
#4577=CARTESIAN_POINT('Ctrl Pts',(101.328897805274,25.964241540777,37.6847536639249));
#4578=CARTESIAN_POINT('Ctrl Pts',(101.302536026703,25.8683752132873,38.149576460364));
#4579=CARTESIAN_POINT('Ctrl Pts',(101.276174248132,25.9894475765674,38.5485943641621));
#4580=CARTESIAN_POINT('Ctrl Pts',(101.249812469561,26.1105199398475,38.9476122679602));
#4581=CARTESIAN_POINT('Ctrl Pts',(101.22345069099,26.4485309938974,39.2808252791172));
#4582=CARTESIAN_POINT('Ctrl Pts',(101.197088912419,26.8483357826199,39.3971323099465));
#4583=CARTESIAN_POINT('Ctrl Pts',(101.189587242642,26.9621066912245,39.4302293536733));
#4584=CARTESIAN_POINT('Ctrl Pts',(101.182085572864,27.0808815262314,39.4457618082465));
#4585=CARTESIAN_POINT('Ctrl Pts',(101.174583903087,27.1999134207148,39.4447467160505));
#4586=CARTESIAN_POINT('Ctrl Pts',(101.311423250326,27.202090433137,39.4439181181606));
#4587=CARTESIAN_POINT('Ctrl Pts',(101.325161568651,26.9829349668456,39.4437079181501));
#4588=CARTESIAN_POINT('Ctrl Pts',(101.338899886976,26.7636708460298,39.3894957589036));
#4589=CARTESIAN_POINT('Ctrl Pts',(101.352638205301,26.5748251900021,39.281902509259));
#4590=CARTESIAN_POINT('Ctrl Pts',(101.378999983872,26.2124586142356,39.0754471516435));
#4591=CARTESIAN_POINT('Ctrl Pts',(101.405361762443,25.9620924341816,38.6724433064628));
#4592=CARTESIAN_POINT('Ctrl Pts',(101.431723541014,25.9374816654137,38.2561116529827));
#4593=CARTESIAN_POINT('Ctrl Pts',(101.458085319585,25.9128708966459,37.8397799995025));
#4594=CARTESIAN_POINT('Ctrl Pts',(101.484447098156,26.1140155391643,37.4101205377228));
#4595=CARTESIAN_POINT('Ctrl Pts',(101.510808876727,26.449511758549,37.1623901999501));
#4596=CARTESIAN_POINT('Ctrl Pts',(101.537170655298,26.7850079779337,36.9146598621774));
#4597=CARTESIAN_POINT('Ctrl Pts',(101.563532433869,27.2548557741848,36.8488586484116));
#4598=CARTESIAN_POINT('Ctrl Pts',(101.58989421244,27.6454992281283,36.9949050851801));
#4599=CARTESIAN_POINT('Ctrl Pts',(101.616255991011,28.0361426820718,37.1409515219486));
#4600=CARTESIAN_POINT('Ctrl Pts',(101.642617769582,28.3475817937076,37.4988456092513));
#4601=CARTESIAN_POINT('Ctrl Pts',(101.668979548152,28.4382702266536,37.9059177032535));
#4602=CARTESIAN_POINT('Ctrl Pts',(101.695341326723,28.5289586595997,38.3129897972558));
#4603=CARTESIAN_POINT('Ctrl Pts',(101.721703105294,28.3988964138561,38.7692398979575));
#4604=CARTESIAN_POINT('Ctrl Pts',(101.748064883865,28.1071949580376,39.0673027486735));
#4605=CARTESIAN_POINT('Ctrl Pts',(101.769184339352,27.8735014727892,39.3060925970528));
#4606=CARTESIAN_POINT('Ctrl Pts',(101.790303794839,27.536064047608,39.4433540566639));
#4607=CARTESIAN_POINT('Ctrl Pts',(101.811423250326,27.2008302555652,39.4463976258935));
#4608=CARTESIAN_POINT('Origin',(102.618003576706,27.2019247345686,38.1813549405076));
#4609=CARTESIAN_POINT('',(102.311423250326,27.2027368796593,39.4472772503106));
#4610=CARTESIAN_POINT('',(102.174583903087,27.2027694710302,39.4445644633522));
#4611=CARTESIAN_POINT('',(102.618003576706,27.2019247345686,39.4458549405076));
#4612=CARTESIAN_POINT('',(102.618003576706,28.0271360335051,37.2232387877852));
#4613=CARTESIAN_POINT('Ctrl Pts',(102.311423250326,27.2027368796593,39.4472772503106));
#4614=CARTESIAN_POINT('Ctrl Pts',(102.33453135674,26.8366522297949,39.4445127608984));
#4615=CARTESIAN_POINT('Ctrl Pts',(102.357639463154,26.4683900415484,39.276770030716));
#4616=CARTESIAN_POINT('Ctrl Pts',(102.380747569568,26.2328949283582,38.9970553320239));
#4617=CARTESIAN_POINT('Ctrl Pts',(102.407109348139,25.9642415857942,38.6779561891587));
#4618=CARTESIAN_POINT('Ctrl Pts',(102.43347112671,25.8683752516773,38.2131334061475));
#4619=CARTESIAN_POINT('Ctrl Pts',(102.459832905281,25.9894476317214,37.814115487652));
#4620=CARTESIAN_POINT('Ctrl Pts',(102.486194683852,26.1105200117654,37.4150975691565));
#4621=CARTESIAN_POINT('Ctrl Pts',(102.512556462423,26.4485311059702,37.0818845151768));
#4622=CARTESIAN_POINT('Ctrl Pts',(102.538918240993,26.848335876714,36.9655774953225));
#4623=CARTESIAN_POINT('Ctrl Pts',(102.565280019564,27.2481406474578,36.8492704754681));
#4624=CARTESIAN_POINT('Ctrl Pts',(102.591641798135,27.7097390947405,36.9498694897391));
#4625=CARTESIAN_POINT('Ctrl Pts',(102.618003576706,28.0271360335051,37.2232387877852));
#4626=CARTESIAN_POINT('',(102.618003576706,28.0285231716183,39.1413447515077));
#4627=CARTESIAN_POINT('Origin',(102.618003576706,27.2019247345686,38.1813549405076));
#4628=CARTESIAN_POINT('Ctrl Pts',(102.618003576706,28.0285250545733,39.1413472948839));
#4629=CARTESIAN_POINT('Ctrl Pts',(102.592515590983,28.3334088045538,38.8774745478238));
#4630=CARTESIAN_POINT('Ctrl Pts',(102.56702760526,28.5028503059049,38.4547020327874));
#4631=CARTESIAN_POINT('Ctrl Pts',(102.541539619537,28.4620950385988,38.0534611333793));
#4632=CARTESIAN_POINT('Ctrl Pts',(102.515177840966,28.4199425772785,37.6384646774515));
#4633=CARTESIAN_POINT('Ctrl Pts',(102.488816062395,28.1529341470658,37.2465014599739));
#4634=CARTESIAN_POINT('Ctrl Pts',(102.462454283824,27.7822464432166,37.0554732870472));
#4635=CARTESIAN_POINT('Ctrl Pts',(102.436092505253,27.4115587393675,36.8644451141205));
#4636=CARTESIAN_POINT('Ctrl Pts',(102.409730726682,26.9371917618819,36.8743519857449));
#4637=CARTESIAN_POINT('Ctrl Pts',(102.383368948111,26.5748251789762,37.0808073481266));
#4638=CARTESIAN_POINT('Ctrl Pts',(102.357007169541,26.2124585960706,37.2872627105083));
#4639=CARTESIAN_POINT('Ctrl Pts',(102.33064539097,25.9620924077449,37.6902665636474));
#4640=CARTESIAN_POINT('Ctrl Pts',(102.304283612399,25.9374816376502,38.1065982260326));
#4641=CARTESIAN_POINT('Ctrl Pts',(102.277921833828,25.9128708675556,38.5229298884177));
#4642=CARTESIAN_POINT('Ctrl Pts',(102.251560055257,26.1140155156919,38.952589360049));
#4643=CARTESIAN_POINT('Ctrl Pts',(102.225198276686,26.4495117426395,39.2003197033092));
#4644=CARTESIAN_POINT('Ctrl Pts',(102.20832681882,26.6642283044235,39.3588663672713));
#4645=CARTESIAN_POINT('Ctrl Pts',(102.191455360953,26.9339747482792,39.4428955706404));
#4646=CARTESIAN_POINT('Ctrl Pts',(102.174583903087,27.2027694710302,39.4445644633522));
#4647=CARTESIAN_POINT('Origin',(103.722215300295,27.2019247345686,38.1813549405076));
#4648=CARTESIAN_POINT('',(101.513791853118,27.2022777276242,39.7268855426533));
#4649=CARTESIAN_POINT('',(101.472215300295,27.202126927444,39.7219915424203));
#4650=CARTESIAN_POINT('',(103.722215300295,27.2019247345686,39.7243549405077));
#4651=CARTESIAN_POINT('',(101.118003576706,25.711275306351,37.7828410986471));
#4652=CARTESIAN_POINT('Ctrl Pts',(101.472215300295,27.202126927444,39.7219915424203));
#4653=CARTESIAN_POINT('Ctrl Pts',(101.459591840049,27.4478490406418,39.7222272234721));
#4654=CARTESIAN_POINT('Ctrl Pts',(101.420606601233,28.2063709576646,39.551137312471));
#4655=CARTESIAN_POINT('Ctrl Pts',(101.355259583845,29.0140207704143,38.3655229306336));
#4656=CARTESIAN_POINT('Ctrl Pts',(101.276174248132,28.3451916077605,36.7620121190781));
#4657=CARTESIAN_POINT('Ctrl Pts',(101.197088912419,26.6356404445373,36.4514622498041));
#4658=CARTESIAN_POINT('Ctrl Pts',(101.144365355277,25.8432917357812,37.2890308607724));
#4659=CARTESIAN_POINT('Ctrl Pts',(101.118003576706,25.711275306351,37.7828410986471));
#4660=CARTESIAN_POINT('',(101.118003576706,25.7112753063492,38.5798687823616));
#4661=CARTESIAN_POINT('Origin',(101.118003576706,27.2019247345686,38.1813549405076));
#4662=CARTESIAN_POINT('Ctrl Pts',(101.513791853118,27.2022777276242,39.7268855426533));
#4663=CARTESIAN_POINT('Ctrl Pts',(101.512797527654,27.2214759523491,39.7269446774075));
#4664=CARTESIAN_POINT('Ctrl Pts',(101.485441423619,27.7496046434849,39.7179496311109));
#4665=CARTESIAN_POINT('Ctrl Pts',(101.431723541014,28.7647666255741,39.117134880266));
#4666=CARTESIAN_POINT('Ctrl Pts',(101.352638205301,28.8388286600966,37.3819075690523));
#4667=CARTESIAN_POINT('Ctrl Pts',(101.273552869588,27.4246246609345,36.3735000332587));
#4668=CARTESIAN_POINT('Ctrl Pts',(101.195341326723,25.8264829490841,37.0011694414624));
#4669=CARTESIAN_POINT('Ctrl Pts',(101.143491562429,25.5826539506725,38.1051718642227));
#4670=CARTESIAN_POINT('Ctrl Pts',(101.118003576706,25.7085850511256,38.5808051801802));
#4671=CARTESIAN_POINT('Origin',(103.722215300295,27.2019247345686,38.1813549405076));
#4672=CARTESIAN_POINT('',(102.013791853118,27.2029555201442,39.7227802420095));
#4673=CARTESIAN_POINT('',(101.972215300295,27.2005892018661,39.725017149721));
#4674=CARTESIAN_POINT('',(103.722215300295,27.2019247345686,39.7243549405077));
#4675=CARTESIAN_POINT('Ctrl Pts',(101.972215300295,27.2005892018661,39.725017149721));
#4676=CARTESIAN_POINT('Ctrl Pts',(101.951095844808,27.609656612797,39.7213032491112));
#4677=CARTESIAN_POINT('Ctrl Pts',(101.903614610751,28.5353765602839,39.3447425545912));
#4678=CARTESIAN_POINT('Ctrl Pts',(101.829771598122,28.9799392790569,37.7852447614483));
#4679=CARTESIAN_POINT('Ctrl Pts',(101.750686262409,27.8398430767935,36.4750891820697));
#4680=CARTESIAN_POINT('Ctrl Pts',(101.671600926696,26.1198545842301,36.7159700191767));
#4681=CARTESIAN_POINT('Ctrl Pts',(101.592515590983,25.3835172570513,38.2888396503179));
#4682=CARTESIAN_POINT('Ctrl Pts',(101.526053715516,26.1537476294155,39.5286468865457));
#4683=CARTESIAN_POINT('Ctrl Pts',(101.48595361862,26.9347035312498,39.7217350468756));
#4684=CARTESIAN_POINT('Ctrl Pts',(101.472215300295,27.202126927444,39.7219915424203));
#4685=CARTESIAN_POINT('Ctrl Pts',(102.013791853118,27.2029555201442,39.7227802420095));
#4686=CARTESIAN_POINT('Ctrl Pts',(102.004301532413,27.3874554083555,39.7239257649409));
#4687=CARTESIAN_POINT('Ctrl Pts',(101.968449433137,28.0830624591806,39.6081222049196));
#4688=CARTESIAN_POINT('Ctrl Pts',(101.906235555291,28.9799393180556,38.577465128381));
#4689=CARTESIAN_POINT('Ctrl Pts',(101.827150219578,28.5038158308608,36.9072541656512));
#4690=CARTESIAN_POINT('Ctrl Pts',(101.748064883865,26.8442555405371,36.395206581962));
#4691=CARTESIAN_POINT('Ctrl Pts',(101.668979548153,25.5098279965299,37.5067826544268));
#4692=CARTESIAN_POINT('Ctrl Pts',(101.590888537903,25.7109541891494,39.2098694780108));
#4693=CARTESIAN_POINT('Ctrl Pts',(101.539159306225,26.7124883344152,39.7253768836106));
#4694=CARTESIAN_POINT('Ctrl Pts',(101.513791853118,27.2022777276242,39.7268855426533));
#4695=CARTESIAN_POINT('Origin',(103.722215300295,27.2019247345686,38.1813549405076));
#4696=CARTESIAN_POINT('',(102.513791853118,27.2008045610831,39.7227255700726));
#4697=CARTESIAN_POINT('',(102.472215300295,27.2029157506817,39.7260905071553));
#4698=CARTESIAN_POINT('',(103.722215300295,27.2019247345686,39.7243549405077));
#4699=CARTESIAN_POINT('',(102.618003576706,25.7112753063501,38.5798687823648));
#4700=CARTESIAN_POINT('Ctrl Pts',(102.618003576706,25.7112753063501,38.5798687823648));
#4701=CARTESIAN_POINT('Ctrl Pts',(102.591641798135,25.8432917357792,39.0736790202398));
#4702=CARTESIAN_POINT('Ctrl Pts',(102.556904556939,26.365335735165,39.6255162545633));
#4703=CARTESIAN_POINT('Ctrl Pts',(102.522167315743,27.0381621341626,39.7239007689201));
#4704=CARTESIAN_POINT('Ctrl Pts',(102.513791853118,27.2008045610831,39.7227255700726));
#4705=CARTESIAN_POINT('',(102.618003576706,25.7085887651625,37.7819059369473));
#4706=CARTESIAN_POINT('Origin',(102.618003576706,27.2019247345686,38.1813549405076));
#4707=CARTESIAN_POINT('Ctrl Pts',(102.618003576706,25.7085851164853,37.7819046668743));
#4708=CARTESIAN_POINT('Ctrl Pts',(102.592515590983,25.5826539980353,38.2575379980195));
#4709=CARTESIAN_POINT('Ctrl Pts',(102.543919498846,25.8111822730155,39.2922621217122));
#4710=CARTESIAN_POINT('Ctrl Pts',(102.495323406709,26.7562027299298,39.7227171523407));
#4711=CARTESIAN_POINT('Ctrl Pts',(102.472215300295,27.2029157506817,39.7260905071553));
#4712=CARTESIAN_POINT('Origin',(103.722215300295,13.1999997049576,38.1999991461636));
#4713=CARTESIAN_POINT('',(101.513791853118,13.200352845392,39.7455209473934));
#4714=CARTESIAN_POINT('',(101.472215300295,13.2002019106956,39.7406266942694));
#4715=CARTESIAN_POINT('',(103.722215300295,13.1999997049576,39.7429991461636));
#4716=CARTESIAN_POINT('',(101.118003576706,11.7093502767401,37.8014853043025));
#4717=CARTESIAN_POINT('Ctrl Pts',(101.472215300295,13.2002019106956,39.7406266942694));
#4718=CARTESIAN_POINT('Ctrl Pts',(101.459591840049,13.4459228103643,39.7408622373014));
#4719=CARTESIAN_POINT('Ctrl Pts',(101.420606601233,14.2044403041966,39.5697728684821));
#4720=CARTESIAN_POINT('Ctrl Pts',(101.355259583845,15.0120745419155,38.3841655899875));
#4721=CARTESIAN_POINT('Ctrl Pts',(101.276174248132,14.3432589689991,36.7806620229958));
#4722=CARTESIAN_POINT('Ctrl Pts',(101.197088912419,12.6336504865194,36.4700994082875));
#4723=CARTESIAN_POINT('Ctrl Pts',(101.144365355277,11.8413667061705,37.3076750664279));
#4724=CARTESIAN_POINT('Ctrl Pts',(101.118003576706,11.7093502767401,37.8014853043025));
#4725=CARTESIAN_POINT('',(101.118003576706,11.709350276738,38.5985129880169));
#4726=CARTESIAN_POINT('Origin',(101.118003576706,13.1999997049576,38.1999991461636));
#4727=CARTESIAN_POINT('Ctrl Pts',(101.513791853118,13.200352845392,39.7455209473934));
#4728=CARTESIAN_POINT('Ctrl Pts',(101.512797527654,13.2195509574262,39.7455800810694));
#4729=CARTESIAN_POINT('Ctrl Pts',(101.485441423619,13.7476765355833,39.7365850632779));
#4730=CARTESIAN_POINT('Ctrl Pts',(101.431723541014,14.7628317878919,39.135773556006));
#4731=CARTESIAN_POINT('Ctrl Pts',(101.352638205301,14.8368961886502,37.4005571085692));
#4732=CARTESIAN_POINT('Ctrl Pts',(101.273552869588,13.4226958595911,36.3921539417861));
#4733=CARTESIAN_POINT('Ctrl Pts',(101.195341326724,11.8245743329001,37.0198268284046));
#4734=CARTESIAN_POINT('Ctrl Pts',(101.14349156243,11.5807409540077,38.1238204986129));
#4735=CARTESIAN_POINT('Ctrl Pts',(101.118003576707,11.7066768828633,38.5994579255465));
#4736=CARTESIAN_POINT('Origin',(103.722215300295,13.1999997049576,38.1999991461636));
#4737=CARTESIAN_POINT('',(102.013791853118,13.2010304331474,39.7414156256113));
#4738=CARTESIAN_POINT('',(101.972215300295,13.198664158991,39.7436525327182));
#4739=CARTESIAN_POINT('',(103.722215300295,13.1999997049576,39.7429991461636));
#4740=CARTESIAN_POINT('Ctrl Pts',(101.972215300295,13.198664158991,39.7436525327182));
#4741=CARTESIAN_POINT('Ctrl Pts',(101.951095844808,13.6077292417383,39.7399386477452));
#4742=CARTESIAN_POINT('Ctrl Pts',(101.903614610751,14.5334439799278,39.3633800821594));
#4743=CARTESIAN_POINT('Ctrl Pts',(101.829771598122,14.9780039592135,37.8038912932473));
#4744=CARTESIAN_POINT('Ctrl Pts',(101.750686262409,13.8379146260825,36.4937430283587));
#4745=CARTESIAN_POINT('Ctrl Pts',(101.671600926696,12.1179352795653,36.7346227963461));
#4746=CARTESIAN_POINT('Ctrl Pts',(101.592515590983,11.3816034486847,38.3074828979166));
#4747=CARTESIAN_POINT('Ctrl Pts',(101.526053715516,12.151827032204,39.54728371114));
#4748=CARTESIAN_POINT('Ctrl Pts',(101.48595361862,12.9327798352045,39.7403703489337));
#4749=CARTESIAN_POINT('Ctrl Pts',(101.472215300295,13.2002019106956,39.7406266942694));
#4750=CARTESIAN_POINT('Ctrl Pts',(102.013791853118,13.2010304331475,39.7414156256113));
#4751=CARTESIAN_POINT('Ctrl Pts',(102.004301532413,13.3855293083338,39.7425611604833));
#4752=CARTESIAN_POINT('Ctrl Pts',(101.968449433137,14.0811325438879,39.6267583318132));
#4753=CARTESIAN_POINT('Ctrl Pts',(101.906235555291,14.9780040001481,38.5961070083448));
#4754=CARTESIAN_POINT('Ctrl Pts',(101.827150219578,14.5018834462975,36.9259056872779));
#4755=CARTESIAN_POINT('Ctrl Pts',(101.748064883865,12.8423324650594,36.4138609758519));
#4756=CARTESIAN_POINT('Ctrl Pts',(101.668979548153,11.5079127770164,37.5254307356312));
#4757=CARTESIAN_POINT('Ctrl Pts',(101.590888537903,11.7090374360036,39.2285077724014));
#4758=CARTESIAN_POINT('Ctrl Pts',(101.539159306225,12.710566327166,39.7440123158551));
#4759=CARTESIAN_POINT('Ctrl Pts',(101.513791853118,13.200352845392,39.7455209473934));
#4760=CARTESIAN_POINT('Origin',(103.722215300295,13.1999997049576,38.1999991461636));
#4761=CARTESIAN_POINT('',(102.513791853118,13.1988406334168,39.7413716454785));
#4762=CARTESIAN_POINT('',(102.472215300295,13.2009913382573,39.744724675901));
#4763=CARTESIAN_POINT('',(103.722215300295,13.1999997049576,39.7429991461636));
#4764=CARTESIAN_POINT('',(102.618003576706,11.709350276739,38.5985129880208));
#4765=CARTESIAN_POINT('Ctrl Pts',(102.618003576706,11.709350276739,38.5985129880208));
#4766=CARTESIAN_POINT('Ctrl Pts',(102.591641798135,11.8413667061681,39.0923232258957));
#4767=CARTESIAN_POINT('Ctrl Pts',(102.556904556939,12.3633679399803,39.6441651013549));
#4768=CARTESIAN_POINT('Ctrl Pts',(102.522167315743,13.0361963300321,39.7425475122129));
#4769=CARTESIAN_POINT('Ctrl Pts',(102.513791853118,13.1988406334168,39.7413716454785));
#4770=CARTESIAN_POINT('',(102.618003576706,11.7066810612618,37.8005417883197));
#4771=CARTESIAN_POINT('Origin',(102.618003576706,13.1999997049576,38.1999991461636));
#4772=CARTESIAN_POINT('Ctrl Pts',(102.618003576706,11.7066769483986,37.8005403345021));
#4773=CARTESIAN_POINT('Ctrl Pts',(102.592515590983,11.5807410000023,38.2761777782158));
#4774=CARTESIAN_POINT('Ctrl Pts',(102.543919498846,11.8092733848858,39.310893693844));
#4775=CARTESIAN_POINT('Ctrl Pts',(102.495323406709,12.7542823415958,39.7413502357686));
#4776=CARTESIAN_POINT('Ctrl Pts',(102.472215300295,13.2009913382573,39.744724675901));
#4777=CARTESIAN_POINT('Origin',(-109.700368015128,27.2019247345675,38.1807413664703));
#4778=CARTESIAN_POINT('',(-107.491944567951,27.2022776702911,36.6352072140248));
#4779=CARTESIAN_POINT('',(-107.450368015128,27.2021269933484,36.6401007743389));
#4780=CARTESIAN_POINT('',(-109.700368015128,27.2019247345675,36.6377413664703));
#4781=CARTESIAN_POINT('',(-107.09615629154,25.7112753063498,38.5792552083305));
#4782=CARTESIAN_POINT('Ctrl Pts',(-107.450368015128,27.2021269933484,36.6401007743389));
#4783=CARTESIAN_POINT('Ctrl Pts',(-107.437744554883,27.4478496583634,36.6398650326963));
#4784=CARTESIAN_POINT('Ctrl Pts',(-107.398759316066,28.2063735698178,36.8109551804485));
#4785=CARTESIAN_POINT('Ctrl Pts',(-107.333412298678,29.0140301073889,37.9965726433565));
#4786=CARTESIAN_POINT('Ctrl Pts',(-107.254326962965,28.3451955920205,39.6000865510852));
#4787=CARTESIAN_POINT('Ctrl Pts',(-107.175241627253,26.6356683671314,39.9106310904554));
#4788=CARTESIAN_POINT('Ctrl Pts',(-107.122518070111,25.8432917357799,39.0730654462052));
#4789=CARTESIAN_POINT('Ctrl Pts',(-107.09615629154,25.7112753063498,38.5792552083305));
#4790=CARTESIAN_POINT('',(-107.09615629154,25.7112753063482,37.7822275246161));
#4791=CARTESIAN_POINT('Origin',(-107.09615629154,27.2019247345675,38.1807413664703));
#4792=CARTESIAN_POINT('Ctrl Pts',(-107.491944567951,27.2022776702911,36.6352072140248));
#4793=CARTESIAN_POINT('Ctrl Pts',(-107.490950242487,27.2214759403859,36.6351480788916));
#4794=CARTESIAN_POINT('Ctrl Pts',(-107.463594138453,27.749605884477,36.6441431383337));
#4795=CARTESIAN_POINT('Ctrl Pts',(-107.409876255847,28.7647705552822,37.2449592070922));
#4796=CARTESIAN_POINT('Ctrl Pts',(-107.330790920135,28.8388316901834,38.9801908913251));
#4797=CARTESIAN_POINT('Ctrl Pts',(-107.251705584422,27.4246260626287,39.9886002764968));
#4798=CARTESIAN_POINT('Ctrl Pts',(-107.173494041557,25.8264763351323,39.3609322355718));
#4799=CARTESIAN_POINT('Ctrl Pts',(-107.121644277263,25.5826488388727,38.2569265234633));
#4800=CARTESIAN_POINT('Ctrl Pts',(-107.09615629154,25.708578038506,37.78129480599));
#4801=CARTESIAN_POINT('Origin',(-109.700368015128,27.2019247345675,38.1807413664703));
#4802=CARTESIAN_POINT('',(-107.991944567951,27.2029555432833,36.6393125056036));
#4803=CARTESIAN_POINT('',(-107.950368015128,27.2005892069745,36.6370752805106));
#4804=CARTESIAN_POINT('',(-109.700368015128,27.2019247345675,36.6377413664703));
#4805=CARTESIAN_POINT('Ctrl Pts',(-107.950368015128,27.2005892069745,36.6370752805106));
#4806=CARTESIAN_POINT('Ctrl Pts',(-107.929248559642,27.6096576412765,36.6407891881737));
#4807=CARTESIAN_POINT('Ctrl Pts',(-107.881767325584,28.5353798805216,37.0173508189578));
#4808=CARTESIAN_POINT('Ctrl Pts',(-107.807924312955,28.9799437964886,38.5768525657407));
#4809=CARTESIAN_POINT('Ctrl Pts',(-107.728838977242,27.8398445878491,39.8870113639951));
#4810=CARTESIAN_POINT('Ctrl Pts',(-107.64975364153,26.119852057146,39.6461300482074));
#4811=CARTESIAN_POINT('Ctrl Pts',(-107.570668305817,25.383512359839,38.0732562424366));
#4812=CARTESIAN_POINT('Ctrl Pts',(-107.50420643035,26.153745666761,36.8334461631318));
#4813=CARTESIAN_POINT('Ctrl Pts',(-107.464106333454,26.9347029966028,36.6403573358256));
#4814=CARTESIAN_POINT('Ctrl Pts',(-107.450368015128,27.2021269933484,36.6401007743389));
#4815=CARTESIAN_POINT('Ctrl Pts',(-107.991944567951,27.2029555432833,36.6393125056036));
#4816=CARTESIAN_POINT('Ctrl Pts',(-107.982454247246,27.3874558412249,36.6381669869868));
#4817=CARTESIAN_POINT('Ctrl Pts',(-107.946602147971,28.0830644354217,36.7539708403038));
#4818=CARTESIAN_POINT('Ctrl Pts',(-107.884388270124,28.9799434659995,37.7846302418144));
#4819=CARTESIAN_POINT('Ctrl Pts',(-107.805302934411,28.5038188013929,39.4548450925197));
#4820=CARTESIAN_POINT('Ctrl Pts',(-107.726217598699,26.8442547492698,39.9668938368898));
#4821=CARTESIAN_POINT('Ctrl Pts',(-107.647132262986,25.5098240418696,38.8553152157787));
#4822=CARTESIAN_POINT('Ctrl Pts',(-107.569041252737,25.7109508422007,37.1522244453103));
#4823=CARTESIAN_POINT('Ctrl Pts',(-107.517312021058,26.7124871195972,36.6367158827377));
#4824=CARTESIAN_POINT('Ctrl Pts',(-107.491944567951,27.2022776702911,36.6352072140248));
#4825=CARTESIAN_POINT('Origin',(-109.700368015128,27.2019247345675,38.1807413664703));
#4826=CARTESIAN_POINT('',(-108.491944567951,27.2008201622895,36.6393714724118));
#4827=CARTESIAN_POINT('',(-108.450368015128,27.2029153978691,36.6360013122819));
#4828=CARTESIAN_POINT('',(-109.700368015128,27.2019247345675,36.6377413664703));
#4829=CARTESIAN_POINT('',(-108.59615629154,25.711275306349,37.7822275246128));
#4830=CARTESIAN_POINT('Ctrl Pts',(-108.59615629154,25.711275306349,37.7822275246129));
#4831=CARTESIAN_POINT('Ctrl Pts',(-108.569794512969,25.8432917357782,37.2884172867379));
#4832=CARTESIAN_POINT('Ctrl Pts',(-108.535057271772,26.3653526340031,36.736581848617));
#4833=CARTESIAN_POINT('Ctrl Pts',(-108.500320030576,27.0381784307982,36.638196529404));
#4834=CARTESIAN_POINT('Ctrl Pts',(-108.491944567951,27.2008201622895,36.6393714724118));
#4835=CARTESIAN_POINT('',(-108.59615629154,25.7085809179212,38.580186438018));
#4836=CARTESIAN_POINT('Origin',(-108.59615629154,27.2019247345675,38.1807413664703));
#4837=CARTESIAN_POINT('Ctrl Pts',(-108.59615629154,25.7085774746013,38.5801876280922));
#4838=CARTESIAN_POINT('Ctrl Pts',(-108.570668305817,25.5826484252968,38.1045560365471));
#4839=CARTESIAN_POINT('Ctrl Pts',(-108.522072213679,25.8111751720805,37.0698285599232));
#4840=CARTESIAN_POINT('Ctrl Pts',(-108.473476121542,26.7562006154122,36.6393741857169));
#4841=CARTESIAN_POINT('Ctrl Pts',(-108.450368015128,27.2029153978691,36.6360013122819));
#4842=CARTESIAN_POINT('Origin',(-109.700368015128,13.1999997049564,38.1993855721263));
#4843=CARTESIAN_POINT('',(-107.491944567951,13.2003527819936,36.6538600486178));
#4844=CARTESIAN_POINT('',(-107.450368015128,13.2002018772271,36.6587538593376));
#4845=CARTESIAN_POINT('',(-109.700368015128,13.1999997049564,36.6563855721263));
#4846=CARTESIAN_POINT('',(-107.09615629154,11.7093502767387,38.5978994139865));
#4847=CARTESIAN_POINT('Ctrl Pts',(-107.450368015128,13.2002018772271,36.6587538593376));
#4848=CARTESIAN_POINT('Ctrl Pts',(-107.437744554883,13.4459233282946,36.6585182526718));
#4849=CARTESIAN_POINT('Ctrl Pts',(-107.398759316066,14.2044428388159,36.8296078715563));
#4850=CARTESIAN_POINT('Ctrl Pts',(-107.333412298678,15.0120842992406,38.0152184367803));
#4851=CARTESIAN_POINT('Ctrl Pts',(-107.254326962965,14.343262214755,39.6187253756198));
#4852=CARTESIAN_POINT('Ctrl Pts',(-107.175241627253,12.6336806320263,39.9292820120148));
#4853=CARTESIAN_POINT('Ctrl Pts',(-107.122518070111,11.8413667061688,39.0917096518612));
#4854=CARTESIAN_POINT('Ctrl Pts',(-107.09615629154,11.7093502767387,38.5978994139865));
#4855=CARTESIAN_POINT('',(-107.09615629154,11.7093502767371,37.8008717302721));
#4856=CARTESIAN_POINT('Origin',(-107.09615629154,13.1999997049564,38.1993855721263));
#4857=CARTESIAN_POINT('Ctrl Pts',(-107.491944567951,13.2003527819936,36.6538600486178));
#4858=CARTESIAN_POINT('Ctrl Pts',(-107.490950242487,13.2195509417301,36.653800914462));
#4859=CARTESIAN_POINT('Ctrl Pts',(-107.463594138453,13.7476778377738,36.6627959436071));
#4860=CARTESIAN_POINT('Ctrl Pts',(-107.409876255847,14.7628359481556,37.2636088185915));
#4861=CARTESIAN_POINT('Ctrl Pts',(-107.330790920135,14.8368993228438,38.998829865802));
#4862=CARTESIAN_POINT('Ctrl Pts',(-107.251705584422,13.4226975071798,40.0072348422756));
#4863=CARTESIAN_POINT('Ctrl Pts',(-107.173494041557,11.8245673845122,39.3795634449913));
#4864=CARTESIAN_POINT('Ctrl Pts',(-107.121644277263,11.5807359775203,38.2755659641645));
#4865=CARTESIAN_POINT('Ctrl Pts',(-107.09615629154,11.7066698437045,37.7999303021626));
#4866=CARTESIAN_POINT('Origin',(-109.700368015128,13.1999997049564,38.1993855721263));
#4867=CARTESIAN_POINT('',(-107.991944567951,13.2010304574942,36.657965361604));
#4868=CARTESIAN_POINT('',(-107.950368015128,13.1986641653948,36.655728122899));
#4869=CARTESIAN_POINT('',(-109.700368015128,13.1999997049564,36.6563855721263));
#4870=CARTESIAN_POINT('Ctrl Pts',(-107.950368015128,13.1986641653948,36.655728122899));
#4871=CARTESIAN_POINT('Ctrl Pts',(-107.929248559642,13.607730320084,36.6594420149981));
#4872=CARTESIAN_POINT('Ctrl Pts',(-107.881767325584,14.5334474559205,37.0360015605899));
#4873=CARTESIAN_POINT('Ctrl Pts',(-107.807924312955,14.9780086994161,38.5954944969737));
#4874=CARTESIAN_POINT('Ctrl Pts',(-107.728838977242,13.8379161982465,39.9056461280591));
#4875=CARTESIAN_POINT('Ctrl Pts',(-107.649753641529,12.1179326482119,39.664765871389));
#4876=CARTESIAN_POINT('Ctrl Pts',(-107.570668305817,11.3815982680802,38.0919013763562));
#4877=CARTESIAN_POINT('Ctrl Pts',(-107.50420643035,12.1518249983229,36.8520976137872));
#4878=CARTESIAN_POINT('Ctrl Pts',(-107.464106333454,12.93277920164,36.6590102739268));
#4879=CARTESIAN_POINT('Ctrl Pts',(-107.450368015128,13.2002018772271,36.6587538593376));
#4880=CARTESIAN_POINT('Ctrl Pts',(-107.991944567951,13.2010304574942,36.657965361604));
#4881=CARTESIAN_POINT('Ctrl Pts',(-107.982454247246,13.3855297606472,36.6568198320058));
#4882=CARTESIAN_POINT('Ctrl Pts',(-107.946602147971,14.0811346079174,36.7726229707759));
#4883=CARTESIAN_POINT('Ctrl Pts',(-107.884388270124,14.9780083527302,37.8032767256495));
#4884=CARTESIAN_POINT('Ctrl Pts',(-107.805302934411,14.5018865555107,39.4734821253811));
#4885=CARTESIAN_POINT('Ctrl Pts',(-107.726217598699,12.8423316398933,39.9855280507365));
#4886=CARTESIAN_POINT('Ctrl Pts',(-107.647132262986,11.507908626523,38.8739556219367));
#4887=CARTESIAN_POINT('Ctrl Pts',(-107.569041252737,11.7090339391192,37.170874445271));
#4888=CARTESIAN_POINT('Ctrl Pts',(-107.517312021058,12.7105650467822,36.6553686923953));
#4889=CARTESIAN_POINT('Ctrl Pts',(-107.491944567951,13.2003527819936,36.6538600486178));
#4890=CARTESIAN_POINT('Origin',(-109.700368015128,13.1999997049564,38.1993855721263));
#4891=CARTESIAN_POINT('',(-108.491944567951,13.1988571268007,36.6580138723428));
#4892=CARTESIAN_POINT('',(-108.450368015128,13.2009910856605,36.6546554500861));
#4893=CARTESIAN_POINT('',(-109.700368015128,13.1999997049564,36.6563855721263));
#4894=CARTESIAN_POINT('',(-108.59615629154,11.7093502767377,37.8008717302698));
#4895=CARTESIAN_POINT('Ctrl Pts',(-108.59615629154,11.7093502767377,37.8008717302699));
#4896=CARTESIAN_POINT('Ctrl Pts',(-108.569794512969,11.8413667061666,37.3070614923948));
#4897=CARTESIAN_POINT('Ctrl Pts',(-108.535057271772,12.363386185403,36.7552216139045));
#4898=CARTESIAN_POINT('Ctrl Pts',(-108.500320030576,13.0362136443429,36.6568382940953));
#4899=CARTESIAN_POINT('Ctrl Pts',(-108.491944567951,13.1988571268007,36.6580138723428));
#4900=CARTESIAN_POINT('',(-108.59615629154,11.7066731770215,38.5988391869346));
#4901=CARTESIAN_POINT('Origin',(-108.59615629154,13.1999997049564,38.1993855721263));
#4902=CARTESIAN_POINT('Ctrl Pts',(-108.59615629154,11.7066692770319,38.5988405559922));
#4903=CARTESIAN_POINT('Ctrl Pts',(-108.570668305817,11.5807355738743,38.1232050329346));
#4904=CARTESIAN_POINT('Ctrl Pts',(-108.52207221368,11.8092659523793,37.0884852335354));
#4905=CARTESIAN_POINT('Ctrl Pts',(-108.473476121542,12.7542802329605,36.6580293918281));
#4906=CARTESIAN_POINT('Ctrl Pts',(-108.450368015128,13.2009910856605,36.6546554500861));
#4907=CARTESIAN_POINT('Ctrl Pts',(100.664463609646,42.8999999999977,-91.3186450594952));
#4908=CARTESIAN_POINT('Ctrl Pts',(100.664463609646,42.8999999999977,-90.7800887699881));
#4909=CARTESIAN_POINT('Ctrl Pts',(100.418238680856,42.8999999999977,-89.7036020664104));
#4910=CARTESIAN_POINT('Ctrl Pts',(99.3858951196469,42.8999999999977,-88.4073046322008));
#4911=CARTESIAN_POINT('Ctrl Pts',(97.8931411558793,42.8999999999977,-87.6894652910197));
#4912=CARTESIAN_POINT('Ctrl Pts',(96.2355162496173,42.8999999999977,-87.6886126302645));
#4913=CARTESIAN_POINT('Ctrl Pts',(94.7456517004809,42.8999999999977,-88.408115249637));
#4914=CARTESIAN_POINT('Ctrl Pts',(93.4769726316783,42.8999999999977,-89.9912334312297));
#4915=CARTESIAN_POINT('Ctrl Pts',(93.3427040155921,42.8999999999977,-91.7132755328255));
#4916=CARTESIAN_POINT('Ctrl Pts',(93.9406236585486,42.8999999999977,-93.2219347722556));
#4917=CARTESIAN_POINT('Ctrl Pts',(94.7420422743846,42.8999999999977,-94.2292563795071));
#4918=CARTESIAN_POINT('Ctrl Pts',(96.2360698726258,42.8999999999977,-94.9486647977046));
#4919=CARTESIAN_POINT('Ctrl Pts',(97.8923741189337,42.8999999999977,-94.9481466464395));
#4920=CARTESIAN_POINT('Ctrl Pts',(99.3858967427308,42.8999999999978,-94.229740975886));
#4921=CARTESIAN_POINT('Ctrl Pts',(100.418082545034,42.8999999999977,-92.9337597045878));
#4922=CARTESIAN_POINT('Ctrl Pts',(100.664463609645,42.8999999999977,-91.8572013490023));
#4923=CARTESIAN_POINT('Ctrl Pts',(100.664463609645,42.8999999999977,-91.3186450594952));
#4924=CARTESIAN_POINT('Ctrl Pts',(100.649311321478,42.8999999999978,-91.3186450594952));
#4925=CARTESIAN_POINT('Ctrl Pts',(100.649311321478,42.8999999999978,-90.7820980442308));
#4926=CARTESIAN_POINT('Ctrl Pts',(100.404247296299,42.8999999999978,-89.7098189896639));
#4927=CARTESIAN_POINT('Ctrl Pts',(99.3762255281588,42.8999999999978,-88.4185107808067));
#4928=CARTESIAN_POINT('Ctrl Pts',(97.8893587215213,42.8999999999978,-87.7035214612579));
#4929=CARTESIAN_POINT('Ctrl Pts',(96.2382273337352,42.8999999999978,-87.7025796824203));
#4930=CARTESIAN_POINT('Ctrl Pts',(94.7543674148224,42.8999999999977,-88.4192624213106));
#4931=CARTESIAN_POINT('Ctrl Pts',(93.4905124148625,42.8999999999978,-89.9964006211022));
#4932=CARTESIAN_POINT('Ctrl Pts',(93.356815386478,42.8999999999977,-91.7115760457052));
#4933=CARTESIAN_POINT('Ctrl Pts',(93.9524082900481,42.8999999999977,-93.2144866294733));
#4934=CARTESIAN_POINT('Ctrl Pts',(94.7507409717483,42.8999999999977,-94.2178546597075));
#4935=CARTESIAN_POINT('Ctrl Pts',(96.2389221267922,42.8999999999977,-94.9345857347593));
#4936=CARTESIAN_POINT('Ctrl Pts',(97.8888423794172,42.8999999999977,-94.9339875793097));
#4937=CARTESIAN_POINT('Ctrl Pts',(99.3762771664527,42.8999999999978,-94.2185017937802));
#4938=CARTESIAN_POINT('Ctrl Pts',(100.404143290303,42.8999999999977,-92.9275208282056));
#4939=CARTESIAN_POINT('Ctrl Pts',(100.649311321477,42.8999999999977,-91.8551920747596));
#4940=CARTESIAN_POINT('Ctrl Pts',(100.649311321477,42.8999999999977,-91.3186450594952));
#4941=CARTESIAN_POINT('Ctrl Pts',(100.593956200017,42.8696098470631,-91.3186450594953));
#4942=CARTESIAN_POINT('Ctrl Pts',(100.593956200017,42.8696098470631,-90.7906643291718));
#4943=CARTESIAN_POINT('Ctrl Pts',(100.352540272919,42.8696098470631,-89.7352958424819));
#4944=CARTESIAN_POINT('Ctrl Pts',(99.3404180741791,42.8696098470631,-88.4644371653554));
#4945=CARTESIAN_POINT('Ctrl Pts',(97.8769428955761,42.8696098470631,-87.7606754365715));
#4946=CARTESIAN_POINT('Ctrl Pts',(96.2518352653957,42.8696098470631,-87.759849456962));
#4947=CARTESIAN_POINT('Ctrl Pts',(94.7911789537765,42.8696098470631,-88.4652378890419));
#4948=CARTESIAN_POINT('Ctrl Pts',(93.5474029917164,42.8696098470631,-90.0172765110203));
#4949=CARTESIAN_POINT('Ctrl Pts',(93.4157633840333,42.8696098470631,-91.7055506856218));
#4950=CARTESIAN_POINT('Ctrl Pts',(94.0019520922705,42.8696098470631,-93.1845975091028));
#4951=CARTESIAN_POINT('Ctrl Pts',(94.7876436875355,42.8696098470631,-94.1721595131251));
#4952=CARTESIAN_POINT('Ctrl Pts',(96.2523625952777,42.8696098470631,-94.8774402851544));
#4953=CARTESIAN_POINT('Ctrl Pts',(97.8761642374462,42.8696098470631,-94.8769411306836));
#4954=CARTESIAN_POINT('Ctrl Pts',(99.3404142797638,42.8696098470631,-94.1726168989868));
#4955=CARTESIAN_POINT('Ctrl Pts',(100.352381653185,42.8696098470631,-92.9020668563355));
#4956=CARTESIAN_POINT('Ctrl Pts',(100.593956200016,42.8696098470631,-91.8466257898187));
#4957=CARTESIAN_POINT('Ctrl Pts',(100.593956200016,42.8696098470631,-91.3186450594953));
#4958=CARTESIAN_POINT('Ctrl Pts',(100.366012194019,42.6779116551627,-91.3186450594953));
#4959=CARTESIAN_POINT('Ctrl Pts',(100.366012194019,42.6779116551627,-90.8246601549217));
#4960=CARTESIAN_POINT('Ctrl Pts',(100.140237163431,42.6779116551627,-89.8373214014926));
#4961=CARTESIAN_POINT('Ctrl Pts',(99.1934712194254,42.6779116551627,-88.6483521833177));
#4962=CARTESIAN_POINT('Ctrl Pts',(97.8243534887525,42.6779116551627,-87.9899730021504));
#4963=CARTESIAN_POINT('Ctrl Pts',(96.3040070738828,42.6779116551627,-87.9891634366876));
#4964=CARTESIAN_POINT('Ctrl Pts',(94.9375778002202,42.6779116551627,-88.6490790597879));
#4965=CARTESIAN_POINT('Ctrl Pts',(93.773922739469,42.6779116551627,-90.1011551032846));
#4966=CARTESIAN_POINT('Ctrl Pts',(93.6507873387486,42.6779116551627,-91.6805479562771));
#4967=CARTESIAN_POINT('Ctrl Pts',(94.1991940643059,42.6779116551627,-93.0643135132006));
#4968=CARTESIAN_POINT('Ctrl Pts',(94.9342580204265,42.6779116551627,-93.988210151124));
#4969=CARTESIAN_POINT('Ctrl Pts',(96.3045575107398,42.6779116551627,-94.6480816889742));
#4970=CARTESIAN_POINT('Ctrl Pts',(97.823723696715,42.6779116551627,-94.6475820327905));
#4971=CARTESIAN_POINT('Ctrl Pts',(99.1934875963518,42.6779116551627,-93.9887035572032));
#4972=CARTESIAN_POINT('Ctrl Pts',(100.140109291921,42.6779116551627,-92.8000279850294));
#4973=CARTESIAN_POINT('Ctrl Pts',(100.366012194018,42.6779116551627,-91.8126299640687));
#4974=CARTESIAN_POINT('Ctrl Pts',(100.366012194018,42.6779116551627,-91.3186450594953));
#4975=CARTESIAN_POINT('Ctrl Pts',(100.075374911749,42.411195888247,-91.3186450594953));
#4976=CARTESIAN_POINT('Ctrl Pts',(100.075374911749,42.411195888247,-90.868093806566));
#4977=CARTESIAN_POINT('Ctrl Pts',(99.8695002081018,42.411195888247,-89.9676056235176));
#4978=CARTESIAN_POINT('Ctrl Pts',(99.0060739131121,42.411195888247,-88.8832075514605));
#4979=CARTESIAN_POINT('Ctrl Pts',(97.7574002945875,42.411195888247,-88.2827511900706));
#4980=CARTESIAN_POINT('Ctrl Pts',(96.3707930119244,42.411195888247,-88.2819941213717));
#4981=CARTESIAN_POINT('Ctrl Pts',(95.124597430208,42.411195888247,-88.8838591906651));
#4982=CARTESIAN_POINT('Ctrl Pts',(94.0632751924382,42.411195888247,-90.2082464638745));
#4983=CARTESIAN_POINT('Ctrl Pts',(93.9509807811144,42.411195888247,-91.648681634596));
#4984=CARTESIAN_POINT('Ctrl Pts',(94.4511493819362,42.411195888247,-92.9107552179016));
#4985=CARTESIAN_POINT('Ctrl Pts',(95.1215633714659,42.411195888247,-93.7533786329407));
#4986=CARTESIAN_POINT('Ctrl Pts',(96.3713240470572,42.411195888247,-94.3552322761683));
#4987=CARTESIAN_POINT('Ctrl Pts',(97.7568760464321,42.411195888247,-94.3547599655387));
#4988=CARTESIAN_POINT('Ctrl Pts',(99.0060989760055,42.411195888247,-93.7538619250952));
#4989=CARTESIAN_POINT('Ctrl Pts',(99.8693940145307,42.4111958882469,-92.6697341620003));
#4990=CARTESIAN_POINT('Ctrl Pts',(100.075374911749,42.411195888247,-91.7691963124246));
#4991=CARTESIAN_POINT('Ctrl Pts',(100.075374911749,42.411195888247,-91.3186450594953));
#4992=CARTESIAN_POINT('Ctrl Pts',(99.6520974223958,41.9879845173007,-91.3186450594953));
#4993=CARTESIAN_POINT('Ctrl Pts',(99.6520974223958,41.9879845173007,-90.9314865836378));
#4994=CARTESIAN_POINT('Ctrl Pts',(99.4751388318138,41.9879845173007,-90.1576575716567));
#4995=CARTESIAN_POINT('Ctrl Pts',(98.7330988968398,41.9879845173007,-89.2258029151397));
#4996=CARTESIAN_POINT('Ctrl Pts',(97.6600479146508,41.9879845173007,-88.7097951869026));
#4997=CARTESIAN_POINT('Ctrl Pts',(96.4684724263793,41.9879845173007,-88.7091638985516));
#4998=CARTESIAN_POINT('Ctrl Pts',(95.3975240569937,41.9879845173006,-89.2263745442381));
#4999=CARTESIAN_POINT('Ctrl Pts',(94.485511415896,41.9879845173007,-90.36443525238));
#5000=CARTESIAN_POINT('Ctrl Pts',(94.3890021389703,41.9879845173006,-91.6022927366693));
#5001=CARTESIAN_POINT('Ctrl Pts',(94.8188168085285,41.9879845173006,-92.6868170178223));
#5002=CARTESIAN_POINT('Ctrl Pts',(95.3949232528142,41.9879845173006,-93.4109236913853));
#5003=CARTESIAN_POINT('Ctrl Pts',(96.4688988551308,41.9879845173006,-93.9280948482091));
#5004=CARTESIAN_POINT('Ctrl Pts',(97.6595457122126,41.9879845173006,-93.9277060900744));
#5005=CARTESIAN_POINT('Ctrl Pts',(98.7331099952515,41.9879845173007,-93.4113046894929));
#5006=CARTESIAN_POINT('Ctrl Pts',(99.475036823164,41.9879845173006,-92.4796797510135));
#5007=CARTESIAN_POINT('Ctrl Pts',(99.6520974223955,41.9879845173006,-91.7058035353527));
#5008=CARTESIAN_POINT('Ctrl Pts',(99.6520974223955,41.9879845173006,-91.3186450594953));
#5009=CARTESIAN_POINT('Ctrl Pts',(99.332954913445,41.6398863988889,-91.3186450594953));
#5010=CARTESIAN_POINT('Ctrl Pts',(99.332954913445,41.6398863988889,-90.9792443157932));
#5011=CARTESIAN_POINT('Ctrl Pts',(99.1778173972155,41.6398863988889,-90.3008646046283));
#5012=CARTESIAN_POINT('Ctrl Pts',(98.527296736669,41.6398863988889,-89.483953621601));
#5013=CARTESIAN_POINT('Ctrl Pts',(97.5866014787745,41.6398863988889,-89.0315923946023));
#5014=CARTESIAN_POINT('Ctrl Pts',(96.5420025165035,41.6398863988889,-89.0310418587891));
#5015=CARTESIAN_POINT('Ctrl Pts',(95.603146502437,41.6398863988889,-89.4844564837489));
#5016=CARTESIAN_POINT('Ctrl Pts',(94.8036318717581,41.6398863988889,-90.4821346027367));
#5017=CARTESIAN_POINT('Ctrl Pts',(94.7190252416805,41.6398863988889,-91.5673106145266));
#5018=CARTESIAN_POINT('Ctrl Pts',(95.0958233419663,41.6398863988889,-92.518057714714));
#5019=CARTESIAN_POINT('Ctrl Pts',(95.6008674703624,41.6398863988889,-93.152848684596));
#5020=CARTESIAN_POINT('Ctrl Pts',(96.5423718735474,41.6398863988889,-93.6062242547654));
#5021=CARTESIAN_POINT('Ctrl Pts',(97.5861534913702,41.6398863988889,-93.605886008626));
#5022=CARTESIAN_POINT('Ctrl Pts',(98.5273049050772,41.6398863988889,-93.1531775563064));
#5023=CARTESIAN_POINT('Ctrl Pts',(99.1777263632033,41.6398863988889,-92.3364675719842));
#5024=CARTESIAN_POINT('Ctrl Pts',(99.3329549134449,41.6398863988889,-91.6580458031973));
#5025=CARTESIAN_POINT('Ctrl Pts',(99.3329549134449,41.6398863988889,-91.3186450594952));
#5026=CARTESIAN_POINT('Ctrl Pts',(99.2213350454566,41.4994359993899,-91.3186450594953));
#5027=CARTESIAN_POINT('Ctrl Pts',(99.2213350454566,41.4994359993899,-90.9959556161218));
#5028=CARTESIAN_POINT('Ctrl Pts',(99.0738255325271,41.4994359993899,-90.3509693580263));
#5029=CARTESIAN_POINT('Ctrl Pts',(98.4553144040837,41.4994359993899,-89.5742744701162));
#5030=CARTESIAN_POINT('Ctrl Pts',(97.5609228677928,41.4994359993899,-89.1441789302017));
#5031=CARTESIAN_POINT('Ctrl Pts',(96.567743985926,41.4994359993899,-89.143659541991));
#5032=CARTESIAN_POINT('Ctrl Pts',(95.675095518966,41.4994359993899,-89.5747550218962));
#5033=CARTESIAN_POINT('Ctrl Pts',(94.914943146843,41.4994359993899,-90.5233130212308));
#5034=CARTESIAN_POINT('Ctrl Pts',(94.8344992568867,41.4994359993899,-91.5550768480933));
#5035=CARTESIAN_POINT('Ctrl Pts',(95.1927489003425,41.4994359993899,-92.4590166366811));
#5036=CARTESIAN_POINT('Ctrl Pts',(95.6729300355481,41.4994359993899,-93.0625605352756));
#5037=CARTESIAN_POINT('Ctrl Pts',(96.5680888863924,41.4994359993899,-93.4936126590078));
#5038=CARTESIAN_POINT('Ctrl Pts',(97.5604860890643,41.4994359993899,-93.4932946542189));
#5039=CARTESIAN_POINT('Ctrl Pts',(98.4553199805607,41.4994359993899,-93.0628660196924));
#5040=CARTESIAN_POINT('Ctrl Pts',(99.0737367242751,41.4994359993899,-92.286361697088));
#5041=CARTESIAN_POINT('Ctrl Pts',(99.2213350454565,41.4994359993899,-91.6413345028687));
#5042=CARTESIAN_POINT('Ctrl Pts',(99.2213350454565,41.4994359993899,-91.3186450594952));
#5043=CARTESIAN_POINT('Ctrl Pts',(99.1719270873237,41.4261534514544,-91.3186450594954));
#5044=CARTESIAN_POINT('Ctrl Pts',(99.1719270873237,41.4261534514544,-91.0033760370818));
#5045=CARTESIAN_POINT('Ctrl Pts',(99.0277828244247,41.4261534514544,-90.3732004062637));
#5046=CARTESIAN_POINT('Ctrl Pts',(98.4234426547299,41.4261534514544,-89.614349119218));
#5047=CARTESIAN_POINT('Ctrl Pts',(97.5495829600883,41.4261534514544,-89.1941248419457));
#5048=CARTESIAN_POINT('Ctrl Pts',(96.5792085572487,41.4261534514544,-89.1936276119907));
#5049=CARTESIAN_POINT('Ctrl Pts',(95.7070376554972,41.4261534514544,-89.6148248126531));
#5050=CARTESIAN_POINT('Ctrl Pts',(94.9643553543523,41.4261534514544,-90.5415783451957));
#5051=CARTESIAN_POINT('Ctrl Pts',(94.8857534969378,41.4261534514544,-91.5496651108753));
#5052=CARTESIAN_POINT('Ctrl Pts',(95.2357756161078,41.4261534514544,-92.4328315956187));
#5053=CARTESIAN_POINT('Ctrl Pts',(95.7049253420983,41.4261534514544,-93.0225182964158));
#5054=CARTESIAN_POINT('Ctrl Pts',(96.5795296748454,41.4261534514544,-93.4436574023735));
#5055=CARTESIAN_POINT('Ctrl Pts',(97.5491287979489,41.4261534514544,-93.4433557781793));
#5056=CARTESIAN_POINT('Ctrl Pts',(98.4234425671831,41.4261534514544,-93.0227985681269));
#5057=CARTESIAN_POINT('Ctrl Pts',(99.0276903536926,41.4261534514544,-92.2641321074424));
#5058=CARTESIAN_POINT('Ctrl Pts',(99.1719270873236,41.4261534514544,-91.6339140819087));
#5059=CARTESIAN_POINT('Ctrl Pts',(99.1719270873236,41.4261534514544,-91.3186450594952));
#5060=CARTESIAN_POINT('Ctrl Pts',(99.164463609645,41.4075761440819,-91.3186450594953));
#5061=CARTESIAN_POINT('Ctrl Pts',(99.164463609645,41.4075761440819,-91.0044703679245));
#5062=CARTESIAN_POINT('Ctrl Pts',(99.0208405545375,41.4075761440819,-90.3764986301723));
#5063=CARTESIAN_POINT('Ctrl Pts',(98.4186386179797,41.4075761440819,-89.6202945658319));
#5064=CARTESIAN_POINT('Ctrl Pts',(97.5478395626411,41.4075761440819,-89.2015437337262));
#5065=CARTESIAN_POINT('Ctrl Pts',(96.5808600579727,41.4075761440819,-89.2010402794867));
#5066=CARTESIAN_POINT('Ctrl Pts',(95.7117549806666,41.4075761440819,-89.6207637885906));
#5067=CARTESIAN_POINT('Ctrl Pts',(94.9716584276144,41.4075761440819,-90.5442941257286));
#5068=CARTESIAN_POINT('Ctrl Pts',(94.8933354908073,41.4075761440818,-91.548843648661));
#5069=CARTESIAN_POINT('Ctrl Pts',(95.2421343795439,41.4075761440818,-92.4289342304373));
#5070=CARTESIAN_POINT('Ctrl Pts',(95.7096473736421,41.4075761440819,-93.0165572371644));
#5071=CARTESIAN_POINT('Ctrl Pts',(96.5811923985703,41.4075761440819,-93.4362351004371));
#5072=CARTESIAN_POINT('Ctrl Pts',(97.5474083241212,41.4075761440819,-93.4359274655164));
#5073=CARTESIAN_POINT('Ctrl Pts',(98.4186428393324,41.4075761440819,-93.0168506919824));
#5074=CARTESIAN_POINT('Ctrl Pts',(99.0207528448223,41.4075761440819,-92.2608318684645));
#5075=CARTESIAN_POINT('Ctrl Pts',(99.164463609645,41.4075761440819,-91.632819751066));
#5076=CARTESIAN_POINT('Ctrl Pts',(99.164463609645,41.4075761440819,-91.3186450594952));
#5077=CARTESIAN_POINT('Ctrl Pts',(99.164463609645,41.3999999999977,-91.3186450594953));
#5078=CARTESIAN_POINT('Ctrl Pts',(99.164463609645,41.3999999999977,-91.0044872239495));
#5079=CARTESIAN_POINT('Ctrl Pts',(99.0208324011842,41.3999999999977,-90.3765366468625));
#5080=CARTESIAN_POINT('Ctrl Pts',(98.4186319904792,41.3999999999977,-89.6203631435735));
#5081=CARTESIAN_POINT('Ctrl Pts',(97.5478588449483,41.3999999999977,-89.2016235278845));
#5082=CARTESIAN_POINT('Ctrl Pts',(96.5809109829622,41.3999999999978,-89.201126142444));
#5083=CARTESIAN_POINT('Ctrl Pts',(95.7118233292995,41.3999999999977,-89.6208360037445));
#5084=CARTESIAN_POINT('Ctrl Pts',(94.9717605391646,41.3999999999978,-90.5443216096736));
#5085=CARTESIAN_POINT('Ctrl Pts',(94.8934371797815,41.3999999999977,-91.5488461689376));
#5086=CARTESIAN_POINT('Ctrl Pts',(95.2422236381727,41.3999999999977,-92.4288973919385));
#5087=CARTESIAN_POINT('Ctrl Pts',(95.7097178307435,41.3999999999977,-93.0165016628353));
#5088=CARTESIAN_POINT('Ctrl Pts',(96.5812339297174,41.3999999999977,-93.4361565734505));
#5089=CARTESIAN_POINT('Ctrl Pts',(97.5474114067303,41.3999999999977,-93.4358543185459));
#5090=CARTESIAN_POINT('Ctrl Pts',(98.4186329372785,41.3999999999978,-93.0167843440564));
#5091=CARTESIAN_POINT('Ctrl Pts',(99.0207413219552,41.3999999999977,-92.2607952691325));
#5092=CARTESIAN_POINT('Ctrl Pts',(99.164463609645,41.3999999999977,-91.632802895041));
#5093=CARTESIAN_POINT('Ctrl Pts',(99.164463609645,41.3999999999977,-91.3186450594952));
#5094=CARTESIAN_POINT('',(100.664463609645,42.8999999999977,-91.3186450594952));
#5095=CARTESIAN_POINT('',(99.164463609645,41.3999999999977,-91.3186450594952));
#5096=CARTESIAN_POINT('Ctrl Pts',(100.664463609645,42.8999999999977,-91.3186450594952));
#5097=CARTESIAN_POINT('Ctrl Pts',(100.478614594996,42.8999999999977,-91.3186450594952));
#5098=CARTESIAN_POINT('Ctrl Pts',(99.164463609645,41.5858490146467,-91.3186450594952));
#5099=CARTESIAN_POINT('Ctrl Pts',(99.164463609645,41.3999999999977,-91.3186450594952));
#5100=CARTESIAN_POINT('Origin',(97.064463609645,41.3999999999977,-91.3186450594952));
#5101=CARTESIAN_POINT('Ctrl Pts',(100.664463609645,42.8999999999977,-91.3186450594952));
#5102=CARTESIAN_POINT('Ctrl Pts',(100.664463609645,42.8999999999977,-91.8572013490023));
#5103=CARTESIAN_POINT('Ctrl Pts',(100.418082545034,42.8999999999977,-92.9337597045878));
#5104=CARTESIAN_POINT('Ctrl Pts',(99.3858967427308,42.8999999999978,-94.229740975886));
#5105=CARTESIAN_POINT('Ctrl Pts',(97.8923741189337,42.8999999999977,-94.9481466464395));
#5106=CARTESIAN_POINT('Ctrl Pts',(96.2360698726258,42.8999999999977,-94.9486647977046));
#5107=CARTESIAN_POINT('Ctrl Pts',(94.7420422743846,42.8999999999977,-94.2292563795071));
#5108=CARTESIAN_POINT('Ctrl Pts',(93.9406236585486,42.8999999999977,-93.2219347722556));
#5109=CARTESIAN_POINT('Ctrl Pts',(93.3427040155921,42.8999999999977,-91.7132755328255));
#5110=CARTESIAN_POINT('Ctrl Pts',(93.4769726316783,42.8999999999977,-89.9912334312297));
#5111=CARTESIAN_POINT('Ctrl Pts',(94.7456517004809,42.8999999999977,-88.408115249637));
#5112=CARTESIAN_POINT('Ctrl Pts',(96.2355162496173,42.8999999999977,-87.6886126302645));
#5113=CARTESIAN_POINT('Ctrl Pts',(97.8931411558793,42.8999999999977,-87.6894652910197));
#5114=CARTESIAN_POINT('Ctrl Pts',(99.3858951196469,42.8999999999977,-88.4073046322008));
#5115=CARTESIAN_POINT('Ctrl Pts',(100.418238680856,42.8999999999977,-89.7036020664104));
#5116=CARTESIAN_POINT('Ctrl Pts',(100.664463609646,42.8999999999977,-90.7800887699881));
#5117=CARTESIAN_POINT('Ctrl Pts',(100.664463609646,42.8999999999977,-91.3186450594952));
#5118=CARTESIAN_POINT('Origin',(-2.98907635741662,42.8999999999977,-41.3186450594943));
#5119=CARTESIAN_POINT('',(102.618003576706,42.8999999999977,40.2884348746269));
#5120=CARTESIAN_POINT('',(-108.59615629154,42.8999999999977,40.2884348746269));
#5121=CARTESIAN_POINT('',(-1.49453817870831,42.8999999999977,40.2884348746269));
#5122=CARTESIAN_POINT('',(102.618003576706,42.8999999999977,-126.318645059493));
#5123=CARTESIAN_POINT('',(102.618003576706,42.8999999999977,43.6813549405039));
#5124=CARTESIAN_POINT('',(-108.59615629154,42.8999999999977,-126.318645059493));
#5125=CARTESIAN_POINT('',(102.618003576706,42.8999999999977,-126.318645059493));
#5126=CARTESIAN_POINT('',(-108.59615629154,42.8999999999977,-126.318645059493));
#5127=CARTESIAN_POINT('',(100.664463609645,42.8999999999977,8.68135494050471));
#5128=CARTESIAN_POINT('Ctrl Pts',(100.664463609645,42.8999999999977,8.68135494050471));
#5129=CARTESIAN_POINT('Ctrl Pts',(100.664463609645,42.8999999999977,8.14279865099758));
#5130=CARTESIAN_POINT('Ctrl Pts',(100.418315250471,42.8999999999977,7.06576804930662));
#5131=CARTESIAN_POINT('Ctrl Pts',(99.4714610567189,42.8999999999977,5.87956476521921));
#5132=CARTESIAN_POINT('Ctrl Pts',(98.0371785912085,42.8999999999977,5.08492284037285));
#5133=CARTESIAN_POINT('Ctrl Pts',(96.3601925545996,42.8999999999977,4.98924034588178));
#5134=CARTESIAN_POINT('Ctrl Pts',(94.7441440529108,42.8999999999977,5.77106190269555));
#5135=CARTESIAN_POINT('Ctrl Pts',(93.5932140351601,42.8999999999978,7.20902477637477));
#5136=CARTESIAN_POINT('Ctrl Pts',(93.3419413473104,42.8999999999978,8.87859740355058));
#5137=CARTESIAN_POINT('Ctrl Pts',(93.8257773085996,42.8999999999978,10.4405163056005));
#5138=CARTESIAN_POINT('Ctrl Pts',(94.7428066404681,42.8999999999978,11.5919085690005));
#5139=CARTESIAN_POINT('Ctrl Pts',(96.2361816721874,42.8999999999978,12.3112782654275));
#5140=CARTESIAN_POINT('Ctrl Pts',(97.8926674957431,42.8999999999978,12.3108112853716));
#5141=CARTESIAN_POINT('Ctrl Pts',(99.3859787744971,42.8999999999978,11.592411047286));
#5142=CARTESIAN_POINT('Ctrl Pts',(100.418160632031,42.8999999999978,10.2964631929043));
#5143=CARTESIAN_POINT('Ctrl Pts',(100.664463609646,42.8999999999977,9.21991123001188));
#5144=CARTESIAN_POINT('Ctrl Pts',(100.664463609646,42.8999999999977,8.68135494050473));
#5145=CARTESIAN_POINT('',(-41.2319083310565,42.8999999999977,-120.122185026557));
#5146=CARTESIAN_POINT('Ctrl Pts',(-41.2319083310565,42.8999999999977,-120.122185026557));
#5147=CARTESIAN_POINT('Ctrl Pts',(-41.2319083310565,42.8999999999977,-120.660741316064));
#5148=CARTESIAN_POINT('Ctrl Pts',(-41.4781302261858,42.8999999999977,-121.737229551015));
#5149=CARTESIAN_POINT('Ctrl Pts',(-42.5104788596139,42.8999999999977,-123.033528485597));
#5150=CARTESIAN_POINT('Ctrl Pts',(-44.0032332723387,42.8999999999977,-123.751370599406));
#5151=CARTESIAN_POINT('Ctrl Pts',(-45.6608617924331,42.8999999999977,-123.752222949671));
#5152=CARTESIAN_POINT('Ctrl Pts',(-47.150723592174,42.8999999999977,-123.03272152216));
#5153=CARTESIAN_POINT('Ctrl Pts',(-48.4194025695127,42.8999999999977,-121.44960331528));
#5154=CARTESIAN_POINT('Ctrl Pts',(-48.5536435243335,42.8999999999977,-119.72755848958));
#5155=CARTESIAN_POINT('Ctrl Pts',(-47.9557225670737,42.8999999999977,-118.218898248191));
#5156=CARTESIAN_POINT('Ctrl Pts',(-47.1543045158902,42.8999999999977,-117.211574969738));
#5157=CARTESIAN_POINT('Ctrl Pts',(-45.6602797570458,42.8999999999977,-116.492166618003));
#5158=CARTESIAN_POINT('Ctrl Pts',(-44.0039770488163,42.8999999999977,-116.492683891396));
#5159=CARTESIAN_POINT('Ctrl Pts',(-42.5104619369627,42.8999999999977,-117.211089552041));
#5160=CARTESIAN_POINT('Ctrl Pts',(-41.4782805562989,42.8999999999977,-118.507069883678));
#5161=CARTESIAN_POINT('Ctrl Pts',(-41.2319083310557,42.8999999999977,-119.58362873705));
#5162=CARTESIAN_POINT('Ctrl Pts',(-41.2319083310557,42.8999999999977,-120.122185026557));
#5163=CARTESIAN_POINT('',(-99.4426163244767,42.8999999999977,8.68135494050439));
#5164=CARTESIAN_POINT('Ctrl Pts',(-99.4426163244767,42.8999999999977,8.68135494050439));
#5165=CARTESIAN_POINT('Ctrl Pts',(-99.4426163244767,42.8999999999977,8.14279865099726));
#5166=CARTESIAN_POINT('Ctrl Pts',(-99.6889215623255,42.8999999999977,7.06624773658112));
#5167=CARTESIAN_POINT('Ctrl Pts',(-100.721102630558,42.8999999999977,5.77030083460972));
#5168=CARTESIAN_POINT('Ctrl Pts',(-102.214414241343,42.8999999999978,5.05190197080194));
#5169=CARTESIAN_POINT('Ctrl Pts',(-103.870899892612,42.8999999999978,5.0514355386981));
#5170=CARTESIAN_POINT('Ctrl Pts',(-105.364274638105,42.8999999999978,5.77080619325677));
#5171=CARTESIAN_POINT('Ctrl Pts',(-106.281304672024,42.8999999999978,6.92219912935808));
#5172=CARTESIAN_POINT('Ctrl Pts',(-106.765140321605,42.8999999999978,8.48411894722164));
#5173=CARTESIAN_POINT('Ctrl Pts',(-106.513865972533,42.8999999999977,10.1536923261542));
#5174=CARTESIAN_POINT('Ctrl Pts',(-105.362935414418,42.8999999999978,11.591655605786));
#5175=CARTESIAN_POINT('Ctrl Pts',(-103.74688759918,42.8999999999978,12.3734762833479));
#5176=CARTESIAN_POINT('Ctrl Pts',(-102.069902818453,42.8999999999978,12.2777921381578));
#5177=CARTESIAN_POINT('Ctrl Pts',(-100.635620089072,42.8999999999978,11.4831483989424));
#5178=CARTESIAN_POINT('Ctrl Pts',(-99.6887672135281,42.8999999999978,10.2969421620477));
#5179=CARTESIAN_POINT('Ctrl Pts',(-99.4426163244763,42.8999999999977,9.21991123001155));
#5180=CARTESIAN_POINT('Ctrl Pts',(-99.4426163244763,42.8999999999977,8.6813549405044));
#5181=CARTESIAN_POINT('',(-99.4426163244767,42.8999999999977,-91.3186450594956));
#5182=CARTESIAN_POINT('Ctrl Pts',(-99.4426163244767,42.8999999999977,-91.3186450594956));
#5183=CARTESIAN_POINT('Ctrl Pts',(-99.4426163244767,42.8999999999977,-91.8572013490027));
#5184=CARTESIAN_POINT('Ctrl Pts',(-99.6889994786988,42.8999999999978,-92.9337595999679));
#5185=CARTESIAN_POINT('Ctrl Pts',(-100.721186385554,42.8999999999978,-94.2297410985589));
#5186=CARTESIAN_POINT('Ctrl Pts',(-102.214710836576,42.8999999999978,-94.9481467862062));
#5187=CARTESIAN_POINT('Ctrl Pts',(-103.871015438153,42.8999999999978,-94.9486651454738));
#5188=CARTESIAN_POINT('Ctrl Pts',(-105.365043719743,42.8999999999978,-94.2292567220605));
#5189=CARTESIAN_POINT('Ctrl Pts',(-106.166462425992,42.8999999999978,-93.2219355041706));
#5190=CARTESIAN_POINT('Ctrl Pts',(-106.764381753371,42.8999999999978,-91.713276500125));
#5191=CARTESIAN_POINT('Ctrl Pts',(-106.630106736242,42.8999999999977,-89.9912350332296));
#5192=CARTESIAN_POINT('Ctrl Pts',(-105.361427627861,42.8999999999977,-88.4081168567107));
#5193=CARTESIAN_POINT('Ctrl Pts',(-103.871562383182,42.8999999999977,-87.6886139548277));
#5194=CARTESIAN_POINT('Ctrl Pts',(-102.213938256692,42.8999999999978,-87.6894666771647));
#5195=CARTESIAN_POINT('Ctrl Pts',(-100.721184385708,42.8999999999977,-88.4073053680939));
#5196=CARTESIAN_POINT('Ctrl Pts',(-99.6888419488713,42.8999999999977,-89.7036024330953));
#5197=CARTESIAN_POINT('Ctrl Pts',(-99.4426163244759,42.8999999999977,-90.7800887699885));
#5198=CARTESIAN_POINT('Ctrl Pts',(-99.4426163244759,42.8999999999977,-91.3186450594956));
#5199=CARTESIAN_POINT('',(42.4537556162235,42.8999999999977,-120.122185026557));
#5200=CARTESIAN_POINT('Ctrl Pts',(42.4537556162235,42.8999999999977,-120.122185026557));
#5201=CARTESIAN_POINT('Ctrl Pts',(42.4537556162235,42.8999999999977,-120.660741316064));
#5202=CARTESIAN_POINT('Ctrl Pts',(42.2074364533367,42.8999999999978,-121.737284740622));
#5203=CARTESIAN_POINT('Ctrl Pts',(41.175259488206,42.8999999999977,-123.033224163204));
#5204=CARTESIAN_POINT('Ctrl Pts',(39.6819452539908,42.8999999999977,-123.751612875031));
#5205=CARTESIAN_POINT('Ctrl Pts',(38.0254606152713,42.8999999999977,-123.752075389698));
#5206=CARTESIAN_POINT('Ctrl Pts',(36.5320873650246,42.8999999999978,-123.032698129897));
#5207=CARTESIAN_POINT('Ctrl Pts',(35.6150533475211,42.8999999999978,-121.881300710284));
#5208=CARTESIAN_POINT('Ctrl Pts',(35.1312196009201,42.8999999999978,-120.319374844087));
#5209=CARTESIAN_POINT('Ctrl Pts',(35.3825041012338,42.8999999999978,-118.649797123634));
#5210=CARTESIAN_POINT('Ctrl Pts',(36.5334381157582,42.8999999999978,-117.211831346402));
#5211=CARTESIAN_POINT('Ctrl Pts',(38.1494820199322,42.8999999999978,-116.430017499609));
#5212=CARTESIAN_POINT('Ctrl Pts',(39.8264593943593,42.8999999999978,-116.52571269335));
#5213=CARTESIAN_POINT('Ctrl Pts',(41.2607439565306,42.8999999999978,-117.320368521787));
#5214=CARTESIAN_POINT('Ctrl Pts',(42.2075893739317,42.8999999999978,-118.50659437852));
#5215=CARTESIAN_POINT('Ctrl Pts',(42.4537556162243,42.8999999999977,-119.58362873705));
#5216=CARTESIAN_POINT('Ctrl Pts',(42.4537556162243,42.8999999999977,-120.122185026557));
#5217=CARTESIAN_POINT('Ctrl Pts',(100.664463609646,42.8999999999977,8.68135494050473));
#5218=CARTESIAN_POINT('Ctrl Pts',(100.664463609646,42.8999999999977,9.21991123001188));
#5219=CARTESIAN_POINT('Ctrl Pts',(100.418160632031,42.8999999999978,10.2964631929043));
#5220=CARTESIAN_POINT('Ctrl Pts',(99.3859787744971,42.8999999999978,11.592411047286));
#5221=CARTESIAN_POINT('Ctrl Pts',(97.8926674957431,42.8999999999978,12.3108112853716));
#5222=CARTESIAN_POINT('Ctrl Pts',(96.2361816721874,42.8999999999978,12.3112782654275));
#5223=CARTESIAN_POINT('Ctrl Pts',(94.7428066404681,42.8999999999978,11.5919085690005));
#5224=CARTESIAN_POINT('Ctrl Pts',(93.8257773085996,42.8999999999978,10.4405163056005));
#5225=CARTESIAN_POINT('Ctrl Pts',(93.3419413473104,42.8999999999978,8.87859740355058));
#5226=CARTESIAN_POINT('Ctrl Pts',(93.5932140351601,42.8999999999978,7.20902477637477));
#5227=CARTESIAN_POINT('Ctrl Pts',(94.7441440529108,42.8999999999977,5.77106190269555));
#5228=CARTESIAN_POINT('Ctrl Pts',(96.3601925545996,42.8999999999977,4.98924034588178));
#5229=CARTESIAN_POINT('Ctrl Pts',(98.0371785912085,42.8999999999977,5.08492284037285));
#5230=CARTESIAN_POINT('Ctrl Pts',(99.4714610567189,42.8999999999977,5.87956476521921));
#5231=CARTESIAN_POINT('Ctrl Pts',(100.418315250471,42.8999999999977,7.06576804930662));
#5232=CARTESIAN_POINT('Ctrl Pts',(100.664463609645,42.8999999999977,8.14279865099758));
#5233=CARTESIAN_POINT('Ctrl Pts',(100.664463609645,42.8999999999977,8.68135494050471));
#5234=CARTESIAN_POINT('Ctrl Pts',(100.649311321477,42.8999999999977,8.68135494050473));
#5235=CARTESIAN_POINT('Ctrl Pts',(100.649311321477,42.8999999999977,9.21790195576914));
#5236=CARTESIAN_POINT('Ctrl Pts',(100.40423858732,42.8999999999978,10.2901606547457));
#5237=CARTESIAN_POINT('Ctrl Pts',(99.3764249898981,42.8999999999978,11.5810617833082));
#5238=CARTESIAN_POINT('Ctrl Pts',(97.8892519309784,42.8999999999978,12.2964760535532));
#5239=CARTESIAN_POINT('Ctrl Pts',(96.2391879981376,42.8999999999978,12.2970426726572));
#5240=CARTESIAN_POINT('Ctrl Pts',(94.7516986887401,42.8999999999978,11.5803506130794));
#5241=CARTESIAN_POINT('Ctrl Pts',(93.8382093093586,42.8999999999978,10.4335230483899));
#5242=CARTESIAN_POINT('Ctrl Pts',(93.3563297262135,42.8999999999978,8.87764412100663));
#5243=CARTESIAN_POINT('Ctrl Pts',(93.6065078600324,42.8999999999978,7.21465965517663));
#5244=CARTESIAN_POINT('Ctrl Pts',(94.7530076727282,42.8999999999977,5.78239260420051));
#5245=CARTESIAN_POINT('Ctrl Pts',(96.3625578420383,42.8999999999977,5.00352181495167));
#5246=CARTESIAN_POINT('Ctrl Pts',(98.0328023188213,42.8999999999977,5.09902865542083));
#5247=CARTESIAN_POINT('Ctrl Pts',(99.4614984932896,42.8999999999977,5.89046154315808));
#5248=CARTESIAN_POINT('Ctrl Pts',(100.404331226083,42.8999999999977,7.07206017891917));
#5249=CARTESIAN_POINT('Ctrl Pts',(100.649311321477,42.8999999999977,8.14480792524031));
#5250=CARTESIAN_POINT('Ctrl Pts',(100.649311321477,42.8999999999977,8.68135494050471));
#5251=CARTESIAN_POINT('Ctrl Pts',(100.593985705143,42.8696286181116,8.68135494050473));
#5252=CARTESIAN_POINT('Ctrl Pts',(100.593985705143,42.8696286181116,9.20933567082823));
#5253=CARTESIAN_POINT('Ctrl Pts',(100.352480490905,42.8696286181116,10.2647820720353));
#5254=CARTESIAN_POINT('Ctrl Pts',(99.3405028843062,42.8696286181116,11.535307994862));
#5255=CARTESIAN_POINT('Ctrl Pts',(97.8764448096799,42.8696286181116,12.2396392585644));
#5256=CARTESIAN_POINT('Ctrl Pts',(96.2524570038642,42.8696286181116,12.240084415323));
#5257=CARTESIAN_POINT('Ctrl Pts',(94.7883679717665,42.8696286181116,11.534841664233));
#5258=CARTESIAN_POINT('Ctrl Pts',(93.8893314158612,42.8696286181116,10.4060255631086));
#5259=CARTESIAN_POINT('Ctrl Pts',(93.4149775996052,42.8696286181116,8.8747513126033));
#5260=CARTESIAN_POINT('Ctrl Pts',(93.6613356851909,42.8696286181116,7.23791902876263));
#5261=CARTESIAN_POINT('Ctrl Pts',(94.7896820469797,42.8696286181116,5.82815193227552));
#5262=CARTESIAN_POINT('Ctrl Pts',(96.374054963259,42.8696286181116,5.06167867095878));
#5263=CARTESIAN_POINT('Ctrl Pts',(98.0181707738545,42.8696286181116,5.1554596301295));
#5264=CARTESIAN_POINT('Ctrl Pts',(99.4243177771118,42.8696286181116,5.93452777217774));
#5265=CARTESIAN_POINT('Ctrl Pts',(100.352639736732,42.8696286181116,7.09746009109535));
#5266=CARTESIAN_POINT('Ctrl Pts',(100.593985705142,42.8696286181116,8.15337421018123));
#5267=CARTESIAN_POINT('Ctrl Pts',(100.593985705142,42.8696286181116,8.68135494050471));
#5268=CARTESIAN_POINT('Ctrl Pts',(100.366037571861,42.6779288100636,8.68135494050473));
#5269=CARTESIAN_POINT('Ctrl Pts',(100.366037571861,42.6779288100636,9.1753398450783));
#5270=CARTESIAN_POINT('Ctrl Pts',(100.140206913072,42.6779288100636,10.1627171284988));
#5271=CARTESIAN_POINT('Ctrl Pts',(99.1935956721253,42.6779288100636,11.35135131778));
#5272=CARTESIAN_POINT('Ctrl Pts',(97.8240324986054,42.6779288100636,12.0102096433895));
#5273=CARTESIAN_POINT('Ctrl Pts',(96.3047072758736,42.6779288100636,12.0106666557957));
#5274=CARTESIAN_POINT('Ctrl Pts',(94.9350141286499,42.6779288100636,11.3508308572748));
#5275=CARTESIAN_POINT('Ctrl Pts',(94.0939125039862,42.6779288100636,10.2948049195789));
#5276=CARTESIAN_POINT('Ctrl Pts',(93.6501620154883,42.6779288100636,8.86221194563064));
#5277=CARTESIAN_POINT('Ctrl Pts',(93.8805947177235,42.6779288100636,7.33091621900895));
#5278=CARTESIAN_POINT('Ctrl Pts',(94.936234225025,42.6779288100636,6.01205403413122));
#5279=CARTESIAN_POINT('Ctrl Pts',(96.4184044500762,42.6779288100636,5.29494629832989));
#5280=CARTESIAN_POINT('Ctrl Pts',(97.9564644749785,42.6779288100635,5.38276132174344));
#5281=CARTESIAN_POINT('Ctrl Pts',(99.2719779467448,42.6779288100635,6.11156886926216));
#5282=CARTESIAN_POINT('Ctrl Pts',(100.140331364747,42.6779288100636,7.19955027660173));
#5283=CARTESIAN_POINT('Ctrl Pts',(100.366037571861,42.6779288100636,8.18737003593116));
#5284=CARTESIAN_POINT('Ctrl Pts',(100.366037571861,42.6779288100636,8.68135494050472));
#5285=CARTESIAN_POINT('Ctrl Pts',(100.075410696216,42.4112217757329,8.68135494050472));
#5286=CARTESIAN_POINT('Ctrl Pts',(100.075410696216,42.4112217757329,9.13190619343411));
#5287=CARTESIAN_POINT('Ctrl Pts',(99.8694969472655,42.4112217757329,10.0324142692487));
#5288=CARTESIAN_POINT('Ctrl Pts',(99.0062174830467,42.4112217757329,11.1164964205458));
#5289=CARTESIAN_POINT('Ctrl Pts',(97.7571838270972,42.4112217757329,11.7173649460674));
#5290=CARTESIAN_POINT('Ctrl Pts',(96.3714925334187,42.4112217757329,11.717801554068));
#5291=CARTESIAN_POINT('Ctrl Pts',(95.1222910256619,42.4112217757329,11.1159806421977));
#5292=CARTESIAN_POINT('Ctrl Pts',(94.3551664581568,42.4112217757329,10.1528583306014));
#5293=CARTESIAN_POINT('Ctrl Pts',(93.9504622660784,42.4112217757329,8.8462676703951));
#5294=CARTESIAN_POINT('Ctrl Pts',(94.1606035123429,42.4112217757329,7.44968129251863));
#5295=CARTESIAN_POINT('Ctrl Pts',(95.1233992723316,42.4112217757328,6.24684471609994));
#5296=CARTESIAN_POINT('Ctrl Pts',(96.4751580783662,42.4112217757328,5.59279533472683));
#5297=CARTESIAN_POINT('Ctrl Pts',(97.8778894726035,42.4112217757328,5.67292459135945));
#5298=CARTESIAN_POINT('Ctrl Pts',(99.0776904614107,42.4112217757328,6.33760402342378));
#5299=CARTESIAN_POINT('Ctrl Pts',(99.8695984774668,42.4112217757328,7.32988966159499));
#5300=CARTESIAN_POINT('Ctrl Pts',(100.075410696216,42.4112217757329,8.23080368757535));
#5301=CARTESIAN_POINT('Ctrl Pts',(100.075410696216,42.4112217757329,8.68135494050473));
#5302=CARTESIAN_POINT('Ctrl Pts',(99.6521242589645,41.9880036175148,8.68135494050471));
#5303=CARTESIAN_POINT('Ctrl Pts',(99.6521242589645,41.9880036175148,9.06851341636223));
#5304=CARTESIAN_POINT('Ctrl Pts',(99.4751184158967,41.9880036175148,9.8423767076661));
#5305=CARTESIAN_POINT('Ctrl Pts',(98.7331960063152,41.9880036175148,10.7739716832598));
#5306=CARTESIAN_POINT('Ctrl Pts',(97.6597849766279,41.9880036175148,11.2903608206286));
#5307=CARTESIAN_POINT('Ctrl Pts',(96.4690112069433,41.9880036175148,11.2907150725504));
#5308=CARTESIAN_POINT('Ctrl Pts',(95.395508106926,41.9880036175148,10.7735719361788));
#5309=CARTESIAN_POINT('Ctrl Pts',(94.7362938438663,41.9880036175148,9.94590586854145));
#5310=CARTESIAN_POINT('Ctrl Pts',(94.3885005058738,41.9880036175148,8.82310924172513));
#5311=CARTESIAN_POINT('Ctrl Pts',(94.569107202104,41.9880036175148,7.6229490905844));
#5312=CARTESIAN_POINT('Ctrl Pts',(95.3964652605262,41.9880036175148,6.58928387911452));
#5313=CARTESIAN_POINT('Ctrl Pts',(96.5581277761304,41.9880036175148,6.02725256065389));
#5314=CARTESIAN_POINT('Ctrl Pts',(97.7635942896859,41.9880036175148,6.09607016732733));
#5315=CARTESIAN_POINT('Ctrl Pts',(98.7946312489053,41.9880036175148,6.66727931784772));
#5316=CARTESIAN_POINT('Ctrl Pts',(99.4752183343083,41.9880036175148,7.5199868574624));
#5317=CARTESIAN_POINT('Ctrl Pts',(99.6521242589644,41.9880036175148,8.29419646464723));
#5318=CARTESIAN_POINT('Ctrl Pts',(99.6521242589644,41.9880036175148,8.68135494050474));
#5319=CARTESIAN_POINT('Ctrl Pts',(99.3329761828658,41.6399012739746,8.68135494050471));
#5320=CARTESIAN_POINT('Ctrl Pts',(99.3329761828658,41.6399012739746,9.02075568420685));
#5321=CARTESIAN_POINT('Ctrl Pts',(99.177795496407,41.6399012739746,9.69916774735984));
#5322=CARTESIAN_POINT('Ctrl Pts',(98.5273770733923,41.6399012739746,10.5158526397177));
#5323=CARTESIAN_POINT('Ctrl Pts',(97.5863591549606,41.6399012739746,10.9685520035202));
#5324=CARTESIAN_POINT('Ctrl Pts',(96.5424654353097,41.6399012739746,10.9688595260979));
#5325=CARTESIAN_POINT('Ctrl Pts',(95.6013743593326,41.6399012739746,10.5155084980964));
#5326=CARTESIAN_POINT('Ctrl Pts',(95.0234735813105,41.6399012739746,9.78993070474624));
#5327=CARTESIAN_POINT('Ctrl Pts',(94.7185775875699,41.6399012739746,8.8056297128728));
#5328=CARTESIAN_POINT('Ctrl Pts',(94.8769103351147,41.6399012739746,7.75350395293531));
#5329=CARTESIAN_POINT('Ctrl Pts',(95.6022141444483,41.6399012739746,6.84733608023143));
#5330=CARTESIAN_POINT('Ctrl Pts',(96.620594408934,41.6399012739746,6.35463282872209));
#5331=CARTESIAN_POINT('Ctrl Pts',(97.6773757267023,41.6399012739746,6.41495605472461));
#5332=CARTESIAN_POINT('Ctrl Pts',(98.5812366898946,41.6399012739746,6.91571130264062));
#5333=CARTESIAN_POINT('Ctrl Pts',(99.1778849250658,41.6399012739746,7.6632389019304));
#5334=CARTESIAN_POINT('Ctrl Pts',(99.3329761828658,41.6399012739746,8.34195419680262));
#5335=CARTESIAN_POINT('Ctrl Pts',(99.3329761828658,41.6399012739746,8.68135494050475));
#5336=CARTESIAN_POINT('Ctrl Pts',(99.2213459555185,41.4994435947599,8.6813549405047));
#5337=CARTESIAN_POINT('Ctrl Pts',(99.2213459555185,41.4994435947599,9.00404438387819));
#5338=CARTESIAN_POINT('Ctrl Pts',(99.0737940595929,41.4994435947599,9.64906364068111));
#5339=CARTESIAN_POINT('Ctrl Pts',(98.4553808730979,41.4994435947599,10.4255449988158));
#5340=CARTESIAN_POINT('Ctrl Pts',(97.5606747307935,41.4994435947599,10.8559662320472));
#5341=CARTESIAN_POINT('Ctrl Pts',(96.5681706247016,41.4994435947599,10.856254723341));
#5342=CARTESIAN_POINT('Ctrl Pts',(95.6734046233932,41.4994435947599,10.4252258805146));
#5343=CARTESIAN_POINT('Ctrl Pts',(95.1239537784787,41.4994435947599,9.73536352258226));
#5344=CARTESIAN_POINT('Ctrl Pts',(94.8340643485911,41.4994435947599,8.7995190539437));
#5345=CARTESIAN_POINT('Ctrl Pts',(94.9846071882649,41.4994435947599,7.7991837280955));
#5346=CARTESIAN_POINT('Ctrl Pts',(95.6742039587009,41.4994435947599,6.93762074716487));
#5347=CARTESIAN_POINT('Ctrl Pts',(96.6424595534666,41.4994435947599,6.46917575274967));
#5348=CARTESIAN_POINT('Ctrl Pts',(97.6472260324869,41.4994435947599,6.52652184727982));
#5349=CARTESIAN_POINT('Ctrl Pts',(98.5065920152632,41.4994435947599,7.00263045027517));
#5350=CARTESIAN_POINT('Ctrl Pts',(99.0738814407712,41.4994435947599,7.71335840687625));
#5351=CARTESIAN_POINT('Ctrl Pts',(99.2213459555185,41.4994435947599,8.35866549713128));
#5352=CARTESIAN_POINT('Ctrl Pts',(99.2213459555185,41.4994435947599,8.68135494050476));
#5353=CARTESIAN_POINT('Ctrl Pts',(99.1719336041162,41.426157909372,8.6813549405047));
#5354=CARTESIAN_POINT('Ctrl Pts',(99.1719336041162,41.426157909372,8.9966239629182));
#5355=CARTESIAN_POINT('Ctrl Pts',(99.0277410405639,41.4261579093721,9.62684061538758));
#5356=CARTESIAN_POINT('Ctrl Pts',(98.4234925964396,41.426157909372,10.3854892811588));
#5357=CARTESIAN_POINT('Ctrl Pts',(97.5492993399661,41.4261579093721,10.8060458398876));
#5358=CARTESIAN_POINT('Ctrl Pts',(96.579592234597,41.4261579093721,10.8063167214186));
#5359=CARTESIAN_POINT('Ctrl Pts',(95.705367857263,41.4261579093721,10.385200297535));
#5360=CARTESIAN_POINT('Ctrl Pts',(95.1685390908603,41.4261579093721,9.71117257831455));
#5361=CARTESIAN_POINT('Ctrl Pts',(94.8852994521723,41.4261579093721,8.79682534143108));
#5362=CARTESIAN_POINT('Ctrl Pts',(95.0323974837465,41.4261579093721,7.81945438459127));
#5363=CARTESIAN_POINT('Ctrl Pts',(95.7061513489455,41.426157909372,6.97766768335708));
#5364=CARTESIAN_POINT('Ctrl Pts',(96.6521921595871,41.426157909372,6.51999116806306));
#5365=CARTESIAN_POINT('Ctrl Pts',(97.6339059856858,41.426157909372,6.57599892722405));
#5366=CARTESIAN_POINT('Ctrl Pts',(98.4735358383739,41.426157909372,7.04118560473205));
#5367=CARTESIAN_POINT('Ctrl Pts',(99.0278330599599,41.426157909372,7.73558937123569));
#5368=CARTESIAN_POINT('Ctrl Pts',(99.1719336041162,41.426157909372,8.36608591809127));
#5369=CARTESIAN_POINT('Ctrl Pts',(99.1719336041162,41.426157909372,8.68135494050476));
#5370=CARTESIAN_POINT('Ctrl Pts',(99.164463609645,41.4075761440819,8.6813549405047));
#5371=CARTESIAN_POINT('Ctrl Pts',(99.164463609645,41.4075761440819,8.99552963207558));
#5372=CARTESIAN_POINT('Ctrl Pts',(99.0207995436916,41.4075761440819,9.62353385120113));
#5373=CARTESIAN_POINT('Ctrl Pts',(98.4186950206666,41.4075761440819,10.3795301335484));
#5374=CARTESIAN_POINT('Ctrl Pts',(97.5475871464828,41.4075761440819,10.7985994107187));
#5375=CARTESIAN_POINT('Ctrl Pts',(96.5812677316644,41.4075761440819,10.7988784670099));
#5376=CARTESIAN_POINT('Ctrl Pts',(95.7101061216396,41.4075761440819,10.3792232213321));
#5377=CARTESIAN_POINT('Ctrl Pts',(95.1751514101968,41.4075761440819,9.70755930833646));
#5378=CARTESIAN_POINT('Ctrl Pts',(94.8929085243961,41.4075761440819,8.79640498586785));
#5379=CARTESIAN_POINT('Ctrl Pts',(95.0394818398129,41.4075761440819,7.82245888092788));
#5380=CARTESIAN_POINT('Ctrl Pts',(95.7108847864035,41.4075761440819,6.98362386613477));
#5381=CARTESIAN_POINT('Ctrl Pts',(96.6535996177948,41.4075761440819,6.52753904104329));
#5382=CARTESIAN_POINT('Ctrl Pts',(97.631862212372,41.4075761440819,6.58336869404156));
#5383=CARTESIAN_POINT('Ctrl Pts',(98.4685564785276,41.4075761440819,7.04691869263234));
#5384=CARTESIAN_POINT('Ctrl Pts',(99.0208857230568,41.4075761440819,7.73889601059746));
#5385=CARTESIAN_POINT('Ctrl Pts',(99.164463609645,41.4075761440819,8.36718024893388));
#5386=CARTESIAN_POINT('Ctrl Pts',(99.164463609645,41.4075761440819,8.68135494050476));
#5387=CARTESIAN_POINT('Ctrl Pts',(99.164463609645,41.3999999999977,8.6813549405047));
#5388=CARTESIAN_POINT('Ctrl Pts',(99.164463609645,41.3999999999977,8.99551277605054));
#5389=CARTESIAN_POINT('Ctrl Pts',(99.0207868727033,41.3999999999978,9.62350142107108));
#5390=CARTESIAN_POINT('Ctrl Pts',(98.4186807891418,41.3999999999977,10.3794710027938));
#5391=CARTESIAN_POINT('Ctrl Pts',(97.5475825432021,41.3999999999978,10.7985378083437));
#5392=CARTESIAN_POINT('Ctrl Pts',(96.5812991461279,41.3999999999978,10.7988102133763));
#5393=CARTESIAN_POINT('Ctrl Pts',(95.7101637109584,41.3999999999978,10.3791778904606));
#5394=CARTESIAN_POINT('Ctrl Pts',(95.1752299340351,41.3999999999978,9.70753240347727));
#5395=CARTESIAN_POINT('Ctrl Pts',(94.8929922899498,41.3999999999978,8.79641304394814));
#5396=CARTESIAN_POINT('Ctrl Pts',(95.0395680245288,41.3999999999977,7.82249567809559));
#5397=CARTESIAN_POINT('Ctrl Pts',(95.7109438682167,41.3999999999977,6.98368400178271));
#5398=CARTESIAN_POINT('Ctrl Pts',(96.6536388275351,41.3999999999977,6.52762142697469));
#5399=CARTESIAN_POINT('Ctrl Pts',(97.6318806822236,41.3999999999977,6.58343621542782));
#5400=CARTESIAN_POINT('Ctrl Pts',(98.4685454537713,41.3999999999977,7.04697733825486));
#5401=CARTESIAN_POINT('Ctrl Pts',(99.0208770667934,41.3999999999977,7.73892925397253));
#5402=CARTESIAN_POINT('Ctrl Pts',(99.164463609645,41.3999999999977,8.36719710495893));
#5403=CARTESIAN_POINT('Ctrl Pts',(99.164463609645,41.3999999999977,8.68135494050476));
#5404=CARTESIAN_POINT('',(99.164463609645,41.3999999999977,8.68135494050474));
#5405=CARTESIAN_POINT('Ctrl Pts',(100.664463609645,42.8999999999977,8.68135494050474));
#5406=CARTESIAN_POINT('Ctrl Pts',(100.478614594996,42.8999999999977,8.68135494050474));
#5407=CARTESIAN_POINT('Ctrl Pts',(99.164463609645,41.5858490146467,8.68135494050474));
#5408=CARTESIAN_POINT('Ctrl Pts',(99.164463609645,41.3999999999977,8.68135494050474));
#5409=CARTESIAN_POINT('Origin',(97.064463609645,41.3999999999977,8.68135494050474));
#5410=CARTESIAN_POINT('Ctrl Pts',(42.4537556162243,42.8999999999977,-120.122185026557));
#5411=CARTESIAN_POINT('Ctrl Pts',(42.4537556162243,42.8999999999977,-119.58362873705));
#5412=CARTESIAN_POINT('Ctrl Pts',(42.2075893739317,42.8999999999978,-118.50659437852));
#5413=CARTESIAN_POINT('Ctrl Pts',(41.2607439565306,42.8999999999978,-117.320368521787));
#5414=CARTESIAN_POINT('Ctrl Pts',(39.8264593943593,42.8999999999978,-116.52571269335));
#5415=CARTESIAN_POINT('Ctrl Pts',(38.1494820199322,42.8999999999978,-116.430017499609));
#5416=CARTESIAN_POINT('Ctrl Pts',(36.5334381157582,42.8999999999978,-117.211831346402));
#5417=CARTESIAN_POINT('Ctrl Pts',(35.3825041012338,42.8999999999978,-118.649797123634));
#5418=CARTESIAN_POINT('Ctrl Pts',(35.1312196009201,42.8999999999978,-120.319374844087));
#5419=CARTESIAN_POINT('Ctrl Pts',(35.6150533475211,42.8999999999978,-121.881300710284));
#5420=CARTESIAN_POINT('Ctrl Pts',(36.5320873650246,42.8999999999978,-123.032698129897));
#5421=CARTESIAN_POINT('Ctrl Pts',(38.0254606152713,42.8999999999977,-123.752075389698));
#5422=CARTESIAN_POINT('Ctrl Pts',(39.6819452539908,42.8999999999977,-123.751612875031));
#5423=CARTESIAN_POINT('Ctrl Pts',(41.175259488206,42.8999999999977,-123.033224163204));
#5424=CARTESIAN_POINT('Ctrl Pts',(42.2074364533367,42.8999999999978,-121.737284740622));
#5425=CARTESIAN_POINT('Ctrl Pts',(42.4537556162235,42.8999999999977,-120.660741316064));
#5426=CARTESIAN_POINT('Ctrl Pts',(42.4537556162235,42.8999999999977,-120.122185026557));
#5427=CARTESIAN_POINT('Ctrl Pts',(42.438603328056,42.8999999999978,-120.122185026557));
#5428=CARTESIAN_POINT('Ctrl Pts',(42.438603328056,42.8999999999978,-119.585638011293));
#5429=CARTESIAN_POINT('Ctrl Pts',(42.1935902817058,42.8999999999978,-118.512835959868));
#5430=CARTESIAN_POINT('Ctrl Pts',(41.2507197646375,42.8999999999978,-117.331179475045));
#5431=CARTESIAN_POINT('Ctrl Pts',(39.8220031461037,42.8999999999978,-116.539688149913));
#5432=CARTESIAN_POINT('Ctrl Pts',(38.1517099494849,42.8999999999978,-116.444194772143));
#5433=CARTESIAN_POINT('Ctrl Pts',(36.5421135866388,42.8999999999978,-117.223059742192));
#5434=CARTESIAN_POINT('Ctrl Pts',(35.3955928388234,42.8999999999978,-118.655385899582));
#5435=CARTESIAN_POINT('Ctrl Pts',(35.1453884874285,42.8999999999978,-120.318436338378));
#5436=CARTESIAN_POINT('Ctrl Pts',(35.6272875068809,42.8999999999978,-121.87436117442));
#5437=CARTESIAN_POINT('Ctrl Pts',(36.5408029878737,42.8999999999978,-123.021242109592));
#5438=CARTESIAN_POINT('Ctrl Pts',(38.0283276652468,42.8999999999977,-123.737944218475));
#5439=CARTESIAN_POINT('Ctrl Pts',(39.6784258200435,42.8999999999977,-123.737401989555));
#5440=CARTESIAN_POINT('Ctrl Pts',(41.1656462228893,42.8999999999977,-123.021952417314));
#5441=CARTESIAN_POINT('Ctrl Pts',(42.1934985297446,42.8999999999978,-121.731029043331));
#5442=CARTESIAN_POINT('Ctrl Pts',(42.4386033280552,42.8999999999977,-120.658732041822));
#5443=CARTESIAN_POINT('Ctrl Pts',(42.4386033280552,42.8999999999977,-120.122185026557));
#5444=CARTESIAN_POINT('Ctrl Pts',(42.3832563854112,42.869615069148,-120.122185026557));
#5445=CARTESIAN_POINT('Ctrl Pts',(42.3832563854112,42.869615069148,-119.594204296234));
#5446=CARTESIAN_POINT('Ctrl Pts',(42.1418976830311,42.869615069148,-118.538295456834));
#5447=CARTESIAN_POINT('Ctrl Pts',(41.2135956154497,42.869615069148,-117.375347202789));
#5448=CARTESIAN_POINT('Ctrl Pts',(39.8074515342848,42.869615069148,-116.596273469923));
#5449=CARTESIAN_POINT('Ctrl Pts',(38.1633566718588,42.869615069148,-116.502474878476));
#5450=CARTESIAN_POINT('Ctrl Pts',(36.5789997829192,42.869615069148,-117.268939951734));
#5451=CARTESIAN_POINT('Ctrl Pts',(35.4506530969281,42.869615069148,-118.678699474191));
#5452=CARTESIAN_POINT('Ctrl Pts',(35.2042870016093,42.869615069148,-120.315525454185));
#5453=CARTESIAN_POINT('Ctrl Pts',(35.6786343395071,42.869615069148,-121.846799515858));
#5454=CARTESIAN_POINT('Ctrl Pts',(36.5776716094037,42.869615069148,-122.975611916336));
#5455=CARTESIAN_POINT('Ctrl Pts',(38.0417508269557,42.869615069148,-123.680861876779));
#5456=CARTESIAN_POINT('Ctrl Pts',(39.6657304955333,42.869615069148,-123.680417599796));
#5457=CARTESIAN_POINT('Ctrl Pts',(41.1297794522903,42.869615069148,-122.976106683514));
#5458=CARTESIAN_POINT('Ctrl Pts',(42.1417409529687,42.869615069148,-121.705595095514));
#5459=CARTESIAN_POINT('Ctrl Pts',(42.3832563854105,42.869615069148,-120.650165756881));
#5460=CARTESIAN_POINT('Ctrl Pts',(42.3832563854105,42.869615069148,-120.122185026557));
#5461=CARTESIAN_POINT('Ctrl Pts',(42.1553112323718,42.677916413939,-120.122185026557));
#5462=CARTESIAN_POINT('Ctrl Pts',(42.1553112323718,42.677916413939,-119.628200121984));
#5463=CARTESIAN_POINT('Ctrl Pts',(41.9295868432356,42.677916413939,-118.640364894549));
#5464=CARTESIAN_POINT('Ctrl Pts',(41.0612330278555,42.677916413939,-117.5523543115));
#5465=CARTESIAN_POINT('Ctrl Pts',(39.7457147516278,42.677916413939,-116.823523527291));
#5466=CARTESIAN_POINT('Ctrl Pts',(38.2076510061317,42.677916413939,-116.735702588915));
#5467=CARTESIAN_POINT('Ctrl Pts',(36.7254750933064,42.677916413939,-117.452803437992));
#5468=CARTESIAN_POINT('Ctrl Pts',(35.6698283956603,42.677916413939,-118.771681259736));
#5469=CARTESIAN_POINT('Ctrl Pts',(35.4393822914062,42.677916413939,-120.302995706044));
#5470=CARTESIAN_POINT('Ctrl Pts',(35.8831354895436,42.677916413939,-121.735604240664));
#5471=CARTESIAN_POINT('Ctrl Pts',(36.724246439204,42.677916413939,-122.791646199395));
#5472=CARTESIAN_POINT('Ctrl Pts',(38.0939455071571,42.677916413939,-123.451489739728));
#5473=CARTESIAN_POINT('Ctrl Pts',(39.6132774583881,42.6779164139389,-123.451041596395));
#5474=CARTESIAN_POINT('Ctrl Pts',(40.9828503339022,42.6779164139389,-122.792183367865));
#5475=CARTESIAN_POINT('Ctrl Pts',(41.9294643671455,42.6779164139389,-121.603550173289));
#5476=CARTESIAN_POINT('Ctrl Pts',(42.1553112323711,42.6779164139389,-120.616169931131));
#5477=CARTESIAN_POINT('Ctrl Pts',(42.1553112323711,42.6779164139389,-120.122185026557));
#5478=CARTESIAN_POINT('Ctrl Pts',(41.8646768131187,42.4112030365859,-120.122185026557));
#5479=CARTESIAN_POINT('Ctrl Pts',(41.8646768131187,42.4112030365859,-119.671633773628));
#5480=CARTESIAN_POINT('Ctrl Pts',(41.6588463074421,42.4112030365859,-118.770696914124));
#5481=CARTESIAN_POINT('Ctrl Pts',(40.866931205143,42.4112030365859,-117.778378531696));
#5482=CARTESIAN_POINT('Ctrl Pts',(39.667123406952,42.4112030365859,-117.113670270523));
#5483=CARTESIAN_POINT('Ctrl Pts',(38.2643797058239,42.4112030365859,-117.033539887991));
#5484=CARTESIAN_POINT('Ctrl Pts',(36.9126080320644,42.4112030365859,-117.687583180951));
#5485=CARTESIAN_POINT('Ctrl Pts',(35.9498030412074,42.4112030365859,-118.890443524267));
#5486=CARTESIAN_POINT('Ctrl Pts',(35.7396475112587,42.4112030365859,-120.287057269505));
#5487=CARTESIAN_POINT('Ctrl Pts',(36.1443577074687,42.4112030365859,-121.593668800807));
#5488=CARTESIAN_POINT('Ctrl Pts',(36.9114944443283,42.4112030365859,-122.556813960066));
#5489=CARTESIAN_POINT('Ctrl Pts',(38.1607071247098,42.4112030365859,-123.158642470028));
#5490=CARTESIAN_POINT('Ctrl Pts',(39.546410363982,42.4112030365859,-123.158217408407));
#5491=CARTESIAN_POINT('Ctrl Pts',(40.7954587511387,42.4112030365859,-122.557341221628));
#5492=CARTESIAN_POINT('Ctrl Pts',(41.6587467445074,42.4112030365859,-121.473254962281));
#5493=CARTESIAN_POINT('Ctrl Pts',(41.8646768131182,42.4112030365859,-120.572736279487));
#5494=CARTESIAN_POINT('Ctrl Pts',(41.8646768131182,42.4112030365859,-120.122185026557));
#5495=CARTESIAN_POINT('Ctrl Pts',(41.4413968668998,41.9879898075267,-120.122185026557));
#5496=CARTESIAN_POINT('Ctrl Pts',(41.4413968668998,41.9879898075267,-119.7350265507));
#5497=CARTESIAN_POINT('Ctrl Pts',(41.264477963539,41.9879898075267,-118.960807404528));
#5498=CARTESIAN_POINT('Ctrl Pts',(40.5838936602636,41.9879898075267,-118.10807878837));
#5499=CARTESIAN_POINT('Ctrl Pts',(39.5528542794335,41.9879898075267,-117.536853736936));
#5500=CARTESIAN_POINT('Ctrl Pts',(38.3473883199195,41.9879898075267,-117.468030029569));
#5501=CARTESIAN_POINT('Ctrl Pts',(37.1857245345794,41.9879898075267,-118.030055784958));
#5502=CARTESIAN_POINT('Ctrl Pts',(36.3583618458087,41.9879898075267,-119.063730271509));
#5503=CARTESIAN_POINT('Ctrl Pts',(36.1777456218785,41.9879898075267,-120.263901863598));
#5504=CARTESIAN_POINT('Ctrl Pts',(36.5255398666443,41.9879898075267,-121.386708668887));
#5505=CARTESIAN_POINT('Ctrl Pts',(37.1847603238327,41.9879898075267,-122.214384779474));
#5506=CARTESIAN_POINT('Ctrl Pts',(38.2582658166159,41.9879898075266,-122.731533911498));
#5507=CARTESIAN_POINT('Ctrl Pts',(39.4490428856165,41.9879898075266,-122.731185600223));
#5508=CARTESIAN_POINT('Ctrl Pts',(40.5224582744039,41.9879898075266,-122.214799107528));
#5509=CARTESIAN_POINT('Ctrl Pts',(41.2643798014105,41.9879898075266,-121.283206627508));
#5510=CARTESIAN_POINT('Ctrl Pts',(41.4413968668996,41.9879898075266,-120.509343502415));
#5511=CARTESIAN_POINT('Ctrl Pts',(41.4413968668996,41.9879898075266,-120.122185026557));
#5512=CARTESIAN_POINT('Ctrl Pts',(41.1222528327913,41.6398905346987,-120.122185026557));
#5513=CARTESIAN_POINT('Ctrl Pts',(41.1222528327913,41.6398905346987,-119.782784282855));
#5514=CARTESIAN_POINT('Ctrl Pts',(40.967150424768,41.6398905346987,-119.104061932148));
#5515=CARTESIAN_POINT('Ctrl Pts',(40.3705055956628,41.6398905346987,-118.356516775589));
#5516=CARTESIAN_POINT('Ctrl Pts',(39.4666428505528,41.6398905346987,-117.855748729705));
#5517=CARTESIAN_POINT('Ctrl Pts',(38.4098633232455,41.6398905346987,-117.795419523568));
#5518=CARTESIAN_POINT('Ctrl Pts',(37.3914830627445,41.6398905346987,-118.288117873271));
#5519=CARTESIAN_POINT('Ctrl Pts',(36.6661755867511,41.6398905346987,-119.194292459696));
#5520=CARTESIAN_POINT('Ctrl Pts',(36.5078347820824,41.6398905346987,-120.246426714559));
#5521=CARTESIAN_POINT('Ctrl Pts',(36.812731047917,41.6398905346987,-121.23073563076));
#5522=CARTESIAN_POINT('Ctrl Pts',(37.3906367083864,41.6398905346987,-121.956320997818));
#5523=CARTESIAN_POINT('Ctrl Pts',(38.3317290369981,41.6398905346987,-122.409677198348));
#5524=CARTESIAN_POINT('Ctrl Pts',(39.3756247883633,41.6398905346987,-122.409374365491));
#5525=CARTESIAN_POINT('Ctrl Pts',(40.3166457014601,41.6398905346986,-121.956678470685));
#5526=CARTESIAN_POINT('Ctrl Pts',(40.9670625017455,41.6398905346987,-121.139996508713));
#5527=CARTESIAN_POINT('Ctrl Pts',(41.1222528327912,41.6398905346987,-120.461585770259));
#5528=CARTESIAN_POINT('Ctrl Pts',(41.1222528327912,41.6398905346987,-120.122185026557));
#5529=CARTESIAN_POINT('Ctrl Pts',(41.0106300861614,41.4994381123864,-120.122185026557));
#5530=CARTESIAN_POINT('Ctrl Pts',(41.0106300861614,41.4994381123864,-119.799495583184));
#5531=CARTESIAN_POINT('Ctrl Pts',(40.8631546335733,41.4994381123864,-119.154182888107));
#5532=CARTESIAN_POINT('Ctrl Pts',(40.2958685032662,41.4994381123864,-118.443439033794));
#5533=CARTESIAN_POINT('Ctrl Pts',(39.4365006833615,41.4994381123864,-117.967319193109));
#5534=CARTESIAN_POINT('Ctrl Pts',(38.4317364362524,41.4994381123864,-117.909967017364));
#5535=CARTESIAN_POINT('Ctrl Pts',(37.463481158941,41.4994381123864,-118.378407405081));
#5536=CARTESIAN_POINT('Ctrl Pts',(36.7738810867151,41.4994381123864,-119.239975686009));
#5537=CARTESIAN_POINT('Ctrl Pts',(36.6233305836974,41.4994381123864,-120.240317917627));
#5538=CARTESIAN_POINT('Ctrl Pts',(36.9132199483263,41.4994381123864,-121.176169103959));
#5539=CARTESIAN_POINT('Ctrl Pts',(37.46267499279,41.4994381123864,-121.866037674764));
#5540=CARTESIAN_POINT('Ctrl Pts',(38.3574418423095,41.4994381123864,-122.297071304832));
#5541=CARTESIAN_POINT('Ctrl Pts',(39.3499473281487,41.4994381123864,-122.29678682545));
#5542=CARTESIAN_POINT('Ctrl Pts',(40.2446566555668,41.4994381123864,-121.866369673736));
#5543=CARTESIAN_POINT('Ctrl Pts',(40.8630684780211,41.4994381123864,-121.089891569961));
#5544=CARTESIAN_POINT('Ctrl Pts',(41.0106300861614,41.4994381123864,-120.444874469931));
#5545=CARTESIAN_POINT('Ctrl Pts',(41.0106300861614,41.4994381123864,-120.122185026557));
#5546=CARTESIAN_POINT('Ctrl Pts',(40.9612209104609,41.4261546956221,-120.122185026557));
#5547=CARTESIAN_POINT('Ctrl Pts',(40.9612209104609,41.4261546956221,-119.806916004144));
#5548=CARTESIAN_POINT('Ctrl Pts',(40.8171109100012,41.4261546956221,-119.176419082923));
#5549=CARTESIAN_POINT('Ctrl Pts',(40.262821175425,41.4261546956221,-118.482003362422));
#5550=CARTESIAN_POINT('Ctrl Pts',(39.4231911377706,41.4261546956221,-118.016810185036));
#5551=CARTESIAN_POINT('Ctrl Pts',(38.4414849570755,41.4261546956221,-117.960793927317));
#5552=CARTESIAN_POINT('Ctrl Pts',(37.4954492256795,41.4261546956221,-118.418465796007));
#5553=CARTESIAN_POINT('Ctrl Pts',(36.8216937624503,41.4261546956221,-119.260252067619));
#5554=CARTESIAN_POINT('Ctrl Pts',(36.6745895598811,41.4261546956221,-120.23762369745));
#5555=CARTESIAN_POINT('Ctrl Pts',(36.9578270172288,41.4261546956221,-121.151973580755));
#5556=CARTESIAN_POINT('Ctrl Pts',(37.4946577353193,41.4261546956221,-121.826002532252));
#5557=CARTESIAN_POINT('Ctrl Pts',(38.3688794021596,41.4261546956221,-122.2471233459));
#5558=CARTESIAN_POINT('Ctrl Pts',(39.338584381882,41.4261546956221,-122.246854366812));
#5559=CARTESIAN_POINT('Ctrl Pts',(40.2127768524879,41.4261546956221,-121.826306410311));
#5560=CARTESIAN_POINT('Ctrl Pts',(40.8170200697376,41.4261546956221,-121.067663926776));
#5561=CARTESIAN_POINT('Ctrl Pts',(40.9612209104609,41.4261546956221,-120.437454048971));
#5562=CARTESIAN_POINT('Ctrl Pts',(40.9612209104609,41.4261546956221,-120.122185026557));
#5563=CARTESIAN_POINT('Ctrl Pts',(40.9537556162233,41.4075761440819,-120.122185026557));
#5564=CARTESIAN_POINT('Ctrl Pts',(40.9537556162233,41.4075761440819,-119.808010334987));
#5565=CARTESIAN_POINT('Ctrl Pts',(40.8101663065148,41.4075761440819,-119.179720595124));
#5566=CARTESIAN_POINT('Ctrl Pts',(40.2578391359805,41.4075761440819,-118.487727794291));
#5567=CARTESIAN_POINT('Ctrl Pts',(39.4211424451334,41.4075761440819,-118.02416676616));
#5568=CARTESIAN_POINT('Ctrl Pts',(38.4428811495285,41.4075761440819,-117.968331414386));
#5569=CARTESIAN_POINT('Ctrl Pts',(37.5001656763932,41.4075761440819,-118.424411863618));
#5570=CARTESIAN_POINT('Ctrl Pts',(36.8287592884285,41.4075761440819,-119.263252252114));
#5571=CARTESIAN_POINT('Ctrl Pts',(36.6821781361626,41.4075761440819,-120.237205314855));
#5572=CARTESIAN_POINT('Ctrl Pts',(36.9644211467738,41.4075761440819,-121.148366251055));
#5573=CARTESIAN_POINT('Ctrl Pts',(37.4993799947317,41.4075761440819,-121.820036329475));
#5574=CARTESIAN_POINT('Ctrl Pts',(38.3705429969584,41.4075761440819,-122.23969615194));
#5575=CARTESIAN_POINT('Ctrl Pts',(39.3368640381028,41.4075761440819,-122.23942100601));
#5576=CARTESIAN_POINT('Ctrl Pts',(40.2079765428871,41.4075761440819,-121.820355390185));
#5577=CARTESIAN_POINT('Ctrl Pts',(40.8100810649348,41.4075761440819,-121.064362020513));
#5578=CARTESIAN_POINT('Ctrl Pts',(40.9537556162233,41.4075761440819,-120.436359718128));
#5579=CARTESIAN_POINT('Ctrl Pts',(40.9537556162233,41.4075761440819,-120.122185026557));
#5580=CARTESIAN_POINT('Ctrl Pts',(40.9537556162233,41.3999999999977,-120.122185026557));
#5581=CARTESIAN_POINT('Ctrl Pts',(40.9537556162233,41.3999999999977,-119.808027191012));
#5582=CARTESIAN_POINT('Ctrl Pts',(40.8101586415527,41.3999999999977,-119.179757148536));
#5583=CARTESIAN_POINT('Ctrl Pts',(40.2578321480689,41.3999999999978,-118.487792065441));
#5584=CARTESIAN_POINT('Ctrl Pts',(39.421166153469,41.3999999999978,-118.024242832186));
#5585=CARTESIAN_POINT('Ctrl Pts',(38.4429293517199,41.3999999999978,-117.968420635838));
#5586=CARTESIAN_POINT('Ctrl Pts',(37.5002370742852,41.3999999999978,-118.424478713133));
#5587=CARTESIAN_POINT('Ctrl Pts',(36.828858899146,41.3999999999978,-119.263292083185));
#5588=CARTESIAN_POINT('Ctrl Pts',(36.6822762739631,41.3999999999978,-120.237212420116));
#5589=CARTESIAN_POINT('Ctrl Pts',(36.964512626147,41.3999999999978,-121.148335842065));
#5590=CARTESIAN_POINT('Ctrl Pts',(37.4994491363573,41.3999999999978,-121.819984336839));
#5591=CARTESIAN_POINT('Ctrl Pts',(38.3705835323346,41.3999999999977,-122.239621071723));
#5592=CARTESIAN_POINT('Ctrl Pts',(39.3368662382543,41.3999999999977,-122.2393512715));
#5593=CARTESIAN_POINT('Ctrl Pts',(40.2079662082131,41.3999999999977,-121.820291189601));
#5594=CARTESIAN_POINT('Ctrl Pts',(40.8100694378727,41.3999999999977,-121.064326526428));
#5595=CARTESIAN_POINT('Ctrl Pts',(40.9537556162233,41.3999999999977,-120.436342862103));
#5596=CARTESIAN_POINT('Ctrl Pts',(40.9537556162233,41.3999999999977,-120.122185026557));
#5597=CARTESIAN_POINT('',(40.9537556162233,41.3999999999977,-120.122185026557));
#5598=CARTESIAN_POINT('Ctrl Pts',(42.4537556162233,42.8999999999977,-120.122185026557));
#5599=CARTESIAN_POINT('Ctrl Pts',(42.2679066015743,42.8999999999977,-120.122185026557));
#5600=CARTESIAN_POINT('Ctrl Pts',(40.9537556162233,41.5858490146467,-120.122185026557));
#5601=CARTESIAN_POINT('Ctrl Pts',(40.9537556162233,41.3999999999977,-120.122185026557));
#5602=CARTESIAN_POINT('Origin',(38.8537556162233,41.3999999999977,-120.122185026557));
#5603=CARTESIAN_POINT('Ctrl Pts',(-41.2319083310557,42.8999999999977,-120.122185026557));
#5604=CARTESIAN_POINT('Ctrl Pts',(-41.2319083310557,42.8999999999977,-119.58362873705));
#5605=CARTESIAN_POINT('Ctrl Pts',(-41.4782805562989,42.8999999999977,-118.507069883678));
#5606=CARTESIAN_POINT('Ctrl Pts',(-42.5104619369627,42.8999999999977,-117.211089552041));
#5607=CARTESIAN_POINT('Ctrl Pts',(-44.0039770488163,42.8999999999977,-116.492683891396));
#5608=CARTESIAN_POINT('Ctrl Pts',(-45.6602797570458,42.8999999999977,-116.492166618003));
#5609=CARTESIAN_POINT('Ctrl Pts',(-47.1543045158902,42.8999999999977,-117.211574969738));
#5610=CARTESIAN_POINT('Ctrl Pts',(-47.9557225670737,42.8999999999977,-118.218898248191));
#5611=CARTESIAN_POINT('Ctrl Pts',(-48.5536435243335,42.8999999999977,-119.72755848958));
#5612=CARTESIAN_POINT('Ctrl Pts',(-48.4194025695127,42.8999999999977,-121.44960331528));
#5613=CARTESIAN_POINT('Ctrl Pts',(-47.150723592174,42.8999999999977,-123.03272152216));
#5614=CARTESIAN_POINT('Ctrl Pts',(-45.6608617924331,42.8999999999977,-123.752222949671));
#5615=CARTESIAN_POINT('Ctrl Pts',(-44.0032332723387,42.8999999999977,-123.751370599406));
#5616=CARTESIAN_POINT('Ctrl Pts',(-42.5104788596139,42.8999999999977,-123.033528485597));
#5617=CARTESIAN_POINT('Ctrl Pts',(-41.4781302261858,42.8999999999977,-121.737229551015));
#5618=CARTESIAN_POINT('Ctrl Pts',(-41.2319083310565,42.8999999999977,-120.660741316064));
#5619=CARTESIAN_POINT('Ctrl Pts',(-41.2319083310565,42.8999999999977,-120.122185026557));
#5620=CARTESIAN_POINT('Ctrl Pts',(-41.247060619224,42.8999999999978,-120.122185026557));
#5621=CARTESIAN_POINT('Ctrl Pts',(-41.247060619224,42.8999999999978,-119.585638011293));
#5622=CARTESIAN_POINT('Ctrl Pts',(-41.4922128489069,42.8999999999977,-118.513324172825));
#5623=CARTESIAN_POINT('Ctrl Pts',(-42.5200582931825,42.8999999999977,-117.222354595884));
#5624=CARTESIAN_POINT('Ctrl Pts',(-44.0074687755869,42.8999999999977,-116.506884719655));
#5625=CARTESIAN_POINT('Ctrl Pts',(-45.6573757060569,42.8999999999978,-116.506280736693));
#5626=CARTESIAN_POINT('Ctrl Pts',(-47.145541324612,42.8999999999977,-117.223011224842));
#5627=CARTESIAN_POINT('Ctrl Pts',(-47.9438667887424,42.8999999999977,-118.226366109583));
#5628=CARTESIAN_POINT('Ctrl Pts',(-48.5394556806627,42.8999999999977,-119.729268390822));
#5629=CARTESIAN_POINT('Ctrl Pts',(-48.4057878884553,42.8999999999977,-121.444414531819));
#5630=CARTESIAN_POINT('Ctrl Pts',(-47.1419383933268,42.8999999999977,-123.021546981365));
#5631=CARTESIAN_POINT('Ctrl Pts',(-45.6581008747691,42.8999999999977,-123.738219753312));
#5632=CARTESIAN_POINT('Ctrl Pts',(-44.0069810976062,42.8999999999977,-123.737272354737));
#5633=CARTESIAN_POINT('Ctrl Pts',(-42.5201246104956,42.8999999999977,-123.022294016073));
#5634=CARTESIAN_POINT('Ctrl Pts',(-41.492115287859,42.8999999999977,-121.730996940358));
#5635=CARTESIAN_POINT('Ctrl Pts',(-41.2470606192248,42.8999999999977,-120.658732041822));
#5636=CARTESIAN_POINT('Ctrl Pts',(-41.2470606192248,42.8999999999977,-120.122185026557));
#5637=CARTESIAN_POINT('Ctrl Pts',(-41.3024093918947,42.8696139018944,-120.122185026557));
#5638=CARTESIAN_POINT('Ctrl Pts',(-41.3024093918947,42.8696139018944,-119.594204296234));
#5639=CARTESIAN_POINT('Ctrl Pts',(-41.5439771356525,42.8696139018944,-118.538760239511));
#5640=CARTESIAN_POINT('Ctrl Pts',(-42.5559437154931,42.8696139018944,-117.268209344819));
#5641=CARTESIAN_POINT('Ctrl Pts',(-44.0201901687235,42.8696139018944,-116.563882468504));
#5642=CARTESIAN_POINT('Ctrl Pts',(-45.6439923704271,42.8696139018944,-116.563385223211));
#5643=CARTESIAN_POINT('Ctrl Pts',(-47.1087109145272,42.8696139018944,-117.268665963485));
#5644=CARTESIAN_POINT('Ctrl Pts',(-47.8944030512497,42.8696139018944,-118.256231975887));
#5645=CARTESIAN_POINT('Ctrl Pts',(-48.4805939945691,42.8696139018944,-119.735281260224));
#5646=CARTESIAN_POINT('Ctrl Pts',(-48.3489810575038,42.8696139018944,-121.423563298838));
#5647=CARTESIAN_POINT('Ctrl Pts',(-47.1052042472949,42.8696139018944,-122.975602860212));
#5648=CARTESIAN_POINT('Ctrl Pts',(-45.6445467960019,42.8696139018944,-123.680991601362));
#5649=CARTESIAN_POINT('Ctrl Pts',(-44.0194327887662,42.8696139018944,-123.680166926829));
#5650=CARTESIAN_POINT('Ctrl Pts',(-42.5559547984488,42.8696139018944,-122.976400315542));
#5651=CARTESIAN_POINT('Ctrl Pts',(-41.5438239438921,42.8696139018944,-121.70553819723));
#5652=CARTESIAN_POINT('Ctrl Pts',(-41.3024093918955,42.8696139018944,-120.650165756881));
#5653=CARTESIAN_POINT('Ctrl Pts',(-41.3024093918955,42.8696139018944,-120.122185026557));
#5654=CARTESIAN_POINT('Ctrl Pts',(-41.5303542884697,42.6779153493745,-120.122185026557));
#5655=CARTESIAN_POINT('Ctrl Pts',(-41.5303542884697,42.6779153493745,-119.628200121984));
#5656=CARTESIAN_POINT('Ctrl Pts',(-41.7562479546841,42.6779153493744,-118.640805506581));
#5657=CARTESIAN_POINT('Ctrl Pts',(-42.7028622887448,42.6779153493744,-117.452133350357));
#5658=CARTESIAN_POINT('Ctrl Pts',(-44.0726159804389,42.6779153493744,-116.793258805829));
#5659=CARTESIAN_POINT('Ctrl Pts',(-45.5917779326398,42.6779153493744,-116.792758241157));
#5660=CARTESIAN_POINT('Ctrl Pts',(-46.9620719405333,42.6779153493744,-117.452629543588));
#5661=CARTESIAN_POINT('Ctrl Pts',(-47.697133723356,42.6779153493744,-118.376523972898));
#5662=CARTESIAN_POINT('Ctrl Pts',(-48.245540391972,42.6779153493744,-119.760288090864));
#5663=CARTESIAN_POINT('Ctrl Pts',(-48.1224306333481,42.6779153493745,-121.339675421945));
#5664=CARTESIAN_POINT('Ctrl Pts',(-46.9587769626594,42.6779153493744,-122.791750021367));
#5665=CARTESIAN_POINT('Ctrl Pts',(-45.5923545855551,42.6779153493744,-123.451662395734));
#5666=CARTESIAN_POINT('Ctrl Pts',(-44.0720083546461,42.6779153493744,-123.450851661851));
#5667=CARTESIAN_POINT('Ctrl Pts',(-42.7028923744868,42.6779153493744,-122.792473439393));
#5668=CARTESIAN_POINT('Ctrl Pts',(-41.7561254395461,42.6779153493744,-121.603506078543));
#5669=CARTESIAN_POINT('Ctrl Pts',(-41.5303542884703,42.6779153493744,-120.616169931131));
#5670=CARTESIAN_POINT('Ctrl Pts',(-41.5303542884703,42.6779153493744,-120.122185026557));
#5671=CARTESIAN_POINT('Ctrl Pts',(-41.8209893497022,42.4112014353759,-120.122185026557));
#5672=CARTESIAN_POINT('Ctrl Pts',(-41.8209893497022,42.4112014353759,-119.671633773628));
#5673=CARTESIAN_POINT('Ctrl Pts',(-42.0269608791148,42.4112014353759,-118.771101791223));
#5674=CARTESIAN_POINT('Ctrl Pts',(-42.8902466700224,42.4112014353759,-117.686978984027));
#5675=CARTESIAN_POINT('Ctrl Pts',(-44.1394577198084,42.4112014353759,-117.086087346597));
#5676=CARTESIAN_POINT('Ctrl Pts',(-45.525003810535,42.4112014353759,-117.08561298973));
#5677=CARTESIAN_POINT('Ctrl Pts',(-46.7747573607711,42.4112014353759,-117.687466303194));
#5678=CARTESIAN_POINT('Ctrl Pts',(-47.4451681819231,42.4112014353759,-118.530085035577));
#5679=CARTESIAN_POINT('Ctrl Pts',(-47.9453358126359,42.4112014353759,-119.792155626685));
#5680=CARTESIAN_POINT('Ctrl Pts',(-47.8330650150295,42.4112014353759,-121.232580027468));
#5681=CARTESIAN_POINT('Ctrl Pts',(-46.771744990008,42.4112014353759,-122.556964938996));
#5682=CARTESIAN_POINT('Ctrl Pts',(-45.5255589475523,42.4112014353758,-123.158825494382));
#5683=CARTESIAN_POINT('Ctrl Pts',(-44.1389544028522,42.4112014353759,-123.158066313904));
#5684=CARTESIAN_POINT('Ctrl Pts',(-42.8902840447094,42.4112014353758,-122.557613317723));
#5685=CARTESIAN_POINT('Ctrl Pts',(-42.026859622818,42.4112014353759,-121.473219236185));
#5686=CARTESIAN_POINT('Ctrl Pts',(-41.8209893497027,42.4112014353759,-120.572736279487));
#5687=CARTESIAN_POINT('Ctrl Pts',(-41.8209893497027,42.4112014353759,-120.122185026557));
#5688=CARTESIAN_POINT('Ctrl Pts',(-42.2442687446998,41.9879886235533,-120.122185026557));
#5689=CARTESIAN_POINT('Ctrl Pts',(-42.2442687446998,41.9879886235533,-119.7350265507));
#5690=CARTESIAN_POINT('Ctrl Pts',(-42.4213226096591,41.9879886235533,-118.961152270407));
#5691=CARTESIAN_POINT('Ctrl Pts',(-43.16324465462,41.9879886235533,-118.029529493577));
#5692=CARTESIAN_POINT('Ctrl Pts',(-44.2368019840958,41.9879886235533,-117.513130399808));
#5693=CARTESIAN_POINT('Ctrl Pts',(-45.4274461203795,41.9879886235533,-117.512741239401));
#5694=CARTESIAN_POINT('Ctrl Pts',(-46.5014181149355,41.9879886235533,-118.029912224458));
#5695=CARTESIAN_POINT('Ctrl Pts',(-47.0775231761696,41.9879886235532,-118.754017863988));
#5696=CARTESIAN_POINT('Ctrl Pts',(-47.5073380739073,41.9879886235532,-119.838541452748));
#5697=CARTESIAN_POINT('Ctrl Pts',(-47.410848772735,41.9879886235533,-121.076396132243));
#5698=CARTESIAN_POINT('Ctrl Pts',(-46.4988369494851,41.9879886235532,-122.214455978122));
#5699=CARTESIAN_POINT('Ctrl Pts',(-45.4278928977253,41.9879886235532,-122.731664507887));
#5700=CARTESIAN_POINT('Ctrl Pts',(-44.2363167435634,41.9879886235532,-122.731032595034));
#5701=CARTESIAN_POINT('Ctrl Pts',(-43.1632664738412,41.9879886235532,-122.215024979666));
#5702=CARTESIAN_POINT('Ctrl Pts',(-42.4212247307231,41.9879886235532,-121.283171196458));
#5703=CARTESIAN_POINT('Ctrl Pts',(-42.2442687447001,41.9879886235532,-120.509343502415));
#5704=CARTESIAN_POINT('Ctrl Pts',(-42.2442687447001,41.9879886235532,-120.122185026557));
#5705=CARTESIAN_POINT('Ctrl Pts',(-42.5634124363968,41.6398896100999,-120.122185026557));
#5706=CARTESIAN_POINT('Ctrl Pts',(-42.5634124363968,41.6398896100999,-119.782784282855));
#5707=CARTESIAN_POINT('Ctrl Pts',(-42.7186352191208,41.6398896100999,-119.104363792263));
#5708=CARTESIAN_POINT('Ctrl Pts',(-43.3690528595596,41.6398896100999,-118.287655424778));
#5709=CARTESIAN_POINT('Ctrl Pts',(-44.3101985567773,41.6398896100999,-117.834948568411));
#5710=CARTESIAN_POINT('Ctrl Pts',(-45.3539780981906,41.6398896100999,-117.834610154535));
#5711=CARTESIAN_POINT('Ctrl Pts',(-46.2954796572493,41.6398896100998,-118.287985592054));
#5712=CARTESIAN_POINT('Ctrl Pts',(-46.8005227528236,41.6398896100998,-118.922776060162));
#5713=CARTESIAN_POINT('Ctrl Pts',(-47.1773211914946,41.6398896100998,-119.873522808237));
#5714=CARTESIAN_POINT('Ctrl Pts',(-47.0927320404776,41.6398896100999,-120.958697230155));
#5715=CARTESIAN_POINT('Ctrl Pts',(-46.2932179841279,41.6398896100998,-121.956374751772));
#5716=CARTESIAN_POINT('Ctrl Pts',(-45.3543652688876,41.6398896100998,-122.409787756344));
#5717=CARTESIAN_POINT('Ctrl Pts',(-44.3097653368704,41.6398896100998,-122.409236831232));
#5718=CARTESIAN_POINT('Ctrl Pts',(-43.3690704574216,41.6398896100998,-121.956875325053));
#5719=CARTESIAN_POINT('Ctrl Pts',(-42.7185477990521,41.6398896100999,-121.139964758801));
#5720=CARTESIAN_POINT('Ctrl Pts',(-42.5634124363969,41.6398896100999,-120.461585770259));
#5721=CARTESIAN_POINT('Ctrl Pts',(-42.5634124363969,41.6398896100999,-120.122185026557));
#5722=CARTESIAN_POINT('Ctrl Pts',(-42.6750345393775,41.4994376400833,-120.122185026557));
#5723=CARTESIAN_POINT('Ctrl Pts',(-42.6750345393775,41.4994376400833,-119.799495583184));
#5724=CARTESIAN_POINT('Ctrl Pts',(-42.8226273321352,41.4994376400833,-119.154469196329));
#5725=CARTESIAN_POINT('Ctrl Pts',(-43.4410405924692,41.4994376400833,-118.377966158388));
#5726=CARTESIAN_POINT('Ctrl Pts',(-44.3358691637206,41.4994376400832,-117.94753864345));
#5727=CARTESIAN_POINT('Ctrl Pts',(-45.3282646558092,41.4994376400833,-117.94722066912));
#5728=CARTESIAN_POINT('Ctrl Pts',(-46.2234210260367,41.4994376400832,-118.378272696696));
#5729=CARTESIAN_POINT('Ctrl Pts',(-46.7036013508375,41.4994376400832,-118.981816521207));
#5730=CARTESIAN_POINT('Ctrl Pts',(-47.0618514307062,41.4994376400832,-119.885756231174));
#5731=CARTESIAN_POINT('Ctrl Pts',(-46.9814241701415,41.4994376400832,-120.91751939395));
#5732=CARTESIAN_POINT('Ctrl Pts',(-46.2212722193916,41.4994376400832,-121.866076985508));
#5733=CARTESIAN_POINT('Ctrl Pts',(-45.328626571836,41.4994376400832,-122.297171140719));
#5734=CARTESIAN_POINT('Ctrl Pts',(-44.3354464806931,41.4994376400833,-122.296651527282));
#5735=CARTESIAN_POINT('Ctrl Pts',(-43.4410552165076,41.4994376400832,-121.86655533695));
#5736=CARTESIAN_POINT('Ctrl Pts',(-42.8225419918886,41.4994376400832,-121.089860485727));
#5737=CARTESIAN_POINT('Ctrl Pts',(-42.6750345393775,41.4994376400833,-120.444874469931));
#5738=CARTESIAN_POINT('Ctrl Pts',(-42.6750345393775,41.4994376400833,-120.122185026557));
#5739=CARTESIAN_POINT('Ctrl Pts',(-42.7244434426307,41.4261544177758,-120.122185026557));
#5740=CARTESIAN_POINT('Ctrl Pts',(-42.7244434426307,41.4261544177758,-119.806916004144));
#5741=CARTESIAN_POINT('Ctrl Pts',(-42.8686753933957,41.4261544177758,-119.176697180197));
#5742=CARTESIAN_POINT('Ctrl Pts',(-43.4729213266393,41.4261544177758,-118.418030908789));
#5743=CARTESIAN_POINT('Ctrl Pts',(-44.347231483839,41.4261544177758,-117.997473165273));
#5744=CARTESIAN_POINT('Ctrl Pts',(-45.3168301284674,41.4261544177758,-117.997172266669));
#5745=CARTESIAN_POINT('Ctrl Pts',(-46.1914332963813,41.4261544177758,-118.418311339486));
#5746=CARTESIAN_POINT('Ctrl Pts',(-46.66058291399,41.4261544177758,-119.007999498143));
#5747=CARTESIAN_POINT('Ctrl Pts',(-47.0106059959705,41.4261544177758,-119.89116686841));
#5748=CARTESIAN_POINT('Ctrl Pts',(-46.9320202372705,41.4261544177758,-120.899256281054));
#5749=CARTESIAN_POINT('Ctrl Pts',(-46.1893377984906,41.4261544177758,-121.82601001327));
#5750=CARTESIAN_POINT('Ctrl Pts',(-45.3171677165512,41.4261544177758,-122.247206816626));
#5751=CARTESIAN_POINT('Ctrl Pts',(-44.3467906167691,41.4261544177758,-122.24670997194));
#5752=CARTESIAN_POINT('Ctrl Pts',(-43.472930166559,41.4261544177758,-121.826483634346));
#5753=CARTESIAN_POINT('Ctrl Pts',(-42.8685862648036,41.4261544177758,-121.067631071325));
#5754=CARTESIAN_POINT('Ctrl Pts',(-42.7244434426308,41.4261544177758,-120.437454048971));
#5755=CARTESIAN_POINT('Ctrl Pts',(-42.7244434426308,41.4261544177758,-120.122185026557));
#5756=CARTESIAN_POINT('Ctrl Pts',(-42.7319083310567,41.4075761440819,-120.122185026557));
#5757=CARTESIAN_POINT('Ctrl Pts',(-42.7319083310567,41.4075761440819,-119.808010334987));
#5758=CARTESIAN_POINT('Ctrl Pts',(-42.8756134813898,41.4075761440819,-119.179998936029));
#5759=CARTESIAN_POINT('Ctrl Pts',(-43.4777198420914,41.4075761440819,-118.423981344919));
#5760=CARTESIAN_POINT('Ctrl Pts',(-44.3489488739792,41.4075761440819,-118.004905617977));
#5761=CARTESIAN_POINT('Ctrl Pts',(-45.3151631304822,41.4075761440819,-118.00459805644));
#5762=CARTESIAN_POINT('Ctrl Pts',(-46.1867056671335,41.4075761440819,-118.424275846855));
#5763=CARTESIAN_POINT('Ctrl Pts',(-46.6542178961809,41.4075761440819,-119.011898858977));
#5764=CARTESIAN_POINT('Ctrl Pts',(-47.0030172033079,41.4075761440819,-119.891989416413));
#5765=CARTESIAN_POINT('Ctrl Pts',(-46.9247105129567,41.4075761440819,-120.896538433861));
#5766=CARTESIAN_POINT('Ctrl Pts',(-46.1846143676551,41.4075761440819,-121.820068407678));
#5767=CARTESIAN_POINT('Ctrl Pts',(-45.3155121813157,41.4075761440819,-122.239790646765));
#5768=CARTESIAN_POINT('Ctrl Pts',(-44.3485315642093,41.4075761440819,-122.239286985525));
#5769=CARTESIAN_POINT('Ctrl Pts',(-43.477732951784,41.4075761440819,-121.820535435624));
#5770=CARTESIAN_POINT('Ctrl Pts',(-42.8755292017829,41.4075761440819,-121.064331322671));
#5771=CARTESIAN_POINT('Ctrl Pts',(-42.7319083310567,41.4075761440819,-120.436359718128));
#5772=CARTESIAN_POINT('Ctrl Pts',(-42.7319083310567,41.4075761440819,-120.122185026557));
#5773=CARTESIAN_POINT('Ctrl Pts',(-42.7319083310567,41.3999999999977,-120.122185026557));
#5774=CARTESIAN_POINT('Ctrl Pts',(-42.7319083310567,41.3999999999977,-119.808027191012));
#5775=CARTESIAN_POINT('Ctrl Pts',(-42.8756254624484,41.3999999999977,-119.180034526545));
#5776=CARTESIAN_POINT('Ctrl Pts',(-43.4777312678354,41.3999999999977,-118.424045999756));
#5777=CARTESIAN_POINT('Ctrl Pts',(-44.3489484164164,41.3999999999977,-118.004976031047));
#5778=CARTESIAN_POINT('Ctrl Pts',(-45.3151249962169,41.3999999999977,-118.004674288234));
#5779=CARTESIAN_POINT('Ctrl Pts',(-46.186639438876,41.3999999999977,-118.424329160079));
#5780=CARTESIAN_POINT('Ctrl Pts',(-46.6541333020662,41.3999999999977,-119.011934405844));
#5781=CARTESIAN_POINT('Ctrl Pts',(-47.0029205271344,41.3999999999977,-119.891986213321));
#5782=CARTESIAN_POINT('Ctrl Pts',(-46.9246133034884,41.3999999999977,-120.896512361645));
#5783=CARTESIAN_POINT('Ctrl Pts',(-46.1845505667079,41.3999999999977,-121.819997982325));
#5784=CARTESIAN_POINT('Ctrl Pts',(-45.3154645168592,41.3999999999977,-122.239707148373));
#5785=CARTESIAN_POINT('Ctrl Pts',(-44.3485145468044,41.3999999999977,-122.239209944052));
#5786=CARTESIAN_POINT('Ctrl Pts',(-43.4777411393816,41.3999999999977,-121.820468710997));
#5787=CARTESIAN_POINT('Ctrl Pts',(-42.8755377698821,41.3999999999977,-121.064294332491));
#5788=CARTESIAN_POINT('Ctrl Pts',(-42.7319083310567,41.3999999999977,-120.436342862103));
#5789=CARTESIAN_POINT('Ctrl Pts',(-42.7319083310567,41.3999999999977,-120.122185026557));
#5790=CARTESIAN_POINT('',(-42.7319083310567,41.3999999999977,-120.122185026557));
#5791=CARTESIAN_POINT('Ctrl Pts',(-41.2319083310567,42.8999999999977,-120.122185026557));
#5792=CARTESIAN_POINT('Ctrl Pts',(-41.4177573457057,42.8999999999977,-120.122185026557));
#5793=CARTESIAN_POINT('Ctrl Pts',(-42.7319083310567,41.5858490146467,-120.122185026557));
#5794=CARTESIAN_POINT('Ctrl Pts',(-42.7319083310567,41.3999999999977,-120.122185026557));
#5795=CARTESIAN_POINT('Origin',(-44.8319083310567,41.3999999999977,-120.122185026557));
#5796=CARTESIAN_POINT('Ctrl Pts',(-99.4426163244759,42.8999999999977,-91.3186450594956));
#5797=CARTESIAN_POINT('Ctrl Pts',(-99.4426163244759,42.8999999999977,-90.7800887699885));
#5798=CARTESIAN_POINT('Ctrl Pts',(-99.6888419488713,42.8999999999977,-89.7036024330953));
#5799=CARTESIAN_POINT('Ctrl Pts',(-100.721184385708,42.8999999999977,-88.4073053680939));
#5800=CARTESIAN_POINT('Ctrl Pts',(-102.213938256692,42.8999999999978,-87.6894666771647));
#5801=CARTESIAN_POINT('Ctrl Pts',(-103.871562383182,42.8999999999977,-87.6886139548277));
#5802=CARTESIAN_POINT('Ctrl Pts',(-105.361427627861,42.8999999999977,-88.4081168567107));
#5803=CARTESIAN_POINT('Ctrl Pts',(-106.630106736242,42.8999999999977,-89.9912350332296));
#5804=CARTESIAN_POINT('Ctrl Pts',(-106.764381753371,42.8999999999978,-91.713276500125));
#5805=CARTESIAN_POINT('Ctrl Pts',(-106.166462425992,42.8999999999978,-93.2219355041706));
#5806=CARTESIAN_POINT('Ctrl Pts',(-105.365043719743,42.8999999999978,-94.2292567220605));
#5807=CARTESIAN_POINT('Ctrl Pts',(-103.871015438153,42.8999999999978,-94.9486651454738));
#5808=CARTESIAN_POINT('Ctrl Pts',(-102.214710836576,42.8999999999978,-94.9481467862062));
#5809=CARTESIAN_POINT('Ctrl Pts',(-100.721186385554,42.8999999999978,-94.2297410985589));
#5810=CARTESIAN_POINT('Ctrl Pts',(-99.6889994786988,42.8999999999978,-92.9337595999679));
#5811=CARTESIAN_POINT('Ctrl Pts',(-99.4426163244767,42.8999999999977,-91.8572013490027));
#5812=CARTESIAN_POINT('Ctrl Pts',(-99.4426163244767,42.8999999999977,-91.3186450594956));
#5813=CARTESIAN_POINT('Ctrl Pts',(-99.4577686126442,42.8999999999978,-91.3186450594956));
#5814=CARTESIAN_POINT('Ctrl Pts',(-99.4577686126442,42.8999999999978,-90.7820980442312));
#5815=CARTESIAN_POINT('Ctrl Pts',(-99.7028349558486,42.8999999999978,-89.7098156962343));
#5816=CARTESIAN_POINT('Ctrl Pts',(-100.730859897422,42.8999999999977,-88.4185048984126));
#5817=CARTESIAN_POINT('Ctrl Pts',(-102.217729279243,42.8999999999978,-87.7035130072011));
#5818=CARTESIAN_POINT('Ctrl Pts',(-103.868863527055,42.8999999999977,-87.7025725716706));
#5819=CARTESIAN_POINT('Ctrl Pts',(-105.352728883258,42.8999999999977,-88.4192576675453));
#5820=CARTESIAN_POINT('Ctrl Pts',(-106.616585196503,42.8999999999977,-89.9963972068165));
#5821=CARTESIAN_POINT('Ctrl Pts',(-106.750289028194,42.8999999999978,-91.7115795309953));
#5822=CARTESIAN_POINT('Ctrl Pts',(-106.154695176628,42.8999999999978,-93.2144920575593));
#5823=CARTESIAN_POINT('Ctrl Pts',(-105.356360847962,42.8999999999978,-94.2178631722954));
#5824=CARTESIAN_POINT('Ctrl Pts',(-103.868175962931,42.8999999999978,-94.9345943599575));
#5825=CARTESIAN_POINT('Ctrl Pts',(-102.218252572534,42.8999999999978,-94.9339975622964));
#5826=CARTESIAN_POINT('Ctrl Pts',(-100.73081178335,42.8999999999978,-94.2185080045526));
#5827=CARTESIAN_POINT('Ctrl Pts',(-99.7029405402544,42.8999999999978,-92.9275243351262));
#5828=CARTESIAN_POINT('Ctrl Pts',(-99.457768612645,42.8999999999977,-91.8551920747599));
#5829=CARTESIAN_POINT('Ctrl Pts',(-99.457768612645,42.8999999999977,-91.3186450594956));
#5830=CARTESIAN_POINT('Ctrl Pts',(-99.513125190491,42.8696089157491,-91.3186450594956));
#5831=CARTESIAN_POINT('Ctrl Pts',(-99.513125190491,42.8696089157491,-90.7906643291721));
#5832=CARTESIAN_POINT('Ctrl Pts',(-99.7545414209521,42.8696089157491,-89.7352967547765));
#5833=CARTESIAN_POINT('Ctrl Pts',(-100.766661660839,42.8696089157491,-88.4644388848548));
#5834=CARTESIAN_POINT('Ctrl Pts',(-102.230136194526,42.8696089157491,-87.760678282886));
#5835=CARTESIAN_POINT('Ctrl Pts',(-103.855242410158,42.8696089157491,-87.7598520147596));
#5836=CARTESIAN_POINT('Ctrl Pts',(-105.315898519351,42.8696089157491,-88.4652403874231));
#5837=CARTESIAN_POINT('Ctrl Pts',(-106.559674307297,42.8696089157491,-90.0172787985269));
#5838=CARTESIAN_POINT('Ctrl Pts',(-106.691320085025,42.8696089157491,-91.7055511723433));
#5839=CARTESIAN_POINT('Ctrl Pts',(-106.105131902239,42.8696089157491,-93.1845974308855));
#5840=CARTESIAN_POINT('Ctrl Pts',(-105.319440465839,42.8696089157491,-94.1721585169248));
#5841=CARTESIAN_POINT('Ctrl Pts',(-103.854721444409,42.8696089157491,-94.877439288232));
#5842=CARTESIAN_POINT('Ctrl Pts',(-102.230919924409,42.8696089157491,-94.8769396933371));
#5843=CARTESIAN_POINT('Ctrl Pts',(-100.766668973816,42.8696089157491,-94.1726160487639));
#5844=CARTESIAN_POINT('Ctrl Pts',(-99.754701343448,42.8696089157491,-92.9020661876949));
#5845=CARTESIAN_POINT('Ctrl Pts',(-99.5131251904917,42.8696089157491,-91.8466257898191));
#5846=CARTESIAN_POINT('Ctrl Pts',(-99.5131251904917,42.8696089157491,-91.3186450594956));
#5847=CARTESIAN_POINT('Ctrl Pts',(-99.7410689920135,42.6779108075129,-91.3186450594956));
#5848=CARTESIAN_POINT('Ctrl Pts',(-99.7410689920135,42.6779108075129,-90.824660154922));
#5849=CARTESIAN_POINT('Ctrl Pts',(-99.9668449692681,42.6779108075129,-89.8373207854303));
#5850=CARTESIAN_POINT('Ctrl Pts',(-100.913610820968,42.6779108075128,-88.6483511349383));
#5851=CARTESIAN_POINT('Ctrl Pts',(-102.282729031229,42.6779108075129,-87.9899717146344));
#5852=CARTESIAN_POINT('Ctrl Pts',(-103.803075591111,42.6779108075128,-87.9891624446534));
#5853=CARTESIAN_POINT('Ctrl Pts',(-105.169506593781,42.6779108075129,-88.6490788475759));
#5854=CARTESIAN_POINT('Ctrl Pts',(-106.333162004854,42.6779108075128,-90.1011552340468));
#5855=CARTESIAN_POINT('Ctrl Pts',(-106.456303352621,42.6779108075129,-91.6805494306407));
#5856=CARTESIAN_POINT('Ctrl Pts',(-105.907896609687,42.6779108075129,-93.0643153339574));
#5857=CARTESIAN_POINT('Ctrl Pts',(-105.172832175911,42.6779108075129,-93.9882125086577));
#5858=CARTESIAN_POINT('Ctrl Pts',(-103.802531347196,42.6779108075129,-94.6480840881874));
#5859=CARTESIAN_POINT('Ctrl Pts',(-102.283364153548,42.6779108075129,-94.6475846485638));
#5860=CARTESIAN_POINT('Ctrl Pts',(-100.913597705334,42.6779108075129,-93.9887052111695));
#5861=CARTESIAN_POINT('Ctrl Pts',(-99.9669741384935,42.6779108075129,-92.800028811494));
#5862=CARTESIAN_POINT('Ctrl Pts',(-99.7410689920142,42.6779108075128,-91.8126299640691));
#5863=CARTESIAN_POINT('Ctrl Pts',(-99.7410689920142,42.6779108075128,-91.3186450594956));
#5864=CARTESIAN_POINT('Ctrl Pts',(-100.031706782463,42.4111946174425,-91.3186450594956));
#5865=CARTESIAN_POINT('Ctrl Pts',(-100.031706782463,42.4111946174425,-90.8680938065662));
#5866=CARTESIAN_POINT('Ctrl Pts',(-100.237582592056,42.4111946174425,-89.9676043884235));
#5867=CARTESIAN_POINT('Ctrl Pts',(-101.101009504644,42.4111946174424,-88.8832053773804));
#5868=CARTESIAN_POINT('Ctrl Pts',(-102.349683987366,42.4111946174425,-88.2827482067303));
#5869=CARTESIAN_POINT('Ctrl Pts',(-103.736292028771,42.4111946174424,-88.2819916592321));
#5870=CARTESIAN_POINT('Ctrl Pts',(-104.982489989322,42.4111946174425,-88.8838578120018));
#5871=CARTESIAN_POINT('Ctrl Pts',(-106.043812772319,42.4111946174424,-90.2082456442521));
#5872=CARTESIAN_POINT('Ctrl Pts',(-106.156112668835,42.4111946174425,-91.6486834090827));
#5873=CARTESIAN_POINT('Ctrl Pts',(-105.65594383064,42.4111946174425,-92.9107577067342));
#5874=CARTESIAN_POINT('Ctrl Pts',(-104.985529124197,42.4111946174425,-93.7533822453389));
#5875=CARTESIAN_POINT('Ctrl Pts',(-103.735766707396,42.4111946174425,-94.3552359507575));
#5876=CARTESIAN_POINT('Ctrl Pts',(-102.350213297892,42.4111946174425,-94.3547641255868));
#5877=CARTESIAN_POINT('Ctrl Pts',(-101.10098738105,42.4111946174425,-93.7538645324548));
#5878=CARTESIAN_POINT('Ctrl Pts',(-100.237689989176,42.4111946174424,-92.6697355715555));
#5879=CARTESIAN_POINT('Ctrl Pts',(-100.031706782463,42.4111946174424,-91.7691963124249));
#5880=CARTESIAN_POINT('Ctrl Pts',(-100.031706782463,42.4111946174424,-91.3186450594956));
#5881=CARTESIAN_POINT('Ctrl Pts',(-100.454983836103,41.9879835756068,-91.3186450594956));
#5882=CARTESIAN_POINT('Ctrl Pts',(-100.454983836103,41.9879835756068,-90.9314865836381));
#5883=CARTESIAN_POINT('Ctrl Pts',(-100.63194306422,41.9879835756068,-90.1576572533077));
#5884=CARTESIAN_POINT('Ctrl Pts',(-101.373982684847,41.9879835756068,-89.225802390539));
#5885=CARTESIAN_POINT('Ctrl Pts',(-102.447033887423,41.9879835756068,-88.7097946203001));
#5886=CARTESIAN_POINT('Ctrl Pts',(-103.638609302142,41.9879835756067,-88.7091634966328));
#5887=CARTESIAN_POINT('Ctrl Pts',(-104.709558773871,41.9879835756068,-89.2263746548229));
#5888=CARTESIAN_POINT('Ctrl Pts',(-105.621571627445,41.9879835756068,-90.3644355706746));
#5889=CARTESIAN_POINT('Ctrl Pts',(-105.718085536543,41.9879835756068,-91.6022937598407));
#5890=CARTESIAN_POINT('Ctrl Pts',(-105.288270916089,41.9879835756068,-92.6868182133667));
#5891=CARTESIAN_POINT('Ctrl Pts',(-104.712164170327,41.9879835756068,-93.4109251487802));
#5892=CARTESIAN_POINT('Ctrl Pts',(-103.638187678639,41.9879835756068,-93.9280963358904));
#5893=CARTESIAN_POINT('Ctrl Pts',(-102.447540168697,41.9879835756068,-93.9277076771146));
#5894=CARTESIAN_POINT('Ctrl Pts',(-101.373974135426,41.9879835756068,-93.4113057001451));
#5895=CARTESIAN_POINT('Ctrl Pts',(-100.632046073124,41.9879835756068,-92.4796802315838));
#5896=CARTESIAN_POINT('Ctrl Pts',(-100.454983836103,41.9879835756068,-91.7058035353531));
#5897=CARTESIAN_POINT('Ctrl Pts',(-100.454983836103,41.9879835756068,-91.3186450594956));
#5898=CARTESIAN_POINT('Ctrl Pts',(-100.774126074847,41.6398856614832,-91.3186450594957));
#5899=CARTESIAN_POINT('Ctrl Pts',(-100.774126074847,41.6398856614832,-90.9792443157936));
#5900=CARTESIAN_POINT('Ctrl Pts',(-100.929264114197,41.6398856614832,-90.3008644280686));
#5901=CARTESIAN_POINT('Ctrl Pts',(-101.57978439411,41.6398856614832,-89.4839533471923));
#5902=CARTESIAN_POINT('Ctrl Pts',(-102.520479781527,41.6398856614832,-89.0315921733721));
#5903=CARTESIAN_POINT('Ctrl Pts',(-103.56507858479,41.6398856614832,-89.0310417437362));
#5904=CARTESIAN_POINT('Ctrl Pts',(-104.503935444569,41.6398856614832,-89.4844567614943));
#5905=CARTESIAN_POINT('Ctrl Pts',(-105.30345022732,41.6398856614832,-90.4821350250973));
#5906=CARTESIAN_POINT('Ctrl Pts',(-105.388060909231,41.6398856614832,-91.567311446741));
#5907=CARTESIAN_POINT('Ctrl Pts',(-105.011262885507,41.6398856614832,-92.5180586374112));
#5908=CARTESIAN_POINT('Ctrl Pts',(-104.506218535548,41.6398856614832,-93.1528497403968));
#5909=CARTESIAN_POINT('Ctrl Pts',(-103.56471343113,41.6398856614832,-93.6062253333444));
#5910=CARTESIAN_POINT('Ctrl Pts',(-102.520931315328,41.6398856614832,-93.6058871304586));
#5911=CARTESIAN_POINT('Ctrl Pts',(-101.579778466031,41.6398856614832,-93.153178275395));
#5912=CARTESIAN_POINT('Ctrl Pts',(-100.929356022349,41.6398856614832,-92.336467893589));
#5913=CARTESIAN_POINT('Ctrl Pts',(-100.774126074848,41.6398856614832,-91.6580458031977));
#5914=CARTESIAN_POINT('Ctrl Pts',(-100.774126074848,41.6398856614832,-91.3186450594956));
#5915=CARTESIAN_POINT('Ctrl Pts',(-100.885745429702,41.4994356225558,-91.3186450594957));
#5916=CARTESIAN_POINT('Ctrl Pts',(-100.885745429702,41.4994356225558,-90.9959556161222));
#5917=CARTESIAN_POINT('Ctrl Pts',(-101.033255433343,41.4994356225557,-90.3509693000078));
#5918=CARTESIAN_POINT('Ctrl Pts',(-101.651766136803,41.4994356225557,-89.5742744083157));
#5919=CARTESIAN_POINT('Ctrl Pts',(-102.546157763937,41.4994356225558,-89.1441790147058));
#5920=CARTESIAN_POINT('Ctrl Pts',(-103.539336417286,41.4994356225557,-89.1436596903106));
#5921=CARTESIAN_POINT('Ctrl Pts',(-104.431985598915,41.4994356225558,-89.5747554885743));
#5922=CARTESIAN_POINT('Ctrl Pts',(-105.192138083852,41.4994356225557,-90.5233135859073));
#5923=CARTESIAN_POINT('Ctrl Pts',(-105.272585826302,41.4994356225558,-91.5550775891463));
#5924=CARTESIAN_POINT('Ctrl Pts',(-104.914336285517,41.4994356225558,-92.4590174000391));
#5925=CARTESIAN_POINT('Ctrl Pts',(-104.434154982515,41.4994356225558,-93.0625613246073));
#5926=CARTESIAN_POINT('Ctrl Pts',(-103.538995526258,41.4994356225558,-93.4936134634796));
#5927=CARTESIAN_POINT('Ctrl Pts',(-102.546597917921,41.4994356225558,-93.4932954528413));
#5928=CARTESIAN_POINT('Ctrl Pts',(-101.651762707503,41.4994356225558,-93.0628665365847));
#5929=CARTESIAN_POINT('Ctrl Pts',(-101.033345078156,41.4994356225558,-92.2863619009174));
#5930=CARTESIAN_POINT('Ctrl Pts',(-100.885745429702,41.4994356225558,-91.641334502869));
#5931=CARTESIAN_POINT('Ctrl Pts',(-100.885745429702,41.4994356225558,-91.3186450594956));
#5932=CARTESIAN_POINT('Ctrl Pts',(-100.935153171041,41.4261532292662,-91.3186450594957));
#5933=CARTESIAN_POINT('Ctrl Pts',(-100.935153171041,41.4261532292662,-91.0033760370822));
#5934=CARTESIAN_POINT('Ctrl Pts',(-101.0792977621,41.4261532292662,-90.3732007321943));
#5935=CARTESIAN_POINT('Ctrl Pts',(-101.683637096739,41.4261532292662,-89.6143497508727));
#5936=CARTESIAN_POINT('Ctrl Pts',(-102.55749662234,41.4261532292662,-89.1941259528142));
#5937=CARTESIAN_POINT('Ctrl Pts',(-103.527870435701,41.4261532292662,-89.1936286405469));
#5938=CARTESIAN_POINT('Ctrl Pts',(-104.400041563045,41.4261532292662,-89.6148259383945));
#5939=CARTESIAN_POINT('Ctrl Pts',(-105.142723844064,41.4261532292662,-90.5415794264628));
#5940=CARTESIAN_POINT('Ctrl Pts',(-105.221329426559,41.4261532292662,-91.5496655824976));
#5941=CARTESIAN_POINT('Ctrl Pts',(-104.87130753616,41.4261532292662,-92.4328318620708));
#5942=CARTESIAN_POINT('Ctrl Pts',(-104.402157807323,41.4261532292662,-93.0225182267447));
#5943=CARTESIAN_POINT('Ctrl Pts',(-103.52755318855,41.4261532292662,-93.443657334803));
#5944=CARTESIAN_POINT('Ctrl Pts',(-102.557953953236,41.4261532292662,-93.443355541238));
#5945=CARTESIAN_POINT('Ctrl Pts',(-101.683639297465,41.4261532292662,-93.0227984435124));
#5946=CARTESIAN_POINT('Ctrl Pts',(-101.07939103527,41.4261532292662,-92.2641319318173));
#5947=CARTESIAN_POINT('Ctrl Pts',(-100.935153171041,41.4261532292662,-91.633914081909));
#5948=CARTESIAN_POINT('Ctrl Pts',(-100.935153171041,41.4261532292662,-91.3186450594956));
#5949=CARTESIAN_POINT('Ctrl Pts',(-100.942616324477,41.4075761440819,-91.3186450594957));
#5950=CARTESIAN_POINT('Ctrl Pts',(-100.942616324477,41.4075761440819,-91.0044703679248));
#5951=CARTESIAN_POINT('Ctrl Pts',(-101.086239891753,41.4075761440819,-90.3764986045738));
#5952=CARTESIAN_POINT('Ctrl Pts',(-101.688441453461,41.4075761440819,-89.6202945620581));
#5953=CARTESIAN_POINT('Ctrl Pts',(-102.559240629301,41.4075761440819,-89.2015438985315));
#5954=CARTESIAN_POINT('Ctrl Pts',(-103.526219917157,41.4075761440819,-89.2010405003194));
#5955=CARTESIAN_POINT('Ctrl Pts',(-104.395325710793,41.4075761440819,-89.6207643100986));
#5956=CARTESIAN_POINT('Ctrl Pts',(-105.135422370323,41.4075761440819,-90.544294732293));
#5957=CARTESIAN_POINT('Ctrl Pts',(-105.213749069169,41.4075761440819,-91.548844378019));
#5958=CARTESIAN_POINT('Ctrl Pts',(-104.86495028189,41.4075761440819,-92.4289349650113));
#5959=CARTESIAN_POINT('Ctrl Pts',(-104.397437133131,41.4075761440819,-93.0165579719103));
#5960=CARTESIAN_POINT('Ctrl Pts',(-103.525891509954,41.4075761440819,-93.4362358452574));
#5961=CARTESIAN_POINT('Ctrl Pts',(-102.559675194916,41.4075761440819,-93.4359281914446));
#5962=CARTESIAN_POINT('Ctrl Pts',(-101.688439340021,41.4075761440819,-93.016851162116));
#5963=CARTESIAN_POINT('Ctrl Pts',(-101.086328427094,41.4075761440819,-92.2608320438271));
#5964=CARTESIAN_POINT('Ctrl Pts',(-100.942616324477,41.4075761440819,-91.6328197510664));
#5965=CARTESIAN_POINT('Ctrl Pts',(-100.942616324477,41.4075761440819,-91.3186450594956));
#5966=CARTESIAN_POINT('Ctrl Pts',(-100.942616324477,41.3999999999977,-91.3186450594957));
#5967=CARTESIAN_POINT('Ctrl Pts',(-100.942616324477,41.3999999999977,-91.0044872239499));
#5968=CARTESIAN_POINT('Ctrl Pts',(-101.086247938707,41.3999999999977,-90.3765368607622));
#5969=CARTESIAN_POINT('Ctrl Pts',(-101.688447693529,41.3999999999977,-89.6203635728447));
#5970=CARTESIAN_POINT('Ctrl Pts',(-102.559220784936,41.3999999999977,-89.2016243364693));
#5971=CARTESIAN_POINT('Ctrl Pts',(-103.526168192055,41.3999999999977,-89.201126915106));
#5972=CARTESIAN_POINT('Ctrl Pts',(-104.395256251451,41.3999999999977,-89.6208369412043));
#5973=CARTESIAN_POINT('Ctrl Pts',(-105.135319064673,41.3999999999977,-90.5443225441737));
#5974=CARTESIAN_POINT('Ctrl Pts',(-105.213646157998,41.3999999999977,-91.5488467331958));
#5975=CARTESIAN_POINT('Ctrl Pts',(-104.864859883694,41.3999999999977,-92.4288978188891));
#5976=CARTESIAN_POINT('Ctrl Pts',(-104.397365638382,41.3999999999978,-93.0165018626583));
#5977=CARTESIAN_POINT('Ctrl Pts',(-103.525849140788,41.3999999999977,-93.4361567763161));
#5978=CARTESIAN_POINT('Ctrl Pts',(-102.559671456534,41.3999999999978,-93.4358544000767));
#5979=CARTESIAN_POINT('Ctrl Pts',(-101.688448860105,41.3999999999977,-93.0167844156158));
#5980=CARTESIAN_POINT('Ctrl Pts',(-101.086339831106,41.3999999999977,-92.2607952081044));
#5981=CARTESIAN_POINT('Ctrl Pts',(-100.942616324477,41.3999999999977,-91.6328028950414));
#5982=CARTESIAN_POINT('Ctrl Pts',(-100.942616324477,41.3999999999977,-91.3186450594956));
#5983=CARTESIAN_POINT('',(-100.942616324477,41.3999999999977,-91.3186450594956));
#5984=CARTESIAN_POINT('Ctrl Pts',(-99.4426163244769,42.8999999999977,-91.3186450594956));
#5985=CARTESIAN_POINT('Ctrl Pts',(-99.6284653391259,42.8999999999977,-91.3186450594956));
#5986=CARTESIAN_POINT('Ctrl Pts',(-100.942616324477,41.5858490146467,-91.3186450594956));
#5987=CARTESIAN_POINT('Ctrl Pts',(-100.942616324477,41.3999999999977,-91.3186450594956));
#5988=CARTESIAN_POINT('Origin',(-103.042616324477,41.3999999999977,-91.3186450594956));
#5989=CARTESIAN_POINT('Ctrl Pts',(-99.4426163244763,42.8999999999977,8.6813549405044));
#5990=CARTESIAN_POINT('Ctrl Pts',(-99.4426163244763,42.8999999999977,9.21991123001155));
#5991=CARTESIAN_POINT('Ctrl Pts',(-99.6887672135281,42.8999999999978,10.2969421620477));
#5992=CARTESIAN_POINT('Ctrl Pts',(-100.635620089072,42.8999999999978,11.4831483989424));
#5993=CARTESIAN_POINT('Ctrl Pts',(-102.069902818453,42.8999999999978,12.2777921381578));
#5994=CARTESIAN_POINT('Ctrl Pts',(-103.74688759918,42.8999999999978,12.3734762833479));
#5995=CARTESIAN_POINT('Ctrl Pts',(-105.362935414418,42.8999999999978,11.591655605786));
#5996=CARTESIAN_POINT('Ctrl Pts',(-106.513865972533,42.8999999999977,10.1536923261542));
#5997=CARTESIAN_POINT('Ctrl Pts',(-106.765140321605,42.8999999999978,8.48411894722164));
#5998=CARTESIAN_POINT('Ctrl Pts',(-106.281304672024,42.8999999999978,6.92219912935808));
#5999=CARTESIAN_POINT('Ctrl Pts',(-105.364274638105,42.8999999999978,5.77080619325677));
#6000=CARTESIAN_POINT('Ctrl Pts',(-103.870899892612,42.8999999999978,5.0514355386981));
#6001=CARTESIAN_POINT('Ctrl Pts',(-102.214414241343,42.8999999999978,5.05190197080194));
#6002=CARTESIAN_POINT('Ctrl Pts',(-100.721102630558,42.8999999999977,5.77030083460972));
#6003=CARTESIAN_POINT('Ctrl Pts',(-99.6889215623255,42.8999999999977,7.06624773658112));
#6004=CARTESIAN_POINT('Ctrl Pts',(-99.4426163244767,42.8999999999977,8.14279865099726));
#6005=CARTESIAN_POINT('Ctrl Pts',(-99.4426163244767,42.8999999999977,8.68135494050439));
#6006=CARTESIAN_POINT('Ctrl Pts',(-99.4577686126446,42.8999999999977,8.6813549405044));
#6007=CARTESIAN_POINT('Ctrl Pts',(-99.4577686126446,42.8999999999977,9.21790195576882));
#6008=CARTESIAN_POINT('Ctrl Pts',(-99.7027528405274,42.8999999999978,10.2906568659549));
#6009=CARTESIAN_POINT('Ctrl Pts',(-100.645590019973,42.8999999999978,11.472263191654));
#6010=CARTESIAN_POINT('Ctrl Pts',(-102.0742886211,42.8999999999978,12.2637038446139));
#6011=CARTESIAN_POINT('Ctrl Pts',(-103.744539262566,42.8999999999978,12.3592089440853));
#6012=CARTESIAN_POINT('Ctrl Pts',(-105.35409520531,42.8999999999978,11.5803388217283));
#6013=CARTESIAN_POINT('Ctrl Pts',(-106.500597799182,42.8999999999977,10.1480638887589));
#6014=CARTESIAN_POINT('Ctrl Pts',(-106.750779391924,42.8999999999978,8.48507056666943));
#6015=CARTESIAN_POINT('Ctrl Pts',(-106.268897252104,42.8999999999978,6.92918548050321));
#6016=CARTESIAN_POINT('Ctrl Pts',(-105.355404253106,42.8999999999978,5.78235077077602));
#6017=CARTESIAN_POINT('Ctrl Pts',(-103.867910410617,42.8999999999978,5.06565735608163));
#6018=CARTESIAN_POINT('Ctrl Pts',(-102.217841906119,42.8999999999978,5.06622072586823));
#6019=CARTESIAN_POINT('Ctrl Pts',(-100.730663261201,42.8999999999977,5.78163979256599));
#6020=CARTESIAN_POINT('Ctrl Pts',(-99.7028451955355,42.8999999999977,7.07254397346135));
#6021=CARTESIAN_POINT('Ctrl Pts',(-99.457768612645,42.8999999999977,8.14480792523999));
#6022=CARTESIAN_POINT('Ctrl Pts',(-99.457768612645,42.8999999999977,8.68135494050439));
#6023=CARTESIAN_POINT('Ctrl Pts',(-99.5130972241647,42.8696267214103,8.6813549405044));
#6024=CARTESIAN_POINT('Ctrl Pts',(-99.5130972241647,42.8696267214103,9.20933567082791));
#6025=CARTESIAN_POINT('Ctrl Pts',(-99.7544450394804,42.8696267214103,10.2652488121616));
#6026=CARTESIAN_POINT('Ctrl Pts',(-100.68276414717,42.8696267214103,11.4281831298958));
#6027=CARTESIAN_POINT('Ctrl Pts',(-102.08891073355,42.8696267214103,12.2072518922902));
#6028=CARTESIAN_POINT('Ctrl Pts',(-103.733023556338,42.8696267214103,12.3010352019293));
#6029=CARTESIAN_POINT('Ctrl Pts',(-105.317394188658,42.8696267214103,11.5345628873323));
#6030=CARTESIAN_POINT('Ctrl Pts',(-106.445740567074,42.8696267214103,10.1247968890986));
#6031=CARTESIAN_POINT('Ctrl Pts',(-106.692099785892,42.8696267214103,8.48796549113682));
#6032=CARTESIAN_POINT('Ctrl Pts',(-106.217746891299,42.8696267214103,6.95669135857207));
#6033=CARTESIAN_POINT('Ctrl Pts',(-105.318710212983,42.8696267214103,5.82787586294899));
#6034=CARTESIAN_POINT('Ctrl Pts',(-103.854622601153,42.8696267214103,5.12263221100479));
#6035=CARTESIAN_POINT('Ctrl Pts',(-102.230635968737,42.8696267214103,5.12307733969536));
#6036=CARTESIAN_POINT('Ctrl Pts',(-100.766579201837,42.8696267214103,5.82740596531023));
#6037=CARTESIAN_POINT('Ctrl Pts',(-99.75460391597,42.8696267214103,7.09793009355633));
#6038=CARTESIAN_POINT('Ctrl Pts',(-99.5130972241651,42.8696267214103,8.1533742101809));
#6039=CARTESIAN_POINT('Ctrl Pts',(-99.5130972241651,42.8696267214103,8.68135494050439));
#6040=CARTESIAN_POINT('Ctrl Pts',(-99.7410449398654,42.6779270702122,8.6813549405044));
#6041=CARTESIAN_POINT('Ctrl Pts',(-99.7410449398654,42.6779270702122,9.17533984507797));
#6042=CARTESIAN_POINT('Ctrl Pts',(-99.9667535516654,42.6779270702122,10.1631614548798));
#6043=CARTESIAN_POINT('Ctrl Pts',(-100.835106666495,42.6779270702122,11.2511466527682));
#6044=CARTESIAN_POINT('Ctrl Pts',(-102.150620643436,42.6779270702122,11.9799571928688));
#6045=CARTESIAN_POINT('Ctrl Pts',(-103.68868089913,42.6779270702122,12.0677730390941));
#6046=CARTESIAN_POINT('Ctrl Pts',(-105.170851628452,42.6779270702122,11.3506661010933));
#6047=CARTESIAN_POINT('Ctrl Pts',(-106.226492065187,42.6779270702122,10.0318019129965));
#6048=CARTESIAN_POINT('Ctrl Pts',(-106.456926568918,42.6779270702122,8.5005037291612));
#6049=CARTESIAN_POINT('Ctrl Pts',(-106.013175777437,42.6779270702122,7.06790874167784));
#6050=CARTESIAN_POINT('Ctrl Pts',(-105.172072856038,42.6779270702122,6.01188074844635));
#6051=CARTESIAN_POINT('Ctrl Pts',(-103.802379071558,42.6779270702122,5.35204394785125));
#6052=CARTESIAN_POINT('Ctrl Pts',(-102.283053019992,42.6779270702122,5.35249984065433));
#6053=CARTESIAN_POINT('Ctrl Pts',(-100.913488896343,42.6779270702122,6.01135820132635));
#6054=CARTESIAN_POINT('Ctrl Pts',(-99.9668776597607,42.6779270702122,7.19999233783564));
#6055=CARTESIAN_POINT('Ctrl Pts',(-99.7410449398658,42.6779270702122,8.18737003593084));
#6056=CARTESIAN_POINT('Ctrl Pts',(-99.7410449398658,42.6779270702122,8.6813549405044));
#6057=CARTESIAN_POINT('Ctrl Pts',(-100.03167288221,42.4112191346991,8.6813549405044));
#6058=CARTESIAN_POINT('Ctrl Pts',(-100.03167288221,42.4112191346991,9.13190619343378));
#6059=CARTESIAN_POINT('Ctrl Pts',(-100.237487422127,42.4112191346991,10.0328230468766));
#6060=CARTESIAN_POINT('Ctrl Pts',(-101.029395922346,42.4112191346991,11.0251129376186));
#6061=CARTESIAN_POINT('Ctrl Pts',(-102.229197618939,42.4112191346991,11.6897960822862));
#6062=CARTESIAN_POINT('Ctrl Pts',(-103.631930311598,42.4112191346991,11.7699255626052));
#6063=CARTESIAN_POINT('Ctrl Pts',(-104.983690489694,42.4112191346991,11.1158768934171));
#6064=CARTESIAN_POINT('Ctrl Pts',(-105.946487434252,42.4112191346991,9.91303727421229));
#6065=CARTESIAN_POINT('Ctrl Pts',(-106.156630558852,42.4112191346991,8.51644733735866));
#6066=CARTESIAN_POINT('Ctrl Pts',(-105.751925642567,42.4112191346991,7.20985397301292));
#6067=CARTESIAN_POINT('Ctrl Pts',(-104.984799409605,42.4112191346991,6.24672872071994));
#6068=CARTESIAN_POINT('Ctrl Pts',(-103.735596613074,42.4112191346991,5.64490681175897));
#6069=CARTESIAN_POINT('Ctrl Pts',(-102.349903816183,42.4112191346991,5.64534194533762));
#6070=CARTESIAN_POINT('Ctrl Pts',(-101.100868690429,42.4112191346991,6.24621148059501));
#6071=CARTESIAN_POINT('Ctrl Pts',(-100.237588589858,42.4112191346991,7.33029420825801));
#6072=CARTESIAN_POINT('Ctrl Pts',(-100.031672882211,42.4112191346991,8.23080368757503));
#6073=CARTESIAN_POINT('Ctrl Pts',(-100.031672882211,42.4112191346991,8.68135494050441));
#6074=CARTESIAN_POINT('Ctrl Pts',(-100.454958400026,41.9880016765109,8.68135494050439));
#6075=CARTESIAN_POINT('Ctrl Pts',(-100.454958400026,41.9880016765109,9.06851341636191));
#6076=CARTESIAN_POINT('Ctrl Pts',(-100.631866045201,41.9880016765109,9.84272410339573));
#6077=CARTESIAN_POINT('Ctrl Pts',(-101.312452471943,41.988001676511,10.6954343584182));
#6078=CARTESIAN_POINT('Ctrl Pts',(-102.343489647818,41.9880016765109,11.2666455258469));
#6079=CARTESIAN_POINT('Ctrl Pts',(-103.548955859302,41.9880016765109,11.3354639814676));
#6080=CARTESIAN_POINT('Ctrl Pts',(-104.710618330434,41.9880016765109,10.7734333101795));
#6081=CARTESIAN_POINT('Ctrl Pts',(-105.537976975499,41.9880016765109,9.73976695097532));
#6082=CARTESIAN_POINT('Ctrl Pts',(-105.718584950148,41.9880016765109,8.53960533199572));
#6083=CARTESIAN_POINT('Ctrl Pts',(-105.370791546579,41.9880016765109,7.41680741535656));
#6084=CARTESIAN_POINT('Ctrl Pts',(-104.711576427776,41.9880016765109,6.58914009515621));
#6085=CARTESIAN_POINT('Ctrl Pts',(-103.638073141714,41.9880016765109,6.07199618622622));
#6086=CARTESIAN_POINT('Ctrl Pts',(-102.44729900333,41.9880016765109,6.07234970584726));
#6087=CARTESIAN_POINT('Ctrl Pts',(-101.373887662615,41.9880016765109,6.58873850907726));
#6088=CARTESIAN_POINT('Ctrl Pts',(-100.631965669775,41.9880016765109,7.52033320317755));
#6089=CARTESIAN_POINT('Ctrl Pts',(-100.454958400026,41.9880016765109,8.29419646464691));
#6090=CARTESIAN_POINT('Ctrl Pts',(-100.454958400026,41.9880016765109,8.68135494050442));
#6091=CARTESIAN_POINT('Ctrl Pts',(-100.774105902492,41.6398997697849,8.68135494050439));
#6092=CARTESIAN_POINT('Ctrl Pts',(-100.774105902492,41.6398997697849,9.02075568420653));
#6093=CARTESIAN_POINT('Ctrl Pts',(-100.929198654649,41.6398997697849,9.69947175696966));
#6094=CARTESIAN_POINT('Ctrl Pts',(-101.525846206881,41.6398997697849,10.4470016188225));
#6095=CARTESIAN_POINT('Ctrl Pts',(-102.429707327473,41.6398997697849,10.9477584896443));
#6096=CARTESIAN_POINT('Ctrl Pts',(-103.486488224632,41.6398997697849,11.0080825365297));
#6097=CARTESIAN_POINT('Ctrl Pts',(-104.504868320929,41.6398997697849,10.5153798539617));
#6098=CARTESIAN_POINT('Ctrl Pts',(-105.230172595983,41.6398997697849,9.60921115400085));
#6099=CARTESIAN_POINT('Ctrl Pts',(-105.388506431748,41.6398997697849,8.55708430120503));
#6100=CARTESIAN_POINT('Ctrl Pts',(-105.083610445759,41.6398997697849,7.57278230683022));
#6101=CARTESIAN_POINT('Ctrl Pts',(-104.505708988883,41.6398997697849,6.84720357276248));
#6102=CARTESIAN_POINT('Ctrl Pts',(-103.564617851166,41.6398997697849,6.39385188039013));
#6103=CARTESIAN_POINT('Ctrl Pts',(-102.520723917389,41.6398997697849,6.39415882820151));
#6104=CARTESIAN_POINT('Ctrl Pts',(-101.5797058059,41.6398997697849,6.84685775609784));
#6105=CARTESIAN_POINT('Ctrl Pts',(-100.929287834643,41.6398997697849,7.66354231073554));
#6106=CARTESIAN_POINT('Ctrl Pts',(-100.774105902492,41.6398997697849,8.34195419680229));
#6107=CARTESIAN_POINT('Ctrl Pts',(-100.774105902492,41.6398997697849,8.68135494050443));
#6108=CARTESIAN_POINT('Ctrl Pts',(-100.885735081506,41.4994428272755,8.68135494050438));
#6109=CARTESIAN_POINT('Ctrl Pts',(-100.885735081506,41.4994428272755,9.00404438387787));
#6110=CARTESIAN_POINT('Ctrl Pts',(-101.03320109114,41.4994428272755,9.6493520926405));
#6111=CARTESIAN_POINT('Ctrl Pts',(-101.600489910873,41.4994428272756,10.3600821136953));
#6112=CARTESIAN_POINT('Ctrl Pts',(-102.459856087875,41.4994428272755,10.8361921616417));
#6113=CARTESIAN_POINT('Ctrl Pts',(-103.464622143952,41.4994428272755,10.8935390691003));
#6114=CARTESIAN_POINT('Ctrl Pts',(-104.432877584374,41.4994428272755,10.4250946051846));
#6115=CARTESIAN_POINT('Ctrl Pts',(-105.122474784926,41.4994428272755,9.56353094747869));
#6116=CARTESIAN_POINT('Ctrl Pts',(-105.273018675055,41.4994428272755,8.56319470137704));
#6117=CARTESIAN_POINT('Ctrl Pts',(-104.983129281294,41.4994428272755,7.62734936730252));
#6118=CARTESIAN_POINT('Ctrl Pts',(-104.43367783962,41.4994428272755,6.93748621963281));
#6119=CARTESIAN_POINT('Ctrl Pts',(-103.538911795096,41.4994428272755,6.50645676414346));
#6120=CARTESIAN_POINT('Ctrl Pts',(-102.546407537615,41.4994428272755,6.50674475866131));
#6121=CARTESIAN_POINT('Ctrl Pts',(-101.651701105868,41.4994428272755,6.93716550491532));
#6122=CARTESIAN_POINT('Ctrl Pts',(-101.033288270104,41.4994428272755,7.71364650218851));
#6123=CARTESIAN_POINT('Ctrl Pts',(-100.885735081506,41.4994428272755,8.35866549713095));
#6124=CARTESIAN_POINT('Ctrl Pts',(-100.885735081506,41.4994428272755,8.68135494050443));
#6125=CARTESIAN_POINT('Ctrl Pts',(-100.935146986805,41.4261574607997,8.68135494050438));
#6126=CARTESIAN_POINT('Ctrl Pts',(-100.935146986805,41.4261574607997,8.99662396291788));
#6127=CARTESIAN_POINT('Ctrl Pts',(-101.079248877646,41.4261574607997,9.62712043712603));
#6128=CARTESIAN_POINT('Ctrl Pts',(-101.633545001902,41.4261574607997,10.3215257491848));
#6129=CARTESIAN_POINT('Ctrl Pts',(-102.473174867057,41.4261574607997,10.7867132517042));
#6130=CARTESIAN_POINT('Ctrl Pts',(-103.454887593816,41.4261574607997,10.8427221281295));
#6131=CARTESIAN_POINT('Ctrl Pts',(-104.400927667668,41.4261574607997,10.3850461455341));
#6132=CARTESIAN_POINT('Ctrl Pts',(-105.074681743037,41.4261574607997,9.5432595135412));
#6133=CARTESIAN_POINT('Ctrl Pts',(-105.221780643577,41.4261574607997,8.56588844949328));
#6134=CARTESIAN_POINT('Ctrl Pts',(-104.938541314323,41.4261574607997,7.65154088435248));
#6135=CARTESIAN_POINT('Ctrl Pts',(-104.401712252739,41.4261574607997,6.97751303035678));
#6136=CARTESIAN_POINT('Ctrl Pts',(-103.5274882792,41.4261574607997,6.55639605288394));
#6137=CARTESIAN_POINT('Ctrl Pts',(-102.557781481499,41.4261574607997,6.55666671761818));
#6138=CARTESIAN_POINT('Ctrl Pts',(-101.683588373889,41.4261574607997,6.97722220629169));
#6139=CARTESIAN_POINT('Ctrl Pts',(-101.079340716128,41.4261574607997,7.73587013710188));
#6140=CARTESIAN_POINT('Ctrl Pts',(-100.935146986805,41.4261574607997,8.36608591809095));
#6141=CARTESIAN_POINT('Ctrl Pts',(-100.935146986805,41.4261574607997,8.68135494050444));
#6142=CARTESIAN_POINT('Ctrl Pts',(-100.942616324477,41.4075761440819,8.68135494050438));
#6143=CARTESIAN_POINT('Ctrl Pts',(-100.942616324477,41.4075761440819,8.99552963207526));
#6144=CARTESIAN_POINT('Ctrl Pts',(-101.086195792435,41.4075761440819,9.62381451054135));
#6145=CARTESIAN_POINT('Ctrl Pts',(-101.638524645026,41.4075761440819,10.315793861894));
#6146=CARTESIAN_POINT('Ctrl Pts',(-102.47521920676,41.4075761440819,10.7793453089227));
#6147=CARTESIAN_POINT('Ctrl Pts',(-103.45348155416,41.4075761440819,10.8351757032556));
#6148=CARTESIAN_POINT('Ctrl Pts',(-104.396196407811,41.4075761440819,10.3790913774017));
#6149=CARTESIAN_POINT('Ctrl Pts',(-105.067599816451,41.4075761440819,9.54025563629292));
#6150=CARTESIAN_POINT('Ctrl Pts',(-105.214174219054,41.4075761440819,8.56630856208241));
#6151=CARTESIAN_POINT('Ctrl Pts',(-104.931931327398,41.4075761440819,7.65515336192049));
#6152=CARTESIAN_POINT('Ctrl Pts',(-104.396976015242,41.4075761440819,6.98348863263688));
#6153=CARTESIAN_POINT('Ctrl Pts',(-103.525814256778,41.4075761440819,6.56383280179745));
#6154=CARTESIAN_POINT('Ctrl Pts',(-102.559494631958,41.4075761440819,6.56411136146169));
#6155=CARTESIAN_POINT('Ctrl Pts',(-101.688386220062,41.4075761440819,6.98318024054093));
#6156=CARTESIAN_POINT('Ctrl Pts',(-101.08628181351,41.4075761440819,7.73917622921242));
#6157=CARTESIAN_POINT('Ctrl Pts',(-100.942616324477,41.4075761440819,8.36718024893356));
#6158=CARTESIAN_POINT('Ctrl Pts',(-100.942616324477,41.4075761440819,8.68135494050444));
#6159=CARTESIAN_POINT('Ctrl Pts',(-100.942616324477,41.3999999999977,8.68135494050438));
#6160=CARTESIAN_POINT('Ctrl Pts',(-100.942616324477,41.3999999999977,8.99551277605022));
#6161=CARTESIAN_POINT('Ctrl Pts',(-101.08620434309,41.3999999999977,9.62378081973796));
#6162=CARTESIAN_POINT('Ctrl Pts',(-101.638535187158,41.3999999999978,10.3157344579265));
#6163=CARTESIAN_POINT('Ctrl Pts',(-102.47520011263,41.3999999999978,10.7792766391355));
#6164=CARTESIAN_POINT('Ctrl Pts',(-103.453441234721,41.3999999999978,10.8350923904964));
#6165=CARTESIAN_POINT('Ctrl Pts',(-104.396135793609,41.3999999999977,10.3790303285853));
#6166=CARTESIAN_POINT('Ctrl Pts',(-105.06751195251,41.3999999999977,9.54021841546676));
#6167=CARTESIAN_POINT('Ctrl Pts',(-105.214088656135,41.3999999999977,8.56630061108947));
#6168=CARTESIAN_POINT('Ctrl Pts',(-104.93185119388,41.3999999999977,7.65518071733573));
#6169=CARTESIAN_POINT('Ctrl Pts',(-104.396917007427,41.3999999999977,6.9835348379433));
#6170=CARTESIAN_POINT('Ctrl Pts',(-103.525781739222,41.3999999999978,6.56390195611742));
#6171=CARTESIAN_POINT('Ctrl Pts',(-102.559498442649,41.3999999999977,6.56417404151132));
#6172=CARTESIAN_POINT('Ctrl Pts',(-101.688400003025,41.3999999999977,6.9832400453992));
#6173=CARTESIAN_POINT('Ctrl Pts',(-101.086294379889,41.3999999999977,7.73920907154919));
#6174=CARTESIAN_POINT('Ctrl Pts',(-100.942616324477,41.3999999999977,8.36719710495861));
#6175=CARTESIAN_POINT('Ctrl Pts',(-100.942616324477,41.3999999999977,8.68135494050444));
#6176=CARTESIAN_POINT('',(-100.942616324477,41.3999999999977,8.68135494050442));
#6177=CARTESIAN_POINT('Ctrl Pts',(-99.4426163244769,42.8999999999977,8.68135494050442));
#6178=CARTESIAN_POINT('Ctrl Pts',(-99.6284653391259,42.8999999999977,8.68135494050442));
#6179=CARTESIAN_POINT('Ctrl Pts',(-100.942616324477,41.5858490146467,8.68135494050442));
#6180=CARTESIAN_POINT('Ctrl Pts',(-100.942616324477,41.3999999999977,8.68135494050442));
#6181=CARTESIAN_POINT('Origin',(-103.042616324477,41.3999999999977,8.68135494050442));
#6182=CARTESIAN_POINT('Ctrl Pts',(64.3299999999993,34.5500000000002,43.2884348746269));
#6183=CARTESIAN_POINT('Ctrl Pts',(64.3299999999993,35.1109961405962,43.2884348746269));
#6184=CARTESIAN_POINT('Ctrl Pts',(64.5864480155134,36.2323341316456,43.2884348746269));
#6185=CARTESIAN_POINT('Ctrl Pts',(65.6625270589131,37.5826425105541,43.2884348746269));
#6186=CARTESIAN_POINT('Ctrl Pts',(67.2167225577847,38.3303747664176,43.2884348746269));
#6187=CARTESIAN_POINT('Ctrl Pts',(68.9455460955321,38.3312823926638,43.2884348746269));
#6188=CARTESIAN_POINT('Ctrl Pts',(70.4933035978232,37.5816270338262,43.2884348746269));
#6189=CARTESIAN_POINT('Ctrl Pts',(71.944867321587,35.7833219017797,43.2884348746269));
#6190=CARTESIAN_POINT('Ctrl Pts',(71.9444894725658,33.3168789158677,43.2884348746269));
#6191=CARTESIAN_POINT('Ctrl Pts',(70.4943855216677,31.5181124808842,43.2884348746269));
#6192=CARTESIAN_POINT('Ctrl Pts',(68.9446143355372,30.7687237349635,43.2884348746269));
#6193=CARTESIAN_POINT('Ctrl Pts',(67.216569778823,30.7692651296197,43.2884348746269));
#6194=CARTESIAN_POINT('Ctrl Pts',(65.662353810352,31.5176053513726,43.2884348746269));
#6195=CARTESIAN_POINT('Ctrl Pts',(64.5864124037891,32.8675848503951,43.2884348746269));
#6196=CARTESIAN_POINT('Ctrl Pts',(64.3299999999999,33.9890038594041,43.2884348746269));
#6197=CARTESIAN_POINT('Ctrl Pts',(64.3299999999999,34.5500000000002,43.2884348746269));
#6198=CARTESIAN_POINT('Ctrl Pts',(64.3451522881676,34.5500000000002,43.2884348746269));
#6199=CARTESIAN_POINT('Ctrl Pts',(64.3451522881676,35.1089868663331,43.2884348746269));
#6200=CARTESIAN_POINT('Ctrl Pts',(64.6004228445855,36.2260325205911,43.2884348746269));
#6201=CARTESIAN_POINT('Ctrl Pts',(65.672110895088,37.5712850208939,43.2884348746269));
#6202=CARTESIAN_POINT('Ctrl Pts',(67.2203949821256,38.3160730045177,43.2884348746269));
#6203=CARTESIAN_POINT('Ctrl Pts',(68.942641409924,38.3171184508619,43.2884348746269));
#6204=CARTESIAN_POINT('Ctrl Pts',(70.4844018801476,37.5701790463212,43.2884348746269));
#6205=CARTESIAN_POINT('Ctrl Pts',(71.9306800055187,35.7786014859579,43.2884348746269));
#6206=CARTESIAN_POINT('Ctrl Pts',(71.9302468237478,33.3217450274099,43.2884348746269));
#6207=CARTESIAN_POINT('Ctrl Pts',(70.4855443189534,31.5297012373646,43.2884348746269));
#6208=CARTESIAN_POINT('Ctrl Pts',(68.941610591153,30.7830241794398,43.2884348746269));
#6209=CARTESIAN_POINT('Ctrl Pts',(67.2200015089175,30.783645865957,43.2884348746269));
#6210=CARTESIAN_POINT('Ctrl Pts',(65.6719114969482,31.528990412302,43.2884348746269));
#6211=CARTESIAN_POINT('Ctrl Pts',(64.6003394421337,32.8739026221743,43.2884348746269));
#6212=CARTESIAN_POINT('Ctrl Pts',(64.3451522881682,33.9910131336673,43.2884348746269));
#6213=CARTESIAN_POINT('Ctrl Pts',(64.3451522881682,34.5500000000002,43.2884348746269));
#6214=CARTESIAN_POINT('Ctrl Pts',(64.4004766102005,34.5500000000001,43.2580643117053));
#6215=CARTESIAN_POINT('Ctrl Pts',(64.4004766102005,35.1004205813053,43.2580643117053));
#6216=CARTESIAN_POINT('Ctrl Pts',(64.6521227383433,36.2006544593468,43.2580643117053));
#6217=CARTESIAN_POINT('Ctrl Pts',(65.7079836037513,37.5255352146911,43.2580643117053));
#6218=CARTESIAN_POINT('Ctrl Pts',(67.232923653789,38.2592050969811,43.2580643117053));
#6219=CARTESIAN_POINT('Ctrl Pts',(68.9292048141851,38.2600779002476,43.2580643117053));
#6220=CARTESIAN_POINT('Ctrl Pts',(70.4478418786261,37.5245507007602,43.2580643117053));
#6221=CARTESIAN_POINT('Ctrl Pts',(71.8720524826009,35.7601101255037,43.2580643117053));
#6222=CARTESIAN_POINT('Ctrl Pts',(71.871688874103,33.3400685224818,43.2580643117052));
#6223=CARTESIAN_POINT('Ctrl Pts',(70.4488953218431,31.5751761665502,43.2580643117052));
#6224=CARTESIAN_POINT('Ctrl Pts',(68.9283034760785,30.8399109697357,43.2580643117052));
#6225=CARTESIAN_POINT('Ctrl Pts',(67.2328040453728,30.8404318333733,43.2580643117052));
#6226=CARTESIAN_POINT('Ctrl Pts',(65.7078169824388,31.5747044013582,43.2580643117052));
#6227=CARTESIAN_POINT('Ctrl Pts',(64.6520938146028,32.8992640572778,43.2580643117053));
#6228=CARTESIAN_POINT('Ctrl Pts',(64.4004766102011,33.9995794186951,43.2580643117053));
#6229=CARTESIAN_POINT('Ctrl Pts',(64.4004766102011,34.5500000000002,43.2580643117053));
#6230=CARTESIAN_POINT('Ctrl Pts',(64.6284249238263,34.5500000000002,43.0663644364119));
#6231=CARTESIAN_POINT('Ctrl Pts',(64.6284249238263,35.0664247552103,43.0663644364119));
#6232=CARTESIAN_POINT('Ctrl Pts',(64.8644249435538,36.0985940221958,43.0663644364119));
#6233=CARTESIAN_POINT('Ctrl Pts',(65.8548575084836,37.3415578398993,43.0663644364119));
#6234=CARTESIAN_POINT('Ctrl Pts',(67.285474164732,38.0298073172345,43.0663644364119));
#6235=CARTESIAN_POINT('Ctrl Pts',(68.8768332272787,38.0306826488026,43.0663644364118));
#6236=CARTESIAN_POINT('Ctrl Pts',(70.3014927144827,37.3405964740844,43.0663644364118));
#6237=CARTESIAN_POINT('Ctrl Pts',(71.6377046174341,35.6852483883782,43.0663644364118));
#6238=CARTESIAN_POINT('Ctrl Pts',(71.6373407892948,33.4149777991884,43.0663644364118));
#6239=CARTESIAN_POINT('Ctrl Pts',(70.302506852799,31.7592032043817,43.0663644364118));
#6240=CARTESIAN_POINT('Ctrl Pts',(68.8759465952108,31.0693615254428,43.0663644364118));
#6241=CARTESIAN_POINT('Ctrl Pts',(67.2852654348119,31.0698831153705,43.0663644364118));
#6242=CARTESIAN_POINT('Ctrl Pts',(65.8546904688581,31.7586783617198,43.0663644364118));
#6243=CARTESIAN_POINT('Ctrl Pts',(64.8643786364785,33.001335876148,43.0663644364118));
#6244=CARTESIAN_POINT('Ctrl Pts',(64.6284249238268,34.03357524479,43.0663644364119));
#6245=CARTESIAN_POINT('Ctrl Pts',(64.6284249238268,34.5500000000002,43.0663644364119));
#6246=CARTESIAN_POINT('Ctrl Pts',(64.9190513377523,34.5500000000001,42.7996577926014));
#6247=CARTESIAN_POINT('Ctrl Pts',(64.9190513377523,35.0229911031254,42.7996577926014));
#6248=CARTESIAN_POINT('Ctrl Pts',(65.1351525339785,35.9682967946025,42.7996577926014));
#6249=CARTESIAN_POINT('Ctrl Pts',(66.0421812634629,37.1066792155098,42.7996577926014));
#6250=CARTESIAN_POINT('Ctrl Pts',(67.3524098060652,37.736992250877,42.7996577926014));
#6251=CARTESIAN_POINT('Ctrl Pts',(68.8098537980075,37.7378212865832,42.7996577926014));
#6252=CARTESIAN_POINT('Ctrl Pts',(70.1146051468067,37.1057804722729,42.7996577926014));
#6253=CARTESIAN_POINT('Ctrl Pts',(71.3384188165423,35.5897101650276,42.7996577926014));
#6254=CARTESIAN_POINT('Ctrl Pts',(71.3380746086866,33.5105253576955,42.7996577926014));
#6255=CARTESIAN_POINT('Ctrl Pts',(70.1155464629654,31.9940631384368,42.7996577926014));
#6256=CARTESIAN_POINT('Ctrl Pts',(68.8090219030137,31.3622456153362,42.7996577926014));
#6257=CARTESIAN_POINT('Ctrl Pts',(67.3521719061487,31.3627392641892,42.7996577926014));
#6258=CARTESIAN_POINT('Ctrl Pts',(66.0420230876283,31.9935426326045,42.7996577926014));
#6259=CARTESIAN_POINT('Ctrl Pts',(65.1351008404313,33.1316420735123,42.7996577926014));
#6260=CARTESIAN_POINT('Ctrl Pts',(64.9190513377526,34.0770088968749,42.7996577926014));
#6261=CARTESIAN_POINT('Ctrl Pts',(64.9190513377526,34.5500000000002,42.7996577926014));
#6262=CARTESIAN_POINT('Ctrl Pts',(65.3423381731437,34.5500000000001,42.3764393310595));
#6263=CARTESIAN_POINT('Ctrl Pts',(65.3423381731437,34.9595983254103,42.3764393310595));
#6264=CARTESIAN_POINT('Ctrl Pts',(65.5295305447936,35.7782669304002,42.3764393310596));
#6265=CARTESIAN_POINT('Ctrl Pts',(66.3151068499121,36.7641232615932,42.3764393310595));
#6266=CARTESIAN_POINT('Ctrl Pts',(67.4498037982829,37.3100141148898,42.3764393310595));
#6267=CARTESIAN_POINT('Ctrl Pts',(68.711994024593,37.3107025104086,42.3764393310595));
#6268=CARTESIAN_POINT('Ctrl Pts',(69.8419706099527,36.7633646766559,42.3764393310595));
#6269=CARTESIAN_POINT('Ctrl Pts',(70.9017804145055,35.4504261405761,42.3764393310595));
#6270=CARTESIAN_POINT('Ctrl Pts',(70.9014942045258,33.6497471691116,42.3764393310595));
#6271=CARTESIAN_POINT('Ctrl Pts',(69.8427722880524,32.3364706242286,42.3764393310595));
#6272=CARTESIAN_POINT('Ctrl Pts',(68.7112950577226,31.7893268481415,42.3764393310595));
#6273=CARTESIAN_POINT('Ctrl Pts',(67.4496482787251,31.7897371232872,42.3764393310595));
#6274=CARTESIAN_POINT('Ctrl Pts',(66.3149754770564,32.3360628963256,42.3764393310595));
#6275=CARTESIAN_POINT('Ctrl Pts',(65.5294958095625,33.3216768089708,42.3764393310595));
#6276=CARTESIAN_POINT('Ctrl Pts',(65.3423381731439,34.1404016745901,42.3764393310595));
#6277=CARTESIAN_POINT('Ctrl Pts',(65.3423381731439,34.5500000000002,42.3764393310595));
#6278=CARTESIAN_POINT('Ctrl Pts',(65.6614864977514,34.5500000000001,42.0283367981752));
#6279=CARTESIAN_POINT('Ctrl Pts',(65.6614864977514,34.9118405927702,42.0283367981752));
#6280=CARTESIAN_POINT('Ctrl Pts',(65.8268609383925,35.6350638792763,42.0283367981752));
#6281=CARTESIAN_POINT('Ctrl Pts',(66.5208584723287,36.5059796310603,42.0283367981752));
#6282=CARTESIAN_POINT('Ctrl Pts',(67.5232644379903,36.9882297888385,42.0283367981752));
#6283=CARTESIAN_POINT('Ctrl Pts',(68.638299661489,36.9888335372411,42.0283367981752));
#6284=CARTESIAN_POINT('Ctrl Pts',(69.6365390182499,36.5053124189344,42.0283367981752));
#6285=CARTESIAN_POINT('Ctrl Pts',(70.5727813970159,35.3454490179532,42.0283367981752));
#6286=CARTESIAN_POINT('Ctrl Pts',(70.5725303191677,33.7546995358018,42.0283367981752));
#6287=CARTESIAN_POINT('Ctrl Pts',(69.6372452231017,32.5945377410485,42.0283367981752));
#6288=CARTESIAN_POINT('Ctrl Pts',(68.6376853728165,32.1111881568361,42.0283367981752));
#6289=CARTESIAN_POINT('Ctrl Pts',(67.5231345460432,32.1115480406912,42.0283367981752));
#6290=CARTESIAN_POINT('Ctrl Pts',(66.5207432487467,32.5941839373685,42.0283367981752));
#6291=CARTESIAN_POINT('Ctrl Pts',(65.8268317418302,33.4648859268419,42.0283367981752));
#6292=CARTESIAN_POINT('Ctrl Pts',(65.6614864977514,34.1881594072301,42.0283367981752));
#6293=CARTESIAN_POINT('Ctrl Pts',(65.6614864977514,34.5500000000002,42.0283367981752));
#6294=CARTESIAN_POINT('Ctrl Pts',(65.7731171778714,34.5500000000001,41.8878788007782));
#6295=CARTESIAN_POINT('Ctrl Pts',(65.7731171778714,34.895129292272,41.8878788007782));
#6296=CARTESIAN_POINT('Ctrl Pts',(65.9308639171819,35.5849617637901,41.8878788007783));
#6297=CARTESIAN_POINT('Ctrl Pts',(66.5928304486716,36.4156634711145,41.8878788007782));
#6298=CARTESIAN_POINT('Ctrl Pts',(67.5489544328642,36.8756515698326,41.8878788007782));
#6299=CARTESIAN_POINT('Ctrl Pts',(68.612507538837,36.8762219996901,41.8878788007782));
#6300=CARTESIAN_POINT('Ctrl Pts',(69.5646615324096,36.4150307002827,41.8878788007782));
#6301=CARTESIAN_POINT('Ctrl Pts',(70.4576676903068,35.3087235589245,41.8878788007782));
#6302=CARTESIAN_POINT('Ctrl Pts',(70.4574303921797,33.7914124931752,41.8878788007782));
#6303=CARTESIAN_POINT('Ctrl Pts',(69.5653326410819,32.6848209925706,41.8878788007782));
#6304=CARTESIAN_POINT('Ctrl Pts',(68.6119255655031,32.2237934326768,41.8878788007782));
#6305=CARTESIAN_POINT('Ctrl Pts',(67.5488398340052,32.2241335275486,41.8878788007782));
#6306=CARTESIAN_POINT('Ctrl Pts',(66.5927215779452,32.6844914466249,41.8878788007782));
#6307=CARTESIAN_POINT('Ctrl Pts',(65.9308379151516,33.5149897490565,41.8878788007782));
#6308=CARTESIAN_POINT('Ctrl Pts',(65.7731171778715,34.2048707077283,41.8878788007782));
#6309=CARTESIAN_POINT('Ctrl Pts',(65.7731171778715,34.5500000000002,41.8878788007782));
#6310=CARTESIAN_POINT('Ctrl Pts',(65.8225297220575,34.5500000000001,41.8145929775482));
#6311=CARTESIAN_POINT('Ctrl Pts',(65.8225297220575,34.8877088712367,41.8145929775482));
#6312=CARTESIAN_POINT('Ctrl Pts',(65.976912883184,35.5627395629723,41.8145929775482));
#6313=CARTESIAN_POINT('Ctrl Pts',(66.6247049997905,36.3756046216011,41.8145929775482));
#6314=CARTESIAN_POINT('Ctrl Pts',(67.5603092716324,36.8257316110561,41.8145929775482));
#6315=CARTESIAN_POINT('Ctrl Pts',(68.6010372532879,36.8262745006995,41.8145929775482));
#6316=CARTESIAN_POINT('Ctrl Pts',(69.5327686591113,36.3749956489179,41.8145929775482));
#6317=CARTESIAN_POINT('Ctrl Pts',(70.4065842020213,35.2924435157374,41.8145929775482));
#6318=CARTESIAN_POINT('Ctrl Pts',(70.4063581441028,33.8076737567661,41.8145929775482));
#6319=CARTESIAN_POINT('Ctrl Pts',(69.5334183662562,32.7248440905761,41.8145929775482));
#6320=CARTESIAN_POINT('Ctrl Pts',(68.6004788804807,32.2737258164131,41.8145929775482));
#6321=CARTESIAN_POINT('Ctrl Pts',(67.5602232593195,32.2740496947999,41.8145929775482));
#6322=CARTESIAN_POINT('Ctrl Pts',(66.6246013686056,32.7245438836833,41.8145929775482));
#6323=CARTESIAN_POINT('Ctrl Pts',(65.9768926289975,33.5372112738391,41.8145929775482));
#6324=CARTESIAN_POINT('Ctrl Pts',(65.8225297220575,34.2122911287636,41.8145929775482));
#6325=CARTESIAN_POINT('Ctrl Pts',(65.8225297220575,34.5500000000002,41.8145929775482));
#6326=CARTESIAN_POINT('Ctrl Pts',(65.83,34.5500000000001,41.796011018711));
#6327=CARTESIAN_POINT('Ctrl Pts',(65.83,34.886614540383,41.796011018711));
#6328=CARTESIAN_POINT('Ctrl Pts',(65.9838595625987,35.5594329512134,41.796011018711));
#6329=CARTESIAN_POINT('Ctrl Pts',(66.6295041752714,36.3696441759575,41.796011018711));
#6330=CARTESIAN_POINT('Ctrl Pts',(67.5620455965233,36.8182885715272,41.796011018711));
#6331=CARTESIAN_POINT('Ctrl Pts',(68.5993664534171,36.818842409357,41.796011018711));
#6332=CARTESIAN_POINT('Ctrl Pts',(69.5280377689341,36.3690286971308,41.796011018711));
#6333=CARTESIAN_POINT('Ctrl Pts',(70.3990139454016,35.290010354828,41.796011018711));
#6334=CARTESIAN_POINT('Ctrl Pts',(70.3987835138409,33.8101197264422,41.796011018711));
#6335=CARTESIAN_POINT('Ctrl Pts',(69.5286911708606,32.7308241578437,41.796011018711));
#6336=CARTESIAN_POINT('Ctrl Pts',(68.5988006663563,32.2811702046072,41.796011018711));
#6337=CARTESIAN_POINT('Ctrl Pts',(67.5619381323575,32.2815004406865,41.796011018711));
#6338=CARTESIAN_POINT('Ctrl Pts',(66.6293984684998,32.7305064116362,41.796011018711));
#6339=CARTESIAN_POINT('Ctrl Pts',(65.9838350576575,33.5405194744981,41.796011018711));
#6340=CARTESIAN_POINT('Ctrl Pts',(65.83,34.2133854596173,41.796011018711));
#6341=CARTESIAN_POINT('Ctrl Pts',(65.83,34.5500000000002,41.796011018711));
#6342=CARTESIAN_POINT('Ctrl Pts',(65.83,34.5500000000001,41.7884348746269));
#6343=CARTESIAN_POINT('Ctrl Pts',(65.83,34.8865976843578,41.7884348746269));
#6344=CARTESIAN_POINT('Ctrl Pts',(65.9838688093084,35.5594004789874,41.7884348746269));
#6345=CARTESIAN_POINT('Ctrl Pts',(66.6295162353481,36.3695855063325,41.7884348746269));
#6346=CARTESIAN_POINT('Ctrl Pts',(67.562033534671,36.8182248598506,41.7884348746269));
#6347=CARTESIAN_POINT('Ctrl Pts',(68.5993276573194,36.8187694355983,41.7884348746269));
#6348=CARTESIAN_POINT('Ctrl Pts',(69.527982158694,36.3689762202958,41.7884348746269));
#6349=CARTESIAN_POINT('Ctrl Pts',(70.3989203929523,35.2899931410679,41.7884348746269));
#6350=CARTESIAN_POINT('Ctrl Pts',(70.3986936835395,33.8101273495207,41.7884348746269));
#6351=CARTESIAN_POINT('Ctrl Pts',(69.5286313130006,32.7308674885307,41.7884348746269));
#6352=CARTESIAN_POINT('Ctrl Pts',(68.5987686013223,32.2812342409782,41.7884348746269));
#6353=CARTESIAN_POINT('Ctrl Pts',(67.5619418672939,32.281559077772,41.7884348746269));
#6354=CARTESIAN_POINT('Ctrl Pts',(66.6294122862113,32.7305632108237,41.7884348746269));
#6355=CARTESIAN_POINT('Ctrl Pts',(65.9838474422735,33.5405509102372,41.7884348746269));
#6356=CARTESIAN_POINT('Ctrl Pts',(65.83,34.2134023156426,41.7884348746269));
#6357=CARTESIAN_POINT('Ctrl Pts',(65.83,34.5500000000002,41.7884348746269));
#6358=CARTESIAN_POINT('',(64.3299999999999,34.5500000000002,43.2884348746269));
#6359=CARTESIAN_POINT('',(65.83,34.5500000000002,41.788434874627));
#6360=CARTESIAN_POINT('Ctrl Pts',(64.33,34.5500000000002,43.2884348746269));
#6361=CARTESIAN_POINT('Ctrl Pts',(64.515849014649,34.5500000000002,43.2884348746269));
#6362=CARTESIAN_POINT('Ctrl Pts',(65.83,34.5500000000002,41.9742838892759));
#6363=CARTESIAN_POINT('Ctrl Pts',(65.83,34.5500000000002,41.7884348746269));
#6364=CARTESIAN_POINT('Origin',(68.08,34.5500000000002,41.788434874627));
#6365=CARTESIAN_POINT('Ctrl Pts',(64.3299999999999,34.5500000000002,43.2884348746269));
#6366=CARTESIAN_POINT('Ctrl Pts',(64.3299999999999,33.9890038594041,43.2884348746269));
#6367=CARTESIAN_POINT('Ctrl Pts',(64.5864124037891,32.8675848503951,43.2884348746269));
#6368=CARTESIAN_POINT('Ctrl Pts',(65.662353810352,31.5176053513726,43.2884348746269));
#6369=CARTESIAN_POINT('Ctrl Pts',(67.216569778823,30.7692651296197,43.2884348746269));
#6370=CARTESIAN_POINT('Ctrl Pts',(68.9446143355372,30.7687237349635,43.2884348746269));
#6371=CARTESIAN_POINT('Ctrl Pts',(70.4943855216677,31.5181124808842,43.2884348746269));
#6372=CARTESIAN_POINT('Ctrl Pts',(71.9444894725658,33.3168789158677,43.2884348746269));
#6373=CARTESIAN_POINT('Ctrl Pts',(71.944867321587,35.7833219017797,43.2884348746269));
#6374=CARTESIAN_POINT('Ctrl Pts',(70.4933035978232,37.5816270338262,43.2884348746269));
#6375=CARTESIAN_POINT('Ctrl Pts',(68.9455460955321,38.3312823926638,43.2884348746269));
#6376=CARTESIAN_POINT('Ctrl Pts',(67.2167225577847,38.3303747664176,43.2884348746269));
#6377=CARTESIAN_POINT('Ctrl Pts',(65.6625270589131,37.5826425105541,43.2884348746269));
#6378=CARTESIAN_POINT('Ctrl Pts',(64.5864480155134,36.2323341316456,43.2884348746269));
#6379=CARTESIAN_POINT('Ctrl Pts',(64.3299999999993,35.1109961405962,43.2884348746269));
#6380=CARTESIAN_POINT('Ctrl Pts',(64.3299999999993,34.5500000000002,43.2884348746269));
#6381=CARTESIAN_POINT('Origin',(-2.98907635741661,124.899999999996,43.288434874627));
#6382=CARTESIAN_POINT('',(-105.59615629154,7.54999999999407,43.2884348746268));
#6383=CARTESIAN_POINT('',(-105.59615629154,32.5499999999941,43.2884348746269));
#6384=CARTESIAN_POINT('',(-105.59615629154,62.4499999999979,43.2884348746269));
#6385=CARTESIAN_POINT('',(-105.59615629154,6.54999999999407,43.2884348746268));
#6386=CARTESIAN_POINT('',(-105.59615629154,7.54999999999407,43.2884348746268));
#6387=CARTESIAN_POINT('',(-108.595996423294,6.54999999999407,43.2884348746269));
#6388=CARTESIAN_POINT('',(-105.59615629154,6.54999999999407,43.2884348746268));
#6389=CARTESIAN_POINT('',(-108.595996423294,1.69999999999773,43.2884348746269));
#6390=CARTESIAN_POINT('',(-108.595996423294,39.8999999999977,43.2884348746269));
#6391=CARTESIAN_POINT('',(-107.095996423294,0.199999999997722,43.2884348746269));
#6392=CARTESIAN_POINT('Origin',(-107.095996423294,1.69999999999773,43.2884348746269));
#6393=CARTESIAN_POINT('',(101.118003576706,0.199999999997722,43.2884348746269));
#6394=CARTESIAN_POINT('',(-107.095996423294,0.199999999997722,43.2884348746269));
#6395=CARTESIAN_POINT('',(102.618003576706,1.69999999999773,43.2884348746269));
#6396=CARTESIAN_POINT('Origin',(101.118003576706,1.69999999999773,43.2884348746269));
#6397=CARTESIAN_POINT('',(102.618003576706,6.54999999999408,43.2884348746268));
#6398=CARTESIAN_POINT('',(102.618003576706,1.69999999999773,43.2884348746269));
#6399=CARTESIAN_POINT('',(99.6180035767063,6.54999999999408,43.2884348746268));
#6400=CARTESIAN_POINT('',(99.6180035767063,6.54999999999408,43.2884348746268));
#6401=CARTESIAN_POINT('',(99.6180035767063,7.54999999999407,43.2884348746268));
#6402=CARTESIAN_POINT('',(99.6180035767063,7.54999999999407,43.2884348746268));
#6403=CARTESIAN_POINT('',(99.6180035767063,32.5499999999941,43.2884348746269));
#6404=CARTESIAN_POINT('',(99.6180035767063,62.4499999999979,43.2884348746269));
#6405=CARTESIAN_POINT('',(99.6180035767063,33.5499999999941,43.2884348746269));
#6406=CARTESIAN_POINT('',(99.6180035767063,32.5499999999941,43.2884348746269));
#6407=CARTESIAN_POINT('',(102.618003576706,33.5499999999941,43.2884348746269));
#6408=CARTESIAN_POINT('',(99.6180035767063,33.5499999999941,43.2884348746269));
#6409=CARTESIAN_POINT('',(102.618003576706,39.8999999999977,43.2884348746269));
#6410=CARTESIAN_POINT('',(102.618003576706,39.8999999999977,43.2884348746269));
#6411=CARTESIAN_POINT('',(-108.595996423294,39.8999999999977,43.288434874627));
#6412=CARTESIAN_POINT('',(-1.49453817870831,39.8999999999977,43.2884348746269));
#6413=CARTESIAN_POINT('',(-108.595996423294,33.5499999999941,43.2884348746269));
#6414=CARTESIAN_POINT('',(-108.595996423294,39.8999999999977,43.2884348746269));
#6415=CARTESIAN_POINT('',(-105.59615629154,33.5499999999941,43.2884348746269));
#6416=CARTESIAN_POINT('',(-105.59615629154,33.5499999999941,43.2884348746269));
#6417=CARTESIAN_POINT('',(-105.59615629154,32.5499999999941,43.2884348746269));
#6418=CARTESIAN_POINT('',(64.4499999999999,16.2000000000002,43.2884348746269));
#6419=CARTESIAN_POINT('Ctrl Pts',(64.4499999999999,16.2000000000002,43.2884348746269));
#6420=CARTESIAN_POINT('Ctrl Pts',(64.4499999999999,15.6390038594041,43.2884348746269));
#6421=CARTESIAN_POINT('Ctrl Pts',(64.7064355333802,14.5176633748425,43.2884348746268));
#6422=CARTESIAN_POINT('Ctrl Pts',(65.7825236025049,13.1673533837868,43.2884348746269));
#6423=CARTESIAN_POINT('Ctrl Pts',(67.3367121332722,12.4196158887621,43.2884348746268));
#6424=CARTESIAN_POINT('Ctrl Pts',(69.0655594333394,12.418710676269,43.2884348746269));
#6425=CARTESIAN_POINT('Ctrl Pts',(70.6133317288281,13.1683639212465,43.2884348746268));
#6426=CARTESIAN_POINT('Ctrl Pts',(72.0649108034056,14.9666751317652,43.2884348746269));
#6427=CARTESIAN_POINT('Ctrl Pts',(72.0645208803094,17.4331208675874,43.2884348746269));
#6428=CARTESIAN_POINT('Ctrl Pts',(70.6143997203421,19.2318888230931,43.2884348746269));
#6429=CARTESIAN_POINT('Ctrl Pts',(69.0646266542907,19.9812768836188,43.2884348746269));
#6430=CARTESIAN_POINT('Ctrl Pts',(67.336570173899,19.9807360532494,43.2884348746269));
#6431=CARTESIAN_POINT('Ctrl Pts',(65.7823541376805,19.2323951266058,43.2884348746269));
#6432=CARTESIAN_POINT('Ctrl Pts',(64.7064033301561,17.8824165085949,43.2884348746269));
#6433=CARTESIAN_POINT('Ctrl Pts',(64.4499999999993,16.7609961405962,43.2884348746269));
#6434=CARTESIAN_POINT('Ctrl Pts',(64.4499999999993,16.2000000000001,43.2884348746269));
#6435=CARTESIAN_POINT('',(74.4996877392282,5.60459236671451,43.2884348746268));
#6436=CARTESIAN_POINT('',(74.4996877392282,20.9399087017146,43.2884348746269));
#6437=CARTESIAN_POINT('',(74.4996877392282,65.2522961833552,43.2884348746269));
#6438=CARTESIAN_POINT('',(92.4820893392282,20.9399087017146,43.2884348746269));
#6439=CARTESIAN_POINT('',(35.7553056909058,20.9399087017146,43.2884348746269));
#6440=CARTESIAN_POINT('',(92.4820893392282,5.60459236671451,43.2884348746268));
#6441=CARTESIAN_POINT('',(92.4820893392282,72.9199543508552,43.288434874627));
#6442=CARTESIAN_POINT('',(44.7465064909058,5.6045923667145,43.2884348746268));
#6443=CARTESIAN_POINT('',(18.53,28.9100000000001,43.2884348746269));
#6444=CARTESIAN_POINT('',(18.53,21.9100000000001,43.2884348746269));
#6445=CARTESIAN_POINT('',(18.53,76.904999999998,43.288434874627));
#6446=CARTESIAN_POINT('',(11.53,21.9100000000001,43.2884348746269));
#6447=CARTESIAN_POINT('',(7.7704618212917,21.9100000000001,43.2884348746269));
#6448=CARTESIAN_POINT('',(11.53,28.9100000000001,43.2884348746269));
#6449=CARTESIAN_POINT('',(11.53,73.404999999998,43.288434874627));
#6450=CARTESIAN_POINT('',(4.2704618212917,28.9100000000001,43.2884348746269));
#6451=CARTESIAN_POINT('',(20.861,35.0530000000001,43.2884348746269));
#6452=CARTESIAN_POINT('',(20.861,39.0530000000001,43.2884348746269));
#6453=CARTESIAN_POINT('',(20.861,79.976499999998,43.288434874627));
#6454=CARTESIAN_POINT('',(27.861,39.0530000000001,43.2884348746269));
#6455=CARTESIAN_POINT('',(8.93596182129171,39.0530000000001,43.2884348746269));
#6456=CARTESIAN_POINT('',(27.861,35.0530000000001,43.2884348746269));
#6457=CARTESIAN_POINT('',(27.8609999999999,81.9764999999981,43.288434874627));
#6458=CARTESIAN_POINT('',(12.4359618212917,35.0530000000001,43.2884348746269));
#6459=CARTESIAN_POINT('',(-19.539,35.0530000000001,43.2884348746269));
#6460=CARTESIAN_POINT('',(-19.539,39.0530000000001,43.2884348746269));
#6461=CARTESIAN_POINT('',(-19.539,79.976499999998,43.288434874627));
#6462=CARTESIAN_POINT('',(-12.539,39.0530000000001,43.2884348746269));
#6463=CARTESIAN_POINT('',(-11.2640381787083,39.0530000000001,43.2884348746269));
#6464=CARTESIAN_POINT('',(-12.539,35.0530000000001,43.2884348746269));
#6465=CARTESIAN_POINT('',(-12.5390000000001,81.976499999998,43.288434874627));
#6466=CARTESIAN_POINT('',(-7.76403817870835,35.0530000000001,43.2884348746269));
#6467=CARTESIAN_POINT('',(-42.8390000000001,39.0530000000001,43.2884348746269));
#6468=CARTESIAN_POINT('',(-42.839,35.0530000000001,43.2884348746269));
#6469=CARTESIAN_POINT('',(-42.8390000000002,81.976499999998,43.288434874627));
#6470=CARTESIAN_POINT('',(-49.839,35.0530000000001,43.2884348746269));
#6471=CARTESIAN_POINT('',(-22.9140381787084,35.0530000000001,43.2884348746269));
#6472=CARTESIAN_POINT('',(-49.839,39.0530000000001,43.2884348746269));
#6473=CARTESIAN_POINT('',(-49.839,79.976499999998,43.288434874627));
#6474=CARTESIAN_POINT('',(-26.4140381787083,39.0530000000001,43.2884348746269));
#6475=CARTESIAN_POINT('',(-9.43900000000004,35.0530000000001,43.2884348746269));
#6476=CARTESIAN_POINT('',(-9.43900000000004,39.0530000000001,43.2884348746269));
#6477=CARTESIAN_POINT('',(-9.43900000000004,79.976499999998,43.288434874627));
#6478=CARTESIAN_POINT('',(-2.43900000000004,39.0530000000001,43.2884348746269));
#6479=CARTESIAN_POINT('',(-6.2140381787083,39.0530000000001,43.2884348746269));
#6480=CARTESIAN_POINT('',(-2.43900000000004,35.0530000000001,43.2884348746269));
#6481=CARTESIAN_POINT('',(-2.43900000000014,81.976499999998,43.288434874627));
#6482=CARTESIAN_POINT('',(-2.71403817870835,35.0530000000001,43.2884348746269));
#6483=CARTESIAN_POINT('',(61.79,28.5800000000001,43.2884348746269));
#6484=CARTESIAN_POINT('',(61.79,21.5800000000001,43.2884348746269));
#6485=CARTESIAN_POINT('',(61.79,76.739999999998,43.288434874627));
#6486=CARTESIAN_POINT('',(54.79,21.5800000000001,43.2884348746269));
#6487=CARTESIAN_POINT('',(29.4004618212917,21.5800000000001,43.2884348746269));
#6488=CARTESIAN_POINT('',(54.79,28.5800000000001,43.2884348746269));
#6489=CARTESIAN_POINT('',(54.79,73.239999999998,43.288434874627));
#6490=CARTESIAN_POINT('',(25.9004618212917,28.5800000000001,43.2884348746269));
#6491=CARTESIAN_POINT('',(-1.62999999999996,28.8800000000001,43.2884348746269));
#6492=CARTESIAN_POINT('',(-1.62999999999996,21.8800000000001,43.2884348746269));
#6493=CARTESIAN_POINT('',(-1.62999999999996,76.889999999998,43.288434874627));
#6494=CARTESIAN_POINT('',(-8.62999999999995,21.8800000000001,43.2884348746269));
#6495=CARTESIAN_POINT('',(-2.30953817870828,21.8800000000001,43.2884348746269));
#6496=CARTESIAN_POINT('',(-8.62999999999996,28.8800000000001,43.2884348746269));
#6497=CARTESIAN_POINT('',(-8.62999999999996,73.389999999998,43.288434874627));
#6498=CARTESIAN_POINT('',(-5.80953817870828,28.8800000000001,43.2884348746269));
#6499=CARTESIAN_POINT('',(10.761,35.0530000000001,43.2884348746269));
#6500=CARTESIAN_POINT('',(10.761,39.0530000000001,43.2884348746269));
#6501=CARTESIAN_POINT('',(10.761,79.976499999998,43.288434874627));
#6502=CARTESIAN_POINT('',(17.761,39.0530000000001,43.2884348746269));
#6503=CARTESIAN_POINT('',(3.8859618212917,39.0530000000001,43.2884348746269));
#6504=CARTESIAN_POINT('',(17.761,35.0530000000001,43.2884348746269));
#6505=CARTESIAN_POINT('',(17.7609999999999,81.976499999998,43.288434874627));
#6506=CARTESIAN_POINT('',(7.38596182129165,35.0530000000001,43.2884348746269));
#6507=CARTESIAN_POINT('',(-29.639,35.0530000000001,43.2884348746269));
#6508=CARTESIAN_POINT('',(-29.639,39.0530000000001,43.2884348746269));
#6509=CARTESIAN_POINT('',(-29.639,79.976499999998,43.288434874627));
#6510=CARTESIAN_POINT('',(-22.639,39.0530000000001,43.2884348746269));
#6511=CARTESIAN_POINT('',(-16.3140381787083,39.0530000000001,43.2884348746269));
#6512=CARTESIAN_POINT('',(-22.639,35.0530000000001,43.2884348746269));
#6513=CARTESIAN_POINT('',(-22.6390000000001,81.976499999998,43.288434874627));
#6514=CARTESIAN_POINT('',(-12.8140381787084,35.0530000000001,43.2884348746269));
#6515=CARTESIAN_POINT('',(-39.739,35.0530000000001,43.2884348746269));
#6516=CARTESIAN_POINT('',(-39.739,39.0530000000001,43.2884348746269));
#6517=CARTESIAN_POINT('',(-39.739,79.976499999998,43.288434874627));
#6518=CARTESIAN_POINT('',(-32.7390000000001,39.0530000000001,43.2884348746269));
#6519=CARTESIAN_POINT('',(-21.3640381787083,39.0530000000001,43.2884348746269));
#6520=CARTESIAN_POINT('',(-32.739,35.0530000000001,43.2884348746269));
#6521=CARTESIAN_POINT('',(-32.7390000000001,81.976499999998,43.288434874627));
#6522=CARTESIAN_POINT('',(-17.8640381787084,35.0530000000001,43.2884348746269));
#6523=CARTESIAN_POINT('',(0.66099999999996,35.0530000000001,43.2884348746269));
#6524=CARTESIAN_POINT('',(0.660999999999961,39.0530000000001,43.2884348746269));
#6525=CARTESIAN_POINT('',(0.660999999999965,79.976499999998,43.288434874627));
#6526=CARTESIAN_POINT('',(7.66099999999995,39.0530000000001,43.2884348746269));
#6527=CARTESIAN_POINT('',(-1.1640381787083,39.0530000000001,43.2884348746269));
#6528=CARTESIAN_POINT('',(7.66099999999996,35.0530000000001,43.2884348746269));
#6529=CARTESIAN_POINT('',(7.66099999999986,81.976499999998,43.288434874627));
#6530=CARTESIAN_POINT('',(2.33596182129165,35.0530000000001,43.2884348746269));
#6531=CARTESIAN_POINT('',(-21.65,28.6900000000001,43.2884348746269));
#6532=CARTESIAN_POINT('',(-21.65,21.6900000000001,43.2884348746269));
#6533=CARTESIAN_POINT('',(-21.65,76.794999999998,43.288434874627));
#6534=CARTESIAN_POINT('',(-28.65,21.6900000000001,43.2884348746269));
#6535=CARTESIAN_POINT('',(-12.3195381787083,21.6900000000001,43.2884348746269));
#6536=CARTESIAN_POINT('',(-28.65,28.6900000000001,43.2884348746269));
#6537=CARTESIAN_POINT('',(-28.65,73.294999999998,43.288434874627));
#6538=CARTESIAN_POINT('',(-15.8195381787083,28.6900000000001,43.2884348746269));
#6539=CARTESIAN_POINT('',(39.64,21.5800000000001,43.2884348746269));
#6540=CARTESIAN_POINT('Origin',(41.39,21.5800000000001,43.2884348746268));
#6541=CARTESIAN_POINT('',(61.7529101495896,7.96839999999009,43.2884348746268));
#6542=CARTESIAN_POINT('',(61.7529101495896,8.56840000000009,43.2884348746268));
#6543=CARTESIAN_POINT('',(61.7529101495896,66.434199999993,43.2884348746269));
#6544=CARTESIAN_POINT('',(64.0329101495896,10.8484000000001,43.2884348746268));
#6545=CARTESIAN_POINT('Origin',(64.0329101495896,8.5684000000001,43.2884348746268));
#6546=CARTESIAN_POINT('',(70.4129101495796,10.8484000000001,43.2884348746268));
#6547=CARTESIAN_POINT('',(30.5219168960865,10.8484000000001,43.2884348746268));
#6548=CARTESIAN_POINT('',(72.6929101495796,8.56840000000009,43.2884348746268));
#6549=CARTESIAN_POINT('Origin',(70.4129101495796,8.56840000000008,43.2884348746268));
#6550=CARTESIAN_POINT('',(72.6929101495796,7.96839999999009,43.2884348746268));
#6551=CARTESIAN_POINT('',(72.6929101495796,66.734199999998,43.2884348746269));
#6552=CARTESIAN_POINT('',(70.4129101495796,5.68839999999009,43.2884348746268));
#6553=CARTESIAN_POINT('Origin',(70.4129101495796,7.96839999999008,43.2884348746268));
#6554=CARTESIAN_POINT('',(64.0329101495896,5.6883999999901,43.2884348746268));
#6555=CARTESIAN_POINT('',(33.7119168960815,5.68839999999009,43.2884348746268));
#6556=CARTESIAN_POINT('Origin',(64.0329101495896,7.96839999999009,43.2884348746268));
#6557=CARTESIAN_POINT('',(39.54,29.1800000000001,43.2884348746269));
#6558=CARTESIAN_POINT('Origin',(41.29,29.1800000000001,43.2884348746268));
#6559=CARTESIAN_POINT('',(39.5,37.2500000000001,43.2884348746269));
#6560=CARTESIAN_POINT('Origin',(41.25,37.2500000000001,43.2884348746268));
#6561=CARTESIAN_POINT('',(-57.4263727112149,22.1975092523118,43.2884348746269));
#6562=CARTESIAN_POINT('',(-63.0929413378178,22.1975092523118,43.2884348746269));
#6563=CARTESIAN_POINT('',(-30.2077245343158,22.1975092523118,43.2884348746269));
#6564=CARTESIAN_POINT('',(-63.0929413378178,33.8975092523118,43.2884348746269));
#6565=CARTESIAN_POINT('Origin',(-60.2596570245164,28.0475092523118,43.288434874627));
#6566=CARTESIAN_POINT('',(-57.4263727112149,33.8975092523118,43.2884348746269));
#6567=CARTESIAN_POINT('',(-33.0410088476172,33.8975092523118,43.2884348746269));
#6568=CARTESIAN_POINT('Origin',(-60.2596570245164,28.0475092523118,43.288434874627));
#6569=CARTESIAN_POINT('',(-101.059672380569,16.6087419996885,43.2884348746269));
#6570=CARTESIAN_POINT('',(-101.059672380569,37.5087419996885,43.2884348746269));
#6571=CARTESIAN_POINT('',(-101.059672380569,70.7543709998422,43.288434874627));
#6572=CARTESIAN_POINT('',(-71.5596723805691,37.5087419996885,43.2884348746269));
#6573=CARTESIAN_POINT('',(-52.0243743689929,37.5087419996884,43.2884348746269));
#6574=CARTESIAN_POINT('',(-71.5596723805691,16.6087419996885,43.2884348746269));
#6575=CARTESIAN_POINT('',(-71.5596723805691,81.2043709998422,43.288434874627));
#6576=CARTESIAN_POINT('',(-37.2743743689929,16.6087419996884,43.2884348746269));
#6577=CARTESIAN_POINT('',(-49.9500000000001,25.2000000000002,43.2884348746269));
#6578=CARTESIAN_POINT('Ctrl Pts',(-49.9500000000001,25.2000000000002,43.2884348746269));
#6579=CARTESIAN_POINT('Ctrl Pts',(-49.9500000000001,24.6390038594041,43.2884348746269));
#6580=CARTESIAN_POINT('Ctrl Pts',(-49.6935755898381,23.5176613665424,43.2884348746269));
#6581=CARTESIAN_POINT('Ctrl Pts',(-48.6174801105346,22.1673502160885,43.2884348746269));
#6582=CARTESIAN_POINT('Ctrl Pts',(-47.063297983232,21.4196082958481,43.2884348746269));
#6583=CARTESIAN_POINT('Ctrl Pts',(-45.334430563322,21.4187052131915,43.2884348746269));
#6584=CARTESIAN_POINT('Ctrl Pts',(-43.7866461219439,22.1683566367109,43.2884348746269));
#6585=CARTESIAN_POINT('Ctrl Pts',(-42.3350535101105,23.9666730974633,43.2884348746269));
#6586=CARTESIAN_POINT('Ctrl Pts',(-42.3354540006325,26.4331208621518,43.2884348746269));
#6587=CARTESIAN_POINT('Ctrl Pts',(-43.785589893332,28.2318900472426,43.2884348746269));
#6588=CARTESIAN_POINT('Ctrl Pts',(-45.3353641700529,28.9812774519196,43.2884348746269));
#6589=CARTESIAN_POINT('Ctrl Pts',(-47.0634308354867,28.9807370853647,43.2884348746269));
#6590=CARTESIAN_POINT('Ctrl Pts',(-48.6176463380084,28.2323955337095,43.2884348746269));
#6591=CARTESIAN_POINT('Ctrl Pts',(-49.693604942813,26.8824176980352,43.2884348746269));
#6592=CARTESIAN_POINT('Ctrl Pts',(-49.950000000001,25.7609961405963,43.2884348746269));
#6593=CARTESIAN_POINT('Ctrl Pts',(-49.950000000001,25.2000000000002,43.2884348746269));
#6594=CARTESIAN_POINT('Ctrl Pts',(64.4499999999993,16.2000000000001,43.2884348746269));
#6595=CARTESIAN_POINT('Ctrl Pts',(64.4499999999993,16.7609961405962,43.2884348746269));
#6596=CARTESIAN_POINT('Ctrl Pts',(64.7064033301561,17.8824165085949,43.2884348746269));
#6597=CARTESIAN_POINT('Ctrl Pts',(65.7823541376805,19.2323951266058,43.2884348746269));
#6598=CARTESIAN_POINT('Ctrl Pts',(67.336570173899,19.9807360532494,43.2884348746269));
#6599=CARTESIAN_POINT('Ctrl Pts',(69.0646266542907,19.9812768836188,43.2884348746269));
#6600=CARTESIAN_POINT('Ctrl Pts',(70.6143997203421,19.2318888230931,43.2884348746269));
#6601=CARTESIAN_POINT('Ctrl Pts',(72.0645208803094,17.4331208675874,43.2884348746269));
#6602=CARTESIAN_POINT('Ctrl Pts',(72.0649108034056,14.9666751317652,43.2884348746269));
#6603=CARTESIAN_POINT('Ctrl Pts',(70.6133317288281,13.1683639212465,43.2884348746268));
#6604=CARTESIAN_POINT('Ctrl Pts',(69.0655594333394,12.418710676269,43.2884348746269));
#6605=CARTESIAN_POINT('Ctrl Pts',(67.3367121332722,12.4196158887621,43.2884348746268));
#6606=CARTESIAN_POINT('Ctrl Pts',(65.7825236025049,13.1673533837868,43.2884348746269));
#6607=CARTESIAN_POINT('Ctrl Pts',(64.7064355333802,14.5176633748425,43.2884348746268));
#6608=CARTESIAN_POINT('Ctrl Pts',(64.4499999999999,15.6390038594041,43.2884348746269));
#6609=CARTESIAN_POINT('Ctrl Pts',(64.4499999999999,16.2000000000002,43.2884348746269));
#6610=CARTESIAN_POINT('Ctrl Pts',(64.4651522881676,16.2000000000001,43.2884348746269));
#6611=CARTESIAN_POINT('Ctrl Pts',(64.4651522881676,16.7589868663331,43.2884348746269));
#6612=CARTESIAN_POINT('Ctrl Pts',(64.7203264987024,17.8760767485503,43.2884348746269));
#6613=CARTESIAN_POINT('Ctrl Pts',(65.7918912238396,19.220973844147,43.2884348746269));
#6614=CARTESIAN_POINT('Ctrl Pts',(67.3399650634239,19.9662986425056,43.2884348746269));
#6615=CARTESIAN_POINT('Ctrl Pts',(69.0615692996234,19.966927019767,43.2884348746269));
#6616=CARTESIAN_POINT('Ctrl Pts',(70.6054895233728,19.2202544279475,43.2884348746269));
#6617=CARTESIAN_POINT('Ctrl Pts',(72.0501936478984,17.4282304060684,43.2884348746269));
#6618=CARTESIAN_POINT('Ctrl Pts',(72.0506394231542,14.9714228456057,43.2884348746269));
#6619=CARTESIAN_POINT('Ctrl Pts',(70.6043537408307,13.1798600194403,43.2884348746269));
#6620=CARTESIAN_POINT('Ctrl Pts',(69.0625999080688,12.4329249093928,43.2884348746269));
#6621=CARTESIAN_POINT('Ctrl Pts',(67.3403514440456,12.4339779005532,43.2884348746268));
#6622=CARTESIAN_POINT('Ctrl Pts',(65.7920843178757,13.1787506595552,43.2884348746269));
#6623=CARTESIAN_POINT('Ctrl Pts',(64.7204065379765,14.5239879358723,43.2884348746268));
#6624=CARTESIAN_POINT('Ctrl Pts',(64.4651522881682,15.6410131336672,43.2884348746269));
#6625=CARTESIAN_POINT('Ctrl Pts',(64.4651522881682,16.2000000000002,43.2884348746269));
#6626=CARTESIAN_POINT('Ctrl Pts',(64.5204659270126,16.2000000000001,43.2580710559947));
#6627=CARTESIAN_POINT('Ctrl Pts',(64.5204659270126,16.7504205813053,43.2580710559947));
#6628=CARTESIAN_POINT('Ctrl Pts',(64.7720766477487,17.8507419851782,43.2580710559947));
#6629=CARTESIAN_POINT('Ctrl Pts',(65.8278144405162,19.1753040936607,43.2580710559947));
#6630=CARTESIAN_POINT('Ctrl Pts',(67.3528071815461,19.9095820055895,43.2580710559947));
#6631=CARTESIAN_POINT('Ctrl Pts',(69.0483220438142,19.9101008494793,43.2580710559947));
#6632=CARTESIAN_POINT('Ctrl Pts',(70.5689195401863,19.1748356549419,43.2580710559947));
#6633=CARTESIAN_POINT('Ctrl Pts',(71.9917333124563,17.4099372638923,43.2580710559947));
#6634=CARTESIAN_POINT('Ctrl Pts',(71.9921083414396,14.989881486935,43.2580710559947));
#6635=CARTESIAN_POINT('Ctrl Pts',(70.5678811184829,13.2254304285749,43.2580710559947));
#6636=CARTESIAN_POINT('Ctrl Pts',(69.049223907728,12.4899048225122,43.2580710559947));
#6637=CARTESIAN_POINT('Ctrl Pts',(67.3529141910188,12.4907730708586,43.2580710559947));
#6638=CARTESIAN_POINT('Ctrl Pts',(65.8279775171533,13.224452439651,43.2580710559947));
#6639=CARTESIAN_POINT('Ctrl Pts',(64.7721019254633,14.5493383573807,43.2580710559947));
#6640=CARTESIAN_POINT('Ctrl Pts',(64.5204659270131,15.6495794186951,43.2580710559947));
#6641=CARTESIAN_POINT('Ctrl Pts',(64.5204659270131,16.2000000000002,43.2580710559947));
#6642=CARTESIAN_POINT('Ctrl Pts',(64.7484157267391,16.2000000000001,43.0663706383174));
#6643=CARTESIAN_POINT('Ctrl Pts',(64.7484157267391,16.7164247552103,43.0663706383174));
#6644=CARTESIAN_POINT('Ctrl Pts',(64.9843616458696,17.7486608478926,43.0663706383174));
#6645=CARTESIAN_POINT('Ctrl Pts',(65.9746802646576,18.9913148498179,43.0663706383174));
#6646=CARTESIAN_POINT('Ctrl Pts',(67.4052537849111,19.6801067676357,43.0663706383174));
#6647=CARTESIAN_POINT('Ctrl Pts',(68.9959426058527,19.680629407094,43.0663706383174));
#6648=CARTESIAN_POINT('Ctrl Pts',(70.4225018683202,18.990789258847,43.0663706383174));
#6649=CARTESIAN_POINT('Ctrl Pts',(71.7573484569217,17.3350176607604,43.0663706383174));
#6650=CARTESIAN_POINT('Ctrl Pts',(71.7577232527518,15.064754817074,43.0663706383174));
#6651=CARTESIAN_POINT('Ctrl Pts',(70.4214988985226,13.4094053607844,43.0663706383174));
#6652=CARTESIAN_POINT('Ctrl Pts',(68.9968292894645,12.719321572389,43.0663706383174));
#6653=CARTESIAN_POINT('Ctrl Pts',(67.4054522871083,12.7201966833407,43.0663706383174));
#6654=CARTESIAN_POINT('Ctrl Pts',(65.9748429764761,13.4084467446117,43.0663706383174));
#6655=CARTESIAN_POINT('Ctrl Pts',(64.9844045683763,14.6514085593565,43.0663706383174));
#6656=CARTESIAN_POINT('Ctrl Pts',(64.7484157267396,15.68357524479,43.0663706383174));
#6657=CARTESIAN_POINT('Ctrl Pts',(64.7484157267396,16.2000000000002,43.0663706383174));
#6658=CARTESIAN_POINT('Ctrl Pts',(65.0390383113007,16.2000000000001,42.7996672439093));
#6659=CARTESIAN_POINT('Ctrl Pts',(65.0390383113007,16.6729911031254,42.7996672439093));
#6660=CARTESIAN_POINT('Ctrl Pts',(65.2550807511972,17.618351507832,42.7996672439093));
#6661=CARTESIAN_POINT('Ctrl Pts',(66.1620074039062,18.7564456332167,42.7996672439093));
#6662=CARTESIAN_POINT('Ctrl Pts',(67.4721532921103,19.3872428902424,42.7996672439093));
#6663=CARTESIAN_POINT('Ctrl Pts',(68.9290077687697,19.3877386658653,42.7996672439094));
#6664=CARTESIAN_POINT('Ctrl Pts',(70.2355292469358,18.7559231933711,42.7996672439093));
#6665=CARTESIAN_POINT('Ctrl Pts',(71.4580665701897,17.2394670349728,42.7996672439093));
#6666=CARTESIAN_POINT('Ctrl Pts',(71.4584207791877,15.1602971724276,42.7996672439093));
#6667=CARTESIAN_POINT('Ctrl Pts',(70.2345969518805,13.6442288144121,42.7996672439093));
#6668=CARTESIAN_POINT('Ctrl Pts',(68.9298392030159,13.0121905208648,42.7996672439093));
#6669=CARTESIAN_POINT('Ctrl Pts',(67.4723818838736,13.0130208778121,42.7996672439093));
#6670=CARTESIAN_POINT('Ctrl Pts',(66.1621610603245,13.6433312545804,42.7996672439093));
#6671=CARTESIAN_POINT('Ctrl Pts',(65.2551292230155,14.7817092134118,42.7996672439093));
#6672=CARTESIAN_POINT('Ctrl Pts',(65.039038311301,15.7270088968749,42.7996672439093));
#6673=CARTESIAN_POINT('Ctrl Pts',(65.039038311301,16.2000000000002,42.7996672439093));
#6674=CARTESIAN_POINT('Ctrl Pts',(65.46232845259,16.2000000000001,42.3764462591687));
#6675=CARTESIAN_POINT('Ctrl Pts',(65.46232845259,16.6095983254103,42.3764462591687));
#6676=CARTESIAN_POINT('Ctrl Pts',(65.6494805079563,17.4283219495374,42.3764462591687));
#6677=CARTESIAN_POINT('Ctrl Pts',(66.4349670028851,18.4139340156511,42.3764462591687));
#6678=CARTESIAN_POINT('Ctrl Pts',(67.5696401445636,18.9602584725683,42.3764462591687));
#6679=CARTESIAN_POINT('Ctrl Pts',(68.8312940658097,18.9606691523739,42.3764462591687));
#6680=CARTESIAN_POINT('Ctrl Pts',(69.9627715722471,18.4135263886836,42.3764462591687));
#6681=CARTESIAN_POINT('Ctrl Pts',(71.0215044840853,17.1002509106273,42.3764462591687));
#6682=CARTESIAN_POINT('Ctrl Pts',(71.0217992889157,15.2995748012507,42.3764462591687));
#6683=CARTESIAN_POINT('Ctrl Pts',(69.9619791538395,13.9866338800016,42.3764462591687));
#6684=CARTESIAN_POINT('Ctrl Pts',(68.831992981945,13.4392978011964,42.3764462591687));
#6685=CARTESIAN_POINT('Ctrl Pts',(67.5697870534773,13.4399853950733,42.3764462591687));
#6686=CARTESIAN_POINT('Ctrl Pts',(66.4350950143973,13.9858779657822,42.3764462591687));
#6687=CARTESIAN_POINT('Ctrl Pts',(65.6495124897807,14.9717337415194,42.3764462591687));
#6688=CARTESIAN_POINT('Ctrl Pts',(65.4623284525901,15.7904016745901,42.3764462591687));
#6689=CARTESIAN_POINT('Ctrl Pts',(65.4623284525901,16.2000000000002,42.3764462591687));
#6690=CARTESIAN_POINT('Ctrl Pts',(65.781478843234,16.2000000000001,42.028342149571));
#6691=CARTESIAN_POINT('Ctrl Pts',(65.781478843234,16.5618405927702,42.028342149571));
#6692=CARTESIAN_POINT('Ctrl Pts',(65.9468191098245,17.2851134892362,42.028342149571));
#6693=CARTESIAN_POINT('Ctrl Pts',(66.6407368783359,18.1558141562346,42.028342149571));
#6694=CARTESIAN_POINT('Ctrl Pts',(67.6431286686319,18.6384493435848,42.028342149571));
#6695=CARTESIAN_POINT('Ctrl Pts',(68.7576861820345,18.6388094080781,42.028342149571));
#6696=CARTESIAN_POINT('Ctrl Pts',(69.7572465902341,18.1554606177297,42.028342149571));
#6697=CARTESIAN_POINT('Ctrl Pts',(70.6925417610662,16.9952992675482,42.028342149571));
#6698=CARTESIAN_POINT('Ctrl Pts',(70.6928004451764,15.4045511453681,42.028342149571));
#6699=CARTESIAN_POINT('Ctrl Pts',(69.756548751114,14.244685158047,42.028342149571));
#6700=CARTESIAN_POINT('Ctrl Pts',(68.7583005187865,13.7611655400563,42.028342149571));
#6701=CARTESIAN_POINT('Ctrl Pts',(67.6432509720408,13.7617683530061,42.028342149571));
#6702=CARTESIAN_POINT('Ctrl Pts',(66.6408492243481,14.2440205078014,42.028342149571));
#6703=CARTESIAN_POINT('Ctrl Pts',(65.9468458989715,15.1149361636521,42.028342149571));
#6704=CARTESIAN_POINT('Ctrl Pts',(65.781478843234,15.8381594072301,42.028342149571));
#6705=CARTESIAN_POINT('Ctrl Pts',(65.781478843234,16.2000000000002,42.028342149571));
#6706=CARTESIAN_POINT('Ctrl Pts',(65.8931132548747,16.2000000000001,41.8878815298704));
#6707=CARTESIAN_POINT('Ctrl Pts',(65.8931132548747,16.545129292272,41.8878815298704));
#6708=CARTESIAN_POINT('Ctrl Pts',(66.0508287849612,17.235009924711,41.8878815298704));
#6709=CARTESIAN_POINT('Ctrl Pts',(66.7127180184933,18.0655070306184,41.8878815298704));
#6710=CARTESIAN_POINT('Ctrl Pts',(67.6688362408188,18.5258644018632,41.8878815298704));
#6711=CARTESIAN_POINT('Ctrl Pts',(68.7319284783952,18.5262045652172,41.8878815298704));
#6712=CARTESIAN_POINT('Ctrl Pts',(69.6853360855681,18.0651776784877,41.8878815298704));
#6713=CARTESIAN_POINT('Ctrl Pts',(70.5774436062108,16.9585863735398,41.8878815298704));
#6714=CARTESIAN_POINT('Ctrl Pts',(70.5776882499886,15.4412761940318,41.8878815298704));
#6715=CARTESIAN_POINT('Ctrl Pts',(69.6846730941092,14.3349663883121,41.8878815298704));
#6716=CARTESIAN_POINT('Ctrl Pts',(68.7325107433641,13.8737765007106,41.8878815298704));
#6717=CARTESIAN_POINT('Ctrl Pts',(67.6689439402057,13.874345951373,41.8878815298704));
#6718=CARTESIAN_POINT('Ctrl Pts',(66.7128242897356,14.3343361800273,41.8878815298704));
#6719=CARTESIAN_POINT('Ctrl Pts',(66.0508525835926,15.1650379802721,41.8878815298704));
#6720=CARTESIAN_POINT('Ctrl Pts',(65.8931132548747,15.8548707077283,41.8878815298704));
#6721=CARTESIAN_POINT('Ctrl Pts',(65.8931132548747,16.2000000000002,41.8878815298704));
#6722=CARTESIAN_POINT('Ctrl Pts',(65.9425273905592,16.2000000000001,41.8145945681329));
#6723=CARTESIAN_POINT('Ctrl Pts',(65.9425273905592,16.5377088712367,41.8145945681329));
#6724=CARTESIAN_POINT('Ctrl Pts',(66.09688535269,17.2127905124605,41.8145945681329));
#6725=CARTESIAN_POINT('Ctrl Pts',(66.7446008850619,18.0254580576287,41.8145945681329));
#6726=CARTESIAN_POINT('Ctrl Pts',(67.6802239972869,18.4759536308217,41.8145945681329));
#6727=CARTESIAN_POINT('Ctrl Pts',(68.7204875656177,18.4762768691873,41.814594568133));
#6728=CARTESIAN_POINT('Ctrl Pts',(69.6534289721004,18.025158871594,41.8145945681329));
#6729=CARTESIAN_POINT('Ctrl Pts',(70.5263797953581,16.9423273561601,41.8145945681329));
#6730=CARTESIAN_POINT('Ctrl Pts',(70.5266130301949,15.4575535770595,41.8145945681329));
#6731=CARTESIAN_POINT('Ctrl Pts',(69.6527879274154,14.3749968547511,41.8145945681329));
#6732=CARTESIAN_POINT('Ctrl Pts',(68.7210464451046,13.9237191765117,41.8145945681329));
#6733=CARTESIAN_POINT('Ctrl Pts',(67.6803030735583,13.9242601628326,41.8145945681329));
#6734=CARTESIAN_POINT('Ctrl Pts',(66.744702268258,14.3743911993224,41.8145945681329));
#6735=CARTESIAN_POINT('Ctrl Pts',(66.0969034892534,15.1872579643187,41.8145945681329));
#6736=CARTESIAN_POINT('Ctrl Pts',(65.9425273905592,15.8622911287636,41.8145945681329));
#6737=CARTESIAN_POINT('Ctrl Pts',(65.9425273905592,16.2000000000002,41.8145945681329));
#6738=CARTESIAN_POINT('Ctrl Pts',(65.95,16.2000000000001,41.796011018711));
#6739=CARTESIAN_POINT('Ctrl Pts',(65.95,16.536614540383,41.796011018711));
#6740=CARTESIAN_POINT('Ctrl Pts',(66.1038293577525,17.2094799018551,41.796011018711));
#6741=CARTESIAN_POINT('Ctrl Pts',(66.7493973164335,18.0194915041361,41.796011018711));
#6742=CARTESIAN_POINT('Ctrl Pts',(67.6819359578426,18.4684965593161,41.796011018711));
#6743=CARTESIAN_POINT('Ctrl Pts',(68.7188045514192,18.4688269316044,41.796011018711));
#6744=CARTESIAN_POINT('Ctrl Pts',(69.6486951773045,18.0191736372798,41.796011018711));
#6745=CARTESIAN_POINT('Ctrl Pts',(70.5187968297656,16.9398785495704,41.796011018711));
#6746=CARTESIAN_POINT('Ctrl Pts',(70.5190345429667,15.4599896515031,41.796011018711));
#6747=CARTESIAN_POINT('Ctrl Pts',(69.6480496621539,14.3809690229526,41.796011018711));
#6748=CARTESIAN_POINT('Ctrl Pts',(68.7193708697039,13.9311567223507,41.796011018711));
#6749=CARTESIAN_POINT('Ctrl Pts',(67.682037171371,13.9317097632001,41.796011018711));
#6750=CARTESIAN_POINT('Ctrl Pts',(66.7495005869731,14.3803559640478,41.796011018711));
#6751=CARTESIAN_POINT('Ctrl Pts',(66.1038518196582,15.1905670543762,41.796011018711));
#6752=CARTESIAN_POINT('Ctrl Pts',(65.95,15.8633854596173,41.796011018711));
#6753=CARTESIAN_POINT('Ctrl Pts',(65.95,16.2000000000002,41.796011018711));
#6754=CARTESIAN_POINT('Ctrl Pts',(65.95,16.2000000000001,41.7884348746269));
#6755=CARTESIAN_POINT('Ctrl Pts',(65.95,16.5365976843578,41.7884348746269));
#6756=CARTESIAN_POINT('Ctrl Pts',(66.103841998094,17.209449905157,41.7884348746269));
#6757=CARTESIAN_POINT('Ctrl Pts',(66.7494124826085,18.0194370759635,41.7884348746269));
#6758=CARTESIAN_POINT('Ctrl Pts',(67.6819421043395,18.4684416319497,41.7884348746269));
#6759=CARTESIAN_POINT('Ctrl Pts',(68.7187759925745,18.4687661301713,41.7884348746269));
#6760=CARTESIAN_POINT('Ctrl Pts',(69.6486398322053,18.0191332938559,41.7884348746269));
#6761=CARTESIAN_POINT('Ctrl Pts',(70.5187125281857,16.9398725205525,41.7884348746269));
#6762=CARTESIAN_POINT('Ctrl Pts',(70.5189464820434,15.4600050790592,41.7884348746269));
#6763=CARTESIAN_POINT('Ctrl Pts',(69.6479990372969,14.381018352748,41.7884348746269));
#6764=CARTESIAN_POINT('Ctrl Pts',(68.7193356600037,13.9312264057615,41.7884348746269));
#6765=CARTESIAN_POINT('Ctrl Pts',(67.6820272799633,13.9317695332574,41.7884348746268));
#6766=CARTESIAN_POINT('Ctrl Pts',(66.7495141615029,14.3804120302722,41.7884348746268));
#6767=CARTESIAN_POINT('Ctrl Pts',(66.1038613200282,15.1905980249056,41.7884348746268));
#6768=CARTESIAN_POINT('Ctrl Pts',(65.95,15.8634023156425,41.7884348746269));
#6769=CARTESIAN_POINT('Ctrl Pts',(65.95,16.2000000000002,41.7884348746269));
#6770=CARTESIAN_POINT('',(65.95,16.2000000000002,41.788434874627));
#6771=CARTESIAN_POINT('Ctrl Pts',(64.45,16.2000000000002,43.2884348746269));
#6772=CARTESIAN_POINT('Ctrl Pts',(64.635849014649,16.2000000000002,43.2884348746269));
#6773=CARTESIAN_POINT('Ctrl Pts',(65.95,16.2000000000002,41.9742838892758));
#6774=CARTESIAN_POINT('Ctrl Pts',(65.95,16.2000000000002,41.7884348746269));
#6775=CARTESIAN_POINT('Origin',(68.2,16.2000000000002,41.788434874627));
#6776=CARTESIAN_POINT('Ctrl Pts',(-49.950000000001,25.2000000000002,43.2884348746269));
#6777=CARTESIAN_POINT('Ctrl Pts',(-49.950000000001,25.7609961405963,43.2884348746269));
#6778=CARTESIAN_POINT('Ctrl Pts',(-49.693604942813,26.8824176980352,43.2884348746269));
#6779=CARTESIAN_POINT('Ctrl Pts',(-48.6176463380084,28.2323955337095,43.2884348746269));
#6780=CARTESIAN_POINT('Ctrl Pts',(-47.0634308354867,28.9807370853647,43.2884348746269));
#6781=CARTESIAN_POINT('Ctrl Pts',(-45.3353641700529,28.9812774519196,43.2884348746269));
#6782=CARTESIAN_POINT('Ctrl Pts',(-43.785589893332,28.2318900472426,43.2884348746269));
#6783=CARTESIAN_POINT('Ctrl Pts',(-42.3354540006325,26.4331208621518,43.2884348746269));
#6784=CARTESIAN_POINT('Ctrl Pts',(-42.3350535101105,23.9666730974633,43.2884348746269));
#6785=CARTESIAN_POINT('Ctrl Pts',(-43.7866461219439,22.1683566367109,43.2884348746269));
#6786=CARTESIAN_POINT('Ctrl Pts',(-45.334430563322,21.4187052131915,43.2884348746269));
#6787=CARTESIAN_POINT('Ctrl Pts',(-47.063297983232,21.4196082958481,43.2884348746269));
#6788=CARTESIAN_POINT('Ctrl Pts',(-48.6174801105346,22.1673502160885,43.2884348746269));
#6789=CARTESIAN_POINT('Ctrl Pts',(-49.6935755898381,23.5176613665424,43.2884348746269));
#6790=CARTESIAN_POINT('Ctrl Pts',(-49.9500000000001,24.6390038594041,43.2884348746269));
#6791=CARTESIAN_POINT('Ctrl Pts',(-49.9500000000001,25.2000000000002,43.2884348746269));
#6792=CARTESIAN_POINT('Ctrl Pts',(-49.9348477118327,25.2000000000002,43.2884348746269));
#6793=CARTESIAN_POINT('Ctrl Pts',(-49.9348477118327,25.7589868663331,43.2884348746269));
#6794=CARTESIAN_POINT('Ctrl Pts',(-49.6796836996763,26.876059865404,43.2884348746269));
#6795=CARTESIAN_POINT('Ctrl Pts',(-48.6081236651261,28.2209449011177,43.2884348746269));
#6796=CARTESIAN_POINT('Ctrl Pts',(-47.0600622028361,28.9662539619446,43.2884348746269));
#6797=CARTESIAN_POINT('Ctrl Pts',(-45.338461713239,28.9668878826994,43.2884348746269));
#6798=CARTESIAN_POINT('Ctrl Pts',(-43.7945527404066,28.220219210485,43.2884348746269));
#6799=CARTESIAN_POINT('Ctrl Pts',(-42.3498468810135,26.4282113012532,43.2884348746269));
#6800=CARTESIAN_POINT('Ctrl Pts',(-42.3493901964162,23.9714429817214,43.2884348746269));
#6801=CARTESIAN_POINT('Ctrl Pts',(-43.7956826873666,22.1798917606663,43.2884348746269));
#6802=CARTESIAN_POINT('Ctrl Pts',(-45.3374316943539,21.4329603667274,43.2884348746269));
#6803=CARTESIAN_POINT('Ctrl Pts',(-47.0596826514727,21.4340193128447,43.2884348746269));
#6804=CARTESIAN_POINT('Ctrl Pts',(-48.6079361089674,22.1787799315977,43.2884348746269));
#6805=CARTESIAN_POINT('Ctrl Pts',(-49.6796066589285,23.5240048344884,43.2884348746269));
#6806=CARTESIAN_POINT('Ctrl Pts',(-49.9348477118318,24.6410131336673,43.2884348746269));
#6807=CARTESIAN_POINT('Ctrl Pts',(-49.9348477118318,25.2000000000002,43.2884348746269));
#6808=CARTESIAN_POINT('Ctrl Pts',(-49.8795432577423,25.2000000000002,43.2580768313807));
#6809=CARTESIAN_POINT('Ctrl Pts',(-49.8795432577423,25.7504205813053,43.2580768313807));
#6810=CARTESIAN_POINT('Ctrl Pts',(-49.6279387275887,26.8507473049182,43.2580768313807));
#6811=CARTESIAN_POINT('Ctrl Pts',(-48.5721887350402,28.1753115073012,43.2580768313806));
#6812=CARTESIAN_POINT('Ctrl Pts',(-47.047191822137,28.9095940677126,43.2580768313807));
#6813=CARTESIAN_POINT('Ctrl Pts',(-45.3516636583058,28.9101111556313,43.2580768313806));
#6814=CARTESIAN_POINT('Ctrl Pts',(-43.8310616538419,28.1748459889798,43.2580768313807));
#6815=CARTESIAN_POINT('Ctrl Pts',(-42.4082304604228,26.409942405941,43.2580768313806));
#6816=CARTESIAN_POINT('Ctrl Pts',(-42.4078454207818,23.98987468918,43.2580768313806));
#6817=CARTESIAN_POINT('Ctrl Pts',(-43.8320873453513,22.2254145302262,43.2580768313806));
#6818=CARTESIAN_POINT('Ctrl Pts',(-45.3507613282743,21.4898902736631,43.2580768313806));
#6819=CARTESIAN_POINT('Ctrl Pts',(-47.0470953629242,21.490754519038,43.2580768313806));
#6820=CARTESIAN_POINT('Ctrl Pts',(-48.5720286470537,22.2244420281267,43.2580768313806));
#6821=CARTESIAN_POINT('Ctrl Pts',(-49.627916480541,23.5493321998081,43.2580768313806));
#6822=CARTESIAN_POINT('Ctrl Pts',(-49.8795432577414,24.6495794186951,43.2580768313806));
#6823=CARTESIAN_POINT('Ctrl Pts',(-49.8795432577414,25.2000000000002,43.2580768313806));
#6824=CARTESIAN_POINT('Ctrl Pts',(-49.651592184026,25.2000000000002,43.0663759662066));
#6825=CARTESIAN_POINT('Ctrl Pts',(-49.651592184026,25.7164247552104,43.0663759662066));
#6826=CARTESIAN_POINT('Ctrl Pts',(-49.4156529845865,26.7486584658019,43.0663759662066));
#6827=CARTESIAN_POINT('Ctrl Pts',(-48.4253281338392,27.991309808364,43.0663759662065));
#6828=CARTESIAN_POINT('Ctrl Pts',(-46.9947556850694,28.6800993901302,43.0663759662066));
#6829=CARTESIAN_POINT('Ctrl Pts',(-45.404060063253,28.6806228267279,43.0663759662065));
#6830=CARTESIAN_POINT('Ctrl Pts',(-43.977501689818,27.990784027074,43.0663759662065));
#6831=CARTESIAN_POINT('Ctrl Pts',(-42.6426440379523,26.3350146328975,43.0663759662065));
#6832=CARTESIAN_POINT('Ctrl Pts',(-42.6422596739875,24.0647574609609,43.0663759662065));
#6833=CARTESIAN_POINT('Ctrl Pts',(-43.9784951047045,22.4094063428966,43.0663759662065));
#6834=CARTESIAN_POINT('Ctrl Pts',(-45.4031734678166,21.7193245965277,43.0663759662065));
#6835=CARTESIAN_POINT('Ctrl Pts',(-46.9945660807365,21.7201992522251,43.0663759662065));
#6836=CARTESIAN_POINT('Ctrl Pts',(-48.4251691431575,22.4084501979033,43.0663759662065));
#6837=CARTESIAN_POINT('Ctrl Pts',(-49.4156129494179,23.6514104825807,43.0663759662065));
#6838=CARTESIAN_POINT('Ctrl Pts',(-49.6515921840252,24.68357524479,43.0663759662065));
#6839=CARTESIAN_POINT('Ctrl Pts',(-49.6515921840252,25.2000000000002,43.0663759662065));
#6840=CARTESIAN_POINT('Ctrl Pts',(-49.3609729191583,25.2000000000001,42.7996754043038));
#6841=CARTESIAN_POINT('Ctrl Pts',(-49.3609729191583,25.6729911031254,42.7996754043038));
#6842=CARTESIAN_POINT('Ctrl Pts',(-49.1449362831757,26.6183466436027,42.7996754043038));
#6843=CARTESIAN_POINT('Ctrl Pts',(-48.2380050410764,27.75643677523,42.7996754043038));
#6844=CARTESIAN_POINT('Ctrl Pts',(-46.9278610368276,28.3872295831275,42.7996754043038));
#6845=CARTESIAN_POINT('Ctrl Pts',(-45.4710023443317,28.3877270149162,42.7996754043038));
#6846=CARTESIAN_POINT('Ctrl Pts',(-44.1644833315292,27.7559133210899,42.7996754043038));
#6847=CARTESIAN_POINT('Ctrl Pts',(-42.9419378012924,26.2394617549463,42.7996754043038));
#6848=CARTESIAN_POINT('Ctrl Pts',(-42.9415748897669,24.1603030110744,42.7996754043038));
#6849=CARTESIAN_POINT('Ctrl Pts',(-44.1654078199921,22.644235596067,42.7996754043038));
#6850=CARTESIAN_POINT('Ctrl Pts',(-45.4701714919474,22.0121994547681,42.7996754043038));
#6851=CARTESIAN_POINT('Ctrl Pts',(-46.9276407379782,22.0130305692358,42.7996754043038));
#6852=CARTESIAN_POINT('Ctrl Pts',(-48.2378552852327,22.6433392967762,42.7996754043038));
#6853=CARTESIAN_POINT('Ctrl Pts',(-49.1448905967819,23.7817138487759,42.7996754043038));
#6854=CARTESIAN_POINT('Ctrl Pts',(-49.3609729191577,24.7270088968749,42.7996754043038));
#6855=CARTESIAN_POINT('Ctrl Pts',(-49.3609729191577,25.2000000000002,42.7996754043038));
#6856=CARTESIAN_POINT('Ctrl Pts',(-48.9376799063456,25.2000000000001,42.3764522210579));
#6857=CARTESIAN_POINT('Ctrl Pts',(-48.9376799063456,25.6095983254102,42.3764522210579));
#6858=CARTESIAN_POINT('Ctrl Pts',(-48.7505327178317,26.4283212392608,42.3764522210579));
#6859=CARTESIAN_POINT('Ctrl Pts',(-47.9650400843888,27.4139319932518,42.3764522210579));
#6860=CARTESIAN_POINT('Ctrl Pts',(-46.8303665717697,27.9602557273851,42.3764522210579));
#6861=CARTESIAN_POINT('Ctrl Pts',(-45.568706323638,27.9606666655549,42.3764522210579));
#6862=CARTESIAN_POINT('Ctrl Pts',(-44.4372286056712,27.4135247890132,42.3764522210579));
#6863=CARTESIAN_POINT('Ctrl Pts',(-43.3784860764099,26.1002499274086,42.3764522210579));
#6864=CARTESIAN_POINT('Ctrl Pts',(-43.3781837688103,24.2995755182427,42.3764522210579));
#6865=CARTESIAN_POINT('Ctrl Pts',(-44.4380130987588,22.9866321621976,42.3764522210579));
#6866=CARTESIAN_POINT('Ctrl Pts',(-45.5680075374415,22.4392975787964,42.3764522210579));
#6867=CARTESIAN_POINT('Ctrl Pts',(-46.8302271160249,22.4399842716029,42.3764522210579));
#6868=CARTESIAN_POINT('Ctrl Pts',(-47.9649149514025,22.9858786225553,42.3764522210579));
#6869=CARTESIAN_POINT('Ctrl Pts',(-48.750503077145,23.971734069155,42.3764522210579));
#6870=CARTESIAN_POINT('Ctrl Pts',(-48.9376799063453,24.7904016745901,42.3764522210579));
#6871=CARTESIAN_POINT('Ctrl Pts',(-48.9376799063453,25.2000000000002,42.3764522210579));
#6872=CARTESIAN_POINT('Ctrl Pts',(-48.6185277174467,25.2000000000001,42.0283467353072));
#6873=CARTESIAN_POINT('Ctrl Pts',(-48.6185277174467,25.5618405927702,42.0283467353072));
#6874=CARTESIAN_POINT('Ctrl Pts',(-48.4531918402228,26.2851132544145,42.0283467353072));
#6875=CARTESIAN_POINT('Ctrl Pts',(-47.7592685293313,27.1558129832991,42.0283467353072));
#6876=CARTESIAN_POINT('Ctrl Pts',(-46.7568763308595,27.6384478629933,42.0283467353072));
#6877=CARTESIAN_POINT('Ctrl Pts',(-45.6423129366177,27.6388080180985,42.0283467353072));
#6878=CARTESIAN_POINT('Ctrl Pts',(-44.6427521118399,27.1554599283734,42.0283467353072));
#6879=CARTESIAN_POINT('Ctrl Pts',(-43.707448162821,25.9952987460703,42.0283467353072));
#6880=CARTESIAN_POINT('Ctrl Pts',(-43.7071828347543,24.4045512709498,42.0283467353072));
#6881=CARTESIAN_POINT('Ctrl Pts',(-44.6434428071457,23.2446827739985,42.0283467353072));
#6882=CARTESIAN_POINT('Ctrl Pts',(-45.6416986237486,22.7611644357986,42.0283467353072));
#6883=CARTESIAN_POINT('Ctrl Pts',(-46.7567605618642,22.7617662823166,42.0283467353072));
#6884=CARTESIAN_POINT('Ctrl Pts',(-47.7591586451507,23.2440203698852,42.0283467353072));
#6885=CARTESIAN_POINT('Ctrl Pts',(-48.4531670915375,24.1149360283308,42.0283467353072));
#6886=CARTESIAN_POINT('Ctrl Pts',(-48.6185277174466,24.8381594072301,42.0283467353072));
#6887=CARTESIAN_POINT('Ctrl Pts',(-48.6185277174466,25.2000000000002,42.0283467353072));
#6888=CARTESIAN_POINT('Ctrl Pts',(-48.5068901060295,25.2000000000001,41.887883866993));
#6889=CARTESIAN_POINT('Ctrl Pts',(-48.5068901060295,25.5451292922719,41.887883866993));
#6890=CARTESIAN_POINT('Ctrl Pts',(-48.349179217435,26.2350098025394,41.887883866993));
#6891=CARTESIAN_POINT('Ctrl Pts',(-47.6872851589619,27.0655059924161,41.887883866993));
#6892=CARTESIAN_POINT('Ctrl Pts',(-46.7311671028343,27.5258630756336,41.887883866993));
#6893=CARTESIAN_POINT('Ctrl Pts',(-45.6680692139786,27.5262032665329,41.887883866993));
#6894=CARTESIAN_POINT('Ctrl Pts',(-44.7146612834547,27.0651769870686,41.887883866993));
#6895=CARTESIAN_POINT('Ctrl Pts',(-43.8225453142365,25.9585857447948,41.887883866993));
#6896=CARTESIAN_POINT('Ctrl Pts',(-43.8222942502457,24.4412760968282,41.887883866993));
#6897=CARTESIAN_POINT('Ctrl Pts',(-44.7153173762791,23.3349638276614,41.887883866993));
#6898=CARTESIAN_POINT('Ctrl Pts',(-45.6674867521908,22.8737751502428,41.887883866993));
#6899=CARTESIAN_POINT('Ctrl Pts',(-46.7310653021784,22.8743436515347,41.887883866993));
#6900=CARTESIAN_POINT('Ctrl Pts',(-47.6871811144162,23.3343358185767,41.887883866993));
#6901=CARTESIAN_POINT('Ctrl Pts',(-48.349157278799,24.1650376952977,41.887883866993));
#6902=CARTESIAN_POINT('Ctrl Pts',(-48.5068901060294,24.8548707077283,41.887883866993));
#6903=CARTESIAN_POINT('Ctrl Pts',(-48.5068901060294,25.2000000000002,41.887883866993));
#6904=CARTESIAN_POINT('Ctrl Pts',(-48.4574746016595,25.2000000000001,41.8145959252945));
#6905=CARTESIAN_POINT('Ctrl Pts',(-48.4574746016595,25.5377088712366,41.8145959252945));
#6906=CARTESIAN_POINT('Ctrl Pts',(-48.303121206792,26.212792083504,41.8145959252946));
#6907=CARTESIAN_POINT('Ctrl Pts',(-47.6554000253308,27.0254597498465,41.8145959252945));
#6908=CARTESIAN_POINT('Ctrl Pts',(-46.7197762458775,27.4759565331506,41.8145959252945));
#6909=CARTESIAN_POINT('Ctrl Pts',(-45.6795058638746,27.4762792253346,41.8145959252945));
#6910=CARTESIAN_POINT('Ctrl Pts',(-44.7465630399381,27.0251614972881,41.8145959252945));
#6911=CARTESIAN_POINT('Ctrl Pts',(-43.873602737245,25.9423284210488,41.8145959252945));
#6912=CARTESIAN_POINT('Ctrl Pts',(-43.8733632176163,24.4575513669988,41.8145959252945));
#6913=CARTESIAN_POINT('Ctrl Pts',(-44.7471967605669,23.3749906701261,41.8145959252945));
#6914=CARTESIAN_POINT('Ctrl Pts',(-45.6789465647587,22.9237139982582,41.8145959252945));
#6915=CARTESIAN_POINT('Ctrl Pts',(-46.7197029964975,22.924253307897,41.8145959252945));
#6916=CARTESIAN_POINT('Ctrl Pts',(-47.6553005561016,23.374387790316,41.8145959252945));
#6917=CARTESIAN_POINT('Ctrl Pts',(-48.3031048372128,24.1872558949775,41.8145959252945));
#6918=CARTESIAN_POINT('Ctrl Pts',(-48.4574746016595,24.8622911287636,41.8145959252945));
#6919=CARTESIAN_POINT('Ctrl Pts',(-48.4574746016595,25.2000000000002,41.8145959252945));
#6920=CARTESIAN_POINT('Ctrl Pts',(-48.45,25.2000000000001,41.796011018711));
#6921=CARTESIAN_POINT('Ctrl Pts',(-48.45,25.5366145403829,41.796011018711));
#6922=CARTESIAN_POINT('Ctrl Pts',(-48.2961757342587,26.2094794327623,41.796011018711));
#6923=CARTESIAN_POINT('Ctrl Pts',(-47.6506039126305,27.0194898271813,41.796011018711));
#6924=CARTESIAN_POINT('Ctrl Pts',(-46.7180663668889,27.4684941864054,41.796011018711));
#6925=CARTESIAN_POINT('Ctrl Pts',(-45.6811925715891,27.4688246735339,41.796011018711));
#6926=CARTESIAN_POINT('Ctrl Pts',(-44.751302034745,27.0191719865448,41.796011018711));
#6927=CARTESIAN_POINT('Ctrl Pts',(-43.8811923896165,25.9398772960199,41.796011018711));
#6928=CARTESIAN_POINT('Ctrl Pts',(-43.8809483107823,24.4599898817084,41.796011018711));
#6929=CARTESIAN_POINT('Ctrl Pts',(-44.7519408770584,23.380967205017,41.796011018711));
#6930=CARTESIAN_POINT('Ctrl Pts',(-45.6806258492521,22.9311561217998,41.796011018711));
#6931=CARTESIAN_POINT('Ctrl Pts',(-46.7179704709267,22.9317084134324,41.796011018711));
#6932=CARTESIAN_POINT('Ctrl Pts',(-47.6505027359553,23.3803561861681,41.796011018711));
#6933=CARTESIAN_POINT('Ctrl Pts',(-48.2961549929631,24.1905670865534,41.796011018711));
#6934=CARTESIAN_POINT('Ctrl Pts',(-48.45,24.8633854596173,41.796011018711));
#6935=CARTESIAN_POINT('Ctrl Pts',(-48.45,25.2000000000002,41.796011018711));
#6936=CARTESIAN_POINT('Ctrl Pts',(-48.45,25.2000000000001,41.7884348746269));
#6937=CARTESIAN_POINT('Ctrl Pts',(-48.45,25.5365976843577,41.7884348746269));
#6938=CARTESIAN_POINT('Ctrl Pts',(-48.2961629656873,26.2094506188211,41.7884348746269));
#6939=CARTESIAN_POINT('Ctrl Pts',(-47.6505878028047,27.0194373202257,41.7884348746269));
#6940=CARTESIAN_POINT('Ctrl Pts',(-46.7180585012919,27.4684422512189,41.7884348746269));
#6941=CARTESIAN_POINT('Ctrl Pts',(-45.6812185020316,27.4687664711518,41.7884348746269));
#6942=CARTESIAN_POINT('Ctrl Pts',(-44.7513539359991,27.0191340283456,41.7884348746269));
#6943=CARTESIAN_POINT('Ctrl Pts',(-43.8812724003795,25.9398725172911,41.7884348746269));
#6944=CARTESIAN_POINT('Ctrl Pts',(-43.8810321060663,24.4600038584781,41.7884348746269));
#6945=CARTESIAN_POINT('Ctrl Pts',(-44.7519876731663,23.3810139820266,41.7884348746269));
#6946=CARTESIAN_POINT('Ctrl Pts',(-45.6806583379931,22.931223127915,41.7884348746269));
#6947=CARTESIAN_POINT('Ctrl Pts',(-46.7179787899391,22.931764977509,41.7884348746269));
#6948=CARTESIAN_POINT('Ctrl Pts',(-47.6504880663207,23.3804101296532,41.7884348746269));
#6949=CARTESIAN_POINT('Ctrl Pts',(-48.2961453539028,24.1905968199256,41.7884348746269));
#6950=CARTESIAN_POINT('Ctrl Pts',(-48.45,24.8634023156426,41.7884348746269));
#6951=CARTESIAN_POINT('Ctrl Pts',(-48.45,25.2000000000002,41.7884348746269));
#6952=CARTESIAN_POINT('',(-48.45,25.2000000000002,41.788434874627));
#6953=CARTESIAN_POINT('Ctrl Pts',(-49.95,25.2000000000002,43.2884348746269));
#6954=CARTESIAN_POINT('Ctrl Pts',(-49.764150985351,25.2000000000002,43.2884348746269));
#6955=CARTESIAN_POINT('Ctrl Pts',(-48.45,25.2000000000002,41.9742838892758));
#6956=CARTESIAN_POINT('Ctrl Pts',(-48.45,25.2000000000002,41.7884348746269));
#6957=CARTESIAN_POINT('Origin',(-46.2,25.2000000000002,41.788434874627));
#6958=CARTESIAN_POINT('Origin',(-71.5596723805691,37.5087419996885,43.2884348746269));
#6959=CARTESIAN_POINT('',(-71.5596723805691,16.6087419996885,41.7884348746269));
#6960=CARTESIAN_POINT('',(-71.5596723805691,37.5087419996885,41.7884348746269));
#6961=CARTESIAN_POINT('',(-71.5596723805691,81.2043709998422,41.788434874627));
#6962=CARTESIAN_POINT('',(-71.5596723805691,16.6087419996885,43.2884348746269));
#6963=CARTESIAN_POINT('',(-71.5596723805691,37.5087419996885,43.2884348746269));
#6964=CARTESIAN_POINT('Origin',(-101.059672380569,37.5087419996885,43.2884348746269));
#6965=CARTESIAN_POINT('',(-101.059672380569,37.5087419996885,41.7884348746269));
#6966=CARTESIAN_POINT('',(-52.0243743689929,37.5087419996884,41.7884348746269));
#6967=CARTESIAN_POINT('',(-101.059672380569,37.5087419996885,43.2884348746269));
#6968=CARTESIAN_POINT('Origin',(-101.059672380569,16.6087419996885,43.2884348746269));
#6969=CARTESIAN_POINT('',(-101.059672380569,16.6087419996885,41.7884348746269));
#6970=CARTESIAN_POINT('',(-101.059672380569,70.7543709998422,41.7884348746269));
#6971=CARTESIAN_POINT('',(-101.059672380569,16.6087419996885,43.2884348746269));
#6972=CARTESIAN_POINT('Origin',(-71.5596723805691,16.6087419996885,43.2884348746269));
#6973=CARTESIAN_POINT('',(-37.2743743689929,16.6087419996884,41.7884348746269));
#6974=CARTESIAN_POINT('Origin',(-63.0929413378178,33.8975092523118,43.2884348746269));
#6975=CARTESIAN_POINT('',(-57.4263727112149,33.8975092523118,41.7884348746269));
#6976=CARTESIAN_POINT('',(-63.0929413378178,33.8975092523118,41.7884348746269));
#6977=CARTESIAN_POINT('',(-33.0410088476172,33.8975092523118,41.7884348746269));
#6978=CARTESIAN_POINT('',(-57.4263727112149,33.8975092523118,43.2884348746269));
#6979=CARTESIAN_POINT('',(-63.0929413378178,33.8975092523118,43.2884348746269));
#6980=CARTESIAN_POINT('Origin',(-60.2596570245164,28.0475092523118,43.2884348746269));
#6981=CARTESIAN_POINT('',(-63.0929413378178,22.1975092523118,41.7884348746269));
#6982=CARTESIAN_POINT('Origin',(-60.2596570245164,28.0475092523118,41.788434874627));
#6983=CARTESIAN_POINT('',(-63.0929413378178,22.1975092523118,43.2884348746269));
#6984=CARTESIAN_POINT('Origin',(-57.4263727112149,22.1975092523118,43.2884348746269));
#6985=CARTESIAN_POINT('',(-57.4263727112149,22.1975092523118,41.7884348746269));
#6986=CARTESIAN_POINT('',(-30.2077245343158,22.1975092523118,41.7884348746269));
#6987=CARTESIAN_POINT('',(-57.4263727112149,22.1975092523118,43.2884348746269));
#6988=CARTESIAN_POINT('Origin',(-60.2596570245164,28.0475092523118,43.2884348746269));
#6989=CARTESIAN_POINT('Origin',(-60.2596570245164,28.0475092523118,41.788434874627));
#6990=CARTESIAN_POINT('Origin',(41.25,37.2500000000001,43.2884348746269));
#6991=CARTESIAN_POINT('',(39.5,37.2500000000001,41.7884348746268));
#6992=CARTESIAN_POINT('',(39.5,37.2500000000001,43.2884348746269));
#6993=CARTESIAN_POINT('Origin',(41.25,37.2500000000001,41.7884348746268));
#6994=CARTESIAN_POINT('Origin',(41.29,29.1800000000001,43.2884348746269));
#6995=CARTESIAN_POINT('',(39.54,29.1800000000001,41.7884348746268));
#6996=CARTESIAN_POINT('',(39.54,29.1800000000001,43.2884348746269));
#6997=CARTESIAN_POINT('Origin',(41.29,29.1800000000001,41.7884348746268));
#6998=CARTESIAN_POINT('Origin',(72.6929101495796,8.56840000000009,43.2884348746268));
#6999=CARTESIAN_POINT('',(72.6929101495796,7.96839999999009,41.7884348746268));
#7000=CARTESIAN_POINT('',(72.6929101495796,8.56840000000009,41.7884348746268));
#7001=CARTESIAN_POINT('',(72.6929101495796,66.734199999998,41.7884348746269));
#7002=CARTESIAN_POINT('',(72.6929101495796,7.96839999999009,43.2884348746268));
#7003=CARTESIAN_POINT('',(72.6929101495796,8.56840000000009,43.2884348746268));
#7004=CARTESIAN_POINT('Origin',(70.4129101495796,8.56840000000008,43.2884348746268));
#7005=CARTESIAN_POINT('',(70.4129101495796,10.8484000000001,41.7884348746268));
#7006=CARTESIAN_POINT('Origin',(70.4129101495796,8.56840000000009,41.7884348746268));
#7007=CARTESIAN_POINT('',(70.4129101495796,10.8484000000001,43.2884348746268));
#7008=CARTESIAN_POINT('Origin',(64.0329101495896,10.8484000000001,43.2884348746268));
#7009=CARTESIAN_POINT('',(64.0329101495896,10.8484000000001,41.7884348746268));
#7010=CARTESIAN_POINT('',(30.5219168960865,10.8484000000001,41.7884348746268));
#7011=CARTESIAN_POINT('',(64.0329101495896,10.8484000000001,43.2884348746268));
#7012=CARTESIAN_POINT('Origin',(64.0329101495896,8.5684000000001,43.2884348746268));
#7013=CARTESIAN_POINT('',(61.7529101495896,8.56840000000009,41.7884348746268));
#7014=CARTESIAN_POINT('Origin',(64.0329101495896,8.5684000000001,41.7884348746268));
#7015=CARTESIAN_POINT('',(61.7529101495896,8.56840000000009,43.2884348746268));
#7016=CARTESIAN_POINT('Origin',(61.7529101495896,7.96839999999009,43.2884348746268));
#7017=CARTESIAN_POINT('',(61.7529101495896,7.96839999999009,41.7884348746268));
#7018=CARTESIAN_POINT('',(61.7529101495896,66.434199999993,41.7884348746269));
#7019=CARTESIAN_POINT('',(61.7529101495896,7.96839999999009,43.2884348746268));
#7020=CARTESIAN_POINT('Origin',(64.0329101495896,7.96839999999009,43.2884348746268));
#7021=CARTESIAN_POINT('',(64.0329101495896,5.6883999999901,41.7884348746268));
#7022=CARTESIAN_POINT('Origin',(64.0329101495896,7.9683999999901,41.7884348746268));
#7023=CARTESIAN_POINT('',(64.0329101495896,5.6883999999901,43.2884348746268));
#7024=CARTESIAN_POINT('Origin',(70.4129101495796,5.68839999999009,43.2884348746268));
#7025=CARTESIAN_POINT('',(70.4129101495796,5.68839999999009,41.7884348746268));
#7026=CARTESIAN_POINT('',(33.7119168960815,5.68839999999009,41.7884348746268));
#7027=CARTESIAN_POINT('',(70.4129101495796,5.68839999999009,43.2884348746268));
#7028=CARTESIAN_POINT('Origin',(70.4129101495796,7.96839999999008,43.2884348746268));
#7029=CARTESIAN_POINT('Origin',(70.4129101495796,7.96839999999009,41.7884348746268));
#7030=CARTESIAN_POINT('Origin',(41.39,21.5800000000001,43.2884348746269));
#7031=CARTESIAN_POINT('',(39.64,21.5800000000001,41.7884348746268));
#7032=CARTESIAN_POINT('',(39.64,21.5800000000001,43.2884348746269));
#7033=CARTESIAN_POINT('Origin',(41.39,21.5800000000001,41.7884348746268));
#7034=CARTESIAN_POINT('Origin',(-109.700368015128,13.1999997049564,38.1993855721263));
#7035=CARTESIAN_POINT('Ctrl Pts',(-108.450368015128,13.2009910856605,36.6546554500861));
#7036=CARTESIAN_POINT('Ctrl Pts',(-108.447114342972,13.2638889552465,36.6541803916755));
#7037=CARTESIAN_POINT('Ctrl Pts',(-108.417498892244,13.8359161994231,36.6861839364131));
#7038=CARTESIAN_POINT('Ctrl Pts',(-108.361521662945,14.8368995734217,37.3999410987472));
#7039=CARTESIAN_POINT('Ctrl Pts',(-108.282436327232,14.762836278832,39.1351625120704));
#7040=CARTESIAN_POINT('Ctrl Pts',(-108.203350991519,13.268284855455,40.0197002907891));
#7041=CARTESIAN_POINT('Ctrl Pts',(-108.124265655806,11.7115945705806,39.2495820742662));
#7042=CARTESIAN_POINT('Ctrl Pts',(-108.045180320094,11.5079082959468,37.5248153917307));
#7043=CARTESIAN_POINT('Ctrl Pts',(-107.987214439868,12.4859786197677,36.710084240641));
#7044=CARTESIAN_POINT('Ctrl Pts',(-107.955610338212,13.0971247603182,36.6548062514855));
#7045=CARTESIAN_POINT('Ctrl Pts',(-107.950368015128,13.1986641653948,36.655728122899));
#7046=CARTESIAN_POINT('Ctrl Pts',(-108.491944567951,13.1988571268007,36.6580138723428));
#7047=CARTESIAN_POINT('Ctrl Pts',(-108.473958252005,13.5481341987488,36.6605384280268));
#7048=CARTESIAN_POINT('Ctrl Pts',(-108.429610157489,14.4140929253839,36.9498639215541));
#7049=CARTESIAN_POINT('Ctrl Pts',(-108.358900284401,15.0120835853004,38.3835526557066));
#7050=CARTESIAN_POINT('Ctrl Pts',(-108.279814948688,14.0346471690665,39.8184213670823));
#7051=CARTESIAN_POINT('Ctrl Pts',(-108.200729612976,12.2981183954135,39.7821558148424));
#7052=CARTESIAN_POINT('Ctrl Pts',(-108.121644277263,11.3815986463014,38.3068697355887));
#7053=CARTESIAN_POINT('Ctrl Pts',(-108.052049262255,12.0295719888938,36.9227508619223));
#7054=CARTESIAN_POINT('Ctrl Pts',(-108.008816025817,12.8730360391378,36.6600018317037));
#7055=CARTESIAN_POINT('Ctrl Pts',(-107.991944567951,13.2010304574942,36.657965361604));
#7056=CARTESIAN_POINT('Ctrl Pts',(-108.59615629154,14.0252110038934,39.1575017248484));
#7057=CARTESIAN_POINT('Ctrl Pts',(-108.569794512969,13.7078140651289,39.4308710228946));
#7058=CARTESIAN_POINT('Ctrl Pts',(-108.517070955827,12.7846389886927,39.6320876507801));
#7059=CARTESIAN_POINT('Ctrl Pts',(-108.437985620114,11.7705882356601,38.6324298610402));
#7060=CARTESIAN_POINT('Ctrl Pts',(-108.358900284401,12.0581902419666,37.2379674023237));
#7061=CARTESIAN_POINT('Ctrl Pts',(-108.279814948688,13.382502318488,36.7178393539016));
#7062=CARTESIAN_POINT('Ctrl Pts',(-108.200729612976,14.5414513470008,37.5442348679216));
#7063=CARTESIAN_POINT('Ctrl Pts',(-108.121644277263,14.4807559250897,38.9662617487688));
#7064=CARTESIAN_POINT('Ctrl Pts',(-108.04255894155,13.2559598947201,39.6911470509008));
#7065=CARTESIAN_POINT('Ctrl Pts',(-107.963473605837,11.9802406042317,39.0600294327588));
#7066=CARTESIAN_POINT('Ctrl Pts',(-107.884388270124,11.8133181840928,37.6465702817114));
#7067=CARTESIAN_POINT('Ctrl Pts',(-107.805302934412,12.906888005984,36.7356282174374));
#7068=CARTESIAN_POINT('Ctrl Pts',(-107.726217598699,14.2669058850416,37.1552537488509));
#7069=CARTESIAN_POINT('Ctrl Pts',(-107.647132262986,14.6570913274413,38.5239997882439));
#7070=CARTESIAN_POINT('Ctrl Pts',(-107.568046927273,13.7227770256079,39.5976788144964));
#7071=CARTESIAN_POINT('Ctrl Pts',(-107.48896159156,12.3132376872938,39.4002756488714));
#7072=CARTESIAN_POINT('Ctrl Pts',(-107.409876255847,11.7098061748657,38.1113014726116));
#7073=CARTESIAN_POINT('Ctrl Pts',(-107.330790920135,12.4609011633734,36.9022933244457));
#7074=CARTESIAN_POINT('Ctrl Pts',(-107.251705584422,13.8839995864864,36.8725733914659));
#7075=CARTESIAN_POINT('Ctrl Pts',(-107.172620248709,14.6850165354634,38.0484592321101));
#7076=CARTESIAN_POINT('Ctrl Pts',(-107.093534912996,14.1369118524874,39.3625451194481));
#7077=CARTESIAN_POINT('Ctrl Pts',(-107.014449577283,12.7358970039065,39.6170485975566));
#7078=CARTESIAN_POINT('Ctrl Pts',(-106.961726020141,12.0865898365398,38.9306518059726));
#7079=CARTESIAN_POINT('Ctrl Pts',(-106.93536424157,11.9784013887015,38.5259706356598));
#7080=CARTESIAN_POINT('Ctrl Pts',(-108.649753641529,14.0857939343676,39.2278418720826));
#7081=CARTESIAN_POINT('Ctrl Pts',(-108.623391862959,13.7450952828192,39.5212805913773));
#7082=CARTESIAN_POINT('Ctrl Pts',(-108.570668305817,12.7541452600834,39.7372695484749));
#7083=CARTESIAN_POINT('Ctrl Pts',(-108.491582970104,11.6656479182227,38.6642218300563));
#7084=CARTESIAN_POINT('Ctrl Pts',(-108.412497634391,11.9743642407954,37.1673848373336));
#7085=CARTESIAN_POINT('Ctrl Pts',(-108.333412298678,13.395900757362,36.6090715611572));
#7086=CARTESIAN_POINT('Ctrl Pts',(-108.254326962965,14.6399340891411,37.4961369448635));
#7087=CARTESIAN_POINT('Ctrl Pts',(-108.175241627253,14.5747827096704,39.0225620032026));
#7088=CARTESIAN_POINT('Ctrl Pts',(-108.09615629154,13.2600682149651,39.8006647975303));
#7089=CARTESIAN_POINT('Ctrl Pts',(-108.017070955827,11.890691926348,39.1232136465946));
#7090=CARTESIAN_POINT('Ctrl Pts',(-107.937985620114,11.7115148880441,37.6059853183844));
#7091=CARTESIAN_POINT('Ctrl Pts',(-107.858900284401,12.8853691953438,36.6281663950357));
#7092=CARTESIAN_POINT('Ctrl Pts',(-107.779814948688,14.3452328577986,37.0785987566848));
#7093=CARTESIAN_POINT('Ctrl Pts',(-107.700729612976,14.7640637847663,38.5478313578205));
#7094=CARTESIAN_POINT('Ctrl Pts',(-107.621644277263,13.7611567498208,39.7003345856839));
#7095=CARTESIAN_POINT('Ctrl Pts',(-107.54255894155,12.2481360075999,39.4884390563773));
#7096=CARTESIAN_POINT('Ctrl Pts',(-107.463473605837,11.6004035392705,38.1048347738598));
#7097=CARTESIAN_POINT('Ctrl Pts',(-107.384388270124,12.4066402054636,36.807067229552));
#7098=CARTESIAN_POINT('Ctrl Pts',(-107.305302934412,13.9342154733998,36.7751654061452));
#7099=CARTESIAN_POINT('Ctrl Pts',(-107.226217598699,14.7940391233892,38.0373789670002));
#7100=CARTESIAN_POINT('Ctrl Pts',(-107.147132262986,14.2056953065766,39.447938538172));
#7101=CARTESIAN_POINT('Ctrl Pts',(-107.068046927273,12.7018248799464,39.721126402376));
#7102=CARTESIAN_POINT('Ctrl Pts',(-107.015323370131,12.0048487930828,38.9843377546021));
#7103=CARTESIAN_POINT('Ctrl Pts',(-106.98896159156,11.8887176847139,38.5499468951021));
#7104=CARTESIAN_POINT('Ctrl Pts',(-108.703350991519,14.1463768648418,39.2981820193168));
#7105=CARTESIAN_POINT('Ctrl Pts',(-108.676989212948,13.7823765005094,39.6116901598599));
#7106=CARTESIAN_POINT('Ctrl Pts',(-108.624265655806,12.7236515314741,39.8424514461697));
#7107=CARTESIAN_POINT('Ctrl Pts',(-108.545180320094,11.5607076007852,38.6960137990724));
#7108=CARTESIAN_POINT('Ctrl Pts',(-108.466094984381,11.8905382396243,37.0968022723435));
#7109=CARTESIAN_POINT('Ctrl Pts',(-108.387009648668,13.409299196236,36.5003037684129));
#7110=CARTESIAN_POINT('Ctrl Pts',(-108.307924312955,14.7384168312814,37.4480390218053));
#7111=CARTESIAN_POINT('Ctrl Pts',(-108.228838977242,14.6688094942512,39.0788622576365));
#7112=CARTESIAN_POINT('Ctrl Pts',(-108.149753641529,13.26417653521,39.9101825441597));
#7113=CARTESIAN_POINT('Ctrl Pts',(-108.070668305817,11.8011432484643,39.1863978604304));
#7114=CARTESIAN_POINT('Ctrl Pts',(-107.991582970104,11.6097115919955,37.5654003550576));
#7115=CARTESIAN_POINT('Ctrl Pts',(-107.912497634391,12.8638503847035,36.520704572634));
#7116=CARTESIAN_POINT('Ctrl Pts',(-107.833412298678,14.4235598305556,37.0019437645187));
#7117=CARTESIAN_POINT('Ctrl Pts',(-107.754326962965,14.8710362420912,38.5716629273971));
#7118=CARTESIAN_POINT('Ctrl Pts',(-107.675241627253,13.7995364740336,39.8029903568715));
#7119=CARTESIAN_POINT('Ctrl Pts',(-107.59615629154,12.1830343279059,39.5766024638832));
#7120=CARTESIAN_POINT('Ctrl Pts',(-107.517070955827,11.4910009036753,38.098368075108));
#7121=CARTESIAN_POINT('Ctrl Pts',(-107.437985620114,12.3523792475538,36.7118411346584));
#7122=CARTESIAN_POINT('Ctrl Pts',(-107.358900284401,13.9844313603133,36.6777574208245));
#7123=CARTESIAN_POINT('Ctrl Pts',(-107.279814948689,14.9030617113149,38.0262987018902));
#7124=CARTESIAN_POINT('Ctrl Pts',(-107.200729612976,14.2744787606658,39.5333319568958));
#7125=CARTESIAN_POINT('Ctrl Pts',(-107.121644277263,12.6677527559864,39.8252042071954));
#7126=CARTESIAN_POINT('Ctrl Pts',(-107.068920720121,11.9231077496258,39.0380237032317));
#7127=CARTESIAN_POINT('Ctrl Pts',(-107.04255894155,11.7990339807263,38.5739231545443));
#7128=CARTESIAN_POINT('Ctrl Pts',(-108.756948341509,14.206959795316,39.3685221665511));
#7129=CARTESIAN_POINT('Ctrl Pts',(-108.730586562938,13.8196577181997,39.7020997283426));
#7130=CARTESIAN_POINT('Ctrl Pts',(-108.677863005796,12.6931578028647,39.9476333438644));
#7131=CARTESIAN_POINT('Ctrl Pts',(-108.598777670083,11.4557672833477,38.7278057680885));
#7132=CARTESIAN_POINT('Ctrl Pts',(-108.519692334371,11.8067122384532,37.0262197073534));
#7133=CARTESIAN_POINT('Ctrl Pts',(-108.440606998658,13.42269763511,36.3915359756686));
#7134=CARTESIAN_POINT('Ctrl Pts',(-108.361521662945,14.8368995734217,37.3999410987472));
#7135=CARTESIAN_POINT('Ctrl Pts',(-108.282436327232,14.762836278832,39.1351625120704));
#7136=CARTESIAN_POINT('Ctrl Pts',(-108.203350991519,13.268284855455,40.0197002907891));
#7137=CARTESIAN_POINT('Ctrl Pts',(-108.124265655806,11.7115945705806,39.2495820742662));
#7138=CARTESIAN_POINT('Ctrl Pts',(-108.045180320094,11.5079082959468,37.5248153917307));
#7139=CARTESIAN_POINT('Ctrl Pts',(-107.966094984381,12.8423315740632,36.4132427502323));
#7140=CARTESIAN_POINT('Ctrl Pts',(-107.887009648668,14.5018868033126,36.9252887723525));
#7141=CARTESIAN_POINT('Ctrl Pts',(-107.807924312955,14.9780086994161,38.5954944969737));
#7142=CARTESIAN_POINT('Ctrl Pts',(-107.728838977242,13.8379161982465,39.9056461280591));
#7143=CARTESIAN_POINT('Ctrl Pts',(-107.649753641529,12.1179326482119,39.664765871389));
#7144=CARTESIAN_POINT('Ctrl Pts',(-107.570668305817,11.3815982680802,38.0919013763562));
#7145=CARTESIAN_POINT('Ctrl Pts',(-107.491582970104,12.2981182896439,36.6166150397648));
#7146=CARTESIAN_POINT('Ctrl Pts',(-107.412497634391,14.0346472472267,36.5803494355039));
#7147=CARTESIAN_POINT('Ctrl Pts',(-107.333412298678,15.0120842992406,38.0152184367803));
#7148=CARTESIAN_POINT('Ctrl Pts',(-107.254326962965,14.343262214755,39.6187253756198));
#7149=CARTESIAN_POINT('Ctrl Pts',(-107.175241627253,12.6336806320263,39.9292820120148));
#7150=CARTESIAN_POINT('Ctrl Pts',(-107.122518070111,11.8413667061688,39.0917096518612));
#7151=CARTESIAN_POINT('Ctrl Pts',(-107.09615629154,11.7093502767387,38.5978994139865));
#7152=CARTESIAN_POINT('Ctrl Pts',(-107.09615629154,11.7093502767387,38.5978994139865));
#7153=CARTESIAN_POINT('Ctrl Pts',(-107.09615629154,11.7304859312174,38.6557425791603));
#7154=CARTESIAN_POINT('Ctrl Pts',(-107.09615629154,11.7552961681498,38.7119975281896));
#7155=CARTESIAN_POINT('Ctrl Pts',(-107.09615629154,11.7834718395839,38.7664632942897));
#7156=CARTESIAN_POINT('Ctrl Pts',(-107.09615629154,11.8112901749245,38.8202383019059));
#7157=CARTESIAN_POINT('Ctrl Pts',(-107.09615629154,11.8423902214107,38.8722698766752));
#7158=CARTESIAN_POINT('Ctrl Pts',(-107.09615629154,11.876519370615,38.9223324706288));
#7159=CARTESIAN_POINT('Ctrl Pts',(-107.09615629154,11.9024998331043,38.9604421034399));
#7160=CARTESIAN_POINT('Ctrl Pts',(-107.09615629154,11.9302366249514,38.99741016827));
#7161=CARTESIAN_POINT('Ctrl Pts',(-107.09615629154,11.9596304158828,39.0331209405753));
#7162=CARTESIAN_POINT('Ctrl Pts',(-107.09615629154,11.9753162510153,39.0521777981322));
#7163=CARTESIAN_POINT('Ctrl Pts',(-107.09615629154,11.991474110321,39.0708763497836));
#7164=CARTESIAN_POINT('Ctrl Pts',(-107.09615629154,12.0080897175758,39.0891970762185));
#7165=CARTESIAN_POINT('Ctrl Pts',(-107.09615629154,12.0150902526988,39.0969160170265));
#7166=CARTESIAN_POINT('Ctrl Pts',(-107.09615629154,12.0221720429152,39.1045677223631));
#7167=CARTESIAN_POINT('Ctrl Pts',(-107.09615629154,12.0293241094486,39.1121405639907));
#7168=CARTESIAN_POINT('Ctrl Pts',(-107.09615629154,12.0699968662553,39.1552062072448));
#7169=CARTESIAN_POINT('Ctrl Pts',(-107.09615629154,12.1130172840596,39.1958113136705));
#7170=CARTESIAN_POINT('Ctrl Pts',(-107.09615629154,12.1581426407142,39.2337495231575));
#7171=CARTESIAN_POINT('Ctrl Pts',(-107.09615629154,12.2023516728901,39.2709173518073));
#7172=CARTESIAN_POINT('Ctrl Pts',(-107.09615629154,12.2485819713605,39.3055259360671));
#7173=CARTESIAN_POINT('Ctrl Pts',(-107.09615629154,12.2966283559773,39.3373382431831));
#7174=CARTESIAN_POINT('Ctrl Pts',(-107.09615629154,12.332205835113,39.3608946814396));
#7175=CARTESIAN_POINT('Ctrl Pts',(-107.09615629154,12.3687796264507,39.3829170461273));
#7176=CARTESIAN_POINT('Ctrl Pts',(-107.09615629154,12.4062704181386,39.4032912602336));
#7177=CARTESIAN_POINT('Ctrl Pts',(-107.09615629154,12.4253744554497,39.4136732694938));
#7178=CARTESIAN_POINT('Ctrl Pts',(-107.09615629154,12.4447166318658,39.4236270657775));
#7179=CARTESIAN_POINT('Ctrl Pts',(-107.09615629154,12.4642865341492,39.4331358586088));
#7180=CARTESIAN_POINT('Ctrl Pts',(-107.09615629154,12.4743514986751,39.4380263103416));
#7181=CARTESIAN_POINT('Ctrl Pts',(-107.09615629154,12.4844690304535,39.4427952508596));
#7182=CARTESIAN_POINT('Ctrl Pts',(-107.09615629154,12.4946316996749,39.4474383623757));
#7183=CARTESIAN_POINT('Ctrl Pts',(-107.09615629154,12.5453325113249,39.4706025053106));
#7184=CARTESIAN_POINT('Ctrl Pts',(-107.09615629154,12.5972014954524,39.4906610187647));
#7185=CARTESIAN_POINT('Ctrl Pts',(-107.09615629154,12.6500466349551,39.5074011448418));
#7186=CARTESIAN_POINT('Ctrl Pts',(-107.09615629154,12.6872671265152,39.5191917414271));
#7187=CARTESIAN_POINT('Ctrl Pts',(-107.09615629154,12.7249722620378,39.5293352111819));
#7188=CARTESIAN_POINT('Ctrl Pts',(-107.09615629154,12.763097121392,39.5377417470783));
#7189=CARTESIAN_POINT('Ctrl Pts',(-107.09615629154,12.8063718403601,39.547283827615));
#7190=CARTESIAN_POINT('Ctrl Pts',(-107.09615629154,12.8501877230751,39.5545881388178));
#7191=CARTESIAN_POINT('Ctrl Pts',(-107.09615629154,12.894382691937,39.559686225428));
#7192=CARTESIAN_POINT('Ctrl Pts',(-107.09615629154,12.9153695993913,39.5621071587297));
#7193=CARTESIAN_POINT('Ctrl Pts',(-107.09615629154,12.9364419277997,39.564030308878));
#7194=CARTESIAN_POINT('Ctrl Pts',(-107.09615629154,12.9575818055079,39.5654576264169));
#7195=CARTESIAN_POINT('Ctrl Pts',(-107.09615629154,12.9676103691775,39.5661347327376));
#7196=CARTESIAN_POINT('Ctrl Pts',(-107.09615629154,12.9776541283866,39.566700240726));
#7197=CARTESIAN_POINT('Ctrl Pts',(-107.09615629154,12.9877111375198,39.5671542903528));
#7198=CARTESIAN_POINT('Ctrl Pts',(-107.09615629154,12.9982762070205,39.5676312776759));
#7199=CARTESIAN_POINT('Ctrl Pts',(-107.09615629154,13.0088480196225,39.5679848605778));
#7200=CARTESIAN_POINT('Ctrl Pts',(-107.09615629154,13.019418405239,39.5682157082638));
#7201=CARTESIAN_POINT('Ctrl Pts',(-107.09615629154,13.074919326565,39.5694277983165));
#7202=CARTESIAN_POINT('Ctrl Pts',(-107.09615629154,13.1304338330225,39.5672628785852));
#7203=CARTESIAN_POINT('Ctrl Pts',(-107.09615629154,13.1856477242456,39.5618260728067));
#7204=CARTESIAN_POINT('Ctrl Pts',(-107.09615629154,13.2406230417913,39.5564127589199));
#7205=CARTESIAN_POINT('Ctrl Pts',(-107.09615629154,13.2953014366703,39.5477552927742));
#7206=CARTESIAN_POINT('Ctrl Pts',(-107.09615629154,13.3493570793378,39.5359095403237));
#7207=CARTESIAN_POINT('Ctrl Pts',(-107.09615629154,13.3884981753334,39.5273321613319));
#7208=CARTESIAN_POINT('Ctrl Pts',(-107.09615629154,13.4273124835617,39.5170821363831));
#7209=CARTESIAN_POINT('Ctrl Pts',(-107.09615629154,13.4656662687097,39.5051669838635));
#7210=CARTESIAN_POINT('Ctrl Pts',(-107.09615629154,13.47792496307,39.5013586449361));
#7211=CARTESIAN_POINT('Ctrl Pts',(-107.09615629154,13.49013653089,39.497380118472));
#7212=CARTESIAN_POINT('Ctrl Pts',(-107.09615629154,13.5022963610974,39.4932314268549));
#7213=CARTESIAN_POINT('Ctrl Pts',(-107.09615629154,13.5116375183792,39.4900444102397));
#7214=CARTESIAN_POINT('Ctrl Pts',(-107.09615629154,13.5209464109699,39.4867574943209));
#7215=CARTESIAN_POINT('Ctrl Pts',(-107.09615629154,13.5302124855182,39.4833740483196));
#7216=CARTESIAN_POINT('Ctrl Pts',(-107.09615629154,13.5805197296631,39.4650046899518));
#7217=CARTESIAN_POINT('Ctrl Pts',(-107.09615629154,13.629639440334,39.4437688671326));
#7218=CARTESIAN_POINT('Ctrl Pts',(-107.09615629154,13.6772601495535,39.4197115800912));
#7219=CARTESIAN_POINT('Ctrl Pts',(-107.09615629154,13.7166202492696,39.3998274323671));
#7220=CARTESIAN_POINT('Ctrl Pts',(-107.09615629154,13.7549561000932,39.3780149217738));
#7221=CARTESIAN_POINT('Ctrl Pts',(-107.09615629154,13.7920721154264,39.3542810208445));
#7222=CARTESIAN_POINT('Ctrl Pts',(-107.09615629154,13.8353892813344,39.3265817833328));
#7223=CARTESIAN_POINT('Ctrl Pts',(-107.09615629154,13.8768902854523,39.296365823061));
#7224=CARTESIAN_POINT('Ctrl Pts',(-107.09615629154,13.9162790998253,39.2636627930101));
#7225=CARTESIAN_POINT('Ctrl Pts',(-107.09615629154,13.9445178467016,39.2402172386721));
#7226=CARTESIAN_POINT('Ctrl Pts',(-107.09615629154,13.9716703413214,39.2154926354502));
#7227=CARTESIAN_POINT('Ctrl Pts',(-107.09615629154,13.9976138547212,39.1894904392462));
#7228=CARTESIAN_POINT('Ctrl Pts',(-107.09615629154,14.0074477411368,39.1796343091189));
#7229=CARTESIAN_POINT('Ctrl Pts',(-107.09615629154,14.0171077860507,39.1695945358955));
#7230=CARTESIAN_POINT('Ctrl Pts',(-107.09615629154,14.026591568002,39.1593768647595));
#7231=CARTESIAN_POINT('Ctrl Pts',(-108.59615629154,14.0252110038934,39.1575017248484));
#7232=CARTESIAN_POINT('Ctrl Pts',(-108.59615629154,13.9907968300272,39.1943529790191));
#7233=CARTESIAN_POINT('Ctrl Pts',(-108.59615629154,13.9541416235147,39.228822427428));
#7234=CARTESIAN_POINT('Ctrl Pts',(-108.59615629154,13.9155659535148,39.2609102056067));
#7235=CARTESIAN_POINT('Ctrl Pts',(-108.59615629154,13.8752465039253,39.2944484838719));
#7236=CARTESIAN_POINT('Ctrl Pts',(-108.59615629154,13.8328285859846,39.3253855191443));
#7237=CARTESIAN_POINT('Ctrl Pts',(-108.59615629154,13.7886284830371,39.353693332694));
#7238=CARTESIAN_POINT('Ctrl Pts',(-108.59615629154,13.7528011651455,39.3766388230261));
#7239=CARTESIAN_POINT('Ctrl Pts',(-108.59615629154,13.7158017478296,39.397856412456));
#7240=CARTESIAN_POINT('Ctrl Pts',(-108.59615629154,13.6777800671394,39.4173143303292));
#7241=CARTESIAN_POINT('Ctrl Pts',(-108.59615629154,13.6606566802307,39.4260773689464));
#7242=CARTESIAN_POINT('Ctrl Pts',(-108.59615629154,13.6433257635069,39.4344832858032));
#7243=CARTESIAN_POINT('Ctrl Pts',(-108.59615629154,13.6258001839194,39.4425280331865));
#7244=CARTESIAN_POINT('Ctrl Pts',(-108.59615629154,13.61783339111,39.4461850212642));
#7245=CARTESIAN_POINT('Ctrl Pts',(-108.59615629154,13.60982832406,39.4497664031905));
#7246=CARTESIAN_POINT('Ctrl Pts',(-108.59615629154,13.6017946102453,39.4532683921513));
#7247=CARTESIAN_POINT('Ctrl Pts',(-108.59615629154,13.551888383774,39.4750230946724));
#7248=CARTESIAN_POINT('Ctrl Pts',(-108.59615629154,13.5007904739452,39.4937582479363));
#7249=CARTESIAN_POINT('Ctrl Pts',(-108.59615629154,13.4488334562901,39.5094485155512));
#7250=CARTESIAN_POINT('Ctrl Pts',(-108.59615629154,13.3958966186735,39.5254346746183));
#7251=CARTESIAN_POINT('Ctrl Pts',(-108.59615629154,13.3420670384686,39.5382606164995));
#7252=CARTESIAN_POINT('Ctrl Pts',(-108.59615629154,13.2876618684799,39.5478587039756));
#7253=CARTESIAN_POINT('Ctrl Pts',(-108.59615629154,13.2480111307827,39.5548538341993));
#7254=CARTESIAN_POINT('Ctrl Pts',(-108.59615629154,13.2080538719933,39.5601336468632));
#7255=CARTESIAN_POINT('Ctrl Pts',(-108.59615629154,13.167906106272,39.5636559203277));
#7256=CARTESIAN_POINT('Ctrl Pts',(-108.59615629154,13.1521180389727,39.5650410507205));
#7257=CARTESIAN_POINT('Ctrl Pts',(-108.59615629154,13.1363004711056,39.5661542292709));
#7258=CARTESIAN_POINT('Ctrl Pts',(-108.59615629154,13.1204603505736,39.5669922534221));
#7259=CARTESIAN_POINT('Ctrl Pts',(-108.59615629154,13.1093854908652,39.5675781706749));
#7260=CARTESIAN_POINT('Ctrl Pts',(-108.59615629154,13.0983077321921,39.5680290830539));
#7261=CARTESIAN_POINT('Ctrl Pts',(-108.59615629154,13.0872371321683,39.5683443521178));
#7262=CARTESIAN_POINT('Ctrl Pts',(-108.59615629154,13.0304205219642,39.5699623781938));
#7263=CARTESIAN_POINT('Ctrl Pts',(-108.59615629154,12.9737326205111,39.5680147045786));
#7264=CARTESIAN_POINT('Ctrl Pts',(-108.59615629154,12.9175067596894,39.5624429111587));
#7265=CARTESIAN_POINT('Ctrl Pts',(-108.59615629154,12.8808195401657,39.5588073312788));
#7266=CARTESIAN_POINT('Ctrl Pts',(-108.59615629154,12.8443284402055,39.5536278716758));
#7267=CARTESIAN_POINT('Ctrl Pts',(-108.59615629154,12.808122444219,39.5468768757321));
#7268=CARTESIAN_POINT('Ctrl Pts',(-108.59615629154,12.7540413448062,39.5367928752009));
#7269=CARTESIAN_POINT('Ctrl Pts',(-108.59615629154,12.7005957887805,39.5232051398201));
#7270=CARTESIAN_POINT('Ctrl Pts',(-108.59615629154,12.6479878081976,39.5063397799484));
#7271=CARTESIAN_POINT('Ctrl Pts',(-108.59615629154,12.6335247884211,39.5017031443912));
#7272=CARTESIAN_POINT('Ctrl Pts',(-108.59615629154,12.6191251075606,39.4968184801408));
#7273=CARTESIAN_POINT('Ctrl Pts',(-108.59615629154,12.6047930769966,39.4916898208084));
#7274=CARTESIAN_POINT('Ctrl Pts',(-108.59615629154,12.5925960225963,39.4873251540852));
#7275=CARTESIAN_POINT('Ctrl Pts',(-108.59615629154,12.5804447336892,39.4827823502826));
#7276=CARTESIAN_POINT('Ctrl Pts',(-108.59615629154,12.5683662197418,39.4780736878554));
#7277=CARTESIAN_POINT('Ctrl Pts',(-108.59615629154,12.5155353363323,39.4574782075841));
#7278=CARTESIAN_POINT('Ctrl Pts',(-108.59615629154,12.4640056547017,39.4336834254238));
#7279=CARTESIAN_POINT('Ctrl Pts',(-108.59615629154,12.4139838542541,39.4069750118362));
#7280=CARTESIAN_POINT('Ctrl Pts',(-108.59615629154,12.3627731212452,39.3796317849814));
#7281=CARTESIAN_POINT('Ctrl Pts',(-108.59615629154,12.3131419032072,39.3492344287043));
#7282=CARTESIAN_POINT('Ctrl Pts',(-108.59615629154,12.2653177165717,39.3160340047999));
#7283=CARTESIAN_POINT('Ctrl Pts',(-108.59615629154,12.2354856393212,39.295324031869));
#7284=CARTESIAN_POINT('Ctrl Pts',(-108.59615629154,12.2063568563788,39.2735222776268));
#7285=CARTESIAN_POINT('Ctrl Pts',(-108.59615629154,12.1779901219017,39.2506801433034));
#7286=CARTESIAN_POINT('Ctrl Pts',(-108.59615629154,12.1642147688247,39.2395876269761));
#7287=CARTESIAN_POINT('Ctrl Pts',(-108.59615629154,12.150619177133,39.2282496621817));
#7288=CARTESIAN_POINT('Ctrl Pts',(-108.59615629154,12.137210422641,39.2166715852981));
#7289=CARTESIAN_POINT('Ctrl Pts',(-108.59615629154,12.1288076187167,39.2094160038843));
#7290=CARTESIAN_POINT('Ctrl Pts',(-108.59615629154,12.1204781924364,39.2020661212117));
#7291=CARTESIAN_POINT('Ctrl Pts',(-108.59615629154,12.112223939516,39.1946231841088));
#7292=CARTESIAN_POINT('Ctrl Pts',(-108.59615629154,12.1037982786567,39.1870256868635));
#7293=CARTESIAN_POINT('Ctrl Pts',(-108.59615629154,12.0954574184398,39.1793370369564));
#7294=CARTESIAN_POINT('Ctrl Pts',(-108.59615629154,12.0872051255865,39.1715610903238));
#7295=CARTESIAN_POINT('Ctrl Pts',(-108.59615629154,12.0432464998915,39.1301398836938));
#7296=CARTESIAN_POINT('Ctrl Pts',(-108.59615629154,12.0017790959131,39.0862273449692));
#7297=CARTESIAN_POINT('Ctrl Pts',(-108.59615629154,11.9630534353215,39.0400792154934));
#7298=CARTESIAN_POINT('Ctrl Pts',(-108.59615629154,11.9359395167714,39.007768427124));
#7299=CARTESIAN_POINT('Ctrl Pts',(-108.59615629154,11.9101699480049,38.9743606154405));
#7300=CARTESIAN_POINT('Ctrl Pts',(-108.59615629154,11.8858392321032,38.939930958804));
#7301=CARTESIAN_POINT('Ctrl Pts',(-108.59615629154,11.8763615008268,38.926519309313));
#7302=CARTESIAN_POINT('Ctrl Pts',(-108.59615629154,11.8671010794314,38.9129504793669));
#7303=CARTESIAN_POINT('Ctrl Pts',(-108.59615629154,11.858076534925,38.8992486800161));
#7304=CARTESIAN_POINT('Ctrl Pts',(-108.59615629154,11.8246393518239,38.8484816220903));
#7305=CARTESIAN_POINT('Ctrl Pts',(-108.59615629154,11.7943966032028,38.7958360824525));
#7306=CARTESIAN_POINT('Ctrl Pts',(-108.59615629154,11.7676112332751,38.7415500734061));
#7307=CARTESIAN_POINT('Ctrl Pts',(-108.59615629154,11.7521900286765,38.7102958605802));
#7308=CARTESIAN_POINT('Ctrl Pts',(-108.59615629154,11.7379153949248,38.6784971279577));
#7309=CARTESIAN_POINT('Ctrl Pts',(-108.59615629154,11.7248434000581,38.6461940490263));
#7310=CARTESIAN_POINT('Ctrl Pts',(-108.59615629154,11.7185030229917,38.6305259201051));
#7311=CARTESIAN_POINT('Ctrl Pts',(-108.59615629154,11.7124456512323,38.6147390879403));
#7312=CARTESIAN_POINT('Ctrl Pts',(-108.59615629154,11.7066692770318,38.5988405559916));
#7313=CARTESIAN_POINT('Ctrl Pts',(-107.789575965159,13.1989052203319,36.9343467875846));
#7314=CARTESIAN_POINT('Ctrl Pts',(-107.794818288243,13.1156929210971,36.9335913070904));
#7315=CARTESIAN_POINT('Ctrl Pts',(-107.800060611327,13.0326163976517,36.9411055542686));
#7316=CARTESIAN_POINT('Ctrl Pts',(-107.805302934412,12.9512960155117,36.9573894833853));
#7317=CARTESIAN_POINT('Ctrl Pts',(-107.831664712982,12.5423647320203,37.0392755721954));
#7318=CARTESIAN_POINT('Ctrl Pts',(-107.858026491553,12.1778414580565,37.3429229269534));
#7319=CARTESIAN_POINT('Ctrl Pts',(-107.884388270124,12.0234002244311,37.7303231295069));
#7320=CARTESIAN_POINT('Ctrl Pts',(-107.910750048695,11.8689589908057,38.1177233320605));
#7321=CARTESIAN_POINT('Ctrl Pts',(-107.937111827266,11.9245997975187,38.5888763824096));
#7322=CARTESIAN_POINT('Ctrl Pts',(-107.963473605837,12.1650400826233,38.9296391772746));
#7323=CARTESIAN_POINT('Ctrl Pts',(-107.989835384408,12.4054803677278,39.2704019721395));
#7324=CARTESIAN_POINT('Ctrl Pts',(-108.016197162979,12.830720131224,39.4807745115202));
#7325=CARTESIAN_POINT('Ctrl Pts',(-108.04255894155,13.2474726847003,39.4651465641885));
#7326=CARTESIAN_POINT('Ctrl Pts',(-108.068920720121,13.6642252381766,39.4495186168568));
#7327=CARTESIAN_POINT('Ctrl Pts',(-108.095282498692,14.0724905816332,39.2078901828128));
#7328=CARTESIAN_POINT('Ctrl Pts',(-108.121644277263,14.2867391570133,38.8500714856496));
#7329=CARTESIAN_POINT('Ctrl Pts',(-108.148006055834,14.5009877323934,38.4922527884864));
#7330=CARTESIAN_POINT('Ctrl Pts',(-108.174367834405,14.5212195396971,38.018243828204));
#7331=CARTESIAN_POINT('Ctrl Pts',(-108.200729612976,14.3381772719301,37.6435067623928));
#7332=CARTESIAN_POINT('Ctrl Pts',(-108.227091391547,14.1551350041632,37.2687696965816));
#7333=CARTESIAN_POINT('Ctrl Pts',(-108.253453170117,13.7688186613256,36.9933045252416));
#7334=CARTESIAN_POINT('Ctrl Pts',(-108.279814948688,13.3549418104866,36.9422599476419));
#7335=CARTESIAN_POINT('Ctrl Pts',(-108.283068620845,13.303859536871,36.9359598294443));
#7336=CARTESIAN_POINT('Ctrl Pts',(-108.286322293002,13.2523574217366,36.9330784103117));
#7337=CARTESIAN_POINT('Ctrl Pts',(-108.289575965159,13.2008121488322,36.9334677242197));
#7338=CARTESIAN_POINT('Ctrl Pts',(-108.59615629154,11.7093502767377,37.8008717302699));
#7339=CARTESIAN_POINT('Ctrl Pts',(-108.569794512969,11.8413667061666,37.3070614923948));
#7340=CARTESIAN_POINT('Ctrl Pts',(-108.517070955827,12.6336784412062,36.4694888940881));
#7341=CARTESIAN_POINT('Ctrl Pts',(-108.437985620114,14.343261962129,36.7800459614176));
#7342=CARTESIAN_POINT('Ctrl Pts',(-108.358900284401,15.0120835853004,38.3835526557066));
#7343=CARTESIAN_POINT('Ctrl Pts',(-108.279814948688,14.0346471690665,39.8184213670823));
#7344=CARTESIAN_POINT('Ctrl Pts',(-108.200729612976,12.2981183954135,39.7821558148424));
#7345=CARTESIAN_POINT('Ctrl Pts',(-108.121644277263,11.3815986463014,38.3068697355887));
#7346=CARTESIAN_POINT('Ctrl Pts',(-108.04255894155,12.1179328410108,36.7340055616617));
#7347=CARTESIAN_POINT('Ctrl Pts',(-107.963473605837,13.8379160830349,36.4931253409536));
#7348=CARTESIAN_POINT('Ctrl Pts',(-107.884388270124,14.9780083527302,37.8032767256495));
#7349=CARTESIAN_POINT('Ctrl Pts',(-107.805302934411,14.5018865555107,39.4734821253811));
#7350=CARTESIAN_POINT('Ctrl Pts',(-107.726217598699,12.8423316398933,39.9855280507365));
#7351=CARTESIAN_POINT('Ctrl Pts',(-107.647132262986,11.507908626523,38.8739556219367));
#7352=CARTESIAN_POINT('Ctrl Pts',(-107.568046927273,11.711594848743,37.1491892733789));
#7353=CARTESIAN_POINT('Ctrl Pts',(-107.48896159156,13.2682848588876,36.3790712006863));
#7354=CARTESIAN_POINT('Ctrl Pts',(-107.409876255847,14.7628359481556,37.2636088185915));
#7355=CARTESIAN_POINT('Ctrl Pts',(-107.330790920135,14.8368993228438,38.998829865802));
#7356=CARTESIAN_POINT('Ctrl Pts',(-107.251705584422,13.4226975071798,40.0072348422756));
#7357=CARTESIAN_POINT('Ctrl Pts',(-107.172620248709,11.8067127991143,39.3725509918714));
#7358=CARTESIAN_POINT('Ctrl Pts',(-107.093534912996,11.4557676006766,37.6709653931005));
#7359=CARTESIAN_POINT('Ctrl Pts',(-107.014449577283,12.69315947862,36.4511363692292));
#7360=CARTESIAN_POINT('Ctrl Pts',(-106.961726020141,13.819657718196,36.6966714159085));
#7361=CARTESIAN_POINT('Ctrl Pts',(-106.93536424157,14.2069597953131,37.0302489776991));
#7362=CARTESIAN_POINT('Ctrl Pts',(-108.649753641529,11.7990339807254,37.8248479897119));
#7363=CARTESIAN_POINT('Ctrl Pts',(-108.623391862959,11.9231077496237,37.3607474410242));
#7364=CARTESIAN_POINT('Ctrl Pts',(-108.570668305817,12.6677506969751,36.5735667132356));
#7365=CARTESIAN_POINT('Ctrl Pts',(-108.491582970104,14.2744785232388,36.8654393685428));
#7366=CARTESIAN_POINT('Ctrl Pts',(-108.412497634391,14.9030610403283,38.3724723937111));
#7367=CARTESIAN_POINT('Ctrl Pts',(-108.333412298678,13.9844312868555,39.7210134023178));
#7368=CARTESIAN_POINT('Ctrl Pts',(-108.254326962965,12.3523793469598,39.6869297373751));
#7369=CARTESIAN_POINT('Ctrl Pts',(-108.175241627253,11.4910012591412,38.3004030387807));
#7370=CARTESIAN_POINT('Ctrl Pts',(-108.09615629154,12.1830345091052,36.8221689517922));
#7371=CARTESIAN_POINT('Ctrl Pts',(-108.017070955827,13.7995363657536,36.5957810926022));
#7372=CARTESIAN_POINT('Ctrl Pts',(-107.937985620114,14.8710359162633,37.827108290511));
#7373=CARTESIAN_POINT('Ctrl Pts',(-107.858900284401,14.4235595976625,39.3968271480466));
#7374=CARTESIAN_POINT('Ctrl Pts',(-107.779814948688,12.8638504465729,39.8780662489882));
#7375=CARTESIAN_POINT('Ctrl Pts',(-107.700729612976,11.6097119026828,38.8333706664664));
#7376=CARTESIAN_POINT('Ctrl Pts',(-107.621644277263,11.8011435098913,37.2123734749778));
#7377=CARTESIAN_POINT('Ctrl Pts',(-107.54255894155,13.2641765384361,36.4885889264254));
#7378=CARTESIAN_POINT('Ctrl Pts',(-107.463473605837,14.6688091834697,37.3199090618102));
#7379=CARTESIAN_POINT('Ctrl Pts',(-107.384388270124,14.7384165957793,38.9507319535556));
#7380=CARTESIAN_POINT('Ctrl Pts',(-107.305302934412,13.4092990760026,39.8984670691633));
#7381=CARTESIAN_POINT('Ctrl Pts',(-107.226217598699,11.8905387665537,39.301968453656));
#7382=CARTESIAN_POINT('Ctrl Pts',(-107.147132262986,11.5607078990222,37.7027573610976));
#7383=CARTESIAN_POINT('Ctrl Pts',(-107.068046927273,12.7236531064089,36.5563183530285));
#7384=CARTESIAN_POINT('Ctrl Pts',(-107.015323370131,13.782376500506,36.7870809843913));
#7385=CARTESIAN_POINT('Ctrl Pts',(-106.98896159156,14.1463768648391,37.1005891249335));
#7386=CARTESIAN_POINT('Ctrl Pts',(-108.703350991519,11.888717684713,37.8488242491539));
#7387=CARTESIAN_POINT('Ctrl Pts',(-108.676989212948,12.0048487930808,37.4144333896535));
#7388=CARTESIAN_POINT('Ctrl Pts',(-108.624265655806,12.7018229527441,36.6776445323831));
#7389=CARTESIAN_POINT('Ctrl Pts',(-108.545180320094,14.2056950843487,36.9508327756679));
#7390=CARTESIAN_POINT('Ctrl Pts',(-108.466094984381,14.7940384953562,38.3613921317156));
#7391=CARTESIAN_POINT('Ctrl Pts',(-108.387009648668,13.9342154046445,39.6236054375532));
#7392=CARTESIAN_POINT('Ctrl Pts',(-108.307924312955,12.4066402985061,39.5917036599077));
#7393=CARTESIAN_POINT('Ctrl Pts',(-108.228838977242,11.600403871981,38.2939363419727));
#7394=CARTESIAN_POINT('Ctrl Pts',(-108.149753641529,12.2481361771996,36.9103323419228));
#7395=CARTESIAN_POINT('Ctrl Pts',(-108.070668305817,13.7611566484724,36.6984368442509));
#7396=CARTESIAN_POINT('Ctrl Pts',(-107.991582970104,14.7640634797965,37.8509398553725));
#7397=CARTESIAN_POINT('Ctrl Pts',(-107.912497634391,14.3452326398143,39.3201721707121));
#7398=CARTESIAN_POINT('Ctrl Pts',(-107.833412298678,12.8853692532526,39.7706044472399));
#7399=CARTESIAN_POINT('Ctrl Pts',(-107.754326962965,11.7115151788426,38.7927857109961));
#7400=CARTESIAN_POINT('Ctrl Pts',(-107.675241627253,11.8906921710396,37.2755576765767));
#7401=CARTESIAN_POINT('Ctrl Pts',(-107.59615629154,13.2600682179847,36.5981066521644));
#7402=CARTESIAN_POINT('Ctrl Pts',(-107.517070955827,14.5747824187838,37.376209305029));
#7403=CARTESIAN_POINT('Ctrl Pts',(-107.437985620114,14.6399338687148,38.9026340413092));
#7404=CARTESIAN_POINT('Ctrl Pts',(-107.358900284401,13.3959006448254,39.7896992960511));
#7405=CARTESIAN_POINT('Ctrl Pts',(-107.279814948688,11.9743647339931,39.2313859154407));
#7406=CARTESIAN_POINT('Ctrl Pts',(-107.200729612976,11.6656481973679,37.7345493290948));
#7407=CARTESIAN_POINT('Ctrl Pts',(-107.121644277263,12.7541467341978,36.6615003368277));
#7408=CARTESIAN_POINT('Ctrl Pts',(-107.068920720121,13.7450952828159,36.877490552874));
#7409=CARTESIAN_POINT('Ctrl Pts',(-107.04255894155,14.085793934365,37.1709292721679));
#7410=CARTESIAN_POINT('Ctrl Pts',(-108.756948341509,11.9784013887007,37.8728005085959));
#7411=CARTESIAN_POINT('Ctrl Pts',(-108.730586562938,12.0865898365379,37.4681193382828));
#7412=CARTESIAN_POINT('Ctrl Pts',(-108.677863005796,12.735895208513,36.7817223515305));
#7413=CARTESIAN_POINT('Ctrl Pts',(-108.598777670083,14.1369116454585,37.0362261827931));
#7414=CARTESIAN_POINT('Ctrl Pts',(-108.519692334371,14.6850159503841,38.3503118697201));
#7415=CARTESIAN_POINT('Ctrl Pts',(-108.440606998658,13.8839995224335,39.5261974727886));
#7416=CARTESIAN_POINT('Ctrl Pts',(-108.361521662945,12.4609012500524,39.4964775824404));
#7417=CARTESIAN_POINT('Ctrl Pts',(-108.282436327232,11.7098064848208,38.2874696451647));
#7418=CARTESIAN_POINT('Ctrl Pts',(-108.203350991519,12.313237845294,36.9984957320534));
#7419=CARTESIAN_POINT('Ctrl Pts',(-108.124265655806,13.7227769311911,36.8010925958995));
#7420=CARTESIAN_POINT('Ctrl Pts',(-108.045180320094,14.6570910433297,37.8747714202339));
#7421=CARTESIAN_POINT('Ctrl Pts',(-107.966094984381,14.266905681966,39.2435171933776));
#7422=CARTESIAN_POINT('Ctrl Pts',(-107.887009648668,12.9068880599322,39.6631426454915));
#7423=CARTESIAN_POINT('Ctrl Pts',(-107.807924312955,11.8133184550024,38.7522007555257));
#7424=CARTESIAN_POINT('Ctrl Pts',(-107.728838977242,11.9802408321879,37.3387418781755));
#7425=CARTESIAN_POINT('Ctrl Pts',(-107.64975364153,13.2559598975332,36.7076243779035));
#7426=CARTESIAN_POINT('Ctrl Pts',(-107.570668305817,14.4807556540979,37.4325095482477));
#7427=CARTESIAN_POINT('Ctrl Pts',(-107.491582970104,14.5414511416503,38.8545361290628));
#7428=CARTESIAN_POINT('Ctrl Pts',(-107.412497634391,13.3825022136482,39.6809315229388));
#7429=CARTESIAN_POINT('Ctrl Pts',(-107.333412298678,12.0581907014325,39.1608033772253));
#7430=CARTESIAN_POINT('Ctrl Pts',(-107.254326962965,11.7705884957135,37.7663412970919));
#7431=CARTESIAN_POINT('Ctrl Pts',(-107.175241627253,12.7846403619866,36.766682320627));
#7432=CARTESIAN_POINT('Ctrl Pts',(-107.122518070111,13.7078140651259,36.9679001213568));
#7433=CARTESIAN_POINT('Ctrl Pts',(-107.09615629154,14.025211003891,37.2412694194023));
#7434=CARTESIAN_POINT('Ctrl Pts',(-107.09615629154,14.025211003891,37.2412694194023));
#7435=CARTESIAN_POINT('Ctrl Pts',(-107.09615629154,13.9907967873487,37.2044181195334));
#7436=CARTESIAN_POINT('Ctrl Pts',(-107.09615629154,13.9541415424258,37.1699486229478));
#7437=CARTESIAN_POINT('Ctrl Pts',(-107.09615629154,13.9155658373195,37.1378607960075));
#7438=CARTESIAN_POINT('Ctrl Pts',(-107.09615629154,13.8752463655748,37.1043224788697));
#7439=CARTESIAN_POINT('Ctrl Pts',(-107.09615629154,13.832828430599,37.073385402205));
#7440=CARTESIAN_POINT('Ctrl Pts',(-107.09615629154,13.7886283142771,37.0450775468413));
#7441=CARTESIAN_POINT('Ctrl Pts',(-107.09615629154,13.7528010284689,37.0221320501066));
#7442=CARTESIAN_POINT('Ctrl Pts',(-107.09615629154,13.7158016484486,37.000914449857));
#7443=CARTESIAN_POINT('Ctrl Pts',(-107.09615629154,13.6777800089712,36.9814565177505));
#7444=CARTESIAN_POINT('Ctrl Pts',(-107.09615629154,13.6606564143554,36.9726933569287));
#7445=CARTESIAN_POINT('Ctrl Pts',(-107.09615629154,13.6433252852364,36.9642873266107));
#7446=CARTESIAN_POINT('Ctrl Pts',(-107.09615629154,13.6257994889584,36.9562424747637));
#7447=CARTESIAN_POINT('Ctrl Pts',(-107.09615629154,13.6178325287405,36.9525854075693));
#7448=CARTESIAN_POINT('Ctrl Pts',(-107.09615629154,13.6098272937021,36.9490039501339));
#7449=CARTESIAN_POINT('Ctrl Pts',(-107.09615629154,13.601793410615,36.9455018889141));
#7450=CARTESIAN_POINT('Ctrl Pts',(-107.09615629154,13.5518871543276,36.9237471828929));
#7451=CARTESIAN_POINT('Ctrl Pts',(-107.09615629154,13.5007892188895,36.9050120301081));
#7452=CARTESIAN_POINT('Ctrl Pts',(-107.09615629154,13.4488321781922,36.8893217694327));
#7453=CARTESIAN_POINT('Ctrl Pts',(-107.09615629154,13.3958953544709,36.8733356287216));
#7454=CARTESIAN_POINT('Ctrl Pts',(-107.09615629154,13.342065792084,36.8605097074374));
#7455=CARTESIAN_POINT('Ctrl Pts',(-107.09615629154,13.2876606415645,36.8509116454281));
#7456=CARTESIAN_POINT('Ctrl Pts',(-107.09615629154,13.2480100825003,36.8439165627757));
#7457=CARTESIAN_POINT('Ctrl Pts',(-107.09615629154,13.208053005766,36.8386367860526));
#7458=CARTESIAN_POINT('Ctrl Pts',(-107.09615629154,13.1679054232626,36.8351145374082));
#7459=CARTESIAN_POINT('Ctrl Pts',(-107.09615629154,13.1521152314651,36.8337292240671));
#7460=CARTESIAN_POINT('Ctrl Pts',(-107.09615629154,13.136295531072,36.8326159365149));
#7461=CARTESIAN_POINT('Ctrl Pts',(-107.09615629154,13.1204532727501,36.8317778786941));
#7462=CARTESIAN_POINT('Ctrl Pts',(-107.09615629154,13.1093804906719,36.8311921268757));
#7463=CARTESIAN_POINT('Ctrl Pts',(-107.09615629154,13.0983048207812,36.8307413301545));
#7464=CARTESIAN_POINT('Ctrl Pts',(-107.09615629154,13.087236302896,36.830426125915));
#7465=CARTESIAN_POINT('Ctrl Pts',(-107.09615629154,13.0304197450895,36.8288081297139));
#7466=CARTESIAN_POINT('Ctrl Pts',(-107.09615629154,12.9737318946047,36.8307558375994));
#7467=CARTESIAN_POINT('Ctrl Pts',(-107.09615629154,12.9175060806677,36.8363276722315));
#7468=CARTESIAN_POINT('Ctrl Pts',(-107.09615629154,12.8808194081947,36.8399632278226));
#7469=CARTESIAN_POINT('Ctrl Pts',(-107.09615629154,12.8443288480268,36.8451426226477));
#7470=CARTESIAN_POINT('Ctrl Pts',(-107.09615629154,12.8081233801233,36.851893512811));
#7471=CARTESIAN_POINT('Ctrl Pts',(-107.09615629154,12.7540423289279,36.8619774934271));
#7472=CARTESIAN_POINT('Ctrl Pts',(-107.09615629154,12.7005968124338,36.8755652133899));
#7473=CARTESIAN_POINT('Ctrl Pts',(-107.09615629154,12.6479888637624,36.8924305612958));
#7474=CARTESIAN_POINT('Ctrl Pts',(-107.09615629154,12.6335258484682,36.8970671949389));
#7475=CARTESIAN_POINT('Ctrl Pts',(-107.09615629154,12.6191261715507,36.9019518576834));
#7476=CARTESIAN_POINT('Ctrl Pts',(-107.09615629154,12.6047941444151,36.907080515893));
#7477=CARTESIAN_POINT('Ctrl Pts',(-107.09615629154,12.5925970674318,36.9114451907859));
#7478=CARTESIAN_POINT('Ctrl Pts',(-107.09615629154,12.5804457557365,36.9159880037898));
#7479=CARTESIAN_POINT('Ctrl Pts',(-107.09615629154,12.5683672189324,36.9206966763755));
#7480=CARTESIAN_POINT('Ctrl Pts',(-107.09615629154,12.5155363639684,36.9412921510163));
#7481=CARTESIAN_POINT('Ctrl Pts',(-107.09615629154,12.4640067030803,36.9650869302856));
#7482=CARTESIAN_POINT('Ctrl Pts',(-107.09615629154,12.4139849168519,36.9917953426501));
#7483=CARTESIAN_POINT('Ctrl Pts',(-107.09615629154,12.3627741854197,37.0191385751835));
#7484=CARTESIAN_POINT('Ctrl Pts',(-107.09615629154,12.313142962921,37.0495359404351));
#7485=CARTESIAN_POINT('Ctrl Pts',(-107.09615629154,12.265318767089,37.0827363752863));
#7486=CARTESIAN_POINT('Ctrl Pts',(-107.09615629154,12.2354866728568,37.1034463628522));
#7487=CARTESIAN_POINT('Ctrl Pts',(-107.09615629154,12.2063578716173,37.1252481333206));
#7488=CARTESIAN_POINT('Ctrl Pts',(-107.09615629154,12.1779911178906,37.1480902850892));
#7489=CARTESIAN_POINT('Ctrl Pts',(-107.09615629154,12.1642157416677,37.1591828209988));
#7490=CARTESIAN_POINT('Ctrl Pts',(-107.09615629154,12.1506201269655,37.1705208061547));
#7491=CARTESIAN_POINT('Ctrl Pts',(-107.09615629154,12.1372113496607,37.1820989041216));
#7492=CARTESIAN_POINT('Ctrl Pts',(-107.09615629154,12.1288085711063,37.189354464497));
#7493=CARTESIAN_POINT('Ctrl Pts',(-107.09615629154,12.120479169581,37.1967043255244));
#7494=CARTESIAN_POINT('Ctrl Pts',(-107.09615629154,12.1122249407905,37.2041472403789));
#7495=CARTESIAN_POINT('Ctrl Pts',(-107.09615629154,12.103799241105,37.2117447721338));
#7496=CARTESIAN_POINT('Ctrl Pts',(-107.09615629154,12.0954583425053,37.2194334574626));
#7497=CARTESIAN_POINT('Ctrl Pts',(-107.09615629154,12.0872060119675,37.2272094401932));
#7498=CARTESIAN_POINT('Ctrl Pts',(-107.09615629154,12.0432473602247,37.2686306745033));
#7499=CARTESIAN_POINT('Ctrl Pts',(-107.09615629154,12.0017799281782,37.3125432420817));
#7500=CARTESIAN_POINT('Ctrl Pts',(-107.09615629154,11.9630542390175,37.3586914000495));
#7501=CARTESIAN_POINT('Ctrl Pts',(-107.09615629154,11.9359403069048,37.3910022006933));
#7502=CARTESIAN_POINT('Ctrl Pts',(-107.09615629154,11.9101707236898,37.4244100239549));
#7503=CARTESIAN_POINT('Ctrl Pts',(-107.09615629154,11.8858399928937,37.4588396910073));
#7504=CARTESIAN_POINT('Ctrl Pts',(-107.09615629154,11.876362247318,37.4722513565802));
#7505=CARTESIAN_POINT('Ctrl Pts',(-107.09615629154,11.8671018119284,37.4858202027369));
#7506=CARTESIAN_POINT('Ctrl Pts',(-107.09615629154,11.8580772538142,37.4995220183369));
#7507=CARTESIAN_POINT('Ctrl Pts',(-107.09615629154,11.8246400406577,37.5502891055504));
#7508=CARTESIAN_POINT('Ctrl Pts',(-107.09615629154,11.7943972633698,37.6029346727098));
#7509=CARTESIAN_POINT('Ctrl Pts',(-107.09615629154,11.7676118676964,37.6572207059623));
#7510=CARTESIAN_POINT('Ctrl Pts',(-107.09615629154,11.7521906441144,37.6884749411572));
#7511=CARTESIAN_POINT('Ctrl Pts',(-107.09615629154,11.7379159929655,37.7202736953439));
#7512=CARTESIAN_POINT('Ctrl Pts',(-107.09615629154,11.7248439826271,37.7525767947062));
#7513=CARTESIAN_POINT('Ctrl Pts',(-107.09615629154,11.7185035999865,37.7682449287676));
#7514=CARTESIAN_POINT('Ctrl Pts',(-107.09615629154,11.7124462229337,37.7840317657336));
#7515=CARTESIAN_POINT('Ctrl Pts',(-107.09615629154,11.7066698437054,37.7999303021595));
#7516=CARTESIAN_POINT('Ctrl Pts',(-108.15273661792,13.2008444143432,36.9361802213775));
#7517=CARTESIAN_POINT('Ctrl Pts',(-108.143246297216,13.352042968353,36.9352414513341));
#7518=CARTESIAN_POINT('Ctrl Pts',(-108.133755976511,13.5029403853256,36.9603626024967));
#7519=CARTESIAN_POINT('Ctrl Pts',(-108.124265655806,13.643572768898,37.0129395893142));
#7520=CARTESIAN_POINT('Ctrl Pts',(-108.097903877235,14.0342149685706,37.1589855373443));
#7521=CARTESIAN_POINT('Ctrl Pts',(-108.071542098665,14.3456530059501,37.5168784787891));
#7522=CARTESIAN_POINT('Ctrl Pts',(-108.045180320094,14.4363411310793,37.9239492450355));
#7523=CARTESIAN_POINT('Ctrl Pts',(-108.018818541523,14.5270292562084,38.3310200112818));
#7524=CARTESIAN_POINT('Ctrl Pts',(-107.992456762952,14.3969674690872,38.7872686023297));
#7525=CARTESIAN_POINT('Ctrl Pts',(-107.966094984381,14.1052669718543,39.085330473206));
#7526=CARTESIAN_POINT('Ctrl Pts',(-107.93973320581,13.8135664746214,39.3833923440822));
#7527=CARTESIAN_POINT('Ctrl Pts',(-107.913371427239,13.3602272672768,39.5232674947869));
#7528=CARTESIAN_POINT('Ctrl Pts',(-107.887009648668,12.9512960627829,39.4413814218116));
#7529=CARTESIAN_POINT('Ctrl Pts',(-107.860647870097,12.5423648582889,39.3594953488363));
#7530=CARTESIAN_POINT('Ctrl Pts',(-107.834286091526,12.1778416566457,39.055848052181));
#7531=CARTESIAN_POINT('Ctrl Pts',(-107.807924312955,12.0234004520216,38.668447924295));
#7532=CARTESIAN_POINT('Ctrl Pts',(-107.781562534384,11.8689592473975,38.281047796409));
#7533=CARTESIAN_POINT('Ctrl Pts',(-107.755200755813,11.9246000397927,37.8098948372923));
#7534=CARTESIAN_POINT('Ctrl Pts',(-107.728838977242,12.1650402802145,37.4691321076886));
#7535=CARTESIAN_POINT('Ctrl Pts',(-107.703471524135,12.3964114871159,37.1412224205367));
#7536=CARTESIAN_POINT('Ctrl Pts',(-107.678104071028,12.7989043548194,36.934052231608));
#7537=CARTESIAN_POINT('Ctrl Pts',(-107.65273661792,13.2002890542198,36.9328158867883));
#7538=CARTESIAN_POINT('Ctrl Pts',(-108.59615629154,11.7093502767377,37.8008717302699));
#7539=CARTESIAN_POINT('Ctrl Pts',(-108.59615629154,11.7304859312163,37.743028565096));
#7540=CARTESIAN_POINT('Ctrl Pts',(-108.59615629154,11.7552961523949,37.6867736143542));
#7541=CARTESIAN_POINT('Ctrl Pts',(-108.59615629154,11.7834717958926,37.6323078452805));
#7542=CARTESIAN_POINT('Ctrl Pts',(-108.59615629154,11.8112901064064,37.5785328294024));
#7543=CARTESIAN_POINT('Ctrl Pts',(-108.59615629154,11.8423901168302,37.5265012454856));
#7544=CARTESIAN_POINT('Ctrl Pts',(-108.59615629154,11.8765192219458,37.4764386419866));
#7545=CARTESIAN_POINT('Ctrl Pts',(-108.59615629154,11.9024996478775,37.4383290063034));
#7546=CARTESIAN_POINT('Ctrl Pts',(-108.59615629154,11.9302363981073,37.4013609381076));
#7547=CARTESIAN_POINT('Ctrl Pts',(-108.59615629154,11.9596301438049,37.365650162124));
#7548=CARTESIAN_POINT('Ctrl Pts',(-108.59615629154,11.9753159606598,37.3465932954836));
#7549=CARTESIAN_POINT('Ctrl Pts',(-108.59615629154,11.9914738010107,37.3278947349275));
#7550=CARTESIAN_POINT('Ctrl Pts',(-108.59615629154,12.0080893888396,37.3095739998166));
#7551=CARTESIAN_POINT('Ctrl Pts',(-108.59615629154,12.0150899100259,37.3018550616958));
#7552=CARTESIAN_POINT('Ctrl Pts',(-108.59615629154,12.0221716860706,37.2942033589958));
#7553=CARTESIAN_POINT('Ctrl Pts',(-108.59615629154,12.0293237382579,37.2866305199263));
#7554=CARTESIAN_POINT('Ctrl Pts',(-108.59615629154,12.0699964342824,37.2435648691942));
#7555=CARTESIAN_POINT('Ctrl Pts',(-108.59615629154,12.113016787874,37.202959755356));
#7556=CARTESIAN_POINT('Ctrl Pts',(-108.59615629154,12.1581420800075,37.1650215389604));
#7557=CARTESIAN_POINT('Ctrl Pts',(-108.59615629154,12.2023510363972,37.1278537141143));
#7558=CARTESIAN_POINT('Ctrl Pts',(-108.59615629154,12.2485812576285,37.0932451326873));
#7559=CARTESIAN_POINT('Ctrl Pts',(-108.59615629154,12.2966275666909,37.061432827653));
#7560=CARTESIAN_POINT('Ctrl Pts',(-108.59615629154,12.3322049986747,37.0378763851147));
#7561=CARTESIAN_POINT('Ctrl Pts',(-108.59615629154,12.3687787442761,37.0158540164907));
#7562=CARTESIAN_POINT('Ctrl Pts',(-108.59615629154,12.4062694929018,36.9954797989594));
#7563=CARTESIAN_POINT('Ctrl Pts',(-108.59615629154,12.4253735174946,36.9850977829409));
#7564=CARTESIAN_POINT('Ctrl Pts',(-108.59615629154,12.4447156821174,36.9751439804452));
#7565=CARTESIAN_POINT('Ctrl Pts',(-108.59615629154,12.4642855736903,36.9656351819958));
#7566=CARTESIAN_POINT('Ctrl Pts',(-108.59615629154,12.4743505246752,36.9607447312766));
#7567=CARTESIAN_POINT('Ctrl Pts',(-108.59615629154,12.4844680430828,36.9559757917549));
#7568=CARTESIAN_POINT('Ctrl Pts',(-108.59615629154,12.4946306991836,36.9513326811953));
#7569=CARTESIAN_POINT('Ctrl Pts',(-108.59615629154,12.5453314494435,36.9281685411736));
#7570=CARTESIAN_POINT('Ctrl Pts',(-108.59615629154,12.5972003781675,36.9081100303201));
#7571=CARTESIAN_POINT('Ctrl Pts',(-108.59615629154,12.6500454711892,36.8913699067479));
#7572=CARTESIAN_POINT('Ctrl Pts',(-108.59615629154,12.6872659445684,36.8795793073156));
#7573=CARTESIAN_POINT('Ctrl Pts',(-108.59615629154,12.7249710667165,36.8694358359532));
#7574=CARTESIAN_POINT('Ctrl Pts',(-108.59615629154,12.7630959184991,36.8610292998655));
#7575=CARTESIAN_POINT('Ctrl Pts',(-108.59615629154,12.8170693938802,36.8491281396681));
#7576=CARTESIAN_POINT('Ctrl Pts',(-108.59615629154,12.8718851132299,36.8407066884262));
#7577=CARTESIAN_POINT('Ctrl Pts',(-108.59615629154,12.927227259643,36.835708152978));
#7578=CARTESIAN_POINT('Ctrl Pts',(-108.59615629154,12.9430168238275,36.8342820301873));
#7579=CARTESIAN_POINT('Ctrl Pts',(-108.59615629154,12.9588491528457,36.8331348119567));
#7580=CARTESIAN_POINT('Ctrl Pts',(-108.59615629154,12.9747166506502,36.8322658230687));
#7581=CARTESIAN_POINT('Ctrl Pts',(-108.59615629154,12.9869745334563,36.8315945159679));
#7582=CARTESIAN_POINT('Ctrl Pts',(-108.59615629154,12.9992561004888,36.8310893220586));
#7583=CARTESIAN_POINT('Ctrl Pts',(-108.59615629154,13.0115341045318,36.8307502721542));
#7584=CARTESIAN_POINT('Ctrl Pts',(-108.59615629154,13.0671678604099,36.8292139785065));
#7585=CARTESIAN_POINT('Ctrl Pts',(-108.59615629154,13.1228300663936,36.8310774029415));
#7586=CARTESIAN_POINT('Ctrl Pts',(-108.59615629154,13.1782045500106,36.8362322265194));
#7587=CARTESIAN_POINT('Ctrl Pts',(-108.59615629154,13.233540460474,36.8413834593134));
#7588=CARTESIAN_POINT('Ctrl Pts',(-108.59615629154,13.2885901889962,36.849821970974));
#7589=CARTESIAN_POINT('Ctrl Pts',(-108.59615629154,13.3430229321137,36.861488955951));
#7590=CARTESIAN_POINT('Ctrl Pts',(-108.59615629154,13.3764560313712,36.8686549271006));
#7591=CARTESIAN_POINT('Ctrl Pts',(-108.59615629154,13.4096559998378,36.8770397851396));
#7592=CARTESIAN_POINT('Ctrl Pts',(-108.59615629154,13.4425405352257,36.8866380080352));
#7593=CARTESIAN_POINT('Ctrl Pts',(-108.59615629154,13.4596193368653,36.8916229087793));
#7594=CARTESIAN_POINT('Ctrl Pts',(-108.59615629154,13.4766129722521,36.8969351879399));
#7595=CARTESIAN_POINT('Ctrl Pts',(-108.59615629154,13.4935092931283,36.9025746649315));
#7596=CARTESIAN_POINT('Ctrl Pts',(-108.59615629154,13.5061361985169,36.9067891411442));
#7597=CARTESIAN_POINT('Ctrl Pts',(-108.59615629154,13.5187105969084,36.9111871995209));
#7598=CARTESIAN_POINT('Ctrl Pts',(-108.59615629154,13.5312067846917,36.9157609290221));
#7599=CARTESIAN_POINT('Ctrl Pts',(-108.59615629154,13.5815525644776,36.9341879871187));
#7600=CARTESIAN_POINT('Ctrl Pts',(-108.59615629154,13.6307063013926,36.9554872605501));
#7601=CARTESIAN_POINT('Ctrl Pts',(-108.59615629154,13.6783552884617,36.9796138783773));
#7602=CARTESIAN_POINT('Ctrl Pts',(-108.59615629154,13.7104900627939,36.9958850200524));
#7603=CARTESIAN_POINT('Ctrl Pts',(-108.59615629154,13.7419399141143,37.013442962657));
#7604=CARTESIAN_POINT('Ctrl Pts',(-108.59615629154,13.7725992026492,37.0322832239141));
#7605=CARTESIAN_POINT('Ctrl Pts',(-108.59615629154,13.7864068358799,37.0407680723839));
#7606=CARTESIAN_POINT('Ctrl Pts',(-108.59615629154,13.8000571960333,37.0495154632963));
#7607=CARTESIAN_POINT('Ctrl Pts',(-108.59615629154,13.8135177737351,37.0585098823782));
#7608=CARTESIAN_POINT('Ctrl Pts',(-108.59615629154,13.8561076133612,37.0869686064178));
#7609=CARTESIAN_POINT('Ctrl Pts',(-108.59615629154,13.8968447565857,37.1179234294646));
#7610=CARTESIAN_POINT('Ctrl Pts',(-108.59615629154,13.9354291729114,37.1513501483694));
#7611=CARTESIAN_POINT('Ctrl Pts',(-108.59615629154,13.9568397902985,37.1698987427796));
#7612=CARTESIAN_POINT('Ctrl Pts',(-108.59615629154,13.9775868787979,37.1892090464335));
#7613=CARTESIAN_POINT('Ctrl Pts',(-108.59615629154,13.9976133180365,37.2092807709699));
#7614=CARTESIAN_POINT('Ctrl Pts',(-108.59615629154,14.0074472117875,37.2191369018644));
#7615=CARTESIAN_POINT('Ctrl Pts',(-108.59615629154,14.0171072636683,37.2291766757526));
#7616=CARTESIAN_POINT('Ctrl Pts',(-108.59615629154,14.0265910522357,37.2393943474535));
#7617=CARTESIAN_POINT('Origin',(-108.59615629154,124.899999999996,146.288434874627));
#7618=CARTESIAN_POINT('',(-108.59615629154,7.54999999999407,40.2884348746269));
#7619=CARTESIAN_POINT('',(-108.59615629154,32.5499999999941,40.2884348746269));
#7620=CARTESIAN_POINT('',(-108.59615629154,62.4499999999979,40.2884348746269));
#7621=CARTESIAN_POINT('',(-108.59615629154,32.5499999999941,35.6813549405038));
#7622=CARTESIAN_POINT('',(-108.59615629154,32.5499999999941,40.6813549405038));
#7623=CARTESIAN_POINT('',(-108.59615629154,7.54999999999408,35.6813549405038));
#7624=CARTESIAN_POINT('',(-108.59615629154,32.5499999999941,35.6813549405038));
#7625=CARTESIAN_POINT('',(-108.59615629154,7.54999999999407,40.6813549405038));
#7626=CARTESIAN_POINT('Ctrl Pts',(-108.59615629154,28.0271360335037,39.1388575191929));
#7627=CARTESIAN_POINT('Ctrl Pts',(-108.59615629154,27.9927230797785,39.1757074668171));
#7628=CARTESIAN_POINT('Ctrl Pts',(-108.59615629154,27.9560689708264,39.2101755380509));
#7629=CARTESIAN_POINT('Ctrl Pts',(-108.59615629154,27.9174943032437,39.242261922348));
#7630=CARTESIAN_POINT('Ctrl Pts',(-108.59615629154,27.8771754872769,39.2757990881767));
#7631=CARTESIAN_POINT('Ctrl Pts',(-108.59615629154,27.8347580559853,39.3067349391913));
#7632=CARTESIAN_POINT('Ctrl Pts',(-108.59615629154,27.7905583343348,39.335041556388));
#7633=CARTESIAN_POINT('Ctrl Pts',(-108.59615629154,27.7547300966576,39.3579868639803));
#7634=CARTESIAN_POINT('Ctrl Pts',(-108.59615629154,27.7177296099695,39.3792041442013));
#7635=CARTESIAN_POINT('Ctrl Pts',(-108.59615629154,27.679706747308,39.3986616549625));
#7636=CARTESIAN_POINT('Ctrl Pts',(-108.59615629154,27.6625892980967,39.4074211993239));
#7637=CARTESIAN_POINT('Ctrl Pts',(-108.59615629154,27.6452644529893,39.4158238718303));
#7638=CARTESIAN_POINT('Ctrl Pts',(-108.59615629154,27.6277450676996,39.4238656320232));
#7639=CARTESIAN_POINT('Ctrl Pts',(-108.59615629154,27.6197829844554,39.4275203929082));
#7640=CARTESIAN_POINT('Ctrl Pts',(-108.59615629154,27.6117826428761,39.4310996492585));
#7641=CARTESIAN_POINT('Ctrl Pts',(-108.59615629154,27.6037536906278,39.4345996040313));
#7642=CARTESIAN_POINT('Ctrl Pts',(-108.59615629154,27.5538483080082,39.4563541962481));
#7643=CARTESIAN_POINT('Ctrl Pts',(-108.59615629154,27.5027511213369,39.4750893523962));
#7644=CARTESIAN_POINT('Ctrl Pts',(-108.59615629154,27.4507947528759,39.4907798067165));
#7645=CARTESIAN_POINT('Ctrl Pts',(-108.59615629154,27.3978575130679,39.5067664772182));
#7646=CARTESIAN_POINT('Ctrl Pts',(-108.59615629154,27.3440274180988,39.5195929942714));
#7647=CARTESIAN_POINT('Ctrl Pts',(-108.59615629154,27.2896216854905,39.5291917955113));
#7648=CARTESIAN_POINT('Ctrl Pts',(-108.59615629154,27.2499658506347,39.5361882728775));
#7649=CARTESIAN_POINT('Ctrl Pts',(-108.59615629154,27.2100033967157,39.5414691010635));
#7650=CARTESIAN_POINT('Ctrl Pts',(-108.59615629154,27.1698504023009,39.5449920729451));
#7651=CARTESIAN_POINT('Ctrl Pts',(-108.59615629154,27.1541223325946,39.546372033472));
#7652=CARTESIAN_POINT('Ctrl Pts',(-108.59615629154,27.1383649885388,39.5474821264937));
#7653=CARTESIAN_POINT('Ctrl Pts',(-108.59615629154,27.1225852402862,39.5483191884326));
#7654=CARTESIAN_POINT('Ctrl Pts',(-108.59615629154,27.1114512691453,39.5489098077074));
#7655=CARTESIAN_POINT('Ctrl Pts',(-108.59615629154,27.1003140833953,39.5493640020489));
#7656=CARTESIAN_POINT('Ctrl Pts',(-108.59615629154,27.0891842439778,39.5496811030154));
#7657=CARTESIAN_POINT('Ctrl Pts',(-108.59615629154,27.0323661322231,39.5512999114704));
#7658=CARTESIAN_POINT('Ctrl Pts',(-108.59615629154,26.975676771836,39.5493531449971));
#7659=CARTESIAN_POINT('Ctrl Pts',(-108.59615629154,26.9194495701734,39.5437824556265));
#7660=CARTESIAN_POINT('Ctrl Pts',(-108.59615629154,26.8827471976618,39.5401461815389));
#7661=CARTESIAN_POINT('Ctrl Pts',(-108.59615629154,26.8462411476613,39.5349649103382));
#7662=CARTESIAN_POINT('Ctrl Pts',(-108.59615629154,26.8100205282704,39.5282109717162));
#7663=CARTESIAN_POINT('Ctrl Pts',(-108.59615629154,26.7559380394723,39.5181263896189));
#7664=CARTESIAN_POINT('Ctrl Pts',(-108.59615629154,26.7024913409094,39.5045382001995));
#7665=CARTESIAN_POINT('Ctrl Pts',(-108.59615629154,26.6498824345487,39.4876724843431));
#7666=CARTESIAN_POINT('Ctrl Pts',(-108.59615629154,26.6354192877986,39.4830357918066));
#7667=CARTESIAN_POINT('Ctrl Pts',(-108.59615629154,26.6210194952507,39.4781510823642));
#7668=CARTESIAN_POINT('Ctrl Pts',(-108.59615629154,26.6066873675919,39.4730223889125));
#7669=CARTESIAN_POINT('Ctrl Pts',(-108.59615629154,26.5944909435823,39.4686579483045));
#7670=CARTESIAN_POINT('Ctrl Pts',(-108.59615629154,26.5823402909461,39.4641153997209));
#7671=CARTESIAN_POINT('Ctrl Pts',(-108.59615629154,26.5702624153207,39.4594070195314));
#7672=CARTESIAN_POINT('Ctrl Pts',(-108.59615629154,26.5174307049118,39.4388113629455));
#7673=CARTESIAN_POINT('Ctrl Pts',(-108.59615629154,26.4659004155994,39.4150164825331));
#7674=CARTESIAN_POINT('Ctrl Pts',(-108.59615629154,26.4158781934479,39.3883080185257));
#7675=CARTESIAN_POINT('Ctrl Pts',(-108.59615629154,26.3646673960137,39.360964936167));
#7676=CARTESIAN_POINT('Ctrl Pts',(-108.59615629154,26.3150362858477,39.3305678183223));
#7677=CARTESIAN_POINT('Ctrl Pts',(-108.59615629154,26.2672123426159,39.2973676894271));
#7678=CARTESIAN_POINT('Ctrl Pts',(-108.59615629154,26.2373807356998,39.2766581216282));
#7679=CARTESIAN_POINT('Ctrl Pts',(-108.59615629154,26.2082524608889,39.2548568178669));
#7680=CARTESIAN_POINT('Ctrl Pts',(-108.59615629154,26.1798862620974,39.2320151688642));
#7681=CARTESIAN_POINT('Ctrl Pts',(-108.59615629154,26.1661115638577,39.2209232060452));
#7682=CARTESIAN_POINT('Ctrl Pts',(-108.59615629154,26.1525166232043,39.209585817044));
#7683=CARTESIAN_POINT('Ctrl Pts',(-108.59615629154,26.1391085141805,39.1980083366048));
#7684=CARTESIAN_POINT('Ctrl Pts',(-108.59615629154,26.1307049982831,39.1907521649292));
#7685=CARTESIAN_POINT('Ctrl Pts',(-108.59615629154,26.1223748773417,39.1834016750469));
#7686=CARTESIAN_POINT('Ctrl Pts',(-108.59615629154,26.1141199473492,39.1759581138877));
#7687=CARTESIAN_POINT('Ctrl Pts',(-108.59615629154,26.1056953726828,39.1683615822604));
#7688=CARTESIAN_POINT('Ctrl Pts',(-108.59615629154,26.0973555863214,39.1606739235652));
#7689=CARTESIAN_POINT('Ctrl Pts',(-108.59615629154,26.0891043478525,39.1528989871336));
#7690=CARTESIAN_POINT('Ctrl Pts',(-108.59615629154,26.0451464466451,39.1114785520264));
#7691=CARTESIAN_POINT('Ctrl Pts',(-108.59615629154,26.0036798260241,39.0675668191582));
#7692=CARTESIAN_POINT('Ctrl Pts',(-108.59615629154,25.9649549647314,39.0214194865324));
#7693=CARTESIAN_POINT('Ctrl Pts',(-108.59615629154,25.9378414248255,38.9891090404022));
#7694=CARTESIAN_POINT('Ctrl Pts',(-108.59615629154,25.912072260515,38.9557015519579));
#7695=CARTESIAN_POINT('Ctrl Pts',(-108.59615629154,25.8877419624449,38.9212721864078));
#7696=CARTESIAN_POINT('Ctrl Pts',(-108.59615629154,25.8782646317461,38.9078609868358));
#7697=CARTESIAN_POINT('Ctrl Pts',(-108.59615629154,25.8690046025243,38.8942926104705));
#7698=CARTESIAN_POINT('Ctrl Pts',(-108.59615629154,25.8599804395078,38.8805912658282));
#7699=CARTESIAN_POINT('Ctrl Pts',(-108.59615629154,25.8265441034609,38.8298250326696));
#7700=CARTESIAN_POINT('Ctrl Pts',(-108.59615629154,25.7963021641188,38.7771802694498));
#7701=CARTESIAN_POINT('Ctrl Pts',(-108.59615629154,25.7695175223541,38.7228949446793));
#7702=CARTESIAN_POINT('Ctrl Pts',(-108.59615629154,25.754096850443,38.6916413557672));
#7703=CARTESIAN_POINT('Ctrl Pts',(-108.59615629154,25.7398227056423,38.6598432245418));
#7704=CARTESIAN_POINT('Ctrl Pts',(-108.59615629154,25.7267511464434,38.6275407152377));
#7705=CARTESIAN_POINT('Ctrl Pts',(-108.59615629154,25.720410927413,38.6118727309442));
#7706=CARTESIAN_POINT('Ctrl Pts',(-108.59615629154,25.7143537059064,38.5960860339382));
#7707=CARTESIAN_POINT('Ctrl Pts',(-108.59615629154,25.7085774746014,38.5801876280925));
#7708=CARTESIAN_POINT('Ctrl Pts',(-108.59615629154,25.711275306349,37.7822275246129));
#7709=CARTESIAN_POINT('Ctrl Pts',(-108.59615629154,25.7324109608276,37.724384359439));
#7710=CARTESIAN_POINT('Ctrl Pts',(-108.59615629154,25.7572216340543,37.6681294571593));
#7711=CARTESIAN_POINT('Ctrl Pts',(-108.59615629154,25.785398079475,37.6136637722487));
#7712=CARTESIAN_POINT('Ctrl Pts',(-108.59615629154,25.8132171013491,37.5598889948666));
#7713=CARTESIAN_POINT('Ctrl Pts',(-108.59615629154,25.8443181455143,37.5078576742227));
#7714=CARTESIAN_POINT('Ctrl Pts',(-108.59615629154,25.87844851499,37.4577953449196));
#7715=CARTESIAN_POINT('Ctrl Pts',(-108.59615629154,25.9044299908134,37.4196857897513));
#7716=CARTESIAN_POINT('Ctrl Pts',(-108.59615629154,25.9321679364941,37.3827178160781));
#7717=CARTESIAN_POINT('Ctrl Pts',(-108.59615629154,25.9615629819237,37.3470071435065));
#7718=CARTESIAN_POINT('Ctrl Pts',(-108.59615629154,25.9772493226308,37.3279505382641));
#7719=CARTESIAN_POINT('Ctrl Pts',(-108.59615629154,25.9934077063131,37.3092522338848));
#7720=CARTESIAN_POINT('Ctrl Pts',(-108.59615629154,26.0100238510687,37.2909317482994));
#7721=CARTESIAN_POINT('Ctrl Pts',(-108.59615629154,26.0170247746614,37.2832127303413));
#7722=CARTESIAN_POINT('Ctrl Pts',(-108.59615629154,26.0241069599339,37.2755609492832));
#7723=CARTESIAN_POINT('Ctrl Pts',(-108.59615629154,26.0312594264264,37.267988034153));
#7724=CARTESIAN_POINT('Ctrl Pts',(-108.59615629154,26.0719338675293,37.2249225978086));
#7725=CARTESIAN_POINT('Ctrl Pts',(-108.59615629154,26.1149560653292,37.1843176961872));
#7726=CARTESIAN_POINT('Ctrl Pts',(-108.59615629154,26.1600832115462,37.1463796773947));
#7727=CARTESIAN_POINT('Ctrl Pts',(-108.59615629154,26.2042943444164,37.1092117434509));
#7728=CARTESIAN_POINT('Ctrl Pts',(-108.59615629154,26.2505267847241,37.0746030805497));
#7729=CARTESIAN_POINT('Ctrl Pts',(-108.59615629154,26.2985752657478,37.042790715458));
#7730=CARTESIAN_POINT('Ctrl Pts',(-108.59615629154,26.3341540580231,37.019234392651));
#7731=CARTESIAN_POINT('Ctrl Pts',(-108.59615629154,26.3707291242096,36.9972121341526));
#7732=CARTESIAN_POINT('Ctrl Pts',(-108.59615629154,26.4082211177224,36.9768380124599));
#7733=CARTESIAN_POINT('Ctrl Pts',(-108.59615629154,26.4273255084438,36.9664561910373));
#7734=CARTESIAN_POINT('Ctrl Pts',(-108.59615629154,26.4466680128296,36.9565025674033));
#7735=CARTESIAN_POINT('Ctrl Pts',(-108.59615629154,26.4662382132963,36.9469939307194));
#7736=CARTESIAN_POINT('Ctrl Pts',(-108.59615629154,26.4763035608059,36.9421034477257));
#7737=CARTESIAN_POINT('Ctrl Pts',(-108.59615629154,26.4864214710136,36.9373344765648));
#7738=CARTESIAN_POINT('Ctrl Pts',(-108.59615629154,26.4965845118426,36.9326913356833));
#7739=CARTESIAN_POINT('Ctrl Pts',(-108.59615629154,26.5472870318096,36.909527112769));
#7740=CARTESIAN_POINT('Ctrl Pts',(-108.59615629154,26.5991575599821,36.8894685280482));
#7741=CARTESIAN_POINT('Ctrl Pts',(-108.59615629154,26.6520039982446,36.8727283335152));
#7742=CARTESIAN_POINT('Ctrl Pts',(-108.59615629154,26.6892250106416,36.8609378134967));
#7743=CARTESIAN_POINT('Ctrl Pts',(-108.59615629154,26.7269305350396,36.8507943868798));
#7744=CARTESIAN_POINT('Ctrl Pts',(-108.59615629154,26.7650556237763,36.8423878559013));
#7745=CARTESIAN_POINT('Ctrl Pts',(-108.59615629154,26.8190296821755,36.8304866483498));
#7746=CARTESIAN_POINT('Ctrl Pts',(-108.59615629154,26.8738456608935,36.8220651022083));
#7747=CARTESIAN_POINT('Ctrl Pts',(-108.59615629154,26.9291877970809,36.8170664345656));
#7748=CARTESIAN_POINT('Ctrl Pts',(-108.59615629154,26.9449772794563,36.8156402811844));
#7749=CARTESIAN_POINT('Ctrl Pts',(-108.59615629154,26.9608095042819,36.8144930265399));
#7750=CARTESIAN_POINT('Ctrl Pts',(-108.59615629154,26.9766768768612,36.8136239956616));
#7751=CARTESIAN_POINT('Ctrl Pts',(-108.59615629154,26.9889347957444,36.8129526488486));
#7752=CARTESIAN_POINT('Ctrl Pts',(-108.59615629154,27.0012163868548,36.8124474154849));
#7753=CARTESIAN_POINT('Ctrl Pts',(-108.59615629154,27.0134944032992,36.8121083265727));
#7754=CARTESIAN_POINT('Ctrl Pts',(-108.59615629154,27.0691277981778,36.8105718676963));
#7755=CARTESIAN_POINT('Ctrl Pts',(-108.59615629154,27.1247894035252,36.8124350847251));
#7756=CARTESIAN_POINT('Ctrl Pts',(-108.59615629154,27.1801631077228,36.8175896702154));
#7757=CARTESIAN_POINT('Ctrl Pts',(-108.59615629154,27.2354982546683,36.8227406665173));
#7758=CARTESIAN_POINT('Ctrl Pts',(-108.59615629154,27.2905470408023,36.8311789128347));
#7759=CARTESIAN_POINT('Ctrl Pts',(-108.59615629154,27.3449787212334,36.8428456145813));
#7760=CARTESIAN_POINT('Ctrl Pts',(-108.59615629154,27.3784109495175,36.8500113649866));
#7761=CARTESIAN_POINT('Ctrl Pts',(-108.59615629154,27.4116100046406,36.8583959796191));
#7762=CARTESIAN_POINT('Ctrl Pts',(-108.59615629154,27.444493599593,36.8679939390827));
#7763=CARTESIAN_POINT('Ctrl Pts',(-108.59615629154,27.4615724065485,36.8729788471222));
#7764=CARTESIAN_POINT('Ctrl Pts',(-108.59615629154,27.4785660350263,36.878291147102));
#7765=CARTESIAN_POINT('Ctrl Pts',(-108.59615629154,27.4954623378965,36.8839306587861));
#7766=CARTESIAN_POINT('Ctrl Pts',(-108.59615629154,27.5080891082558,36.8881451203474));
#7767=CARTESIAN_POINT('Ctrl Pts',(-108.59615629154,27.5206633664835,36.8925431683219));
#7768=CARTESIAN_POINT('Ctrl Pts',(-108.59615629154,27.5331594095896,36.8971168917338));
#7769=CARTESIAN_POINT('Ctrl Pts',(-108.59615629154,27.5835042158923,36.915543782334));
#7770=CARTESIAN_POINT('Ctrl Pts',(-108.59615629154,27.6326569245791,36.936842913712));
#7771=CARTESIAN_POINT('Ctrl Pts',(-108.59615629154,27.6803048784789,36.9609694247176));
#7772=CARTESIAN_POINT('Ctrl Pts',(-108.59615629154,27.7124391155763,36.977240575135));
#7773=CARTESIAN_POINT('Ctrl Pts',(-108.59615629154,27.7438884206083,36.9947985552937));
#7774=CARTESIAN_POINT('Ctrl Pts',(-108.59615629154,27.7745471677379,37.0136388861258));
#7775=CARTESIAN_POINT('Ctrl Pts',(-108.59615629154,27.7883540620613,37.0221234616929));
#7776=CARTESIAN_POINT('Ctrl Pts',(-108.59615629154,27.8020036951401,37.0308705671455));
#7777=CARTESIAN_POINT('Ctrl Pts',(-108.59615629154,27.8154635619227,37.0398646895024));
#7778=CARTESIAN_POINT('Ctrl Pts',(-108.59615629154,27.8580526877442,37.0683235007893));
#7779=CARTESIAN_POINT('Ctrl Pts',(-108.59615629154,27.8987891443074,37.0992784787647));
#7780=CARTESIAN_POINT('Ctrl Pts',(-108.59615629154,27.9373729424047,37.1327054293647));
#7781=CARTESIAN_POINT('Ctrl Pts',(-108.59615629154,27.9587825884627,37.1512536080416));
#7782=CARTESIAN_POINT('Ctrl Pts',(-108.59615629154,27.9795287656303,37.1705634749366));
#7783=CARTESIAN_POINT('Ctrl Pts',(-108.59615629154,27.9995543658447,37.1906347434522));
#7784=CARTESIAN_POINT('Ctrl Pts',(-108.59615629154,28.0093880498597,37.2004908531443));
#7785=CARTESIAN_POINT('Ctrl Pts',(-108.59615629154,28.0190479023026,37.2105306087375));
#7786=CARTESIAN_POINT('Ctrl Pts',(-108.59615629154,28.0285315012433,37.2207482649672));
#7787=CARTESIAN_POINT('Origin',(-109.700368015128,27.2019247345675,38.1807413664703));
#7788=CARTESIAN_POINT('Ctrl Pts',(-108.450368015128,27.2029153978691,36.6360013122819));
#7789=CARTESIAN_POINT('Ctrl Pts',(-108.447114342972,27.2658138207737,36.6355264042913));
#7790=CARTESIAN_POINT('Ctrl Pts',(-108.417498892244,27.8378458526296,36.6675313850321));
#7791=CARTESIAN_POINT('Ctrl Pts',(-108.361521662945,28.8388319322318,37.3812916699006));
#7792=CARTESIAN_POINT('Ctrl Pts',(-108.282436327232,28.7647708677922,39.1165237024432));
#7793=CARTESIAN_POINT('Ctrl Pts',(-108.203350991519,27.2702098055039,40.0010661772863));
#7794=CARTESIAN_POINT('Ctrl Pts',(-108.124265655806,25.7135115044806,39.2309437756117));
#7795=CARTESIAN_POINT('Ctrl Pts',(-108.045180320094,25.5098237267918,37.5061673925973));
#7796=CARTESIAN_POINT('Ctrl Pts',(-107.987214439868,26.487899680602,36.6914317098326));
#7797=CARTESIAN_POINT('Ctrl Pts',(-107.955610338213,27.099049236047,36.6361534052337));
#7798=CARTESIAN_POINT('Ctrl Pts',(-107.950368015128,27.2005892069745,36.6370752805106));
#7799=CARTESIAN_POINT('Ctrl Pts',(-108.491944567951,27.2008201622895,36.6393714724118));
#7800=CARTESIAN_POINT('Ctrl Pts',(-108.473958252005,27.5500934740359,36.6418946639179));
#7801=CARTESIAN_POINT('Ctrl Pts',(-108.429610157489,28.4160275760525,36.9312150522041));
#7802=CARTESIAN_POINT('Ctrl Pts',(-108.358900284401,29.0140294233771,38.3649100347979));
#7803=CARTESIAN_POINT('Ctrl Pts',(-108.279814948688,28.036574717373,39.7997871120517));
#7804=CARTESIAN_POINT('Ctrl Pts',(-108.200729612976,26.300040310448,39.763520065362));
#7805=CARTESIAN_POINT('Ctrl Pts',(-108.121644277263,25.3835127175219,38.2882264603214));
#7806=CARTESIAN_POINT('Ctrl Pts',(-108.052049262255,26.0314907505481,36.9040993792509));
#7807=CARTESIAN_POINT('Ctrl Pts',(-108.008816025817,26.8749593564381,36.6413489561809));
#7808=CARTESIAN_POINT('Ctrl Pts',(-107.991944567951,27.2029555432833,36.6393125056036));
#7809=CARTESIAN_POINT('Ctrl Pts',(-108.59615629154,28.0271360335037,39.1388575191929));
#7810=CARTESIAN_POINT('Ctrl Pts',(-108.569794512969,27.7097390947391,39.4122268172389));
#7811=CARTESIAN_POINT('Ctrl Pts',(-108.517070955827,26.7865246654205,39.6134099439418));
#7812=CARTESIAN_POINT('Ctrl Pts',(-108.437985620114,25.7725051288653,38.6137854440726));
#7813=CARTESIAN_POINT('Ctrl Pts',(-108.358900284401,26.0601019368877,37.2193125271983));
#7814=CARTESIAN_POINT('Ctrl Pts',(-108.279814948688,27.3844302218565,36.6991872524991));
#7815=CARTESIAN_POINT('Ctrl Pts',(-108.200729612976,28.543382382945,37.525586381822));
#7816=CARTESIAN_POINT('Ctrl Pts',(-108.121644277263,28.4826887886586,38.9476219651985));
#7817=CARTESIAN_POINT('Ctrl Pts',(-108.04255894155,27.2578848591295,39.6725111158396));
#7818=CARTESIAN_POINT('Ctrl Pts',(-107.963473605837,25.9821589993472,39.0413900679345));
#7819=CARTESIAN_POINT('Ctrl Pts',(-107.884388270124,25.8152353474434,37.6279229672724));
#7820=CARTESIAN_POINT('Ctrl Pts',(-107.805302934411,26.9088114641649,36.7169758361816));
#7821=CARTESIAN_POINT('Ctrl Pts',(-107.726217598699,28.26883681942,37.1366036743325));
#7822=CARTESIAN_POINT('Ctrl Pts',(-107.647132262986,28.6590246074121,38.5053574464945));
#7823=CARTESIAN_POINT('Ctrl Pts',(-107.568046927273,27.7247048087571,39.5790423462954));
#7824=CARTESIAN_POINT('Ctrl Pts',(-107.48896159156,26.3151581107182,39.3816383127156));
#7825=CARTESIAN_POINT('Ctrl Pts',(-107.409876255847,25.7117222408253,38.0926565062366));
#7826=CARTESIAN_POINT('Ctrl Pts',(-107.330790920135,26.4628236426536,36.8836421982369));
#7827=CARTESIAN_POINT('Ctrl Pts',(-107.251705584422,27.8859266907845,36.8539210435152));
#7828=CARTESIAN_POINT('Ctrl Pts',(-107.172620248709,28.6869585932406,38.0298137252666));
#7829=CARTESIAN_POINT('Ctrl Pts',(-107.093534912996,28.1388437230635,39.3439053236612));
#7830=CARTESIAN_POINT('Ctrl Pts',(-107.014449577283,26.7378734211372,39.5983988881677));
#7831=CARTESIAN_POINT('Ctrl Pts',(-106.961726020141,26.0885148661508,38.9120076003166));
#7832=CARTESIAN_POINT('Ctrl Pts',(-106.93536424157,25.9803264183126,38.5073264300039));
#7833=CARTESIAN_POINT('Ctrl Pts',(-108.649753641529,28.0877189639779,39.2091976664272));
#7834=CARTESIAN_POINT('Ctrl Pts',(-108.623391862958,27.7470203124293,39.5026363857216));
#7835=CARTESIAN_POINT('Ctrl Pts',(-108.570668305817,26.7560280477172,39.7185893821455));
#7836=CARTESIAN_POINT('Ctrl Pts',(-108.491582970104,25.6675642140932,38.6455773975753));
#7837=CARTESIAN_POINT('Ctrl Pts',(-108.412497634391,25.9762749567497,37.1487291789085));
#7838=CARTESIAN_POINT('Ctrl Pts',(-108.333412298678,27.3978288717075,36.5904188800882));
#7839=CARTESIAN_POINT('Ctrl Pts',(-108.254326962965,28.6418655660406,37.4774881445149));
#7840=CARTESIAN_POINT('Ctrl Pts',(-108.175241627253,28.5767161483698,39.0039225442801));
#7841=CARTESIAN_POINT('Ctrl Pts',(-108.09615629154,27.2619931745876,39.7820294696552));
#7842=CARTESIAN_POINT('Ctrl Pts',(-108.017070955827,25.8926098343916,39.1045746371602));
#7843=CARTESIAN_POINT('Ctrl Pts',(-107.937985620114,25.7134314738929,37.587337775714));
#7844=CARTESIAN_POINT('Ctrl Pts',(-107.858900284401,26.887292538158,36.6095134135679));
#7845=CARTESIAN_POINT('Ctrl Pts',(-107.779814948688,28.3471642256758,37.0599482513035));
#7846=CARTESIAN_POINT('Ctrl Pts',(-107.700729612976,28.7659976704376,38.5291891529099));
#7847=CARTESIAN_POINT('Ctrl Pts',(-107.621644277263,27.7630847351211,39.6816986855286));
#7848=CARTESIAN_POINT('Ctrl Pts',(-107.54255894155,26.2500560928608,39.4698022245462));
#7849=CARTESIAN_POINT('Ctrl Pts',(-107.463473605837,25.6023189471632,38.0861897516366));
#7850=CARTESIAN_POINT('Ctrl Pts',(-107.384388270124,26.4085624975111,36.7884155952705));
#7851=CARTESIAN_POINT('Ctrl Pts',(-107.305302934412,27.9361427300111,36.7565124604275));
#7852=CARTESIAN_POINT('Ctrl Pts',(-107.226217598699,28.7959824312901,38.0187333646299));
#7853=CARTESIAN_POINT('Ctrl Pts',(-107.147132262986,28.2076276793825,39.4292990661359));
#7854=CARTESIAN_POINT('Ctrl Pts',(-107.068046927273,26.703805069802,39.7024762889302));
#7855=CARTESIAN_POINT('Ctrl Pts',(-107.015323370131,26.0067738226938,38.9656935489461));
#7856=CARTESIAN_POINT('Ctrl Pts',(-106.98896159156,25.890642714325,38.5313026894461));
#7857=CARTESIAN_POINT('Ctrl Pts',(-108.703350991519,28.1483018944521,39.2795378136615));
#7858=CARTESIAN_POINT('Ctrl Pts',(-108.676989212948,27.7843015301196,39.5930459542043));
#7859=CARTESIAN_POINT('Ctrl Pts',(-108.624265655806,26.725531430014,39.8237688203493));
#7860=CARTESIAN_POINT('Ctrl Pts',(-108.545180320094,25.5626232993211,38.6773693510779));
#7861=CARTESIAN_POINT('Ctrl Pts',(-108.466094984381,25.8924479766116,37.0781458306188));
#7862=CARTESIAN_POINT('Ctrl Pts',(-108.387009648668,27.4112275215586,36.4816505076772));
#7863=CARTESIAN_POINT('Ctrl Pts',(-108.307924312955,28.7403487491362,37.4293899072078));
#7864=CARTESIAN_POINT('Ctrl Pts',(-108.228838977242,28.670743508081,39.0602231233616));
#7865=CARTESIAN_POINT('Ctrl Pts',(-108.149753641529,27.2661014900458,39.8915478234708));
#7866=CARTESIAN_POINT('Ctrl Pts',(-108.070668305817,25.8030606694361,39.1677592063859));
#7867=CARTESIAN_POINT('Ctrl Pts',(-107.991582970104,25.6116276003423,37.5467525841557));
#7868=CARTESIAN_POINT('Ctrl Pts',(-107.912497634391,26.8657736121511,36.5020509909541));
#7869=CARTESIAN_POINT('Ctrl Pts',(-107.833412298678,28.4254916319317,36.9832928282745));
#7870=CARTESIAN_POINT('Ctrl Pts',(-107.754326962965,28.8729707334631,38.5530208593253));
#7871=CARTESIAN_POINT('Ctrl Pts',(-107.675241627253,27.8014646614851,39.7843550247619));
#7872=CARTESIAN_POINT('Ctrl Pts',(-107.59615629154,26.1849540750034,39.5579661363768));
#7873=CARTESIAN_POINT('Ctrl Pts',(-107.517070955827,25.4929156535011,38.0797229970366));
#7874=CARTESIAN_POINT('Ctrl Pts',(-107.437985620114,26.3543013523686,36.6931889923041));
#7875=CARTESIAN_POINT('Ctrl Pts',(-107.358900284401,27.9863587692378,36.6591038773399));
#7876=CARTESIAN_POINT('Ctrl Pts',(-107.279814948688,28.9050062693395,38.0076530039932));
#7877=CARTESIAN_POINT('Ctrl Pts',(-107.200729612976,28.2764116357015,39.5146928086105));
#7878=CARTESIAN_POINT('Ctrl Pts',(-107.121644277263,26.6697367184667,39.8065536896928));
#7879=CARTESIAN_POINT('Ctrl Pts',(-107.068920720121,25.9250327792368,39.0193794975757));
#7880=CARTESIAN_POINT('Ctrl Pts',(-107.04255894155,25.8009590103374,38.5552789488883));
#7881=CARTESIAN_POINT('Ctrl Pts',(-108.756948341509,28.2088848249263,39.3498779608957));
#7882=CARTESIAN_POINT('Ctrl Pts',(-108.730586562938,27.8215827478098,39.683455522687));
#7883=CARTESIAN_POINT('Ctrl Pts',(-108.677863005796,26.6950348123107,39.928948258553));
#7884=CARTESIAN_POINT('Ctrl Pts',(-108.598777670083,25.4576823845489,38.7091613045806));
#7885=CARTESIAN_POINT('Ctrl Pts',(-108.51969233437,25.8086209964735,37.007562482329));
#7886=CARTESIAN_POINT('Ctrl Pts',(-108.440606998658,27.4246261714096,36.3728821352663));
#7887=CARTESIAN_POINT('Ctrl Pts',(-108.361521662945,28.8388319322318,37.3812916699006));
#7888=CARTESIAN_POINT('Ctrl Pts',(-108.282436327232,28.7647708677922,39.1165237024432));
#7889=CARTESIAN_POINT('Ctrl Pts',(-108.203350991519,27.2702098055039,40.0010661772863));
#7890=CARTESIAN_POINT('Ctrl Pts',(-108.124265655806,25.7135115044806,39.2309437756117));
#7891=CARTESIAN_POINT('Ctrl Pts',(-108.045180320094,25.5098237267918,37.5061673925973));
#7892=CARTESIAN_POINT('Ctrl Pts',(-107.966094984381,26.8442546861442,36.3945885683403));
#7893=CARTESIAN_POINT('Ctrl Pts',(-107.887009648668,28.5038190381875,36.9066374052456));
#7894=CARTESIAN_POINT('Ctrl Pts',(-107.807924312955,28.9799437964886,38.5768525657407));
#7895=CARTESIAN_POINT('Ctrl Pts',(-107.728838977242,27.8398445878491,39.8870113639951));
#7896=CARTESIAN_POINT('Ctrl Pts',(-107.64975364153,26.119852057146,39.6461300482074));
#7897=CARTESIAN_POINT('Ctrl Pts',(-107.570668305817,25.383512359839,38.0732562424366));
#7898=CARTESIAN_POINT('Ctrl Pts',(-107.491582970104,26.3000402072261,36.5979623893378));
#7899=CARTESIAN_POINT('Ctrl Pts',(-107.412497634391,28.0365748084645,36.5616952942522));
#7900=CARTESIAN_POINT('Ctrl Pts',(-107.333412298678,29.0140301073889,37.9965726433565));
#7901=CARTESIAN_POINT('Ctrl Pts',(-107.254326962965,28.3451955920205,39.6000865510852));
#7902=CARTESIAN_POINT('Ctrl Pts',(-107.175241627253,26.6356683671314,39.9106310904554));
#7903=CARTESIAN_POINT('Ctrl Pts',(-107.122518070111,25.8432917357799,39.0730654462052));
#7904=CARTESIAN_POINT('Ctrl Pts',(-107.09615629154,25.7112753063498,38.5792552083305));
#7905=CARTESIAN_POINT('Ctrl Pts',(-107.09615629154,25.7112753063498,38.5792552083305));
#7906=CARTESIAN_POINT('Ctrl Pts',(-107.09615629154,25.7324109608284,38.6370983735044));
#7907=CARTESIAN_POINT('Ctrl Pts',(-107.09615629154,25.757221648662,38.6933532742412));
#7908=CARTESIAN_POINT('Ctrl Pts',(-107.09615629154,25.7853981200053,38.7478189564721));
#7909=CARTESIAN_POINT('Ctrl Pts',(-107.09615629154,25.8132171648293,38.8015937260978));
#7910=CARTESIAN_POINT('Ctrl Pts',(-107.09615629154,25.8443182423604,38.8536250382066));
#7911=CARTESIAN_POINT('Ctrl Pts',(-107.09615629154,25.8784486526646,38.9036873586384));
#7912=CARTESIAN_POINT('Ctrl Pts',(-107.09615629154,25.9044301624431,38.9417969112702));
#7913=CARTESIAN_POINT('Ctrl Pts',(-107.09615629154,25.9321681467952,38.9787648819595));
#7914=CARTESIAN_POINT('Ctrl Pts',(-107.09615629154,25.9615632342834,39.0144755512626));
#7915=CARTESIAN_POINT('Ctrl Pts',(-107.09615629154,25.977249591896,39.0335321480323));
#7916=CARTESIAN_POINT('Ctrl Pts',(-107.09615629154,25.9934079931151,39.0522304441108));
#7917=CARTESIAN_POINT('Ctrl Pts',(-107.09615629154,26.0100241558495,39.0705509216132));
#7918=CARTESIAN_POINT('Ctrl Pts',(-107.09615629154,26.0170250925256,39.0782699422391));
#7919=CARTESIAN_POINT('Ctrl Pts',(-107.09615629154,26.0241072911048,39.0859217259164));
#7920=CARTESIAN_POINT('Ctrl Pts',(-107.09615629154,26.0312597710704,39.09349464359));
#7921=CARTESIAN_POINT('Ctrl Pts',(-107.09615629154,26.071934268594,39.1365600730138));
#7922=CARTESIAN_POINT('Ctrl Pts',(-107.09615629154,26.114956526042,39.1771649677947));
#7923=CARTESIAN_POINT('Ctrl Pts',(-107.09615629154,26.1600837322617,39.2151029802241));
#7924=CARTESIAN_POINT('Ctrl Pts',(-107.09615629154,26.2042949355221,39.2522709176906));
#7925=CARTESIAN_POINT('Ctrl Pts',(-107.09615629154,26.2505274476277,39.2868795832303));
#7926=CARTESIAN_POINT('Ctrl Pts',(-107.09615629154,26.2985759989696,39.3186919502729));
#7927=CARTESIAN_POINT('Ctrl Pts',(-107.09615629154,26.3341548354525,39.3422482693197));
#7928=CARTESIAN_POINT('Ctrl Pts',(-107.09615629154,26.3707299445955,39.3642705243576));
#7929=CARTESIAN_POINT('Ctrl Pts',(-107.09615629154,26.4082219786546,39.3846446430378));
#7930=CARTESIAN_POINT('Ctrl Pts',(-107.09615629154,26.427326381247,39.3950264581488));
#7931=CARTESIAN_POINT('Ctrl Pts',(-107.09615629154,26.4466688966583,39.4049800759817));
#7932=CARTESIAN_POINT('Ctrl Pts',(-107.09615629154,26.4662391071599,39.4144887074186));
#7933=CARTESIAN_POINT('Ctrl Pts',(-107.09615629154,26.4763044677617,39.4193791915672));
#7934=CARTESIAN_POINT('Ctrl Pts',(-107.09615629154,26.4864223909145,39.4241481638574));
#7935=CARTESIAN_POINT('Ctrl Pts',(-107.09615629154,26.4965854444638,39.4287913058196));
#7936=CARTESIAN_POINT('Ctrl Pts',(-107.09615629154,26.5472880218962,39.4519555313864));
#7937=CARTESIAN_POINT('Ctrl Pts',(-107.09615629154,26.5991586020854,39.4720141184662));
#7938=CARTESIAN_POINT('Ctrl Pts',(-107.09615629154,26.6520050842138,39.4887543152586));
#7939=CARTESIAN_POINT('Ctrl Pts',(-107.09615629154,26.6892261146293,39.5005448327894));
#7940=CARTESIAN_POINT('Ctrl Pts',(-107.09615629154,26.7269316526664,39.5106882580074));
#7941=CARTESIAN_POINT('Ctrl Pts',(-107.09615629154,26.7650567497432,39.5190947888332));
#7942=CARTESIAN_POINT('Ctrl Pts',(-107.09615629154,26.8083319359943,39.5286369071516));
#7943=CARTESIAN_POINT('Ctrl Pts',(-107.09615629154,26.8521480785243,39.5359412865913));
#7944=CARTESIAN_POINT('Ctrl Pts',(-107.09615629154,26.8963431275912,39.5410394666219));
#7945=CARTESIAN_POINT('Ctrl Pts',(-107.09615629154,26.9173299644632,39.5434604317506));
#7946=CARTESIAN_POINT('Ctrl Pts',(-107.09615629154,26.9384021808886,39.5453836245603));
#7947=CARTESIAN_POINT('Ctrl Pts',(-107.09615629154,26.9595419084263,39.546810995005));
#7948=CARTESIAN_POINT('Ctrl Pts',(-107.09615629154,26.9695703837786,39.5474881252707));
#7949=CARTESIAN_POINT('Ctrl Pts',(-107.09615629154,26.9796140460247,39.5480536598899));
#7950=CARTESIAN_POINT('Ctrl Pts',(-107.09615629154,26.9896709499019,39.5485077387709));
#7951=CARTESIAN_POINT('Ctrl Pts',(-107.09615629154,27.0002361493904,39.5489847676875));
#7952=CARTESIAN_POINT('Ctrl Pts',(-107.09615629154,27.010808083906,39.54933838946));
#7953=CARTESIAN_POINT('Ctrl Pts',(-107.09615629154,27.0213785826005,39.5495692731909));
#7954=CARTESIAN_POINT('Ctrl Pts',(-107.09615629154,27.0768791608178,39.5507815320382));
#7955=CARTESIAN_POINT('Ctrl Pts',(-107.09615629154,27.1323930892966,39.5486168178942));
#7956=CARTESIAN_POINT('Ctrl Pts',(-107.09615629154,27.1876062271062,39.543180243348));
#7957=CARTESIAN_POINT('Ctrl Pts',(-107.09615629154,27.2425808637116,39.5377671528786));
#7958=CARTESIAN_POINT('Ctrl Pts',(-107.09615629154,27.297258402815,39.5291099274469));
#7959=CARTESIAN_POINT('Ctrl Pts',(-107.09615629154,27.3513130705243,39.5172644224946));
#7960=CARTESIAN_POINT('Ctrl Pts',(-107.09615629154,27.3904534626181,39.5086872222632));
#7961=CARTESIAN_POINT('Ctrl Pts',(-107.09615629154,27.429267004377,39.4984373794589));
#7962=CARTESIAN_POINT('Ctrl Pts',(-107.09615629154,27.467619981706,39.4865224083689));
#7963=CARTESIAN_POINT('Ctrl Pts',(-107.09615629154,27.4798786212295,39.4827140642533));
#7964=CARTESIAN_POINT('Ctrl Pts',(-107.09615629154,27.4920901284282,39.4787355268806));
#7965=CARTESIAN_POINT('Ctrl Pts',(-107.09615629154,27.5042498927031,39.474586818497));
#7966=CARTESIAN_POINT('Ctrl Pts',(-107.09615629154,27.5135910004559,39.4713997886196));
#7967=CARTESIAN_POINT('Ctrl Pts',(-107.09615629154,27.5228998399044,39.4681128561242));
#7968=CARTESIAN_POINT('Ctrl Pts',(-107.09615629154,27.5321658583838,39.464729390069));
#7969=CARTESIAN_POINT('Ctrl Pts',(-107.09615629154,27.5824721330453,39.446360165675));
#7970=CARTESIAN_POINT('Ctrl Pts',(-107.09615629154,27.6315908173352,39.4251244507128));
#7971=CARTESIAN_POINT('Ctrl Pts',(-107.09615629154,27.6792104923868,39.4010672355245));
#7972=CARTESIAN_POINT('Ctrl Pts',(-107.09615629154,27.7185690979151,39.3811834702178));
#7973=CARTESIAN_POINT('Ctrl Pts',(-107.09615629154,27.7569034824052,39.3593713800512));
#7974=CARTESIAN_POINT('Ctrl Pts',(-107.09615629154,27.7940180971856,39.3356379312437));
#7975=CARTESIAN_POINT('Ctrl Pts',(-107.09615629154,27.8373345208634,39.3079386507861));
#7976=CARTESIAN_POINT('Ctrl Pts',(-107.09615629154,27.8788348054178,39.2777225839873));
#7977=CARTESIAN_POINT('Ctrl Pts',(-107.09615629154,27.9182229648475,39.245019374969));
#7978=CARTESIAN_POINT('Ctrl Pts',(-107.09615629154,27.9464606900939,39.221574150711));
#7979=CARTESIAN_POINT('Ctrl Pts',(-107.09615629154,27.9736122387228,39.1968498902959));
#7980=CARTESIAN_POINT('Ctrl Pts',(-107.09615629154,27.9995549049249,39.1708480458334));
#7981=CARTESIAN_POINT('Ctrl Pts',(-107.09615629154,28.0093885821895,39.1609919367991));
#7982=CARTESIAN_POINT('Ctrl Pts',(-107.09615629154,28.0190484282054,39.1509521817711));
#7983=CARTESIAN_POINT('Ctrl Pts',(-107.09615629154,28.0285320210273,39.1407345260167));
#7984=CARTESIAN_POINT('Ctrl Pts',(-107.789575965159,27.2008302597513,36.915695504062));
#7985=CARTESIAN_POINT('Ctrl Pts',(-107.794818288243,27.1176174967975,36.9149400204018));
#7986=CARTESIAN_POINT('Ctrl Pts',(-107.800060611327,27.0345405091465,36.92245431046));
#7987=CARTESIAN_POINT('Ctrl Pts',(-107.805302934411,26.9532196705872,36.9387383310552));
#7988=CARTESIAN_POINT('Ctrl Pts',(-107.831664712982,26.5442860919244,37.0206248798786));
#7989=CARTESIAN_POINT('Ctrl Pts',(-107.858026491553,26.1797607196839,37.3242739235755));
#7990=CARTESIAN_POINT('Ctrl Pts',(-107.884388270124,26.0253186422143,37.7116762955343));
#7991=CARTESIAN_POINT('Ctrl Pts',(-107.910750048695,25.8708765647447,38.0990786674931));
#7992=CARTESIAN_POINT('Ctrl Pts',(-107.937111827266,25.9265177820459,38.5702343677138));
#7993=CARTESIAN_POINT('Ctrl Pts',(-107.963473605837,26.1669593673269,38.9109990591417));
#7994=CARTESIAN_POINT('Ctrl Pts',(-107.989835384408,26.407400952608,39.2517637505695));
#7995=CARTESIAN_POINT('Ctrl Pts',(-108.016197162979,26.8326429058687,39.4621374332046));
#7996=CARTESIAN_POINT('Ctrl Pts',(-108.04255894155,27.249397870754,39.4465094160819));
#7997=CARTESIAN_POINT('Ctrl Pts',(-108.068920720121,27.6661528356392,39.4308813989593));
#7998=CARTESIAN_POINT('Ctrl Pts',(-108.095282498692,28.0744208121489,39.1892516820789));
#7999=CARTESIAN_POINT('Ctrl Pts',(-108.121644277263,28.2886703994515,38.831430893076));
#8000=CARTESIAN_POINT('Ctrl Pts',(-108.148006055834,28.5029199867541,38.4736101040731));
#8001=CARTESIAN_POINT('Ctrl Pts',(-108.174367834405,28.5231511848496,37.9995982429475));
#8002=CARTESIAN_POINT('Ctrl Pts',(-108.200729612976,28.3401080903825,37.6248591241643));
#8003=CARTESIAN_POINT('Ctrl Pts',(-108.227091391547,28.1570649959155,37.2501200053811));
#8004=CARTESIAN_POINT('Ctrl Pts',(-108.253453170117,27.770747608886,36.9746536289401));
#8005=CARTESIAN_POINT('Ctrl Pts',(-108.279814948688,27.3568675345431,36.9236079865028));
#8006=CARTESIAN_POINT('Ctrl Pts',(-108.283068620845,27.30578486307,36.9173077368788));
#8007=CARTESIAN_POINT('Ctrl Pts',(-108.286322293002,27.2542823168797,36.9144261884565));
#8008=CARTESIAN_POINT('Ctrl Pts',(-108.289575965159,27.2027365905266,36.9148153790943));
#8009=CARTESIAN_POINT('Ctrl Pts',(-108.59615629154,25.711275306349,37.7822275246129));
#8010=CARTESIAN_POINT('Ctrl Pts',(-108.569794512969,25.8432917357782,37.2884172867379));
#8011=CARTESIAN_POINT('Ctrl Pts',(-108.517070955827,26.6356663358107,36.4508514279434));
#8012=CARTESIAN_POINT('Ctrl Pts',(-108.437985620114,28.3451952876686,36.7613963519509));
#8013=CARTESIAN_POINT('Ctrl Pts',(-108.358900284401,29.0140294233771,38.3649100347979));
#8014=CARTESIAN_POINT('Ctrl Pts',(-108.279814948688,28.036574717373,39.7997871120517));
#8015=CARTESIAN_POINT('Ctrl Pts',(-108.200729612976,26.300040310448,39.763520065362));
#8016=CARTESIAN_POINT('Ctrl Pts',(-108.121644277263,25.3835127175219,38.2882264603214));
#8017=CARTESIAN_POINT('Ctrl Pts',(-108.04255894155,26.119852242276,36.7153529597877));
#8018=CARTESIAN_POINT('Ctrl Pts',(-107.963473605837,27.8398444771202,36.4744716791996));
#8019=CARTESIAN_POINT('Ctrl Pts',(-107.884388270124,28.9799434659995,37.7846302418144));
#8020=CARTESIAN_POINT('Ctrl Pts',(-107.805302934411,28.5038188013929,39.4548450925197));
#8021=CARTESIAN_POINT('Ctrl Pts',(-107.726217598699,26.8442547492698,39.9668938368898));
#8022=CARTESIAN_POINT('Ctrl Pts',(-107.647132262986,25.5098240418696,38.8553152157787));
#8023=CARTESIAN_POINT('Ctrl Pts',(-107.568046927273,25.7135117707677,37.1305391512612));
#8024=CARTESIAN_POINT('Ctrl Pts',(-107.48896159156,27.2702098075308,36.3604168872019));
#8025=CARTESIAN_POINT('Ctrl Pts',(-107.409876255847,28.7647705552822,37.2449592070922));
#8026=CARTESIAN_POINT('Ctrl Pts',(-107.330790920135,28.8388316901834,38.9801908913251));
#8027=CARTESIAN_POINT('Ctrl Pts',(-107.251705584422,27.4246260626287,39.9886002764968));
#8028=CARTESIAN_POINT('Ctrl Pts',(-107.172620248709,25.8086215307058,39.3539198199497));
#8029=CARTESIAN_POINT('Ctrl Pts',(-107.093534912996,25.4576827318277,37.6523213974045));
#8030=CARTESIAN_POINT('Ctrl Pts',(-107.014449577283,26.6950363695994,36.4325331526012));
#8031=CARTESIAN_POINT('Ctrl Pts',(-106.961726020141,27.8215827478071,36.6780272102526));
#8032=CARTESIAN_POINT('Ctrl Pts',(-106.93536424157,28.2088848249241,37.0116047720431));
#8033=CARTESIAN_POINT('Ctrl Pts',(-108.649753641529,25.8009590103367,37.8062037840549));
#8034=CARTESIAN_POINT('Ctrl Pts',(-108.623391862958,25.9250327792353,37.3421032353673));
#8035=CARTESIAN_POINT('Ctrl Pts',(-108.570668305817,26.6697348093587,36.5549288416137));
#8036=CARTESIAN_POINT('Ctrl Pts',(-108.491582970104,28.2764113496606,36.8467900841919));
#8037=CARTESIAN_POINT('Ctrl Pts',(-108.412497634391,28.9050056264807,38.3538296774574));
#8038=CARTESIAN_POINT('Ctrl Pts',(-108.333412298678,27.9863586836267,39.7023785486159));
#8039=CARTESIAN_POINT('Ctrl Pts',(-108.254326962965,26.3543014493802,39.6682934791358));
#8040=CARTESIAN_POINT('Ctrl Pts',(-108.175241627253,25.4929159896643,38.2817597075373));
#8041=CARTESIAN_POINT('Ctrl Pts',(-108.09615629154,26.1849542489952,36.8035168550699));
#8042=CARTESIAN_POINT('Ctrl Pts',(-108.017070955827,27.8014645574181,36.5771279997667));
#8043=CARTESIAN_POINT('Ctrl Pts',(-107.937985620114,28.8729704228576,37.8084619437407));
#8044=CARTESIAN_POINT('Ctrl Pts',(-107.858900284401,28.4254914093836,39.3781896836399));
#8045=CARTESIAN_POINT('Ctrl Pts',(-107.779814948688,26.8657736714788,39.8594314339924));
#8046=CARTESIAN_POINT('Ctrl Pts',(-107.700729612976,25.6116278964638,38.8147300317147));
#8047=CARTESIAN_POINT('Ctrl Pts',(-107.621644277263,25.8030609197023,37.1937237088191));
#8048=CARTESIAN_POINT('Ctrl Pts',(-107.54255894155,27.2661014919507,36.4699352210701));
#8049=CARTESIAN_POINT('Ctrl Pts',(-107.463473605837,28.6707432143729,37.3012597755491));
#8050=CARTESIAN_POINT('Ctrl Pts',(-107.384388270124,28.7403485216505,38.9320926643491));
#8051=CARTESIAN_POINT('Ctrl Pts',(-107.305302934412,27.4112274193224,39.8798319234092));
#8052=CARTESIAN_POINT('Ctrl Pts',(-107.226217598699,25.8924484787023,39.2833364975704));
#8053=CARTESIAN_POINT('Ctrl Pts',(-107.147132262986,25.562623625706,37.6841133527695));
#8054=CARTESIAN_POINT('Ctrl Pts',(-107.068046927273,26.7255328936097,36.5377126703292));
#8055=CARTESIAN_POINT('Ctrl Pts',(-107.015323370131,27.784301530117,36.7684367787353));
#8056=CARTESIAN_POINT('Ctrl Pts',(-106.98896159156,28.1483018944501,37.0819449192775));
#8057=CARTESIAN_POINT('Ctrl Pts',(-108.703350991519,25.8906427143243,37.830180043497));
#8058=CARTESIAN_POINT('Ctrl Pts',(-108.676989212948,26.0067738226924,37.3957891839967));
#8059=CARTESIAN_POINT('Ctrl Pts',(-108.624265655806,26.7038032829067,36.659006255284));
#8060=CARTESIAN_POINT('Ctrl Pts',(-108.545180320093,28.2076274116527,36.9321838164329));
#8061=CARTESIAN_POINT('Ctrl Pts',(-108.466094984381,28.7959818295843,38.3427493201169));
#8062=CARTESIAN_POINT('Ctrl Pts',(-108.387009648668,27.9361426498805,39.60496998518));
#8063=CARTESIAN_POINT('Ctrl Pts',(-108.307924312955,26.4085625883124,39.5730668929095));
#8064=CARTESIAN_POINT('Ctrl Pts',(-108.228838977242,25.6023192618067,38.2752929547532));
#8065=CARTESIAN_POINT('Ctrl Pts',(-108.14975364153,26.2500562557144,36.891680750352));
#8066=CARTESIAN_POINT('Ctrl Pts',(-108.070668305817,27.763084637716,36.6797843203337));
#8067=CARTESIAN_POINT('Ctrl Pts',(-107.991582970104,28.7659973797157,37.8322936456669));
#8068=CARTESIAN_POINT('Ctrl Pts',(-107.912497634391,28.3471640173743,39.3015342747601));
#8069=CARTESIAN_POINT('Ctrl Pts',(-107.833412298678,26.8872925936878,39.7519690310951));
#8070=CARTESIAN_POINT('Ctrl Pts',(-107.754326962965,25.7134317510579,38.7741448476507));
#8071=CARTESIAN_POINT('Ctrl Pts',(-107.675241627253,25.8926100686369,37.2569082663771));
#8072=CARTESIAN_POINT('Ctrl Pts',(-107.59615629154,27.2619931763706,36.5794535549384));
#8073=CARTESIAN_POINT('Ctrl Pts',(-107.517070955827,28.5767158734636,37.3575603440059));
#8074=CARTESIAN_POINT('Ctrl Pts',(-107.437985620114,28.6418653531175,38.883994437373));
#8075=CARTESIAN_POINT('Ctrl Pts',(-107.358900284401,27.397828776016,39.7710635703216));
#8076=CARTESIAN_POINT('Ctrl Pts',(-107.279814948688,25.9762754266987,39.212753175191));
#8077=CARTESIAN_POINT('Ctrl Pts',(-107.200729612976,25.6675645195844,37.7159053081346));
#8078=CARTESIAN_POINT('Ctrl Pts',(-107.121644277263,26.75602941762,36.6428921880571));
#8079=CARTESIAN_POINT('Ctrl Pts',(-107.068920720121,27.747020312427,36.8588463472181));
#8080=CARTESIAN_POINT('Ctrl Pts',(-107.04255894155,28.0877189639761,37.1522850665119));
#8081=CARTESIAN_POINT('Ctrl Pts',(-108.756948341509,25.980326418312,37.8541563029391));
#8082=CARTESIAN_POINT('Ctrl Pts',(-108.730586562938,26.0885148661494,37.4494751326261));
#8083=CARTESIAN_POINT('Ctrl Pts',(-108.677863005796,26.7378717564548,36.7630836689543));
#8084=CARTESIAN_POINT('Ctrl Pts',(-108.598777670083,28.1388434736448,37.0175775486739));
#8085=CARTESIAN_POINT('Ctrl Pts',(-108.519692334371,28.6869580326879,38.3316689627764));
#8086=CARTESIAN_POINT('Ctrl Pts',(-108.440606998658,27.8859266161342,39.5075614217442));
#8087=CARTESIAN_POINT('Ctrl Pts',(-108.361521662945,26.4628237272447,39.4778403066832));
#8088=CARTESIAN_POINT('Ctrl Pts',(-108.282436327232,25.7117225339492,38.2688262019691));
#8089=CARTESIAN_POINT('Ctrl Pts',(-108.203350991519,26.3151582624336,36.9798446456342));
#8090=CARTESIAN_POINT('Ctrl Pts',(-108.124265655806,27.7247047180139,36.7824406409008));
#8091=CARTESIAN_POINT('Ctrl Pts',(-108.045180320094,28.6590243365738,37.8561253475932));
#8092=CARTESIAN_POINT('Ctrl Pts',(-107.966094984381,28.2688366253651,39.2248788658803));
#8093=CARTESIAN_POINT('Ctrl Pts',(-107.887009648668,26.9088115158968,39.6445066281977));
#8094=CARTESIAN_POINT('Ctrl Pts',(-107.807924312955,25.8152356056521,38.7335596635866));
#8095=CARTESIAN_POINT('Ctrl Pts',(-107.728838977242,25.9821592175715,37.320092823935));
#8096=CARTESIAN_POINT('Ctrl Pts',(-107.649753641529,27.2578848607905,36.6889718888067));
#8097=CARTESIAN_POINT('Ctrl Pts',(-107.570668305817,28.4826885325543,37.4138609124628));
#8098=CARTESIAN_POINT('Ctrl Pts',(-107.491582970104,28.5433821845846,38.835896210397));
#8099=CARTESIAN_POINT('Ctrl Pts',(-107.412497634391,27.3844301327097,39.6622952172341));
#8100=CARTESIAN_POINT('Ctrl Pts',(-107.333412298678,26.0601023746951,39.1421698528117));
#8101=CARTESIAN_POINT('Ctrl Pts',(-107.254326962965,25.7725054134628,37.7476972634996));
#8102=CARTESIAN_POINT('Ctrl Pts',(-107.175241627253,26.7865259416303,36.748071705785));
#8103=CARTESIAN_POINT('Ctrl Pts',(-107.122518070111,27.7097390947369,36.9492559157008));
#8104=CARTESIAN_POINT('Ctrl Pts',(-107.09615629154,28.027136033502,37.2226252137463));
#8105=CARTESIAN_POINT('Ctrl Pts',(-107.09615629154,28.027136033502,37.2226252137463));
#8106=CARTESIAN_POINT('Ctrl Pts',(-107.09615629154,27.9927230402915,37.1857752238408));
#8107=CARTESIAN_POINT('Ctrl Pts',(-107.09615629154,27.9560688958398,37.151307108047));
#8108=CARTESIAN_POINT('Ctrl Pts',(-107.09615629154,27.9174941958571,37.1192206786496));
#8109=CARTESIAN_POINT('Ctrl Pts',(-107.09615629154,27.8771753593798,37.0856834767895));
#8110=CARTESIAN_POINT('Ctrl Pts',(-107.09615629154,27.8347579123518,37.0547475874257));
#8111=CARTESIAN_POINT('Ctrl Pts',(-107.09615629154,27.7905581783952,37.0264409314871));
#8112=CARTESIAN_POINT('Ctrl Pts',(-107.09615629154,27.7547299705589,37.0034956179901));
#8113=CARTESIAN_POINT('Ctrl Pts',(-107.09615629154,27.7177295185699,36.9822783277662));
#8114=CARTESIAN_POINT('Ctrl Pts',(-107.09615629154,27.6797066942695,36.9628208038244));
#8115=CARTESIAN_POINT('Ctrl Pts',(-107.09615629154,27.6625890529338,36.9540611463754));
#8116=CARTESIAN_POINT('Ctrl Pts',(-107.09615629154,27.645264011372,36.9456583688664));
#8117=CARTESIAN_POINT('Ctrl Pts',(-107.09615629154,27.6277444256617,36.93761651199));
#8118=CARTESIAN_POINT('Ctrl Pts',(-107.09615629154,27.6197821923282,36.9339616800812));
#8119=CARTESIAN_POINT('Ctrl Pts',(-107.09615629154,27.6117817001653,36.9303823559495));
#8120=CARTESIAN_POINT('Ctrl Pts',(-107.09615629154,27.6037525961838,36.9268823363063));
#8121=CARTESIAN_POINT('Ctrl Pts',(-107.09615629154,27.553847186517,36.9051277402095));
#8122=CARTESIAN_POINT('Ctrl Pts',(-107.09615629154,27.5027499767172,36.8863925838265));
#8123=CARTESIAN_POINT('Ctrl Pts',(-107.09615629154,27.4507935875385,36.8707021351931));
#8124=CARTESIAN_POINT('Ctrl Pts',(-107.09615629154,27.3978563608952,36.8547154808361));
#8125=CARTESIAN_POINT('Ctrl Pts',(-107.09615629154,27.3440262827468,36.8418889819798));
#8126=CARTESIAN_POINT('Ctrl Pts',(-107.09615629154,27.2896205685274,36.8322902034022));
#8127=CARTESIAN_POINT('Ctrl Pts',(-107.09615629154,27.2499648983175,36.825293769238));
#8128=CARTESIAN_POINT('Ctrl Pts',(-107.09615629154,27.210002612219,36.8200129735496));
#8129=CARTESIAN_POINT('Ctrl Pts',(-107.09615629154,27.1698497867206,36.8164900239289));
#8130=CARTESIAN_POINT('Ctrl Pts',(-107.09615629154,27.1541197976514,36.8151098979145));
#8131=CARTESIAN_POINT('Ctrl Pts',(-107.09615629154,27.1383605270107,36.8139997059658));
#8132=CARTESIAN_POINT('Ctrl Pts',(-107.09615629154,27.1225788474294,36.8131626129029));
#8133=CARTESIAN_POINT('Ctrl Pts',(-107.09615629154,27.111446780489,36.8125721449515));
#8134=CARTESIAN_POINT('Ctrl Pts',(-107.09615629154,27.1003115090587,36.8121180560724));
#8135=CARTESIAN_POINT('Ctrl Pts',(-107.09615629154,27.0891835779547,36.8118010137425));
#8136=CARTESIAN_POINT('Ctrl Pts',(-107.09615629154,27.0323655148986,36.8101822284599));
#8137=CARTESIAN_POINT('Ctrl Pts',(-107.09615629154,26.9756762017795,36.8121290221157));
#8138=CARTESIAN_POINT('Ctrl Pts',(-107.09615629154,26.9194490435243,36.8176997449936));
#8139=CARTESIAN_POINT('Ctrl Pts',(-107.09615629154,26.882747146849,36.8213359966168));
#8140=CARTESIAN_POINT('Ctrl Pts',(-107.09615629154,26.8462415662541,36.8265172103922));
#8141=CARTESIAN_POINT('Ctrl Pts',(-107.09615629154,26.8100214059414,36.8332710562141));
#8142=CARTESIAN_POINT('Ctrl Pts',(-107.09615629154,26.7559389624377,36.843355619119));
#8143=CARTESIAN_POINT('Ctrl Pts',(-107.09615629154,26.7024923012258,36.8569437934407));
#8144=CARTESIAN_POINT('Ctrl Pts',(-107.09615629154,26.6498834252351,36.8738094973522));
#8145=CARTESIAN_POINT('Ctrl Pts',(-107.09615629154,26.6354202825592,36.8784461879754));
#8146=CARTESIAN_POINT('Ctrl Pts',(-107.09615629154,26.6210204935949,36.8833308958894));
#8147=CARTESIAN_POINT('Ctrl Pts',(-107.09615629154,26.606688369051,36.8884595881748));
#8148=CARTESIAN_POINT('Ctrl Pts',(-107.09615629154,26.5944919251132,36.89282403587));
#8149=CARTESIAN_POINT('Ctrl Pts',(-107.09615629154,26.5823412523579,36.8973665924707));
#8150=CARTESIAN_POINT('Ctrl Pts',(-107.09615629154,26.5702633565443,36.9020749815408));
#8151=CARTESIAN_POINT('Ctrl Pts',(-107.09615629154,26.5174316733139,36.922670631952));
#8152=CARTESIAN_POINT('Ctrl Pts',(-107.09615629154,26.4659014041108,36.9464655087079));
#8153=CARTESIAN_POINT('Ctrl Pts',(-107.09615629154,26.4158791960662,36.9731739706111));
#8154=CARTESIAN_POINT('Ctrl Pts',(-107.09615629154,26.3646684013044,37.0005170571001));
#8155=CARTESIAN_POINT('Ctrl Pts',(-107.09615629154,26.3150372882449,37.0309141821055));
#8156=CARTESIAN_POINT('Ctrl Pts',(-107.09615629154,26.2672133377298,37.0641143199981));
#8157=CARTESIAN_POINT('Ctrl Pts',(-107.09615629154,26.2373817160534,37.0848239005023));
#8158=CARTESIAN_POINT('Ctrl Pts',(-107.09615629154,26.2082534252533,37.106625218432));
#8159=CARTESIAN_POINT('Ctrl Pts',(-107.09615629154,26.1798872095716,37.1294668827303));
#8160=CARTESIAN_POINT('Ctrl Pts',(-107.09615629154,26.1661124903442,37.1405588632724));
#8161=CARTESIAN_POINT('Ctrl Pts',(-107.09615629154,26.1525175288241,37.1518962707183));
#8162=CARTESIAN_POINT('Ctrl Pts',(-107.09615629154,26.1391093991116,37.1634737702713));
#8163=CARTESIAN_POINT('Ctrl Pts',(-107.09615629154,26.1307059058025,37.170729923226));
#8164=CARTESIAN_POINT('Ctrl Pts',(-107.09615629154,26.1223758068982,37.178080393852));
#8165=CARTESIAN_POINT('Ctrl Pts',(-107.09615629154,26.1141208983831,37.185523935223));
#8166=CARTESIAN_POINT('Ctrl Pts',(-107.09615629154,26.1056962893291,37.1931204974274));
#8167=CARTESIAN_POINT('Ctrl Pts',(-107.09615629154,26.0973564689683,37.2008081875124));
#8168=CARTESIAN_POINT('Ctrl Pts',(-107.09615629154,26.0891051971145,37.2085831559369));
#8169=CARTESIAN_POINT('Ctrl Pts',(-107.09615629154,26.0451472730795,37.2500036154052));
#8170=CARTESIAN_POINT('Ctrl Pts',(-107.09615629154,26.0036806276927,37.2939153737689));
#8171=CARTESIAN_POINT('Ctrl Pts',(-107.09615629154,25.9649557410697,37.3400627316387));
#8172=CARTESIAN_POINT('Ctrl Pts',(-107.09615629154,25.9378421891587,37.3723731886154));
#8173=CARTESIAN_POINT('Ctrl Pts',(-107.09615629154,25.9120730119964,37.4057806873213));
#8174=CARTESIAN_POINT('Ctrl Pts',(-107.09615629154,25.8877427006265,37.440210062127));
#8175=CARTESIAN_POINT('Ctrl Pts',(-107.09615629154,25.8782653572377,37.4536212759308));
#8176=CARTESIAN_POINT('Ctrl Pts',(-107.09615629154,25.8690053155872,37.467189666645));
#8177=CARTESIAN_POINT('Ctrl Pts',(-107.09615629154,25.8599811404759,37.4808910256729));
#8178=CARTESIAN_POINT('Ctrl Pts',(-107.09615629154,25.8265447774623,37.5316572850357));
#8179=CARTESIAN_POINT('Ctrl Pts',(-107.09615629154,25.7963028123054,37.5843020729524));
#8180=CARTESIAN_POINT('Ctrl Pts',(-107.09615629154,25.7695181472642,37.6385874195126));
#8181=CARTESIAN_POINT('Ctrl Pts',(-107.09615629154,25.7540974583752,37.6698410282194));
#8182=CARTESIAN_POINT('Ctrl Pts',(-107.09615629154,25.7398232979691,37.7016391785288));
#8183=CARTESIAN_POINT('Ctrl Pts',(-107.09615629154,25.7267517248422,37.7339417059112));
#8184=CARTESIAN_POINT('Ctrl Pts',(-107.09615629154,25.7204115007408,37.7496096948103));
#8185=CARTESIAN_POINT('Ctrl Pts',(-107.09615629154,25.7143542744076,37.765396396122));
#8186=CARTESIAN_POINT('Ctrl Pts',(-107.09615629154,25.7085780385068,37.7812948059869));
#8187=CARTESIAN_POINT('Ctrl Pts',(-108.15273661792,27.2027694899927,36.9175289266997));
#8188=CARTESIAN_POINT('Ctrl Pts',(-108.143246297216,27.3539688592391,36.9165901656557));
#8189=CARTESIAN_POINT('Ctrl Pts',(-108.133755976511,27.5048670890318,36.9417114718249));
#8190=CARTESIAN_POINT('Ctrl Pts',(-108.124265655806,27.6455002451772,36.9942887594718));
#8191=CARTESIAN_POINT('Ctrl Pts',(-108.097903877235,28.0361445908672,37.1403355431316));
#8192=CARTESIAN_POINT('Ctrl Pts',(-108.071542098665,28.3475844637205,37.4982304453624));
#8193=CARTESIAN_POINT('Ctrl Pts',(-108.045180320094,28.4382731149457,37.905303482859));
#8194=CARTESIAN_POINT('Ctrl Pts',(-108.018818541523,28.5289617661709,38.3123765203555));
#8195=CARTESIAN_POINT('Ctrl Pts',(-107.992456762952,28.398899195768,38.7686276931179));
#8196=CARTESIAN_POINT('Ctrl Pts',(-107.966094984381,28.1071970589885,39.0666912398853));
#8197=CARTESIAN_POINT('Ctrl Pts',(-107.93973320581,27.815494922209,39.3647547866528));
#8198=CARTESIAN_POINT('Ctrl Pts',(-107.913371427239,27.3621532190529,39.5046307074252));
#8199=CARTESIAN_POINT('Ctrl Pts',(-107.887009648668,26.9532197157674,39.4227441737096));
#8200=CARTESIAN_POINT('Ctrl Pts',(-107.860647870097,26.5442862124819,39.340857639994));
#8201=CARTESIAN_POINT('Ctrl Pts',(-107.834286091526,26.179760909067,39.0372086517903));
#8202=CARTESIAN_POINT('Ctrl Pts',(-107.807924312955,26.0253188593461,38.6498063510799));
#8203=CARTESIAN_POINT('Ctrl Pts',(-107.781562534384,25.8708768096252,38.2624040503694));
#8204=CARTESIAN_POINT('Ctrl Pts',(-107.755200755813,25.9265180135983,37.7912484371522));
#8205=CARTESIAN_POINT('Ctrl Pts',(-107.728838977242,26.1669595561214,37.4504838080222));
#8206=CARTESIAN_POINT('Ctrl Pts',(-107.703471524135,26.3983320160108,37.1225722929914));
#8207=CARTESIAN_POINT('Ctrl Pts',(-107.678104071028,26.8008269613141,36.9154009749085));
#8208=CARTESIAN_POINT('Ctrl Pts',(-107.65273661792,27.2022139680234,36.9141646096541));
#8209=CARTESIAN_POINT('Origin',(103.722215300295,13.1999997049576,38.1999991461636));
#8210=CARTESIAN_POINT('Ctrl Pts',(102.472215300295,13.2009913382573,39.744724675901));
#8211=CARTESIAN_POINT('Ctrl Pts',(102.468961628138,13.2638889465091,39.745199804486));
#8212=CARTESIAN_POINT('Ctrl Pts',(102.43934617741,13.8359139338809,39.7131969283395));
#8213=CARTESIAN_POINT('Ctrl Pts',(102.383368948112,14.8368961592795,38.9994411625418));
#8214=CARTESIAN_POINT('Ctrl Pts',(102.304283612399,14.7628317486901,37.2642247583967));
#8215=CARTESIAN_POINT('Ctrl Pts',(102.225198276686,13.2682849068694,36.3796891729711));
#8216=CARTESIAN_POINT('Ctrl Pts',(102.146112940973,11.7115983700836,37.1498054247549));
#8217=CARTESIAN_POINT('Ctrl Pts',(102.06702760526,11.5079128160511,38.8745675412766));
#8218=CARTESIAN_POINT('Ctrl Pts',(102.009061725034,12.4859804855805,39.689296561813));
#8219=CARTESIAN_POINT('Ctrl Pts',(101.977457623379,13.0971250199944,39.7445744023629));
#8220=CARTESIAN_POINT('Ctrl Pts',(101.972215300295,13.198664158991,39.7436525327182));
#8221=CARTESIAN_POINT('Ctrl Pts',(102.513791853118,13.1988406334168,39.7413716454785));
#8222=CARTESIAN_POINT('Ctrl Pts',(102.495805537172,13.5481194683071,39.7388464702682));
#8223=CARTESIAN_POINT('Ctrl Pts',(102.451457442655,14.4140893237465,39.4495186608402));
#8224=CARTESIAN_POINT('Ctrl Pts',(102.380747569568,15.0120746261524,38.0158326965208));
#8225=CARTESIAN_POINT('Ctrl Pts',(102.301662233855,14.0346462393744,36.5809676384822));
#8226=CARTESIAN_POINT('Ctrl Pts',(102.222576898142,12.2981197135491,36.6172325332685));
#8227=CARTESIAN_POINT('Ctrl Pts',(102.143491562429,11.3816034038604,38.0925153905502));
#8228=CARTESIAN_POINT('Ctrl Pts',(102.073896547421,12.029574685771,39.4766307139617));
#8229=CARTESIAN_POINT('Ctrl Pts',(102.030663310984,12.8730367756108,39.7393791461363));
#8230=CARTESIAN_POINT('Ctrl Pts',(102.013791853118,13.2010304331475,39.7414156256113));
#8231=CARTESIAN_POINT('Ctrl Pts',(102.618003576706,14.025211003894,37.2418829934413));
#8232=CARTESIAN_POINT('Ctrl Pts',(102.591641798135,13.7078140651295,36.9685136953951));
#8233=CARTESIAN_POINT('Ctrl Pts',(102.538918240993,12.7846578754779,36.7672809149593));
#8234=CARTESIAN_POINT('Ctrl Pts',(102.459832905281,11.7705916708,37.766955173201));
#8235=CARTESIAN_POINT('Ctrl Pts',(102.380747569568,12.0581965287297,39.1614123423338));
#8236=CARTESIAN_POINT('Ctrl Pts',(102.301662233855,13.3825008504345,39.6815417339333));
#8237=CARTESIAN_POINT('Ctrl Pts',(102.222576898142,14.5414485490859,38.8551478368378));
#8238=CARTESIAN_POINT('Ctrl Pts',(102.143491562429,14.4807522126049,37.4331250610494));
#8239=CARTESIAN_POINT('Ctrl Pts',(102.064406226717,13.2559599368548,36.7082415563374));
#8240=CARTESIAN_POINT('Ctrl Pts',(101.985320891004,11.980243717953,37.3393575643611));
#8241=CARTESIAN_POINT('Ctrl Pts',(101.906235555291,11.8133218883521,38.7528129735261));
#8242=CARTESIAN_POINT('Ctrl Pts',(101.827150219578,12.9068887425088,39.6637526556515));
#8243=CARTESIAN_POINT('Ctrl Pts',(101.748064883865,14.2669031099905,39.2441282077143));
#8244=CARTESIAN_POINT('Ctrl Pts',(101.668979548153,14.6570874428102,37.8753858085014));
#8245=CARTESIAN_POINT('Ctrl Pts',(101.58989421244,13.722775737208,36.8017095408724));
#8246=CARTESIAN_POINT('Ctrl Pts',(101.510808876727,12.3132398437077,36.9991123060183));
#8247=CARTESIAN_POINT('Ctrl Pts',(101.431723541014,11.7098104204099,38.2880828818031));
#8248=CARTESIAN_POINT('Ctrl Pts',(101.352638205301,12.4609023403559,39.4970881538822));
#8249=CARTESIAN_POINT('Ctrl Pts',(101.273552869588,13.8839987537489,39.526807500346));
#8250=CARTESIAN_POINT('Ctrl Pts',(101.194467533876,14.685008539263,38.3509249194723));
#8251=CARTESIAN_POINT('Ctrl Pts',(101.115382198163,14.1369091925664,37.0368417953887));
#8252=CARTESIAN_POINT('Ctrl Pts',(101.03629686245,12.7358722994391,36.7823334180078));
#8253=CARTESIAN_POINT('Ctrl Pts',(100.983573305308,12.0865898365414,37.4687329123167));
#8254=CARTESIAN_POINT('Ctrl Pts',(100.957211526737,11.9784013887029,37.8734140826293));
#8255=CARTESIAN_POINT('Ctrl Pts',(102.671600926696,14.0857939343682,37.171542846207));
#8256=CARTESIAN_POINT('Ctrl Pts',(102.645239148125,13.7450952828197,36.8781041269125));
#8257=CARTESIAN_POINT('Ctrl Pts',(102.592515590983,12.7541655334428,36.6620978314241));
#8258=CARTESIAN_POINT('Ctrl Pts',(102.51343025527,11.6656516055535,37.7351632273805));
#8259=CARTESIAN_POINT('Ctrl Pts',(102.434344919558,11.9743709891015,39.2319945421844));
#8260=CARTESIAN_POINT('Ctrl Pts',(102.355259583845,13.3958991815312,39.7903092601476));
#8261=CARTESIAN_POINT('Ctrl Pts',(102.276174248132,14.6399310858171,38.9032456120724));
#8262=CARTESIAN_POINT('Ctrl Pts',(102.197088912419,14.5747787246333,37.3768249601652));
#8263=CARTESIAN_POINT('Ctrl Pts',(102.118003576706,13.260068260193,36.5987240952153));
#8264=CARTESIAN_POINT('Ctrl Pts',(102.038918240993,11.8906952686632,37.2761735178257));
#8265=CARTESIAN_POINT('Ctrl Pts',(101.959832905281,11.7115188642518,38.7933978294429));
#8266=CARTESIAN_POINT('Ctrl Pts',(101.880747569568,12.8853699859405,39.7712141957575));
#8267=CARTESIAN_POINT('Ctrl Pts',(101.801662233855,14.3452298790169,39.3207829971282));
#8268=CARTESIAN_POINT('Ctrl Pts',(101.722576898142,14.7640596149446,37.8515543034167));
#8269=CARTESIAN_POINT('Ctrl Pts',(101.643491562429,13.7611553668328,36.6990540367012));
#8270=CARTESIAN_POINT('Ctrl Pts',(101.564406226717,12.2481383223269,36.9109491361276));
#8271=CARTESIAN_POINT('Ctrl Pts',(101.485320891004,11.6004080965015,38.2945495538409));
#8272=CARTESIAN_POINT('Ctrl Pts',(101.406235555291,12.4066414688542,39.5923140109139));
#8273=CARTESIAN_POINT('Ctrl Pts',(101.327150219578,13.9342145795268,39.6242152047456));
#8274=CARTESIAN_POINT('Ctrl Pts',(101.248064883865,14.7940305401472,38.3620051429774));
#8275=CARTESIAN_POINT('Ctrl Pts',(101.168979548153,14.2056924513773,36.9514485379244));
#8276=CARTESIAN_POINT('Ctrl Pts',(101.08989421244,12.7017983617992,36.6782554147677));
#8277=CARTESIAN_POINT('Ctrl Pts',(101.037170655298,12.0048487930844,37.415046963687));
#8278=CARTESIAN_POINT('Ctrl Pts',(101.010808876727,11.8887176847153,37.849437823187));
#8279=CARTESIAN_POINT('Ctrl Pts',(102.725198276686,14.1463768648424,37.1012026989727));
#8280=CARTESIAN_POINT('Ctrl Pts',(102.698836498115,13.7823765005099,36.7876945584298));
#8281=CARTESIAN_POINT('Ctrl Pts',(102.646112940973,12.7236731914078,36.556914747889));
#8282=CARTESIAN_POINT('Ctrl Pts',(102.56702760526,11.5607115403069,37.70337128156));
#8283=CARTESIAN_POINT('Ctrl Pts',(102.487942269547,11.8905454494734,39.302576742035));
#8284=CARTESIAN_POINT('Ctrl Pts',(102.408856933835,13.4092975126279,39.8990767863619));
#8285=CARTESIAN_POINT('Ctrl Pts',(102.329771598122,14.7384136225483,38.9513433873071));
#8286=CARTESIAN_POINT('Ctrl Pts',(102.250686262409,14.6688052366617,37.3205248592809));
#8287=CARTESIAN_POINT('Ctrl Pts',(102.171600926696,13.2641765835312,36.4892066340932));
#8288=CARTESIAN_POINT('Ctrl Pts',(102.092515590983,11.8011468193734,37.2129894712903));
#8289=CARTESIAN_POINT('Ctrl Pts',(102.01343025527,11.6097158401515,38.8339826853598));
#8290=CARTESIAN_POINT('Ctrl Pts',(101.934344919558,12.8638512293721,39.8786757358636));
#8291=CARTESIAN_POINT('Ctrl Pts',(101.855259583845,14.4235566480433,39.3974377865422));
#8292=CARTESIAN_POINT('Ctrl Pts',(101.776174248132,14.871031787079,37.827722798332));
#8293=CARTESIAN_POINT('Ctrl Pts',(101.697088912419,13.7995349964577,36.5963985325299));
#8294=CARTESIAN_POINT('Ctrl Pts',(101.618003576706,12.1830368009461,36.8227859662368));
#8295=CARTESIAN_POINT('Ctrl Pts',(101.538918240994,11.4910057725931,38.3010162258788));
#8296=CARTESIAN_POINT('Ctrl Pts',(101.459832905281,12.3523805973526,39.6875398679455));
#8297=CARTESIAN_POINT('Ctrl Pts',(101.380747569568,13.9844304053046,39.7216229091452));
#8298=CARTESIAN_POINT('Ctrl Pts',(101.301662233855,14.9030525410313,38.3730853664824));
#8299=CARTESIAN_POINT('Ctrl Pts',(101.222576898142,14.2744757101882,36.8660552804601));
#8300=CARTESIAN_POINT('Ctrl Pts',(101.14349156243,12.6677244241593,36.5741774115276));
#8301=CARTESIAN_POINT('Ctrl Pts',(101.090768005288,11.9231077496275,37.3613610150575));
#8302=CARTESIAN_POINT('Ctrl Pts',(101.064406226717,11.7990339807277,37.8254615637447));
#8303=CARTESIAN_POINT('Ctrl Pts',(102.778795626676,14.2069597953166,37.0308625517385));
#8304=CARTESIAN_POINT('Ctrl Pts',(102.752433848105,13.8196577182002,36.6972849899471));
#8305=CARTESIAN_POINT('Ctrl Pts',(102.699710290963,12.6931808493727,36.4517316643539));
#8306=CARTESIAN_POINT('Ctrl Pts',(102.62062495525,11.4557714750603,37.6715793357395));
#8307=CARTESIAN_POINT('Ctrl Pts',(102.541539619537,11.8067199098452,39.3731589418856));
#8308=CARTESIAN_POINT('Ctrl Pts',(102.462454283824,13.4226958437246,40.0078443125761));
#8309=CARTESIAN_POINT('Ctrl Pts',(102.383368948112,14.8368961592795,38.9994411625418));
#8310=CARTESIAN_POINT('Ctrl Pts',(102.304283612399,14.7628317486901,37.2642247583967));
#8311=CARTESIAN_POINT('Ctrl Pts',(102.225198276686,13.2682849068694,36.3796891729711));
#8312=CARTESIAN_POINT('Ctrl Pts',(102.146112940973,11.7115983700836,37.1498054247549));
#8313=CARTESIAN_POINT('Ctrl Pts',(102.06702760526,11.5079128160511,38.8745675412766));
#8314=CARTESIAN_POINT('Ctrl Pts',(101.987942269547,12.8423324728038,39.9861372759697));
#8315=CARTESIAN_POINT('Ctrl Pts',(101.908856933835,14.5018834170697,39.4740925759561));
#8316=CARTESIAN_POINT('Ctrl Pts',(101.829771598122,14.9780039592135,37.8038912932473));
#8317=CARTESIAN_POINT('Ctrl Pts',(101.750686262409,13.8379146260825,36.4937430283587));
#8318=CARTESIAN_POINT('Ctrl Pts',(101.671600926696,12.1179352795653,36.7346227963461));
#8319=CARTESIAN_POINT('Ctrl Pts',(101.592515590983,11.3816034486847,38.3074828979166));
#8320=CARTESIAN_POINT('Ctrl Pts',(101.513430255271,12.2981197258509,39.7827657249772));
#8321=CARTESIAN_POINT('Ctrl Pts',(101.434344919558,14.0346462310825,39.8190306135448));
#8322=CARTESIAN_POINT('Ctrl Pts',(101.355259583845,15.0120745419155,38.3841655899875));
#8323=CARTESIAN_POINT('Ctrl Pts',(101.276174248132,14.3432589689991,36.7806620229958));
#8324=CARTESIAN_POINT('Ctrl Pts',(101.197088912419,12.6336504865194,36.4700994082875));
#8325=CARTESIAN_POINT('Ctrl Pts',(101.144365355277,11.8413667061705,37.3076750664279));
#8326=CARTESIAN_POINT('Ctrl Pts',(101.118003576706,11.7093502767401,37.8014853043025));
#8327=CARTESIAN_POINT('Ctrl Pts',(101.118003576706,11.7093502767401,37.8014853043025));
#8328=CARTESIAN_POINT('Ctrl Pts',(101.118003576706,11.7304859312188,37.7436421391286));
#8329=CARTESIAN_POINT('Ctrl Pts',(101.118003576706,11.7552959513817,37.6873871663845));
#8330=CARTESIAN_POINT('Ctrl Pts',(101.118003576706,11.7834712384819,37.6329213591094));
#8331=CARTESIAN_POINT('Ctrl Pts',(101.118003576706,11.8112892319811,37.5791462381206));
#8332=CARTESIAN_POINT('Ctrl Pts',(101.118003576706,11.8423887820191,37.5271145376487));
#8333=CARTESIAN_POINT('Ctrl Pts',(101.118003576706,11.876517324403,37.4770518124093));
#8334=CARTESIAN_POINT('Ctrl Pts',(101.118003576706,11.902497284055,37.4389421396563));
#8335=CARTESIAN_POINT('Ctrl Pts',(101.118003576706,11.9302335035275,37.4019740280556));
#8336=CARTESIAN_POINT('Ctrl Pts',(101.118003576706,11.9596266724346,37.3662632046629));
#8337=CARTESIAN_POINT('Ctrl Pts',(101.118003576706,11.9753122559305,37.3472062222801));
#8338=CARTESIAN_POINT('Ctrl Pts',(101.118003576706,11.9914698542943,37.3285075482415));
#8339=CARTESIAN_POINT('Ctrl Pts',(101.118003576706,12.0080851941414,37.3101867025485));
#8340=CARTESIAN_POINT('Ctrl Pts',(101.118003576706,12.0150855377446,37.3024677984436));
#8341=CARTESIAN_POINT('Ctrl Pts',(101.118003576706,12.0221671332204,37.2948161291162));
#8342=CARTESIAN_POINT('Ctrl Pts',(101.118003576706,12.0293190026219,37.287243322421));
#8343=CARTESIAN_POINT('Ctrl Pts',(101.118003576706,12.0699909232566,37.2441775761666));
#8344=CARTESIAN_POINT('Ctrl Pts',(101.118003576706,12.1130104578458,37.2035723675755));
#8345=CARTESIAN_POINT('Ctrl Pts',(101.118003576706,12.1581349272651,37.1656340628215));
#8346=CARTESIAN_POINT('Ctrl Pts',(101.118003576706,12.202342917006,37.12846628647));
#8347=CARTESIAN_POINT('Ctrl Pts',(101.118003576706,12.248572153249,37.0938577410909));
#8348=CARTESIAN_POINT('Ctrl Pts',(101.118003576706,12.2966174990913,37.0620454624914));
#8349=CARTESIAN_POINT('Ctrl Pts',(101.118003576706,12.3321943310879,37.0384889645348));
#8350=CARTESIAN_POINT('Ctrl Pts',(101.118003576706,12.3687674949743,37.0164665449715));
#8351=CARTESIAN_POINT('Ctrl Pts',(101.118003576706,12.4062576962358,36.9960922831195));
#8352=CARTESIAN_POINT('Ctrl Pts',(101.118003576706,12.4253615587593,36.9857101810144));
#8353=CARTESIAN_POINT('Ctrl Pts',(101.118003576706,12.4447035731563,36.9757562993895));
#8354=CARTESIAN_POINT('Ctrl Pts',(101.118003576706,12.4642733283642,36.9662474293757));
#8355=CARTESIAN_POINT('Ctrl Pts',(101.118003576706,12.4743381085497,36.9613569907633));
#8356=CARTESIAN_POINT('Ctrl Pts',(101.118003576706,12.4844554583693,36.956588063166));
#8357=CARTESIAN_POINT('Ctrl Pts',(101.118003576706,12.4946179490989,36.9519449640655));
#8358=CARTESIAN_POINT('Ctrl Pts',(101.118003576706,12.5453179178073,36.9287808613505));
#8359=CARTESIAN_POINT('Ctrl Pts',(101.118003576706,12.5971861417016,36.9087223838266));
#8360=CARTESIAN_POINT('Ctrl Pts',(101.118003576706,12.6500306441477,36.8919822923986));
#8361=CARTESIAN_POINT('Ctrl Pts',(101.118003576706,12.6872508894387,36.8801916560921));
#8362=CARTESIAN_POINT('Ctrl Pts',(101.118003576706,12.7249558450828,36.8700481638766));
#8363=CARTESIAN_POINT('Ctrl Pts',(101.118003576706,12.7630806046754,36.8616416252363));
#8364=CARTESIAN_POINT('Ctrl Pts',(101.118003576706,12.8063551097383,36.8520995637823));
#8365=CARTESIAN_POINT('Ctrl Pts',(101.118003576706,12.8501708792951,36.8447952866674));
#8366=CARTESIAN_POINT('Ctrl Pts',(101.118003576706,12.8943658220932,36.8396972465592));
#8367=CARTESIAN_POINT('Ctrl Pts',(101.118003576706,12.9153527668536,36.8372763296089));
#8368=CARTESIAN_POINT('Ctrl Pts',(101.118003576706,12.9364251526192,36.8353532009684));
#8369=CARTESIAN_POINT('Ctrl Pts',(101.118003576706,12.9575651061698,36.833925909805));
#8370=CARTESIAN_POINT('Ctrl Pts',(101.118003576706,12.9675937089205,36.8332488157871));
#8371=CARTESIAN_POINT('Ctrl Pts',(101.118003576706,12.9776375113802,36.832683321266));
#8372=CARTESIAN_POINT('Ctrl Pts',(101.118003576706,12.9876945677644,36.8322292862407));
#8373=CARTESIAN_POINT('Ctrl Pts',(101.118003576706,12.9982595841869,36.831752318894));
#8374=CARTESIAN_POINT('Ctrl Pts',(101.118003576706,13.0088313476639,36.8313987548196));
#8375=CARTESIAN_POINT('Ctrl Pts',(101.118003576706,13.0194016884119,36.8311679247625));
#8376=CARTESIAN_POINT('Ctrl Pts',(101.118003576706,13.074902790609,36.8299559181781));
#8377=CARTESIAN_POINT('Ctrl Pts',(101.118003576706,13.1304175915357,36.8321209393228));
#8378=CARTESIAN_POINT('Ctrl Pts',(101.118003576706,13.185631861747,36.8375578589852));
#8379=CARTESIAN_POINT('Ctrl Pts',(101.118003576706,13.2406075206101,36.8429712827157));
#8380=CARTESIAN_POINT('Ctrl Pts',(101.118003576706,13.2952863410665,36.8516288668362));
#8381=CARTESIAN_POINT('Ctrl Pts',(101.118003576706,13.3493424663629,36.8634747402315));
#8382=CARTESIAN_POINT('Ctrl Pts',(101.118003576706,13.3884839153494,36.8720522075706));
#8383=CARTESIAN_POINT('Ctrl Pts',(101.118003576706,13.4272986064442,36.8823023227259));
#8384=CARTESIAN_POINT('Ctrl Pts',(101.118003576706,13.4656527939094,36.8942175652937));
#8385=CARTESIAN_POINT('Ctrl Pts',(101.118003576706,13.4779114940846,36.8980258948609));
#8386=CARTESIAN_POINT('Ctrl Pts',(101.118003576706,13.4901230706487,36.9020044085394));
#8387=CARTESIAN_POINT('Ctrl Pts',(101.118003576706,13.5022829123227,36.9061530838779));
#8388=CARTESIAN_POINT('Ctrl Pts',(101.118003576706,13.5116240857804,36.9093400905015));
#8389=CARTESIAN_POINT('Ctrl Pts',(101.118003576706,13.5209329964051,36.9126269946315));
#8390=CARTESIAN_POINT('Ctrl Pts',(101.118003576706,13.5301990904503,36.9160104269473));
#8391=CARTESIAN_POINT('Ctrl Pts',(101.118003576706,13.5805068129481,36.934379847029));
#8392=CARTESIAN_POINT('Ctrl Pts',(101.118003576706,13.62962702879,36.9556157184857));
#8393=CARTESIAN_POINT('Ctrl Pts',(101.118003576706,13.6772482460089,36.979673036207));
#8394=CARTESIAN_POINT('Ctrl Pts',(101.118003576706,13.7166091193728,36.9995573880066));
#8395=CARTESIAN_POINT('Ctrl Pts',(101.118003576706,13.7549457274194,37.0213701250445));
#8396=CARTESIAN_POINT('Ctrl Pts',(101.118003576706,13.7920624643934,37.0451042716571));
#8397=CARTESIAN_POINT('Ctrl Pts',(101.118003576706,13.8353799902256,37.0728034875046));
#8398=CARTESIAN_POINT('Ctrl Pts',(101.118003576706,13.8768813420751,37.1030193945807));
#8399=CARTESIAN_POINT('Ctrl Pts',(101.118003576706,13.9162704714842,37.1357223355547));
#8400=CARTESIAN_POINT('Ctrl Pts',(101.118003576706,13.9445097198142,37.1591680548468));
#8401=CARTESIAN_POINT('Ctrl Pts',(101.118003576706,13.9716626779034,37.1838928295187));
#8402=CARTESIAN_POINT('Ctrl Pts',(101.118003576706,13.9976066053926,37.2098952018043));
#8403=CARTESIAN_POINT('Ctrl Pts',(101.118003576706,14.0074405928698,37.2197513426503));
#8404=CARTESIAN_POINT('Ctrl Pts',(101.118003576706,14.0171007337181,37.229791125171));
#8405=CARTESIAN_POINT('Ctrl Pts',(101.118003576706,14.0265846067183,37.2400088042237));
#8406=CARTESIAN_POINT('Ctrl Pts',(102.618003576706,14.025211003894,37.2418829934413));
#8407=CARTESIAN_POINT('Ctrl Pts',(102.618003576706,13.9907962425275,37.2050311101656));
#8408=CARTESIAN_POINT('Ctrl Pts',(102.618003576706,13.9541405071081,37.1705609984799));
#8409=CARTESIAN_POINT('Ctrl Pts',(102.618003576706,13.9155643535441,37.1384725489707));
#8410=CARTESIAN_POINT('Ctrl Pts',(102.618003576706,13.8752445989832,37.1049337357683));
#8411=CARTESIAN_POINT('Ctrl Pts',(102.618003576706,13.8328264464348,37.0739961308311));
#8412=CARTESIAN_POINT('Ctrl Pts',(102.618003576706,13.7886261591283,37.0456877418143));
#8413=CARTESIAN_POINT('Ctrl Pts',(102.618003576706,13.7527992823938,37.0227421632749));
#8414=CARTESIAN_POINT('Ctrl Pts',(102.618003576706,13.71580037787,37.001524424865));
#8415=CARTESIAN_POINT('Ctrl Pts',(102.618003576706,13.6777792637718,36.9820663110816));
#8416=CARTESIAN_POINT('Ctrl Pts',(102.618003576706,13.6606530172522,36.9733015901793));
#8417=CARTESIAN_POINT('Ctrl Pts',(102.618003576706,13.6433191763514,36.9648941114193));
#8418=CARTESIAN_POINT('Ctrl Pts',(102.618003576706,13.6257906134294,36.9568479260187));
#8419=CARTESIAN_POINT('Ctrl Pts',(102.618003576706,13.6178215003551,36.9531898416931));
#8420=CARTESIAN_POINT('Ctrl Pts',(102.618003576706,13.6098141049212,36.9496074134942));
#8421=CARTESIAN_POINT('Ctrl Pts',(102.618003576706,13.6017780449207,36.9461044233168));
#8422=CARTESIAN_POINT('Ctrl Pts',(102.618003576706,13.5518714061992,36.9243496746939));
#8423=CARTESIAN_POINT('Ctrl Pts',(102.618003576706,13.5007731419401,36.9056145302272));
#8424=CARTESIAN_POINT('Ctrl Pts',(102.618003576706,13.4488158050789,36.8899243605281));
#8425=CARTESIAN_POINT('Ctrl Pts',(102.618003576706,13.3958791577157,36.8739384568885));
#8426=CARTESIAN_POINT('Ctrl Pts',(102.618003576706,13.342049821674,36.8611128013539));
#8427=CARTESIAN_POINT('Ctrl Pts',(102.618003576706,13.2876449184468,36.8515150673996));
#8428=CARTESIAN_POINT('Ctrl Pts',(102.618003576706,13.2479966419421,36.8445205947131));
#8429=CARTESIAN_POINT('Ctrl Pts',(102.618003576706,13.2080418914291,36.8392412792901));
#8430=CARTESIAN_POINT('Ctrl Pts',(102.618003576706,13.1678966499234,36.8357193498038));
#8431=CARTESIAN_POINT('Ctrl Pts',(102.618003576706,13.152079179485,36.8343316880674));
#8432=CARTESIAN_POINT('Ctrl Pts',(102.618003576706,13.1362320972678,36.8332170024494));
#8433=CARTESIAN_POINT('Ctrl Pts',(102.618003576706,13.1203623894925,36.8323785147199));
#8434=CARTESIAN_POINT('Ctrl Pts',(102.618003576706,13.1093161912378,36.831794880678));
#8435=CARTESIAN_POINT('Ctrl Pts',(102.618003576706,13.098267248218,36.8313455656366));
#8436=CARTESIAN_POINT('Ctrl Pts',(102.618003576706,13.0872253719071,36.8310311934505));
#8437=CARTESIAN_POINT('Ctrl Pts',(102.618003576706,13.0304094823247,36.8294135937858));
#8438=CARTESIAN_POINT('Ctrl Pts',(102.618003576706,12.9737222821941,36.8313617545106));
#8439=CARTESIAN_POINT('Ctrl Pts',(102.618003576706,12.9174970667698,36.8369341309325));
#8440=CARTESIAN_POINT('Ctrl Pts',(102.618003576706,12.8808174815526,36.8405693763342));
#8441=CARTESIAN_POINT('Ctrl Pts',(102.618003576706,12.8443339150093,36.8457479355437));
#8442=CARTESIAN_POINT('Ctrl Pts',(102.618003576706,12.8081352895266,36.8524974579053));
#8443=CARTESIAN_POINT('Ctrl Pts',(102.618003576706,12.7540548516797,36.862581186768));
#8444=CARTESIAN_POINT('Ctrl Pts',(102.618003576706,12.7006098373431,36.8761687126017));
#8445=CARTESIAN_POINT('Ctrl Pts',(102.618003576706,12.6480022933185,36.8930339105805));
#8446=CARTESIAN_POINT('Ctrl Pts',(102.618003576706,12.6335393354863,36.8976705202479));
#8447=CARTESIAN_POINT('Ctrl Pts',(102.618003576706,12.6191397091226,36.9025551642031));
#8448=CARTESIAN_POINT('Ctrl Pts',(102.618003576706,12.6048077259443,36.907683808488));
#8449=CARTESIAN_POINT('Ctrl Pts',(102.618003576706,12.5926103577809,36.9120485891149));
#8450=CARTESIAN_POINT('Ctrl Pts',(102.618003576706,12.5804587522897,36.9165915210931));
#8451=CARTESIAN_POINT('Ctrl Pts',(102.618003576706,12.568379920828,36.9213003249374));
#8452=CARTESIAN_POINT('Ctrl Pts',(102.618003576706,12.5155494261733,36.9418957308024));
#8453=CARTESIAN_POINT('Ctrl Pts',(102.618003576706,12.4640200270623,36.9656904763229));
#8454=CARTESIAN_POINT('Ctrl Pts',(102.618003576706,12.413998419225,36.9923988761987));
#8455=CARTESIAN_POINT('Ctrl Pts',(102.618003576706,12.3627877039214,37.0197421848484));
#8456=CARTESIAN_POINT('Ctrl Pts',(102.618003576706,12.3131564204091,37.0501396683569));
#8457=CARTESIAN_POINT('Ctrl Pts',(102.618003576706,12.2653321031337,37.0833402466001));
#8458=CARTESIAN_POINT('Ctrl Pts',(102.618003576706,12.2354997889259,37.1040504237329));
#8459=CARTESIAN_POINT('Ctrl Pts',(102.618003576706,12.2063707509611,37.1258524041148));
#8460=CARTESIAN_POINT('Ctrl Pts',(102.618003576706,12.1780037484156,37.1486947813624));
#8461=CARTESIAN_POINT('Ctrl Pts',(102.618003576706,12.1642280750931,37.1597875687082));
#8462=CARTESIAN_POINT('Ctrl Pts',(102.618003576706,12.1506321650375,37.1711258152542));
#8463=CARTESIAN_POINT('Ctrl Pts',(102.618003576706,12.1372230949261,37.1827041838257));
#8464=CARTESIAN_POINT('Ctrl Pts',(102.618003576706,12.1288206438099,37.1899594726055));
#8465=CARTESIAN_POINT('Ctrl Pts',(102.618003576706,12.1204915618005,37.1973090541891));
#8466=CARTESIAN_POINT('Ctrl Pts',(102.618003576706,12.1122376444743,37.2047516817998));
#8467=CARTESIAN_POINT('Ctrl Pts',(102.618003576706,12.1038114434698,37.2123496590719));
#8468=CARTESIAN_POINT('Ctrl Pts',(102.618003576706,12.0954700492951,37.2200388016796));
#8469=CARTESIAN_POINT('Ctrl Pts',(102.618003576706,12.0872172322137,37.2278152504075));
#8470=CARTESIAN_POINT('Ctrl Pts',(102.618003576706,12.0432582437517,37.2692368421535));
#8471=CARTESIAN_POINT('Ctrl Pts',(102.618003576706,12.0017904494278,37.3131497819884));
#8472=CARTESIAN_POINT('Ctrl Pts',(102.618003576706,11.963064391935,37.3592983073184));
#8473=CARTESIAN_POINT('Ctrl Pts',(102.618003576706,11.9359502851835,37.3916092659655));
#8474=CARTESIAN_POINT('Ctrl Pts',(102.618003576706,11.9101805160842,37.4250172381223));
#8475=CARTESIAN_POINT('Ctrl Pts',(102.618003576706,11.8858495938021,37.4594470389831));
#8476=CARTESIAN_POINT('Ctrl Pts',(102.618003576706,11.876371663899,37.4728589119631));
#8477=CARTESIAN_POINT('Ctrl Pts',(102.618003576706,11.8671110481467,37.4864279671782));
#8478=CARTESIAN_POINT('Ctrl Pts',(102.618003576706,11.8580863146798,37.5001299923241));
#8479=CARTESIAN_POINT('Ctrl Pts',(102.618003576706,11.8246487144737,37.5508974571499));
#8480=CARTESIAN_POINT('Ctrl Pts',(102.618003576706,11.7944055684209,37.6035433790191));
#8481=CARTESIAN_POINT('Ctrl Pts',(102.618003576706,11.7676198419502,37.6578297241666));
#8482=CARTESIAN_POINT('Ctrl Pts',(102.618003576706,11.7521983743845,37.6890842474241));
#8483=CARTESIAN_POINT('Ctrl Pts',(102.618003576706,11.7379234997871,37.7208832792672));
#8484=CARTESIAN_POINT('Ctrl Pts',(102.618003576706,11.7248512908954,37.7531866416549));
#8485=CARTESIAN_POINT('Ctrl Pts',(102.618003576706,11.7185108368242,37.7688548418237));
#8486=CARTESIAN_POINT('Ctrl Pts',(102.618003576706,11.7124533919788,37.784641740524));
#8487=CARTESIAN_POINT('Ctrl Pts',(102.618003576706,11.7066769483986,37.800540334502));
#8488=CARTESIAN_POINT('Ctrl Pts',(101.811423250326,13.1989052150841,39.4650346013148));
#8489=CARTESIAN_POINT('Ctrl Pts',(101.81666557341,13.1156931339038,39.4657900803593));
#8490=CARTESIAN_POINT('Ctrl Pts',(101.821907896494,13.0326168287895,39.4582758533819));
#8491=CARTESIAN_POINT('Ctrl Pts',(101.827150219578,12.9512966613963,39.4419919673077));
#8492=CARTESIAN_POINT('Ctrl Pts',(101.853511998149,12.5423664577899,39.360106094943));
#8493=CARTESIAN_POINT('Ctrl Pts',(101.87987377672,12.177844173071,39.0564595342346));
#8494=CARTESIAN_POINT('Ctrl Pts',(101.906235555291,12.0234033356451,38.6690603523528));
#8495=CARTESIAN_POINT('Ctrl Pts',(101.932597333862,11.8689624982191,38.2816611704711));
#8496=CARTESIAN_POINT('Ctrl Pts',(101.958959112433,11.924603108086,37.8105093674161));
#8497=CARTESIAN_POINT('Ctrl Pts',(101.985320891004,12.1650427828365,37.4697474645513));
#8498=CARTESIAN_POINT('Ctrl Pts',(102.011682669575,12.4054824575869,37.1289855616865));
#8499=CARTESIAN_POINT('Ctrl Pts',(102.038044448146,12.8307211972209,36.918613559012));
#8500=CARTESIAN_POINT('Ctrl Pts',(102.064406226717,13.2474726129962,36.9342414751267));
#8501=CARTESIAN_POINT('Ctrl Pts',(102.090768005288,13.6642240287715,36.9498693912414));
#8502=CARTESIAN_POINT('Ctrl Pts',(102.117129783858,14.0724881206882,37.1914972261454));
#8503=CARTESIAN_POINT('Ctrl Pts',(102.143491562429,14.2867362227267,37.5493149395621));
#8504=CARTESIAN_POINT('Ctrl Pts',(102.169853341,14.5009843247652,37.9071326529789));
#8505=CARTESIAN_POINT('Ctrl Pts',(102.196215119571,14.5212164369256,38.3811402449083));
#8506=CARTESIAN_POINT('Ctrl Pts',(102.222576898142,14.3381745432305,38.7558763570556));
#8507=CARTESIAN_POINT('Ctrl Pts',(102.248938676713,14.1551326495355,39.1306124692029));
#8508=CARTESIAN_POINT('Ctrl Pts',(102.275300455284,13.768816749985,39.4060771015681));
#8509=CARTESIAN_POINT('Ctrl Pts',(102.301662233855,13.3549414132589,39.4571211858175));
#8510=CARTESIAN_POINT('Ctrl Pts',(102.304915906012,13.3038593265209,39.4634212431239));
#8511=CARTESIAN_POINT('Ctrl Pts',(102.308169578169,13.2523574145764,39.4663026020604));
#8512=CARTESIAN_POINT('Ctrl Pts',(102.311423250326,13.2008123558374,39.4659132306438));
#8513=CARTESIAN_POINT('Ctrl Pts',(102.618003576706,11.709350276739,38.5985129880208));
#8514=CARTESIAN_POINT('Ctrl Pts',(102.591641798135,11.8413667061681,39.0923232258957));
#8515=CARTESIAN_POINT('Ctrl Pts',(102.538918240993,12.6336507486326,39.9298988551659));
#8516=CARTESIAN_POINT('Ctrl Pts',(102.459832905281,14.3432589950796,39.6193362928946));
#8517=CARTESIAN_POINT('Ctrl Pts',(102.380747569568,15.0120746261524,38.0158326965208));
#8518=CARTESIAN_POINT('Ctrl Pts',(102.301662233855,14.0346462393744,36.5809676384822));
#8519=CARTESIAN_POINT('Ctrl Pts',(102.222576898142,12.2981197135491,36.6172325332685));
#8520=CARTESIAN_POINT('Ctrl Pts',(102.143491562429,11.3816034038604,38.0925153905502));
#8521=CARTESIAN_POINT('Ctrl Pts',(102.064406226717,12.1179352568833,39.6653755300921));
#8522=CARTESIAN_POINT('Ctrl Pts',(101.985320891004,13.837914639626,39.9062553022754));
#8523=CARTESIAN_POINT('Ctrl Pts',(101.906235555291,14.9780040001481,38.5961070083448));
#8524=CARTESIAN_POINT('Ctrl Pts',(101.827150219578,14.5018834462975,36.9259056872779));
#8525=CARTESIAN_POINT('Ctrl Pts',(101.748064883865,12.8423324650594,36.4138609758519));
#8526=CARTESIAN_POINT('Ctrl Pts',(101.668979548153,11.5079127770164,37.5254307356312));
#8527=CARTESIAN_POINT('Ctrl Pts',(101.58989421244,11.7115983373051,39.2501928915804));
#8528=CARTESIAN_POINT('Ctrl Pts',(101.510808876727,13.2682849063786,40.0203091603174));
#8529=CARTESIAN_POINT('Ctrl Pts',(101.431723541014,14.7628317878919,39.135773556006));
#8530=CARTESIAN_POINT('Ctrl Pts',(101.352638205301,14.8368961886502,37.4005571085692));
#8531=CARTESIAN_POINT('Ctrl Pts',(101.273552869588,13.4226958595911,36.3921539417861));
#8532=CARTESIAN_POINT('Ctrl Pts',(101.194467533876,11.8067198435378,37.0268392981636));
#8533=CARTESIAN_POINT('Ctrl Pts',(101.115382198163,11.4557714402345,38.72841896135));
#8534=CARTESIAN_POINT('Ctrl Pts',(101.03629686245,12.6931806490871,39.9482664564291));
#8535=CARTESIAN_POINT('Ctrl Pts',(100.983573305308,13.8196577181962,39.7027133023818));
#8536=CARTESIAN_POINT('Ctrl Pts',(100.957211526737,14.2069597953135,39.3691357405915));
#8537=CARTESIAN_POINT('Ctrl Pts',(102.671600926696,11.7990339807267,38.5745367285787));
#8538=CARTESIAN_POINT('Ctrl Pts',(102.645239148125,11.9231077496252,39.0386372772664));
#8539=CARTESIAN_POINT('Ctrl Pts',(102.592515590983,12.6677246705027,39.8258208536629));
#8540=CARTESIAN_POINT('Ctrl Pts',(102.51343025527,14.2744757346996,39.5339430340126));
#8541=CARTESIAN_POINT('Ctrl Pts',(102.434344919558,14.9030526202002,38.026912920376));
#8542=CARTESIAN_POINT('Ctrl Pts',(102.355259583845,13.9844304130977,36.6783753453064));
#8543=CARTESIAN_POINT('Ctrl Pts',(102.276174248132,12.3523805857909,36.7124583923507));
#8544=CARTESIAN_POINT('Ctrl Pts',(102.197088912419,11.4910057304656,38.0989820628203));
#8545=CARTESIAN_POINT('Ctrl Pts',(102.118003576706,12.1830367796288,39.5772123581491));
#8546=CARTESIAN_POINT('Ctrl Pts',(102.038918240994,13.7995350091864,39.8035997957994));
#8547=CARTESIAN_POINT('Ctrl Pts',(101.959832905281,14.8710318255508,38.5722755027027));
#8548=CARTESIAN_POINT('Ctrl Pts',(101.880747569568,14.4235566755126,37.0025604784422));
#8549=CARTESIAN_POINT('Ctrl Pts',(101.801662233855,12.8638512220937,36.521322518395));
#8550=CARTESIAN_POINT('Ctrl Pts',(101.722576898142,11.6097158034652,37.5660155924757));
#8551=CARTESIAN_POINT('Ctrl Pts',(101.643491562429,11.8011467885669,39.1870088436006));
#8552=CARTESIAN_POINT('Ctrl Pts',(101.564406226717,13.2641765830699,39.9107916967309));
#8553=CARTESIAN_POINT('Ctrl Pts',(101.485320891004,14.6688052735049,39.0794734537935));
#8554=CARTESIAN_POINT('Ctrl Pts',(101.406235555291,14.7384136501519,37.4486548850803));
#8555=CARTESIAN_POINT('Ctrl Pts',(101.327150219578,13.4092975275399,36.5009214702845));
#8556=CARTESIAN_POINT('Ctrl Pts',(101.248064883865,11.8905453871553,37.0974215011595));
#8557=CARTESIAN_POINT('Ctrl Pts',(101.168979548153,11.5607115075763,38.696627015243));
#8558=CARTESIAN_POINT('Ctrl Pts',(101.08989421244,12.7236730031722,39.8430833832148));
#8559=CARTESIAN_POINT('Ctrl Pts',(101.037170655298,13.7823765005062,39.6123037338991));
#8560=CARTESIAN_POINT('Ctrl Pts',(101.010808876727,14.1463768648395,39.2987955933571));
#8561=CARTESIAN_POINT('Ctrl Pts',(102.725198276686,11.8887176847143,38.5505604691367));
#8562=CARTESIAN_POINT('Ctrl Pts',(102.698836498115,12.0048487930823,38.984951328637));
#8563=CARTESIAN_POINT('Ctrl Pts',(102.646112940973,12.7017985923728,39.72174285216));
#8564=CARTESIAN_POINT('Ctrl Pts',(102.56702760526,14.2056924743196,39.4485497751306));
#8565=CARTESIAN_POINT('Ctrl Pts',(102.487942269547,14.7940306142479,38.0379931442312));
#8566=CARTESIAN_POINT('Ctrl Pts',(102.408856933835,13.9342145868209,36.7757830521306));
#8567=CARTESIAN_POINT('Ctrl Pts',(102.329771598122,12.4066414580327,36.8076842514328));
#8568=CARTESIAN_POINT('Ctrl Pts',(102.250686262409,11.6004080570708,38.1054487350904));
#8569=CARTESIAN_POINT('Ctrl Pts',(102.171600926696,12.2481383023742,39.4890491862061));
#8570=CARTESIAN_POINT('Ctrl Pts',(102.092515590983,13.7611553787467,39.7009442893235));
#8571=CARTESIAN_POINT('Ctrl Pts',(102.01343025527,14.7640596509536,38.5484439970605));
#8572=CARTESIAN_POINT('Ctrl Pts',(101.934344919558,14.3452299047278,37.0792152696065));
#8573=CARTESIAN_POINT('Ctrl Pts',(101.855259583845,12.885369979128,36.628784060938));
#8574=CARTESIAN_POINT('Ctrl Pts',(101.776174248132,11.711518829914,37.6066004493202));
#8575=CARTESIAN_POINT('Ctrl Pts',(101.697088912419,11.8906952398288,39.1238247956207));
#8576=CARTESIAN_POINT('Ctrl Pts',(101.618003576706,13.2600682597613,39.8012742331444));
#8577=CARTESIAN_POINT('Ctrl Pts',(101.538918240994,14.574778759118,39.0231733515812));
#8578=CARTESIAN_POINT('Ctrl Pts',(101.459832905281,14.6399311116537,37.4967526615915));
#8579=CARTESIAN_POINT('Ctrl Pts',(101.380747569568,13.3958991954885,36.6096889987829));
#8580=CARTESIAN_POINT('Ctrl Pts',(101.301662233855,11.9743709307728,37.1680037041554));
#8581=CARTESIAN_POINT('Ctrl Pts',(101.222576898142,11.6656515749181,38.664835069136));
#8582=CARTESIAN_POINT('Ctrl Pts',(101.14349156243,12.7541653572573,39.7379003100005));
#8583=CARTESIAN_POINT('Ctrl Pts',(101.090768005288,13.7450952828162,39.5218941654163));
#8584=CARTESIAN_POINT('Ctrl Pts',(101.064406226717,14.0857939343655,39.2284554461227));
#8585=CARTESIAN_POINT('Ctrl Pts',(102.778795626676,11.978401388702,38.5265842096946));
#8586=CARTESIAN_POINT('Ctrl Pts',(102.752433848105,12.0865898365394,38.9312653800076));
#8587=CARTESIAN_POINT('Ctrl Pts',(102.699710290963,12.7358725142428,39.617664850657));
#8588=CARTESIAN_POINT('Ctrl Pts',(102.62062495525,14.1369092139396,39.3631565162487));
#8589=CARTESIAN_POINT('Ctrl Pts',(102.541539619537,14.6850086082957,38.0490733680863));
#8590=CARTESIAN_POINT('Ctrl Pts',(102.462454283824,13.8839987605442,36.8731907589548));
#8591=CARTESIAN_POINT('Ctrl Pts',(102.383368948112,12.4609023302745,36.902910110515));
#8592=CARTESIAN_POINT('Ctrl Pts',(102.304283612399,11.7098103836761,38.1119154073605));
#8593=CARTESIAN_POINT('Ctrl Pts',(102.225198276686,12.3132398251197,39.4008860142631));
#8594=CARTESIAN_POINT('Ctrl Pts',(102.146112940973,13.7227757483071,39.5982887828476));
#8595=CARTESIAN_POINT('Ctrl Pts',(102.06702760526,14.6570874763564,38.5246124914184));
#8596=CARTESIAN_POINT('Ctrl Pts',(101.987942269547,14.2669031339429,37.1558700607709));
#8597=CARTESIAN_POINT('Ctrl Pts',(101.908856933835,12.9068887361622,36.7362456034811));
#8598=CARTESIAN_POINT('Ctrl Pts',(101.829771598122,11.8133218563629,37.6471853061648));
#8599=CARTESIAN_POINT('Ctrl Pts',(101.750686262409,11.9802436910907,39.0606407476409));
#8600=CARTESIAN_POINT('Ctrl Pts',(101.671600926696,13.2559599364526,39.6917567695579));
#8601=CARTESIAN_POINT('Ctrl Pts',(101.592515590983,14.480752244731,38.9668732493688));
#8602=CARTESIAN_POINT('Ctrl Pts',(101.513430255271,14.5414485731554,37.5448504381026));
#8603=CARTESIAN_POINT('Ctrl Pts',(101.434344919558,13.3825008634372,36.7184565272813));
#8604=CARTESIAN_POINT('Ctrl Pts',(101.355259583845,12.0581964743903,37.2385859071513));
#8605=CARTESIAN_POINT('Ctrl Pts',(101.276174248132,11.77059164226,38.633043123029));
#8606=CARTESIAN_POINT('Ctrl Pts',(101.197088912419,12.7846577113424,39.6327172367862));
#8607=CARTESIAN_POINT('Ctrl Pts',(101.144365355277,13.7078140651262,39.4314845969335));
#8608=CARTESIAN_POINT('Ctrl Pts',(101.118003576706,14.0252110038915,39.1581152988882));
#8609=CARTESIAN_POINT('Ctrl Pts',(101.118003576706,14.0252110038915,39.1581152988882));
#8610=CARTESIAN_POINT('Ctrl Pts',(101.118003576706,13.9907962476345,39.1949671766923));
#8611=CARTESIAN_POINT('Ctrl Pts',(101.118003576706,13.954140516816,39.2294372826085));
#8612=CARTESIAN_POINT('Ctrl Pts',(101.118003576706,13.9155643674596,39.2615257262778));
#8613=CARTESIAN_POINT('Ctrl Pts',(101.118003576706,13.8752446155514,39.2950645348281));
#8614=CARTESIAN_POINT('Ctrl Pts',(101.118003576706,13.8328264650447,39.3260021348106));
#8615=CARTESIAN_POINT('Ctrl Pts',(101.118003576706,13.7886261793442,39.3543105188223));
#8616=CARTESIAN_POINT('Ctrl Pts',(101.118003576706,13.7527992987767,39.3772560965934));
#8617=CARTESIAN_POINT('Ctrl Pts',(101.118003576706,13.7158003897978,39.3984738337066));
#8618=CARTESIAN_POINT('Ctrl Pts',(101.118003576706,13.6777792707777,39.4179319457857));
#8619=CARTESIAN_POINT('Ctrl Pts',(101.118003576706,13.6606530491346,39.4266966520545));
#8620=CARTESIAN_POINT('Ctrl Pts',(101.118003576706,13.6433192336723,39.4351041172284));
#8621=CARTESIAN_POINT('Ctrl Pts',(101.118003576706,13.6257906967035,39.4431502901207));
#8622=CARTESIAN_POINT('Ctrl Pts',(101.118003576706,13.617821603998,39.4468083648259));
#8623=CARTESIAN_POINT('Ctrl Pts',(101.118003576706,13.6098142290053,39.4503907838428));
#8624=CARTESIAN_POINT('Ctrl Pts',(101.118003576706,13.6017781896022,39.4538937652338));
#8625=CARTESIAN_POINT('Ctrl Pts',(101.118003576706,13.5518715544889,39.4756485134774));
#8626=CARTESIAN_POINT('Ctrl Pts',(101.118003576706,13.5007732933357,39.494383658044));
#8627=CARTESIAN_POINT('Ctrl Pts',(101.118003576706,13.4488159592751,39.5100738286205));
#8628=CARTESIAN_POINT('Ctrl Pts',(101.118003576706,13.3958793102675,39.5260597345121));
#8629=CARTESIAN_POINT('Ctrl Pts',(101.118003576706,13.3420499721131,39.5388853925685));
#8630=CARTESIAN_POINT('Ctrl Pts',(101.118003576706,13.2876450665775,39.5484831296302));
#8631=CARTESIAN_POINT('Ctrl Pts',(101.118003576706,13.2479967686331,39.5554776080668));
#8632=CARTESIAN_POINT('Ctrl Pts',(101.118003576707,13.2080419962708,39.5607569278428));
#8633=CARTESIAN_POINT('Ctrl Pts',(101.118003576707,13.1678967327775,39.5642788603463));
#8634=CARTESIAN_POINT('Ctrl Pts',(101.118003576707,13.1520795197373,39.56566649993));
#8635=CARTESIAN_POINT('Ctrl Pts',(101.118003576707,13.1362326958929,39.5667811723699));
#8636=CARTESIAN_POINT('Ctrl Pts',(101.118003576707,13.1203632471288,39.5676196560643));
#8637=CARTESIAN_POINT('Ctrl Pts',(101.118003576707,13.1093167988369,39.5682033100343));
#8638=CARTESIAN_POINT('Ctrl Pts',(101.118003576706,13.0982676044315,39.5686526390279));
#8639=CARTESIAN_POINT('Ctrl Pts',(101.118003576706,13.0872254775396,39.568967019063));
#8640=CARTESIAN_POINT('Ctrl Pts',(101.118003576706,13.0304095816954,39.5705846225831));
#8641=CARTESIAN_POINT('Ctrl Pts',(101.118003576706,12.9737223754671,39.5686364662437));
#8642=CARTESIAN_POINT('Ctrl Pts',(101.118003576706,12.9174971544288,39.5630640950446));
#8643=CARTESIAN_POINT('Ctrl Pts',(101.118003576706,12.8808175017924,39.5594288467314));
#8644=CARTESIAN_POINT('Ctrl Pts',(101.118003576706,12.844333868717,39.5542502796042));
#8645=CARTESIAN_POINT('Ctrl Pts',(101.118003576706,12.8081351781361,39.5475007442537));
#8646=CARTESIAN_POINT('Ctrl Pts',(101.118003576706,12.7614024726503,39.5387870575806));
#8647=CARTESIAN_POINT('Ctrl Pts',(101.118003576707,12.7151443472705,39.5274561789399));
#8648=CARTESIAN_POINT('Ctrl Pts',(101.118003576707,12.6694909215342,39.5136562886728));
#8649=CARTESIAN_POINT('Ctrl Pts',(101.118003576707,12.6457607588418,39.5064832532238));
#8650=CARTESIAN_POINT('Ctrl Pts',(101.118003576706,12.6221940014073,39.4986426485555));
#8651=CARTESIAN_POINT('Ctrl Pts',(101.118003576706,12.5988094008326,39.4901522805644));
#8652=CARTESIAN_POINT('Ctrl Pts',(101.118003576706,12.5889632544675,39.4865773892309));
#8653=CARTESIAN_POINT('Ctrl Pts',(101.118003576706,12.5791488818109,39.4828869620149));
#8654=CARTESIAN_POINT('Ctrl Pts',(101.118003576706,12.5693824580422,39.4790883037798));
#8655=CARTESIAN_POINT('Ctrl Pts',(101.118003576706,12.516959056703,39.4586981804422));
#8656=CARTESIAN_POINT('Ctrl Pts',(101.118003576707,12.4658146898268,39.4351577724609));
#8657=CARTESIAN_POINT('Ctrl Pts',(101.118003576707,12.4161511272435,39.4087465033249));
#8658=CARTESIAN_POINT('Ctrl Pts',(101.118003576707,12.3651673398391,39.3816331336699));
#8659=CARTESIAN_POINT('Ctrl Pts',(101.118003576706,12.3157432604674,39.3514939287025));
#8660=CARTESIAN_POINT('Ctrl Pts',(101.118003576706,12.2681026240338,39.3185768524843));
#8661=CARTESIAN_POINT('Ctrl Pts',(101.118003576706,12.2297789889331,39.2920973150137));
#8662=CARTESIAN_POINT('Ctrl Pts',(101.118003576706,12.1926093499055,39.2638190202453));
#8663=CARTESIAN_POINT('Ctrl Pts',(101.118003576706,12.1567186403236,39.233848939372));
#8664=CARTESIAN_POINT('Ctrl Pts',(101.118003576706,12.1444154478567,39.2235753148734));
#8665=CARTESIAN_POINT('Ctrl Pts',(101.118003576706,12.1322626304501,39.2131027348424));
#8666=CARTESIAN_POINT('Ctrl Pts',(101.118003576706,12.120265534925,39.202435044245));
#8667=CARTESIAN_POINT('Ctrl Pts',(101.118003576706,12.111499738938,39.1946405910597));
#8668=CARTESIAN_POINT('Ctrl Pts',(101.118003576706,12.1028168205558,39.1867415796289));
#8669=CARTESIAN_POINT('Ctrl Pts',(101.118003576706,12.0942302571603,39.1787504242419));
#8670=CARTESIAN_POINT('Ctrl Pts',(101.118003576706,12.0500080899491,39.1375947029763));
#8671=CARTESIAN_POINT('Ctrl Pts',(101.118003576706,12.0082643963307,39.0939327925003));
#8672=CARTESIAN_POINT('Ctrl Pts',(101.118003576706,11.9692485098173,39.0480229699995));
#8673=CARTESIAN_POINT('Ctrl Pts',(101.118003576706,11.9354699242185,39.0082758565094));
#8674=CARTESIAN_POINT('Ctrl Pts',(101.118003576706,11.903735807194,38.9668427364588));
#8675=CARTESIAN_POINT('Ctrl Pts',(101.118003576706,11.8742256036351,38.9238650551496));
#8676=CARTESIAN_POINT('Ctrl Pts',(101.118003576706,11.8397356155637,38.8736349809064));
#8677=CARTESIAN_POINT('Ctrl Pts',(101.118003576706,11.8084096072853,38.8214800398193));
#8678=CARTESIAN_POINT('Ctrl Pts',(101.118003576706,11.7805064392282,38.7676454770584));
#8679=CARTESIAN_POINT('Ctrl Pts',(101.118003576706,11.7600822945407,38.728240456927));
#8680=CARTESIAN_POINT('Ctrl Pts',(101.118003576706,11.741492447821,38.6879345471025));
#8681=CARTESIAN_POINT('Ctrl Pts',(101.118003576706,11.7248512234447,38.646811616644));
#8682=CARTESIAN_POINT('Ctrl Pts',(101.118003576706,11.7185107700463,38.6311434171006));
#8683=CARTESIAN_POINT('Ctrl Pts',(101.118003576706,11.7124533258392,38.6153565189842));
#8684=CARTESIAN_POINT('Ctrl Pts',(101.118003576706,11.7066768828644,38.5994579255505));
#8685=CARTESIAN_POINT('Ctrl Pts',(102.174583903087,13.2008443943911,39.463201439269));
#8686=CARTESIAN_POINT('Ctrl Pts',(102.165093582382,13.352042597679,39.4641402136343));
#8687=CARTESIAN_POINT('Ctrl Pts',(102.155603261678,13.5029396650223,39.4390191297416));
#8688=CARTESIAN_POINT('Ctrl Pts',(102.146112940973,13.6435717157841,39.3864422728453));
#8689=CARTESIAN_POINT('Ctrl Pts',(102.119751162402,14.0342129909902,39.2403966857045));
#8690=CARTESIAN_POINT('Ctrl Pts',(102.093389383831,14.3456502336733,38.8825045885614));
#8691=CARTESIAN_POINT('Ctrl Pts',(102.06702760526,14.4363381312792,38.4754348015487));
#8692=CARTESIAN_POINT('Ctrl Pts',(102.040665826689,14.5270260288852,38.0683650145359));
#8693=CARTESIAN_POINT('Ctrl Pts',(102.014304048118,14.3969645814141,37.6121175376534));
#8694=CARTESIAN_POINT('Ctrl Pts',(101.987942269547,14.1052647913817,37.3140563896638));
#8695=CARTESIAN_POINT('Ctrl Pts',(101.961580490976,13.8135650013493,37.0159952416743));
#8696=CARTESIAN_POINT('Ctrl Pts',(101.935218712406,13.3602268687558,36.8761204225777));
#8697=CARTESIAN_POINT('Ctrl Pts',(101.908856933835,12.9512966558258,36.95800629681));
#8698=CARTESIAN_POINT('Ctrl Pts',(101.882495155264,12.5423664428958,37.0398921710423));
#8699=CARTESIAN_POINT('Ctrl Pts',(101.856133376693,12.1778441496293,37.3435387386035));
#8700=CARTESIAN_POINT('Ctrl Pts',(101.829771598122,12.0234033087841,37.7309379292969));
#8701=CARTESIAN_POINT('Ctrl Pts',(101.803409819551,11.8689624679388,38.1183371199902));
#8702=CARTESIAN_POINT('Ctrl Pts',(101.77704804098,11.9246030795147,38.5894889338155));
#8703=CARTESIAN_POINT('Ctrl Pts',(101.750686262409,12.1650427595297,38.9302508443811));
#8704=CARTESIAN_POINT('Ctrl Pts',(101.725318809302,12.396413427162,39.2581597433877));
#8705=CARTESIAN_POINT('Ctrl Pts',(101.699951356194,12.7989054041037,39.4653294462769));
#8706=CARTESIAN_POINT('Ctrl Pts',(101.674583903087,13.2002891061754,39.4665657810664));
#8707=CARTESIAN_POINT('Ctrl Pts',(102.618003576706,11.709350276739,38.5985129880208));
#8708=CARTESIAN_POINT('Ctrl Pts',(102.618003576706,11.7304859312176,38.6563561531946));
#8709=CARTESIAN_POINT('Ctrl Pts',(102.618003576706,11.7552959532651,38.7126111257313));
#8710=CARTESIAN_POINT('Ctrl Pts',(102.618003576706,11.7834712437064,38.767076932646));
#8711=CARTESIAN_POINT('Ctrl Pts',(102.618003576706,11.8112892401796,38.8208520526514));
#8712=CARTESIAN_POINT('Ctrl Pts',(102.618003576706,11.8423887945359,38.8728837520313));
#8713=CARTESIAN_POINT('Ctrl Pts',(102.618003576706,11.8765173421971,38.9229464761293));
#8714=CARTESIAN_POINT('Ctrl Pts',(102.618003576706,11.9024973062194,38.9610561485312));
#8715=CARTESIAN_POINT('Ctrl Pts',(102.618003576706,11.9302335306661,38.9980242597212));
#8716=CARTESIAN_POINT('Ctrl Pts',(102.618003576706,11.9596267049781,39.0337350826654));
#8717=CARTESIAN_POINT('Ctrl Pts',(102.618003576706,11.9753122906628,39.0527920639638));
#8718=CARTESIAN_POINT('Ctrl Pts',(102.618003576706,11.9914698912962,39.0714907369392));
#8719=CARTESIAN_POINT('Ctrl Pts',(102.618003576706,12.0080852334689,39.0898115815959));
#8720=CARTESIAN_POINT('Ctrl Pts',(102.618003576706,12.0150855787434,39.0975304860267));
#8721=CARTESIAN_POINT('Ctrl Pts',(102.618003576706,12.0221671759186,39.1051821556738));
#8722=CARTESIAN_POINT('Ctrl Pts',(102.618003576706,12.0293190470404,39.1127549626792));
#8723=CARTESIAN_POINT('Ctrl Pts',(102.618003576706,12.0699909749443,39.1558207080358));
#8724=CARTESIAN_POINT('Ctrl Pts',(102.618003576706,12.1130105172104,39.1964259157357));
#8725=CARTESIAN_POINT('Ctrl Pts',(102.618003576706,12.1581349943392,39.2343642196583));
#8726=CARTESIAN_POINT('Ctrl Pts',(102.618003576706,12.2023429931411,39.2715319964631));
#8727=CARTESIAN_POINT('Ctrl Pts',(102.618003576706,12.2485722386154,39.3061405421783));
#8728=CARTESIAN_POINT('Ctrl Pts',(102.618003576706,12.2966175934826,39.3379528210236));
#8729=CARTESIAN_POINT('Ctrl Pts',(102.618003576706,12.3321944310888,39.3615093184517));
#8730=CARTESIAN_POINT('Ctrl Pts',(102.618003576706,12.3687676004117,39.3835317375293));
#8731=CARTESIAN_POINT('Ctrl Pts',(102.618003576706,12.4062578067854,39.4039059989585));
#8732=CARTESIAN_POINT('Ctrl Pts',(102.618003576706,12.4253616708276,39.4142881002579));
#8733=CARTESIAN_POINT('Ctrl Pts',(102.618003576706,12.444703686632,39.4242419811421));
#8734=CARTESIAN_POINT('Ctrl Pts',(102.618003576706,12.4642734431169,39.4337508504861));
#8735=CARTESIAN_POINT('Ctrl Pts',(102.618003576706,12.4743382248808,39.4386412892017));
#8736=CARTESIAN_POINT('Ctrl Pts',(102.618003576706,12.4844555762577,39.443410216901));
#8737=CARTESIAN_POINT('Ctrl Pts',(102.618003576706,12.4946180685141,39.4480533160997));
#8738=CARTESIAN_POINT('Ctrl Pts',(102.618003576706,12.5453180445355,39.4712174191656));
#8739=CARTESIAN_POINT('Ctrl Pts',(102.618003576706,12.5971862750204,39.4912758970031));
#8740=CARTESIAN_POINT('Ctrl Pts',(102.618003576706,12.6500307829825,39.5080159887339));
#8741=CARTESIAN_POINT('Ctrl Pts',(102.618003576706,12.6872510303768,39.5198066246893));
#8742=CARTESIAN_POINT('Ctrl Pts',(102.618003576706,12.7249559875444,39.5299501167058));
#8743=CARTESIAN_POINT('Ctrl Pts',(102.618003576706,12.7630807479614,39.5383566553208));
#8744=CARTESIAN_POINT('Ctrl Pts',(102.618003576706,12.8170539785173,39.5502577936331));
#8745=CARTESIAN_POINT('Ctrl Pts',(102.618003576706,12.8718695970155,39.5586792015384));
#8746=CARTESIAN_POINT('Ctrl Pts',(102.618003576706,12.9272117622877,39.5636776768127));
#8747=CARTESIAN_POINT('Ctrl Pts',(102.618003576706,12.9430013631665,39.5651037852636));
#8748=CARTESIAN_POINT('Ctrl Pts',(102.618003576706,12.9588337387981,39.5662509866773));
#8749=CARTESIAN_POINT('Ctrl Pts',(102.618003576706,12.9747012925344,39.5671199563819));
#8750=CARTESIAN_POINT('Ctrl Pts',(102.618003576706,12.9869591646475,39.5677912457115));
#8751=CARTESIAN_POINT('Ctrl Pts',(102.618003576706,12.9992407263268,39.5682964218922));
#8752=CARTESIAN_POINT('Ctrl Pts',(102.618003576706,13.0115187301907,39.5686354541958));
#8753=CARTESIAN_POINT('Ctrl Pts',(102.618003576706,13.0671526593746,39.5701716728983));
#8754=CARTESIAN_POINT('Ctrl Pts',(102.618003576706,13.1228151448597,39.568308154699));
#8755=CARTESIAN_POINT('Ctrl Pts',(102.618003576706,13.1781899869095,39.5631532237051));
#8756=CARTESIAN_POINT('Ctrl Pts',(102.618003576706,13.233526247331,39.5580018843355));
#8757=CARTESIAN_POINT('Ctrl Pts',(102.618003576706,13.288576404797,39.5495632534271));
#8758=CARTESIAN_POINT('Ctrl Pts',(102.618003576706,13.3430096296094,39.5378961414597));
#8759=CARTESIAN_POINT('Ctrl Pts',(102.618003576706,13.3764431300376,39.5307300697397));
#8760=CARTESIAN_POINT('Ctrl Pts',(102.618003576706,13.409643518121,39.5223451005312));
#8761=CARTESIAN_POINT('Ctrl Pts',(102.618003576706,13.4425284846694,39.5127467570574));
#8762=CARTESIAN_POINT('Ctrl Pts',(102.618003576706,13.4596072836519,39.5077618598245));
#8763=CARTESIAN_POINT('Ctrl Pts',(102.618003576706,13.4766009217514,39.5024495903219));
#8764=CARTESIAN_POINT('Ctrl Pts',(102.618003576706,13.4934972502076,39.4968101292925));
#8765=CARTESIAN_POINT('Ctrl Pts',(102.618003576706,13.5061242190383,39.4925956457244));
#8766=CARTESIAN_POINT('Ctrl Pts',(102.618003576706,13.5186986830897,39.4881975818485));
#8767=CARTESIAN_POINT('Ctrl Pts',(102.618003576706,13.5311949384599,39.483623848736));
#8768=CARTESIAN_POINT('Ctrl Pts',(102.618003576706,13.5815411560847,39.4651967155016));
#8769=CARTESIAN_POINT('Ctrl Pts',(102.618003576706,13.630695354286,39.443897378694));
#8770=CARTESIAN_POINT('Ctrl Pts',(102.618003576706,13.6783448037932,39.4197707136516));
#8771=CARTESIAN_POINT('Ctrl Pts',(102.618003576706,13.7104798189515,39.4034995761071));
#8772=CARTESIAN_POINT('Ctrl Pts',(102.618003576706,13.7419299146523,39.385941650678));
#8773=CARTESIAN_POINT('Ctrl Pts',(102.618003576706,13.7725894448767,39.367101421086));
#8774=CARTESIAN_POINT('Ctrl Pts',(102.618003576706,13.7863974146889,39.3586164469342));
#8775=CARTESIAN_POINT('Ctrl Pts',(102.618003576706,13.8000481058892,39.3498689245153));
#8776=CARTESIAN_POINT('Ctrl Pts',(102.618003576706,13.8135090071351,39.340874368695));
#8777=CARTESIAN_POINT('Ctrl Pts',(102.618003576706,13.8560991634056,39.312415684468));
#8778=CARTESIAN_POINT('Ctrl Pts',(102.618003576706,13.8968366101335,39.2814609319424));
#8779=CARTESIAN_POINT('Ctrl Pts',(102.618003576706,13.935421298339,39.2480343183538));
#8780=CARTESIAN_POINT('Ctrl Pts',(102.618003576706,13.9568323529594,39.2294855342997));
#8781=CARTESIAN_POINT('Ctrl Pts',(102.618003576706,13.9775798512114,39.2101750313591));
#8782=CARTESIAN_POINT('Ctrl Pts',(102.618003576706,13.9976066671687,39.1901030986874));
#8783=CARTESIAN_POINT('Ctrl Pts',(102.618003576706,14.0074406537668,39.1802469579353));
#8784=CARTESIAN_POINT('Ctrl Pts',(102.618003576706,14.017100793781,39.1702071754963));
#8785=CARTESIAN_POINT('Ctrl Pts',(102.618003576706,14.0265846659901,39.1599894965129));
#8786=CARTESIAN_POINT('Origin',(101.118003576706,124.899999999996,146.288434874627));
#8787=CARTESIAN_POINT('',(101.118003576706,7.54999999999409,40.2884348746268));
#8788=CARTESIAN_POINT('',(101.118003576706,32.5499999999941,40.2884348746269));
#8789=CARTESIAN_POINT('',(101.118003576706,62.4499999999979,40.2884348746269));
#8790=CARTESIAN_POINT('',(101.118003576706,32.5499999999941,35.6813549405038));
#8791=CARTESIAN_POINT('',(101.118003576706,32.5499999999941,40.6813549405038));
#8792=CARTESIAN_POINT('',(101.118003576706,7.54999999999409,35.6813549405038));
#8793=CARTESIAN_POINT('',(101.118003576706,32.5499999999941,35.6813549405038));
#8794=CARTESIAN_POINT('',(101.118003576706,7.54999999999409,40.6813549405038));
#8795=CARTESIAN_POINT('Ctrl Pts',(101.118003576706,28.027136033503,39.1394710932319));
#8796=CARTESIAN_POINT('Ctrl Pts',(101.118003576706,27.9927225414891,39.176321617264));
#8797=CARTESIAN_POINT('Ctrl Pts',(101.118003576706,27.9560679484749,39.2107902960089));
#8798=CARTESIAN_POINT('Ctrl Pts',(101.118003576706,27.9174928389662,39.242877295185));
#8799=CARTESIAN_POINT('Ctrl Pts',(101.118003576706,27.8771737434214,39.2764149520317));
#8800=CARTESIAN_POINT('Ctrl Pts',(101.118003576706,27.8347560975314,39.3073513257002));
#8801=CARTESIAN_POINT('Ctrl Pts',(101.118003576706,27.7905562079259,39.3356584708952));
#8802=CARTESIAN_POINT('Ctrl Pts',(101.118003576706,27.7547283766239,39.358603859034));
#8803=CARTESIAN_POINT('Ctrl Pts',(101.118003576706,27.7177283624392,39.3798212756389));
#8804=CARTESIAN_POINT('Ctrl Pts',(101.118003576706,27.6797060221007,39.3992789660492));
#8805=CARTESIAN_POINT('Ctrl Pts',(101.118003576706,27.662585953564,39.408040052043));
#8806=CARTESIAN_POINT('Ctrl Pts',(101.118003576706,27.6452584300792,39.4164441559492));
#8807=CARTESIAN_POINT('Ctrl Pts',(101.118003576706,27.6277363123186,39.4244872341125));
#8808=CARTESIAN_POINT('Ctrl Pts',(101.118003576706,27.6197721694897,39.4281429693469));
#8809=CARTESIAN_POINT('Ctrl Pts',(101.118003576706,27.6117697614673,39.4317231555768));
#8810=CARTESIAN_POINT('Ctrl Pts',(101.118003576706,27.6037387269969,39.4352240002744));
#8811=CARTESIAN_POINT('Ctrl Pts',(101.118003576706,27.5538329741395,39.4569786435791));
#8812=CARTESIAN_POINT('Ctrl Pts',(101.118003576706,27.5027354705794,39.4757138010184));
#8813=CARTESIAN_POINT('Ctrl Pts',(101.118003576706,27.4507788179955,39.4914041757449));
#8814=CARTESIAN_POINT('Ctrl Pts',(101.118003576706,27.3978417567941,39.5073906237906));
#8815=CARTESIAN_POINT('Ctrl Pts',(101.118003576706,27.3440118901981,39.5202168903494));
#8816=CARTESIAN_POINT('Ctrl Pts',(101.118003576706,27.2896064072301,39.5298153801071));
#8817=CARTESIAN_POINT('Ctrl Pts',(101.118003576706,27.2499528187159,39.5368112662282));
#8818=CARTESIAN_POINT('Ctrl Pts',(101.118003576706,27.2099926543922,39.5420916492576));
#8819=CARTESIAN_POINT('Ctrl Pts',(101.118003576706,27.169841964458,39.5456143156831));
#8820=CARTESIAN_POINT('Ctrl Pts',(101.118003576706,27.1540876010416,39.5469965426674));
#8821=CARTESIAN_POINT('Ctrl Pts',(101.118003576706,27.138303864254,39.5481079896378));
#8822=CARTESIAN_POINT('Ctrl Pts',(101.118003576706,27.1224976582495,39.5489454759716));
#8823=CARTESIAN_POINT('Ctrl Pts',(101.118003576706,27.1113896969535,39.5495340274418));
#8824=CARTESIAN_POINT('Ctrl Pts',(101.118003576706,27.1002786595473,39.5499867797389));
#8825=CARTESIAN_POINT('Ctrl Pts',(101.118003576706,27.0891748862067,39.5503030776084));
#8826=CARTESIAN_POINT('Ctrl Pts',(101.118003576706,27.0323574377236,39.5519215578636));
#8827=CARTESIAN_POINT('Ctrl Pts',(101.118003576706,26.9756687213978,39.5499744083654));
#8828=CARTESIAN_POINT('Ctrl Pts',(101.118003576706,26.9194421113861,39.5444032494734));
#8829=CARTESIAN_POINT('Ctrl Pts',(101.118003576706,26.8827463089013,39.5407672816234));
#8830=CARTESIAN_POINT('Ctrl Pts',(101.118003576706,26.8462467404754,39.5355868001297));
#8831=CARTESIAN_POINT('Ctrl Pts',(101.118003576706,26.8100324604797,39.5288341404923));
#8832=CARTESIAN_POINT('Ctrl Pts',(101.118003576706,26.7559505872102,39.5187498178776));
#8833=CARTESIAN_POINT('Ctrl Pts',(101.118003576706,26.7025043956287,39.5051618319291));
#8834=CARTESIAN_POINT('Ctrl Pts',(101.118003576706,26.6498959008871,39.4882962764395));
#8835=CARTESIAN_POINT('Ctrl Pts',(101.118003576706,26.6354328098735,39.483659609581));
#8836=CARTESIAN_POINT('Ctrl Pts',(101.118003576706,26.6210330663486,39.4787749205885));
#8837=CARTESIAN_POINT('Ctrl Pts',(101.118003576706,26.6067009813046,39.4736462426726));
#8838=CARTESIAN_POINT('Ctrl Pts',(101.118003576706,26.5945042827324,39.4692817040572));
#8839=CARTESIAN_POINT('Ctrl Pts',(101.118003576706,26.5823533529359,39.4647390447161));
#8840=CARTESIAN_POINT('Ctrl Pts',(101.118003576706,26.5702751992255,39.4600305419296));
#8841=CARTESIAN_POINT('Ctrl Pts',(101.118003576706,26.5174438569401,39.4394349667839));
#8842=CARTESIAN_POINT('Ctrl Pts',(101.118003576706,26.4659138392168,39.4156401334362));
#8843=CARTESIAN_POINT('Ctrl Pts',(101.118003576706,26.4158918067341,39.3889316953568));
#8844=CARTESIAN_POINT('Ctrl Pts',(101.118003576706,26.3646810423445,39.3615885535089));
#8845=CARTESIAN_POINT('Ctrl Pts',(101.118003576706,26.3150498892892,39.3311913348061));
#8846=CARTESIAN_POINT('Ctrl Pts',(101.118003576706,26.2672258433465,39.2979910800479));
#8847=CARTESIAN_POINT('Ctrl Pts',(101.118003576706,26.2373940325812,39.2772813367005));
#8848=CARTESIAN_POINT('Ctrl Pts',(101.118003576706,26.2082655372007,39.2554798374207));
#8849=CARTESIAN_POINT('Ctrl Pts',(101.118003576706,26.1798991056081,39.2326379775333));
#8850=CARTESIAN_POINT('Ctrl Pts',(101.118003576706,26.1661241201942,39.2215457720951));
#8851=CARTESIAN_POINT('Ctrl Pts',(101.118003576706,26.1525288940248,39.2102081306446));
#8852=CARTESIAN_POINT('Ctrl Pts',(101.118003576706,26.139120501921,39.1986303886431));
#8853=CARTESIAN_POINT('Ctrl Pts',(101.118003576706,26.1307172966242,39.1913744744247));
#8854=CARTESIAN_POINT('Ctrl Pts',(101.118003576706,26.1223874787165,39.1840242493735));
#8855=CARTESIAN_POINT('Ctrl Pts',(101.118003576706,26.1141328440709,39.1765809603759));
#8856=CARTESIAN_POINT('Ctrl Pts',(101.118003576706,26.105707796192,39.1689840080123));
#8857=CARTESIAN_POINT('Ctrl Pts',(101.118003576706,26.0973675419749,39.1612959174121));
#8858=CARTESIAN_POINT('Ctrl Pts',(101.118003576706,26.0891158441168,39.153520540786));
#8859=CARTESIAN_POINT('Ctrl Pts',(101.118003576706,26.0451576281393,39.1120997700646));
#8860=CARTESIAN_POINT('Ctrl Pts',(101.118003576706,26.0036906665144,39.0681876862515));
#8861=CARTESIAN_POINT('Ctrl Pts',(101.118003576706,25.9649654568007,39.0220400063385));
#8862=CARTESIAN_POINT('Ctrl Pts',(101.118003576706,25.9378517518829,38.9897294111201));
#8863=CARTESIAN_POINT('Ctrl Pts',(101.118003576706,25.9120824110748,38.9563217817416));
#8864=CARTESIAN_POINT('Ctrl Pts',(101.118003576706,25.8877519304755,38.9218922891757));
#8865=CARTESIAN_POINT('Ctrl Pts',(101.118003576706,25.8782744250756,38.908480893524));
#8866=CARTESIAN_POINT('Ctrl Pts',(101.118003576706,25.8690142247823,38.8949123194703));
#8867=CARTESIAN_POINT('Ctrl Pts',(101.118003576706,25.8599898953198,38.8812107766369));
#8868=CARTESIAN_POINT('Ctrl Pts',(101.118003576706,25.8265531888709,38.8304441831164));
#8869=CARTESIAN_POINT('Ctrl Pts',(101.118003576706,25.7963108952738,38.7777990803918));
#8870=CARTESIAN_POINT('Ctrl Pts',(101.118003576706,25.7695259344007,38.7235134561624));
#8871=CARTESIAN_POINT('Ctrl Pts',(101.118003576706,25.7541050297349,38.692259595463));
#8872=CARTESIAN_POINT('Ctrl Pts',(101.118003576706,25.7398306711109,38.6604612022556));
#8873=CARTESIAN_POINT('Ctrl Pts',(101.118003576706,25.7267589211968,38.6281584448231));
#8874=CARTESIAN_POINT('Ctrl Pts',(101.118003576706,25.7204186327775,38.6124903973001));
#8875=CARTESIAN_POINT('Ctrl Pts',(101.118003576706,25.7143613452565,38.5967036411893));
#8876=CARTESIAN_POINT('Ctrl Pts',(101.118003576706,25.7085850511265,38.5808051801835));
#8877=CARTESIAN_POINT('Ctrl Pts',(101.118003576706,25.711275306351,37.7828410986471));
#8878=CARTESIAN_POINT('Ctrl Pts',(101.118003576706,25.7324109608297,37.7249979334733));
#8879=CARTESIAN_POINT('Ctrl Pts',(101.118003576706,25.7572214478781,37.6687430114035));
#8880=CARTESIAN_POINT('Ctrl Pts',(101.118003576706,25.7853975629472,37.6142772921198));
#8881=CARTESIAN_POINT('Ctrl Pts',(101.118003576706,25.8132162921059,37.5605024161486));
#8882=CARTESIAN_POINT('Ctrl Pts',(101.118003576706,25.8443169107875,37.5084709868709));
#8883=CARTESIAN_POINT('Ctrl Pts',(101.118003576706,25.8784467597208,37.4584085445585));
#8884=CARTESIAN_POINT('Ctrl Pts',(101.118003576706,25.90442780292,37.4202989567045));
#8885=CARTESIAN_POINT('Ctrl Pts',(101.118003576706,25.9321652559327,37.3833309446157));
#8886=CARTESIAN_POINT('Ctrl Pts',(101.118003576706,25.9615597656177,37.3476202299863));
#8887=CARTESIAN_POINT('Ctrl Pts',(101.118003576706,25.977245890731,37.3285635168938));
#8888=CARTESIAN_POINT('Ctrl Pts',(101.118003576706,25.9934040507842,37.309865106838));
#8889=CARTESIAN_POINT('Ctrl Pts',(101.118003576706,26.0100199662922,37.2915445183371));
#8890=CARTESIAN_POINT('Ctrl Pts',(101.118003576706,26.0170207236246,37.2838255338359));
#8891=CARTESIAN_POINT('Ctrl Pts',(101.118003576706,26.0241027398091,37.2761737856196));
#8892=CARTESIAN_POINT('Ctrl Pts',(101.118003576706,26.0312550351067,37.2686009023759));
#8893=CARTESIAN_POINT('Ctrl Pts',(101.118003576706,26.0719287572593,37.2255353777952));
#8894=CARTESIAN_POINT('Ctrl Pts',(101.118003576706,26.1149501951046,37.1849303889048));
#8895=CARTESIAN_POINT('Ctrl Pts',(101.118003576706,26.1600765770431,37.1469922889007));
#8896=CARTESIAN_POINT('Ctrl Pts',(101.118003576706,26.2042868130684,37.1098243998857));
#8897=CARTESIAN_POINT('Ctrl Pts',(101.118003576706,26.25051833876,37.0752157705973));
#8898=CARTESIAN_POINT('Ctrl Pts',(101.118003576706,26.2985659242632,37.0434034303311));
#8899=CARTESIAN_POINT('Ctrl Pts',(101.118003576706,26.3341441544428,37.0198470590237));
#8900=CARTESIAN_POINT('Ctrl Pts',(101.118003576706,26.3707186746544,36.9978247559024));
#8901=CARTESIAN_POINT('Ctrl Pts',(101.118003576706,26.4082101531082,36.9774505953708));
#8902=CARTESIAN_POINT('Ctrl Pts',(101.118003576706,26.4273143927551,36.9670686936306));
#8903=CARTESIAN_POINT('Ctrl Pts',(101.118003576706,26.44665675688,36.9571149961739));
#8904=CARTESIAN_POINT('Ctrl Pts',(101.118003576706,26.4662268297489,36.9476062927226));
#8905=CARTESIAN_POINT('Ctrl Pts',(101.118003576706,26.476292011867,36.942715823863));
#8906=CARTESIAN_POINT('Ctrl Pts',(101.118003576706,26.4864097585875,36.937946866537));
#8907=CARTESIAN_POINT('Ctrl Pts',(101.118003576706,26.4965726388146,36.9333037389025));
#8908=CARTESIAN_POINT('Ctrl Pts',(101.118003576706,26.5472744278749,36.9101395499481));
#8909=CARTESIAN_POINT('Ctrl Pts',(101.118003576706,26.5991442948799,36.8900809954562));
#8910=CARTESIAN_POINT('Ctrl Pts',(101.118003576706,26.6519901762127,36.8733408299146));
#8911=CARTESIAN_POINT('Ctrl Pts',(101.118003576706,26.6892109622298,36.8615502777693));
#8912=CARTESIAN_POINT('Ctrl Pts',(101.118003576706,26.7269163162867,36.8514068330759));
#8913=CARTESIAN_POINT('Ctrl Pts',(101.118003576706,26.7650413024539,36.8430003000906));
#8914=CARTESIAN_POINT('Ctrl Pts',(101.118003576706,26.8083162768871,36.8334581982675));
#8915=CARTESIAN_POINT('Ctrl Pts',(101.118003576706,26.8521322996337,36.8261538487584));
#8916=CARTESIAN_POINT('Ctrl Pts',(101.118003576706,26.8963273086363,36.8210557097658));
#8917=CARTESIAN_POINT('Ctrl Pts',(101.118003576706,26.9173141757635,36.8186347584401));
#8918=CARTESIAN_POINT('Ctrl Pts',(101.118003576706,26.9383864408279,36.816711584276));
#8919=CARTESIAN_POINT('Ctrl Pts',(101.118003576706,26.9595262339653,36.8152842370588));
#8920=CARTESIAN_POINT('Ctrl Pts',(101.118003576706,26.9695547498234,36.8146071171783));
#8921=CARTESIAN_POINT('Ctrl Pts',(101.118003576706,26.9795984564206,36.8140415941844));
#8922=CARTESIAN_POINT('Ctrl Pts',(101.118003576706,26.9896554083369,36.8135875281412));
#8923=CARTESIAN_POINT('Ctrl Pts',(101.118003576706,27.0002205466635,36.8131105177511));
#8924=CARTESIAN_POINT('Ctrl Pts',(101.118003576706,27.0107924235876,36.8127569132369));
#8925=CARTESIAN_POINT('Ctrl Pts',(101.118003576706,27.021362868622,36.8125260454504));
#8926=CARTESIAN_POINT('Ctrl Pts',(101.118003576706,27.0768635940778,36.8113138609494));
#8927=CARTESIAN_POINT('Ctrl Pts',(101.118003576706,27.1323777741423,36.813478665734));
#8928=CARTESIAN_POINT('Ctrl Pts',(101.118003576706,27.1875912415935,36.8189153422908));
#8929=CARTESIAN_POINT('Ctrl Pts',(101.118003576706,27.2425661765436,36.8243285313886));
#8930=CARTESIAN_POINT('Ctrl Pts',(101.118003576706,27.2972440917705,36.8329858632137));
#8931=CARTESIAN_POINT('Ctrl Pts',(101.118003576706,27.3512991887575,36.8448314776804));
#8932=CARTESIAN_POINT('Ctrl Pts',(101.118003576706,27.3904398892138,36.853408756668));
#8933=CARTESIAN_POINT('Ctrl Pts',(101.118003576706,27.4292537672655,36.863658679655));
#8934=CARTESIAN_POINT('Ctrl Pts',(101.118003576706,27.4676070994469,36.8755737305451));
#8935=CARTESIAN_POINT('Ctrl Pts',(101.118003576706,27.4798657705258,36.8793820747344));
#8936=CARTESIAN_POINT('Ctrl Pts',(101.118003576706,27.492077311804,36.8833606098682));
#8937=CARTESIAN_POINT('Ctrl Pts',(101.118003576706,27.5042371124645,36.8875093136397));
#8938=CARTESIAN_POINT('Ctrl Pts',(101.118003576706,27.5135782449466,36.8906963388747));
#8939=CARTESIAN_POINT('Ctrl Pts',(101.118003576706,27.522887110691,36.8939832653232));
#8940=CARTESIAN_POINT('Ctrl Pts',(101.118003576706,27.5321531567497,36.897366723862));
#8941=CARTESIAN_POINT('Ctrl Pts',(101.118003576706,27.5824598588115,36.9157360088372));
#8942=CARTESIAN_POINT('Ctrl Pts',(101.118003576706,27.6315789960208,36.9369717729304));
#8943=CARTESIAN_POINT('Ctrl Pts',(101.118003576706,27.6791991277739,36.9610290214412));
#8944=CARTESIAN_POINT('Ctrl Pts',(101.118003576706,27.718558379399,36.980912949996));
#8945=CARTESIAN_POINT('Ctrl Pts',(101.118003576706,27.7568933986341,37.0027252189118));
#8946=CARTESIAN_POINT('Ctrl Pts',(101.118003576706,27.7940086202402,37.0264588591912));
#8947=CARTESIAN_POINT('Ctrl Pts',(101.118003576706,27.8373253732923,37.0541581208559));
#8948=CARTESIAN_POINT('Ctrl Pts',(101.118003576706,27.878825977575,37.0843741408823));
#8949=CARTESIAN_POINT('Ctrl Pts',(101.118003576706,27.9182144285211,37.1170772712352));
#8950=CARTESIAN_POINT('Ctrl Pts',(101.118003576706,27.9464526050968,37.140522640304));
#8951=CARTESIAN_POINT('Ctrl Pts',(101.118003576706,27.9736045719325,37.1652470510676));
#8952=CARTESIAN_POINT('Ctrl Pts',(101.118003576706,27.9995476129999,37.1912490497418));
#8953=CARTESIAN_POINT('Ctrl Pts',(101.118003576706,28.0093813832045,37.2011051679648));
#8954=CARTESIAN_POINT('Ctrl Pts',(101.118003576706,28.0190413176631,37.2111449309011));
#8955=CARTESIAN_POINT('Ctrl Pts',(101.118003576706,28.0285249946433,37.2213625933204));
#8956=CARTESIAN_POINT('Origin',(103.722215300295,27.2019247345686,38.1813549405076));
#8957=CARTESIAN_POINT('Ctrl Pts',(102.472215300295,27.2029157506817,39.7260905071553));
#8958=CARTESIAN_POINT('Ctrl Pts',(102.468961628138,27.2658139255342,39.7265654829253));
#8959=CARTESIAN_POINT('Ctrl Pts',(102.43934617741,27.8378438095498,39.694561149663));
#8960=CARTESIAN_POINT('Ctrl Pts',(102.383368948111,28.8388286316782,38.9808022917332));
#8961=CARTESIAN_POINT('Ctrl Pts',(102.304283612399,28.7647665885627,37.2455750216495));
#8962=CARTESIAN_POINT('Ctrl Pts',(102.225198276686,27.2702098365472,36.3610346602367));
#8963=CARTESIAN_POINT('Ctrl Pts',(102.146112940973,25.7135151413499,37.1311551820905));
#8964=CARTESIAN_POINT('Ctrl Pts',(102.06702760526,25.509828033712,38.8559272118889));
#8965=CARTESIAN_POINT('Ctrl Pts',(102.009061725034,26.4879014624234,39.670660860163));
#8966=CARTESIAN_POINT('Ctrl Pts',(101.977457623379,27.0990494849622,39.7259390232471));
#8967=CARTESIAN_POINT('Ctrl Pts',(101.972215300295,27.2005892018661,39.725017149721));
#8968=CARTESIAN_POINT('Ctrl Pts',(102.513791853118,27.2008045610831,39.7227255700726));
#8969=CARTESIAN_POINT('Ctrl Pts',(102.495805537172,27.5500793662642,39.7202018291502));
#8970=CARTESIAN_POINT('Ctrl Pts',(102.451457442655,28.4160234072878,39.4308793836715));
#8971=CARTESIAN_POINT('Ctrl Pts',(102.380747569568,29.0140208509147,37.9971869442028));
#8972=CARTESIAN_POINT('Ctrl Pts',(102.301662233855,28.0365736200292,36.5623132916095));
#8973=CARTESIAN_POINT('Ctrl Pts',(102.222576898142,26.3000416004319,36.5985797279473));
#8974=CARTESIAN_POINT('Ctrl Pts',(102.143491562429,25.3835172146986,38.0738702271018));
#8975=CARTESIAN_POINT('Ctrl Pts',(102.073896547421,26.0314933319589,39.4579939348472));
#8976=CARTESIAN_POINT('Ctrl Pts',(102.030663310984,26.8749600616983,39.7207437837618));
#8977=CARTESIAN_POINT('Ctrl Pts',(102.013791853118,27.2029555201442,39.7227802420095));
#8978=CARTESIAN_POINT('Ctrl Pts',(102.618003576706,28.0271360335051,37.2232387877852));
#8979=CARTESIAN_POINT('Ctrl Pts',(102.591641798135,27.7097390947405,36.9498694897391));
#8980=CARTESIAN_POINT('Ctrl Pts',(102.538918240993,26.7865422001751,36.7486714611971));
#8981=CARTESIAN_POINT('Ctrl Pts',(102.459832905281,25.7725089175605,37.7483106231362));
#8982=CARTESIAN_POINT('Ctrl Pts',(102.380747569568,26.0601079199111,39.1427789721699));
#8983=CARTESIAN_POINT('Ctrl Pts',(102.301662233855,27.3844289729445,39.6629054803273));
#8984=CARTESIAN_POINT('Ctrl Pts',(102.222576898142,28.5433796781169,38.836508003129));
#8985=CARTESIAN_POINT('Ctrl Pts',(102.143491562429,28.4826852817983,37.4144763226229));
#8986=CARTESIAN_POINT('Ctrl Pts',(102.064406226717,27.2578848845699,36.6895889039538));
#8987=CARTESIAN_POINT('Ctrl Pts',(101.985320891004,25.9821619797889,37.3207084113317));
#8988=CARTESIAN_POINT('Ctrl Pts',(101.906235555291,25.8152388769969,38.7341719445009));
#8989=CARTESIAN_POINT('Ctrl Pts',(101.827150219578,26.9088121704327,39.6451168008496));
#8990=CARTESIAN_POINT('Ctrl Pts',(101.748064883865,28.2688341681124,39.2254899986593));
#8991=CARTESIAN_POINT('Ctrl Pts',(101.668979548152,28.6590209053434,37.856739696554));
#8992=CARTESIAN_POINT('Ctrl Pts',(101.58989421244,27.7247035704359,36.7830574346458));
#8993=CARTESIAN_POINT('Ctrl Pts',(101.510808876727,26.3151601816826,36.9804610759431));
#8994=CARTESIAN_POINT('Ctrl Pts',(101.431723541014,25.7117262541275,38.2694394612822));
#8995=CARTESIAN_POINT('Ctrl Pts',(101.352638205301,26.4628247942896,39.4784509968242));
#8996=CARTESIAN_POINT('Ctrl Pts',(101.273552869588,27.8859257087267,39.5081716069751));
#8997=CARTESIAN_POINT('Ctrl Pts',(101.194467533876,28.6869509415205,38.3322819810224));
#8998=CARTESIAN_POINT('Ctrl Pts',(101.115382198163,28.1388404579329,37.0181929199647));
#8999=CARTESIAN_POINT('Ctrl Pts',(101.03629686245,26.7378505383634,36.7636949875623));
#9000=CARTESIAN_POINT('Ctrl Pts',(100.983573305308,26.0885148661521,37.4500887066611));
#9001=CARTESIAN_POINT('Ctrl Pts',(100.957211526737,25.9803264183138,37.8547698769739));
#9002=CARTESIAN_POINT('Ctrl Pts',(102.671600926696,28.0877189639793,37.152898640551));
#9003=CARTESIAN_POINT('Ctrl Pts',(102.645239148125,27.7470203124308,36.8594599212565));
#9004=CARTESIAN_POINT('Ctrl Pts',(102.592515590983,26.7560468697867,36.6434909289741));
#9005=CARTESIAN_POINT('Ctrl Pts',(102.51343025527,25.6675682809355,37.7165186520309));
#9006=CARTESIAN_POINT('Ctrl Pts',(102.434344919558,25.9762813790169,39.2133619675088));
#9007=CARTESIAN_POINT('Ctrl Pts',(102.355259583845,27.3978275311066,39.7716735903418));
#9008=CARTESIAN_POINT('Ctrl Pts',(102.276174248132,28.6418626626373,38.8846060993303));
#9009=CARTESIAN_POINT('Ctrl Pts',(102.197088912419,28.5767123840531,37.3581758889651));
#9010=CARTESIAN_POINT('Ctrl Pts',(102.118003576706,27.2619932018956,36.5800708227148));
#9011=CARTESIAN_POINT('Ctrl Pts',(102.038918240994,25.8926130336426,37.2575240015847));
#9012=CARTESIAN_POINT('Ctrl Pts',(101.959832905281,25.7134352625686,38.7747570336302));
#9013=CARTESIAN_POINT('Ctrl Pts',(101.880747569568,26.8872932962764,39.7525789540341));
#9014=CARTESIAN_POINT('Ctrl Pts',(101.801662233855,28.3471613797223,39.3021452283141));
#9015=CARTESIAN_POINT('Ctrl Pts',(101.722576898142,28.7659936965812,37.8329080515188));
#9016=CARTESIAN_POINT('Ctrl Pts',(101.643491562429,27.7630834058884,36.6804013504538));
#9017=CARTESIAN_POINT('Ctrl Pts',(101.564406226717,26.2500583158651,36.8922973903543));
#9018=CARTESIAN_POINT('Ctrl Pts',(101.485320891004,25.6023232551021,38.2759061909607));
#9019=CARTESIAN_POINT('Ctrl Pts',(101.406235555291,26.4085637336945,39.5736773713291));
#9020=CARTESIAN_POINT('Ctrl Pts',(101.327150219578,27.9361416758555,39.6055799216216));
#9021=CARTESIAN_POINT('Ctrl Pts',(101.248064883865,28.7959742178184,38.3433622975594));
#9022=CARTESIAN_POINT('Ctrl Pts',(101.168979548153,28.2076241745421,36.9327993196692));
#9023=CARTESIAN_POINT('Ctrl Pts',(101.08989421244,26.7037805070881,36.6596174083095));
#9024=CARTESIAN_POINT('Ctrl Pts',(101.037170655298,26.0067738226951,37.3964027580316));
#9025=CARTESIAN_POINT('Ctrl Pts',(101.010808876727,25.8906427143262,37.8307936175316));
#9026=CARTESIAN_POINT('Ctrl Pts',(102.725198276686,28.1483018944535,37.0825584933167));
#9027=CARTESIAN_POINT('Ctrl Pts',(102.698836498115,27.784301530121,36.7690503527738));
#9028=CARTESIAN_POINT('Ctrl Pts',(102.646112940973,26.7255515393982,36.5383103967511));
#9029=CARTESIAN_POINT('Ctrl Pts',(102.56702760526,25.5626276443106,37.6847266809256));
#9030=CARTESIAN_POINT('Ctrl Pts',(102.487942269547,25.8924548381227,39.2839449628477));
#9031=CARTESIAN_POINT('Ctrl Pts',(102.408856933835,27.4112260892686,39.8804417003562));
#9032=CARTESIAN_POINT('Ctrl Pts',(102.329771598122,28.7403456471578,38.9327041955318));
#9033=CARTESIAN_POINT('Ctrl Pts',(102.250686262409,28.6707394863079,37.3018754553073));
#9034=CARTESIAN_POINT('Ctrl Pts',(102.171600926696,27.2661015192214,36.4705527414758));
#9035=CARTESIAN_POINT('Ctrl Pts',(102.092515590983,25.8030640874963,37.1943395918376));
#9036=CARTESIAN_POINT('Ctrl Pts',(102.01343025527,25.6116316481403,38.8153421227596));
#9037=CARTESIAN_POINT('Ctrl Pts',(101.934344919558,26.8657744221201,39.8600411072186));
#9038=CARTESIAN_POINT('Ctrl Pts',(101.855259583845,28.4254885913321,39.3788004579688));
#9039=CARTESIAN_POINT('Ctrl Pts',(101.776174248132,28.8729664878191,37.8090764064836));
#9040=CARTESIAN_POINT('Ctrl Pts',(101.697088912419,27.8014632413409,36.5777452662617));
#9041=CARTESIAN_POINT('Ctrl Pts',(101.618003576706,26.1849564500476,36.8041337047655));
#9042=CARTESIAN_POINT('Ctrl Pts',(101.538918240994,25.4929202560767,38.2823729206393));
#9043=CARTESIAN_POINT('Ctrl Pts',(101.459832905281,26.3543026730994,39.6689037458339));
#9044=CARTESIAN_POINT('Ctrl Pts',(101.380747569568,27.9863576429843,39.702988236268));
#9045=CARTESIAN_POINT('Ctrl Pts',(101.301662233855,28.9049974941163,38.3544426140965));
#9046=CARTESIAN_POINT('Ctrl Pts',(101.222576898142,28.2764078911513,36.8474057193736));
#9047=CARTESIAN_POINT('Ctrl Pts',(101.14349156243,26.6697104758127,36.5555398290568));
#9048=CARTESIAN_POINT('Ctrl Pts',(101.090768005288,25.9250327792382,37.342716809402));
#9049=CARTESIAN_POINT('Ctrl Pts',(101.064406226717,25.8009590103386,37.8068173580894));
#9050=CARTESIAN_POINT('Ctrl Pts',(102.778795626676,28.2088848249277,37.0122183460825));
#9051=CARTESIAN_POINT('Ctrl Pts',(102.752433848105,27.8215827478112,36.6786407842911));
#9052=CARTESIAN_POINT('Ctrl Pts',(102.699710290963,26.6950562090098,36.433129864528));
#9053=CARTESIAN_POINT('Ctrl Pts',(102.62062495525,25.4576870076856,37.6529347098203));
#9054=CARTESIAN_POINT('Ctrl Pts',(102.541539619537,25.8086282972285,39.3545279581865));
#9055=CARTESIAN_POINT('Ctrl Pts',(102.462454283824,27.4246246474307,39.9892098103707));
#9056=CARTESIAN_POINT('Ctrl Pts',(102.383368948111,28.8388286316782,38.9808022917332));
#9057=CARTESIAN_POINT('Ctrl Pts',(102.304283612399,28.7647665885627,37.2455750216495));
#9058=CARTESIAN_POINT('Ctrl Pts',(102.225198276686,27.2702098365472,36.3610346602367));
#9059=CARTESIAN_POINT('Ctrl Pts',(102.146112940973,25.7135151413499,37.1311551820905));
#9060=CARTESIAN_POINT('Ctrl Pts',(102.06702760526,25.509828033712,38.8559272118889));
#9061=CARTESIAN_POINT('Ctrl Pts',(101.987942269547,26.8442555479638,39.967503260403));
#9062=CARTESIAN_POINT('Ctrl Pts',(101.908856933835,28.503815802942,39.4554556876235));
#9063=CARTESIAN_POINT('Ctrl Pts',(101.829771598122,28.9799392790569,37.7852447614483));
#9064=CARTESIAN_POINT('Ctrl Pts',(101.750686262409,27.8398430767935,36.4750891820697));
#9065=CARTESIAN_POINT('Ctrl Pts',(101.671600926696,26.1198545842301,36.7159700191767));
#9066=CARTESIAN_POINT('Ctrl Pts',(101.592515590983,25.3835172570513,38.2888396503179));
#9067=CARTESIAN_POINT('Ctrl Pts',(101.513430255271,26.3000416125042,39.7641301203388));
#9068=CARTESIAN_POINT('Ctrl Pts',(101.434344919558,28.0365736101131,39.8003965509144));
#9069=CARTESIAN_POINT('Ctrl Pts',(101.355259583845,29.0140207704143,38.3655229306336));
#9070=CARTESIAN_POINT('Ctrl Pts',(101.276174248132,28.3451916077605,36.7620121190781));
#9071=CARTESIAN_POINT('Ctrl Pts',(101.197088912419,26.6356404445373,36.4514622498041));
#9072=CARTESIAN_POINT('Ctrl Pts',(101.144365355277,25.8432917357812,37.2890308607724));
#9073=CARTESIAN_POINT('Ctrl Pts',(101.118003576706,25.711275306351,37.7828410986471));
#9074=CARTESIAN_POINT('Ctrl Pts',(102.618003576706,28.0271360335051,37.2232387877852));
#9075=CARTESIAN_POINT('Ctrl Pts',(102.618003576706,27.9927225367747,37.1863882587024));
#9076=CARTESIAN_POINT('Ctrl Pts',(102.618003576706,27.9560679395185,37.1519195746335));
#9077=CARTESIAN_POINT('Ctrl Pts',(102.618003576706,27.9174928261362,37.1198325700685));
#9078=CARTESIAN_POINT('Ctrl Pts',(102.618003576706,27.8771737281414,37.0862949089191));
#9079=CARTESIAN_POINT('Ctrl Pts',(102.618003576706,27.83475608037,37.0553585306702));
#9080=CARTESIAN_POINT('Ctrl Pts',(102.618003576706,27.790556189291,37.027051380848));
#9081=CARTESIAN_POINT('Ctrl Pts',(102.618003576706,27.7547283615469,37.0041059920021));
#9082=CARTESIAN_POINT('Ctrl Pts',(102.618003576706,27.7177283514989,36.982888574201));
#9083=CARTESIAN_POINT('Ctrl Pts',(102.618003576706,27.6797060157327,36.9634308822157));
#9084=CARTESIAN_POINT('Ctrl Pts',(102.618003576706,27.6625859242407,36.954669782712));
#9085=CARTESIAN_POINT('Ctrl Pts',(102.618003576706,27.645258377283,36.9462656662621));
#9086=CARTESIAN_POINT('Ctrl Pts',(102.618003576706,27.6277362355752,36.9382225765491));
#9087=CARTESIAN_POINT('Ctrl Pts',(102.618003576706,27.6197720745688,36.9345668327176));
#9088=CARTESIAN_POINT('Ctrl Pts',(102.618003576706,27.6117696483077,36.9309866382827));
#9089=CARTESIAN_POINT('Ctrl Pts',(102.618003576706,27.6037385954594,36.9274857857329));
#9090=CARTESIAN_POINT('Ctrl Pts',(102.618003576706,27.5538328393436,36.905731141996));
#9091=CARTESIAN_POINT('Ctrl Pts',(102.618003576706,27.502735332992,36.8869959845619));
#9092=CARTESIAN_POINT('Ctrl Pts',(102.618003576706,27.4507786779028,36.8713056105511));
#9093=CARTESIAN_POINT('Ctrl Pts',(102.618003576706,27.3978416182584,36.8553191644755));
#9094=CARTESIAN_POINT('Ctrl Pts',(102.618003576706,27.3440117536546,36.8424929001333));
#9095=CARTESIAN_POINT('Ctrl Pts',(102.618003576706,27.2896062728642,36.8328944131281));
#9096=CARTESIAN_POINT('Ctrl Pts',(102.618003576706,27.2499527040546,36.8258985322094));
#9097=CARTESIAN_POINT('Ctrl Pts',(102.618003576706,27.2099925598143,36.8206181531007));
#9098=CARTESIAN_POINT('Ctrl Pts',(102.618003576706,27.1698418900935,36.8170954893701));
#9099=CARTESIAN_POINT('Ctrl Pts',(102.618003576706,27.1540872950204,36.8157132424228));
#9100=CARTESIAN_POINT('Ctrl Pts',(102.618003576706,27.1383033257028,36.8146017835355));
#9101=CARTESIAN_POINT('Ctrl Pts',(102.618003576706,27.1224968865951,36.8137642934812));
#9102=CARTESIAN_POINT('Ctrl Pts',(102.618003576706,27.1113891537284,36.8131757601792));
#9103=CARTESIAN_POINT('Ctrl Pts',(102.618003576706,27.1002783459705,36.8127230205609));
#9104=CARTESIAN_POINT('Ctrl Pts',(102.618003576706,27.0891748015535,36.8124067297649));
#9105=CARTESIAN_POINT('Ctrl Pts',(102.618003576706,27.0323573588778,36.8107882525027));
#9106=CARTESIAN_POINT('Ctrl Pts',(102.618003576706,26.9756686481937,36.8127354054761));
#9107=CARTESIAN_POINT('Ctrl Pts',(102.618003576706,26.9194420433664,36.8183065686042));
#9108=CARTESIAN_POINT('Ctrl Pts',(102.618003576706,26.8827462992588,36.8219425337698));
#9109=CARTESIAN_POINT('Ctrl Pts',(102.618003576706,26.8462467884274,36.8271230082764));
#9110=CARTESIAN_POINT('Ctrl Pts',(102.618003576706,26.8100325647668,36.8338756565712));
#9111=CARTESIAN_POINT('Ctrl Pts',(102.618003576706,26.7559506968712,36.8439599769324));
#9112=CARTESIAN_POINT('Ctrl Pts',(102.618003576706,26.7025045097096,36.8575479611205));
#9113=CARTESIAN_POINT('Ctrl Pts',(102.618003576706,26.6498960185504,36.8744135152291));
#9114=CARTESIAN_POINT('Ctrl Pts',(102.618003576706,26.6354329280262,36.8790501818668));
#9115=CARTESIAN_POINT('Ctrl Pts',(102.618003576706,26.6210331849316,36.8839348706842));
#9116=CARTESIAN_POINT('Ctrl Pts',(102.618003576706,26.6067011002615,36.8890635484678));
#9117=CARTESIAN_POINT('Ctrl Pts',(102.618003576706,26.5945043992682,36.893428087951));
#9118=CARTESIAN_POINT('Ctrl Pts',(102.618003576706,26.5823534670279,36.8979707482719));
#9119=CARTESIAN_POINT('Ctrl Pts',(102.618003576706,26.5702753108655,36.9026792521422));
#9120=CARTESIAN_POINT('Ctrl Pts',(102.618003576706,26.5174439717837,36.9232748265988));
#9121=CARTESIAN_POINT('Ctrl Pts',(102.618003576706,26.4659139564162,36.9470696595594));
#9122=CARTESIAN_POINT('Ctrl Pts',(102.618003576706,26.4158919255703,36.9737780974366));
#9123=CARTESIAN_POINT('Ctrl Pts',(102.618003576706,26.3646811614379,37.0011212398349));
#9124=CARTESIAN_POINT('Ctrl Pts',(102.618003576706,26.3150500079734,37.0315184594514));
#9125=CARTESIAN_POINT('Ctrl Pts',(102.618003576706,26.2672259610974,37.0647187153421));
#9126=CARTESIAN_POINT('Ctrl Pts',(102.618003576706,26.2373941485186,37.0854284602507));
#9127=CARTESIAN_POINT('Ctrl Pts',(102.618003576706,26.2082656511784,37.1072299612672));
#9128=CARTESIAN_POINT('Ctrl Pts',(102.618003576706,26.1798992175194,37.130071823026));
#9129=CARTESIAN_POINT('Ctrl Pts',(102.618003576706,26.1661242295742,37.1411640306033));
#9130=CARTESIAN_POINT('Ctrl Pts',(102.618003576706,26.1525290008881,37.1525016742791));
#9131=CARTESIAN_POINT('Ctrl Pts',(102.618003576706,26.1391206062891,37.164079418586));
#9132=CARTESIAN_POINT('Ctrl Pts',(102.618003576706,26.1307174037791,37.1713353304926));
#9133=CARTESIAN_POINT('Ctrl Pts',(102.618003576706,26.1223875885908,37.1786855531656));
#9134=CARTESIAN_POINT('Ctrl Pts',(102.618003576706,26.1141329565958,37.1861288397194));
#9135=CARTESIAN_POINT('Ctrl Pts',(102.618003576706,26.1057079044913,37.1937257958384));
#9136=CARTESIAN_POINT('Ctrl Pts',(102.618003576706,26.0973676460967,37.2014138902936));
#9137=CARTESIAN_POINT('Ctrl Pts',(102.618003576706,26.089115944137,37.2091892708488));
#9138=CARTESIAN_POINT('Ctrl Pts',(102.618003576706,26.0451577253656,37.2506100445446));
#9139=CARTESIAN_POINT('Ctrl Pts',(102.618003576706,26.0036907607186,37.2945221314653));
#9140=CARTESIAN_POINT('Ctrl Pts',(102.618003576706,25.9649655479204,37.3406698144516));
#9141=CARTESIAN_POINT('Ctrl Pts',(102.618003576706,25.9378518415565,37.3729804109714));
#9142=CARTESIAN_POINT('Ctrl Pts',(102.618003576706,25.9120824992009,37.406388041577));
#9143=CARTESIAN_POINT('Ctrl Pts',(102.618003576706,25.8877520170003,37.4408175352451));
#9144=CARTESIAN_POINT('Ctrl Pts',(102.618003576706,25.8782745100441,37.4542289326456));
#9145=CARTESIAN_POINT('Ctrl Pts',(102.618003576706,25.8690143082274,37.4677975084628));
#9146=CARTESIAN_POINT('Ctrl Pts',(102.618003576706,25.8599899772831,37.4814990530643));
#9147=CARTESIAN_POINT('Ctrl Pts',(102.618003576706,25.8265532675281,37.5322656498194));
#9148=CARTESIAN_POINT('Ctrl Pts',(102.618003576706,25.7963109707765,37.5849107555965));
#9149=CARTESIAN_POINT('Ctrl Pts',(102.618003576706,25.769526007069,37.6391963825258));
#9150=CARTESIAN_POINT('Ctrl Pts',(102.618003576706,25.7541051003705,37.670450245592));
#9151=CARTESIAN_POINT('Ctrl Pts',(102.618003576706,25.7398307398794,37.7022486410778));
#9152=CARTESIAN_POINT('Ctrl Pts',(102.618003576706,25.7267589883004,37.7345514006645));
#9153=CARTESIAN_POINT('Ctrl Pts',(102.618003576706,25.7204186992699,37.7502194487469));
#9154=CARTESIAN_POINT('Ctrl Pts',(102.618003576706,25.714361411168,37.7660062053806));
#9155=CARTESIAN_POINT('Ctrl Pts',(102.618003576706,25.7085851164853,37.7819046668742));
#9156=CARTESIAN_POINT('Ctrl Pts',(101.811423250326,27.2008302555652,39.4463976258935));
#9157=CARTESIAN_POINT('Ctrl Pts',(101.81666557341,27.1176177007855,39.4471531081188));
#9158=CARTESIAN_POINT('Ctrl Pts',(101.821907896494,27.0345409215109,39.4396388372976));
#9159=CARTESIAN_POINT('Ctrl Pts',(101.827150219578,26.9532202878067,39.4233548577598));
#9160=CARTESIAN_POINT('Ctrl Pts',(101.853511998149,26.5442877392874,39.3414685154001));
#9161=CARTESIAN_POINT('Ctrl Pts',(101.87987377672,26.1797633081422,39.0378202299505));
#9162=CARTESIAN_POINT('Ctrl Pts',(101.906235555291,26.0253216097015,38.6504188316975));
#9163=CARTESIAN_POINT('Ctrl Pts',(101.932597333862,25.8708799112609,38.2630174334445));
#9164=CARTESIAN_POINT('Ctrl Pts',(101.958959112433,25.9265209455249,37.7918629223881));
#9165=CARTESIAN_POINT('Ctrl Pts',(101.985320891004,26.1669619467871,37.4510990822969));
#9166=CARTESIAN_POINT('Ctrl Pts',(102.011682669575,26.4074029480493,37.1103352422058));
#9167=CARTESIAN_POINT('Ctrl Pts',(102.038044448146,26.8326439163096,36.8999620730798));
#9168=CARTESIAN_POINT('Ctrl Pts',(102.064406226717,27.2493977999778,36.915590058295));
#9169=CARTESIAN_POINT('Ctrl Pts',(102.090768005288,27.666151683646,36.9312180435102));
#9170=CARTESIAN_POINT('Ctrl Pts',(102.117129783858,28.0744184827222,37.1728471830665));
#9171=CARTESIAN_POINT('Ctrl Pts',(102.143491562429,28.28866761498,37.5306670329291));
#9172=CARTESIAN_POINT('Ctrl Pts',(102.169853341,28.5029167472379,37.8884868827916));
#9173=CARTESIAN_POINT('Ctrl Pts',(102.196215119571,28.5231482126774,38.3624974429603));
#9174=CARTESIAN_POINT('Ctrl Pts',(102.222576898142,28.3401054945351,38.737235635911));
#9175=CARTESIAN_POINT('Ctrl Pts',(102.248938676713,28.1570627763928,39.1119738288617));
#9176=CARTESIAN_POINT('Ctrl Pts',(102.275300455284,27.7707458746687,39.3874396545945));
#9177=CARTESIAN_POINT('Ctrl Pts',(102.301662233855,27.356867248301,39.4384848161014));
#9178=CARTESIAN_POINT('Ctrl Pts',(102.304915906012,27.3057847555427,39.4447850063671));
#9179=CARTESIAN_POINT('Ctrl Pts',(102.308169578169,27.254282402732,39.4476664964941));
#9180=CARTESIAN_POINT('Ctrl Pts',(102.311423250326,27.2027368796593,39.4472772503106));
#9181=CARTESIAN_POINT('Ctrl Pts',(102.618003576706,25.7112753063501,38.5798687823648));
#9182=CARTESIAN_POINT('Ctrl Pts',(102.591641798135,25.8432917357792,39.0736790202398));
#9183=CARTESIAN_POINT('Ctrl Pts',(102.538918240993,26.6356406870588,39.911247605278));
#9184=CARTESIAN_POINT('Ctrl Pts',(102.459832905281,28.3451916405142,39.6006977826961));
#9185=CARTESIAN_POINT('Ctrl Pts',(102.380747569568,29.0140208509147,37.9971869442028));
#9186=CARTESIAN_POINT('Ctrl Pts',(102.301662233855,28.0365736200292,36.5623132916095));
#9187=CARTESIAN_POINT('Ctrl Pts',(102.222576898142,26.3000416004319,36.5985797279473));
#9188=CARTESIAN_POINT('Ctrl Pts',(102.143491562429,25.3835172146986,38.0738702271018));
#9189=CARTESIAN_POINT('Ctrl Pts',(102.064406226717,26.1198545624434,39.6467398943069));
#9190=CARTESIAN_POINT('Ctrl Pts',(101.985320891004,27.8398430898118,39.8876207355269));
#9191=CARTESIAN_POINT('Ctrl Pts',(101.906235555291,28.9799393180556,38.577465128381));
#9192=CARTESIAN_POINT('Ctrl Pts',(101.827150219578,28.5038158308608,36.9072541656512));
#9193=CARTESIAN_POINT('Ctrl Pts',(101.748064883865,26.8442555405371,36.395206581962));
#9194=CARTESIAN_POINT('Ctrl Pts',(101.668979548153,25.5098279965299,37.5067826544268));
#9195=CARTESIAN_POINT('Ctrl Pts',(101.58989421244,25.7135151099784,39.2315547218045));
#9196=CARTESIAN_POINT('Ctrl Pts',(101.510808876727,27.2702098362439,40.0016752598783));
#9197=CARTESIAN_POINT('Ctrl Pts',(101.431723541014,28.7647666255741,39.117134880266));
#9198=CARTESIAN_POINT('Ctrl Pts',(101.352638205301,28.8388286600966,37.3819075690523));
#9199=CARTESIAN_POINT('Ctrl Pts',(101.273552869588,27.4246246609345,36.3735000332587));
#9200=CARTESIAN_POINT('Ctrl Pts',(101.194467533876,25.8086282342097,37.0081818723599));
#9201=CARTESIAN_POINT('Ctrl Pts',(101.115382198163,25.4576869689271,38.7097751698821));
#9202=CARTESIAN_POINT('Ctrl Pts',(101.03629686245,26.6950560232544,39.9295798584119));
#9203=CARTESIAN_POINT('Ctrl Pts',(100.983573305308,27.8215827478079,39.6840690967256));
#9204=CARTESIAN_POINT('Ctrl Pts',(100.957211526737,28.2088848249251,39.3504915349351));
#9205=CARTESIAN_POINT('Ctrl Pts',(102.671600926696,25.8009590103377,38.5558925229227));
#9206=CARTESIAN_POINT('Ctrl Pts',(102.645239148125,25.9250327792362,39.0199930716104));
#9207=CARTESIAN_POINT('Ctrl Pts',(102.592515590983,26.6697107037431,39.8071700275855));
#9208=CARTESIAN_POINT('Ctrl Pts',(102.51343025527,28.2764079219344,39.5153041811516));
#9209=CARTESIAN_POINT('Ctrl Pts',(102.434344919558,28.9049975697736,38.0082672611116));
#9210=CARTESIAN_POINT('Ctrl Pts',(102.355259583845,27.9863576523038,36.6597216085718));
#9211=CARTESIAN_POINT('Ctrl Pts',(102.276174248132,26.3543026617534,36.6938061044213));
#9212=CARTESIAN_POINT('Ctrl Pts',(102.197088912419,25.4929202162721,38.0803369569967));
#9213=CARTESIAN_POINT('Ctrl Pts',(102.118003576706,26.1849564295717,39.5585762067647));
#9214=CARTESIAN_POINT('Ctrl Pts',(102.038918240993,27.801463253576,39.7849646491339));
#9215=CARTESIAN_POINT('Ctrl Pts',(101.959832905281,28.8729665244715,38.5536334828155));
#9216=CARTESIAN_POINT('Ctrl Pts',(101.880747569568,28.4254886175712,36.983909396975));
#9217=CARTESIAN_POINT('Ctrl Pts',(101.801662233855,26.8657744151402,36.5026687374718));
#9218=CARTESIAN_POINT('Ctrl Pts',(101.722576898142,25.6116316131952,37.5473677444405));
#9219=CARTESIAN_POINT('Ctrl Pts',(101.643491562429,25.8030640580122,39.1683703106809));
#9220=CARTESIAN_POINT('Ctrl Pts',(101.564406226717,27.2661015189363,39.8921571762868));
#9221=CARTESIAN_POINT('Ctrl Pts',(101.485320891004,28.6707395210926,39.0608344453507));
#9222=CARTESIAN_POINT('Ctrl Pts',(101.406235555291,28.7403456738664,37.4300056664708));
#9223=CARTESIAN_POINT('Ctrl Pts',(101.327150219578,27.41122610196,36.4822681455225));
#9224=CARTESIAN_POINT('Ctrl Pts',(101.248064883865,25.8924547788954,37.0787648707352));
#9225=CARTESIAN_POINT('Ctrl Pts',(101.168979548152,25.562627607884,38.6779831988558));
#9226=CARTESIAN_POINT('Ctrl Pts',(101.08989421244,26.7255513648187,39.8243993356993));
#9227=CARTESIAN_POINT('Ctrl Pts',(101.037170655298,27.7843015301179,39.5936595282428));
#9228=CARTESIAN_POINT('Ctrl Pts',(101.010808876727,28.148301894451,39.2801513877007));
#9229=CARTESIAN_POINT('Ctrl Pts',(102.725198276686,25.8906427143254,38.5319162634807));
#9230=CARTESIAN_POINT('Ctrl Pts',(102.698836498115,26.0067738226933,38.966307122981));
#9231=CARTESIAN_POINT('Ctrl Pts',(102.646112940973,26.7037807204274,39.703092449893));
#9232=CARTESIAN_POINT('Ctrl Pts',(102.56702760526,28.2076242033546,39.4299105796071));
#9233=CARTESIAN_POINT('Ctrl Pts',(102.487942269547,28.7959742886324,38.0193475780204));
#9234=CARTESIAN_POINT('Ctrl Pts',(102.408856933835,27.9361416845784,36.757129925534));
#9235=CARTESIAN_POINT('Ctrl Pts',(102.329771598122,26.4085637230748,36.7890324808952));
#9236=CARTESIAN_POINT('Ctrl Pts',(102.250686262409,25.6023232178456,38.0868036868916));
#9237=CARTESIAN_POINT('Ctrl Pts',(102.171600926696,26.2500582967,39.4704125192224));
#9238=CARTESIAN_POINT('Ctrl Pts',(102.092515590983,27.7630834173403,39.682308562741));
#9239=CARTESIAN_POINT('Ctrl Pts',(102.013430255271,28.7659937308873,38.52980183725));
#9240=CARTESIAN_POINT('Ctrl Pts',(101.934344919558,28.3471614042817,37.0605646282987));
#9241=CARTESIAN_POINT('Ctrl Pts',(101.855259583845,26.8872932897433,36.6101308929816));
#9242=CARTESIAN_POINT('Ctrl Pts',(101.776174248132,25.7134352298606,37.5879528344542));
#9243=CARTESIAN_POINT('Ctrl Pts',(101.697088912419,25.892613006046,39.1051858995573));
#9244=CARTESIAN_POINT('Ctrl Pts',(101.618003576706,27.2619932016288,39.7826390926954));
#9245=CARTESIAN_POINT('Ctrl Pts',(101.538918240994,28.576712416611,39.0045340104354));
#9246=CARTESIAN_POINT('Ctrl Pts',(101.459832905281,28.6418626876362,37.4781037638893));
#9247=CARTESIAN_POINT('Ctrl Pts',(101.380747569568,27.3978275429855,36.5910362577862));
#9248=CARTESIAN_POINT('Ctrl Pts',(101.301662233855,25.9762813235811,37.1493478691104));
#9249=CARTESIAN_POINT('Ctrl Pts',(101.222576898142,25.6675682468408,38.6461912278295));
#9250=CARTESIAN_POINT('Ctrl Pts',(101.14349156243,26.7560467063829,39.7192188129868));
#9251=CARTESIAN_POINT('Ctrl Pts',(101.090768005288,27.7470203124278,39.50324995976));
#9252=CARTESIAN_POINT('Ctrl Pts',(101.064406226717,28.087718963977,39.2098112404663));
#9253=CARTESIAN_POINT('Ctrl Pts',(102.778795626676,25.980326418313,38.5079400040386));
#9254=CARTESIAN_POINT('Ctrl Pts',(102.752433848105,26.0885148661504,38.9126211743516));
#9255=CARTESIAN_POINT('Ctrl Pts',(102.699710290963,26.7378507371116,39.5990148722006));
#9256=CARTESIAN_POINT('Ctrl Pts',(102.62062495525,28.1388404847748,39.3445169780626));
#9257=CARTESIAN_POINT('Ctrl Pts',(102.541539619537,28.6869510074913,38.0304278949292));
#9258=CARTESIAN_POINT('Ctrl Pts',(102.462454283824,27.8859257168531,36.8545382424962));
#9259=CARTESIAN_POINT('Ctrl Pts',(102.383368948112,26.4628247843963,36.8842588573692));
#9260=CARTESIAN_POINT('Ctrl Pts',(102.304283612399,25.7117262194192,38.0932704167865));
#9261=CARTESIAN_POINT('Ctrl Pts',(102.225198276686,26.3151601638283,39.3822488316802));
#9262=CARTESIAN_POINT('Ctrl Pts',(102.146112940973,27.7247035811045,39.5796524763481));
#9263=CARTESIAN_POINT('Ctrl Pts',(102.06702760526,28.6590209373031,38.5059701916845));
#9264=CARTESIAN_POINT('Ctrl Pts',(101.987942269547,28.2688341909921,37.1372198596224));
#9265=CARTESIAN_POINT('Ctrl Pts',(101.908856933835,26.9088121643464,36.7175930484914));
#9266=CARTESIAN_POINT('Ctrl Pts',(101.829771598122,25.8152388465259,37.628537924468));
#9267=CARTESIAN_POINT('Ctrl Pts',(101.750686262409,25.9821619540798,39.0420014884337));
#9268=CARTESIAN_POINT('Ctrl Pts',(101.671600926696,27.2578848843213,39.673121009104));
#9269=CARTESIAN_POINT('Ctrl Pts',(101.592515590983,28.4826853121295,38.9482335755202));
#9270=CARTESIAN_POINT('Ctrl Pts',(101.51343025527,28.543379701406,37.5262018613079));
#9271=CARTESIAN_POINT('Ctrl Pts',(101.434344919558,27.384428984011,36.6998043700499));
#9272=CARTESIAN_POINT('Ctrl Pts',(101.355259583845,26.0601078682667,37.2199308674857));
#9273=CARTESIAN_POINT('Ctrl Pts',(101.276174248132,25.7725088857976,38.6143992568031));
#9274=CARTESIAN_POINT('Ctrl Pts',(101.197088912419,26.7865420479472,39.6140382902743));
#9275=CARTESIAN_POINT('Ctrl Pts',(101.144365355277,27.7097390947378,39.4128403912773));
#9276=CARTESIAN_POINT('Ctrl Pts',(101.118003576706,28.027136033503,39.1394710932319));
#9277=CARTESIAN_POINT('Ctrl Pts',(102.174583903087,27.2027694710302,39.4445644633522));
#9278=CARTESIAN_POINT('Ctrl Pts',(102.165093582382,27.3539685044996,39.445503227932));
#9279=CARTESIAN_POINT('Ctrl Pts',(102.155603261678,27.5048663994889,39.4203819853875));
#9280=CARTESIAN_POINT('Ctrl Pts',(102.146112940973,27.6454992375916,39.3678048214595));
#9281=CARTESIAN_POINT('Ctrl Pts',(102.119751162402,28.0361426998374,39.2217583814602));
#9282=CARTESIAN_POINT('Ctrl Pts',(102.093389383831,28.3475818185702,38.8638642865724));
#9283=CARTESIAN_POINT('Ctrl Pts',(102.06702760526,28.4382702535515,38.4567921837847));
#9284=CARTESIAN_POINT('Ctrl Pts',(102.040665826689,28.5289586885328,38.0497200809971));
#9285=CARTESIAN_POINT('Ctrl Pts',(102.014304048118,28.3988964397624,37.5934699703098));
#9286=CARTESIAN_POINT('Ctrl Pts',(101.987942269547,28.107194977603,37.2954071131109));
#9287=CARTESIAN_POINT('Ctrl Pts',(101.961580490976,27.8154935154435,36.9973442559121));
#9288=CARTESIAN_POINT('Ctrl Pts',(101.935218712406,27.362152839895,36.8574686522018));
#9289=CARTESIAN_POINT('Ctrl Pts',(101.908856933835,26.9532202824839,36.9393549963427));
#9290=CARTESIAN_POINT('Ctrl Pts',(101.882495155264,26.5442877250729,37.0212413404836));
#9291=CARTESIAN_POINT('Ctrl Pts',(101.856133376693,26.1797632857994,37.3248896324758));
#9292=CARTESIAN_POINT('Ctrl Pts',(101.829771598122,26.0253215840883,37.7122910391328));
#9293=CARTESIAN_POINT('Ctrl Pts',(101.803409819551,25.8708798823772,38.0996924457899));
#9294=CARTESIAN_POINT('Ctrl Pts',(101.77704804098,25.9265209182285,38.5708469671118));
#9295=CARTESIAN_POINT('Ctrl Pts',(101.750686262409,26.1669619245277,38.9116108145511));
#9296=CARTESIAN_POINT('Ctrl Pts',(101.725318809302,26.3983338684188,39.2395215773755));
#9297=CARTESIAN_POINT('Ctrl Pts',(101.699951356194,26.8008279568667,39.446692430497));
#9298=CARTESIAN_POINT('Ctrl Pts',(101.674583903087,27.2022140150085,39.4479287878267));
#9299=CARTESIAN_POINT('Ctrl Pts',(102.618003576706,25.7112753063501,38.5798687823648));
#9300=CARTESIAN_POINT('Ctrl Pts',(102.618003576706,25.7324109608286,38.6377119475386));
#9301=CARTESIAN_POINT('Ctrl Pts',(102.618003576706,25.7572214496209,38.693966869422));
#9302=CARTESIAN_POINT('Ctrl Pts',(102.618003576706,25.7853975677837,38.7484325883819));
#9303=CARTESIAN_POINT('Ctrl Pts',(102.618003576706,25.8132162996856,38.8022074634314));
#9304=CARTESIAN_POINT('Ctrl Pts',(102.618003576706,25.8443169223539,38.8542388916922));
#9305=CARTESIAN_POINT('Ctrl Pts',(102.618003576706,25.8784467761638,38.9043013329461));
#9306=CARTESIAN_POINT('Ctrl Pts',(102.618003576706,25.9044278234138,38.9424109204911));
#9307=CARTESIAN_POINT('Ctrl Pts',(102.618003576706,25.9321652810393,38.9793789322168));
#9308=CARTESIAN_POINT('Ctrl Pts',(102.618003576706,25.9615597957397,39.0150896464491));
#9309=CARTESIAN_POINT('Ctrl Pts',(102.618003576706,25.9772459228731,39.0341463585322));
#9310=CARTESIAN_POINT('Ctrl Pts',(102.618003576706,25.9934040850216,39.0528447675988));
#9311=CARTESIAN_POINT('Ctrl Pts',(102.618003576706,26.0100200026773,39.0711653551363));
#9312=CARTESIAN_POINT('Ctrl Pts',(102.618003576706,26.0170207615921,39.0788843399788));
#9313=CARTESIAN_POINT('Ctrl Pts',(102.618003576706,26.0241027793861,39.0865360885299));
#9314=CARTESIAN_POINT('Ctrl Pts',(102.618003576706,26.0312550763133,39.0941089720989));
#9315=CARTESIAN_POINT('Ctrl Pts',(102.618003576706,26.0719288052027,39.1371744958502));
#9316=CARTESIAN_POINT('Ctrl Pts',(102.618003576706,26.1149502501678,39.1777794839196));
#9317=CARTESIAN_POINT('Ctrl Pts',(102.618003576706,26.1600766392647,39.2157175831588));
#9318=CARTESIAN_POINT('Ctrl Pts',(102.618003576706,26.2042868836902,39.2528854725906));
#9319=CARTESIAN_POINT('Ctrl Pts',(102.618003576706,26.2505184179469,39.2874941021894));
#9320=CARTESIAN_POINT('Ctrl Pts',(102.618003576706,26.298566011834,39.3193064426833));
#9321=CARTESIAN_POINT('Ctrl Pts',(102.618003576706,26.33414424726,39.3428628135226));
#9322=CARTESIAN_POINT('Ctrl Pts',(102.618003576706,26.3707187725649,39.3648851162132));
#9323=CARTESIAN_POINT('Ctrl Pts',(102.618003576706,26.4082102558202,39.3852592763697));
#9324=CARTESIAN_POINT('Ctrl Pts',(102.618003576706,26.4273144968845,39.3956411773594));
#9325=CARTESIAN_POINT('Ctrl Pts',(102.618003576706,26.4466568623254,39.4055948741262));
#9326=CARTESIAN_POINT('Ctrl Pts',(102.618003576706,26.4662269363913,39.4151035769534));
#9327=CARTESIAN_POINT('Ctrl Pts',(102.618003576706,26.4762921200212,39.4199940459274));
#9328=CARTESIAN_POINT('Ctrl Pts',(102.618003576706,26.4864098682349,39.4247630033658));
#9329=CARTESIAN_POINT('Ctrl Pts',(102.618003576706,26.4965727499279,39.429406131108));
#9330=CARTESIAN_POINT('Ctrl Pts',(102.618003576706,26.5472745458217,39.452570320381));
#9331=CARTESIAN_POINT('Ctrl Pts',(102.618003576706,26.5991444190044,39.4726288751566));
#9332=CARTESIAN_POINT('Ctrl Pts',(102.618003576706,26.6519903055355,39.4893690409705));
#9333=CARTESIAN_POINT('Ctrl Pts',(102.618003576706,26.6892110936372,39.5011595928081));
#9334=CARTESIAN_POINT('Ctrl Pts',(102.618003576706,26.7269164492518,39.5113030373276));
#9335=CARTESIAN_POINT('Ctrl Pts',(102.618003576706,26.7650414363396,39.5197095702919));
#9336=CARTESIAN_POINT('Ctrl Pts',(102.618003576706,26.8190152522876,39.5316107589253));
#9337=CARTESIAN_POINT('Ctrl Pts',(102.618003576706,26.873831120067,39.5400322669435));
#9338=CARTESIAN_POINT('Ctrl Pts',(102.618003576706,26.9291732549451,39.5450308814023));
#9339=CARTESIAN_POINT('Ctrl Pts',(102.618003576706,26.9449627704466,39.5464570226355));
#9340=CARTESIAN_POINT('Ctrl Pts',(102.618003576706,26.9607950375082,39.5476042627224));
#9341=CARTESIAN_POINT('Ctrl Pts',(102.618003576706,26.9766624608843,39.5484732767335));
#9342=CARTESIAN_POINT('Ctrl Pts',(102.618003576706,26.9889203630544,39.5491446074519));
#9343=CARTESIAN_POINT('Ctrl Pts',(102.618003576706,27.0012019423268,39.5496498248533));
#9344=CARTESIAN_POINT('Ctrl Pts',(102.618003576706,27.0134799516856,39.5499888980121));
#9345=CARTESIAN_POINT('Ctrl Pts',(102.618003576706,27.0691134883925,39.5515252903111));
#9346=CARTESIAN_POINT('Ctrl Pts',(102.618003576706,27.1247753330962,39.5496619895883));
#9347=CARTESIAN_POINT('Ctrl Pts',(102.618003576706,27.1801493495236,39.5445073079383));
#9348=CARTESIAN_POINT('Ctrl Pts',(102.618003576706,27.2354848027666,39.5393562160755));
#9349=CARTESIAN_POINT('Ctrl Pts',(102.618003576706,27.2905339681011,39.530917862413));
#9350=CARTESIAN_POINT('Ctrl Pts',(102.618003576706,27.3449660769035,39.5192510459721));
#9351=CARTESIAN_POINT('Ctrl Pts',(102.618003576706,27.378398653893,39.5120852067742));
#9352=CARTESIAN_POINT('Ctrl Pts',(102.618003576706,27.4115980750902,39.5037004943352));
#9353=CARTESIAN_POINT('Ctrl Pts',(102.618003576706,27.4444820473169,39.4941024291164));
#9354=CARTESIAN_POINT('Ctrl Pts',(102.618003576706,27.4615608522192,39.4891175239418));
#9355=CARTESIAN_POINT('Ctrl Pts',(102.618003576706,27.478554483637,39.4838052322723));
#9356=CARTESIAN_POINT('Ctrl Pts',(102.618003576706,27.4954507939822,39.478165734485));
#9357=CARTESIAN_POINT('Ctrl Pts',(102.618003576706,27.5080776179295,39.4739512672873));
#9358=CARTESIAN_POINT('Ctrl Pts',(102.618003576706,27.5206519318566,39.4695532154158));
#9359=CARTESIAN_POINT('Ctrl Pts',(102.618003576706,27.5331480325263,39.4649794898706));
#9360=CARTESIAN_POINT('Ctrl Pts',(102.618003576706,27.5834932325295,39.4465525314604));
#9361=CARTESIAN_POINT('Ctrl Pts',(102.618003576706,27.6326463575043,39.4252533424437));
#9362=CARTESIAN_POINT('Ctrl Pts',(102.618003576706,27.6802947300951,39.401126787931));
#9363=CARTESIAN_POINT('Ctrl Pts',(102.618003576706,27.7124291847759,39.384855640976));
#9364=CARTESIAN_POINT('Ctrl Pts',(102.618003576706,27.7438787112483,39.3672976758997));
#9365=CARTESIAN_POINT('Ctrl Pts',(102.618003576706,27.7745376780291,39.3484573730674));
#9366=CARTESIAN_POINT('Ctrl Pts',(102.618003576706,27.7883448695776,39.3399726882476));
#9367=CARTESIAN_POINT('Ctrl Pts',(102.618003576706,27.8019947951763,39.331225468531));
#9368=CARTESIAN_POINT('Ctrl Pts',(102.618003576706,27.8154549480344,39.3222312274169));
#9369=CARTESIAN_POINT('Ctrl Pts',(102.618003576706,27.8580443641797,39.2937724512235));
#9370=CARTESIAN_POINT('Ctrl Pts',(102.618003576706,27.8987811004409,39.2628175356169));
#9371=CARTESIAN_POINT('Ctrl Pts',(102.618003576706,27.9373651508764,39.2293906783358));
#9372=CARTESIAN_POINT('Ctrl Pts',(102.618003576706,27.9587751896455,39.2108423325235));
#9373=CARTESIAN_POINT('Ctrl Pts',(102.618003576706,27.9795217354444,39.1915322900594));
#9374=CARTESIAN_POINT('Ctrl Pts',(102.618003576706,27.9995476752372,39.171460838254));
#9375=CARTESIAN_POINT('Ctrl Pts',(102.618003576706,28.0093814446338,39.1616047201117));
#9376=CARTESIAN_POINT('Ctrl Pts',(102.618003576706,28.019041378324,39.1515649572447));
#9377=CARTESIAN_POINT('Ctrl Pts',(102.618003576706,28.0285250545734,39.1413472948839));
#9378=CARTESIAN_POINT('Origin',(102.618003576706,27.2019247345686,38.1813549405076));
#9379=CARTESIAN_POINT('Origin',(102.618003576706,13.1999997049576,38.1999991461636));
#9380=CARTESIAN_POINT('Origin',(-108.59615629154,27.2019247345675,38.1807413664703));
#9381=CARTESIAN_POINT('Origin',(-108.59615629154,13.1999997049564,38.1993855721263));
#9382=CARTESIAN_POINT('Origin',(-28.65,21.6900000000001,43.2884348746269));
#9383=CARTESIAN_POINT('',(-28.65,28.6900000000001,41.7884348746269));
#9384=CARTESIAN_POINT('',(-28.65,21.6900000000001,41.7884348746269));
#9385=CARTESIAN_POINT('',(-28.65,73.294999999998,41.7884348746269));
#9386=CARTESIAN_POINT('',(-28.65,28.6900000000001,43.2884348746269));
#9387=CARTESIAN_POINT('',(-28.65,21.6900000000001,43.2884348746269));
#9388=CARTESIAN_POINT('Origin',(-21.65,21.6900000000001,43.2884348746269));
#9389=CARTESIAN_POINT('',(-21.65,21.6900000000001,41.7884348746269));
#9390=CARTESIAN_POINT('',(-12.3195381787083,21.6900000000001,41.7884348746269));
#9391=CARTESIAN_POINT('',(-21.65,21.6900000000001,43.2884348746269));
#9392=CARTESIAN_POINT('Origin',(-21.65,28.6900000000001,43.2884348746269));
#9393=CARTESIAN_POINT('',(-21.65,28.6900000000001,41.7884348746269));
#9394=CARTESIAN_POINT('',(-21.65,76.794999999998,41.788434874627));
#9395=CARTESIAN_POINT('',(-21.65,28.6900000000001,43.2884348746269));
#9396=CARTESIAN_POINT('Origin',(-28.65,28.6900000000001,43.2884348746269));
#9397=CARTESIAN_POINT('',(-15.8195381787083,28.6900000000001,41.7884348746269));
#9398=CARTESIAN_POINT('Origin',(7.66099999999995,39.0530000000001,43.2884348746269));
#9399=CARTESIAN_POINT('',(7.66099999999996,35.0530000000001,41.7884348746269));
#9400=CARTESIAN_POINT('',(7.66099999999995,39.0530000000001,41.7884348746269));
#9401=CARTESIAN_POINT('',(7.66099999999986,81.976499999998,41.788434874627));
#9402=CARTESIAN_POINT('',(7.66099999999996,35.0530000000001,43.2884348746269));
#9403=CARTESIAN_POINT('',(7.66099999999995,39.0530000000001,43.2884348746269));
#9404=CARTESIAN_POINT('Origin',(0.660999999999961,39.0530000000001,43.2884348746269));
#9405=CARTESIAN_POINT('',(0.66099999999996,39.0530000000001,41.7884348746269));
#9406=CARTESIAN_POINT('',(-1.1640381787083,39.0530000000001,41.7884348746269));
#9407=CARTESIAN_POINT('',(0.660999999999961,39.0530000000001,43.2884348746269));
#9408=CARTESIAN_POINT('Origin',(0.66099999999996,35.0530000000001,43.2884348746269));
#9409=CARTESIAN_POINT('',(0.66099999999996,35.0530000000001,41.7884348746269));
#9410=CARTESIAN_POINT('',(0.660999999999965,79.976499999998,41.788434874627));
#9411=CARTESIAN_POINT('',(0.66099999999996,35.0530000000001,43.2884348746269));
#9412=CARTESIAN_POINT('Origin',(7.66099999999996,35.0530000000001,43.2884348746269));
#9413=CARTESIAN_POINT('',(2.33596182129165,35.0530000000001,41.7884348746269));
#9414=CARTESIAN_POINT('Origin',(-32.7390000000001,39.0530000000001,43.2884348746269));
#9415=CARTESIAN_POINT('',(-32.739,35.0530000000001,41.7884348746269));
#9416=CARTESIAN_POINT('',(-32.7390000000001,39.0530000000001,41.7884348746269));
#9417=CARTESIAN_POINT('',(-32.7390000000001,81.976499999998,41.788434874627));
#9418=CARTESIAN_POINT('',(-32.739,35.0530000000001,43.2884348746269));
#9419=CARTESIAN_POINT('',(-32.7390000000001,39.0530000000001,43.2884348746269));
#9420=CARTESIAN_POINT('Origin',(-39.739,39.0530000000001,43.2884348746269));
#9421=CARTESIAN_POINT('',(-39.739,39.0530000000001,41.7884348746269));
#9422=CARTESIAN_POINT('',(-21.3640381787083,39.0530000000001,41.7884348746269));
#9423=CARTESIAN_POINT('',(-39.739,39.0530000000001,43.2884348746269));
#9424=CARTESIAN_POINT('Origin',(-39.739,35.0530000000001,43.2884348746269));
#9425=CARTESIAN_POINT('',(-39.739,35.0530000000001,41.7884348746269));
#9426=CARTESIAN_POINT('',(-39.739,79.976499999998,41.788434874627));
#9427=CARTESIAN_POINT('',(-39.739,35.0530000000001,43.2884348746269));
#9428=CARTESIAN_POINT('Origin',(-32.739,35.0530000000001,43.2884348746269));
#9429=CARTESIAN_POINT('',(-17.8640381787084,35.0530000000001,41.7884348746269));
#9430=CARTESIAN_POINT('Origin',(-22.639,39.0530000000001,43.2884348746269));
#9431=CARTESIAN_POINT('',(-22.639,35.0530000000001,41.7884348746269));
#9432=CARTESIAN_POINT('',(-22.639,39.0530000000001,41.7884348746269));
#9433=CARTESIAN_POINT('',(-22.6390000000001,81.976499999998,41.788434874627));
#9434=CARTESIAN_POINT('',(-22.639,35.0530000000001,43.2884348746269));
#9435=CARTESIAN_POINT('',(-22.639,39.0530000000001,43.2884348746269));
#9436=CARTESIAN_POINT('Origin',(-29.639,39.0530000000001,43.2884348746269));
#9437=CARTESIAN_POINT('',(-29.639,39.0530000000001,41.7884348746269));
#9438=CARTESIAN_POINT('',(-16.3140381787083,39.0530000000001,41.7884348746269));
#9439=CARTESIAN_POINT('',(-29.639,39.0530000000001,43.2884348746269));
#9440=CARTESIAN_POINT('Origin',(-29.639,35.0530000000001,43.2884348746269));
#9441=CARTESIAN_POINT('',(-29.639,35.0530000000001,41.7884348746269));
#9442=CARTESIAN_POINT('',(-29.639,79.976499999998,41.788434874627));
#9443=CARTESIAN_POINT('',(-29.639,35.0530000000001,43.2884348746269));
#9444=CARTESIAN_POINT('Origin',(-22.639,35.0530000000001,43.2884348746269));
#9445=CARTESIAN_POINT('',(-12.8140381787084,35.0530000000001,41.7884348746269));
#9446=CARTESIAN_POINT('Origin',(17.761,39.0530000000001,43.2884348746269));
#9447=CARTESIAN_POINT('',(17.761,35.0530000000001,41.7884348746269));
#9448=CARTESIAN_POINT('',(17.761,39.0530000000001,41.7884348746269));
#9449=CARTESIAN_POINT('',(17.7609999999999,81.976499999998,41.788434874627));
#9450=CARTESIAN_POINT('',(17.761,35.0530000000001,43.2884348746269));
#9451=CARTESIAN_POINT('',(17.761,39.0530000000001,43.2884348746269));
#9452=CARTESIAN_POINT('Origin',(10.761,39.0530000000001,43.2884348746269));
#9453=CARTESIAN_POINT('',(10.761,39.0530000000001,41.7884348746269));
#9454=CARTESIAN_POINT('',(3.8859618212917,39.0530000000001,41.7884348746269));
#9455=CARTESIAN_POINT('',(10.761,39.0530000000001,43.2884348746269));
#9456=CARTESIAN_POINT('Origin',(10.761,35.0530000000001,43.2884348746269));
#9457=CARTESIAN_POINT('',(10.761,35.0530000000001,41.7884348746269));
#9458=CARTESIAN_POINT('',(10.761,79.976499999998,41.788434874627));
#9459=CARTESIAN_POINT('',(10.761,35.0530000000001,43.2884348746269));
#9460=CARTESIAN_POINT('Origin',(17.761,35.0530000000001,43.2884348746269));
#9461=CARTESIAN_POINT('',(7.38596182129165,35.0530000000001,41.7884348746269));
#9462=CARTESIAN_POINT('Origin',(-8.62999999999995,21.8800000000001,43.2884348746269));
#9463=CARTESIAN_POINT('',(-8.62999999999996,28.8800000000001,41.7884348746269));
#9464=CARTESIAN_POINT('',(-8.62999999999995,21.8800000000001,41.7884348746269));
#9465=CARTESIAN_POINT('',(-8.62999999999996,73.389999999998,41.7884348746269));
#9466=CARTESIAN_POINT('',(-8.62999999999996,28.8800000000001,43.2884348746269));
#9467=CARTESIAN_POINT('',(-8.62999999999995,21.8800000000001,43.2884348746269));
#9468=CARTESIAN_POINT('Origin',(-1.62999999999996,21.8800000000001,43.2884348746269));
#9469=CARTESIAN_POINT('',(-1.62999999999996,21.8800000000001,41.7884348746269));
#9470=CARTESIAN_POINT('',(-2.30953817870828,21.8800000000001,41.7884348746269));
#9471=CARTESIAN_POINT('',(-1.62999999999996,21.8800000000001,43.2884348746269));
#9472=CARTESIAN_POINT('Origin',(-1.62999999999996,28.8800000000001,43.2884348746269));
#9473=CARTESIAN_POINT('',(-1.62999999999996,28.8800000000001,41.7884348746269));
#9474=CARTESIAN_POINT('',(-1.62999999999996,76.889999999998,41.788434874627));
#9475=CARTESIAN_POINT('',(-1.62999999999996,28.8800000000001,43.2884348746269));
#9476=CARTESIAN_POINT('Origin',(-8.62999999999996,28.8800000000001,43.2884348746269));
#9477=CARTESIAN_POINT('',(-5.80953817870828,28.8800000000001,41.7884348746269));
#9478=CARTESIAN_POINT('Origin',(54.79,21.5800000000001,43.2884348746269));
#9479=CARTESIAN_POINT('',(54.79,28.5800000000001,41.7884348746269));
#9480=CARTESIAN_POINT('',(54.79,21.5800000000001,41.7884348746269));
#9481=CARTESIAN_POINT('',(54.79,73.239999999998,41.7884348746269));
#9482=CARTESIAN_POINT('',(54.79,28.5800000000001,43.2884348746269));
#9483=CARTESIAN_POINT('',(54.79,21.5800000000001,43.2884348746269));
#9484=CARTESIAN_POINT('Origin',(61.79,21.5800000000001,43.2884348746269));
#9485=CARTESIAN_POINT('',(61.79,21.5800000000001,41.7884348746269));
#9486=CARTESIAN_POINT('',(29.4004618212917,21.5800000000001,41.7884348746269));
#9487=CARTESIAN_POINT('',(61.79,21.5800000000001,43.2884348746269));
#9488=CARTESIAN_POINT('Origin',(61.79,28.5800000000001,43.2884348746269));
#9489=CARTESIAN_POINT('',(61.79,28.5800000000001,41.7884348746269));
#9490=CARTESIAN_POINT('',(61.79,76.739999999998,41.7884348746269));
#9491=CARTESIAN_POINT('',(61.79,28.5800000000001,43.2884348746269));
#9492=CARTESIAN_POINT('Origin',(54.79,28.5800000000001,43.2884348746269));
#9493=CARTESIAN_POINT('',(25.9004618212917,28.5800000000001,41.7884348746269));
#9494=CARTESIAN_POINT('Origin',(-2.43900000000004,39.0530000000001,43.2884348746269));
#9495=CARTESIAN_POINT('',(-2.43900000000004,35.0530000000001,41.7884348746269));
#9496=CARTESIAN_POINT('',(-2.43900000000004,39.0530000000001,41.7884348746269));
#9497=CARTESIAN_POINT('',(-2.43900000000014,81.976499999998,41.788434874627));
#9498=CARTESIAN_POINT('',(-2.43900000000004,35.0530000000001,43.2884348746269));
#9499=CARTESIAN_POINT('',(-2.43900000000004,39.0530000000001,43.2884348746269));
#9500=CARTESIAN_POINT('Origin',(-9.43900000000004,39.0530000000001,43.2884348746269));
#9501=CARTESIAN_POINT('',(-9.43900000000004,39.0530000000001,41.7884348746269));
#9502=CARTESIAN_POINT('',(-6.2140381787083,39.0530000000001,41.7884348746269));
#9503=CARTESIAN_POINT('',(-9.43900000000004,39.0530000000001,43.2884348746269));
#9504=CARTESIAN_POINT('Origin',(-9.43900000000004,35.0530000000001,43.2884348746269));
#9505=CARTESIAN_POINT('',(-9.43900000000004,35.0530000000001,41.7884348746269));
#9506=CARTESIAN_POINT('',(-9.43900000000004,79.976499999998,41.788434874627));
#9507=CARTESIAN_POINT('',(-9.43900000000004,35.0530000000001,43.2884348746269));
#9508=CARTESIAN_POINT('Origin',(-2.43900000000004,35.0530000000001,43.2884348746269));
#9509=CARTESIAN_POINT('',(-2.71403817870835,35.0530000000001,41.7884348746269));
#9510=CARTESIAN_POINT('Origin',(-49.839,35.0530000000001,43.2884348746269));
#9511=CARTESIAN_POINT('',(-49.839,39.0530000000001,41.7884348746269));
#9512=CARTESIAN_POINT('',(-49.839,35.0530000000001,41.7884348746269));
#9513=CARTESIAN_POINT('',(-49.839,79.976499999998,41.788434874627));
#9514=CARTESIAN_POINT('',(-49.839,39.0530000000001,43.2884348746269));
#9515=CARTESIAN_POINT('',(-49.839,35.0530000000001,43.2884348746269));
#9516=CARTESIAN_POINT('Origin',(-42.839,35.0530000000001,43.2884348746269));
#9517=CARTESIAN_POINT('',(-42.839,35.0530000000001,41.7884348746269));
#9518=CARTESIAN_POINT('',(-22.9140381787084,35.0530000000001,41.7884348746269));
#9519=CARTESIAN_POINT('',(-42.839,35.0530000000001,43.2884348746269));
#9520=CARTESIAN_POINT('Origin',(-42.8390000000001,39.0530000000001,43.2884348746269));
#9521=CARTESIAN_POINT('',(-42.8390000000001,39.0530000000001,41.7884348746269));
#9522=CARTESIAN_POINT('',(-42.8390000000002,81.976499999998,41.788434874627));
#9523=CARTESIAN_POINT('',(-42.8390000000001,39.0530000000001,43.2884348746269));
#9524=CARTESIAN_POINT('Origin',(-49.839,39.0530000000001,43.2884348746269));
#9525=CARTESIAN_POINT('',(-26.4140381787083,39.0530000000001,41.7884348746269));
#9526=CARTESIAN_POINT('Origin',(-12.539,39.0530000000001,43.2884348746269));
#9527=CARTESIAN_POINT('',(-12.539,35.0530000000001,41.7884348746269));
#9528=CARTESIAN_POINT('',(-12.539,39.0530000000001,41.7884348746269));
#9529=CARTESIAN_POINT('',(-12.5390000000001,81.976499999998,41.788434874627));
#9530=CARTESIAN_POINT('',(-12.539,35.0530000000001,43.2884348746269));
#9531=CARTESIAN_POINT('',(-12.539,39.0530000000001,43.2884348746269));
#9532=CARTESIAN_POINT('Origin',(-19.539,39.0530000000001,43.2884348746269));
#9533=CARTESIAN_POINT('',(-19.539,39.0530000000001,41.7884348746269));
#9534=CARTESIAN_POINT('',(-11.2640381787083,39.0530000000001,41.7884348746269));
#9535=CARTESIAN_POINT('',(-19.539,39.0530000000001,43.2884348746269));
#9536=CARTESIAN_POINT('Origin',(-19.539,35.0530000000001,43.2884348746269));
#9537=CARTESIAN_POINT('',(-19.539,35.0530000000001,41.7884348746269));
#9538=CARTESIAN_POINT('',(-19.539,79.976499999998,41.788434874627));
#9539=CARTESIAN_POINT('',(-19.539,35.0530000000001,43.2884348746269));
#9540=CARTESIAN_POINT('Origin',(-12.539,35.0530000000001,43.2884348746269));
#9541=CARTESIAN_POINT('',(-7.76403817870835,35.0530000000001,41.7884348746269));
#9542=CARTESIAN_POINT('Origin',(27.861,39.0530000000001,43.2884348746269));
#9543=CARTESIAN_POINT('',(27.861,35.0530000000001,41.7884348746269));
#9544=CARTESIAN_POINT('',(27.861,39.0530000000001,41.7884348746269));
#9545=CARTESIAN_POINT('',(27.8609999999999,81.9764999999981,41.788434874627));
#9546=CARTESIAN_POINT('',(27.861,35.0530000000001,43.2884348746269));
#9547=CARTESIAN_POINT('',(27.861,39.0530000000001,43.2884348746269));
#9548=CARTESIAN_POINT('Origin',(20.861,39.0530000000001,43.2884348746269));
#9549=CARTESIAN_POINT('',(20.861,39.0530000000001,41.7884348746269));
#9550=CARTESIAN_POINT('',(8.93596182129171,39.0530000000001,41.7884348746269));
#9551=CARTESIAN_POINT('',(20.861,39.0530000000001,43.2884348746269));
#9552=CARTESIAN_POINT('Origin',(20.861,35.0530000000001,43.2884348746269));
#9553=CARTESIAN_POINT('',(20.861,35.0530000000001,41.7884348746269));
#9554=CARTESIAN_POINT('',(20.861,79.976499999998,41.788434874627));
#9555=CARTESIAN_POINT('',(20.861,35.0530000000001,43.2884348746269));
#9556=CARTESIAN_POINT('Origin',(27.861,35.0530000000001,43.2884348746269));
#9557=CARTESIAN_POINT('',(12.4359618212917,35.0530000000001,41.7884348746269));
#9558=CARTESIAN_POINT('Origin',(11.53,21.9100000000001,43.2884348746269));
#9559=CARTESIAN_POINT('',(11.53,28.9100000000001,41.7884348746269));
#9560=CARTESIAN_POINT('',(11.53,21.9100000000001,41.7884348746269));
#9561=CARTESIAN_POINT('',(11.53,73.404999999998,41.7884348746269));
#9562=CARTESIAN_POINT('',(11.53,28.9100000000001,43.2884348746269));
#9563=CARTESIAN_POINT('',(11.53,21.9100000000001,43.2884348746269));
#9564=CARTESIAN_POINT('Origin',(18.53,21.9100000000001,43.2884348746269));
#9565=CARTESIAN_POINT('',(18.53,21.9100000000001,41.7884348746269));
#9566=CARTESIAN_POINT('',(7.7704618212917,21.9100000000001,41.7884348746269));
#9567=CARTESIAN_POINT('',(18.53,21.9100000000001,43.2884348746269));
#9568=CARTESIAN_POINT('Origin',(18.53,28.9100000000001,43.2884348746269));
#9569=CARTESIAN_POINT('',(18.53,28.9100000000001,41.7884348746269));
#9570=CARTESIAN_POINT('',(18.53,76.904999999998,41.788434874627));
#9571=CARTESIAN_POINT('',(18.53,28.9100000000001,43.2884348746269));
#9572=CARTESIAN_POINT('Origin',(11.53,28.9100000000001,43.2884348746269));
#9573=CARTESIAN_POINT('',(4.2704618212917,28.9100000000001,41.7884348746269));
#9574=CARTESIAN_POINT('Origin',(92.4820893392282,20.9399087017146,43.2884348746269));
#9575=CARTESIAN_POINT('',(92.4820893392282,5.60459236671451,41.7884348746268));
#9576=CARTESIAN_POINT('',(92.4820893392282,20.9399087017146,41.7884348746269));
#9577=CARTESIAN_POINT('',(92.4820893392282,72.9199543508552,41.7884348746269));
#9578=CARTESIAN_POINT('',(92.4820893392282,5.60459236671451,43.2884348746268));
#9579=CARTESIAN_POINT('',(92.4820893392282,20.9399087017146,43.2884348746269));
#9580=CARTESIAN_POINT('Origin',(74.4996877392282,20.9399087017146,43.2884348746269));
#9581=CARTESIAN_POINT('',(74.4996877392282,20.9399087017146,41.7884348746269));
#9582=CARTESIAN_POINT('',(35.7553056909058,20.9399087017146,41.7884348746269));
#9583=CARTESIAN_POINT('',(74.4996877392282,20.9399087017146,43.2884348746269));
#9584=CARTESIAN_POINT('Origin',(74.4996877392282,5.60459236671451,43.2884348746268));
#9585=CARTESIAN_POINT('',(74.4996877392282,5.60459236671451,41.7884348746268));
#9586=CARTESIAN_POINT('',(74.4996877392282,65.2522961833552,41.7884348746269));
#9587=CARTESIAN_POINT('',(74.4996877392282,5.60459236671451,43.2884348746268));
#9588=CARTESIAN_POINT('Origin',(92.4820893392282,5.60459236671451,43.2884348746268));
#9589=CARTESIAN_POINT('',(44.7465064909058,5.6045923667145,41.7884348746268));
#9590=CARTESIAN_POINT('Origin',(-107.09615629154,7.54999999999408,40.6815148087498));
#9591=CARTESIAN_POINT('',(-107.09615629154,7.54999999999408,40.2884348746269));
#9592=CARTESIAN_POINT('',(-86.2019388542262,7.54999999999408,40.2884348746269));
#9593=CARTESIAN_POINT('',(-107.09615629154,7.54999999999409,35.6813549405038));
#9594=CARTESIAN_POINT('',(-107.09615629154,7.54999999999409,35.6813549405038));
#9595=CARTESIAN_POINT('',(-107.09615629154,7.54999999999408,40.6813549405038));
#9596=CARTESIAN_POINT('Origin',(-105.59615629154,20.0499999999941,40.2884348746269));
#9597=CARTESIAN_POINT('',(-107.09615629154,32.5499999999941,40.2884348746269));
#9598=CARTESIAN_POINT('',(-107.09615629154,62.4499999999979,40.2884348746269));
#9599=CARTESIAN_POINT('',(-105.59615629154,32.5499999999941,41.7884348746269));
#9600=CARTESIAN_POINT('Origin',(-105.59615629154,32.5499999999941,40.2884348746269));
#9601=CARTESIAN_POINT('',(-105.59615629154,7.54999999999407,41.7884348746268));
#9602=CARTESIAN_POINT('',(-105.59615629154,62.4499999999979,41.7884348746269));
#9603=CARTESIAN_POINT('Origin',(-105.59615629154,7.54999999999408,40.2884348746268));
#9604=CARTESIAN_POINT('Origin',(-108.59615629154,32.5499999999941,40.2884348746269));
#9605=CARTESIAN_POINT('',(-86.2019388542262,32.5499999999941,40.2884348746269));
#9606=CARTESIAN_POINT('Origin',(-105.59615629154,32.5499999999941,40.2884348746269));
#9607=CARTESIAN_POINT('',(-105.59615629154,32.5499999999941,41.7884348746269));
#9608=CARTESIAN_POINT('Origin',(-2.98907635741661,124.899999999996,41.788434874627));
#9609=CARTESIAN_POINT('',(-105.59615629154,33.5499999999941,41.7884348746269));
#9610=CARTESIAN_POINT('',(-105.59615629154,32.5499999999941,41.7884348746269));
#9611=CARTESIAN_POINT('',(-108.595996423294,33.5499999999941,41.7884348746269));
#9612=CARTESIAN_POINT('',(-105.59615629154,33.5499999999941,41.7884348746269));
#9613=CARTESIAN_POINT('',(-108.595996423294,39.8999999999977,41.7884348746269));
#9614=CARTESIAN_POINT('',(-108.595996423294,39.8999999999977,41.7884348746269));
#9615=CARTESIAN_POINT('',(102.618003576706,39.8999999999977,41.7884348746269));
#9616=CARTESIAN_POINT('',(-1.49453817870831,39.8999999999977,41.7884348746269));
#9617=CARTESIAN_POINT('',(102.618003576706,33.5499999999941,41.7884348746269));
#9618=CARTESIAN_POINT('',(102.618003576706,39.8999999999977,41.7884348746269));
#9619=CARTESIAN_POINT('',(99.6180035767063,33.5499999999941,41.7884348746269));
#9620=CARTESIAN_POINT('',(99.6180035767063,33.5499999999941,41.7884348746269));
#9621=CARTESIAN_POINT('',(99.6180035767063,32.5499999999941,41.7884348746269));
#9622=CARTESIAN_POINT('',(99.6180035767063,32.5499999999941,41.7884348746269));
#9623=CARTESIAN_POINT('',(99.6180035767063,7.54999999999408,41.7884348746268));
#9624=CARTESIAN_POINT('',(99.6180035767063,62.4499999999979,41.7884348746269));
#9625=CARTESIAN_POINT('',(99.6180035767063,6.54999999999409,41.7884348746268));
#9626=CARTESIAN_POINT('',(99.6180035767063,7.54999999999408,41.7884348746268));
#9627=CARTESIAN_POINT('',(102.618003576706,6.54999999999409,41.7884348746268));
#9628=CARTESIAN_POINT('',(99.6180035767063,6.54999999999409,41.7884348746268));
#9629=CARTESIAN_POINT('',(102.618003576706,1.69999999999773,41.7884348746269));
#9630=CARTESIAN_POINT('',(102.618003576706,1.69999999999773,41.7884348746269));
#9631=CARTESIAN_POINT('',(101.118003576706,0.199999999997722,41.7884348746269));
#9632=CARTESIAN_POINT('Origin',(101.118003576706,1.69999999999773,41.7884348746269));
#9633=CARTESIAN_POINT('',(-107.095996423294,0.199999999997722,41.7884348746269));
#9634=CARTESIAN_POINT('',(-107.095996423294,0.199999999997722,41.7884348746269));
#9635=CARTESIAN_POINT('',(-108.595996423294,1.69999999999773,41.7884348746269));
#9636=CARTESIAN_POINT('Origin',(-107.095996423294,1.69999999999773,41.7884348746269));
#9637=CARTESIAN_POINT('',(-108.595996423294,6.54999999999408,41.7884348746269));
#9638=CARTESIAN_POINT('',(-108.595996423294,39.8999999999977,41.7884348746269));
#9639=CARTESIAN_POINT('',(-105.59615629154,6.54999999999408,41.7884348746268));
#9640=CARTESIAN_POINT('',(-105.59615629154,6.54999999999408,41.7884348746268));
#9641=CARTESIAN_POINT('',(-105.59615629154,7.54999999999407,41.7884348746268));
#9642=CARTESIAN_POINT('Origin',(101.118003576706,7.54999999999409,40.6813549405038));
#9643=CARTESIAN_POINT('',(102.618003576706,7.54999999999408,40.2884348746268));
#9644=CARTESIAN_POINT('',(80.2237861393929,7.54999999999409,40.2884348746269));
#9645=CARTESIAN_POINT('',(102.618003576706,7.54999999999409,35.6813549405038));
#9646=CARTESIAN_POINT('',(101.118003576706,7.54999999999409,35.6813549405038));
#9647=CARTESIAN_POINT('',(102.618003576706,7.54999999999408,40.6813549405038));
#9648=CARTESIAN_POINT('Origin',(99.6180035767063,20.0499999999941,40.2884348746269));
#9649=CARTESIAN_POINT('',(102.618003576706,32.5499999999941,40.2884348746269));
#9650=CARTESIAN_POINT('',(102.618003576706,62.4499999999979,40.2884348746269));
#9651=CARTESIAN_POINT('Origin',(99.6180035767063,32.5499999999941,40.2884348746269));
#9652=CARTESIAN_POINT('Origin',(99.6180035767063,7.54999999999408,40.2884348746268));
#9653=CARTESIAN_POINT('Origin',(101.118003576706,32.5499999999941,40.2884348746269));
#9654=CARTESIAN_POINT('',(80.2237861393929,32.5499999999941,40.2884348746269));
#9655=CARTESIAN_POINT('Origin',(99.6180035767063,32.5499999999941,40.2884348746269));
#9656=CARTESIAN_POINT('',(99.6180035767063,32.5499999999941,41.7884348746269));
#9657=CARTESIAN_POINT('Origin',(-105.59615629154,20.0499999999941,40.2884348746269));
#9658=CARTESIAN_POINT('Origin',(-105.59615629154,7.54999999999407,40.2884348746268));
#9659=CARTESIAN_POINT('Origin',(-107.09615629154,124.899999999996,146.288434874627));
#9660=CARTESIAN_POINT('',(-107.09615629154,32.5499999999941,35.6813549405038));
#9661=CARTESIAN_POINT('',(-107.09615629154,32.5499999999941,35.6813549405038));
#9662=CARTESIAN_POINT('',(-107.09615629154,32.5499999999941,40.6813549405038));
#9663=CARTESIAN_POINT('Origin',(99.6180035767063,20.0499999999941,40.2884348746269));
#9664=CARTESIAN_POINT('Origin',(99.6180035767063,7.54999999999409,40.2884348746268));
#9665=CARTESIAN_POINT('Origin',(-2.98907635741662,39.8999999999977,40.2884348746269));
#9666=CARTESIAN_POINT('Origin',(102.618003576706,39.8999999999977,40.2884348746269));
#9667=CARTESIAN_POINT('Origin',(-108.59615629154,39.8999999999977,40.2884348746269));
#9668=CARTESIAN_POINT('Origin',(102.618003576706,39.8999999999977,41.7884348746269));
#9669=CARTESIAN_POINT('',(102.618003576706,39.8999999999978,21.088434874628));
#9670=CARTESIAN_POINT('',(102.618003576706,33.5499999999941,41.7884348746269));
#9671=CARTESIAN_POINT('Origin',(102.618003576706,124.899999999996,146.288434874627));
#9672=CARTESIAN_POINT('',(102.618003576706,32.5499999999941,35.6813549405038));
#9673=CARTESIAN_POINT('',(102.618003576706,32.5499999999941,35.6813549405038));
#9674=CARTESIAN_POINT('',(102.618003576706,32.5499999999941,40.6813549405038));
#9675=CARTESIAN_POINT('Origin',(102.618003576706,41.3999999999977,43.6813549405039));
#9676=CARTESIAN_POINT('',(102.618003576706,41.3999999999977,40.2884348746269));
#9677=CARTESIAN_POINT('',(102.618003576706,20.6999999999989,40.2884348746269));
#9678=CARTESIAN_POINT('',(102.618003576706,41.3999999999977,-126.318645059493));
#9679=CARTESIAN_POINT('',(102.618003576706,41.3999999999977,43.6813549405039));
#9680=CARTESIAN_POINT('',(102.618003576706,41.3999999999977,-126.318645059493));
#9681=CARTESIAN_POINT('Origin',(-2.98907635741662,41.3999999999977,-41.3186450594943));
#9682=CARTESIAN_POINT('',(-108.59615629154,41.3999999999977,40.2884348746269));
#9683=CARTESIAN_POINT('',(-1.49453817870831,41.3999999999977,40.2884348746269));
#9684=CARTESIAN_POINT('',(-108.59615629154,41.3999999999977,-126.318645059493));
#9685=CARTESIAN_POINT('',(-108.59615629154,41.3999999999977,-126.318645059493));
#9686=CARTESIAN_POINT('',(102.618003576706,41.3999999999977,-126.318645059493));
#9687=CARTESIAN_POINT('Origin',(-108.59615629154,42.8999999999977,40.2884348746269));
#9688=CARTESIAN_POINT('',(-108.59615629154,20.6999999999989,40.2884348746269));
#9689=CARTESIAN_POINT('Origin',(-108.59615629154,39.8999999999977,40.2884348746269));
#9690=CARTESIAN_POINT('',(-108.595996423294,39.8999999999977,41.7884348746269));
#9691=CARTESIAN_POINT('Origin',(-107.09615629154,32.5499999999941,35.6813549405038));
#9692=CARTESIAN_POINT('',(-107.09615629154,32.5499999999941,35.6813549405038));
#9693=CARTESIAN_POINT('Origin',(102.618003576706,39.8999999999977,41.7884348746269));
#9694=CARTESIAN_POINT('Origin',(102.618003576706,39.8999999999977,40.2884348746269));
#9695=CARTESIAN_POINT('Origin',(-2.98907635741662,39.8999999999977,40.2884348746269));
#9696=CARTESIAN_POINT('Origin',(99.6180035767063,33.5499999999941,41.7884348746269));
#9697=CARTESIAN_POINT('',(99.6180035767063,33.5499999999941,41.7884348746269));
#9698=CARTESIAN_POINT('Origin',(99.6180035767063,32.5499999999941,41.7884348746269));
#9699=CARTESIAN_POINT('Origin',(99.6180035767063,6.54999999999409,41.7884348746268));
#9700=CARTESIAN_POINT('',(99.6180035767063,7.54999999999408,41.7884348746268));
#9701=CARTESIAN_POINT('',(99.6180035767063,6.54999999999409,41.7884348746268));
#9702=CARTESIAN_POINT('Origin',(102.618003576706,6.54999999999409,41.7884348746268));
#9703=CARTESIAN_POINT('',(102.618003576706,6.54999999999409,41.7884348746268));
#9704=CARTESIAN_POINT('Origin',(102.618003576706,1.69999999999773,41.7884348746269));
#9705=CARTESIAN_POINT('',(102.618003576706,1.69999999999773,41.7884348746269));
#9706=CARTESIAN_POINT('Origin',(101.118003576706,1.69999999999773,41.7884348746269));
#9707=CARTESIAN_POINT('',(101.118003576706,0.199999999997722,41.7884348746269));
#9708=CARTESIAN_POINT('Origin',(-107.095996423294,0.199999999997722,41.7884348746269));
#9709=CARTESIAN_POINT('',(-107.095996423294,0.199999999997722,41.7884348746269));
#9710=CARTESIAN_POINT('Origin',(-107.095996423294,1.69999999999773,41.7884348746269));
#9711=CARTESIAN_POINT('',(-108.595996423294,1.69999999999773,41.7884348746269));
#9712=CARTESIAN_POINT('Origin',(-108.595996423294,6.54999999999408,41.7884348746269));
#9713=CARTESIAN_POINT('',(-108.595996423294,6.54999999999408,41.7884348746269));
#9714=CARTESIAN_POINT('Origin',(-105.59615629154,6.54999999999408,41.7884348746268));
#9715=CARTESIAN_POINT('',(-105.59615629154,6.54999999999408,41.7884348746268));
#9716=CARTESIAN_POINT('Origin',(-105.59615629154,7.54999999999407,41.7884348746268));
#9717=CARTESIAN_POINT('',(-105.59615629154,7.54999999999407,41.7884348746268));
#9718=CARTESIAN_POINT('Origin',(-107.09615629154,7.54999999999408,40.2884348746269));
#9719=CARTESIAN_POINT('Origin',(-107.09615629154,32.5499999999941,43.6813549405039));
#9720=CARTESIAN_POINT('Origin',(-105.59615629154,33.5499999999941,41.7884348746269));
#9721=CARTESIAN_POINT('',(-105.59615629154,33.5499999999941,41.7884348746269));
#9722=CARTESIAN_POINT('Origin',(-108.595996423294,33.5499999999941,41.7884348746269));
#9723=CARTESIAN_POINT('',(-108.595996423294,33.5499999999941,41.7884348746269));
#9724=CARTESIAN_POINT('Origin',(-108.595996423294,39.8999999999977,41.7884348746269));
#9725=CARTESIAN_POINT('Origin',(-108.59615629154,41.3999999999977,-126.318645059493));
#9726=CARTESIAN_POINT('',(-108.59615629154,41.3999999999977,-126.318645059493));
#9727=CARTESIAN_POINT('Origin',(102.618003576706,41.3999999999977,-126.318645059493));
#9728=CARTESIAN_POINT('Origin',(102.618003576706,7.54999999999409,40.2884348746268));
#9729=CARTESIAN_POINT('Origin',(101.118003576706,32.5499999999941,35.6813549405038));
#9730=CARTESIAN_POINT('',(101.118003576706,32.5499999999941,35.6813549405038));
#9731=CARTESIAN_POINT('Origin',(101.118003576706,7.54999999999409,35.6813549405038));
#9732=CARTESIAN_POINT('',(0.,0.,0.));
#9733=UNCERTAINTY_MEASURE_WITH_UNIT(LENGTH_MEASURE(0.01),#9739,
'DISTANCE_ACCURACY_VALUE',
'Maximum model space distance between geometric entities at asserted c
onnectivities');
#9734=UNCERTAINTY_MEASURE_WITH_UNIT(LENGTH_MEASURE(0.01),#9739,
'DISTANCE_ACCURACY_VALUE',
'Maximum model space distance between geometric entities at asserted c
onnectivities');
#9735=UNCERTAINTY_MEASURE_WITH_UNIT(LENGTH_MEASURE(0.01),#9739,
'DISTANCE_ACCURACY_VALUE',
'Maximum model space distance between geometric entities at asserted c
onnectivities');
#9736=(
GEOMETRIC_REPRESENTATION_CONTEXT(3)
GLOBAL_UNCERTAINTY_ASSIGNED_CONTEXT((#9733))
GLOBAL_UNIT_ASSIGNED_CONTEXT((#9739,#9741,#9742))
REPRESENTATION_CONTEXT('','3D')
);
#9737=(
GEOMETRIC_REPRESENTATION_CONTEXT(3)
GLOBAL_UNCERTAINTY_ASSIGNED_CONTEXT((#9734))
GLOBAL_UNIT_ASSIGNED_CONTEXT((#9739,#9741,#9742))
REPRESENTATION_CONTEXT('','3D')
);
#9738=(
GEOMETRIC_REPRESENTATION_CONTEXT(3)
GLOBAL_UNCERTAINTY_ASSIGNED_CONTEXT((#9735))
GLOBAL_UNIT_ASSIGNED_CONTEXT((#9739,#9741,#9742))
REPRESENTATION_CONTEXT('','3D')
);
#9739=(
LENGTH_UNIT()
NAMED_UNIT(*)
SI_UNIT(.MILLI.,.METRE.)
);
#9740=(
LENGTH_UNIT()
NAMED_UNIT(*)
SI_UNIT($,.METRE.)
);
#9741=(
NAMED_UNIT(*)
PLANE_ANGLE_UNIT()
SI_UNIT($,.RADIAN.)
);
#9742=(
NAMED_UNIT(*)
SI_UNIT($,.STERADIAN.)
SOLID_ANGLE_UNIT()
);
#9743=SHAPE_DEFINITION_REPRESENTATION(#9745,#9748);
#9744=SHAPE_DEFINITION_REPRESENTATION(#9746,#9749);
#9745=PRODUCT_DEFINITION_SHAPE('',$,#9751);
#9746=PRODUCT_DEFINITION_SHAPE('',$,#9752);
#9747=PRODUCT_DEFINITION_SHAPE($,$,#14);
#9748=SHAPE_REPRESENTATION('',(#3269,#3477),#9736);
#9749=SHAPE_REPRESENTATION('',(#3270),#9737);
#9750=PRODUCT_DEFINITION_CONTEXT('part definition',#9758,'design');
#9751=PRODUCT_DEFINITION('ENERGIS- Sheetmetal Enclosure',
'ENERGIS- Sheetmetal Enclosure v64',#9753,#9750);
#9752=PRODUCT_DEFINITION('Top2','Top2',#9754,#9750);
#9753=PRODUCT_DEFINITION_FORMATION('',$,#9760);
#9754=PRODUCT_DEFINITION_FORMATION('',$,#9761);
#9755=PRODUCT_RELATED_PRODUCT_CATEGORY(
'ENERGIS- Sheetmetal Enclosure v64','ENERGIS- Sheetmetal Enclosure v64',
(#9760));
#9756=PRODUCT_RELATED_PRODUCT_CATEGORY('Top2','Top2',(#9761));
#9757=APPLICATION_PROTOCOL_DEFINITION('international standard',
'automotive_design',2009,#9758);
#9758=APPLICATION_CONTEXT(
'Core Data for Automotive Mechanical Design Process');
#9759=PRODUCT_CONTEXT('part definition',#9758,'mechanical');
#9760=PRODUCT('ENERGIS- Sheetmetal Enclosure',
'ENERGIS- Sheetmetal Enclosure v64',$,(#9759));
#9761=PRODUCT('Top2','Top2',$,(#9759));
#9762=PRESENTATION_STYLE_ASSIGNMENT((#9772));
#9763=PRESENTATION_STYLE_ASSIGNMENT((#9773));
#9764=PRESENTATION_STYLE_ASSIGNMENT((#9774));
#9765=PRESENTATION_STYLE_ASSIGNMENT((#9775));
#9766=PRESENTATION_STYLE_ASSIGNMENT((#9776));
#9767=PRESENTATION_STYLE_ASSIGNMENT((#9777));
#9768=PRESENTATION_STYLE_ASSIGNMENT((#9778));
#9769=PRESENTATION_STYLE_ASSIGNMENT((#9779));
#9770=PRESENTATION_STYLE_ASSIGNMENT((#9780));
#9771=PRESENTATION_STYLE_ASSIGNMENT((#9781));
#9772=SURFACE_STYLE_USAGE(.BOTH.,#9782);
#9773=SURFACE_STYLE_USAGE(.BOTH.,#9783);
#9774=SURFACE_STYLE_USAGE(.BOTH.,#9784);
#9775=SURFACE_STYLE_USAGE(.BOTH.,#9785);
#9776=SURFACE_STYLE_USAGE(.BOTH.,#9786);
#9777=SURFACE_STYLE_USAGE(.BOTH.,#9787);
#9778=SURFACE_STYLE_USAGE(.BOTH.,#9788);
#9779=SURFACE_STYLE_USAGE(.BOTH.,#9789);
#9780=SURFACE_STYLE_USAGE(.BOTH.,#9790);
#9781=SURFACE_STYLE_USAGE(.BOTH.,#9791);
#9782=SURFACE_SIDE_STYLE('',(#9792));
#9783=SURFACE_SIDE_STYLE('',(#9793));
#9784=SURFACE_SIDE_STYLE('',(#9794));
#9785=SURFACE_SIDE_STYLE('',(#9795));
#9786=SURFACE_SIDE_STYLE('',(#9796));
#9787=SURFACE_SIDE_STYLE('',(#9797));
#9788=SURFACE_SIDE_STYLE('',(#9798));
#9789=SURFACE_SIDE_STYLE('',(#9799));
#9790=SURFACE_SIDE_STYLE('',(#9800));
#9791=SURFACE_SIDE_STYLE('',(#9801));
#9792=SURFACE_STYLE_FILL_AREA(#9802);
#9793=SURFACE_STYLE_FILL_AREA(#9803);
#9794=SURFACE_STYLE_FILL_AREA(#9804);
#9795=SURFACE_STYLE_FILL_AREA(#9805);
#9796=SURFACE_STYLE_FILL_AREA(#9806);
#9797=SURFACE_STYLE_FILL_AREA(#9807);
#9798=SURFACE_STYLE_FILL_AREA(#9808);
#9799=SURFACE_STYLE_FILL_AREA(#9809);
#9800=SURFACE_STYLE_FILL_AREA(#9810);
#9801=SURFACE_STYLE_FILL_AREA(#9811);
#9802=FILL_AREA_STYLE('Opaque(64,64,64)',(#9812));
#9803=FILL_AREA_STYLE('Opaque(244,244,244)',(#9813));
#9804=FILL_AREA_STYLE('Opaque(0,135,67)',(#9814));
#9805=FILL_AREA_STYLE('Opaque(215,15,15)',(#9815));
#9806=FILL_AREA_STYLE('Steel - Satin',(#9816));
#9807=FILL_AREA_STYLE('Opaque(252,252,252)',(#9817));
#9808=FILL_AREA_STYLE('Powder Coat (Black)',(#9818));
#9809=FILL_AREA_STYLE('Opaque(0,135,67)',(#9819));
#9810=FILL_AREA_STYLE('Steel - Rough',(#9820));
#9811=FILL_AREA_STYLE('Powder Coat (Dark Grey)',(#9821));
#9812=FILL_AREA_STYLE_COLOUR('Opaque(64,64,64)',#9822);
#9813=FILL_AREA_STYLE_COLOUR('Opaque(244,244,244)',#9823);
#9814=FILL_AREA_STYLE_COLOUR('Opaque(0,135,67)',#9824);
#9815=FILL_AREA_STYLE_COLOUR('Opaque(215,15,15)',#9825);
#9816=FILL_AREA_STYLE_COLOUR('Steel - Satin',#9826);
#9817=FILL_AREA_STYLE_COLOUR('Opaque(252,252,252)',#9827);
#9818=FILL_AREA_STYLE_COLOUR('Powder Coat (Black)',#9828);
#9819=FILL_AREA_STYLE_COLOUR('Opaque(0,135,67)',#9829);
#9820=FILL_AREA_STYLE_COLOUR('Steel - Rough',#9830);
#9821=FILL_AREA_STYLE_COLOUR('Powder Coat (Dark Grey)',#9831);
#9822=COLOUR_RGB('Opaque(64,64,64)',0.250980392156863,0.250980392156863,
0.250980392156863);
#9823=COLOUR_RGB('Opaque(244,244,244)',0.956862745098039,0.956862745098039,
0.956862745098039);
#9824=COLOUR_RGB('Opaque(0,135,67)',0.,0.529411764705882,0.262745098039216);
#9825=COLOUR_RGB('Opaque(215,15,15)',0.843137254901961,0.0588235294117647,
0.0588235294117647);
#9826=COLOUR_RGB('Steel - Satin',0.627450980392157,0.627450980392157,0.627450980392157);
#9827=COLOUR_RGB('Opaque(252,252,252)',0.988235294117647,0.988235294117647,
0.988235294117647);
#9828=COLOUR_RGB('Powder Coat (Black)',0.0980392156862745,0.0980392156862745,
0.0980392156862745);
#9829=COLOUR_RGB('Opaque(0,135,67)',0.,0.529411764705882,0.262745098039216);
#9830=COLOUR_RGB('Steel - Rough',0.627450980392157,0.627450980392157,0.627450980392157);
#9831=COLOUR_RGB('Powder Coat (Dark Grey)',0.349019607843137,0.349019607843137,
0.349019607843137);
ENDSEC;
END-ISO-10303-21;
