:020000041000EA
:1000000000B5324B212058609868022188439860DF
:10001000D860186158612E4B002199600221596106
:100020000121F02299502B49196001219960352056
:1000300000F044F80222904214D00621196600F024
:1000400034F8196E01211966002018661A6600F04E
:100050002CF8196E196E196E052000F02FF8012189
:100060000842F9D1002199601B49196000215960AB
:100070001A491B48016001219960EB211966A021F2
:10008000196600F012F800219960164914480160C1
:100090000121996001BC002800D000471248134993
:1000A000086003C880F30888084703B5996A0420EC
:1000B0000142FBD001200142F8D103BD02B5186610
:1000C0001866FFF7F2FF186E186E02BD00000240BE
:1000D000000000180000070000035F00212200005C
:1000E000F4000018222000A00001001008ED00E03C
:1000F00000000000000000000000000074B24E7A12
:1001000000200420F7010010CB010010CD010010E9
:10011000C9010010C9010010C9010010C901001077
:10012000C9010010C9010010C901001021BF011050
:10013000C9010010C901001055BF0110C9C001104C
:10014000C1010010C1010010C1010010C101001067
:10015000C1010010C1010010C1010010C101001057
:10016000C1010010C1010010C1010010C101001047
:10017000C1010010C1010010C1010010C101001037
:10018000C1010010C1010010C1010010C101001027
:10019000C1010010C1010010C1010010C101001017
:1001A000C1010010C1010010C1010010C101001007
:1001B000C1010010C1010010C1010010C1010010F7
:1001C000EFF30580103800BE00BE00BE00BE00BECA
:1001D00000BE00BEF2EB88718C130410B013041043
:1001E0003802001090A31AE71E481F49086006C88D
:1001F00081F3088810471D480068002801D019487D
:10020000F3E70DA40ECC002902D000F012F8F9E7B4
:100210001749184A002000E001C19142FCD116495B
:100220008847164988471649884700BEFDE701C937
:1002300001C29A42FBD37047B0130410C0000020E3
:10024000083A0020F84C04100000042000000420AC
:10025000F84C0410001004200010042000000000DE
:10026000704700000000000008ED00E0000000D032
:10027000083A002020860220BD8C0110D502001013
:10028000B58C0110F8B5C04606480749091A8B100D
:10029000C90FC91810B5491003D0044B002B00D06A
:1002A000984710BD083A0020083A002000000000DE
:1002B000054B10B5002B03D00449054800E000BFF2
:1002C000FFF7E2FF10BDC0460000000034740220BA
:1002D000B077021000B587B005F014FA134805ABEB
:1002E00004AA03A915F01CFC002803D110480F49EB
:1002F00014F086F8059A0499039815F035FB00224E
:100300000C4B11000093062015F09AF9FA2080009A
:1003100014F000FF08F084FA074808F0D1FA1EF044
:1003200041FDF82040010BF0BDFDFEE7400D03004C
:10033000EC77021000C2EB0BB077021010B50D2065
:1003400014F0C4F8002201210D2014F097F8D024F5
:10035000802324069B01A3620C2014F0B7F800222E
:1003600001210C2014F08AF880235B01A3620E2087
:1003700014F0ACF8002201210E2014F07FF8802345
:10038000DB01A3620EF05AF8002800D110BD002056
:100390000EF044FBFAE7C046D0231B0658688004E1
:1003A000C00F7047D0231B065868C004C00F7047A9
:1003B000D0231B0658684004C00F704710B50EF0DC
:1003C0003DF8002800D110BD00200EF027FBFAE711
:1003D00070B504000D0007280FD80EF02FF8002884
:1003E00007D00022290020000EF052FB002809D07F
:1003F00070BD06480BF056FDFAE7A820C0010BF0CF
:1004000051FDF5E702480BF04DFDF1E70154000006
:100410000254000070B50D0000281FD00378002B97
:100420000ED10724073303700EF008F8002811D00E
:100430000022290020000EF02BFB002812D070BDF6
:10044000013BDCB20470072CEED9A820C0010BF0F0
:1004500029FDF4E705480BF025FDF0E704480BF013
:1004600021FDECE703480BF01DFDE8E70154000017
:10047000035400000254000070B50D0000281FD086
:100480000478072C09D00134E4B20470072C07D992
:10049000A820C0010BF006FD0DE00023002403702E
:1004A0000DF0CCFF002807D00022290020000EF01C
:1004B000EFFA002808D070BD05480BF0F3FCFAE70E
:1004C00004480BF0EFFCF6E703480BF0EBFCF2E717
:1004D00001540000045400000254000010B5072825
:1004E00000D910BD0EF07AF8FBE7C04610B514F045
:1004F0003FFF002905D0FA220023920015F0E8FE04
:1005000010BDFA21890015F0A5FEF9E7F0B54546C2
:10051000DE4657464E460024E0B5454D8BB00122DD
:100520002868524209A909941CF0C2FE0128F6D19C
:10053000099B00271A68DE6890461A7991469A69E5
:100540009246DA6993461A7D022A37D020229A5CB5
:10055000059221229B5C002B1CD014F009FF80190E
:100560007941002902DA012032494042059B02907C
:100570000391009352465B46494640461BF08EFC71
:10058000099B1861002298680021022300941FF043
:100590008FFFC4E714F0ECFE80197941002902DADC
:1005A000012024494042059B02900391009352464A
:1005B0005B46494640461BF04DFCE1E714F0D8FE8F
:1005C00080197941002902DA01201A4940420123A9
:1005D000029003915246009349465B4640461BF009
:1005E00039FC099BDA698242CBD11A6890461A79A4
:1005F00091461A6A92465A6ADB689346069300232C
:10060000079314F0B5FE069A079B801859410029FC
:1006100002DA012007494042029003915B465246AC
:100620004946404600941BF039FC099BA9E7C046A7
:10063000387A0220FFFFFF7F10B5134C82B0236889
:10064000002B01D002B010BD0022042110201CF0AC
:10065000E3FA2060002811D00C4BC0220193022342
:100660000B4900930B48002392001EF09DF80128CF
:10067000E8D0DA21084805F00DF9E3E7D72106486C
:1006800005F008F9E8E7C046387A022058790220D8
:10069000747802100D05001020780210F0B54F4656
:1006A0004646D646C0B590B0984618AB1F78274B43
:1006B00006009A461B680D009146002B2DD006AC13
:1006C0002422002107A816F001FE069625711FF0CE
:1006D000FDFC4A460C924246199B0D92202209933A
:1006E0000123A7540132A354237553460890223A9C
:1006F000186805A9002305941CF048FB012821D1A6
:1007000001220121002052421FF002FE0A9810B07F
:10071000E0BCBA46B146A846F0BD14F029FE00235D
:10072000199A12184B41002B02DA0122084B52424F
:1007300002920393290043464A46300000971BF07B
:10074000ADFBE4E701204042E1E7C046387A0220F1
:10075000FFFFFF7FF0B54F464646D646C0B592B084
:10076000884606A94B701A9B070089461E1E0A7010
:1007700000D12C4E2C4BB24603251E0008AC33682A
:10078000002B31D02422002109A816F09FFD4346FA
:10079000276023711FF09AFC4A465346A261022249
:1007A000E3600023A060E2613068033A07A9237583
:1007B000238407941CF0EAFA012808D101220121C0
:1007C000002052421FF0A4FD2069022827D00120FA
:1007D000013D1EF07DFC002DD1D1002012B0E0BC07
:1007E000BA46B146A846F0BD14F0C2FD5346049384
:1007F00000230593049A059B80185941002902DAC9
:1008000001200A49404200230290039100934A4686
:100810004146380002331BF01DFB0228D7D10120CE
:10082000DCE7C04650C30000387A0220FFFFFF7F9C
:10083000F0B55746DE464E464546E0B595B00F004A
:1008400002A99B468C46172363449A461A705B465E
:100850000600002B38D01E9B002B6DD09846394BDC
:10086000B946032537001E000AAC3368002B33D08D
:100870004B46276023711FF029FC4346E3600023A9
:10088000236102335A46237553462262A361012233
:100890000123A060E361636230680023524209A92A
:1008A00009941CF073FA012808D1012201210020CB
:1008B00052421FF02DFD206901283BD00120013D4F
:1008C0001EF006FC002DD0D1002015B0F0BCBB46B8
:1008D000B246A946A046F0BD4346049300230593C3
:1008E00014F046FD049A059B80185941002925DB28
:1008F00001230290039152464946380000931BF0B1
:10090000A9FA0128DAD114F033FD049A059B801866
:100910005941002902DA01200B494042002302908C
:10092000039100935A464946380001331BF0B6FA4A
:100930000128C3D10120C8E7044B8FE701200249F9
:100940004042D5E7387A0220FFFFFF7F50C3000006
:10095000F0B5DE4657464E464546E0B599B005909F
:100960000891002B00D1C9E0160AD7B2239A002AB9
:1009700000D17B4A22999346002950D103239846FF
:10098000784BB9469A464346B0461E000EAD02204B
:1009900020F0D6FB041E3AD0434603704B4643700A
:1009A00053461B68002B00D18DE0242200210FA8A4
:1009B00016F08CFC059B2B60089B2B711FF086FBAF
:1009C0005B46EB60002302222B752B845346A86004
:1009D000EA611868033A00230DA9AC610D951CF07B
:1009E000D5F9012800D0B2E00122012100205242B5
:1009F0001FF08EFC2F69200020F08CFC022F00D10C
:100A0000A3E00120013E1EF063FB002EBFD10020B9
:100A100019B0F0BCBB46B246A946A046F0BD0231B3
:100A20008A4603218B464F49584689465146BB4664
:100A3000B246984607000E000EAD0992300020F035
:100A40007FFB041EE3D0534603705B464146437070
:100A5000229A023016F040FC4B461B68002B59D0FE
:100A6000242200210FA816F031FC059B2B60089B67
:100A70002B711FF02BFB099B0122EB6000232B75D0
:100A80002B844B46A860524218680DA90023AC6124
:100A9000EE610D951CF07AF901285CD1012201214B
:100AA000002052421FF034FC2B690693200020F0F6
:100AB00031FC069B9E4248D00120013F1EF008FBFE
:100AC000002FBBD1A3E714F053FC5B460693002331
:100AD0000793069A079B80185941002902DA0120E2
:100AE000214940420023029003910093220008997B
:100AF000059802331BF0AEF907007CE7229B002B20
:100B000000D084E7239B160AD7B2002B00D1144BE8
:100B10009B4633E714F02CFC099B0A9300230B93AC
:100B20000A9A0B9B80185941002902DA01200E49CC
:100B30004042002302900391009322003300089961
:100B400005981BF087F90690B0E7012060E72000C8
:100B500020F0E0FB55E701235B420693A6E7C04681
:100B600050C30000387A0220FFFFFF7FF0B55746E0
:100B70004E464546DE46E0B5884606001F0093B067
:100B8000002B00D17EE006AB52BA9B461A801D9B1B
:100B9000002B00D170E099463E4BBA460325370042
:100BA0001E0008AC3368002B34D043462760237105
:100BB0001FF08CFA4B46E36000235A462361023350
:100BC0002375E3615346A261012223621C9BA0604E
:100BD000636230680023524207A907941CF0D6F8DC
:100BE000012854D101220121002052421FF090FB24
:100BF00020691C9B83423DD00120013D1EF068FA14
:100C0000002DCFD1002013B0F0BCBB46B246A946A0
:100C1000A046F0BD4B4604930023059314F0A8FBB7
:100C2000049A059B80185941002927DB0123029073
:100C3000039100935A464146380001331BF00AF9EC
:100C4000022824D114F094FB049A059B8018594182
:100C5000002902DA0120104940420023029003914A
:100C6000009352461C9B414638001BF017F91C9B11
:100C70008342C1D10120C6E7084B8CE70120064919
:100C80004042D3E71C9B002B00D17CE7BAE7012050
:100C90004042AEE7387A0220FFFFFF7F50C30000DA
:100CA0000523F0B5C356040085B0002B0BDB0125EE
:100CB000D0269D4036060520B5611EF009FA0A20AF
:100CC00075611EF005FA0121354D4942A0681CF0FE
:100CD00071FC217920230A2220680095FFF73AFD54
:100CE000217920230B2220680095FFF733FD21791D
:100CF0000023002220680095FFF72CFD21790023B6
:100D0000012220680095FFF725FD217900230C22A0
:100D100020680095FFF71EFD0E26217900230D2285
:100D200020680F270095FFF715FD00236E446F44E0
:100D300033703B7021792068330014220095FFF74F
:100D400077FD002800D13070154B217920681522DD
:100D500000933B00FFF76CFD00281ED03B783278F3
:100D60000F4DA271E371A379217920681422DBB2BF
:100D70000095FFF7EFFCE379217920681522DBB2BB
:100D80000095FFF7E7FC01230022237300210023D5
:100D9000A0681BF0FBFF05B0F0BD00233870DEE754
:100DA00088130000F0B54F464646D646C0B505004C
:100DB0000F00904682B0002862D00B00203B072B2A
:100DC0005ED8534B534C1E689946A246002E2AD03B
:100DD000226890425ED0012E22D02269954261D0D5
:100DE000022E1DD0226A954261D0032E18D0226BAC
:100DF000954262D0042E13D0226C954263D0052E0A
:100E00000ED0226D954264D0062E09D0226E9542F6
:100E100065D0072E04D0226F954266D0082E6AD086
:100E20003601A3199A4610220021504616F04EFAB8
:100E30004346A551A419637100230120A3712771B2
:100E4000E37123731CF028F9A060002859D04346B1
:100E5000002B09DB404613F039FB42460123934047
:100E6000D0221206536253614B464A461B68013337
:100E70001360504602B0E0BCBA46B146A846F0BD89
:100E80002B00254A25482649009707F019FD002325
:100E90009A46EEE722798A429DD10023A2461B01A1
:100EA0009A44E6E7227DBA429AD10123F6E724224A
:100EB000A25CBA4299D10223F0E73422A25CBA4282
:100EC00098D10323EAE74422A25CBA4297D10423D3
:100ED000E4E75422A25CBA4296D10523DEE76422FD
:100EE000A25CBA4295D10623D8E77422A25C0723FC
:100EF000BA4293D1D2E7084A0A480B4907F0E0FC0E
:100F0000C5E73B00044A0948094907F0D9FCBEE798
:100F1000844D0220884D02207C78021084780210D3
:100F200010540000C478021011540000F078021030
:100F30001254000070B5040082B0002859D001217D
:100F40002D4E494280681CF035FB217920230A226E
:100F500020680096FFF7FEFB2179050020230B2275
:100F600020680096FFF7F6FB217900230022054058
:100F700020680096FFF7EEFBEDB2217900230122F5
:100F8000054020680096FFF7E5FB217900230C223D
:100F9000054020680096FFF7DDFB217900230D2234
:100FA000054020680096FFF7D5FBA379217914222C
:100FB0000540DBB220680096FFF7CCFBE37921798E
:100FC00015220540DBB220680096FFF7C3FB002323
:100FD000054000220021A0681BF0D8FE002D02D0A1
:100FE000280002B070BD2379044A0548054907F07E
:100FF000D5FC0025F4E7C046881300007C78021079
:10100000287902101052000070B50400160082B05A
:10101000002828D0057B002D22D00F2923D80723B4
:1010200001250B409D408068EDB207291DD90121A3
:1010300049421CF0BFFA002E2BD0E3792B43E37119
:10104000E379184A21792068DBB200921522FFF774
:1010500081FB0500002300220021A0681BF096FE02
:10106000280002B070BD0025FAE7012149421CF0BA
:10107000A1FA002E11D0A3792B43A371A379094AB9
:1010800021792068DBB200921422FFF763FB050090
:10109000E0E7E379AB43E371D2E7A379AB43A37114
:1010A000ECE7C04688130000F0B5040085B00028C6
:1010B00027D0037B002B24D00F2922D807252E0010
:1010C0008D42AD410E4001210F27494280681CF03E
:1010D00071FA00236F443B706D420B4B123521793E
:1010E0002A00206800933B00FFF7A2FB00230022A8
:1010F0000021A0681BF04AFE3B78012033411840D4
:1011000000E0002005B0F0BD88130000F0B5040039
:1011100017001D0083B0002849D0067B002E13D095
:101120008068002913D101391CF044FA2B00A27900
:1011300053403B405A40A379934226D100230022DA
:101140000021A0681BF022FE300003B0F0BD012199
:1011500049421CF02FFA2B00E27953403B405A40A1
:10116000E3799342EAD0E271E379124A2179206867
:10117000DBB200921522FFF7EDFA002306000022F1
:101180000021A0681BF002FEDEE7A271A379094AE4
:1011900021792068DBB200921422FFF7DBFA0023EA
:1011A000060000220021A0681BF0F0FDCCE700261D
:1011B000CAE7C0468813000070B5D02480252406F5
:1011C0006D04182013F082F965620520A56113F003
:1011D000A1FF65610A2013F09DFF17222021194805
:1011E000FFF7E0FD184C194E182221213060200035
:1011F000FFF7D8FD0122164D23212860524220001E
:10120000FFF7D0FD134C20603068002804D0037B2A
:10121000002B01D1FFF744FD2868002804D0037B90
:10122000002B01D1FFF73CFD2068002804D0037B90
:10123000002B01D1FFF734FD0A2101200DF0C0FC85
:1012400070BDC0462833002030330020104E0220ED
:101250000C4E0220144E0220014B18687047C04605
:10126000104E0220014B18687047C0460C4E0220F9
:10127000014B18687047C046144E022010B5032178
:10128000022013F0E1F80321032013F0DDF800221F
:101290000121022013F0F2F800220121032013F0B3
:1012A000EDF80249024807F00BFB10BD5C79021013
:1012B00068790210F0B557464E464546DE46E0B521
:1012C00005000F00160083B0002937D0002A2DD06A
:1012D0001C4B9B463F239A46402399461A4B9846FF
:1012E00009E0361B05206519B6B21DF0F1FEADB25E
:1012F0003F19002E1AD053464A462B40D31A1C1CC5
:101300009BB2B34200D9341C4346A4B201932A00D5
:101310003B00502158460094FFF71AFB0028E0D10B
:101320000A480AF0BFFD0120404200E0002003B05F
:10133000F0BCBB46B246A946A046F0BD04480AF040
:10134000B1FDF0E72833002050C3000053440000F3
:101350005244000070B50C00150082B0002916D070
:101360000D4B0E4E019300920B00020050213000F5
:10137000FFF7FCFB002801D002B070BD08480AF05E
:1013800091FD2A00FF21200015F0A0FFF4E7054899
:101390000AF088FDF0E7C04650C300002833002063
:1013A0005544000054440000D02380221B069202C2
:1013B0009A617047D02380221B0692025A617047BF
:1013C000054B10B51868002804D000230022002126
:1013D0001BF0DCFC10BDC046D0850220044B10B5CC
:1013E0001868002803D0012149421CF0E3F810BD21
:1013F000D085022010B50F4B82B01B6804009847BF
:101400000D4B1B6898476946230C0B70230A4B70E1
:10141000FF238C7001ACCB702200FB3B074826F009
:1014200073F9074B1B689847064B1B689847E07891
:1014300002B010BD184402202444022000C0034022
:10144000204402201C44022030B5124B83B01B689C
:1014500004000D009847104B2D061B689847FF228B
:1014600004231202224023432402210EDBB21B0478
:1014700011431943294304220191084801A926F088
:101480003BF9074B1B689847064B1B68984703B00E
:1014900030BDC046184402202444022000C003404E
:1014A000204402201C44022070B504000D001600E8
:1014B00082B000291DD0002A1BD00F4B1B68984713
:1014C0000E4B1B68984701A9230C0B700322230ABB
:1014D0000B484B708C7026F00FF933002A00FF2167
:1014E000074826F0D9F8074B1B689847064B1B683E
:1014F000984702B070BDC046184402202444022020
:1015000000C00340204402201C44022070B50400A7
:101510000D00160082B000291ED0002A1CD00F4BEF
:101520001B6898470E4B1B689847042301A9220C9F
:1015300023430A700B480322240A8B704C7026F058
:10154000DBF832002900074826F0D6F8064B1B6866
:101550009847064B1B68984702B070BD184402209C
:101560002444022000C00340204402201C440220E6
:1015700010B582B06B4649BA1980124B04001B6843
:101580009847114B1B6898478123DB009C46042336
:1015900000226001604401A90343000A0A704870F8
:1015A00003320A488B7026F0A7F8022269460748E2
:1015B00026F0A2F8064B1B689847064B1B68984715
:1015C00002B010BD184402202444022000C0034091
:1015D000204402201C44022010B582B06B4649BA58
:1015E0001980124B04001B689847114B1B689847E1
:1015F000104B00229C4604236001604401A9034370
:10160000000A0A70487003320B488B7026F074F899
:1016100002226946084826F06FF8084B1B68984775
:10162000074B1B68984702B010BDC0461844022003
:10163000244402200810000000C00340204402207F
:101640001C440220F0B557464546DE464E46394B0F
:10165000E0B59C464001604489B0C3B20193030ADF
:101660000293002304AC0B27A4460393324B0A25B4
:101670009B46324B67449A46314B9946314B9846CC
:1016800006E0013DEDB2002D4BD0039BB34248D0A4
:101690005B461B68984753461B6898470023237096
:1016A000029B06AA6370019B2100A370FF232648BA
:1016B000E3702371FA3B26F027F84B461B689847E6
:1016C00043461B6898477B783A781B0213435EBAFF
:1016D000B6B2002BD5D05B461B68984753461B68B3
:1016E000984700232370029B06AA6370019B210088
:1016F000A370FF231448E3702371FA3B26F004F82B
:101700004B461B68984743461B6898477B783A7856
:101710001B0213435BBA013D9BB2EDB20393002D54
:10172000B3D1300009B0F0BCBB46B246A946A046D2
:10173000F0BDC046082000001844022024440220C6
:10174000204402201C44022000C00340F0B557464C
:101750004546DE464E46394BE0B59C464001604466
:1017600089B0C3B20193030A0293002304AC0B2790
:10177000A4460393324B0A259B46324B67449A4654
:10178000314B9946314B984606E0013DEDB2002DB4
:101790004BD0039BB34248D05B461B6898475346E7
:1017A0001B68984700232370029B06AA6370019B65
:1017B0002100A370FF232648E3702371FA3B25F034
:1017C000A3FF4B461B68984743461B6898477B78A6
:1017D0003A781B0213435EBAB6B2002BD5D05B46F3
:1017E0001B68984753461B68984700232370029B49
:1017F00006AA6370019B2100A370FF231448E370C5
:101800002371FA3B25F080FF4B461B6898474346FF
:101810001B6898477B783A781B0213435BBA013DFB
:101820009BB2EDB20393002DB3D1300009B0F0BCF0
:10183000BB46B246A946A046F0BDC04608260000F9
:101840001844022024440220204402201C44022088
:1018500000C00340F0B5DE4657464E464546E0B56B
:101860008BB002910192002901D0002A06D10BB061
:10187000F0BCBB46B246A946A046F0BD8200F820A7
:101880007B4F561CF60040013B6835180392984781
:10189000784808AC036883469847FF2000222B0A4B
:1018A000A57009AD82462100227063702A000423CE
:1018B000E070714825F028FF70480368814698471A
:1018C0006F48036880469847902189018C46B4444C
:1018D0006146EB7804919B0298B23B68059098476B
:1018E00058460368984704990022080AA170514697
:1018F0000423227007902A006070E1705E48210086
:1019000025F002FF49460B68984741460B68984707
:10191000942080018446E9783B68664406919847A4
:1019200058460368984750460022330A2100227027
:1019300063702A000423A670E0704F4825F0E4FE8F
:10194000484603689847404603689847069EEB78E8
:1019500032029B18059A9EB2531E3340D21A90B29F
:10196000039A01990232D20006961E020392164390
:1019700082463A68814267D98C46059963445B1A6E
:101980009BB2059300281AD090475B461B68984786
:101990000423320C3343360AAB7029002A703648D0
:1019A00003226E7025F0A8FE52460299324825F0B7
:1019B000A3FE4B461B68984743461B689847059E05
:1019C000002E1DD03B6898475B461B689847002354
:1019D000042203992B700A430B0AAA7029000322E0
:1019E00025486B7025F088FE320002995144224848
:1019F00025F082FE4B461B68984743461B68984774
:101A0000069A019B944663445BBA23803B689847DF
:101A10005B461B68984700232B70079B049A6B70EA
:101A200004231A432900AA701348032225F064FEF8
:101A300002222100104825F05FFE4B461B689847A4
:101A400043461B68984712E790475B461B689847D8
:101A50000423320C3343360A29002A700648032235
:101A60006E70AB7025F048FE019A0299BFE7C04640
:101A7000184402202444022000C0034020440220D5
:101A80001C440220F0B5DE4657464E464546E0B5BA
:101A90008BB002910192002901D0002A09D180481F
:101AA0000AF000FA0BB0F0BCBB46B246A946A0460D
:101AB000F0BDF02183007B4F5E1CF60049010393CB
:101AC0003B6875189847784908AC0B688B4698476F
:101AD0000023FF212370A5702B0A09AD8A462A0036
:101AE0006370E17004232100704825F00DFE7049F9
:101AF0000B68894698476F490B6888469847A0212C
:101B000089018C46B4446146EB7804919B029AB2F9
:101B10003B68059298475846036898470499002304
:101B2000080AA17051462A00237007906070E17086
:101B3000043321005D4825F0E7FD49460B689847CE
:101B400041460B689847A42080018446E9783B68A9
:101B500066440691984758460368984700235046C4
:101B60002370330A2A0021006370A6700423E070FA
:101B70004E4825F0C9FD484603689847404603682B
:101B800098470699EB780A029B18059A99B2531E5A
:101B90000B40D21A069191B28A46039A01990332F8
:101BA000D2001E02039216433A68514566D98C460C
:101BB000059963445B1A9BB205935346002B19D0D9
:101BC00090475B461B689847330C2B70330A0322FF
:101BD00029006B703548AE7025F08EFD5346FF210D
:101BE000029A324825F058FD4B461B6898474346F9
:101BF0001B689847059E002E1CD03B6898475B46A3
:101C00001B6898470023039A2B70130A6B70AA7005
:101C100029000322254825F06FFD3300029A524423
:101C2000FF21224825F038FD4B461B689847434664
:101C30001B689847069A019B944663445BBA2380CD
:101C40003B6898475B461B68984700232B70079BAF
:101C5000049A6B7004231A432900AA7013480322C4
:101C600025F04AFD02222100104825F045FD4B4693
:101C70001B68984743461B68984713E790475B46A5
:101C80001B689847330C2B70330A03226B702900B2
:101C90000648AE7025F030FD019B029AC0E7C046B1
:101CA000B0240000184402202444022000C0034055
:101CB000204402201C440220F0B54546DE4657462B
:101CC0004E46E0B50D0087B0002900D173E03C4BD3
:101CD00040019C4606003B4B66449B461B68070040
:101CE0009847394B04AC9A461B6898470023FF215C
:101CF000320A0196A67005AE237002926270E170FE
:101D0000320021000433314825F0FEFC304808370A
:101D10000368814698472F48036880469847A42166
:101D200089018C465946F0780B68674403909847C0
:101D300051460B6898470023FF2123703B0A32006D
:101D40006370E170042321002048A77025F0DCFCBB
:101D500049460B68984741460B689847594603988F
:101D6000F37802029B189BB2ED186DBA0B682580C0
:101D7000984751460B68984700233370029B019A9D
:101D8000737004231343B370032231000F4825F00E
:101D9000B3FC022221000D4825F0AEFC4B461B6827
:101DA000984743461B68984707B0F0BCBB46B2460D
:101DB000A946A046F0BD08480AF074F8F4E7C0460A
:101DC00008280000184402202444022000C00340D8
:101DD000204402201C440220B124000070B51C4C99
:101DE0002368002B28D0112012F070FBD024802310
:101DF00080259B02240663626D036361142012F048
:101E000065FB64206562A5611DF062F9642065616F
:101E10001DF05EF90F4B104A10481A60104B114A22
:101E200028211A60104B114A1A60114B114A1A608E
:101E300006F046FD012070BD01201BF02DF9206049
:101E40000028D0D10C480AF02DF80020F3E7C04656
:101E5000D085022018440220DD130010887902107A
:101E60001C440220C113001024440220A9130010B6
:101E700020440220B5130010B2240000F0B5DE4665
:101E800057464E464546E0B585B00190002800D142
:101E900036E2F94B03AC99461B689847F74B1A2575
:101EA00098461B689847F64B04222100F548039397
:101EB00025F022FCF44F3B689847F44E336898476E
:101EC0004B461B68984743461B689847F04B0422D3
:101ED0002100EC48039325F00FFC3B6898473368DA
:101EE00098474B461B68984743461B689847E94B01
:101EF00004222100E348039325F0FEFB3B6898474A
:101F0000336898474B461B68984743461B68984779
:101F1000E14B04222100DB48039325F0EDFB3B68F5
:101F20009847336898474B461B68984743461B6859
:101F30009847DA4B04222100D248039325F0DCFBBA
:101F40003B689847336898474B461B689847434619
:101F50001B689847D24B04222100CA48039325F0FE
:101F6000CBFB3B689847336898474B461B689847BC
:101F700043461B689847CB4B04222100C14803937A
:101F800025F0BAFB3B689847336898474B461B6877
:101F9000984743461B689847C34B04222100B94821
:101FA000039325F0A9FB3B689847336898474B4655
:101FB0001B68984743461B689847BC4B0422210086
:101FC000B048039325F098FB3B68984733689847DF
:101FD0004B461B68984743461B689847B44B0422FE
:101FE0002100A848039325F087FB3B689847336896
:101FF00098474B461B68984743461B689847AD4B2C
:10200000042221009F48039325F076FB3B68984704
:10201000336898474B461B68984743461B68984768
:10202000A54B042221009748039325F065FB3B68EC
:102030009847336898474B461B68984743461B6848
:1020400098479E4B042221008E48039325F054FBB1
:102050003B689847336898474B461B689847434608
:102060001B689847964B042221008648039325F06D
:1020700043FB3B689847336898474B461B68984733
:1020800043461B6898478F4B042221007D480393E9
:1020900025F032FB3B689847336898474B461B68EE
:1020A000984743461B689847874B04222100754890
:1020B000039325F021FB3B689847336898474B46CC
:1020C0001B68984743461B689847804B04222100B1
:1020D0006C48039325F010FB3B689847336898479A
:1020E0000A201CF0F5FF7A4B9B463B004F46994671
:1020F0003B68984743461B6898475B46220002A905
:1021000002936048042325F0FFFA4B461B6898476A
:1021100033689847E3786420013D9A461CF0D8FF65
:10212000002D00D1E7E0012352461342E0D04B4698
:10213000B94668481F0006F0C3FB4B461B6898472A
:1021400043461B689847902304251B010322210066
:1021500023804C48A57025F0CFFA019B0622190078
:1021600048489A4625F0C8FA3B689847336898472C
:102170004A4613689847424613689847F0231B0164
:102180000322210023803F48A57025F0B5FA53466D
:102190000422991D3B48019325F0AEFA3B6898470D
:1021A000336898474A4613689847424613689847E9
:1021B000A023DB002380032221003248A57025F0F4
:1021C0009BFA019904220A312E4825F095FA3B68C2
:1021D0009847336898474A461368984742461368B9
:1021E000984780235B002380032221002548A570A7
:1021F00025F082FA019904220E31224825F07CFA5A
:102200003B689847336898474B461B689847434656
:102210001B689847304B042221001A48039325F08D
:102220006BFA3B689847336898474B461B6898475A
:1022300043461B689847294B042221001148039309
:1022400025F05AFA3B689847336898474B461B6815
:10225000984743461B689847214B042221000948B0
:10226000039325F049FA3B689847336898471D481F
:1022700006F026FB012037E0184402202444022007
:10228000001E0C0800C00340204402201C44022011
:10229000001F0C08001E2C08001F2C08001E4C00FC
:1022A000001F4C00001E6C00001F6C00001E8C0004
:1022B000001F8C00001EAC00001FAC00001ECC00F4
:1022C000001FCC00001EEC00001FEC00002E04F8E4
:1022D000002E00FFBC79021000190407001A04D078
:1022E000001B0408E079021005B0F0BCBB46B24602
:1022F000A946A046F0BD054809F0E6FD0020F3E739
:10230000034809F0CFFD0020EEE7C046B4240000EA
:10231000B3240000F0B5CE46474680B5040083B034
:10232000002800D16FE03A4F04253B689847394EAA
:102330003368984790236A461B019380957101A9E1
:102340000322354825F0D8F906222100324825F02D
:10235000D3F9324B99461B689847314B98461B6816
:1023600098473B68984733689847F0236A461B01B3
:102370009380957101A90322274825F0BDF9042215
:10238000A11D254825F0B8F94B461B6898474346E0
:102390001B6898473B68984733689847A0236A466C
:1023A000DB009380957101A903221B4825F0A4F955
:1023B000210004220A31184825F09EF94B461B687B
:1023C000984743461B6898473B6898473368984747
:1023D00080236A465B009380957101A903220E4811
:1023E00025F08AF9210004220E310B4825F084F9EA
:1023F0004B461B68984743461B68984703B0C0BCD0
:10240000B946B046F0BD074809F04CFDF6E7C046B6
:10241000184402202444022000C00340204402202B
:102420001C440220B624000010B50D4B82B01B687E
:1024300098470C4B01AC1B6898470B4B2200694630
:1024400000930A48042325F05FF9094B1B6898475D
:10245000084B1B6898470120E378184002B010BD74
:102460001844022024440220002E00FF00C0034034
:10247000204402201C440220F0B5CE46474680B5D9
:102480001C4B83B098461B6898471B4F01AC3B68B8
:1024900098471A4B042221001948019325F02CF982
:1024A000184E33689847184D2B6898470A201CF03F
:1024B0000FFEFF231B06994602E001201CF008FED8
:1024C00043461B6898473B6898474B46220069463D
:1024D00000930B48042325F017F9336898472B68BD
:1024E00098470323E356002BE7DB03B0C0BCB94693
:1024F000B046F0BD184402202444022000000480AD
:1025000000C00340204402201C440220F0B557467E
:102510004E464546DE46E0B54A4D0E0085B0010008
:102520002800170006F0CCF9002F00DC86E0464BAF
:1025300000240093454BBB4602930F239846444B1F
:102540000395019308E0315D009806F0B9F90F2D6D
:102550005AD001345C450FD04546434625402342BE
:10256000F1D12100019806F0ABF9315D00980134FA
:1025700006F0A6F95C45EFD15F46039D0F243C426F
:1025800033D0FB171B0FFA181440E31A9846102398
:1025900042469B1A5A00914699442E4BAA46002463
:1025A0004D46B1461E00300006F08AF92300013482
:1025B0009D42F8DA43464E465546FC1AA74211DDC5
:1025C000254B341998466826B944244F4346217850
:1025D0005B5CB34300D12E213800013406F070F962
:1025E000A145F3D1029806F06BF9029C2800210066
:1025F00006F066F9200006F063F905B0F0BCBB46B2
:10260000B246A946A046F0BD154806F059F9124B4E
:1026100025009946114B68279A460F3D4B46715D40
:102620005B5CBB4300D12E215046013506F048F9D2
:10263000A542F3DD029806F043F98AE7034B0293C3
:102640009CE7C046007A0210107A0210C0DF021028
:10265000047A02100C7A0210D1A103101C7A021025
:10266000187A021070B51C4B1C4C82B020701A7086
:10267000002900D1A1310026194B1A4D1E601A689D
:10268000194B29801A6003F037FC207800F0D4FF42
:10269000002302212A88207801F024F82378984228
:1026A00005D0124809F0FEFB002002B070BDF020FA
:1026B0000422694600010096FEF7F6FE694601A86D
:1026C000019603F01BFC0A482B882278094906F082
:1026D000F7F80120E9E7C0468A1100208B1100209D
:1026E000D882022088110020B0820220E02400005D
:1026F0002C7A0210207A0210F0B5DE4657464E467C
:1027000045460023E0B5A5B00F931D90002801DCDD
:1027100001231D931CF022FD0023394F1793394BE1
:10272000BB461E90169314E00223012410935B46CF
:102730001B78A12B03D89F2B01D8302B6ED03248A9
:1027400009F0B0FB179B1D9A013317939A4200D1F1
:10275000A2E31CF003FD1E9BC01A312800D99BE3A5
:10276000169B1878FEF7F2FF002800D194E30023AF
:1027700020AA53812393C023021C9B00984200D9B6
:102780001A1C169B20A98C4618780A2363440093D0
:10279000594692B223AB01F087FB002800DC7BE3B3
:1027A000C022C12400265B460004A400050C920050
:1027B0009D501E51154B002199461E51144B484601
:1027C0001E701393134B14931E7014F07FFD2A0098
:1027D00059461148FFF79AFE5B461E514B461E5163
:1027E0005B465A785B785BB2002B9DDA7F231340FF
:1027F000012B01D100F0D9FD5C1C0233109396E748
:10280000787C02208B110020EE240000807F0220C3
:102810000486022003860220587A0210109D594631
:102820002A00484614F058FDC12359469B00CD505C
:102830004946AC46C8585A466044C8505B460234C4
:1028400012571D1901211B5D002A01DA00F0D6FC88
:10285000109A5C469446A25C614401310C00A12AA6
:1028600001D900F0B5FC9F2A02D8302A00D05C18AC
:102870005B46109A9B5C022B01D000F0A2FD5B46E8
:102880005B5C002B01D000F09CFD13005B44A21A9E
:102890001900484416001A9214F01EFDC12359462F
:1028A0009B00CC504946B446CD58621C6544CD507F
:1028B0005B46995C9E189A56002A01DA00F0C9FC22
:1028C0000A0001210B195946095D01339846A129D7
:1028D00001D900F0A5FC9F2903D8302901D099180F
:1028E00088465946095D042901D000F066FDB649C5
:1028F0000978914201D000F060FD5B441800B349B3
:1029000020F0EAFC002801D000F071FD43462100D0
:1029100028001B1B1A00594448441C001B9314F048
:10292000DBFCC123404659469B00C8504946A4469B
:10293000CA5801246244CA50A54B15921A5C1B5612
:10294000002B02DA7E341440013442465B469B5C25
:1029500044441A00A03A661C0C930E92012A03D933
:10296000A32B01D000F047FD434659461598F31AB2
:102970001A00414448441D001C9314F0ADFCC123CF
:1029800059469B00CE504946CA580234AF18CF5022
:102990004A46A223414653545A465B4612571819D9
:1029A00001211B5D002A01DA00F0ACFC5A46925D61
:1029B00074180134A12A01D900F05DFC9F2A02D8C5
:1029C000302A00D0E4185B463800A51B2A0099196C
:1029D000484414F081FCC1235A469B00D4504A4617
:1029E000D05859462818D0505B46621C9D189B5CF5
:1029F0008A560121002A01DA00F073FC5A460919AF
:102A0000125D4D1C1995A12A01D900F040FC9F2AA6
:102A100003D8302A01D0199AD51821002F1B3A006B
:102A20005944484414F058FCC1235A469B00D550E1
:102A30004A46D05859463818D0505B466A1C9C18F4
:102A40009B5C8A560121002A01DA00F039FC5A46C3
:102A50004919525D013118911291A12A01D900F052
:102A600010FC9F2A05D8302A03D0189A9446634454
:102A700012932900129F59447C1B2200484414F0F1
:102A80002BFCC1235A469B00D7504A46A246D25837
:102A90000124924451464A46D1503B004C4A4C498D
:102AA000D25CCB56BF1B002B02DA7E3414400134BB
:102AB000129B5A469C46D35C64440134302B01D0AF
:102AC00000F091FC4E46129B5644E21A5B441900FA
:102AD00030001D00119214F0FFFBC12359469B00EA
:102AE000CC504946CA5811998C4649466244CA504E
:102AF0005A46043BD3589C4201DB00F042FC0023C1
:102B000004930393324B21970B93324B5F460D9303
:102B1000314B099343461F935346CA4620930B9B60
:102B200001251A5D1B57002B02DA7E351540013551
:102B300065196B1C9B463B5D302B01D000F010FCEF
:102B40005B46C1261A1B5346B6009B59391918001B
:102B5000504490460592069314F0BEFB5B46BB5171
:102B6000534652469B590235434493517A57079333
:102B70007E5D01237819002A00DAEBE15A465B44B6
:102B8000BA5C01330293A12A00D9AAE19F2A03D893
:102B9000302A01D0F2180292621C08925A46BA5C9E
:102BA000062A00D0A7E198460D9BB8441B689946B9
:102BB000002B00DCCFE2084B00251C000A933B00F1
:102BC0004F4699460FE0C04620E9021024E9021062
:102BD000797C02201CE90210901100200135583444
:102BE000BD4200D160E123789E42F7D132004146D8
:102BF000601C20F071FB0028F0D14B46B9461F0045
:102C00000C9BA02B00D158E1A32B00D155E106234A
:102C100052460799013553544D4500DBA5E2C123C7
:102C2000029A9B00FA50079B5646581C991C582341
:102C30006B430A9C5144E25C3254002A44D0A446BF
:102C400063445A780A70325C012A36D99A784A70FD
:102C5000325C022A31D9DA788A70325C032A2CD9A4
:102C60001A79CA70325C042A27D95A790A71325CFF
:102C7000052A22D99B794B71335C062B1DD9582329
:102C80006B436344DA798A71325C072A15D91A7A60
:102C9000CA71325C082A10D95A7A0A72325C092A3F
:102CA0000BD99A7A4A72325C0A2A06D9DA7A8A727F
:102CB000325C0B2A01D91B7BCB72C12352469B008D
:102CC000D358079353445A78931C9C46079A0A9307
:102CD00062449046C123414652469B00D150029B1C
:102CE00001210133FC5CF818FB56002B00DA6CE183
:102CF000029B9C46FB5C614401318B46A12B00D9B1
:102D000009E19F2B03D8302B01D00B199B465B4662
:102D1000029A9E1A6B1C00D106E10E9B012B00D873
:102D200064E15823099A6B43944663445A7B029B9F
:102D30007918FB5C934200D047E3062B06D000D9FC
:102D40009DE1022B00D19EE1042B0DD158235D4360
:102D5000099B28009C4610306044220014F0BCFA05
:102D6000099B9C466544AC734046029B3200F918AF
:102D7000504414F0B1FAC123524651469B00D25838
:102D80009219CA505A46FA500A9B9C46089B6644C0
:102D9000FA5CFB56002B00DAEDE0069B53445E70B4
:102DA000059B9E1900D5FEE0049B9C46B4446346F7
:102DB0000493C1239B00FC58039B01330393C0235E
:102DC0009B00FB589C4200DAA9E6BB461F9BD146FC
:102DD0009846209B219F9A46119B63441193129B16
:102DE0005B445A785B785BB2002B00DAA4E253466E
:102DF000049A4B445A70119B002B00DAD7E0119BC8
:102E0000FA1843465B4459785B785BB2002B00DAD2
:102E100043E2159B4B445A70139B1B78002B07D041
:102E2000494619980B54149B18981B7801330B547E
:102E30001C9B9B1800D5BDE01B9AD31800D5BCE0A5
:102E40001A9ADA4200D5BBE0C1234A469B00D25809
:102E5000109BD41A5B4659785B785BB2002B00DA82
:102E6000E4E14B465C70169B4946187820AB5B89C1
:102E700092B2009323AB00F05BFFC1234A469B0054
:102E8000D2584946D548FFF741FB179B1D9A01339D
:102E900017939A4200D05CE4179825B0F0BCBB466B
:102EA000B246A946A046F0BD4B460125B9461F00D3
:102EB0000C9B6D42A02B00D0A6E65B465A46029CB6
:102EC0000798E31A1E00B91850441A000A9314F028
:102ED00003FAC1235146B0469B00C858FC508044B9
:102EE000F8E6A32A00D055E6621C08925A46BA5C5E
:102EF000062A00D157E6BA4808F0D4FF089BFA5CCE
:102F0000FB56002B00DA30E2FF22069B53445A7036
:102F1000059E013E48E7A32B00D0F6E65B46029AE9
:102F20009E1A6B1C00D0F8E64046B9185044320097
:102F300014F0D2F9C123524651469B00D25892193F
:102F4000CA505A46FA50149B039A1A700223139AD5
:102F5000137019E77F2333404678012B00D1E4E159
:102F6000821C0130C0181178360201320E439042A3
:102F7000F9D1013302E67F200300069913400231A4
:102F8000104200D10CE7581EC200C01A5144C000C4
:102F900033001341083A0B7001318242F8D1059B8E
:102FA0009E1900D400E7BB468E4808F07BFF8E4890
:102FB00008F078FF8D4808F075FF8D4808F072FF23
:102FC0008C4808F06FFFFFF7BDFB7F21214044785C
:102FD000012900D1A7E1831C013040181A7824028E
:102FE000013314439842F9D1013181E6434602335B
:102FF000534402934D4500DBF1E158236B43099A9A
:10300000D218517B0F91062900D1C9E05DD8022961
:103010006DD004295DD1099819008046126D1031D8
:103020008844002A08D00E33C11840469047C12377
:10303000B3469B00FB589B44404620F00FFE5823AC
:10304000099A6B439446C4B263449C732200414680
:10305000029814F041F9C12352469B00D358A61C94
:103060009846424653460F999019995443445C70D0
:10307000C12352469B00D0505A46FA5084E6413B49
:10308000022B00D970E600200022002C08DD002071
:103090000A190B780002013118439142F9D102005C
:1030A000582309996B438C4663441A619C735B6D8A
:1030B000002B00D158E69847C12352469B00D258B6
:1030C000FB5890469B46B3444EE60B00413B022B17
:1030D0000DD9494808F0E6FEC1235246B3469B008D
:1030E000D258FB589046002402269B44B9E758204A
:1030F0006843099A13181B6D002B0BD001009446EE
:103100000E311030614460449847C123B3469B00A0
:10311000FB589B445823099A6B43944663449C7B19
:10312000002C38D023001100A61C58228C466A437C
:1031300062441169013B029ADB000800D840083B59
:103140001070180001320830F7D1C12352469B009D
:10315000D358984685E70C9BA02B00D1E7E0A32B22
:1031600000D1E4E0534607995A545B465A46029C04
:103170000798E31A1D00B91850441A000A9314F076
:10318000ABF8C1235146A84601259B00C858FC5006
:1031900080446D429EE50424062604231100C4E702
:1031A000099819008046126D10318844002A08D011
:1031B0000E33C11840469047C123B3469B00FB58CD
:1031C0009B445823099A6B43944663449C7B3DE798
:1031D000A32A01D0FFF74BFBFFF74AFB687A0210E6
:1031E000E3240000E6240000E8240000EA240000B4
:1031F000ED240000EF240000E12400007F211940AD
:103200006B78012900D1CDE0AA1C01356D18147826
:103210001B02013223439542F9D10131FFF718FB1C
:10322000A32901D0FFF75BFBFFF75BFB7F200300C7
:103230000B40084200D116E64946013BDB00881CE2
:1032400021001941083B0170190001300831F7D104
:1032500009E67F2211407278012900D19FE0B31C5A
:103260000136761818781202013302439E42F9D1D2
:103270000131FFF727FBA32A01D0FFF7A3FBFFF7DC
:10328000A2FBA32A01D0FFF7F0FBFFF7F2FBA32A72
:1032900001D0FFF7C0FBFFF7C0FB7F2003000B400E
:1032A000084200D1B8E51599013BDB004944100004
:1032B0001841083B8870180001310830F7D1ABE5A0
:1032C0007F2119406378012966D0A21C013464185B
:1032D00017781B0201323B439442F9D10131FFF7C9
:1032E000B6FB7F2119406B78012952D0AA1C013509
:1032F0006D1817781B0201323B439542F9D1013119
:10330000FFF77CFB7F2119404378012952D0821CB2
:103310000130401814781B02013223439042F9D146
:103320000131FFF743FB0221E2E4022326E40125F9
:103330006D42C2E5002304937F210B00134011422C
:1033400000D158E55246013B0498DB004A44010095
:103350001941083B9170190001320831F7D14AE553
:103360002748BB4608F09EFD1EE67F200300069915
:1033700013400231104200D1CAE50126581E7642A0
:1033800002E60123EB566A78002BD3DB002373702F
:1033900035E50221FFF732FB0221FFF758FB02213E
:1033A000FFF790FA0221FFF753FA03230224109348
:1033B000FFF7BDF90221FFF7F9FA124808F072FD94
:1033C000FBE5114808F06EFDFAE50323139A0F4858
:1033D0001370149B039A1A7008F064FD6CE60026C3
:1033E000F4B202363DE60A4808F05CFDDFE5094824
:1033F00008F058FDE1E5084808F054FDDAE5C0465C
:10340000E4240000E9240000EC240000E224000091
:10341000E5240000EB240000E7240000024A1368C2
:10342000013313607047C046D8820220044B054A1E
:103430001B6812689B1A036004230B707047C04618
:10344000D8820220B08202200CB4F0B5DE46574686
:103450004E464546E0B58BB01593754B30269846E1
:10346000170004221E708123924642465B0053805F
:103470000023994643464A46069038000D001A71CB
:1034800020F0ECFB43460400524639005A71987113
:103490002200D81D13F020FF08239C46A444634655
:1034A00005934346A4221B19DA719E3A5A7215AA53
:1034B00017780B349F724346181906AB9C463D2182
:1034C0003A00614413F008FF424640233F19D355A8
:1034D000D31952465A702A7802219A706A782B982A
:1034E000DA70AA781A71EA7899715A7101225972C0
:1034F0002C99DA719A725A734A46D97243213D0067
:103500009A732D9A18721973DE732EAB103511371A
:103510000893002A00D188E09B460023C1469A46C2
:103520000393079520E0062B44D1AB7B10351A009E
:10353000434662702370049C90462000290013F0DB
:10354000CBFE44444B460236DB19A41B5C70039B44
:1035500002349C46A4446346039301239C462D9B5E
:10356000E2443F19534532D0042294465B46E3447B
:103570005A461D6808924B463022DE19DA55FF2361
:103580007370F93BB3702A78341D2000F270691C07
:1035900013F0A2FE2B78E4186B7B9846A31C0493CF
:1035A0004346042BBFD11035280020F057FBC3B28F
:1035B0001A00BDE72370042363702B69A01C1BBA9B
:1035C000042209A90993063413F086FEBAE76B4674
:1035D000C846079D1B7B4246404605995355FBB2A2
:1035E000144C5A1A013A023B42544370207800F0BE
:1035F00023F80023A2220221207800F073F8A223EE
:1036000041462078BAB20093069B00F091FB2078E7
:1036100000F012F800200BB0F0BCBB46B246A94641
:10362000A046F0BC08BC02B018470023D3E7C04650
:10363000E48202208A110020F0B5C646070000B5DA
:10364000072843D8082398464501A8440935FF3583
:1036500010212800FDF7F8FE1BF080FD060007E0B2
:103660001BF07CFD801B04282DD801201BF030FDB1
:103670002800FDF7BFFE041EF2D180208000FF214C
:103680004044FDF7E1FE0123BB4012490A889A43FA
:103690000A8011490A889A43104B0A807A00D45252
:1036A00000220F4BDA55C027BF00474402E001203B
:1036B0001BF00EFD3800FDF79DFE0028F7D101300C
:1036C00080BCB846F0BD0D204042F9E701204042E1
:1036D000F6E7C046E4850220E68502201C8502202C
:1036E00014850220F0B5C64600B504000E00170090
:1036F000984682B0072800D9A4E0012966D08B1E25
:10370000022B00D97DE043465B0700D59DE0434690
:10371000002B02D0022900D176E02000FFF78CFFB9
:103720000F23414665019943083528003143FDF7D1
:103730008BFE002F08D14A4A4A4917887B1C9BB24E
:103740008B4200D16BE0138039006F1C2000FF37E3
:10375000FDF70EFF01213800FDF776FE1BF0FEFCA1
:10376000060007E01BF0FAFC801B042846D8012065
:103770001BF0AEFC3800FDF73DFE0028F2D101231E
:10378000474619003B40A140A340374E32888A4348
:103790001343364A338013888B431380344B6200C3
:1037A000D0520022334B1A55C0239B009C466544DF
:1037B00002E001201BF08CFC2800FDF71BFE002816
:1037C000F7D060B202B080BCB846F0BDF020042251
:1037D00001A90001FDF768FE019B002B39D043468B
:1037E0005B0732D44346002B97D021234246134235
:1037F00000D092E7204808F055FB20E00D20404221
:10380000E0E705204042DDE79B060CD543465BB26E
:10381000002B00DA81E7194808F044FB0FE0184B51
:10382000184F138090E74346DB0600D475E7434604
:103830005BB2002B00DA70E7134808F033FB062078
:103840004042BFE701204042BCE7104808F02AFB95
:10385000F5E70F4808F026FB03204042B2E7C046D8
:103860008C110020F0FF0000E4850220E685022094
:103870001C85022014850220C3240000C4240000FB
:1038800000C0FFFFEFFF0000C5240000C2240000BD
:10389000C1240000F8B50600072853D847010837AF
:1038A0003800FDF7A7FD0F230340012B47D17D1CF6
:1038B000FF3508212800FDF7C7FD1BF04FFC040071
:1038C00007E01BF04BFC001B042830D801201BF044
:1038D000FFFB2800FDF78EFD0028F2D10121080032
:1038E000B0401A4B1A8882431A80194B1B88334107
:1038F00019421FD1C0239B00FD18013BFF3BFC1860
:10390000082707E02000FDF775FD074209D10A20CE
:103910001BF0DEFB2800FDF76DFD0028F2D1013021
:1039200007E03000FFF788FE0A4808F0BBFA0D20D8
:103930004042F8BD084808F0C7FA0020F9E7052022
:103940004042F6E701204042F3E7C046E685022008
:10395000E4850220C7240000C6220000F0B5C64658
:10396000060000B507285FD8440108342000FDF7A1
:1039700041FD0F230340012B50D1C0239B00E718CA
:103980003800FDF737FD13284BD10134FF340221F5
:103990002000FDF759FD1BF0E1FB050007E01BF0DF
:1039A000DDFB401B042821D801201BF091FB2000E7
:1039B000FDF720FD0028F2D11BF0D0FB0125804649
:1039C0001B4C3800FDF716FD1C281BD82B0083402C
:1039D00023420ED1142815D1012080BCB846F0BD79
:1039E0003000FFF729FE134808F05CFA0D20404232
:1039F000F3E73000FFF720FE0F4808F053FA0420E9
:103A00004042EAE71BF0AAFB4346C01AFA235B00D8
:103A10009842E5D801201BF05BFBD2E7052040422D
:103A2000DBE703204042D8E701204042D5E7C0460B
:103A300001008810C9240000C8240000F0B54546E4
:103A4000DE4657464E46E0B583B0050014000091AF
:103A5000072800D9A9E00822924643019A4450461B
:103A6000FDF7C8FC0F230340012B00D0A3E0002C7E
:103A700000D19DE0C0239B00534418009846FDF7F9
:103A8000B9FC172802D01C2800D097E04F4B012723
:103A900001931B882B411F4249D1AF40F8204001C0
:103AA0005044FDF7A7FC8002061C80B2A04200D95A
:103AB000261C1BF053FB464B81469B46B6B22800A2
:103AC000FDF7C0FD04004046FDF794FC172801D027
:103AD0001C2854D15B461B881F423AD0A64230D8DE
:103AE00028005546013532000099FF35FDF7B2FE3A
:103AF00020212800FDF7A8FC1BF030FB0400280063
:103B0000FDF778FC00280CD01BF028FB001B0428D4
:103B100048D801201BF0DCFA2800FDF76BFC0028D8
:103B2000F2D1019A300013883B4313800AE08026CB
:103B3000B60056443000FDF75DFCC30615D40007FF
:103B40002AD4002003B0F0BCBB46B246A946A0462A
:103B5000F0BDA642C4D91BF001FB4B46C01A092890
:103B6000EFD801201BF0B4FAA9E7AF4010213000D4
:103B7000FDF76AFC019A1388BB4313808EE7280087
:103B8000FFF75AFD02F048F8012802D0114808F06A
:103B900089F907204042D5E72800FFF74DFD0E4880
:103BA00008F080F90D204042CCE701204042C9E7EF
:103BB0000E204042C6E705204042C3E702F02CF841
:103BC0000128E6D0054808F06DF9E2E7E685022015
:103BD000E4850220CC240000CB240000CA2400008D
:103BE000F0B5DE46454657464E46E0B583B0050083
:103BF00093460191072800D983E0082292464301A9
:103C00009A445046FDF7F6FB0F230340012B00D0EA
:103C10007DE05B46002B00D176E0C0239B0053443F
:103C200018009846FDF7E6FB172802D01C2800D0A4
:103C300070E01BF093FA01263A4B0700AE4099461C
:103C40000BE04B461B881E4242D11BF087FAC01B7B
:103C500009283DD801201BF03BFA2800FDF776FD2E
:103C600004004046FDF7C6FB172801D01C283BD1B5
:103C7000002CE6D05F46A34534D8F02040015044E4
:103C8000FDF7B8FB8002061CBBB280B2984227D871
:103C90005446B6B20134320028000199FF34FDF7D2
:103CA000F1FE40212000FDF7CFFB1BF057FA050085
:103CB00007E01BF053FA401B04281FD801201BF01B
:103CC00007FA2000FDF796FB0028F2D1300000E053
:103CD000002003B0F0BCBB46B246A946A046F0BDEA
:103CE0003E1CD5E7271CC8E701F096FF012802D04B
:103CF0000D4808F0D7F807204042EAE70D2040427F
:103D0000E7E701204042E4E70E204042E1E70520DA
:103D10004042DEE701F080FF0128ECD0034808F0C4
:103D2000C1F8E8E7E4850220D0240000CF24000099
:103D3000F0B557464E464546DE46E0B583B01F0017
:103D40006B461B8E0600140098460191072800D987
:103D500094E0450108352800FDF74CFB0F23034094
:103D6000022B00D090E0002C00D194E03B78002B97
:103D700065D04346002B00D183E0C0239B009B46C7
:103D8000AB445846FDF736FB222800D07FE0C02325
:103D90001B01E81804223900FDF7B8FB414630004A
:103DA000FDF71AFCF8235B01E818FDF723FB8002FE
:103DB000071C80B2A0424ED81BF0D0F90123B340BB
:103DC0009846364B81469A46BFB23000FDF73AFC22
:103DD00004005846FDF70EFB222846D153464246C2
:103DE0001B881A421FD0A74237D801353A0030004D
:103DF0000199FF35FDF72EFD20212800FDF724FB5A
:103E00001BF0ACF9040007E01BF0A8F9001B042824
:103E100031D801201BF05CF92800FDF7EBFA0028EF
:103E2000F2D138001AE0A742DFD91BF097F94B46D0
:103E3000C01A092811D801201BF04AF9C5E77B7880
:103E4000002B96D1BB78002B93D1FB78002B90D11F
:103E50000C20404202E0271CAEE7002003B0F0BC7B
:103E6000BB46B246A946A046F0BD0D4808F01AF878
:103E700007204042F2E70D204042EFE70120404298
:103E8000ECE70B204042E9E705204042E6E7054821
:103E900008F008F8ECE70E204042DFE7E485022056
:103EA000D2240000D1240000F0B557464E464546C6
:103EB000DE46E0B585B00500894617000193072866
:103EC00000D918E1002A00D112E144010834200091
:103ED000FDF790FA8D4B80469A466B009B46534601
:103EE0005A469B5A002B4AD007220240032A0ED082
:103EF000042A0CD00026022A09D031002800FDF740
:103F0000DBFE53465A4601349E52FF340BE0013427
:103F1000FF343E1C9F4200D91E1CB6B232004946F7
:103F20002800FDF7AFFD40212000FDF78DFA1BF0C2
:103F300015F9070007E01BF011F9C01B04281BD876
:103F400001201BF0C5F82000FDF754FA0028F2D13B
:103F50005A46534659469B5A52469B1B9BB2535254
:103F60006B4A002B50D15055300005B0F0BCBB4619
:103F7000B246A946A046F0BD0D204042F5E7280014
:103F8000FDF7E4FB061E00D180E007234246134004
:103F9000022B3DD153465A469B5A0134FF34002B25
:103FA000B7D102AE082231002800FDF76BFD402199
:103FB0002000FDF749FA1BF0D1F8804608E01BF01D
:103FC000CDF84346C01A0428D6D801201BF080F84B
:103FD0002000FDF70FFA0028F1D1019A3378137011
:103FE00073785370B3789370F378D370B3880E9A64
:103FF0005BBA1380F2885146584652BA0A52802161
:1040000093B2434A515584E70123505D1843AAE710
:10401000062241460A4200D16FE7032B38D0042B19
:1040200000D06AE753465A469B5A0134FF34002BAE
:1040300000D06EE702AE022231002800FDF722FD1B
:1040400040212000FDF700FA1BF088F8804608E0C8
:104050001BF084F84346C01A04288DD801201BF0B9
:1040600037F82000FDF7C6F90028F1D172783378CF
:10407000023A1B029B18594652469BB25352254A9C
:1040800093423BD88021224A515542E700206CE7F9
:1040900053465A469B5A0134FF34002B00D038E770
:1040A00002AE062231002800FDF7ECFC4021200082
:1040B000FDF7CAF91BF052F8804609E01BF04EF8F4
:1040C0004346C01A042800D956E701201BF000F827
:1040D0002000FDF78FF90028F0D1019A3378137092
:1040E00073785370B3789370F378D370B28882E7A3
:1040F0000E20404239E70120404236E72800FFF712
:104100009BFA054807F0CEFE04482EE71C850220E6
:1041100014850220EA050000D424000017FCFFFFEC
:1041200070B51500072800D980E0072900D96DE097
:10413000444B89005B589F46440108342000FDF73A
:1041400059F90F230340012B00D072E0BC239B01DF
:104150002978E018FDF778F9012070BD3A4B40014D
:104160009C4611786044FDF76FF9F5E7374B1188ED
:104170009C4640010400090A6044FDF765F9982354
:1041800008345B012978E018FDF75EF9E4E7304B6D
:1041900040019C46042229006044FDF7B7F9DBE7A3
:1041A0001188FDF719FAD7E7440108342000FDF71C
:1041B00021F90F230340012B3BD1BC239B01E018C5
:1041C000FDF718F9002837D1651CFF35222128009A
:1041D000FDF73AF980239B009C460826644407E0DB
:1041E0002000FDF707F9064216D101201AF070FFF2
:1041F0002800FDF7FFF80028F2D1ADE7154B40018C
:104200009C4611786044FDF71FF9A5E7124807F0B6
:1042100049FE0A204042A0E708212000FDF714F9DA
:104220000E4807F03FFE0D20404296E70120404235
:1042300093E70520404290E7094807F033FE02204B
:1042400040428AE7FCE8021008160000081200004D
:10425000080C000008150000D9240000D824000034
:10426000D7240000F0B55746DE464E4645460123AA
:10427000E0B587080340BF001F4302230821034025
:104280008FB01F4308900A220F2039430AF008FE1E
:10429000002800D116E101201AF01AFF0A22390085
:1042A0000F200AF0FDFD002800D1EDE001201AF0FA
:1042B0000FFFD04A10219369DB0606D49369194297
:1042C000FCD1136893691942F8D03C201AF000FF22
:1042D00011F04EF800261025C64FC74C06900791E6
:1042E000BB691D4200D0C0E00136BB691D42FCD154
:1042F0003B68A355BB691D4201D1802EF4D111F05A
:1043000037F8069A079B801A9941002900D0BFE030
:10431000BA4B984200D9BBE001201AF0D9FE802E9A
:10432000DED1B74D2F00173FBF190F2606E0B3436C
:10433000F02B06D00135BD4200D1ACE02B78552BD7
:10434000F5D16B785A2BF5D1AE4C182229002000FC
:1043500012F0C2FF20000023A21C17301178013296
:104360005B18DBB28242F9D1E27D9A42E2D1237836
:10437000A54AE1781370A278090212040A43217950
:10438000667B0A4311000C92A04A11606279A17900
:10439000120409020A43E1790A4311000D929C4A72
:1043A0001160227A617A120409020A43A17A0A434F
:1043B00011000A92974A1160E27A217B12040902E5
:1043C0000A431643944AE17B1660A27B0902120459
:1043D0000A43217C0A4311000992904A1160677CCC
:1043E000A27C3F0412021743E27C17438C4A1760F9
:1043F00002221A4006921B0769D40D9D002D00D1A0
:10440000B8E00C9812F0A1FE041C280012F09DFEEA
:10441000011C201C12F033FE824B9946089BDD00E4
:10442000EC184B46A40019594C4412F03CFEA1680C
:1044300012F01FFE7C4B041C9A461860002E00D020
:10444000A3E00022794B111C1A60904612F070FE16
:10445000002800D04FE3534642461A60069B002BCB
:1044600000D161E3724B1A60F4E010F081FF069A0C
:10447000079B801A994100290AD1604B984207D8BE
:1044800001201AF025FE2BE76A4807F00BFD10E724
:10449000172E00D945E700230024654A1360634ABC
:1044A0001360614A1360644B0022002118680023E6
:1044B00018F06CFC20000FB0F0BCBB46B246A94619
:1044C000A046F0BDD020800107F0ECFCF1E6564B91
:1044D0009A46002352461360002E00D1B2E00A989B
:1044E00012F033FE041C300012F02FFE011C201CC1
:1044F00012F0C5FD4B4B9946089BDD00EC18A4005B
:104500004C44616812F0CFFDE16812F0B2FD474BF8
:1045100080469B4618605346002140461C6812F0B6
:1045200007FE002806D04046444912F009FE002844
:1045300000D1B2E100239A465B465246201C1A6025
:10454000514612F0B0FD069B041C002B02D1002F37
:1045500000D0ACE1364D5146286012F0E9FD00284C
:1045600078D10023364C2B6063780993002B76D1E9
:10457000012498E700242C4B9A461C60002E00D1A1
:1045800098E2284B9946089BDD000A9812F0DDFD61
:104590008046300012F0D9FD011C404612F06FFD3C
:1045A000089BEB189B004B449846596812F07BFD22
:1045B0004346D96812F05DFD1C4B8046186000210F
:1045C000201C9B4612F0B4FD002800D0BEE1002460
:1045D000534640461C60211C12F0AAFD0028A2D1BF
:1045E0005B461C60069B002B00D15EE1104B1C60FB
:1045F00030E0C04600400340AB74022090D003007E
:10460000AC740220183C00208E110020544102207E
:104610005041022044410220404102204C410220EE
:1046200048410220DC490220585202205052022008
:104630005452022001340000348502200000C84298
:10464000107A0220CA4A1360069A002A00D185E136
:10465000C84A1360C84C63780993002B88D0257B27
:10466000089BAB4284D10C9962698C4694446246A3
:104670000D99E37B8C4606926261A269B34694442D
:1046800062460C92A2610A9A267C9446226AE769E5
:1046900093445A46013322620136A27BDBB267445F
:1046A000F6B2E373E7612674934200D260E75210DA
:1046B000964200DA2AE2B14B002199464A46EB00C5
:1046C00008935B199B00D358181C984612F038FDCC
:1046D000002801D1AA4B9846089B00215B199B003A
:1046E0004B445B68181C9A4612F02AFD002802D140
:1046F000FC239B059A46300012F02CFD061C069800
:1047000012F023FD311C12F0BAFC0A900C9812F042
:104710001CFD311C12F0B3FC0C90380012F015FD9A
:10472000311C12F0ACFC071C584612F00EFD311C77
:1047300012F0A5FC2278061C012A00D187E1089B13
:104740005B199B004B449968DB6806919B46022AE3
:1047500000D12DE1033A012A00D9D7E1A368002155
:10476000181C9A4612F0DCFC002800D0CEE1002193
:10477000381C12F0D5FC002800D0C7E10021301C05
:1047800012F0CEFC002800D0C0E1311C381C12F021
:1047900076FC002112F0C4FC002800D0B6E153469C
:1047A0005846191C099312F067FC391C8246301CCC
:1047B00012F065FC011C504612F075FC824658460A
:1047C00012F0EAFC04900591099812F0E5FC0290C1
:1047D0000391504612F0E0FC6A4E6B4F009001913D
:1047E0002A003100380004F06BF800230993089B7D
:1047F00042465F194B46BF00DA51069B4F44BB60EF
:1048000053467B605B464046FB605D4912F037FCD7
:104810005E49804612F047FC5D493861404612F01F
:1048200042FC5C4B099ABB61CA2378613B77002A42
:1048300000D17B7F089A28005119890049444B77A1
:1048400007F098FD2A003100534804F039F824227B
:10485000A35C0133A354257B6A1C637BD2B29342D1
:1048600000D9E6E02378012B00D1E0E0022B00D153
:10487000DBE0042B00D1D6E0032B00D1D1E0474A86
:1048800025212423615CE35C45480091310004F05C
:1048900017F800232380012405E6211C404612F06E
:1048A00002FC069B041C002B46D1002F44D0099823
:1048B00012F04BFC8046380012F047FC011C4046C9
:1048C00012F0DDFB089B9C464B466544AD005959F0
:1048D0004D4412F0E8FB696812F0E5FB254D00211C
:1048E0002860071C12F016FC002826D12D49381C20
:1048F00012F026FC002820D12B49201C12F020FCAD
:10490000002800D108E1211C381C12F0B2FB400045
:10491000211C400812F0B3FBFC21890512F010FCA9
:10492000002800D1F8E02C601E49201C12F008FC81
:10493000002800D015E68DE60E4D00212C60201CCD
:1049400012F0F6FB002800D10BE6EDE71749201C1A
:1049500012F0F6FB002800D039E6DCE5002F00D18C
:1049600076E6064B9946089BDD0000249FE7C0468B
:104970005052022054520220107A0220DC490220B8
:10498000D7A3F03FB07A02103C7B0210007EE549CD
:1049900000007A446F12033B887B0210987A021061
:1049A000DC7B021000401C47CDCCCC3D0000C8434E
:1049B00067680021381C12F0C3FB002800D1A5E075
:1049C00000210A9812F0BCFB002800D19EE00C9B4D
:1049D0000021181C984612F0B3FB002800D195E086
:1049E0000698391C12F048FB0A99061C404612F042
:1049F00046FB011C301C12F056FB8046381C12F09E
:104A0000CBFB02900391404612F0C6FB4A4E009049
:104A100001912A003100494803F052FF0023099315
:104A2000E5E6474A2CE7474A2AE7474A28E7474A44
:104A300026E70023310046482273E3732374636141
:104A4000A361E361236203F03BFF01242BE50C9B90
:104A50000021181C9B4612F073FB002841D05946D8
:104A60000A9812F00CFB414612F01DFB069012F062
:104A700093FB0A900B910021301C12F061FB00287F
:104A80002AD0311C381C12F0FAFA514612F00BFBF6
:104A9000834612F081FB02000B00274E0292039323
:104AA0000A9A0B9B3100009201932A482A0003F0D6
:104AB00007FF9CE6284B1C60201C002112F0F3FA33
:104AC000069B041C002B00D090E5002F10D0234B38
:104AD0009946089BDD00EAE60021002200238B4670
:104AE000DBE7002300220A920B9300230693C2E720
:104AF0001B4D2C6018E71B49201C12F021FB0028DD
:104B0000DAD05346424644461A60D5E72522A35CD4
:104B1000094E0133A3549FE60021381C12F008FB14
:104B2000002800D096E51CE5002F00D01DE70C4DB5
:104B300044462A60F8E6C046B07A0210FC7A0210B9
:104B4000A07A0210887A0210807A0210787A021015
:104B5000B47B0210BC7A021050520220DC490220C1
:104B6000545202200000C843F0B54546DE46574681
:104B70004E46E0B5A94B87B05D78002D00D0D1E05E
:104B8000A74E04AB3478DF1D39002000DD7109F039
:104B900065FC3F78A34B1F55072C00D9B0E010F0FF
:104BA000E7FBA14B00909A46A30098465346424625
:104BB0009B5801919946002F00D1CEE09B4FE30016
:104BC0009B46FB181A685B681100194300D0DDE0B2
:104BD000009A019B5F4449463A607B604246944B91
:104BE0009950944B6421186818F0E4FC012800D116
:104BF000BCE02300002D03D107233278013213409B
:104C00003370072C00D086E08B4D00212C68201CCF
:104C100012F08EFA002806D08849201C12F07AFA89
:104C2000002800D0E2E000246E680021301C12F061
:104C30007FFA002806D08149301C12F06BFA002858
:104C400000D0CDE0AE680021301C12F071FA0028CF
:104C500006D07A49301C12F05DFA002800D0B9E085
:104C6000EE680021301C12F063FA002806D0734968
:104C7000301C12F04FFA002800D0A5E02E69002168
:104C8000301C12F055FA002806D06C49301C12F086
:104C900041FA002800D0B5E06E690021301C12F006
:104CA00047FA002806D06549301C12F033FA002874
:104CB00000D0A1E0AE690021301C12F039FA0028C2
:104CC00006D05E49301C12F025FA002800D09FE083
:104CD000ED690021281C12F02BFA00280AD0574950
:104CE000281C12F017FA002804D0201C291C12F0EE
:104CF000C3F9041C0122524B1C60524B1A700AE08B
:104D00004B4B5148A400E55007F0CCF8072332780C
:104D100001321340337007B0F0BCBB46B246A9461F
:104D2000A046F0BD1C7B04ABDF1D00233C4E3900C8
:104D300020003B709846347009F090FB3F78394B67
:104D40001F55072C00D82AE74146394BA2003E48A0
:104D5000D15007F0A7F83470DDE73C4B334F1A68A9
:104D60005B6800920193E3009B4631E72000FFF768
:104D700079FA002800D13CE74146354A354B1268A4
:104D80005A50354A2C4B12685A5032E70098019914
:104D9000801A994101225242D31712184B410292B4
:104DA0000393039B002B00D012E72C4B029A9A42EC
:104DB00000D90DE700232A4A11F072FA81445346C4
:104DC00042464946995003E7201C311C12F054F921
:104DD000041C53E7201C311C12F04EF9041C3FE761
:104DE000201C311C12F048F9041C2BE7201C002168
:104DF00012F042F9041C17E7201C311C12F03CF998
:104E0000041C57E7201C311C12F036F9041C43E740
:104E1000201C311C12F030F9041C59E7107A0220D2
:104E2000F585022090490220FC4A0220583A0020D1
:104E30009849022034850220704902200000C842AF
:104E4000E0820220FE85022002340000A09B0310B5
:104E500058520220B8490220505202207E969800F3
:104E600040420F0010B507280ED8094B8000C458E7
:104E70000021201C12F05CF9002805D00549201CF7
:104E800012F048F9002800D10024201C10BDC046B3
:104E9000B84902200000C84310B507280ED8094BB6
:104EA0008000C4580021201C12F042F9002805D0CF
:104EB0000549201C12F02EF9002800D10024201CE6
:104EC00010BDC046704902200000C84270B50728D6
:104ED00024D8134B84001D590021281C12F028F9F6
:104EE000002805D00F49281C12F014F9002800D121
:104EF00000250D4B00211C59201C12F019F9002827
:104F00000AD00A49201C12F005F9002804D0291CF7
:104F1000201C12F0C8F870BD0024F8E70020FAE762
:104F2000B84902200000C843704902200000C8426E
:104F300003000020072B02D8014A9B0098587047B5
:104F40009849022003000020072B01D8014AD05CB9
:104F50007047C04690490220014B18687047C04610
:104F6000E0820220034A1378D8B2002B01D000233C
:104F700013707047FE850220F0B5DE464E4645466A
:104F80005746E0B5454B8BB019004548994603F0AC
:104F900097FC444B00269846FC239B059B46424DBC
:104FA00001AC54E00021206812F0CAF8002801D1B9
:104FB000434623600021606812F0C2F8002801D146
:104FC0005B466360A3683949181C9A4612F0B8F82A
:104FD000002805D05046364912F09CF8002801D12F
:104FE0000023A360E3683149181C9A4612F0A8F820
:104FF000002805D050462E4912F08CF8002801D127
:105000000023E3600021206912F09AF8002801D102
:10501000284B23610021606912F092F8002801D129
:10502000234B63610021A06912F08AF8002801D1A6
:10503000214BA3612B00220083CA83C383CA83C38D
:105040000136F6B283CA83C32435082E1AD0210054
:1050500030000AF02FFA0028A4D043462B605B46AC
:105060006B600023AB60EB60124B01362B61104B81
:10507000F6B26B61104BAB6101235B42AB8324350D
:10508000082EE4D149460D4803F01AFC0BB0F0BCE1
:10509000BB46B246A946A046F0BDC046B07A021053
:1050A000187C0210D7A3F03FDC49022000007AC42C
:1050B00000007A44007EE5496F12033B487C0210F1
:1050C00070B52B4E2B48310003F0FAFB012017F08E
:1050D000E3FF294B1860002846D096212748490154
:1050E00010F0E2F9022101200FF0AEF902210020B8
:1050F0000FF0AAF9012301220821204810F064FAD8
:105100001F4B20221C685D6800211E4812F0DEF84B
:105110001D4B082200211D481C605D609C60DD6005
:105120001C615D619C61DD611C625D629C62DD628F
:105130001C635D639C63DD6312F0C8F820220021CC
:10514000134812F0C3F820220021124812F0BEF8D2
:1051500000212022104812F0B9F8FFF70DFF3100AE
:105160000E4803F0ADFB70BD0D4806F09BFEFAE75C
:10517000B07A0210707C0210348502200040034097
:10518000A09B0310FC4A0220583A002090490220BC
:10519000B849022070490220984902209C7C0210E4
:1051A0000334000010B5124B5A78002A19D102219D
:1051B000FF3119800021596099600E490E4CD96069
:1051C00000210E48197421009A845A619A61DA61AB
:1051D0001A6203F075FB0A48210003F071FB0120FD
:1051E00010BD0848044903F0D9FB0020F8E7C04689
:1051F000107A022000080A00B07A0210F87C02102F
:105200003C7D0210C07C021070B50400072826D82F
:10521000144B5A78002A1ED10221FF311980002137
:1052200059609960411C59730A21D98100210E4DA2
:1052300018739A8419745A619A61DA611A622900A2
:1052400022000A4803F03CFB09482200290003F031
:1052500037FB012070BD0449064803F09FFB002086
:10526000F8E7C046107A0220B07A02106C7D021076
:10527000A87D0210C07C021070B50025291C041CFA
:1052800011F04EFF002825D1134B5A78002A1DD16A
:1052900081214900198011495C60D96000219A84FC
:1052A0005A619A61DA611A629D601974201C11F0CA
:1052B00073FF0B4C02000B000A48210003F000FBB7
:1052C0000948210003F0FCFA012070BD0449074899
:1052D00003F064FB0020F8E7107A022000080A00BF
:1052E000B07A0210DC7D0210287E0210C07C021011
:1052F000F0B5040083B00D1C072832D80026281C06
:10530000311C11F00DFF00282BD1174B5A78002AC1
:1053100023D1812149001980611C59730A21D98147
:1053200000219E609A845A619A61DA611A625D6016
:105330001C731974281C11F02FFF0C4F0C4E009099
:10534000019122003900300003F0BAFA0948220026
:10535000390003F0B5FA012004E00449064803F0DF
:105360001DFB002003B0F0BD107A0220B07A0210BD
:10537000687E0210AC7E0210C07C0210F0B5040002
:1053800083B00D1C072832D80026281C311C11F0D0
:10539000C7FE00282BD1174B5A78002A23D10421AD
:1053A000FF311980611C59730A21D98100215E6087
:1053B0009A845A619A61DA611A629D601C73197449
:1053C000281C11F0E9FE0C4F0C4E009001912200B8
:1053D0003900300003F074FA09482200390003F064
:1053E0006FFA012004E00449064803F0D7FA0020D0
:1053F00003B0F0BD107A0220B07A0210E47E0210F1
:10540000307F0210C07C021070B50025291C041CDE
:1054100011F086FE002825D1134B5A78002A1DD1A1
:1054200082214900198011499C60D96000219A8429
:105430005A619A61DA611A625D601974201C11F078
:10544000ABFE0B4C02000B000A48210003F038FAB7
:105450000948210003F034FA012070BD04490748CF
:1054600003F09CFA0020F8E7107A022000080A00F6
:10547000B07A02106C7F0210B87F0210C07C02105C
:10548000014B58787047C046107A0220F0B5464666
:10549000D6464F46C0B5804684B0072805D904B02B
:1054A000E0BCBA46B146A846F0BD42462E492F4858
:1054B00003F006FA2E4B9A464346DB001C00994641
:1054C00053464444A400185911F066FE54440600A3
:1054D00060680F0011F060FE264D32003B00009026
:1054E0000191280003F0ECF9A06811F055FE0600C8
:1054F000E0680F0011F050FE1F4D32003B0000909D
:105500000191280003F0DCF9206911F045FE060046
:10551000A0690F0011F040FE02900391606911F044
:105520003BFE164D3B00009001913200280003F035
:10553000C7F9237FCA2B0CD04B4643449B005344EE
:105540005B7F0F49CA2B0CD00D4A0E4803F0B8F907
:10555000A5E74B4643449B0053445B7F0A49CA2B53
:10556000F2D1094AF1E7C046B07A02100880021071
:10557000DC49022020800210348002104C8002108E
:10558000048002106C8002100080021070B50400CC
:1055900088B00B00144A2021684613F023FB20003A
:1055A00069461EF0E5F9041E14D068461EF056FB4D
:1055B0002618262130001DF037FF00280FD0851B4C
:1055C0007F2D0AD8094C2A003100200011F084FEFA
:1055D00000236355200008B070BD7F25F2E730003E
:1055E0001EF03CFB3018EAE78C8002105085022048
:1055F000F0B50378002B0CD00200110001322B2BE8
:105600002DD0252B08D001300B700378002BF4D15E
:10561000100000230370F0BD44782500303DEEB249
:10562000092E1FD92500413D052D24D92500613DB6
:10563000052DE8D8573C85782E00303EF7B2092F6B
:1056400017D92E00413E052E17D92E00613E052E9A
:10565000D9D8573D24012C43E3B20330D4E70130BD
:105660000B3BD1E72C0085782E00303EF7B2092F96
:10567000E7D83500EEE7373CDDE7373DEAE7C046DF
:1056800030B5040087B0002835D06D46811D042256
:10569000A81D11F021FE21000E2004220E316844C5
:1056A00011F01AFE21000A2004220A31684411F088
:1056B00013FE2100122004221231684411F00CFE66
:1056C00006222100684611F007FEA37D6846013BD3
:1056D0005A425341AB75FCF71DFE6846FCF7CEFB02
:1056E000041E01D1002403E00A21012009F0B8FAC8
:1056F000200007B030BD024806F0D4FB0024F7E7D5
:105700000174000070B5154C154B22689A4202D105
:10571000A388012B1FD0134D2A222800002111F04D
:10572000D5FD0F4B063D2B600123AB80A3600E4BD4
:105730009A68E260DA6822611A6962615A69A26154
:105740009A69E261DA6922621A6A62625A6AA2623C
:105750009B6AE36270BDA3680133E7E720860220FD
:1057600050414E53268602200080054070B5204CE3
:10577000204B226882B09A4202D1A388012B0BD021
:105780001D4C200003F09CF81C4803F099F8200001
:1057900003F096F802B070BD174D280003F090F8A2
:1057A000174803F08DF8E268A168164803F088F8FE
:1057B000154803F085F8E669A36962692169134811
:1057C000009603F07DF8E66AA36A626A216A1048CF
:1057D000009603F075F8280003F072F8200000230B
:1057E000202200211030E36011F070FDD2E7C046A6
:1057F0002086022050414E5390800210CC8002102F
:105800000081021034810210608102108881021030
:10581000C8810210044A10B513680133136019F0EF
:105820009DFC024B186010BD284E02202C4E022019
:10583000014B18687047C046284E022010B5064B31
:10584000064CE3607346236160611AF021FCA0619D
:10585000034808F00FFDFEE7F200EFBE00800540B0
:105860000882021010B5084B084CE36073462361B0
:105870001AF02CFC606100201AF00AFCA0610448B8
:1058800008F0F8FCFEE7C046F300EFBE00800540DC
:1058900008820210054B064A10B5DA6072460548C8
:1058A0001A61596108F0E6FCFEE7C0460080054039
:1058B000F400EFBE0882021070B5214D00212C00CB
:1058C0002800942211F002FD1E4B083C23601E4B61
:1058D0000120636001231D4994355B422278013425
:1058E0005A405308024052420A4053405A0803406B
:1058F0005B420B405A405308024052420A40534018
:105900005A0803405B420B405A405308024052423F
:105910000A4053405A0803405B420B405A40530828
:10592000024052420A4053405A0803405B420B4037
:105930005340AC42D2D1DB43054A936070BDC046B0
:1059400058860220474C524302009C002083B8ED49
:1059500050860220F8B54F4C4F4B226805009A4202
:1059600002D1A388022B54D0FFF7A6FFE16B0029D8
:1059700002D0A9424BD8691AE56380250F22635DE6
:105980001340180001331A40625581221030800004
:105990002150A35C0F2B01D80133A3540023250011
:1059A0000126200001213D4AA3609C357642037800
:1059B000013073405E080B405B42134073405E0849
:1059C0000B405B4213405E4073080E407642164027
:1059D00073405E080B405B4213405E4073080E400C
:1059E0007642164073405E080B405B4213405E40B7
:1059F00073080E407642164073405E080B405B42CF
:105A000013405E40A842D2D1F643A660F8BD002103
:105A1000B2E7E3889C2BA7D1A36827009C4600230C
:105A2000260001201D49A3609C37013B32780136D6
:105A30005A405308024052420A4053405A08034019
:105A40005B420B405A405308024052420A405340C6
:105A50005A0803405B420B405A40530802405242EE
:105A60000A4053405A0803405B420B405A405308D7
:105A7000024052420A4053405A0803405B420B40E6
:105A80005340B742D2D16246DB43A2609C4500D16D
:105A90006CE769E750860220474C52432083B8EDFB
:105AA000F8B54B4C4B4B226805009A4202D1A388B3
:105AB000022B4CD0FFF700FF002D47D02A7800239F
:105AC000002A08D0444901E0172B04D0CA540133FE
:105AD000EA5C002AF8D100222500012620000121DD
:105AE000E31884331A70A2603C4A9C3576420378EE
:105AF000013073405E080B405B42134073405E0808
:105B00000B405B4213405E4073080E4076421640E5
:105B100073405E080B405B4213405E4073080E40CA
:105B20007642164073405E080B405B4213405E4075
:105B300073080E407642164073405E080B405B428D
:105B400013405E40A842D2D1F643A660F8BDE38878
:105B50009C2BAFD1A36827009C4600232600012080
:105B60001E49A3609C37013B327801365A405308E6
:105B7000024052420A4053405A0803405B420B40E5
:105B80005A405308024052420A4053405A080340C8
:105B90005B420B405A405308024052420A40534075
:105BA0005A0803405B420B405A405308024052429D
:105BB0000A4053405A0803405B420B405340B742EF
:105BC000D2D16246DB43A2609C4500D174E771E705
:105BD00050860220474C5243D48602202083B8EDE1
:105BE000002210B5084B094C1A7022702378002B44
:105BF00005D10A21012008F0E3FF012323700449A5
:105C0000044802F05DFE10BD1286022015860220B7
:105C10001482021020820210014B1878C0B2704723
:105C20001286022070B5184D2B78012B27D0174C07
:105C30001748210002F044FE08F026FD322008F04B
:105C4000EDFE3221002008F06BFF3221002009F028
:105C500007F83221012008F0B3FFD023802201266B
:105C60001B0652032E709A610FF082FB094B210034
:105C700009481E7002F024FE02F0AEFE70BD074817
:105C800006F022F9FAE7C0461286022014820210BA
:105C900054820210158602207882021010620000E1
:105CA00070B51C4C2378002B2FD002F0A1FE1A4DAA
:105CB0001A48290002F004FED02380221B06184E49
:105CC00052035A613378002B18D00A21002008F0C3
:105CD000C7FF0BF0B5F9002329001248237002F02A
:105CE000EFFD8822104B11499950083ADA67104BA2
:105CF0001A68012393430F4A136070BD0A210120E3
:105D000008F05EFF01233370DFE70B4806F0DCF894
:105D1000F3E7C04612860220148202109882021015
:105D200015860220BC82021000000540FFFF000023
:105D300078000540781005401162000070B50FF042
:105D400017FB002948D0FA220023920010F0C0FA75
:105D50000400414B1B78DDB2012B10D000223F4BD9
:105D60001A603F4B01321A703E4B1B78002B05D056
:105D70003D4B3E4A1B681B041B0C136070BD374A29
:105D80001368002B2ED1364B394E1D7033781460BA
:105D9000002B55D0334D2B78002B38D0354B18685D
:105DA00000284AD0FA21201AC90010F053FA08003E
:105DB000FA2103048900884248D3C01A2E4B9C461E
:105DC000604410F047FA0300274A126853401B044E
:105DD000264A1B0C1360D1E7FA21890010F03AFA29
:105DE0000400B6E7FA21E31A89008B42D2D314608B
:105DF00001221B4B1E4E1D7855401D7033789D426D
:105E0000C8D00A21280008F0DBFE3570C2E7042163
:105E10001C200EF019FB8822184B19499950083A9A
:105E2000DA67184B1A68012319009143164A11606A
:105E30002B70104B1C60002C00D11C600023C3E7AA
:105E40000A21012008F0BCFE3570A3E7181A10F0F3
:105E500001FA0300B8E7C04612860220147B022034
:105E60008F11002014860220840005408410054014
:105E700015860220087A022030F8CF07000005407E
:105E8000FFFF0000780005407810054010B504229F
:105E90000C00034911F020FA0423237010BDC04602
:105EA000F482021010B519220C00034911F014FA03
:105EB0001923237010BDC046FC82021010B51322B6
:105EC0000C00034911F008FA1323237010BDC046DB
:105ED00018830210F8B50E0007000BF0B7FA0500A2
:105EE0001DF0BCFEFF22040029000240380011F022
:105EF000F3F93470F8BDC0467047C04670B5AEB017
:105F000004000D0058220B4918A811F0E5F90023F0
:105F1000094E1793169319A9013354226846159315
:105F200011F0DAF9320029002000189BFDF78CFAF5
:105F30002EB070BD2CE9021024E9021070B590B0AB
:105F40000AAC060020000D0006F06CF800280ED008
:105F5000617AA3790291217A30000191E179084AAE
:105F60000091102112F03EFE287010B070BD04A800
:105F70000AF094FA1722200004A911F0ADF9E7E71E
:105F80002C83021070B590B00AAC060020000D0002
:105F900006F048F800280ED0617BA37A0291217B9D
:105FA00030000191E17A084A0091102112F01AFEA6
:105FB000287010B070BD04A80AF070FA17222000F3
:105FC00004A911F089F9E7E72C83021070B590B0AD
:105FD0000AAC060020000D0006F024F800280ED0C0
:105FE000617CA37B0291217C30000191E17B084A16
:105FF0000091102112F0F6FD287010B070BD04A8B9
:106000000AF04CFA1722200004A911F065F9E7E71D
:106010002C83021070B590B00AAC060020000D0071
:1060200006F000F800280ED0617DA37C0291217D4E
:1060300030000191E17C084A0091102112F0D2FD5C
:10604000287010B070BD04A80AF028FA17222000AA
:1060500004A911F041F9E7E72C83021070B592B062
:106060000CAC060020000D0005F0DCFF002813D06A
:10607000617923780491217930000391E1780B4A0A
:106080000291A178019161780091122112F0AAFD8C
:1060900011232B7012B070BD06A80AF0FFF9172269
:1060A000200006A911F018F9E2E7C0463883021073
:1060B00030B583B06A46002305000C000020D11CD7
:1060C0000193D37008F092FB002802D06B46DB7876
:1060D00001930422280001A911F0FEF8002C01D040
:1060E0000423237003B030BD30B583B06A4600236B
:1060F00005000C000120D11C0193D37008F076FB41
:10610000002802D06B46DB7801930422280001A905
:1061100011F0E2F8002C01D00423237003B030BD4D
:1061200030B583B06A46002305000C000220D11C64
:106130000193D37008F05AFB002802D06B46DB783D
:1061400001930422280001A911F0C6F8002C01D007
:106150000423237003B030BD30B583B06A460023FA
:1061600005000C000320D11C0193D37008F03EFB06
:10617000002802D06B46DB7801930422280001A995
:1061800011F0AAF8002C01D00423237003B030BD15
:1061900030B583B06A46002305000C000420D11CF2
:1061A0000193D37008F022FB002802D06B46DB7805
:1061B00001930422280001A911F08EF8002C01D0CF
:1061C0000423237003B030BD30B583B06A4600238A
:1061D00005000C000520D11C0193D37008F006FBCC
:1061E000002802D06B46DB7801930422280001A925
:1061F00011F072F8002C01D00423237003B030BDDD
:1062000030B583B06A46002305000C000620D11C7F
:106210000193D37008F0EAFA002802D06B46DB78CD
:1062200001930422280001A911F056F8002C01D096
:106230000423237003B030BD30B583B06A46002319
:1062400005000C000720D11C0193D37008F0CEFA92
:10625000002802D06B46DB7801930422280001A9B4
:1062600011F03AF8002C01D00423237003B030BDA4
:106270001300002200B583B000210192002B01D051
:10628000002805DC0022002008F0EAFA03B000BD77
:106290000200042808D8190001A811F01DF801997E
:1062A0004B1E9941C9B2EDE71900042201A811F073
:1062B00013F801994B1E9941C9B2E3E7130000227C
:1062C00000B583B000210192002B01D0002805DC2D
:1062D0000022012008F0C4FA03B000BD0200042827
:1062E00008D8190001A810F0F7FF01994B1E994139
:1062F000C9B2EDE71900042201A810F0EDFF0199E1
:106300004B1E9941C9B2E3E71300002200B583B0E8
:1063100000210192002B01D0002805DC0022022080
:1063200008F09EFA03B000BD0200042808D8190046
:1063300001A810F0D1FF01994B1E9941C9B2EDE7B8
:106340001900042201A810F0C7FF01994B1E9941C2
:10635000C9B2E3E71300002200B583B00021019227
:10636000002B01D0002805DC0022032008F078FA79
:1063700003B000BD0200042808D8190001A810F0DD
:10638000ABFF01994B1E9941C9B2EDE719000422F8
:1063900001A810F0A1FF01994B1E9941C9B2E3E792
:1063A0001300002200B583B000210192002B01D020
:1063B000002805DC0022042008F052FA03B000BDDA
:1063C0000200042808D8190001A810F085FF0199DF
:1063D0004B1E9941C9B2EDE71900042201A810F043
:1063E0007BFF01994B1E9941C9B2E3E713000022DC
:1063F00000B583B000210192002B01D0002805DCFC
:106400000022052008F02CFA03B000BD0200042889
:1064100008D8190001A810F05FFF01994B1E99419F
:10642000C9B2EDE71900042201A810F055FF019947
:106430004B1E9941C9B2E3E71300002200B583B0B7
:1064400000210192002B01D0002805DC002206204B
:1064500008F006FA03B000BD0200042808D81900AD
:1064600001A810F039FF01994B1E9941C9B2EDE71F
:106470001900042201A810F02FFF01994B1E994129
:10648000C9B2E3E71300002200B583B000210192F6
:10649000002B01D0002805DC0022072008F0E0F9DD
:1064A00003B000BD0200042808D8190001A810F0AC
:1064B00013FF01994B1E9941C9B2EDE7190004225F
:1064C00001A810F009FF01994B1E9941C9B2E3E7F9
:1064D000002310B582B00C00042201A9019310F032
:1064E000FBFE0423237002B010BDC046002300B59C
:1064F00083B0111E019301D0002801DC03B000BD60
:106500000200042811D801A810F0E6FE019B002B20
:10651000F4D0FA20400008F0CDF90028EED18A210D
:106520000348890102F03AFAE8E70422EBE7C046A3
:1065300058830210002310B582B00C00042201A978
:10654000019310F0C9FE0423237002B010BDC046B1
:10655000002300B583B0111E019301D0002801DC97
:1065600003B000BD0200042810D801A810F0B4FE4A
:10657000019B002BF4D0FA20400008F0F7F9002826
:10658000EED10348034902F009FAE9E70422ECE7F7
:10659000808302108122000030B58DB005000C0010
:1065A000002002A906F026FE002806D06A4608212F
:1065B00024235218D35C002B0BD100200021009023
:1065C0000191064A1021280012F00CFB20700DB03A
:1065D00030BD039810F0E0FDF1E7C046A88302103B
:1065E00030B58DB005000C00002002A906F002FEB7
:1065F000002806D06A46082124235218D35C002BB9
:106600000BD10020002100900191064A10212800A2
:1066100012F0E8FA20700DB030BD049810F0BCFD07
:10662000F1E7C046B083021030B58DB005000C0014
:10663000002002A906F0DEFD002806D06A460821E7
:1066400024235218D35C002B0BD100200021009092
:106650000191064A1021280012F0C4FA20700DB0F2
:1066600030BD059810F098FDF1E7C046B8830210E0
:1066700030B58DB005000C00002002A906F0BAFD6F
:10668000002806D06A46082124235218D35C002B28
:106690000BD10020002100900191064A1021280012
:1066A00012F0A0FA20700DB030BD069810F074FD05
:1066B000F1E7C046B083021030B58DB005000C0084
:1066C000002002A906F096FD002806D06A4608219F
:1066D00024235218D35C002B0BD100200021009002
:1066E0000191064A1021280012F07CFA20700DB0AA
:1066F00030BD089810F050FDF1E7C046B08302109D
:1067000030B58BB005000C000020694606F072FD24
:106710000023002805D0242269468A5C002A00D084
:10672000059B10212800034A12F05CFA20700BB080
:1067300030BDC046C083021030B58DB005000C00DE
:10674000012002A906F056FD002806D06A4608215D
:1067500024235218D35C002B0BD100200021009081
:106760000191064A1021280012F03CFA20700DB069
:1067700030BD039810F010FDF1E7C046A883021069
:1067800030B58DB005000C00012002A906F032FDE5
:10679000002806D06A46082124235218D35C002B17
:1067A0000BD10020002100900191064A1021280001
:1067B00012F018FA20700DB030BD049810F0ECFC07
:1067C000F1E7C046B083021030B58DB005000C0073
:1067D000012002A906F00EFD002806D06A46082115
:1067E00024235218D35C002B0BD1002000210090F1
:1067F0000191064A1021280012F0F4F920700DB022
:1068000030BD059810F0C8FCF1E7C046B88302100F
:1068100030B58DB005000C00012002A906F0EAFC9D
:10682000002806D06A46082124235218D35C002B86
:106830000BD10020002100900191064A1021280070
:1068400012F0D0F920700DB030BD069810F0A4FC05
:10685000F1E7C046B083021030B58DB005000C00E2
:10686000012002A906F0C6FC002806D06A460821CD
:1068700024235218D35C002B0BD100200021009060
:106880000191064A1021280012F0ACF920700DB0D9
:1068900030BD089810F080FCF1E7C046B0830210CC
:1068A00030B58BB005000C000120694606F0A2FC53
:1068B0000023002805D0242269468A5C002A00D0E3
:1068C000059B10212800034A12F08CF920700BB0B0
:1068D00030BDC046C083021030B58DB005000C003D
:1068E000022002A906F086FC002806D06A4608218C
:1068F00024235218D35C002B0BD1002000210090E0
:106900000191064A1021280012F06CF920700DB098
:1069100030BD039810F040FCF1E7C046A883021098
:1069200030B58DB005000C00022002A906F062FC13
:10693000002806D06A46082124235218D35C002B75
:106940000BD10020002100900191064A102128005F
:1069500012F048F920700DB030BD049810F01CFC06
:10696000F1E7C046B083021030B58DB005000C00D1
:10697000022002A906F03EFC002806D06A46082143
:1069800024235218D35C002B0BD10020002100904F
:106990000191064A1021280012F024F920700DB050
:1069A00030BD059810F0F8FBF1E7C046B88302103F
:1069B00030B58DB005000C00022002A906F01AFCCB
:1069C000002806D06A46082124235218D35C002BE5
:1069D0000BD10020002100900191064A10212800CF
:1069E00012F000F920700DB030BD069810F0D4FB05
:1069F000F1E7C046B083021030B58DB005000C0041
:106A0000022002A906F0F6FB002806D06A460821FB
:106A100024235218D35C002B0BD1002000210090BE
:106A20000191064A1021280012F0DCF820700DB008
:106A300030BD089810F0B0FBF1E7C046B0830210FB
:106A400030B58BB005000C000220694606F0D2FB81
:106A50000023002805D0242269468A5C002A00D041
:106A6000059B10212800034A12F0BCF820700BB0DF
:106A700030BDC046C083021030B58DB005000C009B
:106A8000032002A906F0B6FB002806D06A460821BA
:106A900024235218D35C002B0BD10020002100903E
:106AA0000191064A1021280012F09CF820700DB0C8
:106AB00030BD039810F070FBF1E7C046A8830210C8
:106AC00030B58DB005000C00032002A906F092FB42
:106AD000002806D06A46082124235218D35C002BD4
:106AE0000BD10020002100900191064A10212800BE
:106AF00012F078F820700DB030BD049810F04CFB07
:106B0000F1E7C046B083021030B58DB005000C002F
:106B1000032002A906F06EFB002806D06A46082171
:106B200024235218D35C002B0BD1002000210090AD
:106B30000191064A1021280012F054F820700DB07F
:106B400030BD059810F028FBF1E7C046B88302106D
:106B500030B58DB005000C00032002A906F04AFBF9
:106B6000002806D06A46082124235218D35C002B43
:106B70000BD10020002100900191064A102128002D
:106B800012F030F820700DB030BD069810F004FB04
:106B9000F1E7C046B083021030B58DB005000C009F
:106BA000032002A906F026FB002806D06A46082129
:106BB00024235218D35C002B0BD10020002100901D
:106BC0000191064A1021280012F00CF820700DB037
:106BD00030BD089810F0E0FAF1E7C046B08302102B
:106BE00030B58BB005000C000320694606F002FBAF
:106BF0000023002805D0242269468A5C002A00D0A0
:106C0000059B10212800034A11F0ECFF20700BB007
:106C100030BDC046C083021030B58DB005000C00F9
:106C2000042002A906F0E6FA002806D06A460821E8
:106C300024235218D35C002B0BD10020002100909C
:106C40000191064A1021280011F0CCFF20700DB0F0
:106C500030BD039810F0A0FAF1E7C046A8830210F7
:106C600030B58DB005000C00042002A906F0C2FA70
:106C7000002806D06A46082124235218D35C002B32
:106C80000BD10020002100900191064A102128001C
:106C900011F0A8FF20700DB030BD049810F07CFA00
:106CA000F1E7C046B083021030B58DB005000C008E
:106CB000042002A906F09EFA002806D06A460821A0
:106CC00024235218D35C002B0BD10020002100900C
:106CD0000191064A1021280011F084FF20700DB0A8
:106CE00030BD059810F058FAF1E7C046B88302109D
:106CF00030B58DB005000C00042002A906F07AFA28
:106D0000002806D06A46082124235218D35C002BA1
:106D10000BD10020002100900191064A102128008B
:106D200011F060FF20700DB030BD069810F034FAFD
:106D3000F1E7C046B083021030B58DB005000C00FD
:106D4000042002A906F056FA002806D06A46082157
:106D500024235218D35C002B0BD10020002100907B
:106D60000191064A1021280011F03CFF20700DB05F
:106D700030BD089810F010FAF1E7C046B083021059
:106D800030B58BB005000C000420694606F032FADD
:106D90000023002805D0242269468A5C002A00D0FE
:106DA000059B10212800034A11F01CFF20700BB036
:106DB00030BDC046C083021030B58DB005000C0058
:106DC000052002A906F016FA002806D06A46082116
:106DD00024235218D35C002B0BD1002000210090FB
:106DE0000191064A1021280011F0FCFE20700DB020
:106DF00030BD039810F0D0F9F1E7C046A883021027
:106E000030B58DB005000C00052002A906F0F2F99E
:106E1000002806D06A46082124235218D35C002B90
:106E20000BD10020002100900191064A102128007A
:106E300011F0D8FE20700DB030BD049810F0ACF900
:106E4000F1E7C046B083021030B58DB005000C00EC
:106E5000052002A906F0CEF9002806D06A460821CE
:106E600024235218D35C002B0BD10020002100906A
:106E70000191064A1021280011F0B4FE20700DB0D7
:106E800030BD059810F088F9F1E7C046B8830210CC
:106E900030B58DB005000C00052002A906F0AAF956
:106EA000002806D06A46082124235218D35C002B00
:106EB0000BD10020002100900191064A10212800EA
:106EC00011F090FE20700DB030BD069810F064F9FE
:106ED000F1E7C046B083021030B58DB005000C005C
:106EE000052002A906F086F9002806D06A46082186
:106EF00024235218D35C002B0BD1002000210090DA
:106F00000191064A1021280011F06CFE20700DB08E
:106F100030BD089810F040F9F1E7C046B083021088
:106F200030B58BB005000C000520694606F062F90B
:106F30000023002805D0242269468A5C002A00D05C
:106F4000059B10212800034A11F04CFE20700BB065
:106F500030BDC046C083021030B58DB005000C00B6
:106F6000062002A906F046F9002806D06A46082144
:106F700024235218D35C002B0BD100200021009059
:106F80000191064A1021280011F02CFE20700DB04E
:106F900030BD039810F000F9F1E7C046A883021055
:106FA00030B58DB005000C00062002A906F022F9CC
:106FB000002806D06A46082124235218D35C002BEF
:106FC0000BD10020002100900191064A10212800D9
:106FD00011F008FE20700DB030BD049810F0DCF800
:106FE000F1E7C046B083021030B58DB005000C004B
:106FF000062002A906F0FEF8002806D06A460821FD
:1070000024235218D35C002B0BD1002000210090C8
:107010000191064A1021280011F0E4FD20700DB006
:1070200030BD059810F0B8F8F1E7C046B8830210FB
:1070300030B58DB005000C00062002A906F0DAF884
:10704000002806D06A46082124235218D35C002B5E
:107050000BD10020002100900191064A1021280048
:1070600011F0C0FD20700DB030BD069810F094F8FE
:10707000F1E7C046B083021030B58DB005000C00BA
:10708000062002A906F0B6F8002806D06A460821B4
:1070900024235218D35C002B0BD100200021009038
:1070A0000191064A1021280011F09CFD20700DB0BE
:1070B00030BD089810F070F8F1E7C046B0830210B8
:1070C00030B58BB005000C000620694606F092F83A
:1070D0000023002805D0242269468A5C002A00D0BB
:1070E000059B10212800034A11F07CFD20700BB095
:1070F00030BDC046C083021030B58DB005000C0015
:10710000072002A906F076F8002806D06A46082172
:1071100024235218D35C002B0BD1002000210090B7
:107120000191064A1021280011F05CFD20700DB07D
:1071300030BD039810F030F8F1E7C046A883021084
:1071400030B58DB005000C00072002A906F052F8FA
:10715000002806D06A46082124235218D35C002B4D
:107160000BD10020002100900191064A1021280037
:1071700011F038FD20700DB030BD049810F00CF8FF
:10718000F1E7C046B083021030B58DB005000C00A9
:10719000072002A906F02EF8002806D06A4608212A
:1071A00024235218D35C002B0BD100200021009027
:1071B0000191064A1021280011F014FD20700DB035
:1071C00030BD05980FF0E8FFF1E7C046B883021024
:1071D00030B58DB005000C00072002A906F00AF8B2
:1071E000002806D06A46082124235218D35C002BBD
:1071F0000BD10020002100900191064A10212800A7
:1072000011F0F0FC20700DB030BD06980FF0C4FFF7
:10721000F1E7C046B083021030B58DB005000C0018
:10722000072002A905F0E6FF002806D06A460821DB
:1072300024235218D35C002B0BD100200021009096
:107240000191064A1021280011F0CCFC20700DB0ED
:1072500030BD08980FF0A0FFF1E7C046B0830210E0
:1072600030B58BB005000C000720694605F0C2FF61
:107270000023002805D0242269468A5C002A00D019
:10728000059B10212800034A11F0ACFC20700BB0C4
:1072900030BDC046C083021030B58DB0050002A8D5
:1072A0000C0000F00FFD00280BD06B461B7A0193F9
:1072B0000422280001A910F00FF8042323700DB058
:1072C00030BD0190F4E7C04670B58CB0050002A84F
:1072D0000C0000F0F7FC00280ED003980FF05CFFC4
:1072E0000B4E0090019132001021280011F07AFC21
:1072F000C0B220700CB070BD00200021044A009084
:1073000001911021280011F06DFCC0B2F1E7C046D8
:10731000B083021070B58CB0050002A80C0000F01C
:10732000D1FC00280ED004980FF036FF0B4E0090D1
:10733000019132001021280011F054FCC0B22070DD
:107340000CB070BD00200021044A00900191102172
:10735000280011F047FCC0B2F1E7C046A883021034
:1073600070B58CB0050002A80C0000F0ABFC002842
:107370000ED005980FF010FF0B4E009001913200D7
:107380001021280011F02EFCC0B220700CB070BD8E
:1073900000200021044A009001911021280011F0E2
:1073A00021FCC0B2F1E7C046A883021070B58CB0D2
:1073B000050002A80C0000F085FC00280ED00698FD
:1073C0000FF0EAFE0B4E00900191320010212800D0
:1073D00011F008FCC0B220700CB070BD002000217C
:1073E000044A009001911021280011F0FBFBC0B26B
:1073F000F1E7C046A883021070B58CB0050002A862
:107400000C0000F05FFC00280ED007980FF0C4FEBF
:107410000B4E0090019132001021280011F0E2FB88
:10742000C0B220700CB070BD00200021044A009052
:1074300001911021280011F0D5FBC0B2F1E7C04640
:10744000A883021030B58DB0050002A80C0000F032
:1074500039FC002811D020226B469B181A78002393
:10746000072A00D8531C0422280001A901930FF019
:1074700033FF042323700DB030BD0023F3E7C04673
:1074800030B58DB0050002A80C0000F01BFC0028F0
:107490000AD0099B0422280001A901930FF01CFFC8
:1074A000042323700DB030BD0023F3E730B58DB059
:1074B000050002A80C0000F005FC00280AD00A9B79
:1074C0000422280001A901930FF006FF0423237072
:1074D0000DB030BD0023F3E730B58DB0050002A834
:1074E0000C0000F0EFFB00280ED06A460821242390
:1074F0005218D35C0422280001A901930FF0ECFE7E
:10750000042323700DB030BD0123F3E7002310B531
:1075100082B00C00042201A901930FF0DDFE0423C8
:10752000237002B010BDC04610B5002800D110BDB8
:1075300000F002FCFBE7C04670B58AB005000C0005
:107540001C22002103A80FF0C1FE03A805F06EFE67
:10755000002815D06B46188B0FF0F7FDE92189053F
:107560000FF0A1FD0FF018FE0B4E009001913200BC
:107570001021280011F036FBC0B220700AB070BD97
:1075800000200021044A009001911021280011F0F0
:1075900029FBC0B2F1E7C046C483021070B58AB0BF
:1075A00005000C001C22002103A80FF08FFE03A889
:1075B00005F03CFE00280ED003980FF0EDFD0B4EB9
:1075C0000090019132001021280011F00BFBC0B295
:1075D00020700AB070BD00200021044A0090019183
:1075E0001021280011F0FEFAC0B2F1E7B0830210BA
:1075F00070B58AB005000C001C22002103A80FF012
:1076000065FE03A805F012FE00280ED005980FF0C5
:10761000C3FD0B4E0090019132001021280011F0A3
:10762000E1FAC0B220700AB070BD00200021044A07
:10763000009001911021280011F0D4FAC0B2F1E7B6
:10764000B083021070B58AB005000C001C22002126
:1076500003A80FF03BFE03A805F0E8FD00280ED0BC
:1076600004980FF099FD0B4E00900191320010210B
:10767000280011F0B7FAC0B220700AB070BD002027
:107680000021044A009001911021280011F0AAFA6B
:10769000C0B2F1E7B083021070B58AB005000C00EB
:1076A0001C22002103A80FF011FE03A805F0BEFD67
:1076B000002815D06B46988B0FF047FDE92189050E
:1076C0000FF0F1FC0FF068FD0B4E009001913200BD
:1076D0001021280011F086FAC0B220700AB070BDE7
:1076E00000200021044A009001911021280011F08F
:1076F00079FAC0B2F1E7C046B083021070B58AB023
:1077000005000C001C22002103A80FF0DFFD03A8D8
:1077100005F08CFD002815D06B46588B0FF015FD39
:10772000E92189050FF0BFFC0FF036FD0B4E0090EC
:10773000019132001021280011F054FAC0B22070DB
:107740000AB070BD00200021044A00900191102170
:10775000280011F047FAC0B2F1E7C046B08302102A
:1077600070B505000F200D4B82B01B680C0018404F
:107770000FF0EBFC0A490FF096FC0A490FF07CFC75
:107780000FF00AFD084E00900191320010212800F0
:1077900011F028FA207002B070BDC04600400640CB
:1077A000CDCC4C3D9A99593FA8830210084B10B597
:1077B0001B680C009B0F032B08D0064A9B009B58AC
:1077C0001021054A11F00EFA207010BD034BF7E7A7
:1077D0000040064084E90210007A0210CC830210B7
:1077E00010B505220C0003490FF076FD0423237029
:1077F00010BDC046D483021010B505220C00034909
:107800000FF06AFD0423237010BDC046DC83021014
:1078100010B505220C0003490FF05EFD0423237010
:1078200010BDC046E4830210F0B5DE46454657461B
:107830004E46E0B58DB009F011FE050009F014FECA
:10784000FE21041C8905552D64D00FF079FC002819
:1078500000D18EE07F49201C0FF05CFC002800D195
:1078600087E0452D00D084E07B49201C0FF052FCBE
:1078700000287ED17949201C0FF062FC002878D1C5
:10788000FE21774B89051C60201C99460FF0F1FB07
:10789000FC21744B061C18608905201C0FF0E9FBC5
:1078A000FF21714B071C18608905201C9A460FF0B8
:1078B000E0FB6E4B80461860301C9B460FF06CFC62
:1078C0000A900B91391C301C0FF032FC002800D1BB
:1078D000A4E06749301C0FF0CFFB53461860071C2B
:1078E0000FF05AFC08900991391C201C0FF018FC6D
:1078F000002800D09DE04146301C0FF011FC00280C
:1079000051D0301C5B490FF0B4FB5B4618600FF0A0
:1079100043FC4BE00FF014FC002811D04D49201C13
:107920000FF0F8FB00280BD05349201C0FF0F2FB9E
:10793000002805D15149201C0FF002FC00289FD0DF
:10794000474B4F4C99464A464E4B1360454B4E4A67
:107950001A60454B4D4A1A60444B4D4A1A604C4BD5
:10796000984600230893099400234A4C0A930B94E9
:1079700017E03B4B484C99464A46484B1360394BFD
:10798000474A1A60384B474A1A60384B464A1A60D1
:10799000454B98460023089309940023434C0A93CF
:1079A0000B944B461C6840460FF0F6FB0023002664
:1079B0003F4AFF2713703F4A166001263E4A167061
:1079C0003E4A17703E4A13603E4A13603E4A1370A7
:1079D0003E4B1E70452D1FD0552D39D03C4F069083
:1079E0000791089A099B201C049205930A9A0B9B05
:1079F000029203930FF0D0FB364E374D0090019169
:107A00003A003100280000F05BFF0DB0F0BCBB462F
:107A1000B246A946A046F0BD304FE0E7381C0FF053
:107A2000BBFB08900991391C201C0FF079FB002842
:107A300005D00F49381C0FF01FFB4B46186041461C
:107A4000301C0FF06DFB0028ABD04B461C6858E78C
:107A5000234FC4E700004842000050410000884125
:107A60004832002044320020403200203C320020C6
:107A7000CDCC4C3DCDCCCC3D000090410000B04180
:107A8000008033400000A0410000984100009C416C
:107A9000000094410000334000002D400000704180
:107AA00000006041000068410000584100002C4087
:107AB00018860220DC820220393200203832002071
:107AC000E4840220187B02201B8602200886022004
:107AD00008840210108402101C8402100484021016
:107AE000B8BF0210F0B5CE4600B55D4B82B01B7832
:107AF000041C002B29D000210FF00CFB00281DD105
:107B00005849201C0FF01CFB051E17D1564B574F30
:107B10001C603B78DEB2022B47D0022E17D8002E15
:107B200000D16EE0524B211C18680FF0F9FA051EC7
:107B300030D002233B703878C0B202E04B4B18784B
:107B4000C0B202B080BCB946F0BD0020F9E7032EF8
:107B500029D1484B201C1B68191C99460FF0DAFAF2
:107B600000286BD00122444B3D701A70434B201CFF
:107B70001D700FF011FB050048460E000FF00CFBC6
:107B80003F4C009001912A00330020003D4900F055
:107B900097FED0E73C4B211C18680FF0D1FA002863
:107BA0005AD0364B1D703D70C5E7314B201C19680B
:107BB0000FF0BEFA00283FD003233B702E4B1D7000
:107BC000324B1B78DCB2072B3AD80021200006F09C
:107BD000DBFC2C492E48621C00F072FE2D4A136813
:107BE000013313600DF0C4FB002930D0FA220023CA
:107BF00092000EF06DFB284B1860284804F052F9F3
:107C000099E71B4B211C18680FF08AFA002800D056
:107C10008FE71D4B211C18680FF082FA00280BD04B
:107C20000125164C3D702378002B00D083E71C48BB
:107C300004F038F925707EE738707CE73E707AE70B
:107C400006F022FD0F49174800F03AFEC6E7FA2178
:107C500089000EF0FFFACEE701233B706BE7C046C8
:107C60000886022000004843DC8202201886022099
:107C7000403200203C320020393200201B86022096
:107C80006C8402101084021044320020383200202C
:107C9000AC840210E4840220187B0220FB9F0000C9
:107CA000FA940000E8840210044B1B78002B03D0E8
:107CB000034B1878C0B270470120FCE70886022009
:107CC00039320020002820D0114B1B780370114B53
:107CD0001B684360104B1B688360104B1B68C360BC
:107CE0000F4B1B6803610F4B1B6843610E4B1B78E6
:107CF00003760E4B1B68C3610D4B1B6803620D4B73
:107D00001A782423C254012070470020FCE7C046A3
:107D100018860220DC8202204832002044320020F3
:107D2000403200203C32002038320020E48402201F
:107D3000187B02203932002010B5094B00201A7838
:107D4000032A00D010BD1870064B023A1A70064B79
:107D500006491870064800F0B3FD0120F2E7C0465E
:107D600018860220393200201B860220108402105F
:107D70002C850210F0B5DE4657464E464546E0B526
:107D800095B009F063FB0390012000F065FD17F04A
:107D9000E5F9FA23DB00C41806E017F0DFF9A0428A
:107DA00006D20A2017F094F900F04EFD0028F4D016
:107DB000E84BE9481900994600F082FD19200CF0C3
:107DC00085FBD024802324069B0463621C2063610E
:107DD0000CF07CFB80235B0563621720A3610CF031
:107DE00075FB80231B046362182063610CF06EFB3B
:107DF00080235B046362112063610CF067FB8023C6
:107E00009B026362152063610CF060FB8023802578
:107E10009B03A3626D0314200CF058FB65620A20DB
:107E2000656117F055F9A5610A2017F051F96561F0
:107E3000642017F04DF90C200CF048FB80235B0107
:107E4000A3620D200CF042FB80239B01A3620E2055
:107E50000CF03CFB8023DB01A3620F200CF036FB0F
:107E600080231B02A36204211C200CF0EDFA88225F
:107E7000BA4BBB4902249950083ADA67B94B4946D4
:107E80001A6801239343B84AB848136000F018FDFC
:107E9000B74BB84918009A4613F0B4FF03210420E9
:107EA0000CF0D2FA032105200CF0CEFA00220121B9
:107EB00004200CF0E3FA0022012105200CF0DEFA88
:107EC000AD4BAC4918009B4613F09CFF03210220E8
:107ED0000CF0BAFA032103200CF0B6FA00220121BB
:107EE00002200CF0CBFA0022012103200CF0C6FA8C
:107EF000A24D0A2017F0ECF8F8F79EFB4946A0487F
:107F000000F0DEFC9F49280013F014FD9E4A6B68C8
:107F100014600722296823405140C8320A409B4917
:107F200013200A609A4A012113600CF08DFA012196
:107F300012200CF089FA974F012110200CF084FADE
:107F40004946954800F0BCFC13F0CCFF1F211A20D5
:107F50003C600CF079FA002200211A200CF08EFA15
:107F600000211A200CF09EFA1F211D200CF06CFA43
:107F7000002200211D200CF081FA00211D200CF0B0
:107F800091FA4946854800F09BFCF9F777F9F9F733
:107F900013F9642017F09CF8042380269846804C3F
:107FA0007600C023DB012361C02322689B0153407C
:107FB000E022D20113407B4A136043463B602368B2
:107FC0003342FCD0636804233B6023683342FCD017
:107FD00001206368102517F07BF8002243463B60C0
:107FE00023683342FCD06368013D1B041B0CD2188C
:107FF000002DF3D1120990B20FF0A7F8E9218905FD
:108000000FF051F868490FF04EF868490FF082F808
:10801000002807D0664803F045FFFA20400017F01B
:1080200057F8BEE7634E0DAC300000F049FC4946FE
:10803000614800F045FCFA239B00220001932021B7
:10804000012358460095F8F729FB5C4A0590002863
:1080500000DA3AE320234946594800F031FCFA2778
:108060000025BF00220001232121504601970095E1
:10807000F8F714FB534A0490002800DA06E3504B4B
:10808000494698462123404600F01AFC012322006D
:108090002321504601970095F8F700FB002800DAED
:1080A000EAE12323484A4946404600F009FC049B84
:1080B000059A134300D5E7E14946444800F000FC27
:1080C000FA239B000193002322000093502158467D
:1080D0000133F8F7E3FA3E4A002800DAEFE25023D2
:1080E0004946374800F0ECFB300000F0E9FB494618
:1080F000384800F0E5FB00F0A7FB002800D1D3E1F1
:108100004946354800F0DCFB012002F081FC17F005
:1081100025F8324F050007E017F020F8401BB84261
:1081200006D80A2016F0D4FF02F0E0FC0028F3D0B5
:1081300002F0DCFC002800D1B2E14946284800F0FA
:10814000BFFB012003F0D2FE17F008F8234F050013
:1081500050E0C046648502106C85021000000540A6
:10816000FFFF00007800054078100540A085021050
:1081700030330020801A06002833002000C003405E
:10818000BC850210005A620204F0034000D0034094
:1081900004E0034000E00440E0850210088602107D
:1081A00000C0044000D004400000304100002041E5
:1081B000FC140000C0DF0210248602105886021052
:1081C00068860210B4860210C8860210DC8602108F
:1081D00000870210148702105887021087130000CE
:1081E0007887021016F0BAFF401BB84206D80A2062
:1081F00016F06EFF03F0EEFE0028F3D003F0EAFE67
:10820000002800D148E14946B14800F059FB01205F
:1082100006F0FAF816F0A2FFAE4F050007E016F0E0
:108220009DFF401BB84206D80A2016F051FF06F009
:1082300005F90028F3D006F001F9002800D143E148
:108240004946A54800F03CFB012005F097FB16F0DD
:1082500085FFA04F050007E016F080FF401BB842E5
:1082600006D80A2016F034FF05F00CFC0028F3D0E5
:1082700005F008FC002800D122E14946974800F0AB
:108280001FFB012004F0E0FB012802D0944803F01A
:1082900009FE16F063FF8F4F050007E016F05EFF42
:1082A000401BB84206D80A2016F012FF04F010FC5A
:1082B0000028F3D004F00CFC002800D1FCE0494673
:1082C000884800F0FDFA012004F0BCFE012802D02D
:1082D000854803F0E7FD16F041FF7E4F050007E0FB
:1082E00016F03CFF401BB84206D80A2016F0F0FEFC
:1082F00004F078FF0028F3D004F074FF002800D1C8
:10830000D6E04946794800F0DBFA300000F0D8FAB0
:108310007748494600F0D4FA764803F071FE002809
:1083200000D02FE1744807AD03F0BCFD280003F036
:1083300079FE002800D030E103F0DCFC002800D0FA
:1083400054E1300000F0BCFA49466C4800F0B8FA3D
:108350006B4816F02BFF011E03D00020694A05F080
:10836000F9FE694816F022FF011E03D00120674A7A
:1083700005F0F0FE664816F019FF011E03D002203A
:10838000644A05F0E7FE644C200016F00FFF011E62
:1083900003D02200032005F0DDFE604C200016F023
:1083A00005FF011E03D02200042005F0D3FE5C4827
:1083B00016F0FCFE011E03D005205A4A05F0CAFE45
:1083C000594C200016F0F2FE011E03D022000620B8
:1083D00005F0C0FE04F006FF002800D17DE104F0A6
:1083E00001FF002854D005F09BFE49464F4800F09D
:1083F00067FA4F4B0022186801235B42009301216A
:10840000023314F01DF949464A4800F059FAFDF7C5
:10841000ADF94946484800F053FA300000F050FAF0
:10842000300000F04DFA454C200000F049FA444875
:1084300000F046FA200000F043FA4249424800F0BA
:108440003FFA0399414800F03BFA414D280000F003
:1084500037FA200000F034FA3E4800F031FA2800E4
:1084600000F02EFA002016F0B1F915B0F0BCBB46B2
:10847000B246A946A046F0BD374B9846232349464D
:108480004046364A00F01CFA354803F00BFD17E66B
:10849000344803F007FDA8E7334803F003FDB6E6D0
:1084A000324803F0FFFC4CE6314803F0FBFC2BE6BE
:1084B000304803F0F7FC28E72F4803F0F3FC02E70D
:1084C0002E4803F0EFFCDCE62D4803F0EBFCBBE6A6
:1084D0009887021087130000B8870210D88702100F
:1084E000F6140000F8870210F81400001488021037
:1084F0003088021010270000FA140000208B0210B0
:10850000508B0210588B0210648B02106C8B02107F
:10851000788B0210808B02108C8B0210988B0210CB
:10852000A48B0210A88B0210B08B0210008C0210DA
:10853000D8490220308C02104C8C0210808C021022
:10854000B48C0210E88C0210F08C0210088D02101E
:108550001C8D0210508D02108C860210C8860210ED
:10856000F0140000FB140000F3140000F2140000EB
:10857000F1140000F9140000F7140000F5140000D5
:10858000F41400009248494607AD00F099F928001C
:1085900003F048FD002800D1CEE649468D4800F0A2
:1085A0008FF96F7A2B7AEA79A9798B48009700F0D6
:1085B00087F96F7B2B7BEA7AA97A8848009700F0CD
:1085C0007FF96F7C2B7CEA7BA97B8548009700F0C4
:1085D00077F92B7DEA7CA97C6D7D8248009500F0BF
:1085E0006FF903F087FB002800D1AAE605F026FF0B
:1085F000002800D1A5E6300000F062F949467A482B
:1086000000F05EF94946794800F05AF908F008FC94
:108610000500FF2878D0210008F00AFB00287ED052
:10862000E37EA52B75D1A37E714800932A00230019
:10863000494600F045F9280008F0ACFC002800D1BC
:10864000C1E001221500A37E1D401A4200D0B2E015
:10865000A37E9B0700D5A4E0A37E5B0700D596E030
:10866000A37E1B0700D588E0A37EDB067BD4A37E18
:108670009B066ED4A37E5B0661D4A37EDB0954D136
:108680002A0049465B4800F01BF95AE65A4B494616
:1086900098462123404600F013F9012322002321AC
:1086A000504601970095F7F7F9FF002800DAE5E654
:1086B00023234946514A524800F002F9E4E6502388
:1086C00049464D4800F0FCF80EE54B4B49469846AC
:1086D0002023404600F0F4F8C1E44946494800F040
:1086E000EFF816F03BFD484D040008E016F036FDAB
:1086F000001BA84200D972E6322016F0E9FC04F013
:1087000071FD0028F2D06AE64946404800F0D8F8EA
:1087100017E62A0049463E4800F040F911E62A00D3
:1087200049463C4800F03AF90BE608213A4800F087
:10873000C7F801356420EDB216F0CAFCA0E70721A6
:10874000354800F0BDF801356420EDB216F0C0FCEC
:1087500093E70621304800F0B3F801356420EDB20C
:1087600016F0B6FC86E705212B4800F0A9F8013584
:108770006420EDB216F0ACFC79E70421264800F045
:108780009FF801356420EDB216F0A2FC6CE70321DE
:10879000214800F095F801356420EDB216F098FC00
:1087A0005EE702211C4800F08BF801356420EDB231
:1087B00016F08EFC50E70121174800F081F8642084
:1087C00016F086FC44E74946144800F0E7F8B8E59F
:1087D0006488021088880210AC880210D8880210C1
:1087E00004890210308902105C89021094890210F9
:1087F000608A0210E48A02108C860210C886021079
:1088000068860210BC8B02102F750000C889021008
:10881000348A0210048A0210CC8A02109C8A021048
:108820000023802200B583B00193163300930449DE
:1088300000231201034815F0B7FF03B000BDC04686
:10884000848D0210757D0010024B1868431E9841FC
:10885000C0B270472454022010B582B0002807D05F
:10886000124C2368002B14D0114B1A68002A02D036
:10887000012002B010BD0193802202230D49009314
:108880000D480023D20015F08FFF013843425841B4
:10889000EFE700228021402014F0BEF9206000287C
:1088A000E2D1064803F0FEFA0020E2E72454022059
:1088B000287B0220508B02100D890010F0740000FC
:1088C0000FB410B50F4CA2B02368002B06D0249B28
:1088D000002B03D00C4B1B68002B04D022B010BC23
:1088E00008BC04B0184725AB249A802102A8019344
:1088F00010F08CF900230022206802A914F046FA37
:10890000ECE7C04624540220247B0220F0B5A1B03D
:1089100010F012FBFA20FA25800016F0D9FB1A4954
:108920001A48FFF7CDFF1A4C1A4E1B4F6D000CF082
:108930001FFD00291AD0FA22002392000DF0C8FC76
:108940002368C31AAB4219D232226946306814F048
:10895000AFFC0128EBD16946380010F00BFC002079
:1089600005F032FC0CF004FD0029E4D1FA21890065
:108970000DF070FC2368C31AAB42E5D320600020E1
:1089800005F022FCE0E7C046908D02109C8D02109D
:10899000384E022024540220007A02100FB410B581
:1089A0000C4CA2B02368002B0FD0249B002B0CD0C2
:1089B0001A00802125AB02A8019310F027F90023AB
:1089C0000022206802A914F0E1F922B010BC08BC12
:1089D00004B018472454022010B513F04BFB034A8F
:1089E00013680133136013F051FB10BD247B022088
:1089F00010B513F03FFB054B1A68002A02D01A6825
:108A0000013A1A6013F042FB10BDC046247B0220DD
:108A1000F0B5DE4657464E464546E0B56549E9B0F5
:108A20006548FFF74DFF654816F052FB644B9B46C7
:108A30001800FFF745FF6348FFF742FF6248FFF762
:108A40003FFF5846FFF73CFF604B614F9A46614B32
:108A500055460793604B0893604B0993604B0A930C
:108A6000604B0B93604B1093604B99460CF080FC6D
:108A7000002928D0FA22002392000DF029FC0400DE
:108A8000FDF7CAF8FA222B685200E31A012827D012
:108A9000934231D2002010F053FA831C35D0C0B27B
:108AA0003B88082823D07F2821D00D2831D00A28E0
:108AB0002FD07E2BDAD85A1C3A80079AD0540CF06B
:108AC00057FC0029D6D1FA2189000DF0C3FB040020
:108AD000FDF7A2F8FA222B685200E31A0128D7D139
:108AE00093421FD29620400016F0F2FABEE7002B08
:108AF000BCD0013B3B80B9E701202C6005F064FB52
:108B0000002010F01DFA831CC9D10A2016F0E0FAEB
:108B1000ACE70024079AD454002B07D14846FFF74E
:108B2000CFFEA3E72C6005F04FFBDBE7110048A860
:108B30007F221AF037FDD8217F2312AA5218D4546D
:108B400048AB1A78202A01D0092A01D10133F8E76D
:108B500018009A461BF082F801385044824513D21F
:108B6000012200245646AC4621490378093BDBB27A
:108B7000172B07D80D00DD402A4203D004700138BE
:108B80008642F2D1B246654653461E78002E00D189
:108B900043E1202150461AF047FC041E47D0002331
:108BA000013403702378202B01D0092B22D101340A
:108BB000F8E7C046E08D02109C8D0210DC05000035
:108BC000EC8D0210F88D0210208E0210344E02201F
:108BD000D8850220A05302204C8E0210F08E021085
:108BE000108F0210B09A0210748F0210C0DF0210B2
:108BF0001300800020001BF031F801382218944245
:108C000011D201210026AC46DD481378093BDBB2C6
:108C1000172B07D80500DD40294203D01670013A12
:108C20009442F2D1654653461E78002E0CD053462E
:108C30000321D448825D0A40022A00D1F0E01E7070
:108C40005E780133002EF5D1504608991AF084FF62
:108C5000002809D053461B783F2B00D0E8E053464C
:108C60005B78002B00D0E3E0C748FFF729FEC74838
:108C7000FFF726FEC64CC74A20000899FFF720FEE2
:108C80002000C54A0999FFF71BFE2000C34A0A9934
:108C9000FFF716FE2000C24A0B99FFF711FE2000D5
:108CA000C04A1099FFF70CFE2000BF4ABF49FFF7EA
:108CB00007FEBF4ABF492000FFF702FEBE48FFF78C
:108CC000FFFD2000BD4ABE49FFF7FAFD2000BD4A66
:108CD000BD49FFF7F5FD2000BC4ABD49FFF7F0FD97
:108CE0002000BC4ABC49FFF7EBFD2000BB4ABC4951
:108CF000FFF7E6FD2000BB4ABB49FFF7E1FD20007E
:108D0000BA4ABB49FFF7DCFD2000BA4ABA49FFF76F
:108D1000D7FD2000B94ABA49FFF7D2FD2000B94A71
:108D2000B949FFF7CDFDB94AB9492000FFF7C8FDA1
:108D3000B848FFF7C5FD2000B74AB849FFF7C0FDA6
:108D40002000B74AB749FFF7BBFD2000B64AB74934
:108D5000FFF7B6FD2000B64AB649FFF7B1FD200087
:108D6000B54AB649FFF7ACFDB54AB6492000FFF752
:108D7000A7FDB548FFF7A4FD2000B44AB449FFF7AA
:108D80009FFD2000B34AB449FFF79AFD2000B34A83
:108D9000B349FFF795FD2000B24AB349FFF790FDB4
:108DA0002000B24AB249FFF78BFD2000B14AB24918
:108DB000FFF786FD2000B14AB149FFF781FD200091
:108DC000B04AB149FFF77CFDB04AB1492000FFF736
:108DD00077FDB048FFF774FD2000AF4AAF49FFF7B9
:108DE0006FFD2000AE4AAF49FFF76AFD2000AE4A92
:108DF000AE49FFF765FD2000AD4AAE49FFF760FDC3
:108E00002000AD4AAD49FFF75BFD2000AC4AAD49FB
:108E1000FFF756FDAC48FFF753FD00233B807DE68E
:108E2000203E1E705E780133002E00D002E70BE773
:108E3000504609991AF090FE002800D168E10A997D
:108E400050461AF089FE011E00D14BE150460B99A5
:108E50001AF082FE002800D179E2504610991AF0EB
:108E60007BFE002801D100F0A1FE50464F491AF0C8
:108E700073FE002800D1CBE150464E491AF06CFE3B
:108E8000002800D1B9E2504690491AF065FE00284A
:108E900000D070E2002C00D1EAE231AB9A46180013
:108EA0001022002138AE0EF011FA102200213000FD
:108EB0000EF00CFA33005246200085491AF0E0F912
:108EC0005346022800D0CFE203212E4806E0845CFE
:108ED0000C40022C00D1203A1A7001331A78002A73
:108EE000F5D133781400302B00D182E33200312BDE
:108EF00000D1D2E3234B03209C4607E06146C95CC6
:108F00000140022900D1203B137001321378002B5D
:108F1000F4D130006F491AF01FFE002800D16DE334
:108F200030006D491AF018FE002801D000F076FEDE
:108F300050466A491AF010FE002801D000F050FE99
:108F4000FEF7B2FE0123002801D100F041FE01220C
:108F500090461A4092461E0004E00134E4B2082C08
:108F600000D168E35146200005F00EFB0C9000286C
:108F7000F3D15B4802F096FF0C9B9846EDE7C046A4
:108F800013008000D1A10310548E0210848E0210B1
:108F9000C48E0210A08E0210D88E0210F88E02101D
:108FA0001C8F0210588F02107C8F0210908F0210BD
:108FB000988F0210B48F0210B88F0210E08F021049
:108FC0000490021018900210409002104C90021071
:108FD000709002107C900210A0900210AC900210D1
:108FE000D0900210E090021004910210189102102B
:108FF0004C9102106491021088910210A09102100D
:10900000D4910210F491021028920210489202109A
:10901000689202107892021094920210C892021084
:10902000D0920210F89202100493021014930210CE
:1090300024930210389302104493021054930210A8
:109040006493021084930210A4930210BC93021044
:10905000D4930210E0930210F893021000940210CF
:109060002494021048940210689402107494021020
:10907000909402109C940210BC940210CC940210A4
:10908000EC940210F8940210189502102895021022
:10909000589502106495021084950210A095021054
:1090A000A8950210D0950210E4950210F8950210D0
:1090B0000496021020960210389602105496021060
:1090C0006C9602108896021094960210809B0210F3
:1090D000889B0210B88D021064BE0210009002102E
:1090E0000884000038AE1C2230000EF0EFF830008B
:1090F00004F09CF8002800D186E038980EF04CF877
:109100000B00B18902000091DF48FFF7D9FB84E62C
:1091100008F09CF938AE1C220021804630000EF089
:10912000D5F8300004F082F8169006200CF016FCFA
:10913000824605200CF012FC0EF007F8D3490DF022
:109140009EFF0E9007200CF009FC0DF0FEFFCF49AA
:109150000DF095FF119050460DF0F7FFCB490DF043
:109160008EFF129008200CF0F9FB0DF0EEFFC749BE
:109170000DF085FFC64B13901968C64B1A68CB6972
:10918000096AD469126A5B18991CA4180C910234FC
:10919000023303D050460DF05DF80C90002C2DD119
:1091A000BD4812F065FC0DF0D0FFB8490DF067FF27
:1091B000BA4B14901A6807231A40100092460DF01B
:1091C000C4FFB7490DF06FFFB6490DF055FF15907C
:1091D000B548FFF775FBB548FFF772FB43465B7C6C
:1091E000002B00D1BDE043461B7C452B17D0B04A75
:1091F0001792552B15D1AF4B179312E02100504613
:109200000DF028F80400CBE7AB48FFF759FB04E664
:10921000010005F085FCA948FFF752FBFDE5A84BCE
:1092200017934146A748FFF74BFB1799A648FFF74E
:1092300047FBA648FFF744FB08F016F90DF0ACFF1A
:1092400002000B00A248FFF73BFBA248FFF738FBE8
:10925000A14BA24898461900FFF732FB4146A048AF
:10926000FFF72EFB9F48FFF72BFB0E980DF094FFA6
:1092700002000B009C48FFF723FB11980DF08CFFB8
:1092800002000B009948FFF71BFB12980DF084FFBA
:1092900002000B009648FFF713FB13980DF07CFFBC
:1092A00002000B009348FFF70BFB0C980DF04DFFED
:1092B00076490DF0E4FE0DF06FFF02000B008E48C2
:1092C000FFF7FEFA20000DF040FF70490DF0D7FEC9
:1092D0000DF062FF02000B008848FFF7F1FA1498C6
:1092E0000DF05AFF02000B008548FFF7E9FA1598C8
:1092F0000DF052FF0B005146020000918148FFF72C
:10930000DFFA8148FFF7DCFA169B002B1BD0706850
:109310000DF042FF02000B007C48FFF7D1FAB06865
:109320000DF03AFF02000B007948FFF7C9FA3898B0
:109330000DF032FF02000B007648FFF7C1FA7648C5
:10934000FFF7BEFA69E57548FFF7BAFAF7E7744820
:10935000FFF7B6FA642015F0BBFE724804F08AFFEE
:109360005BE57148FFF7ACFA7048FFF7A9FA70485F
:10937000FFF7A6FA69E750466E491AF0EDFB0028A0
:1093800055D050466C491AF02DF8002800D1BAE1AA
:1093900050466A491AF026F8002800D1A6E1504646
:1093A00067491AF0D9FB002800D07BE1002C01D1DD
:1093B00000F03BFD31AB1A002000624919F060FF5C
:1093C000012801D000F02CFD31980138072801D97F
:1093D00000F026FD38AE3100C0B203F00BFF319C27
:1093E000002805D02423F35C002B01D000F024FCDE
:1093F00021005548FFF764FA0FE55448FFF760FA7B
:10940000534802F07FFF002809D05248FFF758FA6E
:10941000642015F05DFE434804F02CFFFDE40A21B2
:10942000012005F07DFB4C48FFF7B8FAF5E4002C6D
:1094300000D1DAE02378002B00D1D6E00F21200004
:109440001AF0DEF8804638AE0200210030001AF033
:10945000A9F8002342463400B3542378202B01D0CE
:10946000092B07D10134F8E73C4802F01BFDD4E496
:109470003B4C12E520001AF0F1FB0022431E9446FB
:109480000120384EE3187BE0289A0210002474492A
:10949000303300202833002000C003400040064045
:1094A000CDCC4C3DCDCC8C3FDC9602100097021009
:1094B00008840210B8BF0210589A0210E09A0210F5
:1094C000048402108C970210A8970210C49702100F
:1094D000E097021000980210E88C02102098021009
:1094E000409802106098021078980210909802102C
:1094F000A8980210C0980210DC980210FC98021084
:109500001C9902103C99021068990210849902106B
:10951000A4990210C4990210049A0210E49902104E
:109520008C9A0210AC9A02102497021050970210E5
:1095300070970210A49C021070900210A09002106C
:10954000D0900210C09C021008A00210FC9A0210D9
:1095500010270000249B0210549B02100684000078
:10956000C8C00210130080001A78093AD2B2172A34
:1095700008D83100D140014204D06246013B5A7004
:109580009C42F1D923000320AE4E06E0B15C0140BD
:10959000022900D1203A1A7001331A78002AF5D135
:1095A0002000A94990461AF0D7FA061E51D101248D
:1095B00031AB9A46A54B9846A54B0C93A54B0E9301
:1095C0005346601E1E705146C0B204F047FF53461A
:1095D0001B780C9A002B00D00E9A210040460134D3
:1095E000FFF76EF9092CEBD117E49B4802F05AFC07
:1095F00013E473783200002B00D07BE4504692498C
:109600001AF0AAFA031E00D1A1E4504617F096FF03
:1096100006000138072800D9FBE20021C0B204F09F
:10962000B3FF8B4A002800D1EEE231008B48FFF7F0
:1096300047F9FFF7F2FB4246002A01D1FFF7EDFBA5
:109640008349002E00D083498548FFF739F9FFF799
:10965000E4FB31AB1A002000824919F011FE012809
:1096600016D131980138072812D843462CAC210076
:109670002370C0B204F0F2FE23783199744A002BB3
:1096800000D0744A714B1800FFF71AF9FFF7C5FBB9
:10969000754802F007FCFFF7C0FB7378002B00D180
:1096A00046E427E4504671491AF056FA002800D1E2
:1096B000B7E150466E491AF04FFA002800D009E190
:1096C000002C00D133E32378002B00D12FE338AEF8
:1096D000F0771F222100300019F064FF3378202B2F
:1096E00002D0092B00D044E30136F7E7FEF724FB54
:1096F000002800D116E35F48FFF7E2F85E48FFF765
:10970000DFF8FFF78AFB38AE3000FEF7DBFA0028FF
:1097100000D192E05948FFF7D3F807F09FFE4528A3
:1097200000D186E0552861D05548FFF7C9F8B068E8
:109730000DF032FD02000B005248FFF7C1F8F0684F
:109740000DF02AFD0022504C504B00920193020074
:109750000B002000FFF7B4F830690DF01DFD00226A
:109760004B4C4C4B0092019302000B002000FFF782
:10977000A7F870690DF010FD0022474C474B00928E
:10978000019302000B002000FFF79AF85846FFF7FC
:1097900097F870680DF000FD0B0002004048FFF7DD
:1097A0008FF833783F49032B02D83F4A9B009958E2
:1097B0003E48FFF785F82423F35C3D49002B00D099
:1097C0003C493D48FFF77CF85846FFF779F8F169C6
:1097D0003A48FFF775F8317E072920D9336A002B04
:1097E00008D15846FFF76CF8FFF717FB3448FFF72E
:1097F00067F89CE70BF0BCFD002915D0FA22002386
:1098000092000CF065FDFA21336A8900C01A0CF051
:1098100021FD2C4B01001800FFF752F8E1E72A4820
:109820000131FFF74DF8D9E7FA2189000CF012FD5C
:10983000E9E72648FFF744F879E72548FFF740F8BD
:10984000FFF7EBFAD1A1031000900210AC9C0210BC
:10985000B88D021064BE02100B840000909C0210B0
:10986000289C0210C09C02100C8400009CA00210D6
:1098700014A10210309F02105C9F0210F89C02108D
:109880007C9D0210A09D0210C49D02100000F03FBC
:10989000F89D02100000E03F2C9E02100000F83FEF
:1098A000609E02100884021090E90210849E02104B
:1098B000C48D0210BC8D0210A49E0210C49E021022
:1098C000549D0210049F0210E49E0210289D021075
:1098D000C49C02105046E4491AF03EF98046002824
:1098E0005DD1002C59D02378002B56D03F2238AEC2
:1098F000B0542100300019F055FEDC4B3000190047
:109900009A4619F08DFE51460400404619F088FE33
:109910000600002C37D0200017F00AFE0CF0FCFFE8
:109920000021041C0DF00CFC00282CD0002E05D0CA
:109930003000CF4919F056FD00287AD1CD4E3000C5
:10994000FEF7BEFFCC48FEF7BBFF3000FEF7B8FFC6
:10995000201C0DF021FC02000B00C848FEF7B0FFF0
:10996000C748FEF7ADFFC748FEF7AAFFC648FEF797
:10997000A7FF201CFBF780FC002806D0C348FEF799
:109980009FFFFFF74AFAC24CD0E7C24802F08AFABA
:10999000C148FEF795FFFFF740FABD4CCEE75046B1
:1099A000BE491AF0D9F88046002800D088E2002C81
:1099B00000D17DE22378002B00D179E23F2238AE3E
:1099C000B0542100300019F0EDFDA84B3000190013
:1099D0009A4619F025FE51460400404619F020FE33
:1099E0000600002C00D163E2002800D160E22000D4
:1099F00017F09EFD0CF090FF9D49041C300019F0FB
:109A0000F1FC002879D10021201C0DF089FB0028F1
:109A100043D0A34802F046FAA248FEF751FFFFF7F1
:109A2000FCF9A148FEF74CFFA048FEF749FFFFF7FD
:109A3000F4F9300017F082FD431E06009846072B0C
:109A400000D95BE28B4B9A461800FEF739FF8A4833
:109A5000FEF736FF5046FEF733FF31009448FEF71D
:109A60002FFF201C0DF098FB0B0002009148FEF721
:109A700027FF9148FEF724FF8348FEF721FF434666
:109A8000211CD8B2FBF734FC002800D12EE23100B3
:109A90008A48FEF715FFFFF7C0F9764E3000FEF753
:109AA0000FFF8748FEF70CFF3000FEF709FF201C70
:109AB0000DF072FB02000B008248FEF701FF8248A6
:109AC000FEF7FEFE8148FEF7FBFE8148FEF7F8FE3A
:109AD0006D48FEF7F5FE201CFBF796FC002803D12D
:109AE0004CE0322015F0F4FAFBF7CAFC0028F8D15C
:109AF0007848FEF7E5FEFFF790F9300017F01EFDFD
:109B000000218046461E201C0DF00AFB002880D153
:109B1000B31CC2D0072E41D8564B9A461800FEF708
:109B2000CFFE6748FEF7CCFE5046FEF7C9FE604BFD
:109B300041461800FEF7C4FE201C0DF02DFB02006C
:109B40000B006548FEF7BCFE6448FEF7B9FE6048AE
:109B5000FEF7B6FE6248FEF7B3FE6248FEF7B0FEBF
:109B60004948FEF7ADFEF0B2211CFBF707FC0028C8
:109B70000CD05D48FEF7A4FEFFF74FF95B4802F0FA
:109B800091F95B48FEF79CFEFFF747F9574802F052
:109B900089F95848FEF794FEFFF73FF9564802F05E
:109BA00081F95648FEF78CFEFFF737F90400544858
:109BB000FEF786FE142015F08BFA12F05BFA15F012
:109BC00063F928200BF012FC210020000CF0C0F9F2
:109BD0004C48FEF775FE4C48FEF772FEFFF71DF984
:109BE000504617F0ABFC06000138072811D8C4B264
:109BF000FEF75AF8002816D00121200004F0C4FC1A
:109C0000424A002800D010E5414802F04BF9FFF726
:109C100004F9404802F046F9FFF7FFF83E4802F029
:109C200041F9FFF7FAF831003C48FEF749FE3648A3
:109C3000FEF746FEFFF7F1F839980DF0ADFA0C90FB
:109C40000D913B980DF0A8FA029003913A980DF00F
:109C5000A3FA0C9A0D9B0090019121003048FEF769
:109C60002FFEFFF7DAF8C0465CA4021068A40210C9
:109C70000090021024A102106CA402104CA5021046
:109C80007CA50210BCA502102CA2021058A602103E
:109C900000006643128400000CA6021008A7021000
:109CA000138400007CA70210A8A00210CCA0021010
:109CB00098A40210B0A40210D4A40210D0A60210DE
:109CC000E4A7021010A8021040A8021080A80210F9
:109CD000C8A8021038A9021070A9021094A9021095
:109CE000D4A902100CAA021078AA02101584000050
:109CF000F4A802102CAA021014840000A8A70210D5
:109D0000B89A0210949B0210DC9B021064BE0210F1
:109D10000A8400000984000007840000489C0210A7
:109D2000D89F0210D548FEF7CBFDFFF776F8D44C4C
:109D30002000FEF7C5FDD348FEF7C2FD2000FEF768
:109D4000BFFDD148FEF7BCFDD048FEF7B9FDD048B5
:109D5000FEF7B6FDCF48FEF7B3FDCF48FEF7B0FDE6
:109D6000FBF720FA002853D0CC48FEF7A9FDFFF7F7
:109D700054F8300019F072FF0022431E944601206F
:109D8000C74CF3180BE01A78093AD2B2172A08D850
:109D90002100D140014204D06246013B5A709E42EC
:109DA000F1D33378002BC2D03000BE4919F01AFB32
:109DB0000028BCD0300017F0C1FB461E0400072E5F
:109DC0006ED8AF4B98461800FEF77AFDAD48FEF707
:109DD00077FD4046FEF774FD2100B348FEF770FDA5
:109DE0003100B248FEF76CFDB148FEF769FDB1489D
:109DF000FEF766FDA848FEF763FDF0B2FBF704FA34
:109E0000002845D02100AC48FEF75AFDFFF705F8C1
:109E1000AA4802F047F8AA48FEF752FDFEF7FDFFF8
:109E2000A84802F03FF8FEF7F8FFA74B04009A4657
:109E3000A64B38AE0E9305E021005046FEF740FDDC
:109E4000082C20D0E0B2310003F0D4F9013400280E
:109E5000F2D02423F35C002BEED070680DF09CF957
:109E60000C900D91F0680DF097F902900391B06895
:109E70000DF092F90C9A0D9B0090019121000E9823
:109E8000FEF71EFDDCE75846FEF71AFDFEF7C5FF9C
:109E90008A4802F007F88E48FEF712FDFEF7BDFF74
:109EA0008C48FEF70DFD8C48FEF70AFDFEF7B5FF66
:109EB0008A48FEF705FD8A48FEF702FDFEF7ADFF72
:109EC0005046884919F048FE00282BD1002C1FD09D
:109ED0002678002E1DD0200017F030FB013807280F
:109EE00011D8C0B2FBF7D2FAFEF797FF7E4801F017
:109EF000D9FF7E48FEF7E4FCFEF78FFF7C48FEF7B3
:109F0000DFFCFEF78AFF7B4801F0CCFFFEF785FF00
:109F1000260030000136F6B2FBF7B8FA082EF8D169
:109F2000FEF77BFF5046744919F016FE002840D01A
:109F30005046724919F010FE002800D000E1002CB4
:109F400000D198E031AB38AE009320006C49019607
:109F50002CAB27AA19F094F9042800D086E0279B9F
:109F60000C93FF2B7AD82C9CFF2C77D8319B9846EA
:109F7000FF2B73D8389B9A46FF2B6FD8300002F026
:109F800051F8002865D04246327252460C9B300090
:109F9000B371F471727202F07DF8002854D0524609
:109FA00043460092574822000C99FEF789FCFEF7C1
:109FB00034FF554838AEFEF783FC300002F032F82B
:109FC000002838D05148FEF77BFC7479B37872785A
:109FD0003178029434794E480194F4780094FEF775
:109FE0006FFC747A337AF279B1794A480094FEF7BB
:109FF00067FC747B337BF27AB17A47480094FEF7B2
:10A000005FFC747C337CF27BB17B44480094FEF7A8
:10A0100057FC747D337DB17CF27C41480094FEF79F
:10A020004FFCB37D3F49002B00D03F493F48FEF72E
:10A0300047FCFEF7F2FE18A806F030FA17223000AF
:10A0400018A90DF049F9BDE72A4801F02BFFFEF7EA
:10A05000E4FE374801F026FFFEF7DFFE354801F049
:10A0600021FF354801F01EFFFEF7D7FE84200002D5
:10A0700001F018FFF5E7314C64E7C046A89F0210D5
:10A0800024A1021058A10210ACA20210DCA20210FE
:10A0900010A3021044A302102CA20210B8A30210B5
:10A0A000130080000090021088A10210A8A10210E5
:10A0B000C8A10210F0A1021028A402101084000010
:10A0C0006CA302100284000068A002103CA00210E1
:10A0D000E4A3021060A2021088A2021014A70210CA
:10A0E00048A70210A8AA02101284000088A6021035
:10A0F00018A5021016840000C8920210E0AB0210EE
:10A10000E8AB0210F4AB0210B4AA0210D4AA0210F9
:10A11000FCAA021034AB021058AB02107CAB021048
:10A12000A0AB0210D48D0210CC8D0210C4AB021073
:10A13000158400000184000014840000C8C00210CF
:10A140005046CE4919F008FD00283ED1002C00D120
:10A15000E7E031AB38AE00932000C94901962CAB43
:10A1600027AA19F08DF8042800D0D5E0279B0C937E
:10A17000FF2B00D9C8E02C9CFF2C00D9C4E0319BF8
:10A180009846FF2B00D9BFE0389B9A46FF2B00D999
:10A19000BAE0300001F046FF002800D1AFE04246AF
:10A1A000327352460C9B3000B372F472727301F03A
:10A1B00071FF002847D0524643460092B148220022
:10A1C0000C99FEF77DFBFEF728FE5046AE4919F0CC
:10A1D000C3FC002855D1002C51D031AB38AE0093D0
:10A1E0002000A74901962CAB27AA19F049F80428AA
:10A1F00040D1279B0C93FF2B34D82C9CFF2C31D8BB
:10A20000319B9846FF2B2DD8389B9A46FF2B29D897
:10A21000300001F007FF00281FD04246327452463A
:10A220000C9B3000B373F473727401F033FF002899
:10A230000ED0524643460092944822000C99FEF7F5
:10A240003FFBFEF7EAFD924801F02CFEFEF7E5FD2C
:10A25000904801F027FEFEF7E0FD8F4801F022FE56
:10A26000FEF7DBFD8D4801F01DFE8D4801F01AFE62
:10A27000FEF7D3FD8420000201F014FEF5E7894CBF
:10A28000ABE75046884919F067FC002864D1002CE0
:10A2900060D031AB38AE00932000794901962CABE9
:10A2A00027AA18F0EDFF04284FD1279B0C93FF2B12
:10A2B00043D82C9CFF2C40D8319B9846FF2B3CD890
:10A2C000389B9A46FF2B38D8300001F0ABFE0028AF
:10A2D0002ED04246327552460C9B3000B374F47453
:10A2E000727501F0D7FE00281DD0524643460092F9
:10A2F0006E4822000C99FEF7E3FAFEF78EFD6C48DB
:10A3000001F0D0FDFEF789FD644801F0CBFD6948FE
:10A3100001F0C8FDFEF781FD8420000201F0C2FDBE
:10A32000F5E7604C15E7644801F0BCFDFEF775FDEC
:10A33000624801F0B7FDFEF770FD584801F0B2FD2C
:10A340005F4801F0AFFDFEF768FD8420000201F0D8
:10A35000A9FDF5E7534C9CE750465A4919F0FCFB20
:10A36000002816D1002C00D1DCE131AB9A460193D4
:10A370002CAB22AA00932000534927AB0C9218F073
:10A380007FFF042800D133E1504801F08BFDFEF738
:10A3900044FD4F49504619F0DFFB011E00D1D0E0CB
:10A3A0004C49504619F0D8FB011E00D130E250460E
:10A3B000494919F0D1FB061E00D0F3E1002C00D171
:10A3C000BAE02378002B00D1B6E031AB9A46010009
:10A3D0001C2218000CF07AFF504602F027FF0028DC
:10A3E00000D1A4E053461B7E002B00D19FE021AB9F
:10A3F00003223100180098460CF068FF00232293D6
:10A400002793364B42462C93200022AB34490C93C1
:10A4100018F036FF022806D14046324919F09CFB5D
:10A42000002800D1A1E02CAB019327AB009342465A
:10A4300020002D490C9B18F023FF022805DD404623
:10A440002A4919F089FB002804D02948FEF738FA78
:10A45000FEF7E3FC53469B892C98984614F038FE8F
:10A46000504602F0E3FE002803D053461B7E002B2B
:10A4700042D12048FEF724FAFEF7CFFC30AC0210A0
:10A48000E8AB021038AC021074AC02107CAC0210C5
:10A49000198400001C8400001B840000018400005B
:10A4A0001A840000C8C00210B4AC0210BCAC021088
:10A4B00018840000178400001F8400001E84000020
:10A4C0001D840000F0AC021000AD021020840000DA
:10A4D000D4930210F893021068AE0210DC0500005D
:10A4E00008AF021010AF021078AF021088AF021050
:10A4F00074AE02108CAF0210534638AE9B894146B1
:10A50000279A229800960C9305F0D6F8041E00D0E6
:10A5100047E2D54BFA2118689A4613F04BF8012808
:10A5200000D12BE2D148FEF7CBF9FEF776FCD048FC
:10A53000FEF7C6F9FEF771FCCE48FEF7C1F9FEF74B
:10A540006CFC38AE1C2230000CF0C0FE300002F073
:10A550006DFE00281FD03A980CF01EFE02000B0082
:10A56000C548FEF7ADF9FEF758FC534638AE320049
:10A570009989229805F02AF8041E24D1BA4BFA21B1
:10A580001868984613F016F8012809D0BB4801F066
:10A5900089FCFEF742FCBA48FEF792F9FEF73DFC53
:10A5A000300004F0B9FF23002200210044460C9043
:10A5B000206812F0EBFB0C9B002B09D0B14801F096
:10A5C00071FCFEF72AFCB048FEF77AF9FEF725FC8D
:10A5D000300005F037F9F0680CF0DEFD0B00514655
:10A5E000898902000091A948FEF76AF9FEF715FC77
:10A5F00038AE300001F016FD002800D1CDE021ABCF
:10A60000A34920AC984601930C9800941FAB1EAA56
:10A610000E9118F035FE042800D0B9E01E98FF28EE
:10A6200000D9ADE01F99FF2900D9A9E0209AFF2A9F
:10A6300000D9A5E0219BFF2B00D9A1E0737243460E
:10A64000B071F17132720E99019300941FAB1EAA82
:10A6500027A818F015FE042800D08CE01E98FF28CB
:10A6600000D980E01F99FF297DD8209AFF2A7AD847
:10A67000219BFF2B77D873734346B072F17232730C
:10A680000E99019300941FAB1EAA2CA818F0F8FD98
:10A69000042863D11E98FF2858D81F99FF2955D840
:10A6A000209AFF2A52D8219BFF2B4FD87374434620
:10A6B000B073F1733274504601930E9900941FAB3E
:10A6C0001EAA18F0DDFD04283BD11E98FF2830D8C3
:10A6D0001F99FF292DD8209AFF2A2AD8219BFF2BCA
:10A6E00027D8B074F17430003275737501F0D2FC64
:10A6F000002819D06748FEF7E3F80C996648FEF782
:10A70000DFF827A96548FEF7DBF82CA96448FEF7B7
:10A71000D7F851466348FEF7D3F86348FEF7D0F800
:10A72000FEF77BFB614C20E6614801F0BBFBFEF7C6
:10A7300074FB604801F0B6FB5F4801F0B3FBFEF725
:10A740006CFB8420000201F0ADFBF5E7594801F0F5
:10A75000A9FB5A4801F0A6FBFEF75FFB842000022C
:10A7600001F0A0FBF5E7534801F09CFB544801F0D1
:10A7700099FBFEF752FB8420000201F093FBF5E702
:10A780004C4801F08FFB4F4801F08CFBFEF745FB76
:10A790008420000201F086FBF5E74B4801F082FBC4
:10A7A000FEF73BFB5046494919F0D6F9002800D185
:10A7B000D5E05046464919F0CFF9002800D1C3E052
:10A7C0005046444919F0C8F9002800D1A9E0504684
:10A7D000414919F0C1F9002800D19AE050463F499B
:10A7E00019F0BAF9002800D186E050463C4919F02A
:10A7F000B3F9002831D050463A4919F0ADF9002894
:10A800001CD1002C18D0200004F076FBFEF705FBCD
:10A8100038AE1C2230000CF059FD300002F006FD6D
:10A82000002815D039980CF0B7FC02000B002E4818
:10A83000FEF746F8FEF7F1FA1C4CE4E70A21012086
:10A8400004F06EF951462948FEF7A8F8FEF7E5FA3C
:10A850002748FEF735F8FEF7E0FA2648FEF730F80D
:10A8600001F0EEFAFEF7D9FA844B022008B002108C
:10A87000C4AE021074AE0210D0AD0210038400000A
:10A88000ECAD02100484000014AF021044AF0210BB
:10A89000E8AB021020AD02104CAD021060AD02100A
:10A8A00078AD021090AD0210A4AD0210C8C0021025
:10A8B0002684000001840000258400002484000018
:10A8C0002384000022840000218400006894021088
:10A8D00090940210BC940210EC940210189502108F
:10A8E00058950210A09502101CAE021030B1021053
:10A8F00038AE0210FCB0021001F082FA00281BD121
:10A90000394801F0CFFA0021080004F009F9FEF7F8
:10A9100084FA01F055FA002812D1344801F0C2FA45
:10A92000F1E701F02DFA002801D0FEF776FA304861
:10A9300001F0B8FAFEF771FA2E48FDF7C1FFE2E721
:10A940002D48FDF7BDFFDEE701F0FAF9002801D040
:10A95000FEF763FA294801F0A5FAFEF75EFA01F066
:10A96000CFF9002801D0FEF758FA0A21013004F08F
:10A97000D7F82348FEF712F8FEF74FFA300004F03C
:10A98000CBFD23002200210054460E90206812F0D7
:10A99000FDF90E9B002B09D01A4801F083FAFEF74F
:10A9A0003CFA1948FDF78CFFFEF737FA300004F047
:10A9B00049FF70680CF0F0FB0C9B0E900F91059313
:10A9C00043460493F0680CF0E7FB02900391B068F3
:10A9D0000CF0E2FB0E9A0F9B0C4C009001912000B2
:10A9E000FDF76EFFFEF719FA2A84000029840000A3
:10A9F00028840000D0B00210A4B002102784000008
:10AA000080B0021005840000D0AF021028B0021000
:10AA100070B582B0002802D1012002B070BD14F0E0
:10AA20009DFBFA250400ED0007E014F097FB001BE6
:10AA3000A84206D20A2014F04BFBFDF705FF0028C0
:10AA4000F3D000220321082012F0E6F81E4C002269
:10AA500002212060082012F0DFF81C4D00220521A1
:10AA60002860082012F0D8F8194E002230605021DA
:10AA7000082012F0D1F8174B18602368002B19D06A
:10AA8000002817D02B68002B14D03368002B11D06E
:10AA9000002380220193033300930F4900230F48C2
:10AAA000D20013F081FE012809D00D4801F0FAF917
:10AAB0000020B2E70B4801F0F5F90020ADE70A21CC
:10AAC0000948FDF7FDFEA7E7A07402209474022058
:10AAD0009C74022090740220648B0210118A001072
:10AAE0002C8400002B84000064B10210024B186813
:10AAF000431E9841C0B2704790740220F0B5CE4614
:10AB00004746012180B5364BA3B0186849429946A3
:10AB100012F050FD334E1CA805F0C0FC17221CA9F2
:10AB200030000CF0D9FB0AA806F0B4FB300041223B
:10AB30000AA917300CF0D0FB684606F0EBFE340093
:10AB4000300021226946583079340CF0C5FB0821C9
:10AB5000200006F009FB244F002837D1234B0024A6
:10AB60009846234D03E001342435082C0ED02900EB
:10AB7000E0B204F09FFC0028F5D0220039004046E6
:10AB80000134FDF70BFF2435082CF0D105F012F845
:10AB90004B46002200211868002312F0F7F830001D
:10ABA000D2230024A93008225B000021FF30F4509A
:10ABB0000CF08CFBD82339005B000E48F450FDF7F5
:10ABC0007FFE23B0C0BCB946B046F0BD39000A488C
:10ABD000FDF7E4FE0822002120000CF077FBBDE722
:10ABE000844B0220D04B0220C8B1021010B20210D8
:10ABF000544C022044B20210D4B10210012170B5AD
:10AC0000D226D54D4942286812F0D4FCD34C7600A8
:10AC1000A35D002B46D1A626FF36A35D002B57D19E
:10AC2000D3267600A35D002B69D1A826FF36A35D4D
:10AC3000002B00D075E0D4267600A35D002B00D059
:10AC400082E0AA26FF36A35D002B00D090E0D52637
:10AC50007600A35D002B00D09EE0AC26FF36A35DFE
:10AC6000002B00D0ACE0D6267600A35D002B00D0F0
:10AC7000BAE0AE26FF36A35D002B00D0C9E0D72690
:10AC80007600A35D002B00D0D7E0B026FF36A35D91
:10AC9000002B00D0E5E0286800230022002112F0FC
:10ACA00075F870BD200005F077FB002800D06DE13D
:10ACB000A055A626AA49AB48FDF702FE642014F071
:10ACC00007FAFF36A84803F0D5FAA35D002BA7D0FA
:10ACD0002000173006F05CFA002800D0D0E0A05524
:10ACE000D3269F49A148FDF7EBFD642014F0F0F94D
:10ACF00076009D4803F0BEFAA35D002B95D020009E
:10AD0000583006F0E9FD002800D0C2E0A055A82682
:10AD100093499748FF36FDF7D3FDA35D002B00D183
:10AD200089E720000821793006F00CFA002800D0CD
:10AD3000B8E0A055D4268A498E487600FDF7C0FDBC
:10AD4000A35D002B00D17CE721000020843104F0BA
:10AD500097FB002800D0AEE0A055AA26002280492B
:10AD60008548FF36FDF7ACFDA35D002B00D16EE7F3
:10AD700021000120A83104F083FB002800D0A4E0CA
:10AD8000A055D526012276497B487600FDF798FD2F
:10AD9000A35D002B00D160E721000220CC3104F03C
:10ADA0006FFB002800D09AE0A055AC2602226C4927
:10ADB0007148FF36FDF784FDA35D002B00D152E7FB
:10ADC00021000320F03104F05BFB002800D090E06C
:10ADD000A055D6260322624967487600FDF770FD2C
:10ADE000A35D002B00D144E7210015310420FF3181
:10ADF00004F046FB002800D085E0A055AE260422D2
:10AE000057495D48FF36FDF75BFDA35D002B00D180
:10AE100035E7210039310520FF3104F031FB0028EE
:10AE20007BD1A055D72605224D4953487600FDF722
:10AE300047FDA35D002B00D127E721005D310620EF
:10AE4000FF3104F01DFB002871D1A055B026062269
:10AE500043494948FF36FDF733FDA35D002B00D180
:10AE600019E7210081310720FF3104F009FB002898
:10AE700067D1A05507223A493F48FDF721FD0AE76F
:10AE80000A21012003F04CFE35493C48FDF786FDC0
:10AE9000C6E60A21012003F043FE31493848FDF798
:10AEA0007DFDC2E60A21012003F03AFE2C49354817
:10AEB000FDF774FDBFE60A21012003F031FE0022F8
:10AEC00027493148FDF76AFDBBE60A21012003F05E
:10AED00027FE012222492C48FDF760FDB7E60A2132
:10AEE000012003F01DFE02221D492748FDF756FDF3
:10AEF000B3E60A21012003F013FE03221849224879
:10AF0000FDF74CFDAFE60A21012003F009FE042203
:10AF100013491D48FDF742FDABE60A21012003F06D
:10AF2000FFFD05220E491848FDF738FDA7E60A2166
:10AF3000012003F0F5FD062209491348FDF72EFD17
:10AF4000A3E60A21012003F0EBFD072204490E4885
:10AF5000FDF724FD9FE6C046844B0220D04B022023
:10AF6000C8B102106CB2021094B20210D8B2021032
:10AF700028B3021078B30210CCB30210FCB2021056
:10AF80004CB30210F4B302109CB302100A2101204A
:10AF900003F0C6FD02490348FDF700FD3BE6C0464D
:10AFA000C8B10210A8B20210F0B5DE4657464E46B0
:10AFB0004546FA20E0B58000E3B014F089F8D94B9B
:10AFC000D94819002393FDF77BFC05F0F1F8FFF752
:10AFD00095FD05F01DFC002801D100F07FFE012247
:10AFE000D24B01211A70D24B4EAF186811F0FCFB06
:10AFF000D0482399FDF764FCCF4B0E93CF4B0993B8
:10B00000CF4B0A93CF4B0C93CF4B0F93CF4B109357
:10B01000CF4B1193CF4B1293CF4B2093CF4B0B932E
:10B02000CF4B9A46CF4B2D93CF4B1393CF4B2193BE
:10B03000CF4B2E93CF4B1693CF4B2F93CF4BD04A62
:10B040001793D04B02923093CF4BD04A1893D04BEA
:10B0500025923193CF4BD04A1E93D04B1F9214931D
:10B06000CF4BD04A2A93D04B24922B93CF4BD04A2C
:10B070000093D04BD04C019332AB9946CF4DD04B7F
:10B080000692D04A9346D04A0792D04A1992D04AA3
:10B090001D92D04A2692D04A2C92D04A2792D04A6A
:10B0A0002292D04A1592D04A2892D04A29925246EA
:10B0B000DA469B4604925346DA469B460AF058F914
:10B0C000002900D1E1E0FA22002392000BF000F900
:10B0D000FA220E9B52001B68C31A934200D3E0E091
:10B0E000099B0A221B78002B17D10A9B1B78002B87
:10B0F00013D10C9B1B78002B0FD10F9B1B78002BBF
:10B100000BD1109B1B78002B07D1119B1A78531E73
:10B110009A41592352429A436432129B3AA91868C1
:10B1200012F0C6F8012800D12DE3D8260B9B76003B
:10B130009B59002B00D0E4E0049B0521186812F015
:10B1400039FA012830D101230026984620680028CA
:10B1500000D1ACE00022390012F0AAF8012800D09A
:10B16000A5E0009A3B88127859BA002A03D0019AC8
:10B1700012889A42EAD04B464846198004F04CFEA9
:10B180003B88019A013613804246009BB6B20220EA
:10B190001A7003F019F8042ED8D1049B0022186805
:10B1A0000021002311F0F2FD099B1B78002B00D039
:10B1B00020E1119B1B78002B00D043E10A9B1B78F8
:10B1C000002B00D070E10C9B1B78002B00D0F7E126
:10B1D0000F9B1B78002B00D07FE2109B1B78002B6D
:10B1E00000D16BE75B468026D3469A461E9BB6008D
:10B1F0001B889846B34201D300F063FCFF21202254
:10B2000038000CF063F8049B0521186812F0D2F99D
:10B21000012800D04FE74346F61A331CB6B2202E61
:10B2200000D920239EB2C0235B0143449BB232006D
:10B23000390018000393F6F73DF88046002801D046
:10B2400000F02FFC049B002100221868002311F05D
:10B250009DFD1E9A02201388F3181600138002F039
:10B26000B3FF012013F034FF802332889B009A4201
:10B2700000D220E7C0225E4B520123992998FDF7A6
:10B280001FFB4246109B1A7015E7FA2189000AF04D
:10B29000E1FFFA220E9B52001B68C31A934200D2B0
:10B2A0001EE70E9B1860022002F08EFF18E70123B4
:10B2B00098462868002800D16FE70022390011F075
:10B2C000F7FF012800D068E752463B88127859BA48
:10B2D000002A03D0029A12889A42EAD04B46484686
:10B2E000198004F0D1FD3B88029A01361380534641
:10B2F0004246B6B202201A7002F066FF042ED8D180
:10B300004BE713F02BFF0B9B9B59C01AFA23DB0072
:10B31000984200D210E7FFF771FC00230B9A93517B
:10B320000AE7C046C8B102109C8D0210EC850220CD
:10B33000D84902205CB40210444E0220FF8502204E
:10B34000028602201A860220018602201986022027
:10B350000086022090740220A0E90210D04B022047
:10B36000844B022078B40210FC790220F879022084
:10B37000A8B40210DC850220DCB40210E2850220B1
:10B38000D685022010B50210DA850220D0B5021051
:10B3900044B50210E0850220E0B50210007A0220D8
:10B3A0007CB502101CB60210ACB50210F18502206B
:10B3B0002CB60210D4850220084E0220304E022006
:10B3C000F2850220107A021084800210ED8502209E
:10B3D000AC4B022034B6021058B6021084B60210EC
:10B3E000D8B5021024B60210ACB60210E0B60210B6
:10B3F000FF190000139B1B680393002B01D100F081
:10B40000FAFB8023039A1B029A4200D262E30026D1
:10B410002498FDF7C3FAFDF7EBFA099B1E70219BF8
:10B420001868002806D000230022002111F0AEFC8D
:10B43000219B1E60012013F04BFE119B1B78002BFB
:10B4400000D1BBE6199B1B78002B00D1C1E3802300
:10B45000149A1B0212689A4200D3B2E30121049BA2
:10B460004942186812F0A6F8149A1D9910882022F3
:10B47000F5F720FF049B0600002218680021002336
:10B4800011F084FC002E00D0C9E3149B1968203110
:10B4900019608B0500D1EAE3062013F019FE0A9B20
:10B4A0001B78002B00D18EE6169B1B88002B00D149
:10B4B000ACE380229200934275D2D21A111C92B250
:10B4C000202A00D92021B022520194468EB20121B7
:10B4D000049A63449BB2106849420D93059612F09A
:10B4E00069F8320049460D98F5F734FF049A0023B5
:10B4F00010680021002211F049FC002303935346F9
:10B500001A941B931C95039C50212300A4464B4482
:10B5100098460D9B380063449BB2069A0DF062FB7F
:10B52000059B1B1B102B00D925E1DEB29BB20893B3
:10B53000002E00D19DE232AA7723944663441C007A
:10B54000502300259A4652464346E11B5B5D20008E
:10B55000511A5A460DF046FB0135EBB224189E42B3
:10B56000F1D839000798FDF719FA089A039B944619
:10B57000059A63449BB203939A42C4D89446169E9C
:10B580001B9B02209A4633881A9C634433801C9D7F
:10B5900002F01AFE012013F09BFD802332889B00ED
:10B5A0009A4200D20FE61598FDF7F8F9FDF720FA58
:10B5B00000230A9A13700C9B1B78002B00D107E61E
:10B5C000179B1B88002B00D10CE380229200934232
:10B5D00076D2D21A111C92B2202A00D92021C02280
:10B5E000520194468EB20121049A63449BB21068C2
:10B5F00049420D93059611F0DDFF320049460D9842
:10B60000F5F7A8FE049A002310680021002211F02B
:10B61000BDFB0023039353461A941B931C95039C74
:10B620000D9A23004B4494469846230063449BB2F2
:10B6300050213800069A0DF0D5FA059B1B1B102BE4
:10B6400000D99CE0DEB29BB20893002E00D10DE23F
:10B6500032AA7723944663441C00502300259A465F
:10B6600052464346E11B5B5D2000511A5A460DF0DD
:10B67000B9FA0135EBB224189E42F1D83900079887
:10B68000FDF78CF9089A039B9446059A63449BB294
:10B6900003939A42C3D89446179E1B9B02209A4656
:10B6A00033881A9C634433801C9D02F08DFD012079
:10B6B00013F00EFD802332889B009A4200D287E56A
:10B6C0001598FDF76BF9FDF793F900230C9A1370A9
:10B6D0000F9B1B78002B00D17FE5189B1E888023D1
:10B6E0009B0098469E4200D3D6E1FF2120223800DD
:10B6F0000BF0ECFD049B0521186811F05BFF01289D
:10B7000000D06AE543469B1B1A1C9BB2202B00D934
:10B71000202293B29846B0235B019C466644B3B2A4
:10B720004246390018000393F5F7C4FD061E00D009
:10B73000A2E1049B002100221868002311F026FBDF
:10B74000189A022013884344138002F03DFD012023
:10B7500013F0BEFC8023189A9B0012889A4200D2F4
:10B760003BE5B022D94B239929985201FDF7A8F85F
:10B770000F9B1E7031E5102310260893DBE6102383
:10B780001026089364E7202232AB9B181A78172AF8
:10B7900000D976E2209B92009B589F464C98002847
:10B7A00004D00B99212258310BF096FD4D980028BA
:10B7B00000D1BAE400230022002111F0E7FA4D98ED
:10B7C000002800D1B1E400230022002111F0DEFAAC
:10B7D000ABE405F09DFBF2E7242232AB9B1818780E
:10B7E00005F03CFBEBE7242232AB9B18187805F000
:10B7F000C1FAE4E73F22242132AB9B181A7832AB1E
:10B800005B1832A98C46187825236344190005F08B
:10B8100039FAD4E7099B1B78002B00D136E22D982A
:10B820002399FDF7BBF84D98002800D17DE4002353
:10B830001A00190011F0AAFA77E4099B1B78002B73
:10B84000BDD10A9B1B78002BB9D10C9B1B78002B18
:10B85000B5D10F9B1B78002BB1D1109B1B78002B0F
:10B86000ADD1119B1B78002BA9D1012211992A98E7
:10B870000A708021149A09021360FDF721F89EE7EF
:10B88000109B1B78002B00D023E2012210990A7034
:10B890001E9A138093E70F9B1B78002B00D013E2B6
:10B8A00001220F990A70189A138088E70B9B3BAA14
:10B8B000583343CA43C343CA43C303CA03C31278BA
:10B8C0001A70D32301220B9E5B00F25413F046FC46
:10B8D000D8235B00F05072E7242232AB9B181B7810
:10B8E000072B00D96BE70121049E4942306811F013
:10B8F00061FE242232AB9B1832AA94461878252385
:10B900006344190004F0BCF9306853E7242232ABD9
:10B910009B181878072800D951E74C99002900D1C5
:10B920004DE71C3204F082F949E70B9E08223000F3
:10B930003BA979300BF0D0FCA8230122FF33C4E7E8
:10B940004C98002800D13AE70B99082279310BF086
:10B95000C3FC34E70B9E412230003BA917300BF0AB
:10B96000BBFCA623E9E74C98002800D11EE70B9901
:10B97000412217310BF0B0FC18E70B9B3BAA43CADE
:10B9800043C303CA03C31188198092789A70D223E3
:10B9900001220B9E5B0098E74C98002800D10EE72F
:10B9A00017220B990BF098FC09E7242232AB9B1865
:10B9B0001B789846072B00D901E7D900444B414436
:10B9C0009C46890061440B003CAA43CA43C343CA56
:10B9D00043C343CA43C3664643460122843EF31829
:10B9E000A933FF331A7013F0B9FBD8235B00F05072
:10B9F000E5E6242232AB9B181978072900D9DEE648
:10BA00004C98002800D1DAE60B9B51439C468431C8
:10BA100061440BF061FCD2E60C9B1B78002B00D13B
:10BA200040E123992F98FCF7B9FFFFF77EFB0A9BB3
:10BA30001B78002B00D13EE123992E98FCF7AEFF36
:10BA4000FFF773FB0121049E4942306811F0B2FDFB
:10BA500004F052FA002300220021306811F096F918
:10BA6000FFF74CF8ABE6FFF7C9F8A8E60023089308
:10BA700004E60023089374E50A21012003F050F83E
:10BA8000039A23992898FCF789FF049B00221868E1
:10BA90000021002311F07AF900230F9A1370FFF7A9
:10BAA0009CFB0A21012003F03BF8039A2399289874
:10BAB000FCF774FF049B002218680021002311F09A
:10BAC00065F90023109A1370FFF7F5FAFF170000CD
:10BAD000544C022091B22032884620269A4202D944
:10BAE000814E761AB6B20121049B4942186811F0C2
:10BAF00061FD320049464046F5F72CFC049B0022CC
:10BB000018680021002311F041F952464E46139B5C
:10BB100008941B680D921A958022120293423DD21E
:10BB2000039C069A2300502138000DF05BF86F4A01
:10BB3000A3B2934241D9E3B25A42D2B29046002B0B
:10BB400000D19BE0059232AA7723944663441C00FF
:10BB500050239A46330000254646984652464346AF
:10BB6000E11B5B5D2000511A5A460DF03BF8013590
:10BB7000EBB224189E42F1D8464639000798FCF7EC
:10BB80000DFF0599139A8C461368103663441360B1
:10BB9000039A103203923AAAB242BDD10D9B022001
:10BBA0009A46089C1A9D02F00FFB8023139A1B02F1
:10BBB00012689A4200D23DE429E410239846059386
:10BBC000C1E70023119A26981370FCF779FEFFF75E
:10BBD000F5FA2022FF211D980BF078FB0123199A1A
:10BBE000137034E42298FCF7D9FE1F98FCF7D6FEB8
:10BBF000179B1B88E9E42598FCF7D0FE1F98FCF7FB
:10BC0000CDFE139B1B680393FFF7FBFB2298FCF709
:10BC1000C5FE1F98FCF7C2FE169B1B8849E40A204C
:10BC200013F056FA0121049B4942186811F0C2FC36
:10BC3000149A1D9910882022F5F73CFB049B0600FE
:10BC4000002218680021002311F0A0F8002E00D176
:10BC50001BE40A21012002F063FF149B2C98196851
:10BC6000FCF79CFE0023119A1370FFF7A7FA8022BD
:10BC700027981202FCF724FEFFF70EFC0023059321
:10BC80007BE723992B98FCF789FE98E50122099917
:10BC90000A70139A13604D9B219A1360FCF79CFE67
:10BCA000FFF743FA01220C990A70179A1380FCF7E8
:10BCB00093FEFFF73AFA01220A990A70169A138046
:10BCC000FCF78AFEFFF731FA23993098FCF766FEFD
:10BCD00075E523993198FCF761FE70E504482399D6
:10BCE000FCF75CFEFFF77BF90080FFFFF07F0000B0
:10BCF00020B40210014B1878C0B27047EC850220C6
:10BD000000B50D4B95B01B78D8B2002B12D0502245
:10BD1000002168460BF0DAFA11236A461370074BCC
:10BD2000002218686946002311F030F801384342B8
:10BD30005841C0B215B000BDEC85022090740220BD
:10BD400000B50D4B95B01B78D8B2002B12D0502205
:10BD5000002168460BF0BAFA0C236A461370074BB1
:10BD6000002218686946002311F010F80138434298
:10BD70005841C0B215B000BDEC850220907402207D
:10BD800000B50D4B95B01B78D8B2002B12D05022C5
:10BD9000002168460BF09AFA0D236A461370074B90
:10BDA000002218686946002310F0F0FF0138434272
:10BDB0005841C0B215B000BDEC850220907402203D
:10BDC00000B50D4B95B01B78D8B2002B12D0502285
:10BDD000002168460BF07AFA0E236A461370074B6F
:10BDE000002218686946002310F0D0FF0138434252
:10BDF0005841C0B215B000BDEC85022090740220FD
:10BE000000B50D4B95B01B78D8B2002B12D0502244
:10BE1000002168460BF05AFA0F236A461370074B4D
:10BE2000002218686946002310F0B0FF0138434231
:10BE30005841C0B215B000BDEC85022090740220BC
:10BE400000B5144B95B01B78002B0BD1124B186822
:10BE5000002804D0002110F08FFCC00702D400207D
:10BE600015B000BD0D4B1B78002BF8D150220021DE
:10BE700068460BF02BFA10236A461370084B002219
:10BE800018686946002310F081FF01384342584189
:10BE9000C0B2E5E7EC850220D849022000860220E6
:10BEA0009074022000B583B06B46991D054B088045
:10BEB0001868002803D00023002210F067FF03B0A9
:10BEC00000BDC046084E022000B583B06B46991DE8
:10BED000054B08801868002803D00023002210F0CA
:10BEE00055FF03B000BDC046304E0220002370B5A0
:10BEF0002C4D82B02B70002801D102B070BD13F020
:10BF00002DF9294BC41806E013F028F9A04206D2F7
:10BF10000A2013F0DDF8FEF7E9FD0028F4D0012037
:10BF200011F0BAF8214C206010F07EFB204E002268
:10BF300002213060202010F06FFE1E4B002218609E
:10BF40000221202010F068FE1B4B18602368002B94
:10BF50001FD03368002B1CD00023802201930233B2
:10BF60000093164900231648120112F01DFC04002C
:10BF7000012808D00A21012002F0D2FD11491248FF
:10BF8000FCF70CFDB9E70F491048FCF799FC2C7041
:10BF9000B3E70A21012002F0C3FD0A490C48FCF76F
:10BFA000FDFCAAE7F985022088130000844B0220DB
:10BFB000D8490220084E0220304E0220788B021011
:10BFC000A9AF0010C8B102103CB7021060B7021050
:10BFD00010B70210084B10B51B78D8B2002B09D14E
:10BFE000064B1B68002B05D01800002110F0C4FB85
:10BFF0000123184010BDC046EC850220D84902201C
:10C00000030000B5064A83B01068012100930022A6
:10C01000012310F015FB0123184003B000BDC046FA
:10C02000D849022070B5040094B0002803D0174B03
:10C030001B78002B03D10024200014B070BD032214
:10C040000021012010F0E8FD051EF4D04822002157
:10C0500068460BF03BF9FA220D4B694618689200CE
:10C0600000231294139510F091FE0024012803D0B0
:10C07000280011F09DFEDFE7FA212800890011F069
:10C0800099FA441E63425C41E4B2F1E7EC85022078
:10C090009074022010B5040094B0002820D0114BF9
:10C0A0001B78D8B2002B01D114B010BD5022002152
:10C0B00068460BF00BF901236A462100137001A8B2
:10C0C00017220BF009F9FA22074B6946186892000B
:10C0D000002310F05BFE013843425841C0B2E3E751
:10C0E0000020E1E7EC8502209074022070B5040086
:10C0F00094B0002803D01A4B1B78002B03D10024E6
:10C10000200014B070BD03220021012010F084FD36
:10C11000051EF4D04822002168460BF0D7F86E4681
:10C120000223FA2233700F4B6946186892000023ED
:10C130001294139510F02AFE012803D0280011F064
:10C1400037FEDCE7FA212800890011F033FA441E9B
:10C1500063425C412800E4B211F02AFED0E7C046F9
:10C16000EC8502209074022010B5040094B00028E1
:10C1700020D0114B1B78D8B2002B01D114B010BDC8
:10C180005022002168460BF0A1F803236A462100E3
:10C19000137001A841220BF09FF8FA22074B694661
:10C1A00018689200002310F0F1FD01384342584115
:10C1B000C0B2E3E70020E1E7EC85022090740220A2
:10C1C00070B5040094B0002803D01A4B1B78002BE4
:10C1D00003D10024200014B070BD032200210120EF
:10C1E00010F01AFD051EF4D04822002168460BF01D
:10C1F0006DF86E461623FA2233700F4B69461868A5
:10C20000920000231294139510F0C0FD012803D072
:10C21000280011F0CDFDDCE7FA212800890011F09B
:10C22000C9F9441E63425C412800E4B211F0C0FD2C
:10C23000D0E7C046EC8502209074022010B50400BF
:10C2400094B0002820D0114B1B78D8B2002B01D11C
:10C2500014B010BD5022002168460BF037F81723A8
:10C260006A462100137001A821220BF035F8FA224A
:10C27000074B694618689200002310F087FD0138CB
:10C2800043425841C0B2E3E70020E1E7EC850220D9
:10C290009074022070B5194B04001B7894B0002BE9
:10C2A00003D10024200014B070BD0322002101201E
:10C2B00010F0B2FC051EF4D04C22002168460BF0B1
:10C2C00005F86E46082333700D4B22001868694646
:10C2D0000023139510F05AFD012803D0280011F017
:10C2E00067FDDEE72100280011F064F9441E634277
:10C2F0005C412800E4B211F05BFDD3E7EC8502203D
:10C300009074022070B5194B04001B7894B0002B78
:10C3100003D10024200014B070BD032200210120AD
:10C3200010F07AFC051EF4D04C22002168460AF079
:10C33000CDFF6E46092333700D4B22001868694605
:10C340000023139510F022FD012803D0280011F0DE
:10C350002FFDDEE72100280011F02CF9441E634276
:10C360005C412800E4B211F023FDD3E7EC85022004
:10C370009074022070B504000D0094B0072823D8F3
:10C38000002921D0114B1B78D8B2002B01D114B059
:10C3900070BD5022002168460AF098FF6E460B23BC
:10C3A0002422290002A8337034710AF095FFFA2282
:10C3B000074B694618689200002310F0E7FC01382B
:10C3C00043425841C0B2E2E70020E0E7EC8502209A
:10C3D00090740220F0B5144B06001B780F00140077
:10C3E00095B0D8B2002B01D115B0F0BD502200217C
:10C3F00068460AF06BFF6D4612232E712B70EC77A6
:10C40000002F04D019223900681D17F0CBF8074B14
:10C41000002218682900002310F0B8FC01384342BC
:10C420005841C0B2E0E7C046EC850220907402207B
:10C4300030B50E4B04001B7895B0D8B2002B13D04A
:10C440005022002168460AF041FF6D4613232B70ED
:10C45000074B00221868694600232C7110F096FCE7
:10C46000013843425841C0B215B030BDEC850220BE
:10C470009074022030B50E4B04001B7895B0D8B2F2
:10C48000002B13D05022002168460AF01FFF6D4692
:10C4900014232B70074B00221868694600232C7167
:10C4A00010F074FC013843425841C0B215B030BDA1
:10C4B000EC8502209074022000B50D4B95B01B78DE
:10C4C000D8B2002B12D05022002168460AF0FEFE9E
:10C4D00015236A461370074B00221868694600232B
:10C4E00010F054FC013843425841C0B215B000BDB1
:10C4F000EC8502209074022070B5F5F7BDFF052091
:10C5000001F062FE12F02AFE204D04000AE012F053
:10C5100025FE001BA8422ED8052001F055FE642000
:10C5200012F0D6FDF5F780FF0128F0D11848F9F791
:10C53000A7F800281BD0052001F046FE05F098FA68
:10C5400007F0C0FC13491448FCF7BAF9052001F0C4
:10C550003BFE0222A1210120F6F784F800280ED12B
:10C560000E48FFF79FFC052001F02EFE70BD0C4821
:10C57000FFF7AAFCFAE70B48FFF7A6FCF6E7012253
:10C58000A1210948FCF79CF9EDE7C046DB05000056
:10C59000407C022080B7021088B70210F22400000D
:10C5A000F8220000F7220000ACB70210F0B5DE461A
:10C5B000454657464E46E0B5DA4B8DB01900DA488D
:10C5C0000193FCF77DF9D94D10E0FA220023920087
:10C5D00009F07EFEFA222B685200C31A934218D249
:10C5E000D348FFF771FC0A2012F072FDD148FFF723
:10C5F00007FD002812D108F0BBFE0029E5D1FA2181
:10C60000890009F027FEFA222B685200C31A9342D0
:10C61000E6D32860052001F0D7FDE1E7052001F011
:10C62000D3FDC54C2000FFF7FDFC002868D0052095
:10C6300001F0CAFDF5F7D2FB00282DD0052001F04E
:10C64000C3FD2000F9F71CF8002851D0052001F0A7
:10C65000BBFDF5F7E9FEB94B9946187001285ED08D
:10C66000B74B00209A46012352461370B54B0A215E
:10C670000093187002F0F4FA08F07AFE002900D056
:10C680004AE1FA21890009F0E5FDAF4B1860AF4897
:10C690009B46FFF719FC53E0AD48FFF703FC002071
:10C6A000F4F7A8FE102303421CD1AA48FFF7FAFBB7
:10C6B0000FE0FA220023920009F00AFE2B68C31A49
:10C6C000F92B03D92860052001F07EFD642012F0CB
:10C6D000FFFC08F04DFE0029EBD1FA21890009F09A
:10C6E000B9FDEBE79843C1B20020F4F7ADFEDCE7FB
:10C6F000F5F79AFE0128A9D19748FFF7E5FBA5E7D2
:10C700009648FFF7CFFB06A803F0C8FE17222000CB
:10C7100006A90AF0E1FD9248FFF7D6FB87E7884BB0
:10C720000A219A46002352461370864B00931870D4
:10C7300002F096FA8B480199FCF7C2F8824B9B46AF
:10C74000019C89482100FCF7BBF805F091F907F03E
:10C75000B9FB21008548FCF7B3F8052001F034FD52
:10C760000222A1210120F5F77DFF002800D060E121
:10C770007F48FFF797FB052001F026FDF9F74CFAFB
:10C780007C4B9846474618707B4B04937B4B059334
:10C790007B4B02937B4B039308F0EAFD00291ED0EC
:10C7A000FA220023920009F093FD0600F9F734FA0B
:10C7B0003B7804009846012B1DD03C70012C38D1E9
:10C7C000FA222B685200F31A934200D304E1962018
:10C7D000400012F07DFC08F0CBFD0029E0D1FA21E9
:10C7E000890009F037FD0600F9F716FA3B780400D6
:10C7F0009846012BE1D10028DFD101990498FCF77C
:10C800005FF8C82012F064FCFFF776FE4B461C7000
:10C81000F5F70AFE5346012800D102E142461A709C
:10C82000009B0A2100201C7002F01AFA5B463C7043
:10C830001E60F5F7F9FD4B461B780400834213D0C8
:10C84000012800D1D2E05048FFF73EFB01235246B9
:10C8500013700023009A0A210020137002F000FADE
:10C860005B461E604B461C7053461B78002B07D05E
:10C870005B46FA221B685200F31A934200D3C5E0CC
:10C880002B68F31AF92B00D9ABE008F071FD0029F1
:10C8900000D18FE0FA220023920009F019FD040074
:10C8A00005F036F908F064FD002977D0FA2200235C
:10C8B000920009F00DFD354B011B994276D80120FD
:10C8C00012F006FC0FF0CAFB08F052FD00295FD001
:10C8D000FA220023920009F0FBFC0400F6F79EFD0B
:10C8E0000220F5F709FF002802DD052001F06CFCAD
:10C8F00008F03EFD002963D0FA220023920009F0DF
:10C90000E7FC224B011B994262D8052001F05CFC38
:10C910000A2012F0DDFB3FE7FA220023920009F023
:10C92000D7FCB2E680B702109C8D0210404E022068
:10C93000F322000088130000407C02200C860220B5
:10C940000586022006860220047A0220F5220000D5
:10C95000F1240000F4240000F1220000F324000080
:10C96000F9220000E0B7021014B8021088B70210D4
:10C97000F22400000D86022044B8021078B802109C
:10C98000ACB80210C0B80210F6220000EE0200009F
:10C99000FA21890009F05EFC04009FE7FA21890072
:10C9A00009F058FC264B011B994288D9029801F0E6
:10C9B00029FC84E7FA21890009F04CFC04006FE7A8
:10C9C000FA21890009F046FC1D4B011B99429CD9B4
:10C9D000039801F017FC98E705202E6001F0F4FBA6
:10C9E000F5E605202E6001F0EFFB4EE70199059872
:10C9F000FBF766FFFFF780FD002352461370009B94
:10CA00000A2101201C7002F02BF92BE75B461E6007
:10CA10000123009A0A2110785840107002F020F982
:10CA20002EE71C70009B0A21187002F019F93C7067
:10CA3000FFE60122A1210348FBF742FF9BE6C04627
:10CA4000EE020000ACB70210002330B5184D83B0E1
:10CA50002B70002801D1012420E012F07FFB154B40
:10CA6000C41806E012F07AFBA04206D20A2012F0A7
:10CA70002FFBFFF7AFFA0028F4D00F4B8022019371
:10CA800004230E4900930E480023520111F08CFE3E
:10CA90000400012805D00B48FFF704FA200003B07A
:10CAA00030BD09490948FBF70BFF2C700124F5E75D
:10CAB000F7850220881300002C740220A48B02103A
:10CAC000ADC50010F524000080B70210CCB80210EC
:10CAD000024B1868431E9841C0B270472C74022064
:10CAE000F0B5DE4657464E464546E0B5A1B012F0D9
:10CAF00035FBA4491590A448FBF7E2FE08F038FC8A
:10CB0000002900D17DE2FA220023920009F0E0FB27
:10CB100002000B909D4B16AF0C931A605A609A60FE
:10CB2000DA601A615A619A61DA61994B0993994BFB
:10CB30000D93994B0E93994B0F93994B0A93994BE5
:10CB40001193994B1293994B1393994B109308F0AF
:10CB50000FFC002919D0FA220023920009F0B8FB3B
:10CB60000400F9F759F8FA22099B52001B68E31AEE
:10CB7000012810D1934200D3F2E09620400012F039
:10CB8000A7FA08F0F5FB0029E5D1FA21890009F0A0
:10CB900061FB0400E5E7934200D3ECE0F7F7E4FF24
:10CBA000F8F7E0F9002800D0E0E008F0E1FB002908
:10CBB00000D1CFE0FA220023920009F089FB029015
:10CBC0000C9B002698460D9B0F9D99460E9B01934A
:10CBD00038E04346029A1A6000239B46049303936D
:10CBE000039A3B617A60049A069BBA605A467B615D
:10CBF000059BFA60BB61079B01223B77029B3E705D
:10CC00003B622423FA543A00019B13CA13C313CA8C
:10CC100013C313CA13C3126805211A6028680130B0
:10CC2000286009F017FB002900D181E004239C460D
:10CC3000019B01362833F6B2E044E1440193043508
:10CC4000082E7DD03000F8F70DF903903000F8F78A
:10CC500023F904903000F8F739F983463000F8F7EB
:10CC600067F906903000F8F76DF943461B680790A6
:10CC70009A464B461B6805930028AAD0049903984E
:10CC80000AF011FA53460890002B3BD05246029B03
:10CC90009C1A534536D0002158460AF051FA002814
:10CCA00030D020000AF051FA42490AF0E8F942492E
:10CCB000824658460AF0E3F9011C50460AF0F3F99F
:10CCC000011C05980AF0D8F94A4610604246029BBA
:10CCD000089C059039491360201C0AF031FA00289D
:10CCE00024D05846211C0AF0CAF98246FE2150463B
:10CCF00089050AF025FA5346002800D170E7FE2383
:10CD00009B056DE74346029A089C2C491A60201C3B
:10CD10000AF016FA002809D0211C58460AF0AFF98B
:10CD2000002182460AF0F6F90028DFD0002357E7F9
:10CD30000A9B002239001868002310F027F875E7D5
:10CD4000029B0B9A9B1AC72B3AD8282115A812F0E0
:10CD500051F9FCE6FA21890009F07CFA02902FE7EC
:10CD6000099B05301C6001F02FFA06E7F8F7F4F88C
:10CD7000FAF7B8FE19E7099B06201C6001F024FAB7
:10CD80000CE7C046F4B802109C8D0210383C00201D
:10CD90003C4E0220884B02205C520220EC84022090
:10CDA00098740220503200204C320020D48202209D
:10CDB000B882022000BA5B4A00007A440AD7233CBA
:10CDC000E021934AC90113680B4092490B6004218A
:10CDD000914B1960FC3113680B42FCD0536804225C
:10CDE00080218D4B49001A60894A13680B42FCD0A0
:10CDF0000120536812F06CF98022102500260420CF
:10CE00008549834C5200086023681342FCD0636854
:10CE1000013D1B041B0CF618002DF4D13609B3B2EA
:10CE200018009B460AF091F9E92189050AF03BF9BF
:10CE3000011C0AF021F979490AF035F9C02322686A
:10CE40009B015340E022D2011340724A80211360BB
:10CE500004228146704B49001A606D4A13680B42E8
:10CE6000FCD05368042280216B4B49001A60684A49
:10CE700013680B42FCD00120536812F029F980217D
:10CE8000102404266448624A4900066013680B4275
:10CE9000FCD05368013C1B041B0CED18002CF4D192
:10CEA0002D09ABB2180001930AF04FF9E921890569
:10CEB0000AF0F9F85A490AF0F6F858490AF0F3F876
:10CEC000584980460AF026F9002800D095E0022350
:10CED00051494F4A0B6080231068DB014340E0203A
:10CEE000C00103404B48036004230B6080214900CC
:10CEF00013680B42FCD0536804228021464B490042
:10CF00001A60434A13680B42FCD00120536812F0A8
:10CF1000DFF88021202604253F483D4A490005606E
:10CF200013680B42FCD05368013E1B041B0CE41831
:10CF3000002EF4D16409A4B220000AF006F9E92118
:10CF400089050AF0B0F8119B19680AF092F8129B53
:10CF500019680AF094F8011C33480AF08AF8139B08
:10CF600019680AF089F8314982460AF0E9F8002880
:10CF700029D1052012F0ACF8062001F025F9002196
:10CF800050460AF0C7F8002802D02948FEF78AFF69
:10CF9000062001F019F9052012F09AF850462549AB
:10CFA0000AF0C6F8002823D15B46109A0299D38173
:10CFB0004B465360019B51611382434693600123AA
:10CFC0000B911376C1E61C48FEF76CFF052012F0AA
:10CFD0007FF8062001F0F8F8062001F0F5F80520AA
:10CFE00012F076F8504615490AF09AF80028DBD07E
:10CFF0005246109B9C811A60D6E71148FEF752FFFB
:10D0000065E7FA21890009F025F902000B9081E516
:10D0100000C0044000D0044000E00440D7A3803F9B
:10D0200000003041000020410000D8410000704263
:10D03000F53400000000A0C1F43400000000F0420C
:10D04000F3340000002270B5574D030082B0012078
:10D050002A70002B01D102B070BD12F07FF8534B43
:10D06000C41806E012F07AF8A04206D20A2012F0A4
:10D070002FF8FFF72DFD0028F4D0002228211020E2
:10D080000FF0CAFD4A4B186000287DD0F8F718F859
:10D09000FAF7CAFB0EF026FF0222464C464B2068E8
:10D0A0001A60002804D0FA2110F084FA012870D008
:10D0B000002002F05BFC414C2822002120000AF0F5
:10D0C00005F920002822002128300AF0FFF8282343
:10D0D00001222000E2540021273250300AF0F6F8F5
:10D0E000200050230226282200217830E6540AF03E
:10D0F000EDF8782303222000E25400212532A030ED
:10D100000AF0E4F8A02304222000E2540021243293
:10D11000C8300AF0DBF8C82305222000E2540021C1
:10D120002332F0300AF0D2F82000F0230622193022
:10D13000E25400212232FF300AF0C8F88C23072283
:10D140005B00E254002119321D480AF0BFF820228A
:10D1500000211C480AF0BAF81C2200211A480AF0E3
:10D16000B5F81A491A48FBF7ABFB8022194B1A494C
:10D1700001931A4800230096920011F015FB012834
:10D1800000D068E7287066E71548FEF78BFE0020A0
:10D1900061E7002002F0EAFB002300220021206862
:10D1A0000FF0F4FD87E7C046F885022088130000E1
:10D1B00098740220844B022000E004405C5202205C
:10D1C000884B0220EC840220B8820220F4B80210BE
:10D1D00004B9021028540220B08B0210E1CA0010DA
:10D1E000F0340000024B1868431E9841C0B27047EB
:10D1F00028540220F0B5072814D8002912D0830043
:10D20000094A1B18DC00100013190A00E0CBE0C229
:10D2100062CB62C262CB62C219680019116024300D
:10D220000078F0BD0020FCE75C52022070B50028B9
:10D230000AD0084903000A0070CA70C331CA31C35A
:10D2400012681A60087E70BD0348FEF72BFE0020AE
:10D25000F9E7C046B8820220F134000070B50C1C1A
:10D26000061C1549201C151C09F05AFF00281ED168
:10D270001249201C09F05CFF002818D11049301C0D
:10D2800009F04EFF00280DD10E49301C09F050FF67
:10D29000002807D101200C4B1E600C4B1C600C4B6E
:10D2A0001D6070BD0B48FEF70FFE0020F9E70A482D
:10D2B000FEF70AFE0020F4E76F12033A0AD7A33BF9
:10D2C0009A99193F9A99593F503200204C320020C8
:10D2D000D4820220F4320000F332000070B5040062
:10D2E00019480068002900D0086018490E68002A13
:10D2F00000D01660164A1568002B00D01D60154935
:10D3000009F0B7FE40001449400809F003FF002867
:10D310000AD01249301C09F0ACFE40001049400808
:10D3200009F0F8FE002805D10220002C00D0207062
:10D33000012070BD68000B49400809F0EBFE431E58
:10D34000984101235840F0E7503200204C32002031
:10D35000D48202206ABC343F6F12033A2D93E13A23
:10D36000ACC5A7370AD7A33B0122014B1A707047FF
:10D37000FA850220F0B5DE4657464E464546E0B5F2
:10D380000F2095B007F0A2F8012100220F2007F02E
:10D3900075F8D02780233F061B02BB62F3F7A6F87F
:10D3A0000400F2F7F9FFD44BFF2698460302304001
:10D3B0000025184343461D7318805C609C60F2F79B
:10D3C000F1FFCE4B99460302304018434B461D7384
:10D3D00018805C609C60F2F7EBFFC94B06409A46F0
:10D3E00003021E4353465C609C601E801D737B6875
:10D3F000C44E1B04DB0F1A02134333803573746071
:10D40000B460F2F7DBFFC04B11AF1D700293BF4B4E
:10D410001D700B93BE4B1D700C93BE4B9B461C6046
:10D42000F3F764F8BC4BBD4D0D93BD4B04900393D3
:10D43000BC4B0F93BC4B0E932B004546D846B346CE
:10D4400056469A46FCE06A68A21A632A00D838E178
:10D450006B702870AC60002B00D0FEE1089009933F
:10D46000F2F7A0FF4B461B78984200D133E14A46C1
:10D470005268A21A632A00D82FE14A4653701070EE
:10D480009460002B00D0EFE106900793F2F790FF35
:10D490003378984200D129E17268A21A632A00D831
:10D4A00025E173703070B460002B00D0EAE10A907F
:10D4B0000593D0231B065A68802359461B021A4045
:10D4C00009781304D80F814200D133E15B465B68D1
:10D4D000E31A632B00D859E15B46597018709C60C1
:10D4E000002900D0C7E11B7B002A07D0002B05D004
:10D4F0005B461973019B012B00D11AE2019B002BA3
:10D5000000D09AE0099B002B29D0029A1378002BB7
:10D5100000D0E6E1013313700D9A012014600C9ADB
:10D52000137043461C6001F0B5FC039B0121187881
:10D53000C0B2F2F74DFF53461B68002B00D1E0E16B
:10D5400001233B70F2F7D2FF039B78601B78002227
:10D550003B7253463900186800230FF017FC089BF4
:10D56000002B00D0A9E1079B002B29D0029A137849
:10D57000002B00D0C9E1013313700D9A0120146013
:10D580000C9A137043461C6001F084FC039B01213C
:10D590001878C0B2F2F71CFF53461B68002B00D16D
:10D5A000C3E103233B70F2F7A1FF039B78601B7874
:10D5B00000223B7253463900186800230FF0E6FB47
:10D5C000069B002B00D064E1059A3378002A00D135
:10D5D00037E101223273002B00D010E1B368534AC7
:10D5E000E31A934200D9D6E00A9B002B25D00023F2
:10D5F0003373029B1B78002B00D10FE1029B1B7839
:10D60000002B01D00D9B1C60039B1878C0B2F2F771
:10D6100065FF53461B68002B00D1A3E105233B7037
:10D62000F2F764FF039B78601B7800223B7253463D
:10D630003900186800230FF0A9FB0A2011F048FDFB
:10D64000F2F754FFFA22049B0400C31A52009342DB
:10D6500000D396E0F8F772FBF8F7DEFA0B9A019028
:10D660001378002B26D0130000221A7043461B6843
:10D67000E31A7C2B1ED943461C60029B1B78002BAF
:10D6800006D00D9B2A4A1B68E31A934200D956E143
:10D69000029B1B78DAB2002B00D1D9E001220C9951
:10D6A0000B7853400B70039B18780978C0B2C9B24D
:10D6B000F2F78EFEF2F770FE2B78984200D0C2E6A9
:10D6C0006C60002309930893F2F76CFE4B461B78BD
:10D6D000984200D0CBE64B465C600023079306934C
:10D6E000F2F766FE3378984200D0D5E674600023E6
:10D6F00005930A93DDE6C046587C02202C7C02206C
:10D70000A0820220687C02201D860220FA85022069
:10D71000FB8502200C7B0220107B02208C740220EF
:10D720001686022024B9021068B90210C30900004D
:10D730000F2700005B465C60002900D0DEE61B7B03
:10D74000002B00D1DAE65B468A4A9B68E31A9342D3
:10D7500000D8D3E65B4600221A73019B002B00D051
:10D760006BE70F98FBF7ACF8F8F75CFA029A019BAD
:10D7700013700C9A1370F2F721FE002001F08AFB5F
:10D78000C0E6032000F020FD049463E7002900D0E8
:10D79000B4E65B46D3E700233373FEF711FB0220A8
:10D7A00000F012FD0A2011F093FCFEF729FB022085
:10D7B00000F00AFD0A2011F08BFC0021002001F08E
:10D7C000AFF953461B68002B00D1CFE006233B7016
:10D7D000F2F78CFE039B78601B7800223B72534665
:10D7E0003900186800230FF0D1FA0023029A137051
:10D7F0000C9A1370F2F7E2FD002001F04BFB0A9B3C
:10D80000002B00D119E7337B002B00D115E7002353
:10D810003373029B1B78002B00D0EFE6029A013392
:10D8200013700D9A012014600C9A137043461C600B
:10D8300001F030FB039B01211878C0B2F2F7C8FD5C
:10D84000FBE6002BDBD1337B002B00D1F5E6C5E6F0
:10D850000C9B1A70F2F7B2FD2CE701235840C3B2BB
:10D86000099300230893FBE501235840C3B20793B3
:10D87000002306930AE6002A00D03FE601235A4619
:10D8800013733BE601235840C3B2059300230A9368
:10D890000FE653461B68002B60D004233B70F2F761
:10D8A00025FE039B78601B7800223B7253463900AB
:10D8B000186800230FF06AFA86E653461B68002BAF
:10D8C00048D002233B70F2F711FE039B78601B786F
:10D8D00000223B7253463900186800230FF056FAB5
:10D8E00041E601210398F2F7C7FD029B1B78002B4C
:10D8F00000D120E60D9B1C6053461B68002B00D016
:10D900001EE61D48FEF7CEFA29E601210398F2F73C
:10D9100081FD029B1B78002B00D13DE60D9B1C6016
:10D9200053461B68002B00D03BE61348FEF7BAFABB
:10D9300046E60E98FAF7C4FFF8F7B2F97DE6002341
:10D94000029A13700C9A1370F2F738FD002001F060
:10D95000A1FAAFE60848FEF7A5FA04E60648FEF786
:10D96000A1FA31E60448FEF79DFA66E60248FEF7A2
:10D9700099FA3AE7C3090000F0540000002370B59B
:10D98000344E82B03370002802D1012002B070BD45
:10D99000F2F7D4FC11F0E2FB2F4D040007E011F088
:10D9A000DDFB001BA8421FD80A2011F091FBFEF7F7
:10D9B00011FB0028F3D0F8F713F9284C2368002B4B
:10D9C00035D0274C2368002B13D0002380220193ED
:10D9D00006330093234900232348D20010F0E4FECD
:10D9E00001281FD13070D0E72048FEF75BFA0020F5
:10D9F000CCE71F4B01220093FA2100231D4813F0AE
:10DA0000E1F9051E20601FD011F0A8FB0A230200D7
:10DA1000009301210023280013F038FA0128D4D004
:10DA20000020B3E71448FEF73DFA0020AEE70022DD
:10DA30000C2120200FF0F0F820600028C1D10F4801
:10DA4000FEF730FA0020A1E70D48FEF72BFA002080
:10DA50009CE7C046FC850220871300008C740220DE
:10DA6000507502208C8B021075D30010F154000009
:10DA700069D30010ACB90210F4540000F254000055
:10DA8000F3540000014B1878C0B27047FC850220A7
:10DA9000F0B5DE46454657464E46E0B5734B0500A9
:10DAA0009B461B78B9B0002B27D1714B6F241A000D
:10DAB0000593002301201F006E4E117B00290ED01C
:10DAC0002100D94008420AD09168002907D0A94214
:10DAD00005D8691AB14202D9010099400F430133B8
:10DAE0001032102BE9D1B846002F27D139B0F0BC45
:10DAF000BB46B246A946A046F0BD5D4B6F241A0056
:10DB00000593002301201F005A4E117B00290ED0DF
:10DB10002100D94008420AD09168002904D08D42E2
:10DB200005D3691AB14202D9010099400F4301336C
:10DB30001032102BE9D1B846002FD7D006AB99464A
:10DB40004A464D4B172613CB13C213CB13C2424682
:10DB50004A4B00249A464A4BA8460393494B4A4FE6
:10DB60000493029212E00025AC46904502D345464C
:10DB7000AA1A94466246009252460BF033F83618C1
:10DB8000C72E18D801341037102C14D00123A3400D
:10DB9000029A1A42F6D03B68002B48D049468819B1
:10DBA000C8217A68891B002ADDD1039A0BF01AF884
:10DBB0003618C72EE6D9029B344845469846FEF7EC
:10DBC00071F95B461878002833D0002400236F27B2
:10DBD00001262F4A117900290CD03900D9400E4274
:10DBE00008D0116800293ED08D4203D3691A8C42B7
:10DBF00000D20C0001331032102BEBD1254B264AFA
:10DC00001968264B691ADA6001221A6142465A6184
:10DC1000184A9C61DA616F22FA241D625A6200225E
:10DC2000E400A1425241520002439A625EE7049B23
:10DC3000B4E7002400236F270126059A117B0029F1
:10DC40000CD03900D9400E4208D09168002905D087
:10DC50008D4203D3691A8C4200D20C00013310327A
:10DC6000102BEBD1CAE70E4CC8E7C0461C86022039
:10DC70002C7B022070170000C0B90210E4B902101A
:10DC8000D8B90210B8B90210307B0220F16F000041
:10DC9000347B0220B482022048544C480080054066
:10DCA00071170000F0B5DE4657464E464546E0B5D2
:10DCB000C1B007F05DFB002900D1D7E1FA220023B3
:10DCC000920008F005FBCC4B0A93186008F0FEF8B0
:10DCD000002805D0C94BCA4AD968914200D1CAE18F
:10DCE00010AB0593C74B0D93C74B0B93C74B0893D2
:10DCF000C749C848FAF7E4FD11F030FA03900F90D5
:10DD0000F7F796FD002304000493C34BC34E06931C
:10DD1000C34B0993C34B0193C34B9B46C34B029325
:10DD2000C34B0793C34B0C93FA210FA811F062F970
:10DD300007F01EFB002963D0FA220023920008F0AE
:10DD4000C7FA05003378DFB2002BEDD1002000F0D8
:10DD5000D7FFF7F76DFD8246844262D0002304931B
:10DD600011F0FCF9039BC01AB34B98426ED8019B8B
:10DD70001C78002C00D187E0029B1B78002B08D177
:10DD80005B461A682B002D33FF339B1AAB4A934234
:10DD90003CD80023BC466F2401201F00A84A1179FB
:10DDA00000290CD02100D940084208D01168002970
:10DDB0001AD08D4203D3691A8F4200D20F0001336B
:10DDC0001032102BEBD13B0067469C465B469B4ACA
:10DDD0001B68E91A914207D89A4A944504D8944698
:10DDE0006344AB4200D0C5E02800FFF751FE544623
:10DDF000FA210FA811F0FEF807F0BAFA00299BD11A
:10DE0000FA21890008F026FA05009BE78E48FEF704
:10DE100049F80123029A1370019B1B78002BB8D19B
:10DE2000E2E7049A1300FC3306D81300FA331A0011
:10DE30000493864B9A4293D98548FEF745F811F032
:10DE40008DF9039BC01A7C4B984290D980225200D6
:10DE50009446069B1C0063449846237B002B04D009
:10DE60002068002801D012F013F91034A045F4D135
:10DE700013F0DAFA099B1B6811F070F9019B03900B
:10DE80001C78002C00D077E76F2100238C460120FE
:10DE90006B4A1179002906D06146D940084202D068
:10DEA000116800292FD001331032102BF1D1FA2242
:10DEB0000A9BD2001B68EB1A934298D30121614858
:10DEC00007F0C0FF07F0B4FF5B461D600023029A15
:10DED0001370079B1B78002B45D15E4B01241B68F8
:10DEE0005D4ADB431B041B0C1360079B28001C705E
:10DEF000F7F730FD0123019A13705B461D60002384
:10DF0000029A137045E7059B0C9A152713CA13C391
:10DF100003CA03C3128800241A806F2399466E3BFC
:10DF200098460D9D0DE0C022D11B059AD019089A84
:10DF30000AF058FE3F18BF2F10D801341035102CAE
:10DF40000CD04B464246E3401A42F6D06B68002B99
:10DF5000F3D12B68002BE6D10B9BE4E73F48FDF79C
:10DF6000B3FF544644E73B4B3B4A1B681B041B0C66
:10DF70001360BAE707F05CFF5B461D600023029A5E
:10DF80001370079B1B78002B2ED1324B01271B6887
:10DF9000314ADB431B041B0C1360079B00241F70DA
:10DFA0006F2399466E3B9846069F0AE0AB4203D822
:10DFB0002B4AEB1A934213D801341037102C00D19E
:10DFC00015E74B464246E3401A42F5D03B7B002B17
:10DFD000F2D0BB68002BE9D12248FDF775FFEBE7D3
:10DFE0002148FDF771FFE7E71A4B1B4A1B681B042A
:10DFF0001B0C1360D1E7C046B482022000800540AC
:10E0000048544C48307B0220B8B9021004BA0210C0
:10E01000ECB902109C8D02102C7B02200A86022093
:10E02000547902201C860220207B022013860220C5
:10E03000F685022008BA02105FEA00006F170000A0
:10E04000347B022070170000F26F0000ED02000028
:10E05000F06200008400054084100540F162000079
:10E0600093110000F2620000F3620000FA218900BF
:10E0700008F0F0F827E61F69012F00D030E65A6952
:10E0800090469A69DA691A6A5A6A9B6A4346002B73
:10E0900012D110AB05931D4B0D931D4B0B931D4BD4
:10E0A000089300221C4BDA601A615A619A61DA61A6
:10E0B0001A625A629A621BE610AA184B059213CB99
:10E0C00013C2124B0B251E000D93114B00240B9312
:10E0D000104B0893C02399460DE04A46511B059A00
:10E0E0005019089A0AF07EFD2D18BF2DD9D8013499
:10E0F0001036102CD5D03B004246A3401A42F6D031
:10E100003368002BE9D10B9BE7E7C046307B022048
:10E11000B8B9021004BA021000800540F8B9021024
:10E1200000B5094B83B01A68002A01D003B000BDC6
:10E1300001938022172305490093D200002304484D
:10E1400010F032FBF2E7C0460C7A022020BA02102F
:10E15000A5DC001070B50F281BD8184D04012B1931
:10E16000187B2951002A19D02B195A600A00561E13
:10E17000B2411A7300280DD100290AD007F0F8F82F
:10E18000002915D0FA220023920008F0A1F82D19D9
:10E19000A86070BD0A48FDF797FEFAE7094A2B19F7
:10E1A0005A600A00561EB2411A730028E4D0F1E703
:10E1B000FA21890008F04EF8E9E7C0462C7B0220DE
:10E1C000F4620000B8B9021070B50F2805D80C4DE4
:10E1D00004012B191B7B002B00D170BD07F0C8F880
:10E1E000002907D0FA220023920008F071F82D19B7
:10E1F000A860F2E7FA21890008F02CF8F7E7C0469A
:10E200002C7B0220F8B5002207000D0016480121E2
:10E2100009F068F81F24044007F0AAF800291AD072
:10E22000FA220023920008F053F880220F4E640176
:10E23000305133195202954200D30D4D9D83002F6A
:10E240000ED0201D17223900301815F0ABF900232D
:10E250003419E376F8BDFA21890007F0FBFFE4E703
:10E2600036193771F6E7C0465479022054750220FA
:10E27000FFFF000070B5050007F07AF8002931D0E3
:10E28000FA220023920008F023F804000122194B1F
:10E2900019491A70194A1A4BFA20D36002231361E4
:10E2A000002353619361D1616F211462516215495A
:10E2B000C0000968611A81425B4113495B0009781B
:10E2C0000B439362002D13D02800F7F7E9FB2000E1
:10E2D000F7F740FBF7F716FA00220021002006F0BE
:10E2E00063F8FEE7FA21890007F0B4FF0400CDE7E8
:10E2F000064DE9E70A8602207017000000800540FD
:10E3000048544C48B48202201C860220AC9A021069
:10E31000F8B50500F2F7A6FF041E13D0037B002B0F
:10E3200010D00523C356002B0DDA2000A571F2F79B
:10E3300001FE00281DD0F2F79BFF002802D0037BCE
:10E34000002B21D1F8BD01263200D0279A403F068C
:10E350000520BA6110F0BCFE0523E3560A209E405A
:10E360007E6110F0B5FE2000A571F2F7E3FD0028F4
:10E37000E1D1053010F0ACFE2000F2F7DBFDF2F742
:10E3800077FF0028DBD1DDE7F2F7D4FDDAE7C046FE
:10E39000F8B504000E00F2F75FFF051E26D0037BE0
:10E3A000002B23D032002100F2F72EFE00281DD0D2
:10E3B0000024002601272800E1B2F2F775FE0028AC
:10E3C00003D03B00A3401E43F6B20134082CF2D127
:10E3D0003000FFF79DFF0B4B1868002804D0002386
:10E3E000002200210EF0D2FC002009E0054B186845
:10E3F000002804D00023002200210EF0C7FC0420D6
:10E40000F8BDC0463C7C0220002370B5094C237047
:10E41000002805D0084D2B68002B03D00123237062
:10E42000012070BD01200EF037FE28600028F5D1D4
:10E43000F7E7C046078602203C7C0220054B1B788C
:10E44000D8B2002B04D0044B1868431E9841C0B2C8
:10E450007047C046078602203C7C022070B505004C
:10E460000C1E2CD0072828D81B4B1B78002B0BD058
:10E470001A4E3068002805D0FA2189000FF09AF86A
:10E48000012803D0032000E0012070BDF2F7E4FE74
:10E49000002816D0037B002B13D02900F2F704FECE
:10E4A000431E984120703068002804D000230022C9
:10E4B00000210EF06BFC0020E7E70220E5E70720D3
:10E4C000E3E73068002804D00023002200210EF08A
:10E4D0005DFC0420D9E7C046078602203C7C022070
:10E4E000F8B5CE464746050080B500283BD0244B02
:10E4F0001B78002B0ED0234F3868002805D0FA2156
:10E5000089000FF057F8012806D00320C0BCB94697
:10E51000B046F8BD0120F9E7F2F79EFE061E24D0B2
:10E52000037B002B21D00023994601330024984619
:10E530003000E1B2F2F7B8FD002805D043464A4664
:10E54000A3401A43D3B299460134082CF0D14B466C
:10E5500038682B70002804D00023002200210EF020
:10E5600015FC0020D2E70720D0E73868002804D047
:10E570000023002200210EF009FC0420C6E7C0465B
:10E58000078602203C7C022070B504000D0007289D
:10E5900013D8104B1B78002B0DD000290FD10E4B38
:10E5A0001868002805D0FA2189000FF003F8012827
:10E5B0000BD0032070BD0120FCE70220FAE7F9F739
:10E5C00073FB0028EBD10630F4E729002000FFF7A9
:10E5D000DFFEEFE7078602203C7C0220F8B504004E
:10E5E000072839D8264D2B78002B01D10120F8BD02
:10E5F0002B78002BFAD0234E306800282ED0FA2139
:10E6000089000EF0D7FF012828D1F2F725FE002857
:10E6100026D0037B002B23D02100F2F745FD070015
:10E620003068002804D00023002200210EF0AEFB49
:10E630002B78002BDAD00025002F1BD03068002863
:10E640000CD0FA2189000EF0B5FF012806D129006F
:10E650002000FFF79DFECAE70220C8E70320C6E7B7
:10E660003068002804D00023002200210EF08EFB29
:10E670000420BCE7F9F718FB051EDFD10620B6E73A
:10E68000078602203C7C0220F0B5C646274B00B529
:10E690001B78002B3ED0264F3868002836D0FA2150
:10E6A00089000EF087FF012830D1F2F7D5FD051E55
:10E6B00032D0037B0024002B2ED000222100280022
:10E6C000F2F7A2FC002827D00134E4B2082CF4D1E0
:10E6D00001230024002698462800E1B2F2F7E4FC6A
:10E6E000002803D04346A3401E43F6B20134082C51
:10E6F000F2D13000FFF70CFE3868002804D0002368
:10E70000002200210EF042FB002000E0032080BC2C
:10E71000B846F0BD0120FAE73868002804D000238D
:10E72000002200210EF032FB0420F0E707860220D1
:10E730003C7C0220F0B5C6462A4B05001B7800B58C
:10E74000002B42D0284F386800283AD0FA2189009F
:10E750000EF030FF012834D1F2F77EFD061E36D0D0
:10E760000122037B00249046002B30D02A00434630
:10E77000E24030001A40E1B2F2F746FC002826D011
:10E780000134082CF2D101230024002598463000E2
:10E79000E1B2F2F789FC002803D04346A3401D43B1
:10E7A000EDB20134082CF2D12800FFF7B1FD386832
:10E7B000002804D00023002200210EF0E7FA0020F8
:10E7C00000E0032080BCB846F0BD0120FAE73868BD
:10E7D000002804D00023002200210EF0D7FA0420E4
:10E7E000F0E7C046078602203C7C0220F8B5060010
:10E7F0000C1E0FD007280DD8174B1B78002B09D003
:10E80000164F3868002805D0FA2189000EF0D2FE94
:10E81000012802D000252800F8BDF2F71DFD0028D0
:10E8200011D0057B002D0ED03100F2F73DFC431EC8
:10E830009841207038680028EDD000230022002184
:10E840000EF0A4FAE7E738680028E3D0002300229E
:10E8500000210EF09BFADDE7078602203C7C0220B7
:10E8600070B504000D0007280FD8104B1B78002B43
:10E870000BD000290BD10E4B1868002805D0FA21C7
:10E8800089000EF097FE012806D0002070BDF9F730
:10E890000BFA0028EFD1F8E729002000FFF778FDF8
:10E8A00001234007C00F5840C0B2EFE7078602209F
:10E8B0003C7C0220F8B5CE4647462A4B80B51B78F3
:10E8C000002B05D100242000C0BCB946B046F8BDDD
:10E8D000F9F7EAF90028F5D0234F38680028F1D07D
:10E8E000FA2189000EF066FE0128EBD1F2F7B4FCA4
:10E8F000061E2ED0037B0025002B2AD001222900E2
:10E900003000F2F781FB041E23D00135EDB2082D53
:10E91000F4D1002399460133002598463000E9B22E
:10E92000F2F7C2FB002805D040464B46A8400343FF
:10E93000DBB299460135082DF0D14846FFF7E8FCD7
:10E9400038680028BFD00023002200210EF01EFAF4
:10E95000B9E738680028B5D00023002200210EF066
:10E9600015FAAFE7078602203C7C0220F8B5CE46B8
:10E970004746284B80B51B78002B44D0264F38687B
:10E98000002840D0FA2189000EF014FE01283AD167
:10E99000F2F762FC061E2ED0037B0024002B2AD047
:10E9A000002221003000F2F72FFB051E23D0013496
:10E9B000E4B2082CF4D10023994601330024984690
:10E9C0003000E1B2F2F770FB002805D040464B461C
:10E9D000A0400343DBB299460134082CF0D14846ED
:10E9E000FFF796FC386800280ED000230022002193
:10E9F0000EF0CCF908E03868002804D0002300228B
:10EA000000210EF0C3F900252800C0BCB946B0466D
:10EA1000F8BDC046078602203C7C0220194B70B529
:10EA20001B78DCB2002B0DD0174B1B78002B0AD0C3
:10EA3000164D2868002805D0FA2189000EF0BAFD8D
:10EA4000012802D00024200070BDF2F711FC061E40
:10EA500002D0037B002B08D128680028F3D00023C4
:10EA6000002200210EF092F9EDE70023FF220021A1
:10EA7000F2F74CFB0023FF2201213000F2F746FBA6
:10EA8000EAE7C04607860220118602203C7C02206D
:10EA9000F0B5C64604000E0000B5072835D81D4B5A
:10EAA0001B78DDB2002B30D01B4B1B78002B2DD0F8
:10EAB0001A4F3868002828D0FA2189000EF07AFD14
:10EAC000012822D1F2F7D4FB8046002814D0037B22
:10EAD000002B11D00023FF220021F2F717FB0023A7
:10EAE000FF2201214046F2F711FB002E04D0012243
:10EAF00021004046F2F788FA3868002806D0002343
:10EB0000002200210EF042F900E00025280080BC20
:10EB1000B846F0BD07860220118602203C7C022008
:10EB2000F0B5D6464F464646214B05001B78C0B58A
:10EB3000DCB2002B34D01F4E3068002830D0FA21D0
:10EB400089000EF037FD01282AD11B4B98461B780F
:10EB5000AB421CD0F2F786FB070010F0FFFA8146AB
:10EB6000002F12D03B7B002B0FD0144B9A461B6812
:10EB700083420AD82A0008213800F2F745FA002813
:10EB800003D148465346C830186043461D7030686C
:10EB9000002806D00023002200210EF0F7F800E044
:10EBA00000242000E0BCBA46B146A846F0BDC046ED
:10EBB000078602203C7C02200F860220F479022086
:10EBC000F0B5D6464F464646214B05001B78C0B5EA
:10EBD000DCB2002B34D01F4E3068002830D0FA2130
:10EBE00089000EF0E7FC01282AD11B4B98461B78C0
:10EBF000AB421CD0F2F736FB070010F0AFFA8146AB
:10EC0000002F12D03B7B002B0FD0144B9A461B6871
:10EC100083420AD82A000A213800F2F7F5F90028C1
:10EC200003D148465346C830186043461D703068CB
:10EC3000002806D00023002200210EF0A7F800E0F3
:10EC400000242000E0BCBA46B146A846F0BDC0464C
:10EC5000078602203C7C022010860220F4790220E4
:10EC6000F0B5D6464F464646214B05001B78C0B549
:10EC7000DCB2002B34D01F4E3068002830D0FA218F
:10EC800089000EF097FC01282AD11B4B98461B786F
:10EC9000AB421CD0F2F7E6FA070010F05FFA8146AB
:10ECA000002F12D03B7B002B0FD0144B9A461B68D1
:10ECB00083420AD82A0009213800F2F7A5F9002872
:10ECC00003D148465346C830186043461D7030682B
:10ECD000002806D00023002200210EF057F800E0A3
:10ECE00000242000E0BCBA46B146A846F0BDC046AC
:10ECF000078602203C7C02200E860220F479022046
:10ED0000F0B5DE4657464E464546E0B55D4B85B00C
:10ED10001B78DCB2002B09D05B4D2868002805D099
:10ED2000FA2189000EF046FC012808D000242000BA
:10ED300005B0F0BCBB46B246A946A046F0BDF2F70E
:10ED40008BFA0600F2F78EFA0700002E07D0337B0D
:10ED5000002B04D0002802D0037B002B08D12868A8
:10ED60000028E4D00023002200210EF00FF8DEE797
:10ED700010F0F4F900236A465373444B8146397905
:10ED8000386800930D2300226B44F1F751FD0028F1
:10ED900037D06B465B7B9A46002B37D13C4B9B466A
:10EDA0001B689945DBD30023984643463000D9B20F
:10EDB000F2F77AF9002806D04246012393405246E2
:10EDC0001A43D3B29A4601239C46E0444346082B9B
:10EDD000EBD1002398466B4642469A730E232B4E86
:10EDE000397938686B4400961432F1F721FD002818
:10EDF00043D06B469B7B534523D05046FFF788FAA0
:10EE0000ADE74A46224B32321A60A8E70023994602
:10EE10000133002798463000F9B2F2F745F900288F
:10EE200005D040464B46B8400343DBB29946013714
:10EE3000082FF0D14846FFF76BFA0022144B1A60F6
:10EE40008DE76B464246DA730F233979386815220D
:10EE500000966B44F1F7ECFC002880D06A46FB7901
:10EE6000D27B9A4200D17AE7FB7939790096152254
:10EE70003868DBB2F1F76EFC71E74B465A46323325
:10EE800013606CE7078602203C7C02208813000098
:10EE9000F4790220014B18707047C0461186022099
:10EEA00070B5134C0D00247806001100002C07D01B
:10EEB000104C2068002803D00EF07CFB012801D004
:10EEC000012070BDF2F7C8F9002802D0037B002BA7
:10EED00008D120680028F3D00023002200210DF083
:10EEE00055FFEDE72B0032000121F2F70FF9F0E7B3
:10EEF000078602203C7C0220F0B50100B3B0002858
:10EF000002D00378002B21D1C248F9F7D9FCC24CBA
:10EF1000C24A2000C249F9F7D3FC2000C14AC249C5
:10EF2000F9F7CEFC2000C14AC149F9F7C9FC20001D
:10EF3000C04AC149F9F7C4FC2000C04AC049F9F7EA
:10EF4000BFFCC048F9F7BCFC33B0F0BD7F2212A86B
:10EF500014F028FB694648207F23091800220C0082
:10EF6000CA542378202B01D0092B01D10134F8E7B2
:10EF7000002B00D1DAE01A0025000D2A03D07BD83F
:10EF8000093A012A7AD800232B7023780135002B07
:10EF90000BD022000320AC4EF15C0140022964D06A
:10EFA000137053780132002BF6D12E78202E01D029
:10EFB000092E01D10135F8E72000A44914F0CCFD59
:10EFC000071E68D02000A24914F0C6FD00285BD0BF
:10EFD0002000A04914F0C0FD071E00D1B0E02000C1
:10EFE0009D4914F0B9FD071E00D105E120009B49A1
:10EFF00014F0B2FD002800D0B3E002F027FA0400BC
:10F000009748F9F75DFC21009648F9F759FC237CF5
:10F01000452B00D1A8E1552B00D1ABE19249934893
:10F02000F9F74EFC02F020FA08F0B6F802000B00E7
:10F030008F48F9F745FC637C002B00D192E18D49A4
:10F040008D48F9F73DFC02F063FA002800D187E112
:10F050008A498B48F9F734FC02F05AFA002800D0AC
:10F0600084E18848F9F72CFC6EE7203B1370537855
:10F070000132002B90D198E7202A84D06A7801359C
:10F08000002A00D079E784E702F032FA7E497F480F
:10F09000F9F716FC58E7002E4DD03F22290002A8B0
:10F0A00014F080FA08216A463F2352181400D754FE
:10F0B0007749012200E001342378093BDBB2172BAA
:10F0C00003D80800D8400242F5D1200014F0C6FD54
:10F0D00000280FD0012200256D490138235C093B2F
:10F0E000DBB2172B06D80E00DE40324202D0255488
:10F0F0000028F2D1200002F0CBF9002837D0624C72
:10F100003C2221006348F9F7DBFB21006248F9F754
:10F11000D7FB21006148F9F7D3FB21006048F9F7DC
:10F12000CFFB21005F48F9F7CBFB0DE756495E485E
:10F13000F9F7C6FB08E754495C48F9F7C1FB03E758
:10F14000002E19D1504C5A482100F9F7B9FB210083
:10F150000F225848F9F7B4FB21005748F9F7B0FBE4
:10F16000F2E6220048495548F9F7AAFBECE6464981
:10F170005348F9F7A5FBE7E63F22290002A814F05F
:10F1800011FA08216A463F2352181400D754404907
:10F19000012204E00800D840024205D0013423785F
:10F1A000093BDBB2172BF5D9200014F057FD0028DE
:10F1B0000FD00122002536490138235C093BDBB220
:10F1C000172B06D80E00DE40324202D0255400280C
:10F1D000F2D1200002F0BEF90200431C00D1D7E0BA
:10F1E000002800DBD9E0C31C00D1CCE0831C00D098
:10F1F000C4E0254C3348A7E7002E00D1A2E002ACC2
:10F200000F222900200014F0CDF901222049E773D4
:10F210005FE0C0465CBA0210A0BA02108CBA0210BD
:10F22000D0950210E4950210F8950210B4BA0210BD
:10F2300020960210C8BA0210549602106C96021062
:10F2400088960210D4BA0210D1A103103CBB021060
:10F2500098BC021030AC02105CBE0210B4BF0210A9
:10F26000BCBF0210ECBF02100884021008C00210DC
:10F270001CC0021040BA02103CC0021048BA021072
:10F2800058C002109CC0021004BB0210A0BC0210A7
:10F29000130080006CBB0210A0BB0210C0BB0210A8
:10F2A000FCBB021030BC02100CBB021044BB0210AD
:10F2B000C0BC0210E8BC021010BD0210CCC002108D
:10F2C0006CBC0210D8BD02100800D840024205D024
:10F2D00001342378093BDBB2172BF5D9200014F059
:10F2E000BDFC00280FD00122002546490138235CCF
:10F2F000093BDBB2172B06D80E00DE40324202D0AB
:10F3000025540028F2D1404D2000290014F06AF85D
:10F31000002852D03D4D2000290014F063F8002849
:10F3200069D1552002F0EEF90200431C30D00028CC
:10F330004DDAC31C27D0831C20D135493548F9F755
:10F34000BFFA01E6324C34482100F9F7B9FA21003E
:10F350003248F9F7B5FA21003148F9F7B1FAF3E587
:10F36000304976E630496BE6304958E63048F9F7DF
:10F37000A7FA76E62F4952E6C31C04D024492E484A
:10F38000F9F79EFAE0E522492C48F9F799FADBE50E
:10F390001F492B48F9F794FAD6E50028EED102F080
:10F3A00059F81B4C274B020021001800F9F788FA86
:10F3B00021002548F9F784FAC6E5452002F0A2F9B4
:10F3C0000200831CB9D0431CD6DB431CE0D0002ACA
:10F3D000D4D102F049F807F0DFFE0D4C1B4E00902F
:10F3E00001912A0021003000F9F76AFA210018483B
:10F3F000F9F766FAA8E5220005491648F9F760FA18
:10F40000A2E5C0461300800004840210B8BF0210B9
:10F4100004BB02108CBF021068BE021094BE021022
:10F42000C4BE021054BA021044BA021028BA021024
:10F4300074C0021034BA021034BE02100CBE0210A6
:10F4400098BD021040BD021064BD02102CBF021016
:10F4500058BF0210F4BE0210A82310B55B009942F9
:10F4600006D88AB201008020C000F1F723FF10BD4A
:10F470000248FCF717FD01204042F8E70144000074
:10F48000030010B507280CD800290AD024205843BF
:10F490008023DB009C466044242280B2F1F70AFFFF
:10F4A00010BD0348FCF7FEFC01204042F8E7C046CF
:10F4B0000344000010B503000C0007281BD80029E6
:10F4C00019D0242058438023DB009C46604424222A
:10F4D00080B2F1F73FFF237FCA2B0AD0094B23608C
:10F4E000FC239B056360084B2361084B6361084B59
:10F4F000A361002010BD0748FCF7D4FC0120404266
:10F50000F8E7C046D7A3F03F007EE54900007A4403
:10F510006F12033B0F44000030B589B0002848D07B
:10F520006B46694634C834C334C834C314C814C3E2
:10F53000234B6D460B8001238B700023012421484F
:10F540000793013B2A7801355A4053082240524222
:10F55000024053405A0823405B4203405A4053083C
:10F5600022405242024053405A0823405B4203402B
:10F570005A40530822405242024053405A08234006
:10F580005B4203405A4053082240524202405340DB
:10F590005A0823405B420340534008AAAA42D1D1F3
:10F5A0008020DB4320220001CB61F1F783FE09B00C
:10F5B00030BD0548FCF776FC01204042F7E7C04625
:10F5C000435400002083B8ED04440000F0B5C64663
:10F5D0001400884600B5051C002A5BD020001022CC
:10F5E0000021103007F072FE2D4E2E4B2E4F23605F
:10F5F000A6604046676007F0A8FDE921890507F08D
:10F6000052FD391C07F035FD311C07F038FD011C97
:10F61000264807F02EFD011C281C07F02AFD2600B5
:10F620000123E06025000120214A20365B42297831
:10F63000013559404B080140494211404B4059089F
:10F6400003405B42134059404B080140494211407E
:10F650004B40590803405B42134059404B0801405E
:10F66000494211404B40590803405B421340594006
:10F670004B080140494211404B40590803405B424E
:10F6800013404B40B542D2D1DB430020E36180BC44
:10F69000B846F0BD0748FCF705FC01204042F6E7FC
:10F6A0002D93E13A435401016ABC343F0000D84134
:10F6B0002083B8ED08440000F0B5C64600B5069CAE
:10F6C0000F009846061C151C002C00D19BE0111C55
:10F6D00007F018FD002800D091E02000142200213E
:10F6E0000C3007F0F3FD4A4B38002360494B636050
:10F6F000494BA36007F029FDE921890507F0D3FCF8
:10F70000071C404607F021FDE921890507F0CBFCE5
:10F71000391C07F0AEFC291C8046301C07F0A9FC00
:10F72000011C404607F0ABFC311C051C3B4807F0B0
:10F73000A0FC291C07F0B7FC011C381C07F099FC41
:10F740003749061C281C07F0FBFC00284DD0354922
:10F75000281C07F0DFFC002847D03349301C07F095
:10F76000EFFC002847D03149301C07F0D3FC0028BB
:10F7700041D0012366602600A560012025002C49A8
:10F7800020365B422A7801355A40530802405242E3
:10F790000A4053405A0803405B420B405A4053080A
:10F7A000024052420A4053405A0803405B420B4019
:10F7B0005A405308024052420A4053405A080340FC
:10F7C0005B420B405A405308024052420A405340A9
:10F7D0005A0803405B420B405340B542D2D1DB4351
:10F7E0000020E36180BCB846F0BD1248FCF75AFB2C
:10F7F00001204042F6E71048FCF754FBF8E70F48B9
:10F80000FCF750FBF4E70E48FCF74CFBF0E7C04672
:10F81000435401026ABC343F2D93E13A0000D841C1
:10F820006F12033A0AD7A33B9A99193F9A99593F05
:10F830002083B8ED0B4400000C4400000A44000093
:10F8400009440000F0B5C64600B5040088B00028A1
:10F8500000D176E03D4B02889A4202D18378012B99
:10F8600008D03B48FCF71EFB0120404208B080BC9A
:10F87000B846F0BDC378022BF3D845683549281C3B
:10F8800007F05EFC0028ECD03349281C07F042FC4E
:10F890000028E6D0A6683149301C07F051FC00284A
:10F8A000DFD02F49301C07F035FC0028D9D0E369A0
:10F8B0009C46002B3ED06B46220083CA83C383CA7A
:10F8C00083C303CA03C300236F460120254907935E
:10F8D000013B3A7801375A405308024052420A40ED
:10F8E00053405A0803405B420B405A4053080240C1
:10F8F00052420A4053405A0803405B420B405A4070
:10F900005308024052420A4053405A0803405B42A7
:10F910000B405A405308024052420A4053405A0892
:10F9200003405B420B40534008AABA42D1D1DB43AB
:10F930009C4596D1E268311C281CFDF78FFC0138EC
:10F9400094E70948FCF7AEFA8EE7C046435400003E
:10F950000E4400009A99193F9A99593F6F12033A41
:10F960000AD7A33B2083B8ED0D440000F0B5DE4676
:10F9700057464E464546E0B599B008AD20220021D5
:10F980000600280007F0A2FC8020202229000001A8
:10F99000F1F7E0FC7D4B2A8800279A4236D06C466E
:10F9A0001D220021E01CA77007F090FC7848FCF7AE
:10F9B00079FA784B0125984600239B469A46764B68
:10F9C000002799466D42494640463A1CFDF746FCE1
:10F9D000002E13D06D4BE76023800123A3705B469C
:10F9E000E370434663604B46A3605346E3613300D4
:10F9F00007CC07C307CC07C306CC06C3280019B041
:10FA0000F0BCBB46B246A946A046F0BDAB78012B80
:10FA1000C5D1EB789B46022BC1D86B685F49181C97
:10FA2000984607F08DFB0028B9D040465C4907F0A6
:10FA300071FB0028B3D0AB685A49181C994607F0EF
:10FA40007FFB0028ABD04846574907F063FB0028EE
:10FA5000A5D0EB699A46002B3CD020222900012436
:10FA600010A807F039FC0121504A179710A86442EA
:10FA7000037801305C4063080C40644214406340EA
:10FA80005C080B405B4213405C4063080C406442DE
:10FA9000144063405C080B405B4213405C406308C9
:10FAA0000C406442144063405C080B405B421340CE
:10FAB0005C4063080C406442144063405C080B40A7
:10FAC0005B4213405C4018AB8342D1D1E443A24572
:10FAD00000D064E720222900684607F0FDFB53466A
:10FAE0006C46EF68002B4ED0284B20222380012348
:10FAF000A3705B46E370434601934B460293534623
:10FB0000694610A807930125039707F0E5FB00233A
:10FB10000121264A179310A86D42037801305D40F9
:10FB20006B080D406D4215406B405D080B405B4219
:10FB300013405D406B080D406D4215406B405D0801
:10FB40000B405B4213405D406B080D406D42154019
:10FB50006B405D080B405B4213405D406B080D40FD
:10FB60006D4215406B405D080B405B4213405D40A9
:10FB700018AB8342D1D1ED43AA4504D00C48FCF721
:10FB800091F9002524E700251DE7C04643540000F5
:10FB9000074400006ABC343F2D93E13A9A99193F1B
:10FBA0009A99593F6F12033A0AD7A33B2083B8EDC5
:10FBB0000E440000F0B5C646002300B5D025E0276E
:10FBC00090B06E469846154C6D017F014022310081
:10FBD0002800F1F7BFFB3378FF2B1BD03200002346
:10FBE0001178002904D0E15401330132192BF7D1E7
:10FBF0004246E2544035ADB21A34BD42E6D101224C
:10FC0000074B084908481A70F8F75AFE10B080BC34
:10FC1000B846F0BD43462370ECE7C0463C7A02206C
:10FC20000B86022008C102105CC10210F8B50E005C
:10FC3000170007281DD800291BD0002A19D00E4B09
:10FC40001B78002B14D01A2444430C4BE4182000DA
:10FC500014F004F80500874208D92A00210030007A
:10FC600007F03AFB002300207355F8BD7D1EF4E732
:10FC70000B7001204042F8E70B8602203C7A0220FC
:10FC800030B5050091B0072833D8002931D01A24A7
:10FC9000444319480023041903E0E2540133192BAB
:10FCA00002D0CA5C002AF8D11A226A4380180022C6
:10FCB000C2546A460023541E02E0E254192B15D0A8
:10FCC000CA5C18000133002AF7D16C460022225486
:10FCD00040320021D21AE018683507F0F7FA4022C6
:10FCE0006946A801F1F7E6FA11B030BD19201A23D0
:10FCF000EBE701204042F7E73C7A0220F0B5C64628
:10FD000006000C00150000B5002903D0002A01D020
:10FD1000072804D90027380080BCB846F0BDFBF79F
:10FD2000E9FF002801D12070F4E70D4B1F78002F68
:10FD300014D01A235E430B4BF618300013F08EFFDD
:10FD40008046854201D86B1E98464246310020000D
:10FD500007F0C2FA00234246A354DCE72770DAE733
:10FD60000B8602203C7A022070B505000C0094B08E
:10FD7000002901D0072802D9002014B070BDFBF77C
:10FD8000B9FF0028F8D050220021684607F09EFAFB
:10FD90006E46072335713370002304E0F1180133F8
:10FDA0004A71192B02D0E25C002AF7D10022F31825
:10FDB0005A71FA22054B31001868920000230CF0AA
:10FDC000E5FF013843425841C0B2D6E790740220A3
:10FDD000802310B55B00994206D88AB20100A820A2
:10FDE0004001F1F767FA10BD0248FCF75BF801200B
:10FDF0004042F8E721440000802310B59B0099425F
:10FE000006D88AB20100B0204001F1F753FA10BDC4
:10FE100001204042FBE7C04670B582B06B4605004A
:10FE2000B02000269C1D0222210040012680F1F70F
:10FE300091FA2388FE2B1ED8124A5B009446634435
:10FE400098B202222900F1F735FA002816D1FE22D5
:10FE50002388210001339BB29A4240414042034033
:10FE6000B020FC3A40012380F1F724FA431E984168
:10FE7000404202B070BD03482680E2E701204042C4
:10FE8000F7E7C0460216000070B582B06B46050069
:10FE9000C02000269C1D0222210040012680F1F78F
:10FEA00059FA2388FE2B1ED8124A5B0094466344FD
:10FEB00098B202222900F1F7FDF9002816D1FE229E
:10FEC0002388210001339BB29A42404140420340C3
:10FED000C020FC3A40012380F1F7ECF9431E984121
:10FEE000404202B070BD03482680E2E70120404254
:10FEF000F7E7C04602180000F0B5D6464F46464622
:10FF00000A20C0B5DAB03A220021684407F0DEF9D1
:10FF1000924B01AC1A68062101929B882000A380B5
:10FF200000F028FA8E4C050021008E48F8F7C8FC36
:10FF300008218D4801F006F9210005438B48F8F7A8
:10FF4000BFFC17228A4911A807F0C6F911A801F0D1
:10FF500097FC11A800F020FA210005438548F8F726
:10FF6000AFFC9222FF21520011A807F0AFF9824B9B
:10FF7000A8469A461593814B52469C461693804B51
:10FF80001E92994662461F924A46209252462792F6
:10FF9000624628924A4629925246FC25309269468A
:10FFA00044226046179380270023764EAD058918BA
:10FFB000139314931C931D932593269311961295D6
:10FFC0001A961B95239624952C962D95C851694613
:10FFD000484689180437C85169460C3789182E934A
:10FFE0002F93CE51694604378918CD516946504642
:10FFF00089180C37C8516946604689180437C851BA
:020000041001E9
:100000006946484689180437C8516946103F89181F
:10001000CB51694604378918CB516946183789187E
:10002000CE51694604378918CD5169465046891822
:100030000C37C8516946604689180437C85169466B
:10004000484689180437C8516946103F8918CB5172
:10005000694604378918CB51694618378918CE513B
:10006000694604378918CD516946504689180C37BE
:10007000C8516946604689180437C85169464846E0
:1000800089180437C8516946103F8918CB51694611
:1000900004378918CB51694618378918CE516946FB
:1000A0008026170076008A1895518625CA19514670
:1000B0006D00515188206A4661464000D2191150A6
:1000C0008A216A464D464900D21955506D46822212
:1000D000E81952008350E91904328B50922111A87B
:1000E0004900FFF7B9F94546210005432648F8F7CE
:1000F000E7FB40212548FFF76BFE2100054324481C
:10010000F8F7DEFB40212348FFF776FE2100054388
:100110002148F8F7D5FB01F0E3F8210005431F481B
:10012000F8F7CEFB01F05AFC210005431C48F8F714
:10013000C7FB002D0ED121001A48F8F7C1FB2100A2
:100140001948F8F72BFC28005AB0E0BCBA46B14673
:10015000A846F0BD1548FBF7A5FEF4E7E88C0210B1
:1001600084C1021090C10210DCEA0210D0C102105A
:10017000C4EA0210F4C10210007EE54900007A448E
:100180006F12033BD7A3F03F20C2021040EA0210D7
:100190004CC2021000EA02107CC20210A0C202107F
:1001A000C8C20210ECC2021020C302104144000079
:1001B000F0B5DE4657464E46454602230124E0B5DB
:1001C00093B06B44644299461C8001F0B7F8564BDB
:1001D00021009B4618680DF0EDF9544B5448190066
:1001E0009A46F8F76DFB022249465248F1F7B2F8F9
:1001F0005B4600220021186800230CF0C7FD4B4627
:1002000051461A884C48F8F75BFB4B461A884B4B13
:100210009A4200D181E051464948F8F751FB5B46CC
:10022000210018680DF0C6F9FFF766FE00210500F1
:10023000202201A807F04AF86A460123D371414BF6
:1002400001A80293404BFC270393FFF765F9202296
:100250000021054309A807F039F88020202209A9C8
:100260000001F1F777F851463848F8F729FB384B89
:1002700000249846374EBF050822FF2110A807F03A
:1002800025F843460993344B20000E93334B09A9BC
:100290000F9300230A970D960B930C93FFF7F0F83A
:1002A0000134E4B20543082CE6D12422002109A838
:1002B00007F00CF8802009A9C0002422F1F74AF8C1
:1002C00051462748F8F7FCFA002D11D05B46002272
:1002D0000021186800230CF059FD2248FBF7E2FDCD
:1002E000002013B0F0BCBB46B246A946A046F0BD04
:1002F0004A461D4B494613800E480222F0F7DAFFAA
:100300005B4600220021186800230CF03FFD1748CF
:100310005146F8F7D5FA0120E3E715485146F8F7BA
:10032000CFFA0120DDE7C046844B022084C10210D1
:1003300064C30210FE7F000088C302105AA50000AB
:10034000ACC302106ABC343F2D93E13AECC30210F7
:10035000D7A3F03F007EE54900007A446F12033BCB
:100360000CC40210424400005AA5FFFF38C402101A
:100370006CC4021010B5302905D88AB201000020E3
:10038000F0F798FF10BD0348FBF78CFD01204042B9
:10039000F8E7C0466144000030B5040087B000288B
:1003A0002ED06D4601000622684606F095FF042215
:1003B000A11DA81D06F090FF21000A2004220A3189
:1003C000684406F089FF21000E2004220E316844A3
:1003D00006F082FF2100122004221231684406F048
:1003E0007BFFA37D17216846AB7500F0B1F8E87577
:1003F000C020182269468000F0F75CFF07B030BDCE
:100400000248FBF74FFD01204042F7E76844000037
:1004100030B5040087B0002837D0C02018226946C4
:1004200080006D46F0F796FF1721684600F090F8BF
:10043000EB7D834223D106226946200006F04CFF63
:100440000422A91DA01D06F047FF20000A21042256
:1004500069440A3006F040FF20000E21042269445E
:100460000E3006F039FF20001221042212306944B8
:1004700006F032FF0020AB7DA37507B030BD054804
:10048000FBF710FD01204042F7E70348FBF70AFDA8
:10049000F8E7C0466A4400006944000030B58DB0FA
:1004A00004006846FFF7B4FF002842D02548FBF758
:1004B0000BFD17226846244906F00EFF684600F03F
:1004C000AFF806AD06226946280006F005FF6B4628
:1004D0001E20991D0422684406F0FEFE0A212220F7
:1004E00004226944684406F0F7FE0E212620042207
:1004F0006944684406F0F0FE12212A20042269446F
:10050000684406F0E9FE6B469B7D17212800AB7519
:1005100000F01EF8E875C020182229008000F0F7CE
:10052000C9FE17226946200006F0D6FE20000DB055
:1005300030BD684600F078F80028F2D00348FBF799
:10054000C3FCBEE762420000C4EA02106142000040
:1005500030B5002962D0441802000721002027E0AE
:100560004000C3B240B200282DDB5B00D8B25BB2C2
:10057000002B2EDB4000C3B240B200282FDB5B0013
:10058000D8B25BB2002B30DB4000C3B240B20028CF
:1005900031DB5B00DDB25BB2002B32DB6D00E8B219
:1005A0006DB2002D33DB40000132C0B2A24234D024
:1005B0001378584043B2002BD2DA5B004B4058B25C
:1005C000DBB20028D1DA4000484043B2C0B2002B71
:1005D000D0DA5B004B4058B2DBB20028CFDA4000E3
:1005E000484043B2C0B2002BCEDA5B004B4058B259
:1005F000DBB20028CDDA45004D406BB2EDB2002BE6
:10060000CCDA5800484045B2C0B2002DCBDA6D00BC
:100610004D400132E8B2A242CAD130BD0020FCE711
:1006200010B501F02DF910BDF0B5037805000126D5
:1006300083B0022B18D0E9782B790C006A791C431F
:100640000B4013401443FF3B604244415A42534124
:10065000E4B2DFB200F016FF00280ED130003C43B8
:1006600020431BD103B0F0BD4378452BE3D18678FE
:100670004E3E731E9E41F6B2DDE7684601F000F97A
:1006800006226946280012F027FE0028E6D006223E
:100690006946280006F020FE0120E3E7280001F06B
:1006A000EFF80120DEE7C046F0B5CE464746534C92
:1006B00080B520002200524B5249A7B0903027E06D
:1006C0005B009EB21BB2002B2EDB7600B5B236B2B9
:1006D000002E2FDB6D00ABB22DB2002D30DB5B00A6
:1006E0009DB21BB2002B31DB6D00ABB22DB2002DE1
:1006F00032DB5B009DB21BB2002B33DB6D00ABB273
:100700002DB2002D34DB5B0001329BB2904235D01C
:1007100015782D026B401EB2002ED1DA76004E40C5
:1007200033B2B6B2002BD0DA5B004B401EB29DB2A2
:10073000002ECFDA76004E4035B2B3B2002DCEDABD
:100740006D004D402BB2ADB2002BCDDA5B004B40BB
:100750001DB29BB2002DCCDA6D004D402BB2ADB274
:10076000002BCBDA5B004B401DB29BB2002DCADAE6
:100770006D004D400132ABB29042C9D19022A352DC
:100780003F239846922300254027994680234246DE
:100790009B00EB1898B213404A46FB1A511B1E1CD3
:1007A0008AB29BB2934200D90E1CB6B232006119D4
:1007B000F0F780FD002817D17519ADB2912DE5D95C
:1007C0008020922201A98000F0F7C4FD922221002E
:1007D00001A812F081FD03000120002B09D127B0F0
:1007E000C0BCB946B046F0BD0748FBF75BFB002034
:1007F000F5E70648FBF756FB0020F0E75C7902209E
:10080000FFFF00002110000081440000824400002E
:10081000F0B5AD4CA7B02368002B00D129E1FA2137
:10082000AA4D890028680CF0C5FE012800D0A8E078
:10083000802001AC922221008000F0F78BFD22780D
:10084000C52A00D02BE12200A14BA24925A827E010
:100850005B009FB21BB2002B2EDB7F00BEB23FB20B
:10086000002F2FDB7600B3B236B2002E30DB5B00F8
:100870009EB21BB2002B31DB7600B3B236B2002E33
:1008800032DB5B009EB21BB2002B33DB7600B3B2CF
:1008900036B2002E34DB5B0001329BB2904235D081
:1008A0001678360273401FB2002FD1DA7F004F4016
:1008B0003BB2BFB2002BD0DA5B004B401FB29EB2FE
:1008C000002FCFDA7F004F403EB2BBB2002ECEDA0F
:1008D00076004E4033B2B6B2002BCDDA5B004B400F
:1008E0001EB29BB2002ECCDA76004E4033B2B6B2C6
:1008F000002BCBDA5B004B401EB29BB2002ECADA53
:1009000076004E400132B3B29042C9D19022A25A31
:100910009A4200D05AE16278531FDBB2F92B00D81B
:10092000B3E0FF2A00D157E1D3009B1A9B00E318E4
:10093000DB7F694EA52B05D031006848F7F7C0FF73
:10094000FF236370664F92222100380006F0C4FC3A
:1009500000230022002128680CF018FA0122614BC4
:100960001A707A78FF2A00D197E0D3009B1A9B0077
:100970000433FA185C483100F7F7A2FF012027B0D2
:10098000F0BD5A48FBF78EFA594890220400002126
:1009900006F09CFC3B2320005B42A21E13804D49C5
:1009A0004B4B8E3027E05B009DB21BB2002B2EDB41
:1009B0006D00ACB22DB2002D2FDB6400A3B224B2C7
:1009C000002C30DB5B009CB21BB2002B31DB6400DF
:1009D000A3B224B2002C32DB5B009CB21BB2002B12
:1009E00033DB6400A3B224B2002C34DB5B000132A1
:1009F0009BB2904235D01478240263401DB2002D82
:100A0000D1DA6D004D402BB2ADB2002BD0DA5B00D5
:100A10004B401DB29CB2002DCFDA6D004D402CB280
:100A2000ABB2002CCEDA64004C4023B2A4B2002B4F
:100A3000CDDA5B004B401CB29BB2002CCCDA6400D8
:100A40004C4023B2A4B2002BCBDA5B004B401CB26B
:100A50009BB2002CCADA64004C400132A3B290422F
:100A6000C9D190211E4A0020535201221D4B1A70F9
:100A700085E701200CF010FB2060002800D0CEE6B6
:100A80001C48FBF70FFA002079E7134E1A48310093
:100A9000F7F716FFFF23637054E7184A6AE70E4E14
:100AA00017483100F7F70CFF11489022040000218D
:100AB00006F00CFC3B2320005B42A21E138005497C
:100AC000034B8E3046E0C046F0790220844B022072
:100AD000FFFF00002110000098C402105CC5021046
:100AE0005C790220FD8502208CC502108444000040
:100AF0005E7902208344000028C5021090C40210D1
:100B0000A4C402105B009FB21BB2002B2EDB7F003F
:100B1000BCB23FB2002F2FDB6400A3B224B2002C82
:100B200030DB5B009CB21BB2002B31DB6400A3B254
:100B300024B2002C32DB5B009CB21BB2002B33DBF7
:100B40006400A3B224B2002C34DB5B0001329BB200
:100B5000824235D01478240263401FB2002FD1DACC
:100B60007F004F403BB2BFB2002BD0DA5B004B405E
:100B70001FB29CB2002FCFDA7F004F403CB2BBB215
:100B8000002CCEDA64004C4023B2A4B2002BCDDAA4
:100B90005B004B401CB29BB2002CCCDA64004C4092
:100BA00023B2A4B2002BCBDA5B004B401CB29BB249
:100BB000002CCADA64004C400132A3B28242C9D18F
:100BC0009022064FBB52FFF76FFDC1E6044E054869
:100BD0003100F7F775FE67E7014EB3E65C79022056
:100BE00098C40210DCC4021070B5041E03D00D4B73
:100BF0001D78002D02D10025280070BD0A4E642109
:100C000030680CF0D7FC0128F5D18C222000074970
:100C100006F062FB00230022002130680CF0B6F8D9
:100C2000EAE7C046FD850220F079022060790220C3
:100C3000F8B505000C1E05D0042803D80E4B1E780D
:100C4000002E02D100263000F8BD0C4F6421386818
:100C50000CF0B0FC0128F5D1E900094B491B8900D3
:100C6000C9181C22200006F037FB002300220021B7
:100C700038680CF08BF8E6E7FD850220F079022059
:100C800060790220F0B54E464546DE465746E0B54F
:100C900004000D00160083B0042803D82E4B1B78E7
:100CA000002B08D10025280003B0F0BCBB46B2469B
:100CB000A946A046F0BD294F642138680CF07AFCA3
:100CC0000128EFD1264AE300924698461B1B9B0061
:100CD0009B46043353441A2200211800994606F01B
:100CE000F5FA002D02D02B78002B2BD14346A522FC
:100CF0001B1B9B005344DA77002138689E77002243
:100D000000230CF043F8FA21164F890038680CF0E4
:100D100051FC012803D01448FBF7C4F8C2E7FFF7E1
:100D2000C3FC002305000022002138680CF02EF8D7
:100D3000002DB7D04B4622000C490D480096F7F71E
:100D4000BFFDB0E719222900484612F02BFC5B4694
:100D5000002253445A77C9E7FD850220F07902202A
:100D60005C790220844B02208544000098C4021064
:100D7000B0C50210F8B50400042803D8214B1B7835
:100D8000002B02D100252800F8BD1F4E64213068D9
:100D90000CF010FC0128F5D1E5002D1B1B4FAD0018
:100DA000281D1C220021C01906F090FA00237D198D
:100DB000EB777B78A34201D1FF237B700021306861
:100DC000002300220BF0E2FFFA21114E8900306867
:100DD0000CF0F0FB012803D00E48FBF763F8D1E7D5
:100DE000FFF762FC002305000022002130680BF0B1
:100DF000CDFF002DC6D0220007490848F7F760FD57
:100E0000C1E7C046FD850220F07902205C7902200E
:100E1000844B02208644000098C40210E0C50210F2
:100E20000B4B70B51B78002B06D00A4D6421286847
:100E30000CF0C0FB012802D0FF24200070BD064B3F
:100E400000225C780021002328680BF09FFFF4E764
:100E5000FD850220F07902205C79022070B5040043
:100E6000042803D8224B1B78002B02D10025280030
:100E700070BD204D642128680CF09CFB0128F5D141
:100E8000E3001D4A1B1B9B00D318DB7F2868A52BA2
:100E90000AD00023002200210BF078FF220017491E
:100EA0001748F7F70DFDE1E70021547000230022F9
:100EB0000BF06CFFFA21134E890030680CF07AFBBE
:100EC000012810D1FFF7F0FB0023050000220021CC
:100ED00030680BF05BFF002DC8D0220007490A489C
:100EE000F7F7EEFCC3E70948FAF7DCFFBEE7C046B8
:100EF000FD850220F07902205C79022098C402105E
:100F000000C60210844B022034C602108744000041
:100F1000194B70B51B78002B02D10024200070BD46
:100F2000164C642120680CF045FB0128F5D1FF2206
:100F3000134B00215A702068002300220BF026FF7B
:100F4000FA21104D890028680CF034FB012803D0E9
:100F50000D48FAF7A7FFE0E7FFF7A6FB0023040020
:100F60000022002128680BF011FF002CD5D0074982
:100F70000748F7F7A5FCD1E7FD850220F0790220AC
:100F80005C790220844B02208844000098C402103F
:100F900058C60210F0B5C64600B504008AB0042851
:100FA00003D8214B1D78002D05D1002528000AB05B
:100FB00080BCB846F0BD1D4B6421186898460CF003
:100FC000F9FA0128F1D1E300194A1B1B03AE9B007B
:100FD0009B18320083CB83C283CB83C21B68002162
:100FE000136043460022186800230BF0CFFEF37E07
:100FF000A52B05D022000F490F48F7F761FCD4E775
:10100000B07EFDF797FB002808D1B37E2200009345
:10101000084933000948F7F753FCC7E78520C001AA
:10102000FAF752FFC1E7C046FD850220F0790220A1
:101030006079022098C402107CC60210A8C6021073
:10104000F0B5D6464F464646C0B5364D8AB02C78E8
:10105000002C06D120000AB0E0BCBA46B146A84632
:10106000F0BD314F642138680CF0A4FA012804D097
:101070002E492F48F7F724FCECE72E4B00225E7830
:1010800099460021002338680BF080FEFF2EEFD038
:10109000264B3200190028489846F7F711FC042E19
:1010A00002D82C78002C01D10024D3E764213868C1
:1010B0000CF080FA0128F7D103AB4A469A46F300B8
:1010C0009B1B04329B009B18524623CB23C223CB8D
:1010D00023C21B68002113603868002300220BF034
:1010E00055FE5346DB7EA52B06D032004146134801
:1010F000F7F7E6FB0024ADE75346987EFDF71AFBB1
:10110000002809D153469B7E320000934146534646
:101110000B48F7F7D5FB9DE78520C001FAF7D4FE11
:10112000002497E7FD850220F079022098C4021080
:10113000D8C602105C79022000C702107CC60210DB
:10114000A8C6021010B5082906D88AB20100BC2032
:101150008000F0F7AFF810BD0248FAF7A3FE0120B7
:101160004042F8E7894400000A0010B5082906D873
:101170000100BC208000F0F7EDF8002010BD03480E
:10118000FAF790FE01204042F8E7C0468A4400008A
:1011900010B5040092B0002827D00100202201A839
:1011A00006F09AF821002022203109A806F094F8D0
:1011B00040236946E25C0431CA5401A84121FFF78B
:1011C000C7F96A4641230432D0548020402201A945
:1011D0008001F0F76FF804008120022211A980013C
:1011E000F0F768F8204312B010BD0348FAF75AFE32
:1011F00001204042F7E7C0469344000030B50400A8
:1012000093B000283AD08020694642228001F0F74E
:10121000A1F841216B4669441A78994221D00133E3
:10122000FF2AF9D041216846FFF792F941236A4627
:10123000D35C83421ED11F226946200006F04CF881
:10124000002520001F22E577203008A906F044F889
:101250003F236A460020E5540133D25CE25413B0C8
:1012600030BDFF2ADED107490748F7F729FB0120E7
:101270004042F4E70548FAF715FEF8E70448FAF7A4
:1012800011FEF4E728C7021034C70210954400008D
:101290009444000010B592B0040001A8FFF7AEFF1F
:1012A00000280AD00A48FAF70FFE41222000094917
:1012B00006F012F8200012B010BD07490748F7F7F2
:1012C000FFFA4122200001A906F006F8F2E7C04625
:1012D0009042000080EA021028C7021068C702107E
:1012E00010B5154C92B02100202201A805F0F4FFA2
:1012F00021002022203109A805F0EEFF4023694695
:10130000E25C0431CA5401A84121FFF721F96A4681
:1013100041230432D054802001A940228001EFF7FC
:10132000C9FF04008120022211A98001EFF7C2FF4A
:10133000204312B010BDC04680EA0210FA21F0B579
:10134000364D8BB0286849000CF034F9012807D0DD
:101350003348FAF7A7FD0122324B1A700BB0F0BDEB
:1013600005AC13220021200005F0B0FF132221005C
:101370003020EFF7EFFF11212000677CFFF7E8F83E
:10138000030087421FD122006B46002743CA43C394
:10139000126869461A60267C234C0F222000E773EE
:1013A00012F000F9452E2BD0552E30D0227827741C
:1013B000531E9A411D4BD2B262741D4922001D4832
:1013C000F7F77EFA12E01A4E3A0031001A48F7F7A2
:1013D00077FA154C19490F22200012F0E3F8002388
:1013E00031001748E3732382F7F76AFA00230022DB
:1013F000002128680BF0CAFC01220A4B1A70ADE7E5
:1014000022782674531E9A410E4BD2B2D4E722782A
:101410002674531E9A410C4BD2B2CDE7844B022066
:10142000A2440000098602205432002008840210E1
:1014300094C7021028C80210A0C70210D8C7021013
:10144000E8C7021004840210B8BF021000487047B9
:10145000543200200048704754320020014B187C61
:101460007047C04654320020034B1B7C552B01D0E3
:10147000024870470248FCE75432002000007041E7
:101480000000A041014B587C7047C04654320020F8
:1014900010B500281FD0114911F0A4FF002816D163
:1014A00003F066FF00290DD0FA220023920004F019
:1014B0000FFF0B4B3C2218600A490B48F7F700FA64
:1014C000012010BDFA21890004F0C4FEF1E70549AE
:1014D0000648F7F7F5F90020F3E7C04650C80210B8
:1014E000E884022094C7021088C802105CC8021069
:1014F000002210B5034B044904481A60F7F7E0F9DD
:1015000010BDC046E884022094C70210BCC8021077
:1015100010B50E4C2368002B01D1002010BD03F044
:1015200027FF00290DD0FA220023920004F0D0FEFC
:101530002368074AC31A01209342EFD9002323608E
:10154000EBE7FA21890004F085FEF1E7E884022048
:1015500060EA0000F0B5CE46474680B5604C060014
:1015600023688BB0002B0BD101255E495E48F7F74D
:10157000A7F96D4228000BB0C0BCB946B046F0BD1B
:1015800003F0F6FE002900D188E0FA220023920041
:1015900004F09EFE2368C01A544B984200D987E09D
:1015A000002E00D194E03378002B00D190E0300081
:1015B00012F054FB0F2800D98AE0002811D0330024
:1015C000202185191C7822008A43413A192A05D91D
:1015D0002200303A092A01D92D2C79D101339D42BC
:1015E000F0D10F2003220021684405F06FFE310086
:1015F0000F22684611F0D6FFFA216C463C4E3D4B57
:10160000377C18684900984627740BF0D3FF0128EF
:101610005BD105AB9946243000210222684405F0D5
:1016200055FE4B466A4623CA23C3126811211A602D
:101630004B4648461F74FEF78BFF4B466074587448
:10164000102249463020EFF735FE002833D103221F
:1016500009A94030EFF72EFE051E2CD1434600228B
:101660000021186800230BF091FB0F22694630001F
:10167000F57311F097FF452F05D03B00553B5A42BB
:1016800053415B421F40337816495A1E93411A4812
:10169000320037747374F7F713F96BE7FA21890096
:1016A00004F0D8FD2368C01A104B984200D877E7A1
:1016B0000023236058E71148FAF7F4FB4346002261
:1016C0001868002100230BF061FB03256D4251E7F0
:1016D000022504490A48F7F7F3F86D424AE7C04685
:1016E000E884022094C70210DCC8021060EA0000FF
:1016F00054320020844B02203CC90210A144000057
:1017000010C90210F0B5CE46474680B5514D0400D1
:101710002B688BB0002B0BD101264F494F48F7F7B0
:10172000CFF8764230000BB0C0BCB946B046F0BD31
:1017300003F01EFE00296ED0FA220023920004F06E
:10174000C7FD2B68C01A464B98426DD81023220063
:101750009A43452A06D002263F494248F7F7B0F897
:101760007642DFE70F2003220021684405F0AEFD3A
:101770003D4F0F223900684611F014FFFA216D46E3
:101780003A4B4900186898462C740BF013FF012857
:101790005CD105AB9946243000210222684405F053
:1017A00095FD4B466A4643CA43C3126811211A602D
:1017B0004B4648461C74FEF7CBFE4B466874587483
:1017C000102249463020EFF775FD002834D103225E
:1017D00009A94030EFF76EFD061E2DD143460022C9
:1017E0000021186800230BF0D1FA0F226946380057
:1017F000FE7311F0D7FE3B785A1E9341DBB2452CA5
:1018000018D0552C13D11A4A13491A483C747B74CA
:10181000F7F756F886E7FA21890004F01BFD2B68DC
:10182000C01A0F4B984291D900232B6074E7002413
:101830000F4AE9E7104AE7E71048FAF733FB434657
:1018400000221868002100230BF0A0FA032676423C
:1018500068E7C046E884022094C7021060C90210FD
:1018600060EA000098C9021054320020844B022024
:10187000B8BF0210D0C9021004840210A1440000B5
:1018800010B513490B78002B1ED0124A5A4013048E
:101890009B185B009B18DB009B18DB009B185B0010
:1018A00001319A180B78002BF0D1110C130AC9B230
:1018B000DBB2D2B202240470433444700934847021
:1018C000C1700371427110BDC5229D231C21F1E737
:1018D00054320020C59D1C8110B58AB0002816D056
:1018E000037801AC23706B462022411C581D05F083
:1018F000F3FC21212000FEF72BFE2123E054882059
:10190000222221008001EFF7D5FC0AB010BD012092
:101910004042FAE770B50500882094B00AAC210077
:1019200022228001EFF716FD4A212300694402E0DC
:101930000133994226D01A78FF2AF9D021212000BC
:10194000FEF706FE2123E35C834218D1237801AE23
:10195000337029216B461F22581D694405F0BCFCD9
:1019600018491948F6F7ACFF002220233100F25441
:101970002800213205F0B0FC280014B070BD1348D7
:10198000FAF7A2FA0F491248F7F708F82200114BAC
:1019900043CB43C243CB43C203CB03C21B782121B9
:1019A00013702000FEF7D4FD2123E054882021008D
:1019B00022228001EFF77EFC21222800064905F053
:1019C0008BFCD9E7ECC90210F8C90210B042000044
:1019D00024CA021008EB0210E4EA021030B58BB002
:1019E00001AC22000B4B23CB23C223CB23C203CB5E
:1019F00003C21B78212113702000FEF7A9FD2123CB
:101A0000E0548820222221008001EFF753FC0BB024
:101A100030BDC04608EB0210F0B5C64606000F0008
:101A2000150000B5002A15D080235B0100249846DC
:101A30002A1B424501DD80225201300092B2391941
:101A4000F1F7FCFF00280CDD24180520FCF7BCFB97
:101A5000A54202DC80BCB846F0BD05200DF038FB85
:101A6000E6E70248FAF71EFAF4E7C0461024000041
:101A7000802030B5000183B00FF062FB1D4D28605F
:101A8000002831D00023502201210020F1F72AFE46
:101A9000194C207000281FDB18236A460721D371D8
:101AA000C0B20732F2F73CFB2078F1F757FF01286C
:101AB00007D1124850221249F6F702FF012003B065
:101AC00030BD2078F1F7B8FD28680FF023FC0D48F1
:101AD000FAF7E8F90020F2E728680FF01BFC0A4843
:101AE000FAF7E0F90020EAE70848FAF7DBF9002006
:101AF000E5E7C0464C4E0220EE8502206CCA02107B
:101B000060CA0210132400001224000011240000F7
:101B1000F0B5DE4657464E4645460020E0B5C44B7C
:101B2000C7B000931856C2239B009C4640016044F6
:101B3000EFF760FC172826D01C2810D0132803D1FB
:101B4000009B1878F1F70AFF47B0F0BCBB46B246DD
:101B5000A946A046F0BD009B187802F00FFB009C40
:101B60002078F1F797FE2078F1F766FD00235022E8
:101B700001210020F1F7B6FD20700028E4DBC0B29F
:101B8000F1F7ECFEE0E70020009B185682239B0053
:101B90009C4640016044EFF72DFCC00700D5D9E01A
:101BA000009BA44D1B7800249846A34B1E6802930B
:101BB000A24B994600239B462B00454698464B4630
:101BC0001A1B280092B23119F2F70AF8071E14DD29
:101BD0000520FCF7F9FA5B46E4194146300033551D
:101BE00011F0C6FE002823D10520FCF7EDFA0120F4
:101BF0000DF06EFA924B9C42E1DD009D2878EFF7E4
:101C000021FD0023EB568F4A5B0104009818EFF783
:101C1000F1FB06000DF0A2FA8B4B070098461B88DB
:101C2000A34200D1D8E0894B1F6043461C808BE75C
:101C3000831BA84603930433DFD49B46B344370089
:101C400001935E451FD2824BB1469A465E46A3463B
:101C50000DE0C41B102C07D90F225146380011F09B
:101C600045FC002800D193E06F1CBE4209D9F41B4B
:101C700022000A21380011F0B3FF051EE9D135001A
:101C8000E8E74E465C46019BE71A00239946002F81
:101C90007ADA6B4B9A46694B9B4617E05B461A1BF8
:101CA000404692B23119F1F79BFF051E6CDD05200D
:101CB000FCF78AFA0023641905203355FCF784FAEF
:101CC0007F1901200DF004FAB9455DDD5445E5DDCD
:101CD000FB43DB171F400022029D01212B685D485A
:101CE0001A5505F0FFFA802303992E68544A1B0108
:101CF0000331F318914239D8019A90463A00B04422
:101D000042441F0093423DD2002315223000524925
:101D10003B7011F013FC002800D11CE715223000A5
:101D20004E4911F00BFC00287BD0142230004C49A6
:101D300011F004FC002849D00E223000494911F06E
:101D4000FDFB002800D091E0009B4146187802F08E
:101D5000E9F904E70020009B0121185682239B002B
:101D60009C4640016044EFF76FFB19E7321990463B
:101D700047449F42C8D980273F013F1BD219002FFB
:101D800000DA42461700BFE7002C00DC35E79FE78A
:101D900038000F304E465C46854207D90378202B29
:101DA00001D0092B02D101308542F7D10A2200214E
:101DB00011F0A8F92C4B421E81469A4200D962E7E5
:101DC000019BE71AB84200DD63E784E7009B31001E
:101DD000187802F0F5F9C2E6B602B6B2B34200D105
:101DE00021E79622194CD2002368C31A934200D2ED
:101DF000AAE6009D2878F1F74DFD2878F1F71CFC44
:101E00000023502201210020F1F76CFC28700028EB
:101E100002DBC0B2F1F7A2FD002342462760138027
:101E200092E6009B32004146187802F003FA96E6EB
:101E3000EE850220988502104C4E0220FF0700001C
:101E4000FE070000081F0000DE8502201C7B022028
:101E50008CCA0210184E02209CCA0210B4CA02108A
:101E6000CCCA0210E4CA0210FEFFFF0F02F05EF8B7
:101E700000284CD1029B0F221C685A49200011F007
:101E80005DFB00284ED011222000574911F056FB6F
:101E900000284CD012222000544911F04FFB00289A
:101EA0004AD011222000524911F048FB002849D0A5
:101EB000172220004F4911F041FB002848D018227A
:101EC00020004D4911F03AFB002846D01622200090
:101ED0004A4911F033FB002845D018222000484918
:101EE00011F02CFB002844D00C222000454911F0B1
:101EF00025FB002871D012222000434911F01EFB5F
:101F000000283CD1009B187800F0CCF927E6029B12
:101F1000186802F013F80028ACD1009B187802F082
:101F200015FA1CE6009B187800F022FD17E6009BCE
:101F3000187800F021FA12E6009B4146187800F06C
:101F400087FB0CE6009B4146187800F063F806E634
:101F5000009B187801F044FC01E6009B414618788C
:101F600001F0D2FDFBE5009B4146187801F0AEFE82
:101F7000F5E5009B4146187801F008FFEFE50023E6
:101F80002000059300F060FF029B070005A9186878
:101F900000F090FFC443059BE41706001B4A044071
:101FA000002B00D11A4A06AB984680212300490035
:101FB000404606F017FE009D020041462878FFF7D4
:101FC0002BFD002E00DCCAE5002F00D1C7E5220062
:101FD00039002878FFF720FDC1E5009B187800F054
:101FE000C7FFBCE5F4CA021004CB021018CB0210E4
:101FF0002CCB021040CB021058CB021074CB021035
:102000008CCB0210A8CB0210B8CB0210CCCB0210A4
:1020100074CC0210F0B5D6464F464646C0B5814650
:10202000AAB005200D00FCF7CFF80520FCF7CCF88E
:10203000002D00D117E12800F3F7DAFA0520FCF7AC
:10204000C3F8924B01249846012300269A460327A1
:1020500010212300424602A806F0C4FD280002A970
:10206000F3F794FA00280DD003786F2B0AD1437848
:102070006E2B07D18378002B04D15246631E9A4001
:102080001643F6B2274200D191E00134092CDFD18A
:102090006B46DC1D002320002370FCF721FA05208D
:1020A000FCF792F8320023789A4300D0D5E09E42A4
:1020B00045D0012211001A4031408A4200D0C8E0C8
:1020C0000520FCF781F80123227871085208194095
:1020D0001340994200D0AFE001232278B108920862
:1020E00019401340994200D099E001232278F10869
:1020F000D20819401340994200D083E0012322788E
:102100003109120919401340994200D076E00520A8
:10211000FCF75AF80123227871095209194013403B
:1021200099425FD101232278B109920919401340E5
:1021300099424ED12378F109DB09994245D1052016
:10214000FCF742F8524B002498460127E6B20134CE
:1021500023004246102102A806F044FD02A92800EF
:10216000F3F714FA011E02D03000FDF7FDFD3742EF
:1021700025D0082CEAD10323A021464A02A806F064
:1021800031FD8C2202A94846F1F758FC0520FCF7E6
:102190001BF8032248464049F1F750FC0520FCF7A4
:1021A00013F82AB0E0BCBA46B146A846F0BD0520F7
:1021B0000134FCF709F8092C00D049E768E705204D
:1021C000FCF702F8082CC1D1D5E70720FCF7DCF9B1
:1021D000B5E70620FCF7D8F92378F109DB09994225
:1021E000ADD0F2E70520FCF7CFF901232278B10941
:1021F00092091940134099429CD0EAE70420FCF769
:10220000C3F984E70320FCF7BFF9012322783109E1
:10221000120919401340994200D178E7EEE70220F5
:10222000FCF7B2F901232278F108D20819401340D3
:10223000994200D162E7E5E70120FCF7A5F9012307
:102240002278B108920819401340994200D14CE716
:10225000E5E70020FCF798F932E7F5F725FD0028BF
:102260000AD0237823E7B42248460C49F1F7E6FB6D
:102270000520FBF7A9FF94E7DE2248460849F1F75D
:10228000DDFB0520FBF7A0FF8BE7C04604CD021065
:1022900010CD021018CD02102CEB021010EC021021
:1022A00030EB0210F0B5CE46474680B50500C1B010
:1022B0000520FBF789FF80212B4B68462B4A4900FC
:1022C00006F090FCA62380276E46002498467F01E6
:1022D00043461A1BBA4201DD80225201280092B205
:1022E0003119F1F7ABFB002833DD24180520FBF78B
:1022F0006BFFA52C25DD0520FBF766FF1C4B802618
:1023000098461C4B00249946174F76013A1BB2425F
:1023100001DD802252014346280092B21919F1F7DB
:102320008DFB00281ADD24180520FBF74DFF4C45D6
:102330000BDD0520FBF748FF41B0C0BCB946B046F5
:10234000F0BD05200CF0C4FEC2E705200CF0C0FE75
:10235000DCE791208001F9F7A5FDCCE79120800111
:10236000F9F7A0FDE5E7C046FD210000CCCB021047
:10237000ECED0210FC210000F0B5DE464546574664
:102380004E46E0B5994C8046A54405203BACFBF792
:102390001BFF2000F9F746FE002800D116E169ABCB
:1023A00018009946F9F7A2FE002800D105E1802324
:1023B0008F4ADB0111684B40E021C9010B408D4978
:1023C0000B6004218C4B1960FC3113680B42FCD06C
:1023D00050680004000C04F0BDFE884904F063FE60
:1023E000E621890504F05FFE854904F042FE854937
:1023F00004F045FE011C844804F03BFE40234A469D
:10240000D35C051C012B00D1C9E0022B17D17F49F9
:1024100004F032FE7E4B051C2093FFF717F80028CE
:1024200013D0437C002B10D01F90037C452B00D190
:10243000D8E0552B00D1D2E0764B219309E0764BC2
:102440002093FFF703F80028EBD1744B1F93714BD7
:1024500021935FAE28220021300004F037FF3000C6
:10246000F5F730FC41A98B466179237804912179F5
:102470006B4A0391E17858460291A1780191617805
:102480000091182106F0AEFB619804F085FE654FBF
:10249000009001913A00202147A806F0A3FB629822
:1024A00004F07AFE604F009001913A0020214FA87D
:1024B00006F098FB57AB63989A4604F06DFE3A001D
:1024C000009001912021504606F08CFB5246A379E2
:1024D0001C924FAA1B9247AA1A92219A1E931992F4
:1024E000524B1F9A281C18931793169204F054FE0F
:1024F000209A1490159112924A4610925A4671AB46
:102500000F921193637DAF270E93237D484E0D9359
:10251000E37CFF000C93A37C32000B93637B3900B8
:102520000A93237BA2A80993E37A0893A37A0793DB
:10253000637C0693237C0593E37B0493A37B039343
:10254000637A0293237A0193E37900931E9B06F04A
:1025500049FB0400B8421EDD3C002300A021354A9F
:102560007AA806F03FFB7AA982B24046F1F766FAF4
:102570000520FBF729FEA2B2A2A94046F1F75EFAB8
:102580000520FBF721FE2C4B9D44F0BCBB46B24618
:10259000A946A046F0BDC343DB171C40DDE7274931
:1025A00004F081FD264904F06AFD8421C90504F088
:1025B00063FD244B051C20932FE722A8FEF76AFE3B
:1025C0004122484622A904F087FEF0E634A8FDF730
:1025D00065FF1722200034A904F07EFEDFE61A4BC7
:1025E000219336E7194B219333E7C046FCF7FFFFF1
:1025F00000C0044000D0044000E00440000040401F
:102600006ABC343F2D93E13A0000D84133938843AC
:10261000B4CD021008840210BCCD0210C8C0021054
:1026200038830210C4CD0210CCCD0210E88C021009
:10263000D4CD021018CF0210040800000000104191
:102640000000A040A8CD0210B8BF02100484021000
:10265000F0B54746CE4680B58046DBB005200C007D
:10266000FBF7B2FD002C00D15AE11CAE3000F9F7A7
:10267000D9FC002800D113E11722310022A804F070
:102680002BFE2000AC49F2F781FF051E00D1D3E0FC
:10269000F2F7AEFF29003F2228A810F083FFA02008
:1026A00069463F230022091849AF38ADCA5428A80B
:1026B000A249019700951BAB1AAA10F0E1FD04286E
:1026C00000D0BBE01A9B2000B3711B9B9C49F371A7
:1026D000389B3372499B7372F2F758FF814600288A
:1026E00000D0B3E020009749F2F750FF8146002860
:1026F0001ED0F2F77DFF3F22494628A810F052FF76
:10270000A02069463F2300220918CA5428A88B49F3
:10271000019700951BAB1AAA10F0B2FD042807D14F
:102720001A9BB3721B9BF372389B3373499B737371
:1027300020008549F2F72AFF814600281ED0F2F7D3
:1027400057FF3F22494628A810F02CFFA0206946D9
:102750003F2300220918CA5428A8784901970095F8
:102760001BAB1AAA10F08CFD042807D11A9BB37476
:102770001B9BF374389B3375499B73750520FBF7DE
:1027800023FD1722300022A910F0A6FD002800D05A
:102790008FE02800F9F7AAFC002800D177E0412259
:1027A0002900380004F098FD20006849F2F7EEFE99
:1027B000061E08D0F2F71CFF1F223100280010F07F
:1027C000F1FE0023EB7720006149F2F7DFFE061EE1
:1027D00009D0F2F70DFF1F22310040A810F0E2FEF1
:1027E0003F230022EA5420005A49F2F7CFFE041E8C
:1027F0000BD0F2F7FDFE2000574911F0ADF900288B
:1028000000D080E040230122EA5441223900280010
:1028100010F062FD00286CD1672250494046F1F764
:102820000DF90520FBF7D0FC4D48F9F733FD5BB0FF
:10283000C0BCB946B046F0BD49AF38AD20004049F4
:10284000F2F7A4FE8146002800D14BE7F2F7D0FE54
:102850003F22494628A810F0A5FEA02069463F2344
:1028600000220918CA5428A83449019700951BABC7
:102870001AAA10F005FD042800D033E71A9BB373A1
:102880001B9BF373389B3374499B73742AE702A82C
:10289000FEF700FD4122280002A904F01DFD7EE79D
:1028A00014A8FDF7FBFD1722300014A904F014FD55
:1028B000E2E63000F9F7EEFB0A200CF009FC0520F7
:1028C000FBF782FC209B1D9899461C9B1E994993FF
:1028D0004B461F9A4D93B38A4A904B914C92BB82C0
:1028E000B37D3800BB75EFF715FD0520FBF76CFCD9
:1028F0004FE72800F9F738FC0A200CF0E9FB052027
:10290000FBF762FC88E72000164911F025F9402307
:10291000002802D10222EA5477E70022EA5474E741
:10292000B92211494046F1F789F80520FBF74CFC24
:102930000E48F9F7B7FA7AE7ACCF02102C830210F1
:1029400030930210B0CF0210B8CF0210BCCF0210EB
:10295000C8CF0210D4CF0210A8CD0210C8EC0210CC
:1029600088130000B4CD021030ED021041240000A5
:10297000F0B5DE4657464E464546E0B5A64CA54462
:102980001D900520FBF720FC1C22002122A804F04A
:102990009DFC22A8FAF74AFC002844D0229B1B93F6
:1029A00033A8F9F7A3FB94210EAA4023521800285C
:1029B00026D1D054994B1C934F2100230EAA5218B4
:1029C00013700EAA94464F3363441800FBF788FD3A
:1029D00029AB9B4618002822002104F077FC5846BA
:1029E000F5F770F95B461B78032B1FD88C4A9900CA
:1029F0008A581E92032B00D0F9E18A4B1F9319E0ED
:102A0000D35C012B00D0E7E187491B9804F04BFB16
:102A1000864904F034FB8421C90504F02DFB844B66
:102A20001B901C93C8E700231B93B9E7814B1E93AF
:102A3000814B1F930520FBF7C7FBACAB1D00129326
:102A40000023002698466CAF434620223B702B7033
:102A500039003000FDF752F93B782C00002B20D0D4
:102A600001200022791C0D2B00D19AE00D2B00D9FA
:102A7000A5E0092B00D1B6E00A2B00D089E0931C19
:102A80003E2A77D05C24AC546E222A541A000B786C
:102A9000002B00D191E0501C01313F2AE3D12C00E2
:102AA0003F3443460136F6B2237020374035082EB6
:102AB000CAD10520FBF788FB604BFFAAB43213CBC9
:102AC00013C21B881380002399460D339A4644ABEA
:102AD00098465B4B4D4618935A4B1F004F220EAB46
:102AE0009B181C780123EC404146E8B21C40FAF7E1
:102AF00081FB002800D17FE024234246D35C002BD9
:102B00007AD053695068994604F046FB43461490C6
:102B10001591986804F040FB434616901791D868C9
:102B200004F03AFB02000B0080215646FFA8B430A7
:102B300009015044891B002C6CD0434C069207932A
:102B40004B46129E08940493189A169B179C0A975A
:102B500002930394149B159C09960093019406F02C
:102B600041F8012382442B4272D0129B013540333D
:102B70001293B3E70B78002B00D124E101310D2B28
:102B8000F8D042D83E223F20092BF3D00A2B00D1A7
:102B900075E70B78002B10D0501C01310D2B00D0A5
:102BA00064E7931C3E2AE5D05C24AC5472222A547C
:102BB0001A000B78002B00D06DE7AC1871E7222BC0
:102BC00008D05C2B06D01C00203C5E2CE1D8AB5416
:102BD00002005CE7941CA1463E2ACBD05C24AC5496
:102BE0004A462B5453E7931C3E2AC3D05C24AC5472
:102BF00074222A541A004AE7002200230021169268
:102C000017938946149215938EE7222BB2D03F205A
:102C10003E22D6E70D4C91E74CF3FFFFE4CF0210C4
:102C2000EC0F0310C0B10210000010410000A040E2
:102C3000E0CF021008840210EC830210F8CF0210DB
:102C400008D002105CD00210E8CF0210F0CF0210C2
:102C5000052040360135FBF7B7FA1296072D00D054
:102C60003CE74F220EAB9B181C7841460720E40935
:102C7000FAF7C0FA002805D024234246D35C002B83
:102C800000D0BAE000220023002116001F00894670
:102C90001292139380215546FFA8B4300901504485
:102CA000491B002C00D094E05E4CA4465E4C06927A
:102CB00007930A94FFAC74344B4609946446189AFF
:102CC0000096019708940493129B139C029303941B
:102CD00005F088FFFFABB4338027994650443F018D
:102CE000060081443F1A1B9804F056FA5B46129086
:102CF0001391586804F050FA5B4614901591986847
:102D000004F04AFA5B4616901791D86804F044FA2A
:102D10005B4618901991186904F03EFA5B4604006E
:102D200058690D0004F038FA24235A46D35C002B6E
:102D30004CD13C4B9C465B46DB690C940D95119342
:102D400063461093189B199C0A930B94169B179C2F
:102D500008930994149B159C069307941E9B0E9050
:102D60000F9104931F9B390003931C9B2F4A0293DE
:102D70004846129B139C0093019405F033FF86197B
:102D80000520FBF721FA3300A0214046284A05F030
:102D900029FF1D9C414682B22000F0F74FFE05201E
:102DA000FBF712FAFFA9B2B2B4312000F0F746FEE9
:102DB0000520FBF709FA1F4B9D44F0BCBB46B24609
:102DC000A946A046F0BD3E22AC186AE61A4B9C46C6
:102DD000B1E7194CA44669E7022B00D0EAE51B983D
:102DE000164904F049F9164B1B901C93E4E5002B9F
:102DF00000D11DE6134B1F931CE65369506899469A
:102E000004F0CAF94346060098680F0004F0C4F9BC
:102E1000434612901391D86804F0BEF902000B00EB
:102E200038E7C046F0CF0210C8C0021060D00210D0
:102E300018CF0210B40C0000E8CF0210339388437F
:102E400000960210ACB1021010B51149040010F048
:102E50008FFD002801D00F4810BD20000E4910F052
:102E600087FD002801D00D48F6E720000C4910F03E
:102E70007FFD002801D00B48EEE720000A4910F042
:102E800077FD002801D00948E6E70948E4E7C04695
:102E9000B8CB02108818031078D10210883A0310BA
:102EA00088D10210FC0F0310A0D10210787C03100F
:102EB000A465031070B505000C1E14D000230B6030
:102EC000224910F055FD002803D00123236020483B
:102ED00070BD28001F4910F04BFD002816D00123BB
:102EE00023601D48F4E7194910F042FD0028EED197
:102EF0002800184910F03CFD0028F2D1280017499D
:102F000010F036FD002819D01548E1E728001349D4
:102F100010F02EFD002803D0012311482360D7E7CD
:102F20002800104910F024FD002803D001230E488A
:102F30002360CDE7012323600C48C9E72800094935
:102F400010F016FD0028F7D00748C1E7B8CB0210F3
:102F5000FD21000078D102101C2B000088D1021046
:102F60008B080000A0D1021092080000D1160000CA
:102F7000F0B5DE4657464E464546E0B5D1B0029024
:102F80000520FBF721F9FEF761FA040002F0F0F9E1
:102F9000002900D17BE1FA220023920003F098F986
:102FA000FA21890003F056F91C228246002109A863
:102FB00004F08CF909A8FAF739F9002806D0342270
:102FC00002AB9B181B78002B00D065E100239946CB
:102FD0009846039302AB9C460F25002365442B7053
:102FE000280008AB07AA06A9FAF778F900239B4640
:102FF000002804D02B781A00531E9A419346D44FD0
:103000005D22D449380004F067F90520FBF7DCF8AD
:1030100038000094D04BD14AD1495C3005F0E2FD34
:1030200080265C300400B601B04200DB76E3052068
:10303000FBF7CAF8311B38195346CA4A05F0D2FDCE
:103040002418B44200DB73E33A194046924604F078
:10305000A3F8C54A00900191311B504605F0C2FD0E
:103060002418B44200DB5EE3311B38195B46BF4ACB
:10307000873405F0B7FDB44200DB63E32B78BC4A2C
:10308000311B381905F0AEFD2518B54200DB54E3BD
:10309000731B9A4648467B19984604F07DF8B54C58
:1030A0000090019122005146404605F09BFD2D18ED
:1030B000B54200DB55E3731B984603987B1999468C
:1030C00004F06AF8AC4C0090019122004146484659
:1030D00005F088FD2C18B44200DB3DE30520FBF72A
:1030E00073F8A64B311B38191B68A54A05F07AFD09
:1030F0002418B44200DB2AE30520FBF765F8311BF6
:103100003819A04A5B3405F06DFD10ADB44200DB08
:103110009BE0002398469C4BB2469B460023994671
:103120003B004746984610AD4B4629002B70F8B23D
:10313000FBF794F9434618192B780137311B00939C
:103140005A463B0005F04EFD23002034544579DA01
:10315000082FE9D199460520FBF736F84746311B81
:103160004E468A4A38199F3605F03CFD564500DB2D
:1031700046E1874B00249B4680239B0199462423EC
:103180005F469A46C34628220021280004F09EF894
:103190002900E0B2FAF72EF84B46991B5B469819C6
:1031A0005346EB5C013400933A00230005F01AFD0E
:1031B00033002A364E4500DB22E1082CE3D1984645
:1031C0000520FBF701F85F464B464446714A991BC0
:1031D000B8198B3405F006FD4C4500DB52E16E4B0F
:1031E0000026994624239A4680239B014F46984601
:1031F000D94619E05346EB5C002B20D0686803F0F9
:10320000CBFF02000B004146484601360092019375
:10321000091B001933003A0005F0E4FC241844456A
:1032200000DB2FE1082E3ED000212822280004F0E8
:103230004DF82900F0B2F9F7DDFF0028DAD10022BD
:103240000023E0E75548F8F72DFE5548F8F72AFE29
:1032500080211823534A4900280005F0C3FC029C32
:10326000652229002000F0F7E9FB0520FAF7ACFF02
:10327000182220004C49F0F7E1FB0520FAF7A4FFE3
:1032800051B0F0BCBB46B246A946A046F0BDFA21FB
:10329000890002F0DFFF83E6099B98460A9B994666
:1032A0000B9B039396E60520FAF78EFF4F464346A5
:1032B0003819191B3D4A5F3405F094FC444500DB86
:1032C0008CE13B4B0026994624239A4680239B01A0
:1032D000984618E05346EB5C002B1FD0A86803F01B
:1032E0005BFF02000B004146013600920193091B6F
:1032F000381933004A4605F075FC2418444500DBB4
:103300006CE1082E0DD000212822280003F0DEFFFA
:103310002900F0B2F9F76EFF0028DBD1002200236C
:10332000E1E70520FAF750FF43463819191B214AF7
:10333000663405F057FC444500DB53E11E4B002684
:10334000994624239A4680239B0198464FE0C04625
:103350002C540220FCD10210E88C02105CD2021026
:10336000A41F0000E4D2021070D3021010D4021087
:103370009CD4021038D50210A0D50210184E02209D
:1033800018D60210A4D6021000D7021024D70210BB
:10339000A4D70210D4D7021038D802102924000074
:1033A0002F240000CCDE021034DF021068D8021097
:1033B000C8D80210F4D802105CD902105346EB5C56
:1033C000002B1AD0E86803F0E7FE02000B0041462C
:1033D000013600920193091B381933004A4605F063
:1033E00001FC2418444500DBFCE0082E0CD0290029
:1033F000F0B2F9F7FFFE0028E0D100220023E6E753
:10340000DA48F8F74FFD20E70520FAF7DDFE4346DE
:103410003819191BD64A863405F0E4FB444500DB15
:1034200078E100239846D34B994624239A463B00E3
:10343000474698461DE05346EB5C002B1FD0CE4913
:10344000A86903F030FE03F0A7FE02000B008026FF
:1034500040460137B60100920193311B00193B0031
:103460004A4605F0BFFB2418B44200DB52E1082FA6
:103470000CD02900F8B2F9F7BDFE0028DBD10022FC
:103480000023E4E7BD48F8F70DFDDEE60520FAF776
:103490009BFEBB4B474618009846F4F713FC3B19BC
:1034A0009C46311B002800D0A0E000236046B54AAE
:1034B00005F098FB20009330B04200DBC5E62334D2
:1034C000311A0023B04A3818FF3405F08BFBB442A0
:1034D00000DBBAE6AD4B002203930023311B0092C0
:1034E00001933819039A05F07DFB2418B44200DBE0
:1034F000ABE6A74B002203930023311B00920193FC
:103500003819039A05F06EFB2418B44200DB9CE6E0
:10351000A04B002203930023311B00920193381922
:10352000039A05F05FFB2418B44200DB8DE69A4B4A
:10353000002203930023311B009201933819039A50
:1035400005F050FB2418B44200DB7EE6934B0022CA
:1035500003930023311B009201933819039A05F05D
:1035600041FB0419B44200DB6FE680239B019846BF
:10357000191B381900238A4A8C3405F033FB2600C6
:10358000444500DB61E64346191B00233819854A90
:1035900005F028FB802386199B019E4200DB54E640
:1035A0000520FAF711FE002E00DA4EE680213300E6
:1035B0007D4A4900280005F015FB290082B20298D7
:1035C000F0F73CFA0520FAF7FFFD002E00D098E056
:1035D000320076497648F5F773F951E67548F8F701
:1035E00061FC32E67448F8F75DFC2EE6434660461F
:1035F0001B78644A05F0F6FA2418B44200DB24E68E
:1036000042462423311BD35C38195F4A8F3405F0BE
:10361000E9FAB44200DB18E6331B9A463B19994697
:103620004346586803F0B8FD584A0090019151464E
:10363000484605F0D7FA0419B44200DB05E6331B0F
:103640009A463B1999464346986803F0A5FD504AAF
:10365000009001915146484605F0C4FA0419B4425D
:1036600000DBF2E5331B9A463B1999464346D8687E
:1036700003F092FD474A009001915146484605F0FB
:10368000B1FA0419B44200DBDFE5331B9A463B195B
:1036900099464346186903F07FFD3F4A0090019127
:1036A0005146484605F09EFA0419B44200DBCCE5C9
:1036B000331B9A463B1999464346586903F06CFD03
:1036C000364A009001914846514605F08BFAA146D2
:1036D0008144B14500DBB8E580244346494648466D
:1036E000A401DB692E4A611A381805F07BFA4844B8
:1036F0000600A04200DBA8E54346B8191B6AA11BDF
:1037000045E739000298B2B2F0F798F90520FAF7C8
:103710005BFD5DE72948F8F7C5FB96E52848F8F713
:10372000C1FB10AD91E52748F8F7BCFB10AD8CE567
:103730002548F8F7B7FB10AD87E52448F8F7B2FB4A
:1037400010AD82E52248F8F7ADFB10AD7DE52148CC
:10375000F8F7A8FB10AD78E51F48F8F7A3FB10AD0C
:1037600073E51E48F8F79EFB10AD6EE52A240000B5
:1037700088D9021010DA021000007A442B240000CD
:103780004C74022048DA0210E0DA021074DB0210F6
:1037900004DC02107CDC021014DD0210ECDF0210ED
:1037A000B0DD021040DE021050DF0210BCD102106A
:1037B000C4DF02102C2400002D2400002E24000061
:1037C00021240000232400002224000025240000DE
:1037D00024240000282400002724000026240000C0
:1037E000F0B5DE464E4645465746E0B5B94C0500B5
:1037F000A5440520FAF7E8FC0BA8FDF7F5F981468A
:10380000031E00D148E1FDF70BFB82460520FAF7C5
:10381000DBFC5EAB98464246AF4B002613CB13C28F
:103820001B780C2713700BAB9B46AC4B089507938A
:1038300053465C244A465D460993EB7EAA46A52B77
:1038400000D099E0F3B20493079B03960693002AF5
:1038500000D13AE153461A78002A00D133E17220B0
:103860008346043800238146691C05951BE05C2AC9
:103870001BD00A2A35D00D2A47D0092A59D01F2A31
:103880006BD9AB2008ADAC46C000954D181860440C
:10389000AC466044027001330A78002A1CD0013122
:1038A0003F2B00D1A6E0222AE1D1981C3E2B00D16B
:1038B000DAE0AB25ED005B1908ADAC46884D6344FA
:1038C000AC469C4465462C70864DAC4663441A70E9
:1038D0000A780300002AE2D12EAA9446059D63448B
:1038E0008DE09A1C3E2B00D1BEE0AB20C0001B181F
:1038F00008A884467A4863441818047079488446B6
:103900004846634418701300C6E79A1C3E2B00D14A
:10391000AAE0AB20C0001B1808A884467048634486
:10392000181804706F488446584663441870130092
:10393000B2E79A1C3E2B00D196E0AB20C0001B18CA
:1039400008A884466648634418180470654884468D
:1039500074206344187013009EE70A78002ABBD0D5
:103960000131A0E702363835052E0AD0EB7EAA4693
:10397000A52B00D17EE0002201361C35052E00D09B
:103980005BE7099B80269A464346F600F11BD8194F
:10399000554A089D05F026F94346C419181953469F
:1039A000311BFF2B6CD0514A05F01CF980232418E1
:1039B000DB009C426CDD1C002300C0214C4A2EA879
:1039C00005F010F92EA982B22800F0F737F805208B
:1039D000FAF7FAFB41462800A2B2F0F72FF80520CB
:1039E000FAF7F2FB434B9D44F0BCBB46B246A946F6
:1039F000A046F0BD08AAD7239446059D6344002243
:103A00001A704346D819534680219B7EC900019302
:103A10002EABC91B0093069A039B05F0E3F8049BA9
:103A20003F18DB071CD5731C9B461C239946A944F1
:103A3000042EA6D04B46DB7ECA46A52B92D15B4610
:103A4000DBB204935B46039380214346C900C91B44
:103A5000D819294A05F0C6F85E464D463F18F9E6E2
:103A60000520FAF7B1FBDEE708AAD6239446059DA8
:103A70006344C4E7F3B2B346A94604930396E3E76D
:103A80001E4A05F0AFF880232418DB009C4292DC2C
:103A9000E343DB171C408FE72C33C021184A5EA894
:103AA00005F0A0F85EA9A3222800EFF7C7FF0520C4
:103AB000FAF78AFB2C2228001249EFF7BFFF0520F6
:103AC000FAF782FB8EE72EAB99E7044BB346A94683
:103AD0000693B9E784FAFFFF2CE102103CE10210E3
:103AE00040FBFFFF41FBFFFF5CE1021058E10210C9
:103AF00018CF02107C0500005CD002106CE10210AF
:103B000088E002108C900310F0B5C64600B507009F
:103B10008EB005200C00FAF757FB002C00D18EE088
:103B20002000F1F765FD0520FAF74EFB01AE1022EB
:103B3000002103A803F0CAFB08220021300003F093
:103B4000C5FB20005349F1F721FD051E3BD00100C4
:103B50000F2203A80FF026FD6B464F4920001D7B66
:103B6000F1F714FD011E05D0072230000FF01AFDF9
:103B70000023F371002D31D03378002B2ED030008C
:103B80000DF0DCFC0500042868D8444903A80FF0B8
:103B9000E3FF061E2ED0424903A80FF0DDFF0028E8
:103BA00065D1E8B2F8F744FC04000520FAF70CFBF5
:103BB000002C4DD0A32238003A49EFF73FFF0520F3
:103BC000FAF702FB12E034492000F1F7DFFC011E96
:103BD00004D0072230000FF0E5FCF571A322380075
:103BE0003149EFF72BFF0520FAF7EEFA0EB080BC53
:103BF000B846F0BD07AB2D49187020009846F1F784
:103C0000C5FC011E05D0192240460FF0CBFC4346EF
:103C10005E7620002649F1F7B9FC002832D00A224E
:103C200000210FF021FBFF282AD8C2B24146E8B29A
:103C3000F8F7D0FB04000520FAF7C6FAB8E71D49EB
:103C40009B223800EFF7FAFE0520FAF7BDFACDE720
:103C5000C12238001849EFF7F1FEB0E79922380089
:103C60001649EFF7EBFE0520FAF7AEFABEE79D2204
:103C700038001349EFF7E2FE0520FAF7A5FAB5E799
:103C8000FF20D2E720000F49F1F780FC0028C6D1C1
:103C90000D49D5E774E102107CE1021080E10210C9
:103CA000A4E10210D08C03104C8F031088E10210A5
:103CB00090E10210F08F03100C8C0310B08E0310F3
:103CC000748D031098E10210148E031070B5050076
:103CD00005200C00FAF778FA002C35D02000F1F717
:103CE00087FC0520FAF770FA20002149F1F74EFC15
:103CF00000283BD00DF022FC0400042815D8F3F76F
:103D0000D3FF002829D0E0B2FDF744F904000520D4
:103D1000FAF75AFA002C11D1A52228001549EFF71D
:103D20008DFE0520FAF750FA07E013499922280082
:103D3000EFF784FE0520FAF747FA70BDA3222800AA
:103D40000E49EFF77BFEECE79B2228000C49EFF7CA
:103D500075FE0520FAF738FAEFE7B1222800094985
:103D6000EFF76CFE0520FAF72FFAE6E70649DDE7E4
:103D70007CE1021038880310388A0310E0880310B1
:103D8000708B031084890310D48A0310F0B50600E9
:103D900087B005200C00FAF717FA002C00D168E074
:103DA0002000F1F725FC0520FAF70EFA1022002179
:103DB00002A803F08BFA08220021684603F086FA75
:103DC00020003849F1F7E2FB6F46051E34D00100B0
:103DD0000F2202A80FF0E6FB334920003D7AF1F7ED
:103DE000D5FB011E05D0072268460FF0DBFB002340
:103DF000FB71002D05D02D4902A80FF0ADFE002863
:103E000049D03B78002B25D038000DF097FB0428D3
:103E100038D8C0B2F8F72EFB04000520FAF7D4F921
:103E2000002C20D0A32230002149EFF707FE052007
:103E3000FAF7CAF907B0F0BD1B492000F1F7A6FB5D
:103E4000011EDED0072268460FF0ACFB3B78FD7107
:103E5000002BD9D1A32230001649EFF7EFFD052042
:103E6000FAF7B2F9E6E7A92230001349EFF7E6FDC9
:103E7000DDE79B2230001149EFF7E0FD0520FAF75E
:103E8000A3F9D7E7992230000D49EFF7D7FD0520B8
:103E9000FAF79AF9CEE7F8F70FFB04000520FAF7D6
:103EA00093F9BDE774E102107CE10210ACE102106D
:103EB000B88503105C8603100C8503109C870310E3
:103EC000008703100022114B70B500211A701048B2
:103ED000113203F0FBF90F4D2800F8F771F9041EB9
:103EE00008D02B78002B0ED10B4A0C490C48F4F764
:103EF000E7FC70BD01231F220A49681C2B700FF0DC
:103F000051FB2023EC54084AEFE7C04617860220F5
:103F10008C8202202C750220BCE10210D0E102103C
:103F2000D8E10210C8E10210B4E10210024B187887
:103F3000431E9841C0B270472C750220F8B5304B33
:103F400005001B78002B1BD02E4C2378002B01D1B1
:103F50000020F8BD0BF002F92B4E3368C01A2B4B32
:103F600098420FD900232370F2E72000102228493D
:103F700008300FF0E3FA0028EAD10BF0EFF83060D8
:103F80000120E6E7280023490FF0F2FC00282AD0A0
:103F9000C41D200020490FF0EBFC051E2AD0AC42C6
:103FA000D6D21E4F2378202B03D03B2B01D0092BD8
:103FB00003D10134AC42F5D1CAE707223900200011
:103FC0000FF0BCFA002802D1E3793D2BCDD0A542F9
:103FD00003D8BDE70134A542BAD023783B2BF9D1F1
:103FE000A542DFD8B4E728000D490FF0C1FC002836
:103FF000CED1ADE720000FF031FE2518CFE7C04647
:104000002C7502201786022088820220C027090012
:104010008C820220ECE10210C0DF0210FCE10210F1
:10402000F4E10210F0B5CE46474680B5050083B0F6
:10403000002865D0334E30000FF010FE0700280036
:104040000FF00CFE3B1A591E8B416946DBB2020091
:10405000CC1D38002370974250D8002809D0002387
:10406000F15CEF5C227879400A4301332270984278
:10407000F6D12378002B43D1234B02269946180012
:1040800010239C4601210F25204F214ACC44D3699F
:10409000D4695B000C4033402343D4695B000C407F
:1040A0002343D4695B000C402343D4695B000C407C
:1040B0002343D4695B000C402343D4695B000C406C
:1040C0002343D4695B000C4023432B40FB5C03700B
:1040D00001308445DBD14A46002313740D4B19701F
:1040E0000BF03CF80C4B0D4918600D48F4F7E8FB59
:1040F000484603B0C0BCB946B046F0BD1000ACE7BE
:104100000020F6E72D7502208C8202208C9B031084
:10411000000006401786022088820220D0E10210AB
:1041200004E2021030B50500C1B008001049F1F7F3
:104130002DFA041E16D0F1F75BFA2000FFF772FF8C
:10414000031E0FD080210B4A4900684604F04AFD47
:10415000694682B22800EFF771FC0520FAF734F8BF
:1041600041B030BDB02228000349EFF767FCF4E707
:104170003CE3021038E20210D89A0310002210B576
:1041800004000A4B00211A700948113203F09EF80E
:1041900008490948F4F794FBC42208492000EFF7C6
:1041A0004DFC0520FAF710F810BDC0461786022016
:1041B0008C820220D0E1021024E20210109A031037
:1041C00030B50500CBB00800FFF7B8FE144B1B78E4
:1041D000002B1FD0134B00281FD012490091124A08
:1041E000602102A804F0FEFC04000300C0210F4A75
:1041F0001AA804F0F7FC1AA993222800EFF71EFC76
:10420000A2B202A92800EFF719FC0520F9F7DCFF9C
:104210004BB030BD064B0028DFD10549DEE7C04674
:104220002C750220E8CF021004E3021018CF021010
:10423000F0CF0210F0B5C64600B53D4E0700347809
:104240008846100088B0002C04D0FFF777FE0028C5
:1042500064D0347820220021684603F037F84046C5
:104260003449F1F793F9051E47D0F1F7C1F92B78DE
:10427000312B3AD16B78002B37D140462E49F1F7DC
:1042800085F90124051E47D02800F1F7B1F91F2256
:10429000290068460FF086F96B461B78002B32D058
:1042A0001F226946701C34700FF07CF92023002215
:1042B000F254002C01D1214B1C703000F7F7BEFFE7
:1042C0000A200AF005FF0520F9F77EFF8A221C4923
:1042D0003800EFF7B3FB0520F9F776FF1948F7F739
:1042E000D9FF08B080BCB846F0BD2B781C006F3CED
:1042F0006F2B0AD063425C41E4B240460E49F1F7AD
:1043000045F9051EC0D13470D3E76B781C006E3CB4
:104310006E2BEFD1AC78EDE73470CEE79822380001
:104320000949EFF78BFB0520F9F74EFFD9E7C046A7
:104330002C75022028E3021038E3021017860220B1
:10434000E8980310881300007499031010B504490D
:10435000044AEFF773FB0520F9F736FF10BDC0469E
:10436000BC9003102A0800000FB4802100B5C3B030
:1043700044AB04CB490002A8019304F047FC002899
:1043800004DBFF2806D80748F7F78CFD43B008BCCC
:1043900004B0184769460820FF2300220918CA54B0
:1043A000F1E7C046306F000010B5040082B00B008A
:1043B0000092714622000248FFF7D6FF30BFFDE7AA
:1043C00048E3021010B50C4C82B000280DD0002A32
:1043D0000FD0002B0BD0094C009313000A000100F2
:1043E0002000FFF7C1FF30BFFDE72000EFE723000B
:1043F000F1E72200EDE7C04680E3021084E30210FB
:104400000FB400B57146C3B00948FFF7ADFF449B38
:10441000002B0AD0802145AB449A490002A80193A1
:1044200004F0F4FB0348F7F73DFD30BFFDE7C0465D
:10443000A4E30210316F000010B50248F7F732FD17
:1044400030BFFDE7326F0000094A83009A1810B5AB
:1044500014684022544080322240064CC000A446DA
:1044600063441A60044B9C466044416010BDC046E2
:1044700004C0014004D0014000400140074B8000CF
:10448000C3181B68C90092000A435A400C2313400A
:10449000034A9446604403607047C04604C001402C
:1044A00004D001408000002905D0064B9C464023E3
:1044B000604403607047044B9C46402360440360A3
:1044C000F8E7C04604E0014004F001400123D02297
:1044D0008340120693629361094A83009A18116817
:1044E0004022514080320A400649C0008C46634455
:1044F0001A60054B9C460523604443607047C046E4
:1045000004C0014004D00140004001408023DB058D
:104510001868000F7047C0460FB400B5084883B054
:1045200004F0A4FD049B002B07D005A918000191FD
:1045300004F08CFB034804F099FD012004F09EFB7D
:10454000C0E302106499021010B50148FFF7E4FFC0
:10455000D0E3021070B5EFF3108C72B60D4D2B68DE
:10456000002BFCD0BFF35F8F0724CB08C618C05CBC
:1045700001230C40A3401C000440034207D1184310
:104580003070BFF35F8F2C608CF3108870BD10000B
:10459000FFF736FF2C0100D0F8B54746CE468846D7
:1045A00080B5EFF3108C72B61C4D2C68002CFCD03B
:1045B000BFF35F8F9A4222D807210126894602E085
:1045C0000132934218D34D4637001540AF40D4080E
:1045D0000119045D2742F3D110003C430C70BFF376
:1045E0005F8F00220D4B1A608CF3108800280EDBC1
:1045F000C0BCB946B046F8BD01204042EFE7BFF36A
:104600005F8F00232B608CF31088012040424346CB
:10461000002BEDD00898FFF7F3FEC0462C0100D028
:10462000044A1078431CDBB2172B00D910231370F7
:104630007047C0466632002010B5064B064C82B06B
:104640000100009318221F232000FFF7A5FF02B0EE
:1046500010BDC046E0E30210244B02200021044BB1
:10466000044ABFF35F8F02C39342FAD17047C0463A
:10467000000100D0800100D0054B064A1360064AB5
:10468000136053609360D36013615361936170470B
:104690008080808000E400E004E400E01F231840F4
:1046A0001E3B8340002905D0C021044A49005350D5
:1046B00013607047802201498B50FAE700E100E067
:1046C00001228240034B1B6813405A1E9341D8B20B
:1046D0007047C04600E100E001238340014A1360B7
:1046E0007047C04600E200E0064B10309B68800037
:1046F000C358054A00209B1A2F229A424041C0B25B
:104700007047C04600ED00E06832002070B50D0033
:10471000EFF3108672B60F4A1368002BFCD0BFF37C
:104720005F8F0D4B10309B6884001B590B4A9342DE
:1047300003D09D4201D0FFF77FFE074B9B681D51C0
:10474000BFF35F8FBFF35F8F0022024B1A6086F3C7
:10475000108870BD240100D000ED00E0C101001000
:10476000F0B557464E46DE464546E0B585B00600F4
:1047700000911700EFF3108B72B66A4A1368002B92
:10478000FCD0BFF35F8F0025674B5D579A46002D25
:1047900000DAA9E06B00654C01935B199B00984619
:1047A000A146C1444B4652469B7910361370604B6C
:1047B000B6009B6899590B1B2F2B33D95D4B99423F
:1047C00000D0ACE0019B42469C465B4B6544AD008B
:1047D00063535A4B0232A218043B9B1A1B05584ADA
:1047E0005B0D651913436B80564B0121AB80FF2392
:1047F000AB71009BEF71AB604B460B4319004C4B08
:104800009B689951BFF35F8FBFF35F8F0022454BC9
:104810001A608BF3108805B0F0BCBB46B246A946BF
:10482000A046F0BD01200A008243D3798C46BB42EA
:1048300031D84546130044491B1B5B415943090DC0
:104840003D4B63533D4B02356519043B5B1B1B0518
:104850003B4D5B0D2B43AA464D466B800425AC4671
:104860005546E044131F44441B1B1B055B0D1D43B1
:104870004B46997100999D8099604946DF71334B91
:1048800001431360BBE75800C01880002018C179AD
:10489000B9422FD902000623D356002BF3DA029334
:1048A0002B4B61460393131D9A4604235B429C469F
:1048B000E14450464B461B1A1B055B0D9C46204BA2
:1048C000957198466346404603439380019B5A196D
:1048D0009200039BA418A380029B1C4AA371009B17
:1048E0002260E771A3608AE7FFF7A6FD0025534623
:1048F0005D574FE7908802934005131D9A460315B4
:1049000061469C464046D444634604302018181A39
:10491000E0230005400D1B0218430390C5E7FFF795
:104920008BFD4FE7240100D0EF8502206832002084
:1049300000ED00E0C101001000A1FFFF983200204F
:1049400000E0FFFF01BDFFFFAAAA00000148804769
:1049500001BD000010B58308040003202040FF249F
:10496000054AC0009446844081409B0063441A6815
:10497000A2430A431A6010BD00E400E070B50124B0
:104980000443EFF30581EFF3108C72B6214A1368EC
:10499000002BFCD0BFF35F8F1F4B05001F4AED1AA1
:1049A0006D416A43120D1E4D8900AE6852B27658B1
:1049B000A6421CD00621595691421CD012215956AC
:1049C000914222D01E215956914220D02A21595677
:1049D0000324914210D0134B19781A708171BFF3E0
:1049E0005F8F00220B4B1A608CF3108870BDAB6890
:1049F0000D4C5C50EFE700246100091989005B1839
:104A0000FF21997109499980E5E70124F4E702241F
:104A1000F2E7C046240100D068320020AAAA0000B4
:104A200000ED00E0EF850220C101001001BDFFFF95
:104A300010B5084B084C82B00100009300220523FA
:104A40002000FFF7A9FD002801DB1F23181A02B080
:104A500010BDC046FCE302101E860220024B9C469D
:104A600061448900016070474000003470B5114C0A
:104A7000114DAC420FD2FF262368002B0CD0FFF75C
:104A8000CFFD01002000FFF7E9FFA680BFF35F8F95
:104A90000834AC42F0D370BDFFF7C2FD0100200026
:104AA000FFF7DCFF2671BFF35F8F0834AC42E3D31E
:104AB000F1E7C046003A0020083A002010B5040093
:104AC000FFF7AEFD01002000FFF7C8FFFF232371B1
:104AD000BFF35F8F10BDC04610B504000120FFF783
:104AE000ABFD034BC3189B002360BFF35F8F10BD6A
:104AF00040000034034B9C46614489000160BFF3D1
:104B00005F8F7047400000340A4B1968EFF3108044
:104B100072B60A68002AFCD0BFF35F8F1B68BFF330
:104B20005F8F00221A6080F3108840BF00200021B0
:104B30007047C04610850220F0B5DE4657464E4607
:104B40004546E0B587B0EFF30583032201251A40FF
:104B5000954091008846A946B34B03925C58B34BED
:104B60001D60B34B04934B46B24843630823E55E94
:104B7000002D37DAA3881BB2002B00DBADE0A37950
:104B8000002B00D0EEE00823E05E002820DB43008D
:104B900062691B18DB00D3189E68DD68731C00D1A6
:104BA00011E1A44801004144826A0B69B71A9B1ABB
:104BB0009F4215D30123026A039883401A420FD003
:104BC0009C4800F0CDFB8D4202DCCCD18642CAD994
:104BD00040BF07B0F0BCBB46B246A946A046F0BDF8
:104BE0000E61EDE762696B0092465B19DB009A4447
:104BF00053469E68DF6800F0B3FB8F42BADC00D1F9
:104C000003E1002F00DAE8E05246534652691B697F
:104C10009346049A934200D1D9E052460821605E3F
:104C2000528800045946104398470090019100991A
:104C3000019A0B001000134300D1CEE013000A00CC
:104C4000B61A9F41002806DB7A4800F089FB009ED7
:104C5000019F36184F4153469E60DF6000229A5EE6
:104C6000002A00DA86E7530099186069C9004118E4
:104C700002938B68C9689B46B94200DD7AE702D18E
:104C8000B34200D976E708239C46A44405956546BF
:104C90002281A446029B2C0006E053009918C9000B
:104CA00041188D68C968AB469B18DB00C318B94230
:104CB00006DC00D1B3E01C000023E25E002AECDA3F
:104CC000230064469C4653461A806346059D1D801A
:104CD000A3881BB2002B00DA51E72269EFF31081A1
:104CE00072B61368002BFCD0BFF35F8F0123A78837
:104CF0005B42A3803FB22369BFF35F8F00221A603B
:104D000081F31088002F00DA39E7230008332200EE
:104D10009A4666697B00DB19DB00F31899685046F8
:104D20008C460824115FDD68002910DB029306E041
:104D3000AB4244D00023E15E2000002906DB4C009A
:104D40006418E4003419E368AB42F1DD029B07808C
:104D500000201F5E1980002FDCDA1400A379002BDD
:104D600000D110E70023A37126000823E15E083676
:104D70004B1C00D12CE70800A246656902E03E000A
:104D80004B1C1AD04B005B18DB00EF180A008C4656
:104D9000E95E7B881BB2002BF1DA01235B42DC1752
:104DA000BB60FC60824205D0534631801B893B804A
:104DB00053461A8160464B1CE4D15446E5E6A3688D
:104DC0006345B7D9C2E76B1C00D0EAE6F8E65B465C
:104DD00058461B69984700281BD153461B882269F7
:104DE0002381EFF3108372B611680029FCD0BFF362
:104DF0005F8F514662880A8022696580BFF35F8FAA
:104E00000021116083F31088B4E6864200D8F8E6EA
:104E1000B0E65B461A685B680092019307E7B3450A
:104E200000D848E74CE7C0467C7402203C7005403F
:104E3000394B01100040054070B52E4C2569002DFE
:104E400004D00A212C48FFF709FE70BD2B4E032128
:104E5000300000F07BFAE660FFF7E2FB284B03220C
:104E60009C46D02322701B061B6801216370254BD2
:104E70006044A3600F238000206102206380636987
:104E80004942A18019800231198647311D83585249
:104E900018315A5275325C3999521832013199528F
:104EA00018320131995218320131995208351832AD
:104EB0009D520231183299521832013199521832EA
:104EC00001319952183201319952183201319952F7
:104ED0001832013199520C4B0C49DC6001303562BB
:104EE000FFF714FC01210320FFF7D8FB084B1D60DE
:104EF000A7E7C046B03200201085022000400540E0
:104F000040000034FFFF10007C740220394B011078
:104F10003860054000487047B0320020F8B51F00E7
:104F200008AB1B7804001600002B08D100F020FA13
:104F300032003B00121A8B41002B00DA52E022694A
:104F4000EFF3108072B61368002BFCD0BFF35F8FB5
:104F50000223E15E63694A005218D2009B1822695D
:104F6000002936DB1D886580BFF35F8F0025156043
:104F700080F31088069A9E60DF601A61079A5A6172
:104F80005A8801325204520C101C002A1FD082B2DF
:104F90005880080410432669EFF3108772B6326810
:104FA000002AFCD0BFF35F8FA2881A80A1802369FA
:104FB000BFF35F8F00221A6087F310880A492378B5
:104FC0008C4601329A40E36863441A60F8BD0120C0
:104FD000DDE7BFF35F8F0023136080F310880120AB
:104FE0004042F3E70020F1E73C20000070B50100EB
:104FF0000469EFF3108C72B620680028FCD0BFF370
:105000005F8F02200D5E4C6968004019C0002418B3
:105010000869002D36DB26884E80BFF35F8F00269F
:1050200006608CF31088E360638804980133206184
:105030005B0405985B0CA26060611A1C002B1FD0FA
:1050400093B22804628018430A69EFF3108C72B699
:105050001368002BFCD0BFF35F8F8B8823808D807B
:105060000B69BFF35F8F00221A608CF310880B78F6
:1050700001329A40CB6808498C4663441A6070BD7F
:105080000122DDE7BFF35F8F002303608CF31088FC
:1050900001204042F3E7C0463C20000010B54389A0
:1050A0000A1493421ADD53009B184269DB00D3189F
:1050B0000469EFF3108C72B62268002AFCD0BFF3AB
:1050C0005F8F5A88090494B2090C8A4208D0036998
:1050D000BFF35F8F00221A608CF31088002010BD90
:1050E0008022120214435C80012302698371BFF3A2
:1050F0005F8F002111608CF31088044902788C4680
:105100009340C268012062441360E8E73C2000003D
:1051100040787047F0B5C64600B582B0040000F094
:1051200027F9FA2206000F00200000230021920038
:1051300001F082FF8019794104000D1E02DA01247A
:105140002E4D644206267642F71736196F41AF425C
:1051500014D811D000F00CF932003B00121A8B4128
:10516000002B15DC002B46D02000290000F08CF924
:1051700002B080BCB846F0BDA642EBD9002600279D
:1051800000F0F6F832003B00121A8B41002BE9DDEB
:1051900000F0EEF832003B00121A8B41002B0ADBC4
:1051A00000230193164B3200009316483B00FFF793
:1051B0001DFF0130D8D000233900B0469C46124A6A
:1051C0001248536A994204D8966A4645CCD299420D
:1051D000CAD10668EFF3108772B63368002BFCD093
:1051E000BFF35F8F0368BFF35F8F66461E6087F370
:1051F000108820BFE5E7002AB6D0C9E7FFFFFF7F90
:10520000094B0110B03200200040054010850220FB
:10521000F0B557464E46DE464546E0B506000F005F
:1052200085B0EFF3058399468B46002B12D03849A1
:1052300000204B6ABB4206D38A6ADB1B591E8B4196
:10524000B2424041184305B0F0BCBB46B246A94645
:10525000A046F0BD2F4B9A46DB68984653461B7814
:105260004046039300F07CF84246039B040004335D
:105270009B009B580D001B1A39003000001BA941F0
:10528000894510DC0DD020BF214A0020536A5B45C0
:10529000D9D3926ADB1B591E8B41B242404118435D
:1052A000D1E78342EFD900F063F832003B00121AD5
:1052B0008B41002B1ADB00230193174B3200009324
:1052C00050463B00FFF792FE011E0FDD104B5A6A5D
:1052D0005A451BD39B6AB34216D35046FFF7DEFEF6
:1052E0000B4A0020536A5B45ADD3D2E7084A002041
:1052F000536A5B45A7D30020926ADB1BB242404150
:105300005A1E934118439EE75A45E6D120BFE4E771
:1053100000400540B0320020094B011007494368A6
:105320004A6A10B504680020934206D8896A9B1A1D
:105330005A1E9341A1424041184310BD0040054010
:1053400002604360004870471D53011010B5024AC7
:105350000248FFF7FFF810BD18E40210284B0220A6
:105360000300416A0A00986A596A8A42FAD1704772
:10537000034B596A0A00986A596A9142FAD17047F8
:105380000040054070B504000D00174A536A19002B
:10539000966A536A8B42FAD13000190024184D41A5
:1053A000AB4216D813D0104B2A005B6A9D4203D93A
:1053B0000D494B6A9342FCD3934207D10A4A02E05B
:1053C000516A994202D1916AA142F9D370BDA642B5
:1053D000E9D9054B5B6A1C005A1CEFD0012201245D
:1053E0006442E5175242E3E700400540244B70B5A4
:1053F00098420BD843011B1A224A9B001818916A45
:10540000C000936A5B1A9842FBD870BDFA22002351
:105410009200002101F010FE04000D00194A536AA9
:105420001900966A536A8B42FAD130001900241889
:105430004D41AB4218D9134B5B6A1C005A1C0AD071
:10544000012301246442E5175B420E494A6A9A42ED
:10545000FCD39A42D9D10B4A02E0516A9942D4D185
:10546000916AA142F9D3D0E7AB4205D0054A2B009F
:10547000526A9542E9D8ECE7A642F7D9DBE7C04685
:105480009BC4200000400540064A536A9942FCD85C
:1054900007D1044B02E05A6A914202D19A6A9042C3
:1054A000F9D8704700400540F8B5040006200D000B
:1054B00000F054FA002844D0374B3849E3185A1EFC
:1054C00093418022120494465B429B0D344A9B0513
:1054D00063441360334A136018000A689043FBD199
:1054E0002D4B314AE31859424B4180215B00490062
:1054F0000620995200F032FA2900C00000F0AAFEFE
:105500000130C3091ED1402701226262A362266BCB
:10551000F30722D4E36A254B0620E51800232B600D
:10552000266300F01BFA3900800000F093FE702320
:10553000E26A5A400E3313402B601D4B2363032352
:10554000A364F8BD1B4A93421ED900231A4A1B4F7D
:105550006262A362266BF307DCD5194B144AE31889
:105560001A60656AA36A0620AD01ED1800F0F6F92D
:10557000144900F06FFEAD020100280000F06AFE41
:105580000021FFF7FFFEC5E74006800E9F011A00CD
:105590003F180300B9E7C0460080FCBF08C00040C8
:1055A00000E0004000F00040388502202C10000090
:1055B00001030000FEFF0000FFFF0000C0FF3F00EE
:1055C000303000004E0E00000539013AF8B5D20027
:1055D0004C0105001443002B06D0013B5A425341B5
:1055E0009B00234302241C432E6BF30708D46E2335
:1055F000EA6A624013400E4AAA1813602E63F8BD8F
:105600000C4B0D4AEB181A606F6AAB6A0620BF019B
:10561000FF1800F0A3F9094900F01CFEBF020100C9
:10562000380000F017FE0021FFF7ACFEDFE7C046B0
:105630002C10000030300000010300004E0E00006E
:10564000F8B5454657464E46DE46E0B51E000A9B75
:10565000050088461700B34200D986E01A00330ED1
:10566000994633029B4649460023584600F030FED7
:10567000414B6C009C466419A4000200644400295C
:1056800039D0636800234E469A462B1FDBB29946F9
:10569000012B45D9C02380229B01E31812011A6017
:1056A000364BAD0059599B46002907D0586900F088
:1056B000D1FD013043001B18033BFDD27B01E027E5
:1056C000226853401F4080234A465B01E3181F6055
:1056D000012A3DD9802380229B01E31812011A6020
:1056E000534663605B4601205E51F0BCBB46B24648
:1056F000A946A046F8BD802382469B00984236D337
:1057000000235846494600F0E3FD060063689A45C9
:10571000BBD9534663602B1FDBB29946012BB9D826
:105720004346012BB6D1C02303229B01E3181A6024
:10573000023AA3681A42FCD07B01E0272268AD0040
:1057400053401F4080230D4A5B019346E3181F60BE
:1057500042462168514003220A401A600122434612
:105760009A40A3681A42FCD0B4E70020BDE780232A
:105770005B009A46CAE7C046008000402C4B0220DE
:10578000F8B5DE464E4657464546E0B58B46050021
:105790000A991800160000F05DFD0A9B6C001F02BC
:1057A000324B64199C46A4006444636881469F425E
:1057B00000D967602B1FDBB29846012B30D9C0237C
:1057C00080229B01E31812011A60294BAD00595940
:1057D0009A4600291BD17301E026226853401E40DF
:1057E000802342465B01E3181E60012A30D98023E2
:1057F00080229B01E31812011A6053464A466760F3
:105800005A51F0BCBB46B246A946A046F8BD5869FD
:1058100000F020FD013043001B18033BFDD2DAE706
:105820005B46012BCBD1C02303229B01E3181A60F6
:10583000023AA3681A42FCD07301E0262268AD0048
:1058400053401E4080230A4A5B019246E3181E60C3
:105850005A462168514003220A401A6001225B46E1
:105860009A40A3681A42FCD0C1E7C04600800040BD
:105870002C4B0220F0B546464F46D646C0B51F0019
:10588000344B44009C462418A40064446368884652
:105890001600FF2B02D880235B006360031FDBB27E
:1058A0009A46012B30D9C02380229B01E3181201B4
:1058B0001A60294B85005959994600291BD173015B
:1058C000E026226853401E40802352465B01E318C5
:1058D0001E60012A30D9802380229B01E318120127
:1058E0001A6080235B0063604B465F51E0BCBA46A0
:1058F000B146A846F0BD586900F0ACFC0130430049
:105900001B18033BFDD2DAE74346012BCBD1C02362
:1059100003229B01E3181A60023AA3681A42FCD0E2
:105920007301E0262268850053401E4080230A4A06
:105930005B019146E3181E604246216851400322F4
:105940000A401A60012342469340A2681342FCD0E9
:10595000C1E7C046008000402C4B0220014B800074
:10596000C05870472C4B0220F0B54746CE4680B554
:105970005B4B16005A680700884683B0FF2A02D89E
:10598000802252005A600322564B554D1A60012363
:10599000AC682342FCD0202229685140C0320A4022
:1059A00051490A602A684E4D5A40032313400B6048
:1059B0000223AC682342FCD080224C4B12011A60B7
:1059C00080235B006B604A4C99464A4B3A00636106
:1059D000012143464848009600F0D8F94146380076
:1059E000714300F037FC454B05005A68FF2A01D887
:1059F0004A465A608022424B12011A6021690029EE
:105A000007D0606900F026FC013043001B18033BFF
:105A1000FDD2E023394A3B4811680B400360022362
:105A20001168594001330B40042103609368194207
:105A3000FCD08021344B090119608021334B49008F
:105A400051602361264B5A68FF2A00D8596003220F
:105A50000121244B1A60224A93681942FCD0E023AA
:105A60001068034020480360126803234A40022163
:105A700013401B4A036093681942FCD080211B4BE2
:105A8000090119608021224B4900516065615A6803
:105A9000FF2A00D8596080221E4B12011A60A169AA
:105AA000002907D0606900F0D5FB013043001B18C6
:105AB000033BFDD2402316490A685A40A0331340E5
:105AC000154A13608022154B12011A6080235B0077
:105AD0004B60084BA36103B0C0BCB946B046F0BDF3
:105AE0003C8000403CB000403C9000403CA0004066
:105AF0002C4B0220006CDC02008002403080004011
:105B000030B000403090004030A00040001BB70093
:105B10004880004048B000404890004048A0004005
:105B2000F0B54E46DE4657464546E0B51600924A69
:105B300085B09346A022520091465A4603969B4652
:105B4000060001920291019B8C4A93420DD90123D8
:105B50005B429C468A4AE1449446019B634401931C
:105B60004B460F2BEFD100208EE01F00854B072402
:105B70009C4667442300634338001900984600F0B0
:105B800069FBA246651E864250D06C433800210056
:105B900000F060FB864259D06B1E9846012D00D163
:105BA000D3E05346E41A2100380000F053FB86424C
:105BB00058D0AB1E9846022D00D1B9E05346E41AE6
:105BC0002100380000F046FB864264D0EB1E984668
:105BD000032D66D05346E41A2100380000F03AFB4A
:105BE000864200D172E02B1F9846042D00D174E04C
:105BF0005346E41A2100380000F02CFB864200D105
:105C00007DE0052D00D17FE053463800E11A00F019
:105C100021FB06248642ADD10029ABD1C8465B46A4
:105C2000D14601250298039E26E0A8464146380049
:105C300000F010FB002900D197E0651EA2466C43DE
:105C40003800210000F006FB8642A5D12100380073
:105C500000F000FB00299FD1C8465B46D146029860
:105C6000039E09E00029A4D15246C2465B46C846BD
:105C7000554691460298039E4246434951434A463F
:105C80000160012032601D6005B0F0BCBB46B24629
:105C9000A946A046F0BD0029E6D0EB1E9846032D8C
:105CA00098D1092138000324092500F0D3FA86424F
:105CB000BBD00323062138009A460334073D00F089
:105CC000C9FA8642C2D0012398466AE70029CBD0A0
:105CD0002B1F9846042D00D08AE704240C353B097D
:105CE0009E42A2D004230C2138009A4608340D3D70
:105CF00000F0B0FA8642A9D00223984651E7002965
:105D0000B2D0052D00D07FE719213800192500F009
:105D1000A1FA864226D01421380000F09BFA052310
:105D200014249A4686421BD0023B9846153D38E71C
:105D3000042302249846BB089E4200D176E7A2467F
:105D4000013D7B089E4200D180E7B74200D0FEE6CD
:105D50000122C8465B46914601250298039E8BE7C7
:105D6000042573E7A846052460E7C8465B46A146BC
:105D700025000298039E7FE750262F0050F80C0064
:105D800020D1FFFFB0710B00001BB700F8B5040075
:105D900021481E0017000D0000F05CFA01003800D9
:105DA00000F058FA069B36041B031E432368002BA1
:105DB00020DB1A4B1A49E3185A1E934180229201A4
:105DC00094465B421B0B174A1B0363441360164A3D
:105DD00013601F000A689743FBD1144B2560E2183B
:105DE0002123A06013602368002BFCDA0823E660FF
:105DF0001360F8BD3F2322681340AB42D9D1A3689A
:105E00001B051B0D8342D4D1EE22E368D20213405E
:105E1000B342CED1EDE7C046001BB7000040FDBF46
:105E200008C0004000E0004000F0004004300000E6
:105E3000024B1A68024B5A607047C0462054022039
:105E400000800540194B1A4A10B5DA618022194BBF
:105E5000D2051A60184C194A146000290AD0E022B1
:105E6000174BD2041A60002809D18022144B120665
:105E70001A6010BDE022D2041A600028F5D0430158
:105E80001B1A9B001818802300015B04984209D25A
:105E900003000C4A13608022044BD2055860084B63
:105EA0001A60E6E7084B1800F3E7C046008005409B
:105EB0002131B76A00B00540FCFF01000820014015
:105EC00000A0054020540220FFFFFF00024B98680D
:105ED000431E9841C0B27047008005408023024AAB
:105EE0009B000B43D362704700800540002310B530
:105EF0000100988A1B8B984710BDC046162310B529
:105F00000100188802331B88984710BDF8B5474632
:105F1000CE4680B50F1E18D01423994604330400D2
:105F20000025012698464B461888434621681B8861
:105F3000984701C4431E984101350640AF42F2D153
:105F40003000C0BCB946B046F8BD0126F8E7C046EF
:105F5000002370B504000D00988A03491B8B9847F5
:105F6000290003002000984755420000002370B527
:105F700004000D00988A05491B8B984703000020F8
:105F8000002C01DB0130A040290098475542000059
:105F9000AA23064A1B0113608D235B00D3600449CA
:105FA000044B19605368002BFCDA70470040024034
:105FB00000B0FA00006002407047C04670B5074D5F
:105FC000074EB54209D20024013E761BB60808CD23
:105FD000984723000134B342F9D170BD68770210AD
:105FE000A4770210054B064A06491A60064A074B79
:105FF0001A6010000B689843FBD1704700E0004026
:10600000BFCDFBFE08C00040FE7F3C0000F000401A
:10601000044BDB6C002B03D18022034BD2021A60AD
:106020007047C046000011504C201150044A054BE7
:106030001A60054A1368DB018033FBD17047C04604
:10604000FFFFFF0100F0004008C000404022034B6A
:106050009A675A671A67DA667047C04600F00140CF
:1060600010B5FEF7FBFA10BDF8B52749274C284DAF
:10607000641AA6103200302E00D930222800920077
:1060800001F02AF9BC2C3BD830202F232C196407AF
:10609000204A801BE40F9B1B052B16D93700002CD0
:1060A00002D0B300771CEA50001B33199B00410853
:1060B000EB18C900C9181A605A6008339942FAD11E
:1060C000012303421CD09843C619B300EA50731C45
:1060D0002F2E15D09B00EA50B31C2E2E10D09B0003
:1060E000EA50F31C2D2E0BD09B00EA50331D2C2EB2
:1060F00006D09B00EA50731D2B2E01D09B00EA5066
:10610000054B9D60F8BDC04600010010C0010010A5
:1061100000000020C101001000ED00E0002310B5D8
:10612000294C82B0A367FFF733FF0122274B1A6087
:10613000636C012BFCD10322254B1A60224A936B1E
:10614000012BFCD1013300930121224A2248043360
:10615000FFF71CFE052301210093204A2048FFF78A
:1061600015FE0022022104201E4BFFF783FB0022B4
:10617000012105201C4BFFF77DFB00220021072099
:106180001A4BFFF777FB002200210820174BFFF77F
:1061900071FB8023DB000093002200210920134BB8
:1061A000FFF7EEFA0022104B00210620FFF762FBFA
:1061B0000420FFF7D3FB0E4900F04CF8010000204B
:1061C000FFF78CFE02B010BD008000403CB00040E4
:1061D00030B00040002F685900800240008C864794
:1061E00000C00240001BB70040597307006CDC027E
:1061F00040420F0001480421014B1847D0320020D3
:106200000D5F0110124A936F9B0815D29066D166FC
:10621000002905D0FFE7FFE7FFE7516F106F7047D8
:1062200004B580210906C2175140002800D0C84398
:1062300011F04AFA002104BDF0B5146E556E576F87
:10624000166FFFF7E3FF1466556657671667F0BDD4
:10625000000000D0114A936F9B0813D2106651665C
:10626000002905D0FFE7FFE7FFE7516F106F704788
:1062700004B5002801D00020C04311F025FA002108
:1062800004BDC046F0B5146E556E576F166FFFF71C
:10629000E5FF1466556657671667F0BD000000D02D
:1062A00094464A4A926F9208624601D228E0C0465C
:1062B000F0B5464E346E756E776F366F00F020F88D
:1062C0009446424A14665566576716676246F0BDA3
:1062D00094463E4A926F9208624601D254E0C0460C
:1062E000F0B53A4E346E756E776F366F00F04CF83D
:1062F0009446364A14665566576716676246F0BD7F
:10630000002B24DB11D000293EDA00B5C9434042FE
:1063100000D1013100F038F8C943404200D10131C9
:10632000DB43524200D1013300BD002AEBD10028EB
:1063300001D1002905D00020C90FC90701D1C043F0
:10634000410800B511F0B8F90022002300BD00B5E6
:1063500000290ADBDB43524200D1013300F014F87C
:10636000C943404200D1013100BDC943404200D180
:106370000131DB43524200D1013300F005F8DB4329
:10638000524200D1013300BD002923D1002B18D186
:10639000002A0CD0BC460D4F38667A6600210023D7
:1063A000FFE7FFE7FFE77A6F386F6746704700281F
:1063B00001D00748010000B511F07EF9002200234A
:1063C00000BD02000B00002000217047000000D03B
:1063D000FFFFFFFF002B00D0BFE0130C28D1002AE5
:1063E000E7D080B4114F39667A66FFE7FFE730B433
:1063F000040C7B6F396F1B0423433B667A66FFE70F
:10640000FFE7FFE7C04684B27B6F3D6F1B04234369
:106410003B667A66FFE7FFE7C04600232C042D0C9D
:106420007A6F386F00196941B0BC7047000000D026
:10643000F0B594460025140E01D112020835140F50
:1064400001D112010435940F01D192000235D40F0D
:1064500001D152000135D40B0134254F7C66254C07
:106460003C660E0C93B2FFE7FFE7FFE73C6F664325
:10647000360C7703BE467343DF0B5B04C01AB94189
:10648000130C7343DB18C91ACE086643360CB644A6
:1064900093B273431F0F1B01C01AB941130C73430E
:1064A0001F0B1B05C01AB941860D8F023E43664380
:1064B000360C092D24DB520A7243801A7703460AF0
:1064C0006643360C16235B1BDE40DF40BF19644673
:1064D0006643821B7046043506330100D940A8404C
:1064E000C01900D30131A24206D20023F0BD000042
:1064F000000000D0FFFFFFFF121B0130F3D3F1E7D4
:1065000009277F1BFE406446A2B27243801A00D264
:106510000139220C7243130C1204821A99410B00A8
:106520007046043513370100F940A840801900D3A4
:106530000131002B02D1A2420AD2F0BD013000D3BA
:106540000131121BFAD2013BF8D1A24200D2F0BDB8
:10655000013000D30131121BF7E7F0B51C0C00D05D
:1065600080E00CB400251C0A04D11B02160E334334
:10657000120208351C0B04D11B01160F3343120104
:1065800004359C0B04D19B00960F334392000235D7
:10659000DC0B02D192185B4101351C009718644155
:1065A0000134464F7C66464C3C660E0CFFE7FFE725
:1065B000FFE7C0463C6F6643360C7703BE4697B292
:1065C0007743C01B00D20139C01B00D201399FB2F2
:1065D0007743C91BC91B170C77437E04FF0B801B35
:1065E000B941CE086643360C0C2D33DBB644120B92
:1065F0001F053A431B0B97B27743C01B00D20139EA
:106600009FB27743C91B170C77433E043F0C801B96
:10661000B941860D8F023E43664329277F1BFE400A
:106620000C3D7746AF40BF1930BCA2B2ABB272434B
:106630007343801A9941220C7243130C1204801A7E
:10664000994102000B000137001BA941F9D2781EC5
:106650000021F0BD0C277F1BFE4077467F0BAF402B
:10666000FF19E0E700245D1C07D0144F7D663966F2
:10667000FFE7FFE7FFE7FFE73C6F95B29EB2654398
:106680006643401BB141150C1E0C6543664336043E
:106690002F0C3E432D04401BB141994204D202000D
:1066A0000B0020000021F0BD01D19042F7D3801AE9
:1066B000994101349942F2D3F6E70000000000D07E
:1066C000FFFFFFFF48404140484018B41B4B5B6848
:1066D000FC46019308BD04DF076A011018B4174B8C
:1066E0001B68FC46019308BD00DF116A0110944647
:1066F000134A926F920809D2624618B40F4BDB68B6
:10670000FC46019308BD0CDFC96C01100C4AF0B5C2
:10671000146E556E576F166F6246FFF7EEFF084A0C
:106720001466556657671667F0BD18B4034B9B682F
:10673000FC46019308BD08DF6D6B0110583C00203A
:10674000000000D0FFB550404240504059404B40FF
:10675000594000E0FFB5154F4C00640D03D0BC421A
:1067600004D10C0314D80020090D09055C00640D48
:1067700003D0BC4204D11C030AD800221B0D1B0508
:1067800001264B4009D44B4003D58B4200D18242B5
:10679000FFBD9942FCD19042FFBD0B43DB18034380
:1067A0001343F5D0C9434918FFBD0000FF0700009F
:1067B00000B5FFF7CFFF01D0002000BD012000BDD4
:1067C00000B5FFF7C7FF804100BDC04600B5FFF729
:1067D000C1FF01D9002000BD012000BD00B5FFF7B9
:1067E000B1FF01D9002000BD012000BD00B5FFF7B9
:1067F000A9FF804100BD012040054A00121804D8BD
:106800005A00121801D8002070470120704700007C
:106810000021002805D17047C1174840401AFAD01E
:10682000C90713B5064B1B6898470CBC441CA24013
:106830001005120B0349091B09051943114310BD2B
:106840000C8502201F04000010B54C00620D80234F
:10685000D218DB00D21A5B057E2A10DD9E3A13DACD
:10686000CC170903490819435242D140640001344E
:106870001532202A05DAD0400843604310BD0020BD
:1068800010BD0846604310BDC80FC018013810BDC8
:1068900018B4044B5B6AFC46019308BD24DF796E93
:1068A00001100000583C002018B4044BDB6DFC467E
:1068B000019308BD5CDF856F01100000583C00208B
:1068C000C94211D300B549004908002200F018F868
:1068D000002904D4002240428A41114600BD802193
:1068E0000906002000BD000018B4044BDB6EFC4616
:1068F000019308BD6CDF876E01100000583C00203A
:1069000018B4044B9B6FFC46019308BD78DFA36E5F
:1069100001100000583C002018B4044BDB6FFC460B
:10692000019308BD7CDF116F01100000583C00206E
:10693000132370B51D78012D19D014DD1F48FFF702
:10694000DDFA06001E48FFF7D9FA1E4C80223100FE
:10695000200000F0C1FC022D2DD01B48FFF7C6FA25
:106960001A4B186070BD1A4B164CA364F5E7184B10
:10697000144C23606360A360E36023616361A361DF
:10698000E36123626362A362E36223636363A363DD
:10699000E36323646364A364E36423656365A365BD
:1069A000E36523666366A366E36623676367A3679D
:1069B000E367A364D1E7064BA364CEE7534400002A
:1069C00053460000583C00204C3300000C85022048
:1069D000D569011007B5604601880A0A0230DF2A2E
:1069E000FAD1C9B2820804D3028840880004104357
:1069F00000E00068014A5050039007BD583C002059
:106A00000FB403BC0CBCF0B50124E407634000E004
:106A1000F0B50C0DCF0F661E3605891B640503D338
:106A2000C943404200D30131640D03D0661CF60A0D
:106A300007D0E41B00207F00791C89078912803C65
:106A400024031D0DDF0F6E1E36059B1B6D0503D342
:106A5000DB43524200D301336D0D03D06E1CF60AA6
:106A600007D0ED1B00227F007B1C9B079B12803D03
:106A70002D032F1B661B58D4A446202E46DA203740
:106A80001400BC401D00BD40F24033412A43801831
:106A90005941CB0F05D0C943C04300226442504145
:106AA000514162464D0D28D10D0D07D100281FD050
:106AB000241940414941013A0D0DF9D0640006D333
:106AC000013000D30131002C01D140084000013ACF
:106AD0000BD4941CE40A04D112051144DB071944B9
:106AE000F0BDD907204B194300E0D9070020F0BDC5
:106AF0000029DDD1002CDBD1F0BD0132C6074008F2
:106B0000CD0728434908002EE1D0D9E73C2E29DAE9
:106B1000203E40371400BC4000D00124F240144312
:106B20001A00BB401C43D317ACE7AC46202F08DA51
:106B300020360400B4400D00B540F84039412843E8
:106B4000A5E73C2F0CDA203F40360400B44000D0CB
:106B50000124F84004430800B1400C43C117EAE7A0
:106B600010001900002494E70000F07FF0B50C0D30
:106B7000661E3605891BE60A6405640D02D0651C95
:106B8000ED0A04D0002001210905803C2403A4461D
:106B90001C0D671E3F05DB1BE70A6405640D02D070
:106BA000651CED0A04D0002201231B05803C240350
:106BB0007740644497B484B296B27443070C7E4322
:106BC000150C6F4380B26843361802D301200004CD
:106BD0003F183004350C00197D41844688B29AB2C2
:106BE00050430C0C62431F0C7C438EB27E439219BF
:106BF00002D301263604A4191604170C361867416F
:106C000001BC81B29AB25143040C62431B0C5C4339
:106C100080B25843121802D3012000042418100433
:106C2000130C401863412D185E410020474106BCFB
:106C300088B293B258430C0C6343120C544389B28C
:106C400051435B1802D301210904641819041A0C7A
:106C5000091862416D1856410020474118BCF902DD
:106C6000720D1143F0026A0D1043ED020A0D03D1BB
:106C70006D1940414941013B124E9B1B7600B342C6
:106C80000ED26D0007D301300026714166463543B0
:106C900001D1400840001B05C918E4072144F0BD9C
:106CA0000BDA013306D1013004D101314F0D01D08F
:106CB0004908F2E7E1070020F0BD01363105002068
:106CC000EBE70000FF030000F0B51C0D671E3F0559
:106CD000DB1BE70A6405640D02D0661CF60A04D0CB
:106CE000002201231B05803C2403D0252D0600260D
:106CF000F6432E661E096E66CE0FF619B44649009D
:106D00004F0D02D07E1CF60A03D000200021403F28
:106D10003F033E1BB600B444013F7F05C91B490831
:106D20002E6F013676089C02950D25437543ED13B1
:106D30007543AD1301356D10F603761B0CB4CC0210
:106D4000450D2C43A2B2B3B25A43270C7B43350CFA
:106D50006F43A4B26C431B1902D3012424043F19CE
:106D60001C041D0CA4187D4124196D41009A91B298
:106D7000ACB26143170C7C432B0C5F4392B25A4375
:106D8000A41802D301221204BF182204230C5218A3
:106D90007B41019C6C431B19520ED9010A434401EB
:106DA000A01A81B2B2B2514303145A43360C734352
:106DB00087B27743D617D21900277E4136049B1934
:106DC0001704160C7F185E417316ED18F3010026A8
:106DD00080337541A90F06D16400690AE8055B0A92
:106DE000184309D22FE00422944480337541A90A44
:106DF000A8059B0A184326D3404149412404009A20
:106E0000019B0D005543641B4343E41A95B286B2BF
:106E10007543170C7E43030C5F4392B25A43B61876
:106E200002D301221204BF183204330C52197B41E1
:106E300052429C41002C02D40022013051414008B2
:106E4000CA071043490802B06246D7079210084BA0
:106E5000D218084B9A4203D212058918C919F0BDFD
:106E60000020002A01DC3900F0BD01331905F5E7E7
:106E7000FD030000FE070000002200B5203200F0F4
:106E800010F8080000BD002200B500F00CF8CA1789
:106E90009A4200D100BDD8430121C907414000BD3D
:106EA00000220B150AD410B5944600F0A7F814146C
:106EB000013400DA0021CB17144C204700200021B8
:106EC00070476244343A0CD40C2A07DA040091402B
:106ED000904052422032D440214310BDD843D94380
:106EE00010BD203207D40C4694405242203211414A
:106EF000D040204310BD0800C917203203D45242AD
:106F00002032104110BD1800190010BDC36E0110D1
:106F10004A00520D144BD21A13DDFF2A1EDAD20595
:106F2000CB0FDB071A43C300400F0903490A08438C
:106F300010435B0001D301D0013070474308FBD2FE
:106F4000704702D0C80FC00770470A0312130132FE
:106F5000F8D1420F072AF5D1012200E0FF22C80F25
:106F600000028018C00570478003000000210A005D
:106F7000002104E000210A00C11704E000220023E0
:106F800006E0C0460022CB1758405940C01A99412C
:106F900030B5184CA21A002903D1010010D00020EE
:106FA000203A4C1512D104D2013A001849414C0D37
:106FB000FAD3114CA24204D212058918DB07C91872
:106FC00030BDD243520D00200021F5E703D4013A31
:106FD00000184941FBD50B324405C00A4D05284332
:106FE000C90A640003D0002460416141E1E7E0D3B5
:106FF0004408F8E732040000FE0700000A0DCC0F39
:10700000531E1B05C91A520503D3C943404200D37E
:107010000131520D03D0531CDB0A07D0121B002094
:107020006400611C89078912803A1203014BD21A4D
:1070300070470000FF03000051434343C9188C46CA
:10704000110C83B24B4310B4040C614392B280B272
:10705000504362431C041B0C001910BC594113041B
:10706000120CC01851416144704700004840414033
:1070700048400E4B5B6818470C4B1B6818470C4A7E
:10708000936F9B0802D2094BDB681847F0B5146E6A
:10709000556E576F166FFFF7F6FF054A1466556673
:1070A00057671667F0BD014B9B681847583D002095
:1070B000000000D007B548404140484001E0C046CC
:1070C00007B54200120E03D0FF2A03D1420218D89E
:1070D000C00DC0054A00120E03D0FF2A03D14A0298
:1070E0000FD8C90DC9050122414005D4414001D541
:1070F000814207BD884207BD0143491801D0C04302
:10710000001807BD00B5FFF7DBFF01D0002000BD70
:10711000012000BD00B5FFF7D3FF804100BDC04690
:1071200000B5FFF7CDFF01D9002000BD012000BD53
:1071300000B5FFF7BFFF01D9002000BD012000BD51
:1071400000B5FFF7B7FF804100BD491A002807D1FD
:1071500008467047C10FC90700D54042002817D024
:10716000F44603B40B4B1B68984706BC81409E381D
:107170004042803107D20B0607D04900490AC005BA
:107180001043084360470130F8E7490A8902F5E7F0
:10719000704700000C850220034BDB6FFC4618474C
:1071A0007CDF3D7201100000583D0020132310B514
:1071B00012481C78FEF7A2FE0100012C0AD003DD64
:1071C00080220F4800F088F80E48FEF78FFE0E4B25
:1071D000186010BD0A4C5422200000F07DF80B4BC3
:1071E0006365A365E36523666366A366E366236759
:1071F0006367A367E3672362E361E5E75346000043
:10720000583D00204C3300000C8502201172011003
:1072100007B5604601880A0A0230DF2AFAD1C9B2EE
:10722000820804D3028840880004104300E000680C
:10723000014A5050039007BD583D0020C30FDB07A3
:1072400041000A0E07D0FF2A08D00909054A89180B
:107250001943400770471900002070470249C918B8
:10726000FAE70000000000380000F07F10B50400CD
:107270000AF0BEF9002804D0034B04199C4200D840
:1072800010BD0248FDF7BCF8000004203CE40210E9
:1072900010B50C000AF0B6FC002804D0034B04190A
:1072A0009C4200D810BD0248FDF7AAF80000042057
:1072B0003CE4021010B50AF0A5F910BD0148042104
:1072C000014B1847E03200200D5F0110014B1B6895
:1072D00018470000E0320020014B5B6818470000AF
:1072E000E03200200300EFF3108C72B6074A1068FA
:1072F0000028FCD0BFF35F8F186841181960BFF3F6
:107300005F8F002313608CF310887047340100D026
:107310009A4200D2885470477047C046F8B5574625
:10732000DE464E464546E0B599460A9B07009A461A
:107330000D9B884693460B9C9B073BD10C9B9C4224
:107340003DD21E1B0B9415000C005E442A004B46D8
:10735000013521002020B847B542F7D1A0460B9C4B
:10736000002C20D0454636195346321B013C185D8F
:1073700029004B46B847002CF6D12B003500984623
:107380000D9B9B070FD55B46EC1A0C9BA3420AD9B9
:10739000464698462A004B46310020200134B84723
:1073A00001354445F6D32800F0BCBB46B246A94699
:1073B000A046F8BD16001500002CD3D1E0E716005A
:1073C0001500002CCED1EEE7F0B54546DE46574617
:1073D0004E46E0B585B09C4610AB1B78149F934693
:1073E00098460F9C129E139DBB074CD4002D42D192
:1073F000B44248D201233B4099460E9B013B9A463A
:10740000302304E0524601341355A64201D9202C02
:10741000F8D14B46002B00D183E00E9B013B9946EF
:107420003023A54205D82EE04A4601341355AC421C
:1074300029D0202CF8D1FB060CD57B0554D4A642CC
:1074400063D0A54261D0119B102B50D0022B57D096
:10745000202C32D1202301930E9B5A460093039790
:1074600063460295FFF75AFF05B0F0BCBB46B24633
:10747000A946A046F0BD01233B40994601233B426B
:107480002AD1B442B9D3FB061CD57B05DBD4002C32
:10749000D5D1119B102B5BD0119B022B6BD03023CD
:1074A00001240E9A13704346002B10D17B073ED562
:1074B0002B260E9A631C1655CDE723000134302687
:1074C0000E9AD654202CC5D04346002BEED02D2644
:1074D0000E9A631C1655BEE74346002B2FD0013D84
:1074E000B44200D289E798E7119B102BB2D1BB06BA
:1074F00037D5202CAED058230E9A13550134A7E768
:10750000202CA7D02300013407E0631E012CC0D03B
:10751000119A102A31D0022AD1D162260E9AD6545D
:1075200096E7FB06CED57B0500D488E78BE72300E2
:107530003E0790D520260E9A013316558BE70C2373
:107540003B405A1E9341ED1AB44200D255E764E71E
:10755000BB060ED478230E9A022413703023537086
:10756000A1E7202C00D175E778230E9A135501343A
:107570006EE75823EFE76033EDE70E9AA61E9146BB
:107580004E44BA0602D55822327098E778223270FB
:1075900095E7C04610B5002800D110BD01F01CFDD4
:1075A000FBE7C0460B0010B5002802D049681B68F5
:1075B000984710BDF0B55746DE464E464546E0B505
:1075C00095B083460F00924698461E9A1F9B100066
:1075D0001900209EFFF70FF9002800D0EAE11E985D
:1075E0001F990122C54B5242FFF7EAF8002800D04C
:1075F00014E11E981F990122C14B5242FFF7F6F881
:10760000002800D0E9E01E981F990022BD4BFFF72B
:10761000EDF8002800D0C8E01E981F990022BA4B50
:10762000FFF7CEF8002800D0BFE01E981F99002277
:107630000023FFF7C5F8002800D0E4E000230B93F7
:10764000229B5B0500D406260024302307E0172187
:1076500006AA013452181355013E202C01D0092EE0
:10766000F5D81E981F99FFF7EFF8A84BF2009B186A
:107670001A685B68050008920993FFF7CDF80200CD
:107680000B001E981F99FFF720F8089A099BFFF737
:107690004CF806900791FFF7FBF88146FFF7B8F822
:1076A00002000B0006980799FFF70FF80022984B8D
:1076B00006900791FFF79AF8002800D10DE1012309
:1076C0009C46E1444846FFF7A3F802000B000898E7
:1076D0000999FFF77BF8002802D00023994601356D
:1076E000002E00D1D9E006954D46B94614E006AA11
:1076F000944617230A216344280001341F19FEF71A
:10770000A9FD3031397028000A21013EFEF7A2FDA3
:10771000092D00D817E10500202CE8D14F46069D21
:1077200020240CAE06AA17239446634499465B4670
:10773000B34606930FE04B4628000A210134E618B1
:10774000FEF760FD3031280031700A21FEF75AFD46
:10775000051E00D1E4E0202CEDD1069B5E469B4641
:107760000323229A1340012B18D1219B002B15D003
:107770000B9B002B00D1FDE0219B013B2193202B93
:107780000CD93023219A07E0172006A901340918E3
:107790000B55944200D3CCE0202CF5D1229B0194D0
:1077A0000393219B0096029322E0229B524604936E
:1077B000219B3900039358461E9B1F9C0296009301
:1077C0000194434600F04AF90400200015B0F0BCD3
:1077D000BB46B246A946A046F0BD229B5B070FD42C
:1077E00003224C4B2299019203912199009302911B
:1077F0004346524639005846FFF790FD0400E4E73F
:107800000422454BEEE71E9A1F9B00200021FEF745
:107810005CFF01231E901F910B9311E7229B54469E
:107820009B0711D1219B042B0ED9219B55469C46C9
:107830005E46043C64442A0043460135390020205A
:10784000B047A542F7D1B346344D26002B1F9946C9
:107850005B46A3461C003200E87843463900013DF0
:10786000A04701364D45F6D123005C469B46229B3E
:1078700004349B07A9D55346219AE31A9A42A4D906
:107880005E4615002200434639002020B04753468B
:107890000134E31A9D42F5D897E72800FEF7BCFFB4
:1078A00002000B001E981F99FEF70FFF0022184BD5
:1078B00006900791FEF784FF0CAE002800D031E758
:1078C000069807990022124BFEF790FF002800D07F
:1078D00028E7012301359D4324E7002206980799F4
:1078E0000B4BFEF76DFF002800D0F9E64B46002B4E
:1078F0005CD101239C46E144F2E6C046FFFFEFFF66
:10790000FFFFEF7F65CDCD4165CDCDC1A89D0310B3
:107910000000E03FACE40210A4E40210B4E4021062
:10792000069B5E469B460323229A1340012B00D1FF
:1079300081E0202C00D131E70B9B002B27D02D2399
:10794000335501342AE74F46069D202C00D1E7E647
:107950003022331907E0172006A9013409180A5507
:10796000202C00D1DCE6A342F5D12E220CAE01344E
:10797000F254D7E60C23229A134257D0219B013BA5
:107980002193A34200D9FCE6202C00D106E7229BDC
:107990005B0703D52B2333550134FFE6229B1B07DE
:1079A00000D4FBE6202333550134F7E6DB0700D48F
:1079B00096E69EE7229B55469B0711D1219B032B00
:1079C0000ED9219B54469C465E46033D65442200E9
:1079D0004346013439002020B047AC42F7D1B346CA
:1079E000B9465F461C4EEC1C2A00B0784346494617
:1079F0000135B847013EAC42F6D1229BBB464F460B
:107A00009B0700D4E1E65346219AE31A9A4200D834
:107A1000DBE65E4615002200434639002020B047D1
:107A200053460134E31AAB42F5D3CEE6219BA34281
:107A300000D9A6E6B2E6219B002B00D179E70B9B8B
:107A4000002B97D0219B013B21939C4200D298E6CA
:107A5000202C00D073E7A1E6B0E40210F0B5DE46BA
:107A600057464E464546E0B599B081468B4692460C
:107A70009846229A239B10001900FEF7BCFE0028AE
:107A800000D0CAE0229823990122824B5242FEF78D
:107A9000ADFE002800D0C0E02298239901227E4B41
:107AA0005242FEF78DFE002800D0B6E022982399BE
:107AB00000220023FEF784FE002800D0C9E1229BAB
:107AC000239C08930994089809998023269ADB003F
:107AD0001A400D928022269C1201144022000B9421
:107AE000269C07000E001C4200D0ADE00B000343B3
:107AF00000D0D5E0002A00D00AE222000633249309
:107B0000022313400C930223134200D002E2259B70
:107B1000042B00D20FE2043B0B93002304250A93AD
:107B20000022229823990023FEF74AFE002800D065
:107B300003E25A4B269A134004930B9B0393249B16
:107B40000293089B099C0093019459464346524670
:107B50004846FFF72FFD02002020269B1F270340E9
:107B600059424B415B421840531C089359464346C7
:107B70004530C8470A9AD317D4185C40D30F0A93EC
:107B80006B1E0B9308AB9C460025674401E0202D3B
:107B90000FD020000A21FEF75DFB01357E19303140
:107BA000317020000A21FEF755FB26000400092E43
:107BB000EDD8052306930B9B5946059300230493A8
:107BC0000A3303930A9B4846029310AB0093089A2A
:107BD00043460195FFF7F8FB0C9B002B2DD0534635
:107BE000C41A259BA34228D94D465F4681461E00F4
:107BF000534639001A19202043460134A847A642AB
:107C0000F6D8534648462599C21A013200239142BC
:107C100000D386E1013018180FE0269B0493259BC2
:107C20000393249B0293229B239C0093019443463D
:107C3000524659464846FFF7BDFC19B0F0BCBB465A
:107C4000B246A946A046F0BD01432BD10B9B2200B2
:107C5000002B00D154E700230A93249B0A9A0024A6
:107C6000934200DD85E12298239900220023FEF74C
:107C7000A7FD002800D035E1269B084A02941A404F
:107C80008023DB0013430493259B0393089B099CEB
:107C9000CBE7C046FFFFEF7FFFFFEFFFFFF7FFFFE0
:107CA00006232493B44B70009C46400D6044FEF7BD
:107CB000B3FDB24AB24BFEF738FDB24AB24BFEF703
:107CC0000DFD3603B14B360B334304000D00380075
:107CD00019000022AE4BFEF7F8FCAE4AAE4BFEF7A1
:107CE00024FD02000B0020002900FEF7F7FCFEF740
:107CF000ABFD0A90FEF790FDA84AA94B04000D00C9
:107D0000FEF713FD0022A74BFEF7E8FCFEF79CFDF3
:107D1000A54A0600A54B20002900FEF706FD040039
:107D200030000D000C96FEF777FDA14AA14BFEF73F
:107D3000FCFC02000B0020002900FEF7C6FC02003C
:107D40000B0006000F00FEF7F0FC320004000D00EF
:107D50003B0030003900FEF7C1FC00220E900F916D
:107D6000954B20002900FEF7C2FC0022934BFEF742
:107D7000B5FC02000B0020002900FEF7B8FC002231
:107D80008F4BFEF7ABFC02000B0020002900FEF732
:107D9000AEFC0D008021040032003B000020C9052C
:107DA000FEF793FC02000B0020002900FEF796FC72
:107DB00002000B000E980F99FEF799FC0022734BFE
:107DC000FEF78CFC7F4B0C9C9C46644400222305F0
:107DD000FEF7ABFC06000F0002000B0008980999A3
:107DE000FEF7EEFC00280AD00A9B3000013B390068
:107DF0000A930022714BFEF77AFC06000F000A9AE4
:107E0000330063323900C62A12D80222269804258C
:107E100010400B9A0C90002A25D1259B042B05D9E4
:107E2000002800D0A1E0259B043B0B93042541E0F2
:107E30000222269810400B9A0C90002A12D1259B02
:107E4000052B76D9002872D1259B0525053B0B9380
:107E500034E0802212069446229B0893239B6344BD
:107E6000099330E605250B4300D1F6E608980999F9
:107E7000554A564BFEF7B2FC002808D008980999DD
:107E80000022534BFEF79CFC002800D0E5E6249B23
:107E9000002B1CD00D9B002B19D0249B013B24935D
:107EA000259BAB4204D90C9B002B5AD002230C9388
:107EB00000230B930A9B002B00D131E60898099907
:107EC00032003B00FEF713FC0890099128E6259B41
:107ED000AB42EDD90C9B002B43D000230B93023314
:107EE0000C93E7E78020269B3A4A00061A4080233D
:107EF00084460294089C099D2900DB0013430493E7
:107F0000259B6144220003930B00009201938EE6AF
:107F10000524A8E600230B930A93023304250C934F
:107F2000FEE553468C46013B63441B1A72E602236E
:107F30000C930525C2E70423EDE58020089E099FE8
:107F4000000639008446269A224B6144134004936C
:107F50000B9B32000393249B02930B00009201932E
:107F6000F3E5259B5B1B0B93A4E7022304250C93ED
:107F7000A0E79C1A013C76E601FCFFFFFB799F50CD
:107F80001344D33FB3C8608B288AC63F0000F03F3C
:107F90000000F83F61436F63A787D23F71A379095F
:107FA0004F930A400000E03F1655B5BBB16B02404D
:107FB000EF39FAFE422EE63F00002C40000024403C
:107FC00000001840FF0300002D431CEBE2361A3F6F
:107FD00080842E41FFF7FFFFF0B5DE4657464E4640
:107FE0004546E0B5A5B01E002E9B92460C93CD4AA7
:107FF000CD4B80468B461A60002900D1EAE1002370
:1080000030789946002800D1ECE1C84B4C460B93E0
:10801000C74B454657460E930AE0631C984622001C
:108020003B005946A84744463078002800D187E0F5
:1080300001362528F1D108239A46043B9946023B94
:108040009846013B00229C460D943078711C030039
:10805000203BDBB2102B03D80B9C9B00E3589F46C0
:108060000300303B89460D9C092B3AD900239846E2
:108070002A2800D1C1E000239A462E284BD00300C5
:10808000683BDBB2122B1ED80E999B00CB589F4643
:1080900063460E001A43D8E743460E001A43D4E75E
:1080A0004B460E001A43D0E710230E001A43CCE7CC
:1080B00053460E001A43C8E780235B001A43FF3B78
:1080C0009C467078E1444E4667284FD82428A4D9AE
:1080D0000300253BDBB2422B9FD896499B00CB582F
:1080E0009F46002394461E0000E00131B3009B1917
:1080F0005B001E180878303E0300303B092BF4D992
:108100000123624689469C460023B0469A460E00EB
:10811000E1442E28B3D13021802049428C46C00052
:10812000024370784B4684446146092900D86CE1CB
:108130002A2800D17AE101239C464E46E1449EE77D
:10814000A146A846BA46CA4503D801235B42534418
:10815000994653464A4659460020C047200025B05C
:10816000F0BCBB46B246A946A046F0BD0300693B41
:10817000DBB20D930F2B00D94FE7012199408C46BC
:108180006D49894661464B4619400F916346494601
:108190000B4200D028E10D9B0A2B3AD0072B00D0D0
:1081A0003BE70C9B190008C98846002B00D14BE126
:1081B00021200243914614A98C461F220F216244BC
:1081C0008C4651460D950C91A24615000F9902E080
:1081D00020290CD0130064461C4020003730092CA5
:1081E00000D80738013168541A090F2BF0D80C9BBE
:1081F00054460D9D9A460F9133E10C9B02CB884665
:10820000002947DB0C9301239C4670784E46E144DD
:1082100031E70C9B02CB14935346002B00D138E17D
:108220009C4608780B000C908C44002801D100F08B
:1082300098FC89466146944603E05A780133002A47
:1082400001D08B42F9D1494662465B1A0C900F93DC
:10825000530500D520E10223180010400D90134271
:1082600000D1CBE30D930B1BB1469A465E460C98AA
:1082700022003B003100A84753460134185D002816
:10828000F6D1B3464E460D9B002B00D0C7E1149BA0
:108290000C93C9E60C9301239C46283849420243BB
:1082A000884670784E46E144E5E670786C2800D147
:1082B0007FE180235B001A43FF3B9C46E14402E7D9
:1082C00080239B001A4301239C467078E144FAE620
:1082D0007078682800D173E180231A437F3B9C4665
:1082E000E144F0E6672800D103E1472800D15AE1D4
:1082F000452800D15AE10492072142460C9B039283
:10830000073352468B43190002920CC92800009291
:1083100001930C9122003B005946FFF79FFB04009C
:1083200082E6C046D97F01109C530220089C0310AE
:108330004C9C0310989C031041900000462800D1EB
:10834000DBE00492072142460C9B0392073352461E
:108350008B43190002920CC92800009201930C91E2
:1083600022003B005946FFF725F904005CE6631C38
:10837000984622003B0059462520A847444653E62C
:108380000C9B04330D93631C9946920700D422E1A1
:108390000C9B2200187859463B00A84743464444AA
:1083A000012B00D885E23300B8462E005F46250039
:1083B0004C46994622004346013439002020B047FC
:1083C000AC42F7D12C00BB46350047464E460D9BCC
:1083D0000C9329E6DB4B3078984600239946002819
:1083E00000D012E60024AEE66F2800D188E000D865
:1083F0000BE31023782800D1CFE09A430A239C4650
:1084000000230F930A330D9380E05646B10089197B
:10841000490001330E181878303E0100303909291F
:10842000F4D9B2461E000133994628E60C9B023669
:1084300002CB8A46C9435046C917084082460C936E
:108440003078731C99461AE61023100098431133B4
:108450001843814680201300C0000340024200D12F
:10846000A9E64B460693082305935346049310232D
:108470000393002302930F9B220001931CAB0093F4
:1084800059463B002800FEF79FFF434604000C932B
:10849000CAE501235B42C3E60F9B534501D953460E
:1084A0000F930223180010400D90134200D1B7E142
:1084B0000D93D1460B1B9A463300A1442E00220097
:1084C0004D460C98B9465F469B4608E04B4639003E
:1084D000541CB0475346185D002877D022009542BF
:1084E000F4D15B46BB464F46A94635004C461E00BC
:1084F000C9E680231B011A43FDE620231A4320E727
:1085000008239C4600230F9308330D93802311000A
:10851000DB0019401A4200D116E10D239A431000E6
:10852000802302009B001A401492184200D0C2E13E
:10853000802302005B001A4091460C9A04320F928D
:10854000184200D0B7E2430600D59FE1030600D4ED
:1085500019E30C9B1B880993002B00D0FCE110331E
:108560009843002900D1F7E100239946434605933B
:10857000534604930D9B069003930023D2E05828A2
:1085800008D0622867D102239C4600230F93023350
:108590000D93BBE720231A43103B9C4600230F9307
:1085A00010330D93B2E780231B011A4320231A4393
:1085B000A1E6C0239B001A43F31C9946B07882E5DC
:1085C000C0231A43F31C9946B0787CE535005E461B
:1085D000BB464F4657E64346012B00D863E1631E76
:1085E00043449A463300B9462E005F4655469B46A3
:1085F000A24622004B46013439002020B047AC424D
:10860000F7D135005E46BB464F46A14654460C9B0B
:108610004A46187859463B004444A847D7E6A14645
:108620000F9B984500D832E64444E41A3300B8461C
:108630002E005F4625004C469946220043460134F1
:1086400039002020B047AC42F7D12C00BB463500A2
:1086500047464E461BE680231000DB0018401A42B6
:1086600000D10FE1112118008A430D920D9A802349
:1086700011009B0019408C461A4269D180231100D9
:108680005B00194089460C9904310F911A4200D0C1
:10869000CAE113005B0600D5F0E013001B0600D40E
:1086A00059E20C9B00229B5ED9175A184A4092B29D
:1086B000D90F0C91002B00D1F9E1100014AA9446B7
:1086C00042461F23149252466344A84616944D46D0
:1086D0000400B946B2461F00159201E0202D0FD0CC
:1086E00020000A21FDF7B6FD01357E1930313170C9
:1086F00020000A21FDF7AEFD26000400092EEDD86A
:10870000149B4F46A94645469846159B56469A46A1
:10871000169C0D9B069343460593534604930A23E8
:1087200003930C9B02934B4601931CAB22000093D6
:1087300059463B002800FEF747FE0F9B04000C93B0
:1087400072E4C046197301100C239A431000E7E647
:1087500007220C9B07339343013294469C446246A4
:108760000C920CCBD90F0F911100194300D191E05D
:10877000D9171391129151401091139959401191A9
:1087800010981199129A139B801A99411090119187
:1087900014AA0023944642469946149252461F3327
:1087A0006344A846B24616944E46109C119DB946A5
:1087B00015921F0001E0202E10D0200029000A226F
:1087C0000023FDF785FD013630322B00BA550D0030
:1087D00022000400002BEED1092AECD8149B10943F
:1087E000119545469846159B4F46B14656469A46C2
:1087F000169C0D9B069343460593534604930A2308
:1088000003930F9B02934B4601931CAB22000093F2
:1088100059463B002800FEF7D7FD0400FFF704FC93
:108820000F9B984500D8C1E18023DB000D934346A0
:108830000F9A1B199B1A994633002E004D46B946D4
:108840005F469B460C9122004B46013439002020A4
:10885000B047AC42F7D143460C9901330F930B78E4
:1088600035000C935E46BB464F46002B00D10EE50B
:108870000D9B002B00D1F6E4002319E60C9B1B781E
:108880001A0015E710239A430D92EFE60C9B1B7814
:10889000099361E6002399460028AAD1002200230B
:1088A0001092119374E70C9B2200187859463B00F4
:1088B000A8474C468BE50C9AFA3BFF3B07329A439C
:1088C0000133994691444B460C93136852681592B4
:1088D0001A4306D11032904300220992002900D099
:1088E00081E06122810600D54122D2B20A9214AA07
:1088F00091460A9A00210A3A149242461792524629
:1089000018925A460991B3461F311E000F9B4944E5
:10891000BA4619941A950024674698468946159DCB
:1089200016901B920AE03032D2B24B4601341A55EF
:10893000A8454AD0202C4AD006000D003A0000235A
:1089400030002900FDF7C4FCD2B2092AEBD9149BF0
:108950009C466244D2B2E8E76123820600D54123F7
:10896000DBB20A3B0C93434614A91F228C46159395
:1089700053466244A046B2464C461797A946170094
:10898000099D0D9E1490169308E03033DBB201343C
:108990003B55B5420ED3202C0CD0050031002800E9
:1089A000FDF758FCCBB20929EFD90C9A94466344E1
:1089B000DBB2ECE7159B4D46A14644469846169B14
:1089C000564614989A46179FD0E5B742B2D9179BDE
:1089D00057469846189B5E469A461B9B09949B46B1
:1089E0001698199C1A9D43460593534604930D9B74
:1089F0000690039300230293099B05E70F9B98457C
:108A000000D914E701330F932DE41023110099438B
:108A10000D91692800D0BAE080231000DB001840D7
:108A20001A4200D122E61DE60C9B1B68DA0F1100EA
:108A3000002B00D18CE0DA179818504014AA914608
:108A400042461F23149252464B44A046A94616970D
:108A500004006546B2461F000C91159201E0202DDE
:108A60000FD020000A21FDF7F5FB01357E193031CA
:108A7000317020000A21FDF7EDFB26000400092ECD
:108A8000EDD8149B444698460C9BAC461900159BA8
:108A900056464D469A46169F0D9B029106934346B5
:108AA0000593534604930A23039363463CE6002848
:108AB00000D02EE602E60C9B1B689946002B03D1E2
:108AC00010339843002938D16123820600D5412311
:108AD000DBB20A3B0C9343461693534614A91F225C
:108AE0008C4617932B006244A0464D46B246189719
:108AF00099461700149C0D9E159008E03033DBB2A8
:108B000001343B55B5420ED3202C0CD0050031006A
:108B10002800FDF79FFBCBB20929EFD90C9A9446A8
:108B20006344DBB2ECE7169B149444469846179BCB
:108B300056464D469A461598189F43460593534608
:108B400004930D9B0690039300230293149BEBE583
:108B50000028A1D172E70C9B1B68D9175A184A400C
:108B6000A6E580231000DB0018409C460F901A42B7
:108B70000FD00220030013400F93104219D000239E
:108B8000A1460F934CE50C9B1B680993E4E40A0093
:108B900034E40223180010400D90134200D03EE54B
:108BA0004346002B00D042E6FFF771FB01330F93E1
:108BB0007FE463460D93F3E70EB4012230B584B031
:108BC00007AC08CC064D01000094280052420394E3
:108BD000FFF702FA04B030BC08BC03B01847C04627
:108BE000117301100CB430B585B008AC08CC064D3B
:108BF0000A000094010028000394FFF7EDF905B086
:108C000030BC08BC02B018471173011010B5054CF8
:108C100082B0009313000A0001002000FFF7DCF986
:108C200002B010BD1173011010B50C0084B0039494
:108C3000012402A902900093034813006242FFF747
:108C4000CBF904B010BDC046A575011010B5094A96
:108C50000300146884B0002C08D00122009106485B
:108C6000524203A9A047012004B010BD00F0FEF954
:108C70000020F9E79C5302209575011000BEFDE726
:108C8000094A03001068002805D00849C3188B4220
:108C900007D81360704706480449C31810608B4218
:108CA000F7D901204042F5E7484E02200000042099
:108CB000EC86022010B5FFF7E1FFC04670B5FDF766
:108CC0007DF9074D074EB54209D20024013E761BBF
:108CD000B60808CD984723000134B342F9D170BDDE
:108CE000A4770210B0770210030010B5080011003D
:108CF0001B68984710BDC046F0B5C64600B5437D19
:108D000007000C001600002B46D0002A17DD0B7858
:108D10000A2B24D000239846012E13D001252900C8
:108D2000635C01350A2B26D0B542F8D1464509DCF3
:108D3000A419013C23780D3B5A4253413B7580BC3A
:108D4000B846F0BD4346E018A419F11A013C3B684F
:108D5000984723780D3B5A4253413B75EFE7037D1B
:108D6000002BD7D102210F483B689847012EDFD056
:108D700001239846D2E7631E5B5C0D2BD4D0884557
:108D800004DA4346C91AE0183B68984702210548AF
:108D90003B68A8469847C7E703681100200098473A
:108DA000CDE7C046F89D0310F0B5C6460B68060037
:108DB0000C0000B5802B06D05A1C2260E4182671E6
:108DC00080BCB846F0BD0F4B1D68002D16D00B1DA2
:108DD00098460D4F02E02D69002D0FD02B68002B17
:108DE000F9D03B68002B01D0AB42F4D128004146BA
:108DF0002268FFF781FF2D69002DEFD101220023AA
:108E0000DBE7C0467C4B0220CC4B0220F0B5454648
:108E1000DE464E465746E0B583B091461C0080467C
:108E20000D00FCF7A5FA0023304A12184B41002B25
:108E300002DA01222E4B52422E4908008A460EF0D9
:108E400073FC07006B1C03D140460AF007FF0500C6
:108E5000002C27D0284E294B1C68002C18D04B46DC
:108E6000002B21D1264B994602E02469002C0FD01B
:108E70002368002BF9D04B461B68002B01D09C4285
:108E8000F3D120002A004146B0472469002CEFD1DD
:108E9000002F26D1280003B0F0BCBB46B246A9463D
:108EA000A046F0BD174ED6E7154B99460A239B46C0
:108EB00002E02469002CEBD02368002BF9D04B464C
:108EC0001B68002B01D0A342F3D12A0041462000A9
:108ED000B0476B465A462000DA71D91D0122B047CF
:108EE000E7E750460EF0E0FBD4E7C04640420F00F3
:108EF000FFFFFF7F003A0020F98C01107C4B02201D
:108F0000CC4B0220E98C01100A4A1368002B05D1D2
:108F10000CE01A001B691032002B07D08342F8D1F5
:108F2000002902D118691060196170470029FCD02E
:108F30001060FAE77C4B022010B500F03DFB10BD3D
:108F4000F0B5CE464746040080B583B0FCF710FA72
:108F50002600002736184F41002F02DA01261A4F4B
:108F600076421A4B1A4D994601AB98464B461C68FF
:108F7000002C03D116E02469002C13D02B68002BA1
:108F800001D09C42F7D1A368002BF4D001214046C8
:108F900098470028EFDD4346187803B0C0BCB946B7
:108FA000B046F0BD0B4B5A6A974207D89B6AB34252
:108FB00002D302204042F0E79742FAD1012000217B
:108FC000FCF7E0F9D2E7C046FFFFFF7F7C4B0220B1
:108FD000CC4B022000400540F0B5CE46474680B558
:108FE00083B06B460600DD1D2870FCF7C1F9002335
:108FF000194A12184B41002B02DA0122174B524238
:109000001749080088460EF08FFB164B81461C68F6
:10901000002C14D0144F02E02469002C0FD02368D8
:10902000002BF9D03B68002B01D09C42F4D12000EA
:1090300001222900FFF760FE2469002CEFD14B4686
:10904000002B05D1300003B0C0BCB946B046F0BD1E
:1090500040460EF029FBF5E740420F00FFFFFF7F7F
:10906000003A00207C4B0220CC4B022070B504005B
:109070000AF0F4FD01230100050001222000FFF7A2
:10908000C5FE084B1C68002C06D06368002B05D079
:1090900098472469002CF8D1280070BD2469002C61
:1090A000F3D1F9E77C4B0220F0B5CE46474680B5B8
:1090B000A3B004000D00FCF75BF90023274A121847
:1090C0004B41002B02DA0122254B5242254E300043
:1090D0000EF02AFB00232200019307002B002248F8
:1090E00001A9FFF7A1FD214B804699461C68019B11
:1090F000002B1AD0002C2FD01D4D02E02469002C2B
:109100000FD02368002BF9D02B68002B01D0A3428D
:10911000F4D12000019A02A9FFF7EEFD2469002C8A
:10912000EFD14B461C6800230193002C06D06368E6
:10913000002B0BD098472469002CF8D1002F07D1C1
:10914000404623B0C0BCB946B046F0BD2469ECE748
:1091500030000EF0A9FAF3E70194EFE740420F0068
:10916000FFFFFF7F003A0020A98D01107C4B0220F9
:10917000CC4B02200FB400B583B004A901C9019102
:10918000FFF792FF03B008BC04B018477047C04611
:109190000022014B1A707047F08502204B790020A5
:1091A000FF2B0BD18B79002B08D1CB79012B05D16B
:1091B000082A03D9024B8A7809301A707047C046D2
:1091C000F08502200120704710B5012913D1124902
:1091D0005379107909781B0203430020994200D08B
:1091E00010BD5378012B08D0022BF9D16422002145
:1091F0000020FBF7D9F80120F2E7D37891781B0221
:109200001943480ADB0501D4012040427F238A0527
:10921000D20F1940FCF7AAFEF085022000487047E3
:10922000C49E031070B5050014000120012909D166
:1092300053780020012B05D1637912791B02134367
:10924000072B00D070BD21002800024A9F3301F097
:1092500055FAF7E71C9E031001230370004870477E
:10926000FC9D03104B780A781B0213438A7810B5D3
:1092700012041A43CB781B0613439622D200934262
:1092800000D010BD0022012011004042FCF76EFE0C
:10929000024B1860024B19607047C0461C4B0220FD
:1092A000204B022010B5024B1878FBF715FA10BDC1
:1092B000F3850220154B70B51A68002A22D0EFF30F
:1092C000108172B610680028FCD0BFF35F8F0020B9
:1092D0000F4A596010701B68BFF35F8F186081F3ED
:1092E0001088002400250B4E3078FBF7E9F90028A0
:1092F00004D1002400252900200070BD3078FBF740
:10930000EBF9F8E7FA240025A400ECE774740220D6
:10931000F4850220F385022070B5040000200E00C1
:1093200001F00AFB002834D0002001F01BFB0028CC
:109330002FD0FCF71DF80023174A12184B41002BC1
:1093400016DB164D28000EF0EFF9002821D0002082
:1093500001F0F2FA00280FD101200021404200F074
:1093600001FD0324644228000EF09EF9200070BD28
:1093700001220B4B5242E4E7002001F0F3FA0028EF
:10938000EAD021003200002001F0F6FA041EEAD1F2
:10939000E7E703246442E9E740420F002C850220FE
:1093A000FFFFFF7F10B5FBF7E3FF00230D4A121804
:1093B0004B41002B02DA01220B4B52420B4C200096
:1093C0000EF0B2F900280CD001200021404200F03C
:1093D000C9FC002001F014FB0028F5D120000EF09C
:1093E00063F910BD40420F00FFFFFF7F2C85022074
:1093F000F8B5DE46574680B505000C00FBF7B8FF10
:109400000023364A12184B41002B02DA0122344B5A
:109410005242344908008A460EF086F9002803D1EA
:10942000C0BCBB46B246F8BD002001F085FA00285A
:109430004AD00026002C43DD2B4B9B4614E0A91993
:10944000002001F017FB070001200021404200F03E
:1094500089FC002001F0D4FAFBF78AFF224BF619B1
:1094600018605960B4422BDD002001F023FBA71BDC
:109470000200B84200DD3A00002AE0D101200021BC
:10948000404200F06FFC002001F0BAFA002001F029
:1094900053FA002814D0002001F00CFB0028E1D181
:1094A000FBF766FF5B460F001A685B680021844685
:1094B0000E4812184B419F4202D8D3D19445D1D9BE
:1094C00050460EF0F1F8ABE700200021064B186083
:1094D000596050460EF0E8F8A2E7C04640420F003F
:1094E000FFFFFF7F2C850220303C002020A10700D9
:1094F00030B52A4C85B0002120000EF0EDF8002890
:109500001CD1274B1A68002A16D0EFF3108172B6CF
:1095100010680028FCD0BFF35F8F012421485960F8
:1095200002781B68D2B20470BFF35F8F002018600E
:1095300081F31088002A17D005B030BD012000212A
:10954000404200F00FFC002001F00CFA0500200062
:109550000EF0AAF8002DEFD0134B1B68002BEBD0B8
:10956000124A10689847E7E7FBF7D4FC0400FBF7C2
:10957000FFFEFA220023920012184B41002B02DA60
:1095800001220B4B52420121029100210191094914
:1095900020000091FBF7C2FCCEE7C0462C850220DC
:1095A00074740220F48502201C4B0220204B022000
:1095B000FFFFFF7FB5920110D02310B51B0684B0CA
:1095C0001C68FBF7A7FCFBF7A3FDA04202D000201C
:1095D00004B010BD294B002100201B7801F05EFD76
:1095E00027480368002B45D00120FBF721FAFF2311
:1095F000244C254920701840FBF788F82078012179
:10960000FBF74CF80520FBF76FF8002824D108225F
:1096100000211E48FDF75AFEFBF77CFC0400FBF717
:10962000A7FEFA220023920012184B41002B02DA07
:109630000122174B5242012102910021019115494B
:1096400020000091FBF76AFC0028C0DB12480121D2
:10965000FFF75AFC0120BBE70120FAF7EDFF0B4BA7
:1096600001001800FBF746FA002205200B49FBF722
:1096700077F8EBE7FBF722FAB6E7C046AC13041025
:109680002C850220F3850220F194011074740220CD
:10969000FFFFFF7FB5920110F0320020A59201106C
:1096A00000487047609F0310004870470C9F0310EC
:1096B00010B5040017480378002B20D0002C06D1E9
:1096C000154B16484380063BFF3B038010BD052C1D
:1096D0001DD8134BA400E05812490123013804E0BF
:1096E00001330A800231142B0DD0C25C002AF7D15D
:1096F000C022DBB25B00920008481343E5E711216A
:1097000000F01AF8DAE7CA2304489B00DDE70020DE
:10971000DCE7C0463C85022009040000544B0220CF
:10972000F49E0310564B022010B5024800F0D8F802
:1097300010BDC046A474022030B54B1E012900D1D3
:10974000A7E0664A11780D092C0030349F2900D912
:10975000A2E00470012B00D1BEE00F21147821405B
:109760000C003034092900D998E04470022B00D154
:10977000B2E054782509290030319F2C00D990E0BF
:109780008170032B00D1A7E00F2121400C00303461
:10979000092900D987E0C470042B00D19CE094789B
:1097A0002509290030319F2C00D97FE00171052B5C
:1097B00000D191E00F2121400C003034092900D95B
:1097C00076E04471062B00D186E0D4782509290083
:1097D00030319F2C00D96EE08171072B00D17BE0E6
:1097E0000F2121400C003034092966D8C471082BA0
:1097F00000D171E014792509290030319F2C5FD800
:109800000172092B68D00F2121400C003034092946
:1098100058D844720A2B5FD0547925092900303179
:109820009F2C52D881720B2B56D00F2121400C0057
:10983000303409294BD8C4720C2B4DD094792509AA
:10984000290030319F2C00D9073101730D2B43D0F3
:109850000F2121400C003034092901D937310C0087
:1098600044730E2B38D0D1790C09220030329F2955
:1098700000D9073282730F2B2ED00F220A4011001D
:109880003731092A01D830321100C173102B23D08F
:1098900010300023037030BD07345AE737310C0015
:1098A00063E707316CE737310C0074E707317DE778
:1098B00037310C0085E707318EE737310C0095E72B
:1098C00007319DE737310C00A3E70731AAE73731AD
:1098D0000C00C4720C2BB1D1C018DAE7A4740220BA
:1098E00010B588B004000D2200216846FDF7EEFC9B
:1098F0000D22002104A8FDF7E9FC4B236A466846C7
:10990000137004A90D220DF0BFFE152108222000BE
:109910006944FDF7E1FC08B010BDC046F8B500F0A1
:1099200047F90C23194DFF22AB6705201849FAF7B8
:1099300017FF184C402200212000FDF7C7FC4027EC
:10994000002301262121144A66702783A260136038
:1099500063545F31618445396354104A1049636030
:10996000E2602787A1620B606362E2620DF084FE11
:1099700080239B052E64EB6490230A4A0120EA5061
:109980008022094B5202DA64F8BDC0460000115033
:1099900045050020504E0220840010500001105058
:1099A0008000105010D001000020115010B501218E
:1099B0000520FAF773FE10BD10B500220021024801
:1099C00000F016F910BDC046704E0220044B19700D
:1099D000002904D080219023024A8902D150704787
:1099E000E9850220002011500B785B0602D14B78EC
:1099F000052B00D070478A78014B1A60FAE7C04601
:109A000000001150F0B5C646C87800B58007830F36
:109A10001800012B60D08F780A794B797F2139406B
:109A2000FC091B024E001343334D32195201AA1890
:109A3000977001276740577000275B055B0DD77053
:109A40001383D076B846CA00012C32D02B4FBC46C7
:109A50008F016244BC46AC446746BA604746176013
:109A6000002932D0264AC9009046624641445160DE
:109A70003F223F339343022837D0224937190A68DF
:109A80007F01D3180B602049EF19FA608B422ED862
:109A900036197601AD19EB7E1C499B064A401343EB
:109AA0008022120613436A681360012080BCB84606
:109AB000F0BD174FBC468F016244BC46AC446746BC
:109AC000BA6247461760002908D1002364012C19A7
:109AD0006360104BE360E8E70020E7E70B4AC9004A
:109AE0009046624641445162C2E75B00C5E7FAF71F
:109AF000A3FCFA68CCE7C046504E02208400105008
:109B00000400105030740220FF0F1050000010505D
:109B1000800010500001105010B50DF0ADFD10BDCB
:109B200010B57F200C0020404000E409110000190E
:109B30001A00034B4001C01800F05AF8012010BD74
:109B4000504E02207F23180000B5084083B00B421E
:109B500004D14B424B41084A013393668022C90924
:109B60004000064B401840010021C01812010DF0C2
:109B7000F3FD03B000BDC04600201150504E02203E
:109B80007F22130010B50B400A4200D110BDC90955
:109B90005B005B1804485B01C018002300220349E6
:109BA000C3700DF0D9FDF1E7504E0220FFF7FFFF23
:109BB00080220A4B520410B51A60094B09491A60F9
:109BC00010000B689843FBD1802200215201064807
:109BD000FDF77CFB0922054B5A6710BD00E00040F1
:109BE00000F0004008C0004000001050000011507C
:109BF000002310B5C38201338282837601610400A1
:109C00000DF0A2FD002804D080219023074A89028C
:109C1000D15020000DF080FD002802D001232377D1
:109C200010BD20000DF088FDFAE7C046002011505D
:109C30007047C0467047C0460020704700207047FC
:109C40007047C0467047C0467047C0467047C04620
:109C5000024B5878431E9841C0B270478844022096
:109C6000024B18784007C00F7047C0468844022056
:109C7000F0B5D6464F464646C0B52F4B07009A462C
:109C80001B780E00FF2B50D1002941D00021542217
:109C90002A48FDF71BFB0022294C2A4B20001A7092
:109CA000FAF70CFF284B1C60284C2000143CFAF7F4
:109CB00013FF200001F0FAFD254B264D1C60264BBA
:109CC000002B04D02800FFF7C7FA244B1860244962
:109CD000002489462149002388462A7810E043461B
:109CE0001B6862019B18002B12D05B68002B0FD001
:109CF00098472A780134E4B2511C2300A14209DBC1
:109D0000A242ECD89B1A5B014B445B68002BEFD15D
:109D100000200BE05346310038001F70FFF7FEFDB6
:109D20000028F5D03800FFF741FE0120E0BCBA461C
:109D3000B146A846F0BDC046243300208844022026
:109D400080440220EA850220DC4402201C330020EB
:109D5000E0440220E885022059920110C842022006
:109D60001CA00310F0B5DE4657464E464546E0B50A
:109D7000C84B91B002931B78FF2B00D13EE1C64B3C
:109D8000C64E9B465F46C64B0DAC0193C54B009338
:109D900035686A69EFF3108172B61368002BFCD046
:109DA000BFF35F8FA9612800210001F0AFFB6A6952
:109DB000AB69BFF35F8F0021116083F31088002827
:109DC00000D11BE16378082BE2D89B00FB589F462B
:109DD0006368002BDCD0A0689847D9E77F222179FF
:109DE000AF4D0A405300EB189846C80980444046DE
:109DF0000123303005799D430571057903339D4377
:109E00000571002A00D100E14346A74A1B7D127864
:109E1000934200D3EFE0A54A5B011568ED18002DD1
:109E200000D1EBE0A36862792078AD69A847AFE77D
:109E30009F4A1378002B00D1E0E01378013BDBB29E
:109E400013701378002BA3D10122954D01212B789B
:109E5000042013432B703423EA5C8A43EA54EA5CFF
:109E60008243EA540133EA5C8A43EA54EA5C82435F
:109E7000EA54237800209B4600F09EFC6022237960
:109E80001A40602A00D1EFE0402A00D1F5E0DB065D
:109E9000DB0E012B00D113E1022B00D1C7E0002B18
:109EA00000D0E1E0202A00D11CE2002A00D0DBE053
:109EB0006379092B00D9D7E07E4A9B00D3589F468F
:109EC000774D2B78DB0700D462E7FFF7BFFE5FE733
:109ED000019BDB78DB0700D45AE76068FFF7AAFE36
:109EE00056E76F4D2B78DB0700D451E72878000741
:109EF000C00FFFF7A9FE4BE723786A4999468B46C6
:109F0000694B6A4998468A4639001A7847460023C1
:109F1000B04600254E46894610E053461B686A014C
:109F20009B18002B00D176E0DB68300098473A7828
:109F30000135EDB2511C2B008D4244DC9542ECD32F
:109F40009B1A5B015B44EFE7237858499946564BCF
:109F50008A4698463100BB464E461A7800250023B3
:109F6000474689460FE053461B686A019B18002B41
:109F700055D0DB68300098473A780135EDB2511C76
:109F80002B008D4207DC9542EDD39B1A009A5B01B2
:109F900094466344EDE7019D542200212800FDF71B
:109FA00095F91022FF214448FDF790F9280020225E
:109FB000FF2114304E465F46FDF788F900F0F2FBB2
:109FC000FFF740FEE4E6364D542200212800FDF75D
:109FD0007DF91022FF21281DFDF778F928002022A5
:109FE000FF21143046464F46FDF770F900F0DAFBCA
:109FF0002379AB70CCE6501C984213DA11B0F0BC58
:10A00000BB46B246A946A046F0BDA3686279207857
:10A0100000F0E6FBBCE646464F46214DE6E74E46DD
:10A020005F46CBE71F4D9B1A5B015D19FAE6702373
:10A03000217A0B4218D1C80982460F330B405B00CE
:10A0400098461948EB1853441B7D00789946834283
:10A0500066D216485B01006881469944002A00D107
:10A060005FE14B46002B68D120780021FFF76AFDA5
:10A0700080212078FFF766FD8AE6104800F09CFBFF
:10A08000012158460EAAFFF7CDF8002800D07FE640
:10A09000EAE7C04624330020749F0310E044022006
:10A0A000884402201CA00310E8850220C842022038
:10A0B000EA850220989F03108C440220259201100B
:10A0C000237A0F2BD0D8CF4AEB181B791578AB42E7
:10A0D0003ED3691C9942C7DB5D1BCB4B6D01ED186C
:10A0E000686900F069FB012158466B690EAA984720
:10A0F000002800D04CE66022150023791D401A424A
:10A10000B2D163790A3B012BAED800F055FB6379DD
:10A110000A2B00D199E158460EA900F0D9FA37E68A
:10A12000431C4B4500DAF7E04B461B1A5B0199468E
:10A13000B5488144002A00D1F3E04B46586900F04D
:10A140003BFB4B46012158465B690EAA98479CE7AA
:10A15000AE4A5B011568ED18002DC1D184E7A379E3
:10A1600099466B789945D6D06B78002B00D033E1B7
:10A170004B466B70002B00D12BE148460138C0B232
:10A18000FFF792FA002800D17EE143780793022B73
:10A1900000D079E10122C179B1468B1149111340F8
:10A1A0000A40302112015B0113432A78A8468A43F2
:10A1B00013432B7009239A4682445646BA46C37805
:10A1C00082781B021343C31805938E4B04938E4B66
:10A1D00008938E4B09938E4B0A93059BB34200D88C
:10A1E00055E1737801220B2B03D13378F278F618FE
:10A1F0007378042B00D044E1059B00279B1B9BB286
:10A200000693049B0B921D78002303931BE0099A8D
:10A210007B011568ED18002D00D132E13100584660
:10A220002B69069A98478446082803D9069A8242E1
:10A2300000D313E1049B01371D78FFB26B1C039719
:10A240009F4200DD1DE1BD42E1D8039B5D1B089BE1
:10A250006D019C466544E1E76B780CAA02321370ED
:10A26000584601230EA900F049FA91E5E3881A0A3D
:10A27000D8B20F2A00D9F7E666499300CB589F461B
:10A280000EA800F09FFA5846A179FFF795FB02222D
:10A290002B7813432B707BE5E388012B00D0E3E69A
:10A2A00008222B78584693430EA92B7000F010FA21
:10A2B0006EE5022029780CAB9A1C8B068908DB0F0F
:10A2C00001400B431380584602230EA900F016FAF2
:10A2D0005EE5E388012B00D0C6E608222B78134305
:10A2E0002B7018E7237A0F2B00D9BDE6EB181D79E8
:10A2F000444B1B789D4228D2444B6D011B685D196D
:10A30000002D00D1B0E6686900F056FA01215846E8
:10A310006B690EAA9847B8E6002A00D0A4E600238D
:10A32000994662790220130003928343012B15D0D2
:10A33000002A00D098E62B004344534430331B7965
:10A340000CAA9B07DB0F0232BCE75A1CAA4200DAB8
:10A350008AE6ED1A2C4B6D01ED18D4E7E388002B4B
:10A3600012D1029B1878039B012B23D0FFF7EAFB45
:10A3700043460221EB18534430331A790A43012132
:10A380001A711A790A431A714B46002B00D1FFE467
:10A39000586900F011FA4B4601215B690EAA584634
:10A3A0009847002000F008FA3523EB5CDB0700D566
:10A3B000EEE4B0E6FFF7E4FB43460221EB1853441A
:10A3C00030331A798A431A711A7903998A431A71B8
:10A3D000DAE7FFF737FC9EE600215846FFF7F6FA6A
:10A3E0005846FFF799FBAB78074903930491054B57
:10A3F000064998461A780591002329001D008A46CF
:10A400001BE0C046E88502201CA00310C8420220C1
:10A410009C440220C09F0310059B6A011B689B1887
:10A42000002B4DD0DB685846984743461A780135D3
:10A43000EDB2511C2B008D422EDC9542ECD39B1AC1
:10A44000049A5B0194466344ECE70CAB9A1C5846B3
:10A4500001230EA9157000F051F999E40B9A012A15
:10A460004FD0002A3CD00023B07804E00133DBB2A7
:10A470000F71934234D2C118C9B241440D79FF2DF6
:10A48000F4D04E464546574600236B70ECE54E46E9
:10A490005746FFF7D5FB3EE65546542200212800DB
:10A4A000FCF714FF1022FF21281DFCF70FFF2800E6
:10A4B0002022FF211430FCF709FF039BAB7057E605
:10A4C0005546FAE7FEF7AAFE021E00D1CCE5D37886
:10A4D00091781B020B4358460EA900F00FF9D4E502
:10A4E00065463B002A0031000A9800F07FFEAC462A
:10A4F000049B039A1B7866440133934200DB6CE6AD
:10A50000BFE7174B29699942ADD1079AABE7FFF72F
:10A5100093FB021E00D1A7E5584613780EA900F060
:10A52000EDF8B2E52189FFF7C3F8021EF4D19BE5EF
:10A53000022A0FD0FFF782FB021EC8D194E5FFF775
:10A54000AFF8021E00D18FE5122358460EA900F085
:10A55000D5F89AE5FFF7A8F8021EB8D184E5C04601
:10A56000B5AB0110F8B557464E46DE4645460C00E1
:10A57000E0B516001F00002A3CD0702398461E4B01
:10A5800000259B461D4B9A461AE05B461B7820002F
:10A5900099465346997800F0EBFD00281CD0210025
:10A5A0004846FFF72FFA002816D0A378DA09012AC7
:10A5B00019D00A9A013513702378E418B54219DAD4
:10A5C0006378052B08D1E3789B079B0FBB4203D12F
:10A5D0004246A3781A42D8D00020F0BCBB46B2460F
:10A5E000A946A046F8BD0B9A013513702378E418EC
:10A5F000B542E5DB0120F0E7243300208844022047
:10A60000702270B58B780C001A4201D0002070BD0A
:10A61000064B20001D78064B997800F0A9FD002814
:10A62000F4D021002800FFF7EDF9F0E724330020F3
:10A63000884402200B007F2010B51840DB0934331A
:10A640004000044AC018044B1168C01800F04CFDCB
:10A6500010BDC046DC440220884402200B007F204D
:10A6600010B51840DB0934334000044AC018044BCD
:10A670001168C01800F060FD10BDC046DC44022027
:10A680008844022070B57F240F480C4064000419F0
:10A69000CD09641930342079C00701D5002070BD80
:10A6A000012625790948354300782571FFF738FAE6
:10A6B0000028F4D1012223799343237123790332B3
:10A6C00093432371EAE7C0468844022024330020E4
:10A6D00070B5094C0600082220000D00FCF7FCFDB7
:10A6E00000238021E360A3602B783000994300228F
:10A6F0000023FFF7C7FF70BD68440220F8B5CE46BF
:10A7000047469046254E80B58146082230000D0010
:10A710001F00FCF7E1FD4346B3600023F381EC79B1
:10A72000AB7924021C43231CBC4200D93B1C9FB2C2
:10A73000B381002C0DD0002F17D04246002A2BD019
:10A74000402F1BD89FB233787F2B1CD80021144A8E
:10A750000FE080212B780022994348460023FFF721
:10A7600091FFC0BCB946B046F8BD7F2300223178C6
:10A7700099433B004846FFF785FFF2E740239FB22D
:10A7800033787F2BE2D9064C3A0041462000FCF793
:10A79000A3FD80212200ECE70020E2E768440220CC
:10A7A0002844022010B5142200210248FCF78EFD37
:10A7B00010BDC04668440220014B18617047C04676
:10A7C0006844022010B5054C010008222000FCF767
:10A7D00083FD0023A360E36010BDC04668440220EF
:10A7E00070B5384C1D0023780600DA09C9098A4281
:10A7F00010D00020002D00D070BD21003000FFF7E8
:10A80000F3F82369002B03D022000321300098477E
:10A810000120F1E77F2B06D8A068002834D02A0059
:10A820002949FCF759FDE289A1685219E38892B2DF
:10A830004919E281A160934214D03F2D12D9A38916
:10A84000981A051C80B240282AD82078ADB27F28FB
:10A8500028D800219A4232D01B4A2B003000FFF743
:10A8600011FFC9E72369002B05D022000221300027
:10A87000984700280AD0802123780022994330008D
:10A880000023FFF7FFFEB7E70020B5E70021300007
:10A89000FFF758F930008021FFF754F90120ABE7AA
:10A8A0004025D2E79A4207D0074C2A002000FCF747
:10A8B00013FD80212200D0E780210022CDE7002275
:10A8C000CBE7C046684402202844022070B504004B
:10A8D000FFF7BEF9002800D170BDFFF7C1F90028CD
:10A8E000FAD1C8236343124DEE18F1780029F3D052
:10A8F00010335D19280000F0F3FD3F28ECD900204B
:10A90000F178FFF797FE0028E6D0280000F0E8FD78
:10A91000F1783F2807D9074BE201D21800204023E5
:10A92000FFF7B0FED8E70020FFF798FED4E7C04657
:10A9300050430220CC42022010B50400FFF788F9F2
:10A94000002801D1002010BDFFF78AF90028F9D1B5
:10A95000C8226243024B01309B181B791840F2E772
:10A9600050430220C82310B543430248181800F092
:10A9700099FD10BD60430220F8B5C82480234443EC
:10A980001C4F103405003C195B029A4200D31A4A4E
:10A99000200092B200F008FE0600FFF759F90028E7
:10A9A00001D13000F8BDFFF75BF90028F9D1C823C9
:10A9B0006B43FF18FB78002BF3D0200000F090FDD4
:10A9C0003F28EED90020F978FFF734FE0028E8D0C0
:10A9D000200000F085FDF9783F2807D9074BEA01F0
:10A9E000D21800204023FFF74DFEDAE70020FFF7E2
:10A9F00035FED6E750430220FFFF0000CC42022084
:10AA0000F8B50400FFF724F9002801D10020F8BDB3
:10AA1000FFF726F90028F9D1C82565432E00134F0A
:10AA20002436F619300000F03DFD0028EED07F19E5
:10AA30000020B978FFF7FEFD0028E7D00C4DE401B7
:10AA4000651929004022300000F0AEFDB978041EDF
:10AA500008D003002A000020FFF714FE0028D5D0FC
:10AA60002000D4E70020FFF7F9FDCFE75043022094
:10AA70000C43022070B5C82444430C4B0500E41875
:10AA800080235B029A4200D3094A200092B200F070
:10AA900051FE0600200000F005FD3F2801D83000DF
:10AAA00070BD2800FFF7ACFFF9E7C04674430220F1
:10AAB000FFFF0000C82310B543430248181800F0F8
:10AAC0000FFD10BD74430220F0B50025184C83B073
:10AAD000C82200212000FCF7F9FB164B21001D7055
:10AAE000FF236371E1235B02A3602000082340225F
:10AAF000A37338310095073B103000F09DFC270010
:10AB00000123210020002600402278310093B8372D
:10AB1000243000F091FCC0363800F9F7CFFF300048
:10AB2000F9F7CCFFE56127622663656303B0F0BDEA
:10AB3000504302204C4302200A4A116B136A002939
:10AB40000CD0002B07D00023D36153631363002381
:10AB500013620120704753631363FAE7002BF8D0A8
:10AB6000D161F4E75043022070B50F4C052200215B
:10AB70002000FCF7ABFB0D4D2B78DA0707D50C4C0A
:10AB80009B070CD50121200000F0B0FE70BD200015
:10AB9000103000F08BFE2B78054C9B07F2D4200080
:10ABA00000F084FEEEE7C046504302204C430220F2
:10ABB00074430220F0B54B79060083B0022B02D11A
:10ABC0008B79022B03D00025280003B0F0BD204F65
:10ABD000BB78002BF7D18B7809253B700C780C19CA
:10ABE0006378242B07D00CE02378E4185D19637890
:10ABF000ADB2242B05D19542F6D90020FFF766FEB1
:10AC0000E2E71A00052B15D0042AF6D163790A2B46
:10AC1000F3D1104B277801930133009330000223C6
:10AC2000E119023AFFF79EFC0028CCD00E35ED1951
:10AC3000ADB2E2E721003000FFF7E2FC0028C2D00D
:10AC4000A3787B7023785D19E4186278ADB2DBE7F6
:10AC50005043022052430220F8B5602314001278BA
:10AC6000050013400020202B07D1304A6379277953
:10AC700016781B023B439E4200D0F8BD6378222B1E
:10AC80001AD007D8202B34D0212BF6D101293ED061
:10AC90000120F2E7232BF0D1012940D00329F7D17D
:10ACA000234B002BF4D0E178A3780902002019434C
:10ACB00000E000BF0120E0E7012930D00329E7D1FF
:10ACC00001252E00A378E478023924021C43147174
:10ACD000264024321000714000F008FE154B002B76
:10ACE000D6D06208002031002A4000E000BF0120D9
:10ACF000C3E701290BD00329CAD10F4B002BC7D0C2
:10AD0000083200201100FEF7ADFA0120B5E7072355
:10AD100021002800094AFFF7F1FC0120ADE72100DE
:10AD20002800FFF7D5FC0120A7E7C04650430220CA
:10AD3000000000000000000065920110584302204E
:10AD4000F0B54F464646D646C0B5364D8046EA7801
:10AD50000C001F008A423CD0AB788B4210D0002000
:10AD6000E0BCBA46B146A846F0BD2F4B002B04D03C
:10AD70002E4800F0ADFB002851D00020FFF7A6FDC3
:10AD8000AB78A34201D00120EAE7294B002B02D087
:10AD9000002000E000BF0020FFF732FE0028F2D1C3
:10ADA000244C200000F07EFB0028ECD1002FEAD0DC
:10ADB000BF06E8D1243C4046A178FFF73BFC0028C1
:10ADC000E1D0002300224046A178FFF75BFC012080
:10ADD000C6E79AB210239A46174EAA44310050464D
:10ADE00000F0A8FC154B002BBFD06B79FF2BBCD01B
:10ADF000002FBAD0F219914603E001364E45B4D087
:10AE00006B7932789A42F8D1504600F061FB002805
:10AE1000F3D15346103B597900E000BFEDE700E065
:10AE200000BFAAE750430220000000006043022058
:10AE30000000000074430220CC4202200000000009
:10AE40009322F0B5134C85B0002120009200FCF74E
:10AE50003DFA23002000802640270F4D4D33760019
:10AE6000FF3329300295009300220023002103972D
:10AE70000196FF3000F0D4F94035201D283400231E
:10AE800001220021039702950196009400F0C8F971
:10AE900005B0F0BD24460220A445022010B5054CA3
:10AEA000200000F0F3F920002538FF3800F0EEF91B
:10AEB000012010BD4C47022070B5084C0025200031
:10AEC0003130FF30257000F0F1FC20000C3000F034
:10AED000EDFC2A23FF33E554657170BD2446022042
:10AEE000F8B557464546DE464E46E0B54B798046B6
:10AEF0000F00FF2B5BD1404B99462A234946FF3375
:10AF0000CB5C002B53D14E79002E50D1BB783C78CE
:10AF10000B703B793C19002B46D098235B004B44C7
:10AF20009A460C234B449B46A51803E0AC423BD207
:10AF30002378E4186378052BF8D1AC4234D2210091
:10AF40004046FFF75DFB002831D0A3780136F6B20A
:10AF5000DB09012B32D0504600F0A8FC2A234946D9
:10AF6000A278FF33CA54637922791B021343234A20
:10AF70005B0594465B0D942163445A4253414A4613
:10AF800002204900525C5B00824313434A465354FB
:10AF900051464046083900F0E3F9002807D02378ED
:10AFA000E4183B79B342C5D8E01B80B200E0002032
:10AFB000F0BCBB46B246A946A046F8BD584600F0D4
:10AFC00075FC5A46A3780C3A5371637921791B02B8
:10AFD0000B430A495B058C465B0D634459424B4168
:10AFE000022011795B0081430B4359460020083948
:10AFF000137100F081F9D2E72446022000FEFFFF22
:10B00000F8B52A2506001F48FF35455D1F008D4213
:10B0100015D043798B4201D00020F8BD1A4B002B8C
:10B0200004D039040020090C00E000BF174C3000A8
:10B03000210000F061F900281DD00120EDE79A23DE
:10B040005B00C35A002B0DD1114B002B04D0002004
:10B050001049BAB200E000BF30000F4900F080F99B
:10B060000120DAE796235B00C1583130BAB2FF30D5
:10B0700000F060FBE8E73A002100300000F008F93A
:10B080000120CAE7244602200000000028460220D2
:10B0900000000000A44502204C47022000B5030038
:10B0A00083B0002910D00020012B07D80A78002A8D
:10B0B00004D00C48C2540120012A01D003B000BDC5
:10B0C0001800FEF7D5FDF9E701236A46002001A923
:10B0D0009380FEF7CDFD0028F0D00122014B1A70BD
:10B0E000ECE7C0467C440220037870B5DB0704001F
:10B0F0000E00DD0F002B17D103785B0701D5280068
:10B1000070BD0121300049420CF0EEFA2378DB07D4
:10B11000DD0F002B0AD123785B0708D404222378A3
:10B1200001251343237002E00025E8E700253000E5
:10B130000CF0BAFAE3E7C04670B50C000121060036
:10B14000494220000CF0D0FA33785B07DD0F002B6A
:10B1500004DB20000CF0A8FA280070BD3378DB0770
:10B1600004D40422337893433370F2E70025F0E7E8
:10B17000437902791B021343C2785B0592075B0D8A
:10B18000920F022A1DD0032A0CD00020012A08D1D8
:10B1900002394A425141124A94466144994240411F
:10B1A000C0B2704702394A1E91410E4A49421140CD
:10B1B0008022D20094460020614499424041C0B2AE
:10B1C000EFE7022905D0002040229A424041C0B258
:10B1D000E7E7054A981843425841C0B2E1E7C04644
:10B1E000FF03000040FCFFFF00FEFFFF8A1870B560
:10B1F000914207D27F264C78052C04D00C7809198F
:10B200008A42F8D870BD34008D782C40640004194F
:10B21000ED0963550C7809198A42ECD8F2E7C0466B
:10B22000F0B5C64600B582B0150008AA40CA0400B1
:10B2300017886A46928D012090460A0021780240C4
:10B2400081432000114321703A0000933100012313
:10B25000083000F0F1F8002E01D0002F08D10A9B31
:10B26000012063604346638002B080BCB846F0BDF5
:10B2700026001C363000F9F721FC0023002D01D0F8
:10B28000330000266361A661E9E7C04601207047EC
:10B29000F8B502240B7807001C4063425C41144B54
:10B2A00064421C40134B08009C4608300D001600F9
:10B2B000644400F0F7F8002807D1002E05D034428E
:10B2C00003D101242B781C4201D00020F8BD3800A6
:10B2D0006978FFF7AFF90028F7D02B781C42F4D13A
:10B2E0000023002238006978FFF7CCF9EEE7C0466A
:10B2F00040FEFFFFFF010000F8B50D000835060015
:10B3000028000C0000F0CEF8002803D00127237895
:10B310001F4201D00020F8BD30006178FFF78AF9A4
:10B320000028F7D028006288616800F03DF9237892
:10B3300005001F4000280BD0002FEBD103006268EE
:10B3400030006178FFF79EF90028E3D02800E2E79B
:10B35000002FDFD130006178FFF780F9DAE7C046CF
:10B36000F8B5CE46474680B58A8906000C000B78B2
:10B37000002A07D101251D4240D00020C0BCB9469B
:10B38000B046F8BD9B0733D42A4B40259946270089
:10B390000837380000F0A4F88542EED8012223785F
:10B3A00090461A42E9D130006178FFF743F900284E
:10B3B000E3D0380000F094F8424623781A408542E2
:10B3C00031D8002AD9D14A46638802401D1C9342D5
:10B3D00000D9151CADB200226178002D00D0626842
:10B3E0002B003000FFF74EF90028C6D02800C5E733
:10B3F000FE2380251B029946AD00C8E74978FFF778
:10B4000019F90028B9D023781D42B6D163880022EB
:10B410006178002B00D062683000FFF733F9002814
:10B42000ABD06088AAE7002AA7D130006178FFF787
:10B4300015F9A2E7C0FF0000F0B5C64600B504004C
:10B440006846057E8020884617001E000002824262
:10B4500026D8E068002803D0012149420CF044F9C5
:10B460002069002803D0012149420CF03DF94346F0
:10B47000236073045B0CED031D430023E0686381CC
:10B48000A780E5802381002801D00CF00DF9206908
:10B49000002801D00CF008F9012080BCB846F0BDAE
:10B4A0000020FAE710B5048941898288A3B288B2E6
:10B4B0008C4207D31B1A9BB2101C9A4200D9181C4D
:10B4C00080B210BD5100091A5B189BB2F4E7C04668
:10B4D00003894089181A43425841C0B27047C04698
:10B4E00010B5048941898288A3B288B28C4207D3FF
:10B4F0001B1A9BB200209A4201D9D21A90B210BDF9
:10B500005100091A5B189BB2F4E7C04670B50400FD
:10B5100000690E00002803D0012149420CF0E4F834
:10B5200025896089A288A9B283B2854232D3CD1A17
:10B53000ADB2002D28D0AA4208D291422FD3891A49
:10B540008BB263819A4203D89B1A9BB29A42FBD971
:10B55000E28821685204520C53433000C918FBF7AB
:10B56000BBFE63890125591C89B2A2888B420DD983
:10B5700000215200891A89B220696181002801D016
:10B580000CF092F8280070BD618989B25200914296
:10B59000F2DBEFE75500ED1A4D19ADB2C9E7891896
:10B5A0008BB26381CEE7C046F0B546464F46D646DD
:10B5B000C0B50600006989469046002803D00121E5
:10B5C00049420CF091F831897289B5888BB294B2F6
:10B5D000914254D31F1BBFB2002F4AD0BD4205D2A7
:10B5E000AB4251D25B199CB22F0074814346B845DF
:10B5F0003DD89FB2A54203D8641BA4B2A542FBD993
:10B60000F28831685204520C904662432B1B9BB265
:10B61000891842469F4225D953439BB21A00484697
:10B620009A46FBF759FE434648467D1B64195C4326
:10B6300031685044A2B2FBF74FFE7189B588CB192F
:10B640009BB26A00994216D99B1A9BB230697381EA
:10B65000002801D00CF028F83800E0BCBA46B1460A
:10B66000A846F0BD48467A43FBF736FEE5E73B1CAB
:10B67000BFE773899BB26A009342E7DBE4E76F00A0
:10B680003F1BDF19BFB2A7E75B1B9CB2ACE7C0460C
:10B69000F8B50400C0680E00002803D0012149421B
:10B6A0000CF022F8258920896189A288ADB283B285
:10B6B0008FB2884229D3DB1B9BB29A4209D8E77923
:10B6C000FF0906D1E068002801D00BF0EDFF38003B
:10B6D000F8BD2B0095421DD39B1A9BB29342FBD21F
:10B6E000E28820685204520C53433100C018FBF723
:10B6F000F3FD6B1C9BB2A2889D4217D90023520018
:10B700009B1A9BB201272381DCE75100C91B5B1800
:10B710009BB2D2E7E28820685204520C53433100B6
:10B72000C018FBF7D9FD0135A288ABB25200934295
:10B73000E8DBE5E7F0B54E465746DE464546E0B560
:10B7400089460600170083B0002A67D0C068002829
:10B7500003D0012149420BF0C7FF3389F2799BB234
:10B7600098467389B5889BB2D20940D198455ED27C
:10B770006A00D31A43449BB2AB425DD2EB1A1A1C47
:10B780009BB2BB4200D93A1C97B27B1B9BB2019380
:10B79000F3885B045B0C9A464346DB199BB29B46DD
:10B7A0004446A84503D3641BA4B2AC42FBD2534623
:10B7B000634330682D1BADB2C018BD424BD3524617
:10B7C00049467A43FBF788FDB3885B00D84501D82A
:10B7D0009B4503DB5A46D31A9BB29B465B463D0012
:10B7E0003381F06800281AD00BF05EFF17E0F28872
:10B7F0005204520C9246AF4220D298454DD3424655
:10B80000D21A92B26900781B80B2D21901908A4292
:10B8100033DA4346FB189BB29B46C1E7002528005C
:10B8200003B0F0BCBB46B246A946A046F0BD4246B6
:10B83000D31A9BB2AB42A1D30025D2E7002DD0D0C2
:10B840007F1B574398465A19002392B2B944934636
:10B850002F000193A4E753465D43ADB22A00494649
:10B86000FBF73AFD019B2900E21853465A43306822
:10B8700092B24944FBF730FDA6E75A1992B29346BB
:10B88000D21B92B2904693420CD94346591A8BB2BE
:10B890009846FB189BB29B4682E76900CA1A42444D
:10B8A00092B2B0E7914200DD7AE7EEE710B504000E
:10B8B000C068002803D0012149420BF015FF206920
:10B8C000002803D0012149420BF00EFF0023E0685D
:10B8D00063812381002801D00BF0E6FE2069002857
:10B8E00001D00BF0E1FE012010BDC04670B5040090
:10B8F000C0680D00002803D0012149420BF0F4FE7E
:10B900002069002803D0012149420BF0EDFE7F2180
:10B91000E379ED011940E0682943E171002801D085
:10B920000BF0C2FE2069002801D00BF0BDFE012003
:10B9300070BDC046F0B54E468146474ADE464A4491
:10B94000531E9A418023574645465B029C46E0B50C
:10B95000424B1204624485B01A60414B0C004149CD
:10B960001A6010000B689843FBD180460620F9F757
:10B97000F5FF4B465A6802231A4001924A4600904E
:10B98000802004320292384AE70D4A44660213606E
:10B9900093463B0032000225400007E000999142A7
:10B9A00006D3023592197B41854201D0002BF5D098
:10B9B000434680260393009B2F02AA4698467F1B8E
:10B9C000760003E05346FF1A012E3FD0390040466F
:10B9D0003500013EFAF73EFC8442F3D22B00554677
:10B9E0009A4650463302984668434B4642461D618C
:10B9F0001B6880265340FF227601120213404E44FA
:10BA0000336080239B019C46029A019B6244136031
:10BA100002215C464B465B6821604C462768072440
:10BA20006740C8343C40346003240B4013600F4B24
:10BA30004B441C60116001000098FAF70BFC05B044
:10BA4000F0BCBB46B246A946A046F0BD5546039B96
:10BA500028009846C9E7C0460040FCBF00E000400F
:10BA600000F0004008C00040043000002420000026
:10BA700070B5056904680620F9F770FF29002404F1
:10BA8000240E01346143FAF7E5FB70BDF0B557466B
:10BA90004E464546DE46E0B5060085B000920022DF
:10BAA0001C0002930EAB187833680F9DDA660132E2
:10BAB0005960109FDA660190221E00DCBFE0013A57
:10BAC0009346002D03D001213800A84733685A4619
:10BAD00031798902002A00D183E0002200209146BA
:10BAE0004C46009A125D0A4302431A6110229046A6
:10BAF000002D1AD0002404E0414633685A6B1142ED
:10BB000029D100213800A8470443E4B20028F3D02B
:10BB100002235B4299464846019B337105B0F0BC55
:10BB2000BB46B246A946A046F0BD80244846596BA4
:10BB30000A42FCD019598C46002957D1834571D04F
:10BB400002990130814275D0002183454CD0009983
:10BB5000095C1961EBE780229958002915D1002C66
:10BB600015D1CB4554D001239C46029BE1444B4563
:10BB7000D1D001213800A8470021CB451BD04A462F
:10BB8000009B9A5C33681A61B4E701245B6D8023E3
:10BB90009B009A465B468B46039304E0514633680C
:10BBA0005A6B0A420DD100213800A8470443E4B281
:10BBB0000028F3D0ACE733680120019A50404002DE
:10BBC0008EE7039A59461B6E9346002CCBD0002972
:10BBD00003D0CB0701D409079DD401235B429946CA
:10BBE00099E700229146E7E78146E5E7596D012193
:10BBF00088468021814618008900436B0B42FCD0A7
:10BC00000300196E41464846002999D06146DEE797
:10BC1000019B002BBBD001235B449946029B4B4503
:10BC2000A7D178E70199002906D05946481C029906
:10BC3000814289D181466EE700218846D9E70023F9
:10BC4000994668E7F0B54E4657464546DE46E0B5AC
:10BC500083B09A460CAB1B78019200930E9B02684E
:10BC600099460023D36601335160D36653460500DD
:10BC70000D9E002B60DD01235B4253449B46002454
:10BC8000002E03D001214846B0472A6880235B007C
:10BC90009C461300516F1029FCD00021002C01D1CB
:10BCA00029798902A34541D0604601431161002EE4
:10BCB00027D080224027904608E000214846B04720
:10BCC00000283BD12B689A6F002A13D142469A581C
:10BCD0005A6B1742F1D0002148465B6DB047C44310
:10BCE0002000009B2B7103B0F0BCBB46B246A946B6
:10BCF000A046F0BD1B69019A135501345445C1D1CA
:10BD0000EEE780274021D359536B194203D0012419
:10BD1000536D6442E4E7936F002BF4D01369019AEA
:10BD2000135501345445DBD02A68B2E70127009847
:10BD300047407F023943B7E70024D1E70224644239
:10BD4000CEE7C046F8B5DE4657464E4645468346E2
:10BD5000E0B505200C00F9F701FE0600600821009F
:10BD60008019FAF777FA43009846804407000521C6
:10BD70004046FAF76FFA3B1A9A461E4B814670000E
:10BD800080199C4231D81C49FAF764FA451C5B467D
:10BD90001C680023E366226804335A4002331340D0
:10BDA00080225201A21813605346E3614B4623627E
:10BDB000434601204F2B03D950214046FAF74AFA57
:10BDC000A023E050E36F39005D400C4B2D042D0C97
:10BDD000E3181D6001233000E366FAF73BFAF0BC7C
:10BDE000BB46B246A946A046F8BD0549FAF732FA65
:10BDF000451CCCE73F420F00809698007C10000065
:10BE000040787D010F4A70B5821A531E9A410E4B3D
:10BE1000D20008321A600D4B0D4C1A6015002368D1
:10BE20009D432B1EFAD166240268FF340571D56646
:10BE30001460633C8833FF3CD5639563D450FFF7AF
:10BE400081FF70BD3033002000E0004000F0004072
:10BE500008C00040F0B5CE46474680B589B01F0007
:10BE600010AB1B780400994604AB98461600129A52
:10BE7000139B40460D00F9F763FA434602934B4685
:10BE80000190009332003B0029002000FFF7FEFDE7
:10BE900009B0C0BCB946B046F0BDC046F0B5CE460C
:10BEA000474680B589B01F0010AB1B780400994647
:10BEB00004AB98461600129A139B40460D00F9F702
:10BEC0003FFA434602934B460190009332003B00F9
:10BED00029002000FFF7B6FE09B0C0BCB946B04645
:10BEE000F0BDC04601230121084A1360084A1360CF
:10BEF000084A080013689843FBD1074A1160802163
:10BF0000490013680B42FCD07047C04600E0004077
:10BF100000F0004008C0004000C0044000000000E5
:10BF20007047C0460A4A13681868203080F30988B1
:10BF3000022080F31488BFF36F8F3FBCAE4608BC6D
:10BF400004BC62B61847C046C046C046C046C0469C
:10BF50006C3E0020EFF30980154B1A682038106002
:10BF6000F0C044464D4656465F46F0C00D221207CB
:10BF7000146E556E566F176F3038F0C008B572B634
:10BF800003F07CFD62B60CBC116808681030F0C884
:10BF9000A046A946B246BB4680F309880D22120787
:10BFA0003038F0C81466556656671767F0C81847EA
:10BFB0006C3E002010B5F8F7C7FAC046D02310B584
:10BFC0001B061A6D82B0D20704D501219A6D1A6D35
:10BFD0001142FBD1D023FF221B061A6500230193D7
:10BFE0000F4B1968EFF3108072B60A68002AFCD074
:10BFF000BFF35F8F002259681C685A60BFF35F8FE0
:10C00000226080F31088986801AA00F01BFD019B54
:10C01000002B03D08022034B52051A6002B010BDE2
:10C02000583E002004ED00E010B58024031F640496
:10C030001C60043B19600349043B1960143B403801
:10C040001A6010BDB5BF0110B42110B50248FF3110
:10C05000E9F720FC10BDC04658E502108022044BD1
:10C0600052051A60BFF34F8FBFF36F8F7047C04602
:10C0700004ED00E072B6044AD3680133D360BFF325
:10C080004F8FBFF36F8F7047583E002010B5084C9C
:10C09000E368002B05D0013BE360002B00D162B6C2
:10C0A00010BDE92103484900E9F7F4FBE368F2E732
:10C0B000583E002058E50210EFF3108072B670472A
:10C0C00080F310887047C04610B5FFF7F5FF0400F5
:10C0D00003F0C4FC002803D08022034B52051A60F1
:10C0E0002000FFF7EDFF10BD04ED00E010B50028C3
:10C0F00000D010BDFD2102484900E9F7CBFBF8E76D
:10C1000058E50210002310B5084A094C05202360A9
:10C110001360F9F723FCFA218900FAF79BF8054B25
:10C12000013818600723236010BDC04618E000E006
:10C1300010E000E014E000E0FF221F4B1204196839
:10C1400010B50A431A60FF22196812060A431A60E2
:10C150001A490E2000F0D4F919490F2000F0D0F947
:10C1600018490B2000F0CCF9FFF7CCFF0022164B4A
:10C17000DA60D0231B06154A1C681470FF221A656A
:10C180001A6DD20704D501219A6D1A6D1142FBD1A7
:10C190000F34FF212000F8F7DDFB20000C49F8F7F1
:10C1A000B5FA01212000F8F779FAFFF7BBFE03F09A
:10C1B00065FCF8F7C9F9C04620ED00E055BF011055
:10C1C000C9C0011021BF0110583E002038330020A3
:10C1D000BDBF0110D02310B51B061868074B1B7894
:10C1E000834200D010BDEFF30583002B02D05B002B
:10C1F000C018F7E703F06AFFF4E7C04638330020C1
:10C2000030B504000D0083B0EFF30583DBB2002BE3
:10C210002CD12368002B30D01B4A1178D022120673
:10C220001268914208D0BFF35F8F00221A6085F335
:10C23000108820BF03B030BDBFF35F8F00221A60AB
:10C2400085F31088114A124B94469868236863441A
:10C250009A105C2B00D9183A012301215B429140CE
:10C2600000930122002300F0EBF9E3E709480A49B3
:10C27000E9F710FB2368002BCED1F5210548890092
:10C28000E9F708FB2368C7E73833002000FFFF2FDA
:10C29000583E002058E50210D30300000A002A4946
:10C2A00030B58C46036883B063449C105C2B00D986
:10C2B000183C0121254BA1401C78D0231B061B688C
:10C2C0009C421ED040BF224B04681D68AC4233D054
:10C2D0002C68002CFCD0BFF35F8F5C680C435C6063
:10C2E0001B68BFF35F8F002104681960D021002311
:10C2F00009064B65BFF35F8F236082F3108803B09C
:10C3000030BD40BF0368BFF35F8F00241C6082F321
:10C310001088EFF305830E4ADBB29068002B0FD034
:10C3200001AA019400F08EFB019B002BE7D0802234
:10C33000084B52051A60E2E7586808435860D5E791
:10C3400000F052FADBE7C04600FFFF2F3833002031
:10C35000583E002004ED00E0F0B5CE46474680B5DB
:10C360008046894614001D0083B0EFF30583DBB2DD
:10C37000002B45D143461B68002B49D0394B1A7816
:10C38000D0231B061B689A4210D043461B68BFF39C
:10C390005F8F00221A6089F3108820002900F8F7C7
:10C3A00037FF03B0C0BCB946B046F0BDF8F7E0FFB8
:10C3B00026002F00361A8F4101212B48494280194F
:10C3C000794143461E6800292BDC26D0BFF35F8FDE
:10C3D0000023336089F31088244B5A6A954205D8AC
:10C3E0009B6A0120A342DCD29542DAD18022204B05
:10C3F00052051A60BFF34F8FBFF36F8F0020D0E755
:10C400001C481D49E9F746FA43461B68002BB5D185
:10C4100018481A49E9F73EFAB0E7FA239B00984218
:10C42000D4D3FA2200239200F9F73AFF031ECDD0AD
:10C43000BFF35F8F0022326089F31088104A1149E0
:10C44000906842468C461268624496105C2A00D975
:10C45000183E01210093B1400023012200F0F0F8C2
:10C46000BAE7C0463833002018FCFFFF0040054003
:10C4700004ED00E058E50210390400003A04000021
:10C48000583E002000FFFF2F70B504000D00F8F7A4
:10C490006FFF241A8D410123200029000A4A5B42C4
:10C4A00080185941002905DC00D070BDFA239B009B
:10C4B0009842FAD3FA2200239200F9F7F1FE0028FD
:10C4C000F3D002F005FEF0E718FCFFFF10B5F8F717
:10C4D000A7F8054B054C9C4660448000206000F0A6
:10C4E000A3F8A06010BDC04640000034583E0020B4
:10C4F000024B80009B68C0587047C04600ED00E0CA
:10C50000F8B50E00EFF3108772B60C4B84009B68F1
:10C510001D59A94204D00A4B9D420AD2F7F78CFF5D
:10C52000064B9B681E51BFF35F8F87F3108828006E
:10C53000F8BD044B9D42F3D3F0E7C04600ED00E0A8
:10C54000C0010010D40100100B4B70B504000D00A9
:10C5500099420ED3094B99420BD2EFF3108372B676
:10C56000074AA4009268A550BFF35F8F83F3108839
:10C5700070BDF7F761FFF0E7C0010010D4010010B3
:10C5800000ED00E00300083B10B5072B11D8032392
:10C590000400094A18409446C0009C43FC33834081
:10C5A0006444226881409A43130001200B432360B6
:10C5B00010BD0020FCE7C04614ED00E00300083B7E
:10C5C000072B0CD80749032302008C469A43624488
:10C5D00003401268DB00DA40FF2010407047FF2064
:10C5E000FCE7C04614ED00E070B504000D00002823
:10C5F00011D080235B049D4207D2FFF73BFD2368E7
:10C60000AB432360FFF742FD70BDE4210548FF31D5
:10C61000E9F740F9F1E7F12102484900E9F73AF971
:10C62000E7E7C046D0E5021010B5182004F088FDF9
:10C63000041E03D0002308C000F010FA200010BD33
:10C64000F0B5C64606000D0090461F0000B5002854
:10C6500000D16DE080235B049D4251D2002D2CD08F
:10C6600003F044FD002817D1069B002B51D102F0A6
:10C670000BFC346823002B40002F47D1002B05D042
:10C680004346002B02D02300AB43336002F004FC8E
:10C69000200080BCB846F0BD02F0F6FB34682300F1
:10C6A0002B40002F0FD1002BEAD1069B002BEDD0A1
:10C6B00041464B1E9941090611E04A212D48FF31A0
:10C6C000E9F7E8F8CCE79D42DAD0069B002BDDD0F5
:10C6D000434680215A1E9341C9041B061943069AFA
:10C6E0002943301D03F02EFA02F0D6FB002837D084
:10C6F00003F0F8FD0400830120D52402240AC7E7D3
:10C70000A4211C484900E9F7C5F8A9E79D42BDD11D
:10C71000B6E7A62117484900E9F7BCF802F0B4FBD8
:10C72000346823002B40002F20D1002BA8D1BFE775
:10C7300048211048FF31E9F7ADF88BE7FFF79AFC85
:10C74000346823002B40002F0DD1002B05D0434629
:10C75000002B02D02300AB433360FFF797FCCCE7FC
:10C76000FFF77CFCC4E79D42F7D1F0E79D42AFD1D3
:10C7700086E7C046D0E5021070B504000D00002821
:10C7800013D080235B049D4209D2FFF773FC266817
:10C790003300AB432360FFF779FC300070BDE42128
:10C7A0000548FF31E9F776F8EFE7F1210248490043
:10C7B000E9F770F8E5E7C046D0E5021010B5044C83
:10C7C0000A0001000023200004F072FC10BDC046E6
:10C7D000E9C5011010B50400FFF76EFC2468FFF7EF
:10C7E0006FFC200010BDC046F0B54E464546DE4603
:10C7F0005746E0B506000D0083B000284BD08023DB
:10C800005B049D4242D237000C37019702F03CFB9B
:10C81000336834691D433560A7422CD00023994604
:10C820008023DB04984680235B049B4680239B0483
:10C830009A460FE000290AD059460A4202D04A46D9
:10C840001A4391465146294303F0E6FA3568019BA5
:10C85000A3420ED0200029004746026864681302F4
:10C860001B0A19403A42E5D08B42E5D0019BA34216
:10C87000F0D14B469D43356002F00EFB280003B01B
:10C88000F0BCBB46B246A946A046F0BD04480549E7
:10C89000E9F700F8B7E702480349E8F7FBFFAEE71E
:10C8A000D0E502103302000032020000F0B5C646A7
:10C8B0009846802306000F00150000B55B049A42DD
:10C8C00055D2002A3CD003F011FC002816D1434673
:10C8D000002B00D079E002F0D7FA3468390030003C
:10C8E0003C43FFF781FF23002B409D4239D0346841
:10C8F00002F0D2FA200080BCB846F0BD02F0C4FAC3
:10C90000390030003468FFF76FFF2B003C432340B1
:10C91000AB4226D04346002BE9D0A021C9044246B1
:10C920002943301D03F00EF902F0B6FA002849D071
:10C9300003F0D8FC0400830137D52402240AD9E788
:10C94000234CC6212000E8F7A5FF03F0CFFB002809
:10C9500017D002F099FA390030003468FFF744FF2D
:10C960003C433368AB43336002F096FAC2E7184C9D
:10C97000C5212000E8F78EFF03F0B8FB0028BDD1E9
:10C98000A5E74346002BE4D02000C921E8F782FF49
:10C9900002F07AFA3468390030003C43FFF724FF94
:10C9A00023002B409D42B8D1DBE7FFF763FB3468DF
:10C9B00023002B40AB4202D12300AB433360FFF78F
:10C9C00065FBBAE7FFF74AFBB2E7014CDCE7C0467C
:10C9D000D0E5021010B5FFF707FF10BD70B5041EBB
:10C9E00024D0250002F050FA63680C35002B17D0D4
:10C9F000114E06E08021890403F00EFA6368002BD3
:10CA00000ED02069A842F5D130000C49E8F742FF6A
:10CA100080212069890403F0FFF96368002BF0D1BD
:10CA200002F03AFA200004F075FC70BD0248044997
:10CA3000E8F730FFD5E7C046D0E502109D020000C0
:10CA40009102000010B5044C13000A000100200000
:10CA500004F02EFB10BDC046D5C9011003000833F9
:10CA600001224360C360036100235242826003607D
:10CA70007047C046002303617047C04643689A6808
:10CA80004B608A60516099600368086101330360FC
:10CA90007047C046030030B50D6808336A1C0DD0DE
:10CAA0001C005B681A68AA42FAD94B609960036857
:10CAB0008C60013361600861036030BD04696368A4
:10CAC000F3E7C0460369416882688A60516059682B
:10CAD000814205D000220261186801381860704751
:10CAE0005A60F7E770B51600026C0400856B002AE7
:10CAF00006D1066801350020002E25D0A56370BD43
:10CB0000002E0ED14068FAF7E7FB6368226C01350E
:10CB10009B18A2686360934201D32368636000207E
:10CB2000ECE7C068FAF7D8FB226CE36851429B1A25
:10CB30002268E360934202D2A3685B18E360022E8E
:10CB400007D000200135D9E7A06803F025FBA660D7
:10CB5000D4E7002DF5D00020D0E7C04670B5040022
:10CB60000D0000283AD0C36B002B2FD0016C1A0C9B
:10CB7000080C002A1DD1002837D1FFF77BFA216C61
:10CB8000E36B22684B43D0185B1A6260D218A06036
:10CB9000E260FF2344220020A063A3540132A35487
:10CBA000002D25D12369002B2BD1FFF76FFA01202F
:10CBB00013E000280AD1081C9BB289B2594380B205
:10CBC00093B24343090C5B181B0CD6D0114CB62111
:10CBD00020004900E8F75EFE002070BD38210D4CB2
:10CBE000FF312000E8F756FEF1E7021C181CE3E7CE
:10CBF00020001030FFF732FF20002430FFF72EFF17
:10CC0000D3E72000103003F091F80028CDD0FFF7D3
:10CC100025FACAE730E6021070B505000E000028BC
:10CC200040D0030C0A0C002B30D1002A42D1300036
:10CC300068430300493335D8483004F081FA041EB4
:10CC400034D00300002E33D12360E5632664FFF760
:10CC500011FA216CE36B22684B43D018A0600020CE
:10CC60005B1A6260D218E260FF234422A0632000B6
:10CC7000A3540132A3541030FFF7F0FE20002430FB
:10CC8000FFF7ECFEFFF702FA200070BD002A09D181
:10CC9000A8B2B2B2424389B29BB24B43120C9B186A
:10CCA0001B0CC4D005480649E8F7F4FD0024EBE767
:10CCB0004833C9E7131C011CEAE7C04630E60210FE
:10CCC0002D02000070B5041E0AD0FFF7D3F92368C7
:10CCD0000025002B00D1A568FFF7D8F9280070BD0A
:10CCE00002480349E8F7D6FDEFE7C04630E60210F8
:10CCF000BB02000010B5041E05D023680020002BE5
:10CD000000D1A06810BD02480249E8F7C3FDF4E76E
:10CD100030E60210DF02000070B505000E000028AA
:10CD200028D0884226D3482004F00AFA041E26D0D0
:10CD3000C563002500600564FFF79CF9216CE36B77
:10CD400022684B43D0185B1A6260D218E260FF235E
:10CD50004422A0602000A563A3540132A3541030E4
:10CD6000FFF77CFE20002430FFF778FEFFF78EF9F6
:10CD7000A66304E003480449E8F78CFD0024200082
:10CD800070BDC04630E60210A9030000F0B5CE46E3
:10CD9000474680B585B0041E88469946019200D169
:10CDA0006CE14346002B00D102E14B46022B00D13F
:10CDB000F5E003F09BF9002803D1019B002B00D084
:10CDC0004DE1FFF757F9A26BE36B9A427ED34A46D7
:10CDD0000023022A7AD026002436019A002A00D1A4
:10CDE000EFE0002B00D1D6E0FFF750F902F04CF84D
:10CDF000FFF740F94422A35C5BB2013301D1002369
:10CE0000A3544522A35C5BB2013301D10023A35498
:10CE1000FFF73CF901A902A803F092F8002800D01E
:10CE2000D3E0FFF727F9A26BE36B9A4262D0FFF7DA
:10CE30002DF9FFF71FF94523E55C6DB2002D05DCE8
:10CE400013E0013DEBB26DB2002B0ED0636A002BF4
:10CE50000BD0300002F06AFF0028F2D0013D03F051
:10CE6000B7F8EBB26DB2002BF0D14523FF22E254AC
:10CE7000FFF70CF9FFF7FEF84423E55C6DB2002DD7
:10CE800016DD2700103704E0013DEBB26DB2002B38
:10CE90000ED02369002B0BD0380002F047FF00288A
:10CEA000F2D0013D03F094F8EBB26DB2002BF0D15B
:10CEB0004423FF22E254FFF7E9F801F0EDFFFFF70A
:10CEC000D9F8A16BE26B0123914286D24A464146D2
:10CED0002000FFF707FE636A002B00D0C4E00028A3
:10CEE00000D0C8E0FFF7D2F8012005B0C0BCB946B9
:10CEF000B046F0BD27001037FFF7C8F83800019999
:10CF000002F0CAFDFFF7B6F84523E55C6DB2002DCF
:10CF100005DC13E0013DEAB26DB2002A0ED0636A6F
:10CF2000002B0BD0300002F001FF0028F2D0013DB1
:10CF300003F04EF8EAB26DB2002AF0D14523FF2289
:10CF4000E254FFF7A3F8FFF795F84423E55C6DB2D0
:10CF5000002D05DC13E0013DEAB26DB2002A0ED0CF
:10CF60002369002B0BD0380002F0E0FE0028F2D03D
:10CF7000013D03F02DF8EAB26DB2002AF0D144234E
:10CF8000FF22E254FFF782F801F086FF002896D1D5
:10CF9000FFF764F893E702A802F0CAFF24E7E36B07
:10CFA000012B00D105E738483849E8F773FC00E762
:10CFB000236C002B00D1F8E633483549E8F76AFCCA
:10CFC000F3E6FFF763F800208FE7FFF753F84523F8
:10CFD000E55C6DB2002D16DD2600243604E0013D2F
:10CFE000EAB26DB2002A0ED0636A002B0BD030007B
:10CFF00002F09CFE0028F2D0013D02F0E9FFEAB207
:10D000006DB2002AF0D14523FF22E254FFF73EF82B
:10D01000FFF730F84423E55C6DB2002D16DD2600E5
:10D02000103604E0013DEAB26DB2002A0ED0236949
:10D03000002B0BD0300002F079FE0028F2D0013D29
:10D0400002F0C6FFEAB26DB2002AF0D14423FF22FB
:10D05000E254FFF71BF801F01FFF002045E70A48E4
:10D060000C49E8F717FCACE62000243002F05EFE25
:10D07000002800D136E7FEF7F1FF33E7F021024840
:10D080008900E8F707FC8CE630E60210C2030000D6
:10D09000C1030000C503000070B5482004F050F83B
:10D0A000041E29D0002501230060C3630564FEF738
:10D0B000E1FF216CE36B22684B43D0185B1A62607E
:10D0C000D218E260FF234422A0602000A563A3548D
:10D0D0000132A3541030FFF7C1FC20002430FFF7C9
:10D0E000BDFCFEF7D3FF0023002200212000A56035
:10D0F0002560E560FFF74AFE200070BDF8B5CE461A
:10D100004746040080B591460F001D00002850D00E
:10D11000002938D0022D0FD0FEF7CEFFA26BE36BB3
:10D1200080469A4213D300264046FEF7C9FF3000DE
:10D13000C0BCB946B046F8BDE36B012B03D029480B
:10D140002949E8F7A7FBFEF7B7FF8046A36B452305
:10D15000E65C2A0076B239002000A36BFFF7C2FC20
:10D16000731C04D1636A002B15D10126DCE702F0A1
:10D1700001F88642F9D27F2E2FD04523013676B2B0
:10D18000E6540126D0E7036C002BC3D0154817499D
:10D19000E8F780FBBEE72000243002F0C7FD00283E
:10D1A000E3D04B46002BE0D001234A460126136012
:10D1B000BAE70C4E0D493000E8F76CFB30000A4925
:10D1C000E8F768FBFEF778FFA26BE36B80469A42B4
:10D1D000BDD30026022DA7D1B9E702480449E8F7DC
:10D1E00059FBCAE730E602109B0400009A040000D5
:10D1F00027050000F8B504000E00002847D0036C96
:10D20000002B1AD12368002B1FD0FEF755FFA36B0C
:10D21000E26B050000279A420AD94522A75C013338
:10D220007FB2A3637B1C1AD1636A002B23D1012731
:10D230002800FEF745FF3800F8BD1A4D1A492800AE
:10D24000E8F728FB2368002BDFD1A368002BDCD094
:10D25000144DAA212800C900E8F71CFBD5E701F00E
:10D2600089FF8742E3D27F2F17D0452301377FB252
:10D27000E7540127DCE72000243002F057FD0028A6
:10D28000D5D0002ED3D0012301273360D0E7054D40
:10D2900005492800E8F7FEFADBE702480349E8F70A
:10D2A000F9FAE2E730E602104B050000D205000073
:10D2B000F0B54746CE4680B585B0041E884601923B
:10D2C00000D14AE14346002B00D138E102F00EFFC5
:10D2D000002803D1019B002B00D039E1FEF7CAFEE4
:10D2E000A56B002D00D03EE1019B002B00D1C9E0D1
:10D2F000260002A802F01CFE44272436FEF7C6FED4
:10D3000001F0C2FDFEF7B6FEE35D5BB2013301D171
:10D310000023E3554522A35C5BB2013301D1002316
:10D32000A354FEF7B3FE01A902A802F009FE0028EB
:10D3300052D1FEF79FFEA36B002B00D1AAE0FEF7AF
:10D34000A5FEFEF797FE4523E55C213B99466DB2AD
:10D35000A144002D05DC13E0013DEAB26DB2002AC4
:10D360000ED0636A002B0BD0484602F0DFFC002889
:10D37000F2D0013D02F02CFEEAB26DB2002AF0D1EB
:10D380004523FF22E254FEF781FEFEF773FE44239D
:10D39000E55C343B99466DB2A144002D05DC13E0F9
:10D3A000013DEAB26DB2002A0ED02369002B0BD0EA
:10D3B000484602F0BBFC0028F2D0013D02F008FE16
:10D3C000EAB26DB2002AF0D14423FF22E254FEF704
:10D3D0005DFE01F061FD4BE0FEF74CFE4523E55C90
:10D3E0006DB2002D05DC13E0013DEAB26DB2002AFA
:10D3F0000ED0636A002B0BD0300002F097FC00289F
:10D40000F2D0013D02F0E4FDEAB26DB2002AF0D1A3
:10D410004523FF22E254FEF739FEFEF72BFE1023D0
:10D420009946E55DA1446DB2002D05DC13E0013D98
:10D43000EAB26DB2002A0ED02369002B0BD0484609
:10D4400002F074FC0028F2D0013D02F0C1FDEAB206
:10D450006DB2002AF0D1FF23E355FEF717FE01F06D
:10D460001BFDFEF707FEA36B002B0BD0FEF70EFE95
:10D47000FEF700FEA56B002D00D074E0019B002B91
:10D4800000D03BE7FEF702FE002005B0C0BCB94665
:10D49000B046F0BDFEF7FAFD24239946A144484664
:10D4A000019902F0F9FAFEF7E5FD4523E55C6DB25E
:10D4B000002D05DC13E0013DEAB26DB2002A0ED06A
:10D4C000636A002B0BD0484602F030FC0028F2D0F3
:10D4D000013D02F07DFDEAB26DB2002AF0D1452394
:10D4E000FF22E254FEF7D2FDFEF7C4FD4423E55CC3
:10D4F000343B99466DB2A144002D05DC13E0013D9B
:10D50000EAB26DB2002A0ED02369002B0BD0484638
:10D5100002F00CFC0028F2D0013D02F059FDEAB205
:10D520006DB2002AF0D14423FF22E254FEF7AEFD93
:10D5300001F0B2FC00289BD1FEF790FD98E7236C28
:10D54000002B00D1C2E618481849E8F7A3F9BDE658
:10D5500015481749E8F79EF9C0E6BE211248C900F0
:10D56000E8F798F9AEE6226C002A08D0E168A368D3
:10D570008918E16099420BD24046F9F7ADFE236964
:10D58000013DA563002B06D1FEF780FD01207CE75D
:10D590002168E160F0E72000103002F0C7FB0028AE
:10D5A000F2D0FEF75BFDEFE730E60210F405000075
:10D5B000F9050000F0B5CE46474680B585B0041E9B
:10D5C000019100D15FE1236C002B00D04CE102F00F
:10D5D0008DFD002803D1019B002B00D049E1FEF70F
:10D5E00049FDA36B002B00D05BE1019B002B00D118
:10D5F00037E102A802F09CFC00232600984644274D
:10D600002436FEF743FD01F03FFCFEF733FDE35DFA
:10D610005BB2013301D10023E3554522A35C5BB229
:10D62000013301D10023A354FEF730FD01A902A864
:10D6300002F086FC002852D1FEF71CFDA36B002BE4
:10D6400000D1AEE0FEF722FDFEF714FD4523E55CB8
:10D650006DB2002D17DD213B9946A14404E0013D48
:10D66000EAB26DB2002A0ED0636A002B0BD0484696
:10D6700002F05CFB0028F2D0013D02F0A9FCEAB206
:10D680006DB2002AF0D14523FF22E254FEF7FEFCE2
:10D69000FEF7F0FC4423E55C6DB2002D17DD343B52
:10D6A0009946A14404E0013DEAB26DB2002A0ED0D1
:10D6B0002369002B0BD0484602F038FB0028F2D03B
:10D6C000013D02F085FCEAB26DB2002AF0D144239C
:10D6D000FF22E254FEF7DAFC01F0DEFB56E0FEF733
:10D6E000C9FC4523E55C6DB2002D05DC13E0013D6E
:10D6F000EAB26DB2002A0ED0636A002B0BD0300064
:10D7000002F014FB0028F2D0013D02F061FCEAB205
:10D710006DB2002AF0D14523FF22E254FEF7B6FC99
:10D72000FEF7A8FCE55D6DB2002D17DD10239946CC
:10D73000A14404E0013DEAB26DB2002A0ED0236993
:10D74000002B0BD0484602F0F1FA0028F2D0013D40
:10D7500002F03EFCEAB26DB2002AF0D1FF23E3559D
:10D76000FEF794FC01F098FBFEF784FCA36B002B02
:10D770000AD1FEF78BFC4346002B6AD1002005B08E
:10D78000C0BCB946B046F0BDFEF780FCFEF772FCA7
:10D79000A36B002B00D084E0019B002B00D030E76E
:10D7A0005FE0FEF773FC2368002B71D024239946B9
:10D7B000A1444846019902F06FF9FEF75BFC45234E
:10D7C000E55C6DB2002D05DC13E0013DEAB26DB2FF
:10D7D000002A0ED0636A002B0BD0484602F0A6FA4E
:10D7E0000028F2D0013D02F0F3FBEAB26DB2002A4C
:10D7F000F0D14523FF22E254FEF748FCFEF73AFC45
:10D800004423E55C6DB2002D17DD343B9946A144FD
:10D8100004E0013DEAB26DB2002A0ED02369002B6C
:10D820000BD0484602F082FA0028F2D0013D02F007
:10D83000CFFBEAB26DB2002AF0D14423FF22E254BA
:10D84000FEF724FC01F028FB00289FD1FEF706FC20
:10D850009CE7FEF70FFC616A00290FD1A06802F077
:10D86000E7FCFEF713FC89E71A481B49E8F712F8B2
:10D87000ADE618481949E8F70DF8B0E61821236B12
:10D880001B68C91AEAE713481549E8F703F89AE64E
:10D89000FEF7F0FBA06802F039FC8046FEF7F6FBCD
:10D8A00084E7013BA3632368002B0FD02369002B7F
:10D8B00003D1FEF7EBFB012061E72000103002F0FE
:10D8C00035FA0028F5D0FEF7C9FBF2E702F016FDA5
:10D8D000A060EBE730E602108D0600009206000023
:10D8E00089060000F0B54746CE4680B585B0041ED7
:10D8F0008846019200D13FE1002900D138E102F0D1
:10D90000F5FB002803D1019B002B00D039E1FEF785
:10D91000B1FBA36B002B00D038E1019B002B00D1A1
:10D92000C9E0260002A802F003FB44272436FEF7D4
:10D93000ADFB01F0A9FAFEF79DFBE35D5BB201339D
:10D9400001D10023E3554522A35C5BB2013301D131
:10D950000023A354FEF79AFB01A902A802F0F0FAF3
:10D96000002852D1FEF786FBA36B002B00D1AAE062
:10D97000FEF78CFBFEF77EFB4523E55C213B9946D9
:10D980006DB2A144002D05DC13E0013DEAB26DB299
:10D99000002A0ED0636A002B0BD0484602F0C6F96D
:10D9A0000028F2D0013D02F013FBEAB26DB2002A6A
:10D9B000F0D14523FF22E254FEF768FBFEF75AFB45
:10D9C0004423E55C343B99466DB2A144002D05DC4F
:10D9D00013E0013DEAB26DB2002A0ED02369002B9C
:10D9E0000BD0484602F0A2F90028F2D0013D02F027
:10D9F000EFFAEAB26DB2002AF0D14423FF22E254DA
:10DA0000FEF744FB01F048FA4BE0FEF733FB4523F9
:10DA1000E55C6DB2002D05DC13E0013DEAB26DB2AC
:10DA2000002A0ED0636A002B0BD0300002F07EF982
:10DA30000028F2D0013D02F0CBFAEAB26DB2002A22
:10DA4000F0D14523FF22E254FEF720FBFEF712FB44
:10DA500010239946E55DA1446DB2002D05DC13E06D
:10DA6000013DEAB26DB2002A0ED02369002B0BD023
:10DA7000484602F05BF90028F2D0013D02F0A8FA16
:10DA8000EAB26DB2002AF0D1FF23E355FEF7FEFAA9
:10DA900001F002FAFEF7EEFAA36B002B0BD0FEF7B3
:10DAA000F5FAFEF7E7FAA36B002B00D06EE0019BBE
:10DAB000002B00D03BE7FEF7E9FA002005B0C0BC20
:10DAC000B946B046F0BDFEF7E1FA24239946A144D9
:10DAD0004846019901F0E0FFFEF7CCFA4523E55CEA
:10DAE0006DB2002D05DC13E0013DEAB26DB2002AF3
:10DAF0000ED0636A002B0BD0484602F017F90028BD
:10DB0000F2D0013D02F064FAEAB26DB2002AF0D11F
:10DB10004523FF22E254FEF7B9FAFEF7ABFA44239D
:10DB2000E55C343B99466DB2A144002D05DC13E061
:10DB3000013DEAB26DB2002A0ED02369002B0BD052
:10DB4000484602F0F3F80028F2D0013D02F040FA16
:10DB5000EAB26DB2002AF0D14423FF22E254FEF76C
:10DB600095FA01F099F900289BD1FEF777FA98E72A
:10DB7000036C002B00D1C2E614481549E7F78AFE72
:10DB8000BDE612481349E7F785FEC0E6226CE5685A
:10DB9000002A07D0A368A918E16099420AD240463A
:10DBA000F9F79AFB636AE560002B06D1FEF76EFA7F
:10DBB000012083E72168E160F1E72000243002F0D2
:10DBC000B5F80028F2D0FEF749FAEFE730E6021088
:10DBD000690700006E070000F8B5CE46474604000E
:10DBE0000D00914680B5002843D0002D2CD0FEF7C3
:10DBF00063FA0023A76B06009846002F07D1300078
:10DC0000FEF75EFA4046C0BCB946B046F8BD4433A4
:10DC1000E35C226C5BB29846002A0AD0E168A368F4
:10DC20008918E160994201D32168E1602800F9F781
:10DC300053FB4346013FA76301330DD12369002BFA
:10DC40001CD101239846DAE7236C002BCFD014486F
:10DC50001449E7F71FFECAE701F08CFA8045F0D2BD
:10DC600043467F2B17D04346442201335BB2A35473
:10DC7000E7E70B480C49E7F70DFEB6E72000103048
:10DC800002F054F80028DCD04B46002BD9D00123F9
:10DC90004A461360D5E702480449E7F7FBFDE2E78F
:10DCA00030E60210020800000108000048080000E9
:10DCB000F8B504000F00002836D000292BD0236CC3
:10DCC000002B0BD0FEF7F8F9A36B05000026002B04
:10DCD00010D12800FEF7F4F93000F8BD154D2800EA
:10DCE0001549E7F7D7FDFEF7E7F9A36B0500002616
:10DCF000002BEED0226CE668002A09D0A368B11888
:10DD0000E160994201D32168E1603800F9F7E4FA53
:10DD1000E6600126DDE7036C064D002BDFD028000E
:10DD20000649E7F7B7FDCAE7024D04492800E7F7BF
:10DD3000B1FDD4E730E60210660800006508000077
:10DD400010B5041E06D0FEF795F9A46BFEF79EF9F8
:10DD5000200010BD02480349E7F79CFDF3E7C046E9
:10DD600030E602109E08000010B5041E08D0FEF731
:10DD700081F9A36BE46BE41AFEF788F9200010BD6B
:10DD800002480349E7F786FDF1E7C04630E6021096
:10DD9000B308000010B5041E01D0A06B10BD0248EE
:10DDA0000249E7F777FDF8E730E60210C8080000FF
:10DDB00070B5041E22D0244B5A68944229D0DA68E8
:10DDC00094422ED05A6994422DD0DA6994422CD0D4
:10DDD0005A6A94422BD0DA6A94422AD05A6B9442FF
:10DDE00029D0DA6B944228D05A6C944227D0DA6C4E
:10DDF000944226D0200003F08DFA70BD134D1449D3
:10DE00002800E7F747FDC22128000901E7F742FD96
:10DE1000D1E7002200200021D2009B181860596031
:10DE2000E8E70122F6E70222F4E70322F2E7042200
:10DE3000F0E70522EEE70622ECE70722EAE70822F0
:10DE4000E8E70922E6E7C046083A002030E602107B
:10DE5000D7080000006C7047C06B704710B5041EF7
:10DE600003D0A06B4342584110BD02480249E7F776
:10DE700011FDF6E730E60210550A000010B5041E49
:10DE800005D0A36BE06BC01A4342584110BD024855
:10DE90000249E7F7FFFCF4E730E60210820A0000CF
:10DEA00070B504000D00002866D0002D44D0594BF9
:10DEB0005A68944200D195E01A68002A3DD0DA6889
:10DEC000944200D1A3E09A68002A5AD05A69944239
:10DED00000D19AE01A69002A59D0DA69944200D137
:10DEE00089E09A69002A58D05A6A94425ED01A6A28
:10DEF000002A5FD0DA6A944200D17EE09A6A002A52
:10DF00005ED05A6B944200D179E01A6B002A5DD042
:10DF1000DA6B944200D174E09A6B002A5CD05A6CA0
:10DF2000944200D16FE01A6C002A5DD0DA6C944202
:10DF30005FD09A6C002A36D070BDDA68944266D001
:10DF40005A69944261D01A00D9698C4253D0596AF7
:10DF50008C422BD0D96A8C424FD0596B8C424ED018
:10DF6000D96B8C424DD0596C8C424CD0D96C8C42C0
:10DF70003FD015605460DFE727482849E7F78AFC5F
:10DF800093E75A69944240D01A000832DCE7DA6914
:10DF9000944230D01A001032D9E75A6A944205D020
:10DFA0001A001832D6E748331A00E2E70422D200FA
:10DFB0009A18DEE7DA6A94421FD01A002032CCE7C2
:10DFC0005A6B94421BD01A002832C9E7DA6B94428C
:10DFD00017D01A003032C6E75A6C944213D01A0098
:10DFE0003832C3E70022E2E71A00D96C40328C4293
:10DFF000BFD10922DBE70322D9E70522D7E70622B2
:10E00000D5E70722D3E70822D1E70222CFE7012292
:10E01000CDE7C046083A002030E60210CC0B0000E5
:10E0200010B5041E20D01E4B5A68944221D0DA68E5
:10E03000944222D05A69944221D0DA69944220D085
:10E040005A6A94421FD0DA6A94421ED05A6B9442A4
:10E050001DD0DA6B94421CD05A6C94421BD0DA6CFF
:10E060000020A24219D010BD0E480F49E7F712FC5C
:10E07000D9E70022D2009858F5E70122FAE70222F8
:10E08000F8E70322F6E70422F4E70522F2E7062286
:10E09000F0E70722EEE70822ECE70922EAE7C046AC
:10E0A000083A002030E60210FE0B000010B5041EF6
:10E0B0001FD0204B5A68944221D0DA68944226D06F
:10E0C0005A69944225D0DA69944224D05A6A94421B
:10E0D00023D0DA6A944222D05A6B944221D0DA6B70
:10E0E000944220D05A6C94421FD0DA6CA2421ED0C7
:10E0F00010BDC22110480901E7F7CCFBD9E7002287
:10E1000000200021D2009B1818605960F0E701221E
:10E11000F6E70222F4E70322F2E70422F0E7052201
:10E12000EEE70622ECE70722EAE70822E8E7092201
:10E13000E6E7C046083A002030E6021070B5050058
:10E1400016000C00FDF796FF4422AB5C5BB2013376
:10E1500001D10023AB544522AB5C5BB2013301D14A
:10E160000023AB54FDF792FFAB6B002B46D0FDF7BD
:10E1700081FF4523EC5C64B2002C16DD2E002436B2
:10E1800004E0013CE2B264B2002A0ED06B6A002BBC
:10E190000BD0300001F0CAFD0028F2D0013C01F0A4
:10E1A00017FFE2B264B2002AF0D14523FF22EA54FD
:10E1B000FDF76CFFFDF75EFF4423EC5C64B2002CBE
:10E1C00016DD2E00103604E0013CE2B264B2002AF3
:10E1D0000ED02B69002B0BD0300001F0A7FD0028DA
:10E1E000F2D0013C01F0F4FEE2B264B2002AF0D1B8
:10E1F0004423FF22EA54FDF749FF70BD2800320096
:10E200002100243001F010FDB1E7C046F0B5C6464C
:10E2100000B50500FDF72EFF334C23680133236062
:10E220006368002B2DD0636FEA6A002B23D02F4F39
:10E23000A36F0133A367E36F934200D2E2679300B9
:10E240009B189B00F9184A68281D9668AA60EE6022
:10E2500070609060FA5869610132FA50FDF716FF5C
:10E26000636F002B04D06368DA6AEB6A9A420FD3BB
:10E2700080BCB846F0BD6368DB6A9342D7D865605E
:10E28000D5E765602368012B05D0EA6A174FCFE711
:10E29000FDF7E4FEECE7F023144F5B0098463E00E8
:10E2A000B84430001436FEF7D9FB4645F9D10823AF
:10E2B00098462600A04440461C36FEF7CFFB3000AF
:10E2C000FEF7CCFB20003030FEF7C8FB20004430C6
:10E2D000FEF7C4FB20005830FEF7C0FB4346EA6A55
:10E2E000E3662667A4E7C046683E0020083F00209A
:10E2F000F0B54F464646D646294C2A4BC0B59846FF
:10E300001F68E36E0E009946236F00219A466F2323
:10E31000050062686068D1540430FEF7D3FB6B1CC3
:10E320001AD063687D195D60AF4209D961685046B3
:10E330000431FEF7AFFBE0BCBA46B146A846F0BDDB
:10E34000616848460431FEF7A5FB43465B68AB4273
:10E35000F1D943465D60EEE7002E0CD162687B1E6A
:10E3600053609F42E2D8616848460431FEF792FB51
:10E3700043465B68DFE7E36D6268996893606268B3
:10E38000D160626804324A60626804329A60220096
:10E39000636858325A61A36D0133A365CBE7C04669
:10E3A000683E0020E83E00200022F8B52B4B2C4DA3
:10E3B0009A6069686A686B6812681B6B10339A42CE
:10E3C00004D90B6B27491A688A4235D06968686896
:10E3D0003431E7F733FAEB6F234E9A00D418A400D8
:10E3E0003159002919D1143C204F341904E0226816
:10E3F000143C013B002A0FD1002BF8D138001C49F6
:10E40000E7F748FA2368143C002B22D12268013B2D
:10E41000143C013B002AEFD09A00D2189200B018A9
:10E42000416808324968B6184160B1420ED0CA68E6
:10E430006A60EB676B68F8BD59689142C6D19A680B
:10E440008A42C3D1DB689342C0D1C4E7C16841604E
:10E45000EDE7012304225B425242DEE7E83E002062
:10E46000683E0020A5A5A5A5083F002088E602106B
:10E4700039140000F0B5DE4657464E469A469300E2
:10E48000C0B5814618000D0017009B4602F058FEEB
:10E49000061E00D198E0702002F052FE041E00D14A
:10E4A0008FE070220021F8F711FF300026635A46F2
:10E4B000A521F8F70BFF5B46266B043BF6180723F4
:10E4C0009E43002D4BD034222B78A354002B43D0F5
:10E4D0006B780132A354002B3ED0AB780132A354A9
:10E4E000002B39D0EB780132A354002B34D02B7998
:10E4F0000132A354002B2FD06B790132A354002B8F
:10E500002AD0AB790132A354002B25D0EB7901320C
:10E51000A354002B20D02B7A0132A354002B1BD004
:10E520006B7A0132A354002B16D0AB7A0132A3547C
:10E53000002B11D0EB7A0132A354002B0CD02B7B93
:10E540000132A354002B07D06B7B0132A354002B64
:10E5500002D04223AA7BE25443230022E254089BC8
:10E56000172B21D81825ED1AE3626364201DFEF7EE
:10E5700081FA20001830FEF77DFA300052464946F5
:10E580002461A5616462FDF74FFD361A2060B61064
:10E59000B74211D9099B002B00D01C602000E0BCC1
:10E5A000BB46B246A946F0BD08480949E7F772F9EB
:10E5B000172301250893D7E704480649E7F76AF9C6
:10E5C000E8E7300002F0A6FE0024E7E788E6021044
:10E5D0007A070000DF070000F8B5124D124E134F06
:10E5E00014E0FDF747FD336DDC68201DFEF76AFA85
:10E5F0003368013B3360EB68013BEB60FDF746FDA0
:10E60000206B02F087FE200002F084FEEB68002BF6
:10E61000E7D13B68012B01D9FDF720FDE7F7FAF8B8
:10E62000F4E7C046E83E0020683E0020083F002096
:10E63000F0B54546DE4657464E46E0B5554B83B0ED
:10E640001D68554C013501931D60002D14D1E36EFA
:10E650001B68002B00D098E0E36E226FE266019AFF
:10E660002367136901331361E36E1B68002B00D02D
:10E6700079E0013B536013005B689D4258D3E36E21
:10E680001B68002B00D176E00023444F9C4600938A
:10E690003AE0614659611168013911609A6A002AAD
:10E6A0000ED0D969186A8860416051688A4619009D
:10E6B00018318A455DD0614699621168013911604F
:10E6C000D96AE26F914200D9E1678A00521892003C
:10E6D000B818824640684E46804698608068D86088
:10E6E00046604046866050465861BB580133BB5077
:10E6F0006368009ADB6A8B429B415B421A43E36E7C
:10E7000000921B68002B38D0E36EDB68DB685A6828
:10E71000954237D399685A6988464046D9688160DE
:10E720004860181D814650684845B2D15160B0E735
:10E7300000231A4F00936368019AD96A92688B008C
:10E740005B189B00F95801238B429B41511E8A4163
:10E7500000985B421343184303B0F0BCBB46B2467B
:10E76000A946A046F0BDE36EDB681B68536013004A
:10E7700082E750609FE7094F00930123019A5B42B3
:10E780005360D8E7019B5A60D5E705480549E7F78C
:10E7900081F861E7E83E0020683E0020083F002045
:10E7A00088E602109C12000010B582B0059C01940E
:10E7B000049C0094FFF75EFE002804D0FFF726FDBE
:10E7C000012002B010BD01204042FAE770B50400FC
:10E7D000FDF750FC2C4D002C3FD0261D3000FEF7DD
:10E7E00071F9A36A002B03D020001830FEF76AF9F4
:10E7F000AB6F0133AB676B68A3421FD06B6F2B68A5
:10E80000013B2B60EB6E1B68002B13D0EB6E1F4E91
:10E81000DB681B687360FDF739FC206B02F07AFD42
:10E82000200002F077FD6B6F002B02D06B68A342D3
:10E830001FD070BD154E013B7360ECE76B6F002B72
:10E84000DDD0280031004430FEF718F90F4EF36890
:10E850000133F360FDF71AFCE5E76C68002CBCD1CE
:10E860000B490C48E7F716F80420FEF72BF9A36ACA
:10E87000FFDE7369002B02D1FDF7F0FBD9E70548F5
:10E880000549E7F707F8F7E7683E0020E83E002073
:10E89000BC08000088E6021035090000F8B5CE4635
:10E8A0004746040080B500283CD0234D00206B680B
:10E8B000A3421ED0FDF7DEFBEB6E666998462B6F18
:10E8C000A76A9946FDF7E2FB2B0030339F4214D034
:10E8D00046452CD04E452AD02B0058339E420ED0B0
:10E8E0004435AE4225D073425E410320764230402B
:10E8F0000130C0BCB946B046F8BD0120F9E7A36AB3
:10E900000220002BF5D16C33E35C012BF1D06D2399
:10E91000E35C012BEDD06E23E05C0138431E98418F
:10E920000230E6E705480649E6F7B4FFBDE70220F6
:10E93000DFE70420DDE7C046683E002088E60210DD
:10E94000E109000010B50400FDF794FB002C04D091
:10E95000E46AFDF79BFB200010BD054B5C68002CB2
:10E96000F6D104480449E6F795FFE36AFFDEC046A6
:10E97000683E002088E60210660A000010B5040018
:10E98000FDF79AFB002C04D0E46AFDF799FB200008
:10E9900010BD054B5C68002CF6D104480449E6F72D
:10E9A00079FFE36AFFDEC046683E002088E6021079
:10E9B000980A000010B50400FDF75CFB002C04D0A1
:10E9C000646CFDF763FB200010BD054B5C68002CF8
:10E9D000F6D104480449E6F75DFF636CFFDEC046EC
:10E9E000683E002088E60210B40A000010B504005A
:10E9F000FDF762FB002C04D0646CFDF761FB200086
:10EA000010BD054B5C68002CF6D104480449E6F7BC
:10EA100041FF636CFFDEC046683E002088E60210BE
:10EA2000E60A0000F0B5C64604000D0000B517293F
:10EA300036D8FDF71FFB002C3BD0636C9D421DD0E8
:10EA40002F4F20D87E68361B72425641E26A9342AD
:10EA500024D0954222D8A3696564002B02DB1823D9
:10EA60005B1BA36193009B18264D9B006269EB180A
:10EA70009A4228D0002E01D0FDF7F0FAFDF706FBF0
:10EA800080BCB846F0BD7A68A24236D07A68D66AB1
:10EA9000E26AAE42B64176429342DAD1E562DAE703
:10EAA00019481A49E6F7F6FE1725FDF7E3FA002C98
:10EAB000C3D1134B5C68002CBFD113481449E6F74F
:10EAC000E9FE636CFFDE231D18009846FDF7FAFF90
:10EAD000E26AFB6F9A4200D9FA67474693009B1897
:10EAE0009B00E9184A689068A260E0604760976000
:10EAF000EA5861610132EA50BCE70026A6E7C04649
:10EB0000683E0020083F002088E60210030B00004A
:10EB1000140B000070B50400FDF7ACFA364D002C64
:10EB200044D0261D3000FDF7CDFFA36A002B03D093
:10EB300020001830FDF7C6FF280031005830FDF7DF
:10EB40009DFF6C23E25C012A01D10022E2546D2377
:10EB5000E25C012A01D10022E2546E23E25C012A28
:10EB600001D10022E254FDF791FA6B6F002B03D123
:10EB70006B68A34210D070BDFDF77CFAEB6E1B688A
:10EB8000002B1FD0EB6EDB681A681C4B5A60FDF738
:10EB90007DFA6B68A342EED16B6F002B17D0174B39
:10EBA0005B69002B23D1FDF759FAE4E76C68002C70
:10EBB000B7D113491348E6F76DFE0420FDF782FF35
:10EBC000A36AFFDE01220D4B52425A60DFE729683B
:10EBD000AA6D914206D0094B5A69002A04D001223D
:10EBE0009A60C8E76B60C6E7FFF7DEFBC3E705483E
:10EBF0000549E6F74FFED6E7683E0020E83E0020D4
:10EC0000620C000088E60210CF0C0000F0B5C6468A
:10EC1000040000B5002843D0254D6B68984208D009
:10EC2000FDF728FA2B00626958339A4204D0FDF7A9
:10EC30002DFA80BCB846F0BD2A00A36A3032934258
:10EC4000F5D0002BF3D16C33E35C012BEFD06D23B7
:10EC5000E35C012BEBD06E23E35C012BE7D0261D98
:10EC60003000FDF72FFFE26AEB6F9A4200D9EA67A6
:10EC7000930010499B189B00C8188046406887681D
:10EC8000A060E7607E60866040466061C8580130E1
:10EC9000C8506B68DB6A9A42C9D9FDF7DFF9C6E74D
:10ECA00005480649E6F7F6FD014B5B68C1E7C0463B
:10ECB000683E0020083F002088E60210470D000053
:10ECC000F0B5C646040000B500284DD0FDF7F4F9B4
:10ECD00005002E4E6269330058339A4207D0002750
:10ECE0002800FDF7EDF9380080BCB846F0BD3000D3
:10ECF000A36A30308342F2D0002BF0D16C33E35C56
:10ED0000012BECD06D23E35C012BE8D06E23E35C98
:10ED1000012BE4D01E4B5A69002A32D17268E16A95
:10ED2000D26A0027914202D9012201379A60231D3D
:10ED300018009846FDF7C6FEE26AF36F9A4200D9C2
:10ED4000F267930013499B189B00CA1894464046EB
:10ED500052689668A260E660706090606246626188
:10ED6000CA580132CA50BBE70B4E0C493000E6F7D7
:10ED700091FDFDF7A1F90A4905003000E6F78AFD8B
:10ED8000A7E721001831FDF779FEA8E7683E0020CB
:10ED9000E83E0020083F002088E60210850D0000B4
:10EDA000030D000030B587B01022002102A8F8F74B
:10EDB0008DFA164B164C029323000025802218333F
:10EDC0000193144800230095920002A9FFF752FB1B
:10EDD00000280BD0FFF71AFA01F0B0FF01280AD083
:10EDE000013003D00C4B1B6807B030BD0B480C49F9
:10EDF000E6F750FDF6E772B601235B426360094B0C
:10EE000058672560FDF798F9ECE7C04649444C4542
:10EE1000E83E0020D9E5011084A0031088E6021026
:10EE2000CD0E0000683E002070B502F07DF8FFF7BF
:10EE3000CDFC134DA869FFF7C9FCEB68114E002B00
:10EE400017D0FDF717F9336DDC68201DFDF73AFE8A
:10EE50003368013B3360EB68013BEB60FDF716F96B
:10EE6000206B02F057FA200002F054FAEB68002BF6
:10EE7000E7D172B600237367FDF7E6F870BDC046B0
:10EE8000E83E0020683E0020024A53690133536186
:10EE90007047C046E83E0020F0B5DE46454657467E
:10EEA0004E46E0B583B0FDF7E5F84D4D6B69002B9C
:10EEB00000D185E06B69013B6B616B69002B6CD104
:10EEC000484C2368002B68D0236B002B4BD0464B5B
:10EED0009B460023994601339C46E36BDB68DE6961
:10EEE000196A9A6AB1604E601E0057681836B742B8
:10EEF00064D0494699621168013911609E68D968E9
:10EF00005A69B1604E601E1DB0465668464553D0E2
:10EF10001168DF6A01391160E26F974200D9E76733
:10EF2000BA00D21992001100404659440191496833
:10EF30008E689960DE6070608860019959615B46F7
:10EF400059469B5801338B506368DB6A9F422FD927
:10EF50006346AB60236B002BBFD1E36E1B68002BB5
:10EF600033D1013B6B60EE69002E13D0012707E01F
:10EF7000FFF75EFB002800D0AF60013E002E08D0F6
:10EF80006B69002BF4D0EB69013E0133EB61002E7D
:10EF9000F6D1EE61AB68002B1CD10024FDF776F8AA
:10EFA000200003B0F0BCBB46B246A946A046F0BD67
:10EFB000236B002B91D1D0E75160A9E7516098E70E
:10EFC0000A480B49E6F766FC74E7E36EDB681B68EA
:10EFD0006B60C8E76368FDF741F80124DEE7C046CF
:10EFE000E83E0020683E0020083F002088E602102E
:10EFF000CB0F0000F0B5D6464F46464605000C0044
:10F00000C0B5002854D0002C4DD02C4E736901336C
:10F01000736137687369012B03D029482949E6F7E2
:10F0200039FC2B681C19BB420DD9A3420DD82C60AA
:10F030000024FFF731FF002829D02000E0BCBA46A9
:10F04000B146A846F0BDA34201D8A742EFD233682B
:10F050002C601D4DDF1B9846EB6E002199462B6FEF
:10F060006A689A466F236868D1540430FDF72AFD18
:10F070006B686968E7195F600431B8450AD9504682
:10F08000FDF708FD0124FFF707FF0028D5D1FCF7A5
:10F09000E5FFD2E74846FDF7FDFC73689F42F1D2D9
:10F0A00001247760EFE706480849E6F7F3FBACE791
:10F0B000952103480901E6F7EDFBA4E7E83E0020AF
:10F0C00088E6021059090000683E0020510900003E
:10F0D000F8B5CE464746040080B5002822D01B4E26
:10F0E0007369013373617369012B29D1184D376836
:10F0F000EB6E002198462B6F6A6899466F2368680B
:10F10000D1540430FDF7DEFC6B686968E4195C607B
:10F110000431A7420CD94846FDF7BCFCFFF7BCFE02
:10F12000002801D1FCF79AFFC0BCB946B046F8BD33
:10F130004046FDF7AFFC73689C42EFD27460EDE788
:10F1400004480549E6F7A6FBD0E7C046E83E0020A4
:10F15000683E002088E60210AF090000014B1868E5
:10F160007047C046E83E0020014B18687047C04613
:10F17000E83E0020014B18687047C046683E0020FA
:10F1800010B5041E02D02000343010BD044B5C6862
:10F19000002CF8D103480449E6F77CFBF3E7C046AE
:10F1A000683E002088E6021095100000F0B5454644
:10F1B000DE4657464E46E0B583B0050004F04EFDEE
:10F1C0000F2800D962E3B34A536901335361B24B4C
:10F1D000352718009B4636239C4601339946013358
:10F1E0009A4608305B461B68002B00D19EE04368BE
:10F1F000834200D19AE0392290465A463426297833
:10F200000192DC68A25D8A4200D089E0002900D129
:10F2100032E3E25D93466A785A4500D080E0002AE6
:10F2200000D129E36246A25C9346AA785A4577D179
:10F23000002A00D120E34A46A25C9346EA785A4568
:10F240006ED1002A00D117E35246A25C93462A7978
:10F250005A4565D1002A00D10EE34246A25C93468E
:10F260006A795A455CD1002A00D105E33A22A25CB2
:10F270009346AA795A4553D1002A00D1FCE23B2299
:10F28000A25C9346EA795A454AD1002A00D1F3E2BA
:10F290003C22A25C93462A7A5A4541D1002A00D1E9
:10F2A000EAE23D22A25C93466A7A5A4538D1002AA6
:10F2B00000D1E1E23E22A25C9346AA7A5A452FD1C0
:10F2C000002A00D1D8E23F22A25C9346EA7A5A454E
:10F2D00026D1002A00D1CFE24022A25C93462A7BAD
:10F2E0005A451DD1002A00D1C6E24122A25C9346B4
:10F2F0006A7B5A4514D1002A00D1BDE24222A25CA9
:10F300009346AA7B5A450BD1002A00D1B4E243228E
:10F31000A25C9346EA7B5A4502D1002A00D1ABE2B7
:10F320005B68834200D06CE7019B9B4614235B42E1
:10F330009846C018594BC344834200D052E7584BFB
:10F34000DA6E1168002900D1ACE01000D2680830F4
:10F35000904200D1A6E03524A2460134A1460134F2
:10F36000A04601343426A4462978D468A75D8F428C
:10F3700000D08AE0002900D17EE25746E75DBB4617
:10F380006F785F4500D080E0002F00D174E24F46D7
:10F39000E75DBB46AF785F4577D1002F00D16BE2C8
:10F3A0004746E75DBB46EF785F456ED1002F00D141
:10F3B00062E26746E75DBB462F795F4565D1002F66
:10F3C00000D159E23927E75DBB466F795F455CD1D3
:10F3D000002F00D150E23A27E75DBB46AF795F4589
:10F3E00053D1002F00D147E23B27E75DBB46EF79C1
:10F3F0005F454AD1002F00D13EE23C27E75DBB4686
:10F400002F7A5F4541D1002F00D135E23D27E75DDE
:10F41000BB466F7A5F4538D1002F00D12CE23E27E2
:10F42000E75DBB46AF7A5F452FD1002F00D123E2C5
:10F430003F27E75DBB46EF7A5F4526D1002F00D11D
:10F440001AE24027E75DBB462F7B5F451DD1002FA9
:10F4500000D111E24127E75DBB466F7B5F4514D1C8
:10F46000002F00D108E24227E75DBB46AF7B5F4536
:10F470000BD1002F00D1FFE14327E75DBB46EF7BB7
:10F480005F4502D1002F00D1F6E15268904200D0D2
:10F490006BE707E0E83E0020D4400020FC3E00205F
:10F4A000683E00201A6F1168002900D1A2E0100008
:10F4B000D2680830904200D19CE03424A246013446
:10F4C000A1460134A0460134A4463827297856467F
:10F4D000D468A65D8E4200D088E0002900D1CBE13F
:10F4E0004E46A65DB3466E785E457FD1002E00D1B4
:10F4F000C2E14646A65DB346AE785E4576D1002EA3
:10F5000000D1B9E16646A65DB346EE785E456DD1A1
:10F51000002E00D1B0E1E65DB3462E795E4565D19F
:10F52000002E00D1A8E13926A65DB3466E795E456E
:10F530005CD1002E00D19FE13A26A65DB346AE799C
:10F540005E4553D1002E00D196E13B26A65DB34621
:10F55000EE795E454AD1002E00D18DE13C26A65DB4
:10F56000B3462E7A5E4541D1002E00D184E13D267E
:10F57000A65DB3466E7A5E4538D1002E00D17BE1A0
:10F580003E26A65DB346AE7A5E452FD1002E00D151
:10F5900072E13F26A65DB346EE7A5E4526D1002E87
:10F5A00000D169E14026A65DB3462E7B5E451DD1A4
:10F5B000002E00D160E14126A65DB3466E7B5E451C
:10F5C00014D1002E00D157E14226A65DB346AE7B92
:10F5D0005E450BD1002E00D14EE14326A65DB34619
:10F5E000EE7B5E4502D1002E00D145E1526890428B
:10F5F00000D06CE79A6D002A00D1A4E019005A6E81
:10F6000060318A4200D19EE034208246013081463A
:10F610000130804601308446382739262978504603
:10F62000D468205C884200D087E0002900D123E123
:10F630004846205C8346687858457ED1002800D132
:10F640001AE14046205C8346A878584575D10028C9
:10F6500000D111E16046205C8346E87858456CD1C2
:10F66000002800D108E1E05D83462879584564D13F
:10F67000002800D100E1A05D8346687958455CD13F
:10F68000002800D1F8E03A20205C8346A87958454C
:10F6900053D1002800D1EFE03B20205C8346E8797D
:10F6A00058454AD1002800D1E6E03C20205C834642
:10F6B000287A584541D1002800D1DDE03D20205C6A
:10F6C0008346687A584538D1002800D1D4E03E20DE
:10F6D000205C8346A87A58452FD1002800D1CBE082
:10F6E0003F20205C8346E87A584526D1002800D187
:10F6F000C2E04020205C8346287B58451DD100286D
:10F7000000D1B9E04120205C8346687B584514D184
:10F71000002800D1B0E04220205C8346A87B5845F9
:10F720000BD1002800D1A7E04320205C8346E87B72
:10F73000584502D1002800D19EE018005268603080
:10F74000824200D06BE75A6C002A00D193E0190086
:10F750001A6D4C318A4200D18DE03420824601304E
:10F760008146013080460130844638273926297881
:10F770005046D468205C814277D100297CD048462D
:10F78000205C8346687858456FD1002874D0404685
:10F79000205C8346A878584567D100286CD0604625
:10F7A000205C8346E87858455FD1002864D0E05D4E
:10F7B00083462879584558D100285DD0A05D8346FE
:10F7C0006879584551D1002856D03A20205C8346AC
:10F7D000A879584549D100284ED03B20205C83466B
:10F7E000E879584541D1002846D03C20205C83462A
:10F7F000287A584539D100283ED03D20205C8346E8
:10F80000687A584531D1002836D03E20205C8346A6
:10F81000A87A584529D100282ED03F20205C834665
:10F82000E87A584521D1002826D04020205C834624
:10F83000287B584519D100281ED04120205C8346E2
:10F84000687B584511D1002816D04220205C8346A1
:10F85000A87B584509D100280ED04320205C834660
:10F86000E87B584501D1002806D0180052684C307A
:10F87000824200D07CE70024FFF70EFB200003B09B
:10F88000F0BCBB46B246A946A046F0BD02480349BB
:10F89000E6F700F897E4C04688E60210EF10000093
:10F8A00010B5054CA069002800D010BD03480449DC
:10F8B000E5F7F0FFA069F8E7E83E002088E60210CF
:10F8C000B811000010B5041E06D10B4BA4001C1982
:10F8D000A06900280AD010BD08480949E5F7DAFFF9
:10F8E000054BA4001C19A0690028F4D10348054960
:10F8F000E5F7D0FFA069EEE7E83E002088E60210B9
:10F90000C5110000C911000070B50B4C05006369FA
:10F91000002B0CD1636901336361FCF7ABFBE36936
:10F920005B19E361FCF7B2FBFFF7B6FA70BD034861
:10F930000349E5F7AFFFEDE7E83E002088E6021057
:10F940000B120000F0B5D6464F4646460400C0B53F
:10F9500000285CD03B4E7369013373613A4D6B688C
:10F960009C4216D0FCF786FBA36A67699846EB6E4B
:10F9700099462B6F9A46FCF789FB2B00303398454C
:10F9800007D04F4511D057450FD02B0058339F4219
:10F9900008D00024FFF780FA2000E0BCBA46B14648
:10F9A000A846F0BDA36A002B3FD0271D3800FDF705
:10F9B00089F8FCF75FFBA36A002B06D02000183003
:10F9C000FDF780F86F230122E254FCF75FFBE26A47
:10F9D000EB6F9A4200D9EA6793001C499B189B0081
:10F9E000C8188446406899468368A060E3605F60F9
:10F9F0006346876063614B46C8580130C8506B68E6
:10FA0000DB6A9A4201D90123B3600124C2E7104D99
:10FA100010492800E5F73EFF0A4E73690133736110
:10FA20000D492800E5F736FF98E76C33E35C012BBE
:10FA3000BBD06D23E35C012BB7D06E23E35C012BBD
:10FA4000A7D1B2E7E83E0020683E0020083F002032
:10FA500088E6021028120000E1090000064B10B5EC
:10FA60005A69002A02D1FEF7E3FD10BDDA690020D1
:10FA70000132DA61F9E7C046E83E0020054B10B5D7
:10FA80005A69002A02D001229A6010BDFEF78CFC50
:10FA9000FBE7C046E83E0020F8B5CE4647460600E4
:10FAA0000D0080B500283FD0224C3000616818312D
:10FAB000FCF7F0FF204E00213768E36E9846236F75
:10FAC000626899466F236068D1540430FCF7FAFFEE
:10FAD0006B1C15D063686168ED195D600431AF423D
:10FAE00006D94846FCF7D6FFC0BCB946B046F8BDBB
:10FAF0004046FCF7CFFF73689D42F5D27560F3E78F
:10FB0000E36D6268996893606268D16062680432EC
:10FB10004A60626804329A602200636858325A610F
:10FB2000A36D0133A365DFE704480549E5F7B2FE9D
:10FB3000BAE7C046683E0020E83E002088E6021092
:10FB4000BF140000F8B54746CE46050088461600AB
:10FB500080B5002859D02F4F7B69002B50D08021D1
:10FB600042462D4C090663681143996162686B68CF
:10FB70009968D36162681162626818324A6062688B
:10FB8000002118329A6063689D622B6801332B60F4
:10FB90003D68E36E9846236F626899466F236068FC
:10FBA000D1540430FCF78EFF731C15D06368616874
:10FBB00076195E600431B54206D94846FCF76AFF03
:10FBC000C0BCB946B046F8BD4046FCF763FF7B6851
:10FBD0009E42F5D27E60F3E7E36D626899689360B8
:10FBE0006268D160626804324A60626804329A6076
:10FBF0002200636858325A61A36D0133A365DFE7C1
:10FC000006480749E5F746FEA9E704480549E5F730
:10FC100041FEA0E7E83E0020683E002088E6021092
:10FC2000E1140000DD140000F0B54F464646D6460C
:10FC30000500C0B50E00170000285DD0374C6B687A
:10FC400062689968D36162681162626818324A60BA
:10FC5000626818329A6063689D622B6801332B607A
:10FC60002F4B002F22D01B680021E36E236F6F23E0
:10FC700062686068D1540430FCF724FFE36D626869
:10FC8000996893606268D160626804324A60626811
:10FC900004329A602200636858325A61A36D0133BE
:10FCA000A365E0BCBA46B146A846F0BD1D689846BB
:10FCB000E36E9946236F62689A466F236068D75453
:10FCC0000430FCF7FFFE731C1BD0636876195E607E
:10FCD000B5420BD8616848460431FCF7DBFE434669
:10FCE0005B689E42DDD243465E60DAE7616850465B
:10FCF0000431FCF7CFFED4E70A480B49E5F7CAFD0B
:10FD00009CE762686B1E53609D42EFD8616848466D
:10FD10000431FCF7BFFE43465B68C2E7683E002043
:10FD2000E83E002088E60210FD140000F8B5CE463B
:10FD30004746C36880B5DC68002C5DD02000A36A0C
:10FD4000E169226A18308A6051605968814248D05E
:10FD50000022A2621A682B4D013A1A606B69E16AAF
:10FD6000002B2ED16369A068E268271D8260506075
:10FD70005868B84237D01A68013A1A60224BDA6FD5
:10FD80008A422CD38A002148521892008618B44621
:10FD900076689146B268A660E26057606246B760D6
:10FDA00062614A468458013484505B680020DB6AF3
:10FDB0008B4202D201230130AB60C0BCB946B046D1
:10FDC000F8BD114B5A6B9668E261266270609060D4
:10FDD0001A003032A2621A6B01321A63E5E7D96762
:10FDE000D0E75A60B4E75A601A68013A1A60064BC5
:10FDF000DA6F8A42C6D2F2E705480649E5F74AFDBE
:10FE00009CE7C046E83E0020683E0020083F0020F6
:10FE100088E6021034150000F8B5CE464746324B4E
:10FE2000050099465B690C0080B5002B41D080210C
:10FE300009062143EC682960002C45D02B696968CC
:10FE4000AA688A6051605968A94249D000222A6193
:10FE50001A68A168013A1A606369E268251D8A6020
:10FE600051605968A9423DD01A68204F013A1A6082
:10FE7000E26AFB6F9A4200D9FA6793001C499B180B
:10FE80009B00C818844640688668A060E66075607C
:10FE9000856060466061C8580130C8507B68DB6A85
:10FEA0009A4202D901234A469360C0BCB946B04683
:10FEB000F8BD10491048E5F7EDFC80210906214303
:10FEC000EC682960002CB9D10C490B48E5F7E2FC3D
:10FED0002B696968AA688A6051605968A942B5D1DE
:10FEE0005A60B3E75A60BFE7E83E0020683E002052
:10FEF000083F00208215000088E602108D150000E2
:10FF000010B5041E09D0FCF7B5F8064B1A691B683A
:10FF100022606360FCF7BAF810BD03480349E5F7B7
:10FF2000B9FCF0E7E83E002088E60210C5150000A5
:10FF3000024B1A691B68026043607047E83E00206C
:10FF4000F8B504000D0000282CD0002D30D0FCF7AF
:10FF500091F86F22194B1A491E684868805C002886
:10FF600007D04B68002199540124FCF78FF820003A
:10FF7000F8BD2A68511C13D0186927686168874248
:10FF800004D0B14202D800232B60EDE7701A824200
:10FF9000F9D9921B52182A601A691B6822606360A3
:10FFA0000024E2E707480849E5F774FC002DCED1AC
:10FFB00004480649E5F76EFCC9E7C046E83E002064
:10FFC000683E002088E60210E4150000E5150000F8
:10FFD0000122014B9A607047E83E002070B50C008A
:10FFE0001500042904D8002803D0A4000019C56412
:10FFF00070BD064B58680028F7D1123404480549F3
:020000041002E8
:10000000A400E5F747FC6560FFDEC046683E0020BF
:1000100088E602107E17000010B50C00042911D8E4
:10002000002803D0A4000019C06C10BD064B58680E
:100030000028F7D1123405480549A400E5F72AFC49
:100040006368FFDE0020F0E7683E002088E60210CB
:100050009617000010B5041E0AD0226B00201378FA
:10006000A52B04D10130135CA52BFBD0800810BD5B
:10007000044B5C68002CF0D103480449E5F70AFC06
:10008000236BFFDE683E002088E602100F19000097
:1000900010B5041E0AD0226B00201378A52B04D1C2
:1000A0000130135CA52BFBD0800810BD044B5C68AD
:1000B000002CF0D103480449E5F7ECFB236BFFDE8D
:1000C000683E002088E6021030190000014B586895
:1000D0007047C046683E0020002802D1024B586895
:1000E00070470020FCE7C046683E0020054B012019
:1000F0005B6F002B04D0044B5869434258414000C9
:100100007047C046683E0020E83E0020F8B5041E57
:1001100021D01F4DC26A6B68DB6A9A4214D2836990
:10012000002B04DB6B68D96A18235B1A8361930088
:100130009B18184E9B006269F3189A420DD06B68A9
:100140000120DB6AE36205E06B68406CDB6A984281
:1001500080414042F8BD0020FCE7271D3800FCF735
:10016000B1FC6B68DA6AEB6FE2629A4200D9EA6727
:1001700093009B189B00F1184A689068A260E060A9
:1001800047609760F258616101320120F250E1E767
:10019000683E0020083F002070B5041E12D01F4D9D
:1001A0006B68834203D01E481E49E5F773FBA36CBE
:1001B000002B09D0E16A626C013BA364914201D03B
:1001C000002B0DD0002070BD17491548E5F762FBE4
:1001D000A36CE16A626C013BA3649142F0D1F1E748
:1001E000261D3000FCF76EFC1823626C9B1AA3617D
:1001F000EB6FE2629A4200D9EA6793000B499B18C1
:100200009B00C81842689568A260E5606E609660C1
:10021000CA58606101320120CA50D4E7683E00200C
:1002200088E602106D1A00006E1A0000083F0020D8
:10023000F8B504000D0000280BD0836C002B0ED005
:10024000666CAE4206D3E36AB34202D0A26C012AC6
:100250000DD0F8BDE36A2E00B342F7D1F9E71C4890
:100260001C49E5F717FB666CAE42ECD2F2E71A4D7B
:100270006A68A24226D0A269E662002A02DB18223E
:10028000921BA2619A00D318144E9B006269F31866
:100290009A42DED1271D3800FCF714FCE26AEB6FAE
:1002A0009A4200D9EA6793009B189B00F1184A68AC
:1002B0009068A260E06047609760F2586161013227
:1002C000F250C6E702480649E5F7E4FAE36AD2E7E6
:1002D00088E60210CB1A0000683E0020083F00208C
:1002E000E61A0000044B5A68596890695A68182346
:1002F000C96A5B1A93617047683E0020034B5868D7
:10030000002802D0836C013383647047683E00206C
:10031000F8B5CE464746040080B591460F00022846
:1003200028D82500274E18357368AA00D358904660
:10033000002B02D14B46002B21D1FBF79BFE7368AB
:10034000AD00EB589846002B04D07368002F0DD0F9
:100350000022EA50002273681B196C331A70FBF7F5
:1003600095FE4046C0BCB946B046F8BD4246013A8B
:10037000EA50EFE714481549E5F78CFAD1E7144A3B
:10038000536901335361FBF775FE42467368D358D6
:10039000002B04D0FBF77AFEFEF77EFDCDE70122AD
:1003A00073681B196C331A70FBF770FE0121484605
:1003B000FDF79EFFFEF770FD0028BED1FBF74EFE55
:1003C000BBE7C046683E002088E602101E1E000003
:1003D000E83E0020F0B5C6460400884616001F001F
:1003E00000B5022851D82E4D686800196C3003788A
:1003F000022B02D0069B002B22D1FBF73BFE002FE5
:1004000005D023006A6818339B009B583B606B68DB
:1004100000271B196C331B78022B06D16B68A200D6
:100420009B181A6E0137B2431A6600226B681B19BB
:100430006C331A70FBF72AFE380080BCB846F0BD5A
:10044000184A536901335361FBF714FE6B681B199B
:100450006C331B78022B1DD041466B68A2009B18A1
:100460001A6E8A431A6601226B681B196C331A7064
:10047000FBF70CFE01210698FDF73AFFFEF70CFD95
:100480000028BAD1FBF7EAFDB7E707480749E5F7C7
:1004900001FAA8E7FBF7FAFDFEF7FEFCADE7C04660
:1004A000683E0020E83E002088E60210851E00001D
:1004B000F0B5C64600B504000D0090461E00069F2C
:1004C000022955D8002C59D0FBF7D4FD002F04D0B9
:1004D0002B0018339B001B593B60022263196C33BD
:1004E0001F781A70FFB2042E62D8374BB6009B59A2
:1004F0009F4643461835AD002B51012F06D00124ED
:10050000FBF7C4FD200080BCB846F0BD6369A1685C
:10051000E268261D8A6051605968B14251D01A685C
:100520002A4D013A1A60E26AEB6F9A4200D9EA67F3
:10053000930027499B189B00C8188046406887682D
:10054000A060E7607E60866040466061C858013008
:10055000C850A36A002B04D01E481F49E5F79AF93A
:10056000E26A6B68DB6A9342C9D2FBF777FDC6E7A4
:1005700018481A49E5F78EF9002CA5D115481849F5
:10058000E5F788F9A0E7AD0065192B6E01332B66FE
:10059000012FB4D1BAE7022FABD10024B0E7424615
:1005A000AD0065192B6E13432B66012FA7D1ADE764
:1005B0000C4B1B68002BA0D006480B49E5F76AF9E5
:1005C0009BE75A60ABE7C0465CA00310683E002082
:1005D000083F002088E602103E1F0000F91E0000C0
:1005E000FA1E0000E83E00202F1F0000F0B54F4625
:1005F0004646D646C0B505000C0091461E00089F31
:10060000002800D18FE0022C4ED8FBF755FD804624
:10061000002F04D0230018339B005B593B6002225B
:100620002B196C331F781A70FFB2042E00D97FE0AB
:10063000454BB6009B599F464B461834A400635166
:10064000012F09D001244046FBF73AFD2000E0BC11
:10065000BA46B146A846F0BDAB6A002B03D03B4872
:100660003B49E5F717F93B48E96A4369002B35D068
:100670002C00394B18345A6B9668EA612E6274600C
:1006800094601A003032AA621A6B01321A635B68F6
:10069000DB6A8B42D6D2099B002B02D01A000123C1
:1006A000136001238360CDE728482C49E5F7F2F871
:1006B000ABE7A4002C19236E01332366012FC1D1AF
:1006C000CAE7022FB8D10024BDE74A46A4002C197E
:1006D000236E13432366012FB4D1BDE76B69AC6869
:1006E000EA682F1DA26054605C68BC422AD01A6878
:1006F000013A1A60184BDA6F8A4200D2D9678A0031
:10070000174C52189200A618B44676689246B26802
:10071000AE60EA6057606246B7606A615246A558AB
:100720000135A550B3E709480E49E5F7B3F86AE784
:10073000084B1B68002B00D182E704480A49E5F703
:10074000A9F87DE75A60D2E770A0031088E602108E
:10075000C91F0000E83E0020683E0020741F000012
:10076000083F0020731F0000BE1F0000F0B5574671
:100770004546DE464E46E0B50C000500170083B046
:10078000002800D171E0022C40D8FBF795FC022133
:100790002B196C33A4001A782C191970236E0600DB
:1007A00001332366012A09D03000FBF789FC03B02E
:1007B000F0BCBB46B246A946A046F0BDAB6A002BD2
:1007C00003D02D482D49E5F765F82D4BE96A9B4686
:1007D0005B69002B1FD02C002A4B18345A6B906891
:1007E000EA612862446094601A003032AA621A6B8F
:1007F00001321A635B68DB6A8B42D5D2002F01D0CD
:1008000001233B6001235A469360CDE71A481E49F5
:10081000E5F740F8B9E7AC68EA686B69A260546034
:100820002C1DA0465C68444524D01A68013A1A6021
:10083000144BDA6F8A4200D2D967144A94468A0070
:10084000521890000200624454689146424601905A
:10085000A068AC60E8604260A2604A466A61624695
:100860000198145801341450C4E703480849E5F7C7
:1008700011F888E75A60D8E788E602104F20000098
:10088000E83E0020683E002026200000083F0020AF
:100890002520000070B504000D0002290FD8002C9F
:1008A00013D064196C34FBF7E5FB23780025022B89
:1008B00001D125700135FBF7E9FB280070BD09481F
:1008C0000949E4F7E7FF002CEBD1084B5C68002CEA
:1008D000E7D1044806496C35E4F7DCFFFBF7CAFBB7
:1008E0002B78FFDE88E60210A7200000683E00207B
:1008F000AC20000070B504000D00160002290DD8D0
:10090000002C11D0AD006519FBF7B4FB2C6E2B6EDB
:10091000B3432B66FBF7BAFB200070BD09480A49B8
:10092000E4F7B8FF002CEDD1084B5C68002CE9D14E
:10093000183504480649AD00E4F7ACFFFBF79AFB15
:100940002B68FFDE88E60210CF200000683E002002
:10095000D42000000023074A07494B608B67D3600F
:100960000B601360CB674B67D36193601361536077
:1009700053617047E83E0020683E0020F0B5DE4637
:1009800057464E464546CA4BE0B59A4689B004AB39
:100990009B46C84BC84C039353461B681E68002EE9
:1009A0006DD1FEF771FAFEF7D9FB53465B6805007F
:1009B000834200D914E1534658609B681A68534239
:1009C0005A415346711BD868FDF7B8FBFEF764FA2D
:1009D000002800D169E11022002158462700F6F7CF
:1009E00075FC544600225946E068FCF761FC00287B
:1009F0003ED05B461B68002B79DB5B469E68002E71
:100A0000F0D07369002B02D0301DFCF75BF8FEF7C5
:100A1000A5FB63680500984274D35B461B6865605C
:100A2000092BDFD89B00FB589F4624220123B05C92
:100A30000343B3545B46B269596836618B187360DF
:100A4000AB4200D9AAE0691A8A4200D928E14107DD
:100A500000D5AAE0012398432333F0543000336AD1
:100A6000984700225946E068FCF722FC0028C0D1D4
:100A7000A24653461B683C001E68002E91D0DB68DE
:100A80001E68FEF701FAFEF769FB53465B68050036
:100A9000984200D2A4E053465860864200D80FE145
:100AA00000228EE724220121B35C0B43B3545B4642
:100AB0005B68B361002B00D1E4E05B1973603661C1
:100AC0009D4200D3ECE02068311DFBF7E3FF89E78E
:100AD00024220121B35C8B43B35483E72422B35C0B
:100AE000990700D4CAE001218B43B3547AE75B46EF
:100AF000D96898685B6898475B461B68002B00DAEA
:100B000070E77AE723681A68002A43D024229146C6
:100B1000203A9246A0460096019002970BE00122EF
:100B200093434A46AB542B6A2800984743461B68B8
:100B30001A68002A2AD0DB68DD681F682C1D200097
:100B4000FBF7C0FF4B465246EB5C1A42E7D0AB695D
:100B50002D61FE18FF436E609F420AD33700FF43AA
:100B60002B6A28009847AB692D61F6186E60BB426E
:100B7000F4D9434621009868FBF78CFF2B6A2800C4
:100B8000984743461B681A68002AD4D14446009E01
:100B9000019D029FA268A36022603EE7A94292D90C
:100BA000994290D8410700D454E7A0462C0008E0B1
:100BB000E31A934200D299E0336A300098472B0041
:100BC000B2699D1875603661AC42F1D29C4201D287
:100BD000AB42F1D94446311D2068FBF75BFF3DE78E
:100BE00053461B681A68002A3FD024229046203AB8
:100BF0009146009501940BE0012293434246A35491
:100C0000236A2000984753461B681A68002A2AD096
:100C1000DB68DC681E68271D3800FBF753FF43467E
:100C20004A46E35C1A42E7D0A3692461F518F6430B
:100C300065609E420AD32E00F643236A200098473F
:100C4000A3692461ED186560B342F4D953463900B5
:100C50009868FBF71FFF236A2000984753461B68DC
:100C60001A68002AD4D1009D019C524651469268D0
:100C70004D600A608B60FEF70FF9ACE6300000F0C3
:100C800049FBAFE60D490398E4F704FEB36936610A
:100C90005A197260AA4200D915E7002B00D1A1E6CB
:100CA000A068311DFBF7F6FE9CE6FBF7D7F992E64C
:100CB000E8400020E0E6021088A003100E040000C7
:100CC000FEF7EAF853461B68DB68DF683B1D180037
:100CD0009846FBF7F7FE2422BB5C59070CD4012190
:100CE0008B43BB5438003B6A984774E64446311D39
:100CF000A068FBF7CFFEB1E6A1462C0006E0A61BDC
:100D0000B34214D838003B6A98472E00BB693F6154
:100D1000F5187D60A542F2D9A64201D9AE42F1D9BB
:100D20005346414618684C46FBF7B4FEDAE7534693
:100D3000414698684C46FBF7ADFED3E770B582B0EC
:100D4000FBF798F91A4CE368002B19D0FBF79EF9D2
:100D5000E368002B0CD0022380223834009315491D
:100D6000002315480194D200FDF71EFD002805D18F
:100D7000A32112484900E4F78DFD002002B070BDA8
:100D800026002500103630002435FBF767FE2800CA
:100D9000FBF764FE002210210A202660A560FBF705
:100DA0003BFFE0600028D1D00549FDF779F8CDE799
:100DB000E840002040E702107D090210E0E6021042
:100DC00038E70210F8B54546DE4657464E4680469F
:100DD000E0B528200D0017001E0000F0B1F9041E38
:100DE0001DD024230022C254002D1FD0FBF742F94E
:100DF000234B9946DB68002B24D0FBF747F9434689
:100E000023600A9BA561E6612362201DFBF732FE89
:100E1000002F04D024220421A35C0B43A354200000
:100E2000F0BCBB46B246A946A046F8BDAA2115486B
:100E3000FF31E4F72FFDFBF71DF9114B9946DB68F5
:100E4000002BDAD110334B4418009B46FBF706FE0B
:100E500024234B4418009A46FBF700FE4B465A46A3
:100E60001A60524610219A600A200022FBF7D4FE35
:100E70004B46D8600028C0D00349FDF711F8BCE705
:100E8000E8400020E0E6021038E7021030B5134CCD
:100E900085B0E368002B17D0002815D0009101928F
:100EA000029005290BDCFFF721F9E46802280ED037
:100EB0000023002269462000FBF768FF05E0EB21D4
:100EC00007484900E4F7E6FC002005B030BD0023E8
:100ED00069462000089AFBF759FFF6E7E840002032
:100EE000E0E6021070B51C000C4B84B0DD68002DEC
:100EF00011D000280FD0009101920290052906DD43
:100F00000023220069462800FCF7F8F804E00448B2
:100F10000449E4F7BFFC002004B070BDE8400020A5
:100F2000E0E602100702000010B5054CA06B002897
:100F300000D010BD03480449E4F7ACFCA06BF8E70F
:100F4000E8400020E0E602102102000010B5041E77
:100F500001D0A06910BD02480249E4F79BFCF8E704
:100F6000E0E602102F02000070B504000D0000281A
:100F70000ED0FBF77FF824230422E35C002D05D07C
:100F800013432422A354FBF781F870BD9343F8E781
:100F900002480349E4F77EFCEBE7C046E0E60210B6
:100FA0003E02000010B5041E09D0FBF763F82423AD
:100FB000E45CFBF76BF86407E40F200010BD024807
:100FC0000249E4F767FCF0E7E0E602105702000090
:100FD00010B5041E09D0FBF74DF82423E45CFBF7A1
:100FE00055F86407E40F200010BD02480249E4F7F9
:100FF00051FCF0E7E0E602105702000010B5041EB5
:1010000001D0606810BD02480249E4F743FCF8E7EC
:10101000E0E602108102000010B5041E01D0206835
:1010200010BD02480249E4F735FCF8E7E0E602109B
:10103000AF02000010B5041E09D0FBF71BF82423F3
:10104000E35C01241C40FBF721F8200010BD02489E
:101050000249E4F71FFCF0E7E0E602109404000008
:1010600010B5041E06D0FBF705F8E469FBF70EF88F
:10107000200010BD02480349E4F70CFCF3E7C0462A
:10108000E0E60210B104000070B504000D00002875
:1010900005D0FAF7EFFFE561FAF7F8FF70BD0248F7
:1010A0000249E4F7F7FBF4E7E0E60210C6040000AB
:1010B00030B514001A0002230D0085B05B42009386
:1010C000054B01906946D868002302950394FCF70C
:1010D00015F805B030BDC046E8400020F0B5C64662
:1010E00000B51C000F4B0700D8680E00150098468D
:1010F00084B000280ED001235B4200936946002390
:101100002200019702960395FBF740FE04B080BCD5
:10111000B846F0BD04480549E4F7BCFB4346D8682F
:10112000E9E7C046E8400020E0E60210FF040000C6
:101130000022024BDA609A637047C046E840002004
:10114000F8B5DE4657464E464546431EE0B50A33DF
:1011500015D8072306001A0008363240334200D162
:10116000B9E01300093BB34209D31030861AFDF7EA
:101170008BFE634F3400BB68002B2BD113E0FDF7CF
:1011800083FE5F4FBB68002B0BD0FDF785FE00246C
:10119000E4F768FB2000F0BCBB46B246A946A04677
:1011A000F8BD002400260720564B1A0019001842EB
:1011B00000D08CE0544D0020AC4607256344AB437F
:1011C0009A1A7860396058601860BB604A600B609A
:1011D000FA603A61002CD8DB002ED6D03B69B342CE
:1011E000D3D3484B3D6898469D4203D3474B434475
:1011F0009D4203D9F6214648E4F74CFB6B68B9469B
:10120000B34215D2424B9B46404B43449A460CE0B6
:10121000444501D3544503D9FC215846E4F73AFB31
:101220006368A9462500B34202D22C68002CEFD196
:10123000BB68AB42A9D04B461C680834444534D344
:10124000324B43449C4230D84A462B6813606B684B
:10125000B34235D39A1B102A0CD9AB1998465B07B9
:1012600045D143465A604B4642461B6813604B4685
:101270001A6033003A69F968D21A3A618A4200D298
:10128000FA608022120613436B6000232B607B6997
:1012900001337B61FDF700FE630700D17AE75E2131
:1012A0001B48FF31E4F7F6FA74E783211848490038
:1012B000E4F7F0FA4A462B6813606B68B342C9D270
:1012C000872113484900E4F7E5FA6B68C2E7DA1DA5
:1012D000824311006EE7FDF7D7FD094F3400BB686C
:1012E000002B00D15FE7002E00DB77E74DE71821E8
:1012F0000748FF31E4F7CEFA6A68921BB1E7C046AF
:101300002441002040410020F8FF0100FFFF0100C0
:1013100048E70210F0B5C64600B5002821D03D4E82
:10132000083804000700B04203D33B4BF31898423F
:1013300005D9B821394D49002800E4F7ABFA6368B4
:10134000002B11DA2268002A1AD0344DB921280066
:101350004900E4F79FFA6368002B02DA2268002A4A
:101360000ED080BCB846F0BD72212C4DFF31280054
:10137000E4F790FA2368002BE8D16368002BF0DAD9
:101380005B005B086360FDF77FFD254B6268984654
:1013900041461B699B180B6143461D001B689C421C
:1013A000FBD845450CD0B54204D31B498C46664456
:1013B000B54205D919481B49E4F76CFA62682B68F5
:1013C0006968681884420ED0A1188B421BD0236034
:1013D000BD4200D02F60434642469B690133936172
:1013E000FDF75AFDBDE75218A9186A608B42F2D189
:1013F000414689682F0099420AD059681B688A18AB
:101400007A603B60E4E7414689689942F5D1DEE7BE
:101410002B60E0E740410020FFFF010048E7021099
:101420002441002006020000014B18697047C046A5
:1014300024410020014BD8687047C0462441002059
:10144000014B1A69DA607047244100207047C0469A
:1014500070B5002805D0030C0A0C002B1CD1002A03
:101460000CD1414308000D00FFF76AFE041E03D0B3
:101470002A000021F5F72AFF200070BD131C041C70
:1014800085B28AB26A43A4B29BB26343120C9B1822
:101490001B0CE6D00024EFE7002AFBD10C1CEFE781
:1014A000F0B5C64600B50700FDF7EEFC1A4B9846AE
:1014B0001B68002B2AD04246012591680026002493
:1014C0006D428B420AD05A680134964200D216000F
:1014D000954200D915001B688B42F4D1FDF7DCFC66
:1014E0007E60BD60FC60FAF7C5FD43461B693B604A
:1014F00043465B697B6143469B69BB614346DB684E
:101500003B61FAF7C3FD80BCB846F0BD012500265B
:1015100000246D42E2E7C046244100200022034B34
:101520009A601A61DA605A619A617047244100201A
:1015300010B5002101F028FD10BDC04610B50A22EB
:10154000002101F0DFFD10BD70B50B0C0024150C5F
:10155000002B28D1002D3CD18BB291B2594300F021
:101560005BF8051E33D00300083B5A6803239A43F7
:10157000043A242A12D80300132A0AD904604460CA
:1015800008331B2A05D98460C460242A2AD00300AA
:10159000103300221A605A609A6002E00021F5F7C9
:1015A00095FE280070BD002D16D1151C89B292B28F
:1015B0004A43ADB29BB26B43110C5B18190C0BD1B3
:1015C000190492B2114300F027F8051ECBD1002573
:1015D000E7E72B1C0D1CE9E702F0A6FA0C23002517
:1015E0000360DEE70300046118334461D1E7C046BD
:1015F00010B5034B0100186800F00EF810BDC0468E
:10160000BC38002010B5034B0100186802F0B8FB8D
:1016100010BDC046BC380020F0B54E464546DE46FB
:101620005746E0B50D000B35060085B0162D21D8C4
:10163000102900D9D4E000F0D5FA10251823022192
:10164000CA4FFB181A005C68083A944200D186E140
:1016500003226368A1689343E268CA609160012134
:10166000E3185A6830000A435A6000F0C3FA2000B9
:101670000830B8E007239D4300D5B1E0A94200D966
:10168000AEE000F0AFFAFC235B009D4200D2E0E147
:10169000690A00D1AEE0042900D9A1E138239846B7
:1016A000A90988443931CB00082252429446AF4FF1
:1016B000FB189C446346DC68A44514D00323994678
:1016C0000B0061469C4607E0E068002A00DB40E131
:1016D000814200D141E104004A46636893435A1BAA
:1016E0000F2AF1DD41463A003C690832944200D1AC
:1016F0001EE1032063688343581B0F2800DDACE123
:101700003A617A610028AADA7A68904680229200CB
:10171000934200D336E1DA0858090123834040465A
:1017200018438046D300DB199A687860E360A260B2
:101730009C60D46001208B109840404562D843469D
:1017400003420AD103239943434640000431034234
:1017500003D1400004310342FBD00323B3469C462F
:101760000E00B8460190F00040440100B246CB683C
:101770000BE064465A681F00A243DB68541B0F2C21
:1017800000DD39E1002C00DB53E19942F1D1012366
:101790009946CA44534608319B07E8D1032205E025
:1017A00003680838013E834200D013E23242F7D189
:1017B0004346019A5B68934342465360019A520044
:1017C00001929A421CD8002A06D119E004229146BF
:1017D000019ACA44520001921342F7D05646C2E71A
:1017E0000C233360002005B0F0BCBB46B246A946CE
:1017F000A046F0BD80233F22402190469B0053E746
:101800005E4647460322BC68636893439846AB42F2
:1018100003D35B1B0F2B00DD8DE0230043440293B9
:10182000534B08201B6810335B19019302F086F9B3
:10183000504903900B688A46013306D08446019BC9
:101840004242013B6344134001933000019902F08E
:1018500059F903008146013300D11CE1029B834208
:1018600000D916E1444B02989B461A68019B5946E1
:101870009C4662440A6003990139484500D157E10A
:1018800053461B68013300D15EE14B4602981B1A98
:101890009B185A46136007234A4648461A4002924C
:1018A000184200D115E10398013384469B1A019A2E
:1018B00099444A44019263440A409B1A19403000FB
:1018C0008A4602F01FF9431C00D158E14B46C01A6A
:1018D0000300534401935B461A68012052441A6086
:1018E0004B464946BB60019B03434B60BC4213D04F
:1018F00043460F2B00D82BE107210C3B8B4361683B
:101900000140052019436160E118486088600F2B91
:1019100000D93FE14B465B6818490868904200D205
:101920000A6017490868904200D20A604C46B4E049
:101930007B689846FEE6012229001343114365198E
:1019400061603000BD606B6000F054F92000083029
:1019500049E7A268D060826081E66146C3E6DC6840
:101960000231A34200D1BEE672E6C04648330020F1
:101970008C4102203C3300205C4102208441022043
:10198000884102205A0A042A7CD9142A00D9B0E0DE
:1019900010005B3082465C32D20008204042844610
:1019A000BA189444624692680B308146944500D13F
:1019B00086E00800A2466146844602E092689142B1
:1019C00004D04C465068A0439842F7D8D36861468B
:1019D00054469C466346A260E3609C60D460A9E6DE
:1019E000142967D9542900D98CE06E239846290B15
:1019F00088446F31CB0057E6BA46012051468446F1
:101A00004919054350464560856847466046EB6086
:101A10005E469D60534639617961204308374860CE
:101A2000CF6030008F609C5000F0E4F850460830E2
:101A3000D9E6BA4601205E465244516801435160DE
:101A4000BA683000D3609A6000F0D4F838000830EB
:101A5000C9E62B00E9080833F2E56119884601213F
:101A60008C460D434146656039617961CA608A6080
:101A7000624602434A60E050300000F0BBF82000AC
:101A80000830B0E69A091000393238308246D20068
:101A900083E7BC4241D0BC686368032293431A00C9
:101AA0005B1BAA4202D30F2B00DD44E7300000F09D
:101AB000A1F897E65B23984688445C31CB00F3E5B8
:101AC000534698100123834040461843804678606F
:101AD00080E7019B039A4B440B40D31A1940300016
:101AE0008A4602F00FF8431C00D0EFE600239A4626
:101AF000F1E6542A2ED81A0B10006F326E3082464F
:101B0000D2004AE7AA235B0099422ED8DD3B9846D3
:101B1000E90B88447831CB00C6E5304B9B461A6808
:101B2000019B9C465B4662441A60039B591EA7E6D4
:101B30004846084200D0A3E6B968434489460121DB
:101B40000B4349464B60E7E653464A461A60A2E615
:101B50004860ABE7AA204000824226D8DA0B10008A
:101B6000783277308246D20017E71D4B994226D84B
:101B70007C239846A90C88447D31CB0094E5019ADA
:101B8000029B94464A46083B63449B1A01930023F8
:101B90009A46A0E621003000083102F0F1F85B46D9
:101BA0001A68BB6899465B68B6E60D4882420CD855
:101BB0009A0C10007D327C308246D200EDE6FE2386
:101BC0007E227F2190469B006EE5FE227E209200C1
:101BD0008246E2E643465B68F0E5C0465C4102208F
:101BE0005405000010B5024801F0A4FF10BDC04626
:101BF0005841022010B5024801F09EFF10BDC046BA
:101C000058410220030010B50A0003490868190072
:101C100000F004F810BDC046BC380020F0B55746AF
:101C20004E46DE464546E0B50C000600170083B080
:101C3000002900D1ACE0FFF7D5FF08235B429946AD
:101C4000A1444B465B68032219003D0091430B35CC
:101C5000CA468846162D67D81025AF4267D8A845D2
:101C60006EDA4946C04841444A680090806893460D
:101C7000884200D1A0E001208446100062469043D3
:101C800008184068104200D077E05A46032082438B
:101C90009346C3445D454EDD6046184212D14B4623
:101CA00048461B68C31A03209B465B688343D218CF
:101CB00042440092954200DCCCE0434400939D42B4
:101CC00000DCCBE039003000FFF7A6FC071E00D196
:101CD0001EE14B4601225B68934302004B44083AE5
:101CE000934200D1E3E04246043A242A00D9E3E0DB
:101CF00003002100132A09D9236803606368436045
:101D00001B2A00D9DCE00300083108330A681A6096
:101D10004A685A608A689A603000210002F030F800
:101D20003000FFF767FF20E00432954395D50C2380
:101D30000027336019E0D846CB688A68D3609A6080
:101D400043465F1B5346012250465B6840441340A4
:101D50000F2F22D841460B4351464B604368134333
:101D600043603000FFF746FF2700380003B0F0BCA7
:101D7000BB46B246A946A046F0BD1A42A2D14B4688
:101D80004A461B68D31A03229B465B68934394E739
:101D90001100FFF741FC0700E7E751462B434919C3
:101DA000554617436B604F604368083113434360E7
:101DB000300001F0E5FFD4E703218A43944629006F
:101DC000C44410318C4500DB84E0DB0700D579E7A3
:101DD0004B4648461B68C31A03209B465B688343F7
:101DE000D21842440192914200DD66E75B465A46B2
:101DF000DB6892685F46D3609A604246043A0837CF
:101E0000242A00D999E03B00132A0AD959462368AD
:101E10008B606368CB601B2A00D993E05B46083473
:101E2000103322681A6062685A60A2689A605B4642
:101E300001225919009B30009960019B5B1B1343E1
:101E40004B605B465B6813405A462B435360FFF779
:101E5000D1FE8AE7CB688A68D3609A605B465A46AF
:101E6000DB6892685F46D3609A604246043A08375E
:101E7000242A17D83B00132A09D9594623688B60B6
:101E80006368CB601B2A39D85B460834103322685C
:101E90001A6062685A60A2689A60009B3C0098468B
:101EA000DA464DE72100380001F03AFAF5E703225F
:101EB0005B689343984443E7210001F031FA2BE734
:101EC000A3688360E368C360242A26D0030010312E
:101ED00010331BE74B465919009B0122996063465A
:101EE0005B1B13434B604B465B68300013404A4614
:101EF0002B435360FFF77EFE270036E7A3680B6194
:101F0000E3684B61242A10D05B4610341833BEE7D7
:101F10003000FFF76FFE002727E7236918310361C0
:101F20000300626918334261F0E623698B615B4606
:101F300062692033CA611834A9E72100380001F032
:101F4000EFF974E7A3680B61E3684B61242A03D0BF
:101F50005B461034183364E723698B615B46626922
:101F60002033CA6118345CE74833002070B516008E
:101F70000D0003F0B7F8002E0DD06B236A00520D50
:101F80009B1A002B07DD0024034A1B059D182B001C
:101F90002200F4F7CAFB70BD0000F03FF0B54546E3
:101FA000DE4657464E46E0B59FB0069200220C0032
:101FB0001A92002100228046049105922100199175
:101FC0000A780F002D2A03D8AA4D9000285887467A
:101FD0000021079100210891302A00D1C4E02F2A66
:101FE00000D889E200239A46190038000026130021
:101FF00055460BE08B005B1801305B001990991877
:1020000002783039130001362F2A0FDD392A6FDCB0
:10201000082EEFDDAB005B1901305B0019909D18B5
:102020000278303D130001362F2AEFDC8946012269
:102030009149AA4601F082FA002800D14AE2002321
:10204000089612930A930B93089B1C00102B00DD3B
:1020500010244846F4F7DCFB089B04900591092BFB
:1020600019DD2200854B093AD2009B181A685B687B
:10207000F4F75BFB049005915046F4F7C9FB0B00A5
:10208000020004980599F4F729FB089B0490059138
:102090000F2B00DDAFE00A9B002B01D100F066FCA6
:1020A0000A9B002B00DC46E3162B01DC00F05FFDF1
:1020B0002523089A9B1A0A9A934200DA9BE00F2480
:1020C000089B6E4DE41AE1006918049A059B0868A4
:1020D0004968F4F72AFB0A9B1C1BE4002D192A68A7
:1020E0006B68F4F722FB06000F0013E2013166E78C
:1020F000894601226049AA461D0001F01FFA002806
:1021000046D1199D2B00691C19915B780D001A00AE
:10211000002E00D0E2E12B000020302A07D1180069
:10212000013319931A78302AF9D0401B013013007B
:10213000313B082B00D867E220239A43452A00D17F
:1021400018E3089B034300D0E2E1069B002600272A
:10215000002B00D01C60300039001FB0F0BCBB4623
:10216000B246A946A046F0BD7A7820318A437D1C4C
:10217000582A01D100F0FDFB2F0019953A7801355E
:10218000302AF9D0002A00D1C2E10123089326E7C2
:1021900000230020002209961293652D00D1D2E180
:1021A00000230B93452D00D1CDE1002E00D0BFE1DF
:1021B000089B034300D0ABE1002AC6D1692D00D1B2
:1021C000E6E201DD00F0C2FC492D00D1E0E24E2D37
:1021D000BBD12B4919A802F01DFA0028B5D0199BD4
:1021E0001B78282B01D100F079FD264801F064FD11
:1021F00006000F008EE10A9A089B94461B1B63445D
:10220000002B00DC70E20F221C00110094431940E7
:102210001A4201D100F02CFC184BC900591808686B
:102220004968049A059BF4F780FA04900591002C04
:1022300001D000F01DFC002309934B4632000093AF
:1022400039004046089B02F099FB1390002801D109
:1022500000F09AFC0A9B1299DA430B98D217081ADD
:10226000D917134014930023084099469B461290B7
:10227000F0E0C046B0A00310B4E7021008A40310B9
:10228000C4E70210C8C00210C91A521A1F2900DD83
:1022900026E301238B40109300231593AB189A4635
:1022A000099BA4189C462B006444554500DD534609
:1022B000A34200DD2300002B04DD5246D21A9246D1
:1022C000E41AED1A129B002B00DDB0E25346002BFE
:1022D00000DDC8E20A9B002B00DDF3E2002C00DDEC
:1022E000E4E2002D08DD49462A00404602F08AFD5E
:1022F0008146002800D1E2E240461A99089A02F08D
:102300001DFE8346002800D1D9E2C36849460E93DA
:102310000023C36002F0F4FD002801DA00F009FD9B
:10232000059B0B9301D100F0A2FC4946584602F0F0
:10233000B7FF80230022DB0504000D00F4F746FA06
:10234000002800D165E20E9B002B00D0D5E2049B53
:10235000002B00D05AE30B9B1B0300D0FDE20022B0
:1023600020002900D74BF4F72BFA002801D000F009
:1023700074FC0022D44B20002900F4F7D6F90A009F
:1023800001001300109111920C90802212069446C5
:1023900063440D930B9BCD4A0C9C0D9D13409A46B4
:1023A000CB4B9A4500D1AFE2099B002B29D0D42317
:1023B000DB049A4525D810981199C64AC64BF4F704
:1023C00005FA002818D010981199F4F761FA00283E
:1023D00000D10130F4F71CFA0E9B10901191002BE4
:1023E00001D000F024FC802212060B0094466344C6
:1023F00016901793169C179DD6235246DB04EB18B4
:102400009D1A3000390002F06DFE02000B00200022
:102410002900F4F78AF932003B00F4F75FF90E0067
:1024200004900591099B002B04D1A84B33409A4599
:1024300000D1B9E240461A9902F044FA40460899A0
:1024400002F040FA4946404602F03CFA59464046FE
:1024500002F038FA139C4046616802F00BFA031E42
:10246000089000D12BE222690C3302320C34210097
:1024700018009200F4F730FF049E059F1CAB0193F7
:102480001BAB009332003B00404602F0A7FE011E4A
:102490001A9000D1F0E10121404602F03FFB814655
:1024A000002800D10BE21B9B002B00DAD7E1129A27
:1024B000149C9D1809991C9A5B1A36219B188A1A3C
:1024C0008649013B8B4200DADEE600231593013397
:1024D0001093E3E6199B591C19915B781A00303A66
:1024E000092A00D9D4E0151E01D100F037FD0123DF
:1024F00030000996129315E301223800784901F063
:102500001DF8002800D188E3089B002B00D11CE6B1
:1025100000260027069A002A01D0199B1360079B0A
:10252000002B00D117E6802109067B181F0012E658
:102530000B9B129A08969B1A0A93099B002B00D1B9
:1025400082E51E0080E53300034308990B4300D168
:10255000FBE5199C631C199365782B2D00D1F9E1DB
:102560002D2D00D0AAE001230A93A31C1993A5786E
:102570002B00303B092B00D9AEE11999302D0ED13B
:102580004B1C19931D7819000133302DF9D000230D
:102590000B932B00313B082B00D906E601334D1C71
:1025A0001995AC464D780B932F2D00DCD4E20E919B
:1025B00001000B9B0B928B460B99624660468C4642
:1025C0000BE09900C9180132490019924B1945785E
:1025D000303B2F2D00DCC5E21000392DF1DD0B93CF
:1025E00063460E9994461A0063465846591A0829BC
:1025F00000DCB1E23B4B0B930A9B002B00D1D4E5EE
:102600000B9B5B420B93D0E5431C199F303A12930E
:10261000002315003900012609934B469B004B44CB
:10262000A94600205B0099444B1C19931D781900A2
:102630002B00303B092B00D9F5E11D00421C4B1C3F
:10264000002D01D100F087FC129B9C469444634608
:102650001293012A01D100F07CFC52468A462100E7
:10266000731C4C469C468946110008E0A2001419D0
:10267000640001339A1B013A904200DC4AE25A1E80
:10268000082AF3DD102BF4DC8A0051184900F0E72A
:1026900020229343452B74D04846F4F7B9F80490B0
:1026A0000591092E00DC61E13400102E00DD1024BC
:1026B0000023089612930B930A93D2E400230A9303
:1026C00056E7C0460000F03F0000E03F0000F07F0A
:1026D0000000E07F0000C0FFFFFFDF4102FCFFFFC2
:1026E000B4E702101F4E0000002B00D1A3E50F221B
:1026F00011005B4219401D111A4200D09DE21F2DAE
:1027000000DD80E010231A002A4009922B4201D0FC
:102710005A3309930123049805999A46C34C5346AA
:102720002B4200D134E222686368F3F7FEFF6D109C
:1027300044D00834F3E70A9B163300DA5BE50B99C3
:10274000129ABB4B521AD2009B181A685B68049805
:102750000599F3F7CCFF06000F00DBE60022079295
:102760004F1C19974A78002A00D033E4EDE4012287
:102770000792F5E700220300099212920026013227
:10278000E3E600230C000020012209961293E1E603
:10279000A84919A801F03EFF002800D1D5E4199BF3
:1027A000A549013B19A8199301F034FF002802D173
:1027B000199B013319930026A04FABE6099A0E909E
:1027C0000F910E9B0F9C04930594002A12D00F9B2F
:1027D00020005A006B23520D9B1A002B0ADD1F2B81
:1027E00000DC33E300210491342B00DC59E3DC23CB
:1027F0009B0405930022049805990023F3F7D8FF62
:10280000002800D119E52223424600260027136044
:1028100080E68B4B002220002900F3F786FF0E9BF9
:1028200010901191002B63D10B000C90ADE549463F
:102830001A00404602F07AFA1A99814600281BD005
:102840000A000100404602F099F91A990B900028FD
:1028500012D0404602F036F80B9B1A9336E5149AD4
:10286000129DD41A26E61A995246404602F0CAFA38
:10287000011E1A9000D02DE5DA462223424600269A
:102880006E4F1360404602F01DF84046089902F072
:1028900019F84946404602F015F84046139902F0EF
:1028A00011F85146404602F00DF833E6220040464A
:1028B000089902F0A7FA0890002800D011E5DA463E
:1028C0001A99DAE74046149A089902F02FFA08900C
:1028D000002800D002E5F2E7002319940B9364E48A
:1028E0005849CB1A01219940012315911093D5E441
:1028F000109B119C0C930D944CE50023524C0C93AF
:102900000D941093119445E5504A0B9B94466344F3
:102910000593049C059D2000290002F0E3FB0C9A1E
:102920000D9BF3F702FF22002B00F3F7D7FE434B7A
:10293000474A049005910B40934200D801E1454A73
:10294000974201D10136BAD00123424C5B42049335
:1029500005946FE500230A9307E600233E4C0C9391
:102960000D940023384C1093119413E5049E059F99
:10297000D0E50293079B404601931AAB0093374A78
:102980001BAB19A901F04CFB0F231E0004000640ED
:10299000034200D1BCE5062E00D0FCE00023002657
:1029A000002719950793B5E5109C119D200029007B
:1029B000F3F786FFF3F778FF02000B0020002900F1
:1029C000F3F783FE049A0E9B36031343360B040081
:1029D0000D00234A33430AD1224BF3F7F1FE0028BE
:1029E00000D127E5DA46049E059F1A994AE71E4B57
:1029F000F3F7E6FE0028F5D1200029001B4A104B12
:102A0000F3F7F4FE002800D114E5EBE7012BA4D185
:102A10000B9B002BA1D1DA46222342460026002739
:102A20001A9913602EE70122FFF7B7FBA8A1031044
:102A300008A40310B8E70210BCE702100000F07F02
:102A40000000E03FE2FBFFFF0000F03F0000B0FCB1
:102A5000FFFF9F7CFFFFEF7F0000F0BF94A10310FA
:102A60009535A094FFFFCF3FFFFFDF3F35E5AF3542
:102A70009A235B009C4200DD86E02411012C00D1EA
:102A800088E1049805990022924601329346524605
:102A9000D14BB2461D000993160000235A4622422C
:102AA00004D02A686B68F3F740FE012301366410F6
:102AB0000835012CF2D1320056469246002B01D047
:102AC00004900591C54A059B94466344059353467B
:102AD000D900099B9C46049A059B61440868496893
:102AE000F3F723FEBE4BBF4A049005910B4093427F
:102AF0004AD8D42080048446BB4A6144059193425D
:102B000001D8FFF798FB0123B84C5B42049305946E
:102B1000FFF791FB0A004B465146A14692461C0026
:102B200001386044461C082800DC76E50020102EA1
:102B300000DD79E553469B005344AA465B009A4466
:102B400072E5D4239B04CE1805966BE46E2D01D15B
:102B5000FFF73FFBFFF7F9FA0B99A54B994200DC11
:102B60004AE548E560460B930E9903003AE50A9A58
:102B7000A04BD100591808684968049A059BF3F7DF
:102B8000D4FD06000F00C5E422234246136012E67E
:102B90006D100834C3E51A9A002A07D035211CA805
:102BA00002F0B2FB40461A9901F08CFE052E00D9C6
:102BB000BEE1914BB6009B599F461C9B8F490493E5
:102BC0001D9B1B9A0B408E498C4662441205134391
:102BD0000593E40503D58022120613430593804A2A
:102BE000049E059F134200D094E400F09DFF222331
:102BF00003608FE40122834B524204920593E40563
:102C000000D4B3E6059BE6E7754B0593F7E71C99FF
:102C10001D9A1D9B04910592DBE7199D2B00013540
:102C200019955A78002399469A46FFF774FA109B33
:102C3000119C16931794FFF7DDFB6E4BC9005B18D0
:102C40001A685B6804980599F3F751FD04900591A3
:102C5000002D01D1FFF7EFFA51E500236A4C0C93E8
:102C60000D940023694C10931194FFF793FB159B6F
:102C70000E9A9C46059BDA461B031B0B002A41D08B
:102C8000634A934200D1D1E06346002B00D1C7E0F4
:102C900062460B9B13420CD004980599099AFFF7E2
:102CA00065F902000B0030003900F3F717FD06004C
:102CB0000F00099B002B00D197E630003900554BDF
:102CC0000022F3F732FD464B06000F000B4200D006
:102CD0008BE6222342461A991360D3E51CAC2200EE
:102CE0004D4919A801F0ACFC052801D0FFF77DFA89
:102CF0001D9B3B4A1A431C9B05920493049E059F0F
:102D0000FFF708FC002B4AD1049B002B00D0B5E054
:102D1000099B002B00D1A0E0314C0B9B23401C00F1
:102D2000D623DB049C4229D8DC239B049C42C4D8D4
:102D300072E60E9B0499059ADA460B43B9D10B92C1
:102D40001303B6D1D623264CDB0414409C42B0D9E1
:102D50005B465B69002B03D15B461B69012BA8DD39
:102D600051460122404602F04DF84946824602F0A3
:102D7000C7F800289DDD099B002B6ED0274B244A05
:102D80009C460123644422435B4205920493049EC3
:102D9000059F92E700239A460F4B099392E66346FC
:102DA000002B73D062460B9B134200D181E704983D
:102DB0000599099AFFF7DAF802000B003000390094
:102DC000F3F783FC0022002306000F00F3F7F0FC6A
:102DD000002800D16DE71FE6E0A303100000B0FC5F
:102DE0000000F07F0000A07C0000907CFFFFEF7FE0
:102DF0001F4E000008A4031068A10310FFFFEFFF9F
:102E000033040000FFFFFF7F0000E0BF0000E03F51
:102E1000FFFF0F000000503980A103100000F0FFF9
:102E2000109B049A134200D143E735E7099A049BAB
:102E3000002A4FD15A1C3BD06246002A00D17FE0C5
:102E40000B9B134200D027E71A991BE5012252423F
:102E50009A40049B13400493CCE4434B0B9A1A9979
:102E60001A401300414A9446414A63441A430123DD
:102E70005B4205920493049E059F03E56246002A87
:102E80000AD00B9B134200D113E790E7109B049AE2
:102E9000134200D10DE78AE7109A1A4200D108E7E1
:102EA00085E74B239A1A4C3B934018400590A1E4C8
:102EB000304A0B9991421DD02B4B0B9A1A401300AC
:102EC0008022520394466344059300230493049E96
:102ED000059FEEE6D421244A0B98C90402408A4299
:102EE00016D95A1CE4D06246002A0CD0104200D1F8
:102EF000E3E6D1E60133DFD12223424600261A99C8
:102F0000194F1360BEE4109A1A4200D1D5E6C3E609
:102F10006B21120D891A012252428A409342C7D076
:102F20006246002AEFD00B9B134200D1C5E6B3E600
:102F3000E4050BD580231B060593049E059F54E6EC
:102F4000109A1A4200D0A7E61A999BE4002600279F
:102F50004BE63000E6E51000FFF767FB012009961D
:102F60001292FFF761FBC0460000F07F0000F0FF07
:102F7000FFFF0F00FFFFEF7F10B5024BFFF70EF8CA
:102F800010BDC0465037002010B504000A000349A8
:102F9000034B08682100FFF701F810BDBC38002082
:102FA00050370020F0B557464E464546DE46E0B560
:102FB00082460F0090461E00994683B0242B43D8CA
:102FC000012B41D00B0008204A4D1A001478013320
:102FD000295D0842F9D11D002D2C00D176E02B2C63
:102FE0003ED0454B9B4600230193002E53D1302CFD
:102FF00000D173E00A230A26994649465846F3F75A
:1030000029F92B008C463D000200270000214C4688
:103010000020E146AC463D00303D092D07D9113D69
:10302000192D03D93D00613D192D20D80A35AE4236
:103030001DDD4F1C05D082422AD327D001216043D9
:1030400028181F780133E6E700F06EFD16230360B1
:10305000002003B0F0BCBB46B246A946A046F0BD76
:103060001C78254B951C9B4600230193BDE76746C2
:103070004A1C21D0019A002A00D040424246002A30
:10308000E7D0002933D143461F60E2E7A945D5DAEE
:1030900001214942D5E7102EAFD110239946302C9B
:1030A000ABD120222B789343582BA6D110236C78D8
:1030B000994610260235A0E7222251460A60424670
:1030C0005846002AC5D058465F1EDCE71C7880238E
:1030D0001B069B460123951C019386E720222B7833
:1030E0009343582BE2D008230836994685E7834658
:1030F000E9E7C046D1A10310FFFFFF7F10B5FFF73E
:1031000051FF10BD10B504001300034A10680A00F7
:103110002100FFF747FF10BDBC380020F0B557462F
:103120004E464546DE468846E0B50C0092461E00F7
:10313000082183B00190464823001D780134425D88
:103140001142F9D12D2D5ED0002293462B2D33D084
:10315000002E07D1302D62D00A23052199460A2678
:103160003C4F0DE0102E53D0012031004042F3F7C8
:1031700071F80700012031004042B146F3F76AF8C8
:10318000002200202B00303B092B07D9113B192BC3
:1031900003D92B00613B192B11D80A339E420EDD57
:1031A000551C06D0B84221D81ED04A4650430122B1
:1031B000181825780134E5E725789C1CC8E7531CCE
:1031C00017D05B46002B00D040425346002B04D062
:1031D000002A15D1534642461A6003B0F0BCBB46E4
:1031E000B246A946A046F0BD8B42DEDD0122524226
:1031F000DFE72223019910000B605346002BECD02F
:10320000631E9846E6E725789C1C01239B469FE7B2
:10321000302D0FD010230F2199460F4FB0E72022F9
:1032200023789343582B0AD00823072199460B4F44
:103230000836A5E7202223789343582BEAD11023A0
:1032400065780F2199461026034F023498E7C0464F
:10325000D1A1031099999919FFFFFF0FFFFFFF1FDD
:1032600010B5FFF75BFF10BD10B504001300034A53
:1032700010680A002100FFF751FF10BDBC38002084
:103280000EB48123F0B500269CB021AD02AC9B00AA
:1032900080CDA3811B960290069000F0DFFC0B4BC3
:1032A00003900A9301235B42E381094B07903A00A4
:1032B000210018682B000E961396019502F036F93E
:1032C0001CB0F0BC08BC03B01847C046D532021091
:1032D000BC3800200020704730B5032A0CD90B0001
:1032E00003439B0719D104680B689C4215D1043A2B
:1032F00004300431032AF6D8551E002A0BD00023CF
:1033000003E05A1C9D4206D01300C25CCC5CA24272
:10331000F7D0101B00E0002030BD551EEFE7C0467F
:10332000F0B5CE46474680B588420DD98B189842F5
:103330000AD2531E002A03D0CA5CC254013BFBD2FE
:10334000C0BCB946B046F0BD0F2A0BD80500561ECA
:10335000002AF5D00023CC5C1A00EC5401339642CD
:10336000F9D1EDE703000B4388469B0734D11026C3
:103370001700B1460C000300103F3F093F01C5197B
:10338000A94426681E6066685E60A6689E60E6685E
:103390001034DE601E001033AE42F2D1CF19390076
:1033A0000F230C2610318C461340164217D044468A
:1033B000043B9B089B00FF181437061B0C688D19F3
:1033C00004312C60B942F9D16146043359184B4499
:1033D0001D0003231A40BAE70500561EBAE74D4602
:1033E0001A00B4E7F0B50700002403250D4E3B5D3D
:1033F000F25C2A40012A00D12033085D325C2A4069
:10340000012A06D01A1A83420AD101340028EED1CB
:10341000F0BD02002032981A9342F9D10134E6E758
:103420001000F5E7D1A103100323CAB2F0B50340A1
:10343000002A35D00324002B2DD1FF230B401D0281
:10344000ED182B04ED182C000168264E4C408B190A
:103450008B43A119A143244E0B43334211D1416840
:10346000204F0C00CB196C408B43E119A1430B4357
:1034700004303342F3D00378002B05D09A4204D0B5
:1034800001300378002BF9D10020F0BD9342FCD02D
:1034900001302042D1D00378002BF7D10020F4E78F
:1034A000002B08D0032202E00130104203D0037841
:1034B000002BF9D1E9E702680A4B0B49D318934373
:1034C0000B4206D14268074B0430D31893430B429A
:1034D000F8D00378002BD8D043780130002BFBD1F3
:1034E000D3E7C046FFFEFEFE808080808446F0B5B4
:1034F000002A1DD0002303260F4F07E0251A84421F
:1035000018D1002813D001339A4211D06046C45C10
:103510003D5D3540012D00D12034C85C3D5C354017
:10352000012DEBD120300500201AAC42EBD0F0BDCC
:103530000020FCE72800FAE7D1A1031030B5002AEB
:1035400027D003000B439B0713D1032A11D9134D36
:103550000BE0043A002A1CD0114C1C199C432C424D
:1035600017D104300431032A03D903680C68A3423D
:10357000EFD00D78047801230139AC4207D00AE07E
:10358000002C06D0C45C0133CD5CAC4203D19A421E
:10359000F6D1002030BD601BFCE7C04680808080F3
:1035A000FFFEFEFE0B00034370B506009B070DD126
:1035B000032A0BD9104D0C68104BE318A3432B4280
:1035C00004D1043A043110C6032AF4D8330000248D
:1035D00006E00D5D013A355501330134002D02D06E
:1035E000002AF6D170BD00219C18002AFAD019706B
:1035F00001339C42FBD1F5E780808080FFFEFEFE18
:1036000010B503004418002903D107E00133A34299
:1036100002D01A78002AF9D1181A10BD0020FCE750
:10362000034B10B51A680123503200F003F810BDA7
:10363000BC380020F0B5002826D0070038000C0068
:103640000678013702E00134AE4214D02578002D0F
:10365000F9D1002E1DD03E000B003578013702E075
:103660000133002CF7D01C78A542F9D10023002D9E
:1036700006D11360F0BD002BE0D117600370F9E7AD
:1036800000213B003170F4E710680028D5D10020FC
:10369000F0E700201660EDE7F0B5CE4647460300A0
:1036A000944680B5012959D901220120904601256F
:1036B00000260124404206E0221A904626000125F9
:1036C0007419A1420DD91F181A5D7F5DBA42F3D358
:1036D00036D0012501223000013674199046A142EE
:1036E000F1D844466246146001229146023A01250F
:1036F00000269046012407E04246A21A9146260081
:1037000001257419A1420ED94746DF191A5D7F5D64
:10371000BA42F1D818D001250122B04601367419F9
:103720009146A142F0D8434601300133834203D38E
:103730006246494618001160C0BCB946B046F0BDAB
:10374000454505D00135BBE74D4504D00135D8E7E7
:1037500076190125B4E776190125D2E701239946A8
:103760000023E5E7F0B5DE4657464E464546E0B550
:103770007D4C8246A544140089462000190005AA04
:103780001D00FFF789FF06AB9B460190FFAA20C3EF
:103790001C329342FAD1002D0BD02300681E66190B
:1037A00020185F461A78C11A92000133B950B3420B
:1037B000F7D1059B2000019AE1180293FFF78CFDD9
:1037C000002800D072E0002398464B46591B802306
:1037D0001B012B4303932B006F1E00264546080058
:1037E000984608E0002D04D0029A9A4201D9434637
:1037F0009B1A0025F618B04220D353465A46991911
:10380000CB5D9B00D358002BECD1019A2B00954245
:1038100000D213009F4227D98446080002E00133FA
:103820009F421FD0E15CC25C9142F8D0010060462B
:103830009F4219D9019AB61A0136DAE75046039920
:103840004844FFF7DDFE81444B464246981AB04299
:10385000D3D20020454B9D44F0BCBB46B246A9469E
:10386000A046F0BD01006046019A531E954279D2F0
:103870008446080003E05A1E9D4210D01300E15C0C
:10388000C25C9142F7D001006046013301359D4290
:103890000AD8029B42469C46D51A6644ABE70135DE
:1038A000010060469D42F4D90800D3E7019AAB1AA3
:1038B000934255D30133029305934B46591B802302
:1038C0001B012B430026984608006F1EB0420AD306
:1038D00053465A469919CB5D9B00D358002B14D000
:1038E000F618B042F4D2504641464844FFF788FEED
:1038F00081444B46581BB042ABD353465A469919A4
:10390000CB5D9B00D358002BEAD1019A1300BA4239
:1039100014D28446080002E00133BB420CD0E15CC3
:10392000C25C9142F8D0010060469F4206D9019ADC
:10393000B61A0136F618D4E701006046019B013B38
:10394000B2D38446080002E0013B00D282E7E15C8A
:10395000C25C9142F8D0029B60469C466644B5E743
:103960001300A7E7130091E7E4FBFFFF1C0400002E
:10397000F0B54646D6464F46C0B50E00097805005C
:10398000040090B0002953D07078002800D176E070
:10399000B778002F53D0F378002B00D18AE032792A
:1039A000002A00D170E0300000F058F98021890031
:1039B000070001432800FFF723FE87424FD8FE2F60
:1039C00000D98FE0C01B804640226846791CE9463A
:1039D000A844F3F77BFC002F10D03F22F8B28246B8
:1039E00033009446BC19B24461461A7848460A40EE
:1039F0005146C91A013381549C42F5D12C003F2510
:103A00004A46013CE35D2B40D35CE418A04503D259
:103A100027E05444A04524D34A46E35D31002B40BF
:103A2000D35C20003A009A46FFF756FC0028F0D1FC
:103A3000200010B0E0BCBA46B146A846F0BD002355
:103A400009042A780143002A07D01B0401351343D7
:103A50002A789942F7D1AC1EEAE79942FBD00024BC
:103A6000E6E74346D819DB5D002BF8D08021090139
:103A7000FFF7C6FD8044A045C2D20024D8E7280045
:103A8000FFF7D2FC0400D3E72A78002AE7D000022F
:103A900008433F0407431B063B4319BA00232C008D
:103AA0001B02013513432A78002A13D08B42F6D12A
:103AB000033CBDE70906000401433F022A7839436D
:103AC000002A0BD0134301351B022A789942F7D103
:103AD000EC1EADE78B42EBD00024A9E79942F7D06A
:103AE0000024A5E701003B0032002800FFF73AFE62
:103AF00004009DE79422024B5200985C7047C04638
:103B000050370020002370B5064C050008002360E4
:103B1000F5F7B6F8431C00D070BD2368002BFBD02E
:103B20002B60F9E7A84B0220014B18687047C0468C
:103B3000BC3800207047C0467047C046802310B58F
:103B40005B01082801D1180010BDFFF7EDFF162317
:103B50000360173BF7E7C046024670B50A43920779
:103B60002AD11E4DEE0104C808C9541B94433440A9
:103B700017D0D0B2D9B2401A2106014310D190B269
:103B800099B2401A210401430AD110021902000A15
:103B9000090A401A2102014302D1100E190E401ADF
:103BA00070BD9A42DFD010BA19BA884201D90120FB
:103BB00070BD0020C04370BD02780B780130013128
:103BC000002A09D09A4207D102780B7801300131DE
:103BD000002A01D09A42EFD0D01A70BD0101010134
:103BE0000300F0B50700CCB2980730D003269D182B
:103BF00006E01878A04207D0581C304206D00300D7
:103C0000AB42F6D10020F0BD1800FCE7013AD21912
:103C1000D21A032A11D9FF230B401902C9180B0429
:103C20000C4EC91803680C4D4B405D199D4335423D
:103C300005D1043A0430032AF4D8002AE2D08218CD
:103C40000378A342DFD001309042F9D1DAE71800BF
:103C5000DFE7C04680808080FFFEFEFE10B5830750
:103C60000AD00300032102E001330B4205D01A7889
:103C7000002AF9D1181A10BD030019680C4A0D4C1E
:103C80008A188A4322420FD15968094A04338A1894
:103C90008A43224208D15968054A04338A188A4364
:103CA0002242F1D000E001331A78002AFBD1E1E78B
:103CB000FFFEFEFE80808080002001497047C046E4
:103CC0000000F87F004870470000C07FF0B5C6468E
:103CD000060000B508200D00FFF730FF040030009B
:103CE000FDF780FF234B210098469B685F68032304
:103CF0009F4338001138401B0019F2F7ABFA451EFC
:103D00006543AC4208DC00213000FFF7FBFE434670
:103D10009B68DB19984206D03000FDF76BFF00204E
:103D200080BCB846F0BD30006942FFF7EBFE0130C1
:103D30000ED0012243467F1B9B6817430E4A5F60EB
:103D4000136830005B1B1360FDF754FF0120E7E7A9
:103D500000213000FFF7D6FE43469A68831A0F2BE6
:103D6000DADD064C04492468001B086001210B437E
:103D70005360D1E7483300205C4102203C330020EF
:103D8000F0B5D6464F46464605000C00C0B50029A2
:103D900048D0FDF727FF2100012708394B68032091
:103DA0009C46BB43CE1872688243604638408046CA
:103DB0006A4891468468B44200D17CE07260B418CD
:103DC00064683C40A2464446002C30D10C68A446AE
:103DD000091B8C686344A4460824A0468044C4455B
:103DE0005CD0CC68A04664464246E260946052468D
:103DF000002A1FD01F434F603360802292009342FD
:103E000030D2DA085C090123A340446823434360AD
:103E1000D3001B189A68CB608A609960D160280033
:103E2000FDF7E8FEE0BCBA46B146A846F0BD5246F2
:103E3000002A0FD101224B44CF18BC46B468484F2A
:103E40001A43BC425BD0F668E660B4604A606246E2
:103E50001360D2E762463A434A60802233609200A0
:103E60009342CED35C0A042C3FD89C0926003934F7
:103E70003836E40004192268083C0327944203D131
:103E80004EE09268944203D05068B8439842F8D804
:103E9000D468CC608A60A160D160C0E75246002A35
:103EA00035D14B441A00B068F3681743C36098607B
:103EB0004F608A50B3E74B441A004346002B06D1AB
:103EC0000B68C91A8C68D218CB68E3609C60012328
:103ED00013434B60234B81601B6893429FD8224B56
:103EE00028001968FFF7F2FE99E7142C13D9542C17
:103EF0001DD81C0B26006F346E36E400BAE7E16073
:103F0000A1604A606246CC608C60136087E71F4303
:103F10004F60336083E726005C345B36E400A9E73A
:103F20000123B610B340466833434360B1E7AA2289
:103F30005200944205D8DC0B260078347736E40032
:103F400098E70A4A944205D89C0C26007D347C36BA
:103F5000E4008FE7FE247E26A4008BE74833002090
:103F600050330020403300208C41022054050000D3
:103F7000F0B5D6464F4646460369C0B50A009A4694
:103F80004F11BB4208DC0023036100234361E0BC06
:103F9000BA46B146A846F0BD1F218C4606006446CD
:103FA00014369D00BB007519F318114014421FD040
:103FB0002022521A944604CBCA4090469D4228D9EA
:103FC000B14664461A68A240444622434C4604C4A3
:103FD00004CBA146CA4090469D42F2D85346DC1B12
:103FE000A4003419043C2260002A0CD004340AE0F6
:103FF00032009D42C7D902CB02C29D42FBD8534634
:10400000DC1BA4003419A31B9B100361B442BED176
:10401000BBE74261002AB6D034000434F3E7C0465F
:10402000F0B5DE46454657464E46E0B58846096837
:1040300093468A7887B003900593302A00D0CDE16B
:10404000CB1C1D0001335A1E1278302AF9D0691A90
:104050008B1E9A46C24FBB5C002B00D1FCE00022B5
:1040600000242B789146BF4AFB5C0292002B00D1C2
:104070006AE12E0073780136FB5C002BFAD1012235
:1040800030000299FFF75AFA0190002852D000221E
:1040900033780192002C02D0A41BA20001922022AE
:1040A00034009343502B51D043461E604B46002BA7
:1040B0007DD1631B013B0021072B03DD01315B1028
:1040C000072BFBDC039800F0D5FB8246002800D1CB
:1040D0008FE2142353440493A54200D3D1E19846C0
:1040E000002399463B0000264746A8464D46994680
:1040F0000CE0202E19D03200043649462378CB5CE0
:104100000F210B4093401D4344455ED0013C237872
:104110002E2BEED14445ECD3012220000299FFF76B
:104120000DFA0028F0D0202EE5D120C70022042669
:104130000025E2E7002C00D143E12022A41BA300CC
:104140000193337834009343502BADD163782B2BFC
:1041500000D11EE12D2B00D0EBE00122A378A11CA1
:10416000FB5C2600581E18289ED84E1C4978103B30
:10417000795C180000290AD10CE083001B185B0051
:104180000136581833781038F95C002901D0192904
:10419000F3DD0300002A00D05B42019A94469C4460
:1041A0006346019343461E604B46002B81D0534625
:1041B0005A42534106245B421C40200007B0F0BC29
:1041C000BB46B246A946A046F0BDB846A9464646FB
:1041D0004B4608C6049B4846F61A5346B6101E6165
:1041E00000F024FC5B461D687601361AAE4251DCB5
:1041F00000DAD0E09B68019A934200DAC0E05B46A7
:104200005B689A4200DB97E09C1A671EAC426FDA4B
:104210000026002F00D04EE11F21012339408B40A2
:104220007A11049992008A58504621002D1B1A4297
:1042300000D12BE1FFF79CFE5B465B6801935B4678
:10424000DC68022C00D1DBE0032C00D142E1012C20
:1042500000D16EE1122470E0424B012219002800C7
:104260000293FFF76BF9814600286FD16B786C1CC5
:10427000FA5C002A6CD02500302B00D05DE16B7811
:104280000135302BFBD0FB5C5A425A41914601224A
:104290009246EBE6741B2100504601F055F8061ECD
:1042A0000FD01F210123601E01408B404211049951
:1042B00092008A5801261A4203D0012800DD00E14D
:1042C000022621005046FFF753FE019B9C465B46A9
:1042D000A44462469B680192634551DB5B46019AA8
:1042E0005B68934200DC7DE09C1AA54200DDD4E0CF
:1042F0005A46D268022A37D0032A00D1F1E0012AB7
:1043000035D1AC4233D1012C07D05046611E01F0AB
:104310001BF800282BD05B465B68059A622413606B
:10432000012352461361049A13605246109B1A608F
:1043300043E70022611C13E701245246109B1A60D8
:10434000059B019A1A6038E72E0098E62C002B781E
:1043500020229343502B00D1BEE043461C6026E749
:10436000D4A20310B4E70210119A002AD5D0514606
:10437000039800F0A7FA0023109A502413601CE75A
:104380005146039800F09EFA0023109AA32413606C
:1043900013E70022E2E6AE1B32005146039800F01C
:1043A00031FD019B82469A1B5B469B6801929A42B3
:1043B000E6DC5B465B689A42BEDA14215144049104
:1043C00022E77378741CFA5C2600002A00D166E6A6
:1043D00073780136FA5C002AFAD15DE600238D1C61
:1043E0009A4637E60124002EA7D05B46DB68022BF5
:1043F00006D0032B08D0012B55D010231C439CE77B
:104400000123119A9B1A1193119B002BF5D053464F
:104410001F69049BBA009146180098460021484441
:1044200002E002C3984261D91A68561CF9D00132E1
:104430001A60022C69D01F231E0021242E402B421B
:1044400000D17AE74B464344043B186800F0EEFA8B
:1044500020239B1B984200DB6FE753461969002914
:1044600000DD93E00023524613610023524653615E
:104470005B46019A9B6801320192934280DB2124C2
:104480005BE7049B984600239946A0E6FFF770FD82
:104490005B465B6802240193A5E7671E002E00D1EE
:1044A000B6E60126B8E6B307A7D5049B1B681E43F2
:1044B000F607ACD4A1E73900504600F045FF0600EE
:1044C000AAE65046A11E00F03FFF002800D1F7E603
:1044D0000326F6E6022497E7002301930133994669
:1044E00034E6119A002A00D017E740E753469B684C
:1044F0009F4225DA53460122791C1961BB005344BF
:104500005A61049B9846022CA9D15B461B68222461
:10451000013BAB4200D010E71F21012329408B4013
:1045200041466A11920054581C4063425C41213458
:1045300003E7022302241E43B7E701239A4698E5C6
:10454000534659680398013100F094F9061E56D07D
:10455000534651461A690C31023292000C30F2F780
:10456000BBFE5146039800F0ADF901223369B24613
:10457000591C9B00F31831615A6114239846B044CA
:10458000022CC2D08F4200DB55E768E75346504605
:104590005B698900414418305B0881421FD9444659
:1045A0001A000368DB07134308C404C85208814299
:1045B000F7D8130052468A1A4146193A92089200D7
:1045C000043152181360002B00D004324346514688
:1045D000D31A9B100B61424500D049E745E742469C
:1045E0001360002B02D042460432EFE752461361BB
:1045F0003BE70022E421054B0548EFF7E3FE0022EC
:104600008421024B0248EFF7DDFEC0460CE80210A1
:1046100020E8021030B5026808E013781D00413D23
:10462000192D00D820330131A34206D10C78013274
:10463000002CF2D10260012030BD0020FCE7C04612
:10464000F0B54546DE4657464E461F240300080097
:10465000E0B525001100006887B0421192000540C6
:104660008A180395044200D09EE01000171F021F15
:10467000914600224846026018684678002E00D114
:10468000AFE001906F48049380464B460F20002412
:104690000022834601980193434602963D0026007E
:1046A0008946B846390092461F00029C15E0202C2E
:1046B00000D98AE052450CDD8D4201D2072E55DD2E
:1046C0000826A94505D2291F002392460D00002681
:1046D0000B6084780130002C12D03B5D002BE6D0BB
:1046E00001360132082E39DC2C682401A4465C46D0
:1046F0002340644623432B6084780130002CECD1A6
:10470000019B8C463400494647469946002A68D0AA
:10471000654502D2072C00DC77E0A94247D20A00A7
:104720002B0001CB01C29F42FBD26A1C781C0023E4
:10473000904266D200200A1D9B181A0004331060B4
:10474000BB42FAD94B461B68002B05D1B94250D069
:10475000043F3B68002BF9D0052043E0A945B8D2BF
:104760000024043DA44601262C60C0E708239B1BBF
:104770009B009C46202364462E001C1B02952B6840
:1047800065460590944620002A0075682C008440F8
:104790001C432B00D3403460736004368E42F4D344
:1047A0006246029D05988BE71700101D5FE74B4698
:1047B000039A1B68002ACDD02020801A0122524281
:1047C000C24013404A461360C4E7A246340056462E
:1047D0004746804601988C46049B49468146292ECF
:1047E0000BD0042007B0F0BCBB46B246A946A04699
:1047F000F0BD012305200B60F4E74046023018604D
:1048000084E77D1BAD08AB0094E708262023361B08
:10481000B6009B1B98462B6828001A000B0031003D
:104820006646AC464546984644682300AB40134371
:104830002200CA40036042600430B042F4D36546AF
:1048400041466AE7D4A2031082B000290AD0002AA8
:104850000BD0002B0BD013780B601078431E9841BF
:1048600002B0704701A9002AF3D10020F8E7022026
:104870004042F5E7436C70B504000D00002B0AD0F0
:10488000AA009B18186800280ED002681A6000233E
:104890000361C36070BD21220421FCF755FE031E95
:1048A0006064EDD10020F5E70126AE40721D0121C4
:1048B00020009200FCF748FE0028F3D04560866097
:1048C000E5E7C046002906D04A68436C92009B1871
:1048D0001A680A6019607047F0B5C6461F00804626
:1048E000002300B50E000D6914310C68013320045B
:1048F000000C5043240C5443C019070CE419000465
:10490000270C000C2404241810C19D42EDDC002F5C
:1049100007D0B368AB4208DDAB00F31801355F6127
:104920003561300080BCB846F0BD71684046013149
:10493000FFF7A0FF041E16D0310032690C3102329D
:1049400092000C30F2F7C8FC434672685B6C920030
:104950009B181A6832601E602600AB00F318013500
:104960005F613561DDE70022BA21024B0248EFF7B3
:1049700029FDC0460CE8021084E80210F8B547464D
:10498000CE460600180080B50C00083009211F0033
:104990009046F1F737FC092F3BDD012500216D0022
:1049A0000131A842FBDC3000FFF764FF011E32D06A
:1049B000089B4361012303614346092B16DC09234D
:1049C00098460A3447450CDD4346E719FF1A237819
:1049D0000A223000303BFFF77FFF01340100BC4268
:1049E000F5D10800C0BCB946B046F8BD09239946C8
:1049F000A1444D4644442B780A223000303BFFF757
:104A00006BFF01350100A542F5D14C464444083CFA
:104A1000D8E70021C7E70022024B0348D331EFF764
:104A2000D1FCC0460CE8021084E80210802203008A
:104A300052020020934201D21B0410308022520403
:104A4000934201D208301B0280225205934207D3C1
:104A50008022D205934214D29B0014D4033008E084
:104A6000802104301A01C9058A4203D3D243D20FF0
:104A7000801870479A019B0105D40A42EED120208C
:104A8000F7E71A00F2E70230F3E7C04603680100D7
:104A900010B55A0707D0DA072BD49A072ED55B0832
:104AA0000360012010BD1A0410D1FF221B0C10203E
:104AB0001A4201D108301B0A1A0717D09A070ED0E4
:104AC000DA0701D401305B080B60EBE7FF221A42E2
:104AD00011D01A071AD104201B099A07F0D19A089D
:104AE0005C070FD5130002300B60DBE704301B09B5
:104AF000F3E70020D6E708201B0ADDE79B080360E8
:104B00000220CFE7DB0805D12020CBE7DB0803201C
:104B10000B60C7E703300B60C4E7C046436C70B559
:104B200004000D00002B0AD05868002815D0026838
:104B30005A600023C36001334561036170BD2122C7
:104B40000421FCF701FD031E6064EDD14621002223
:104B5000084B0948FF31EFF735FC1C2201212000EA
:104B6000FCF7F2FC0028F1D001234360013383609D
:104B7000DFE7C0460CE8021084E80210F0B54E46AC
:104B800057464546DE46E0B50B6916698A469146AA
:104B9000984685B0B34204DB3300894646469246C8
:104BA00098464B4659684346F5184B469B68AB42BE
:104BB00000DA0131FFF75EFE071E00D1AAE01423E0
:104BC0009C4684446346AC00644418000022A3421F
:104BD00002D204C39C42FCD814234B449B46434658
:104BE00051469B0098461431B60088445E444145C6
:104BF00076D200239A464B4615339E4200D382E07C
:104C00005B460193434600935346B446A246AB46E7
:104C1000B9460C00029306E02D0C32D1009B0434FF
:104C20000430A34259D925682B04190C002BF3D06A
:104C3000019D5346A04600260C0082462F00039398
:104C400008CF01681A04120C62431B0C0D04634365
:104C50002D0C52199219090C5B18110C5B181204D7
:104C60001E0C120C1B04134308C0BC45E8D8504668
:104C70004446039B9A46029BC3185E6025682D0C30
:104C8000CCD0060000220368A0466046190014003C
:104C9000B446019F3A88090C6A43121952181B0442
:104CA00011041B0C0B43336010CF7168240C6C4350
:104CB0000B041B0CE318120C9B181C0C0436B84296
:104CC000E8D86246844610004446029A04348218AA
:104CD0005360009B0430A342A5D854465D464F461E
:104CE000002D03DC06E0013D002D03D0043C2368C9
:104CF000002BF8D038003D6105B0F0BCBB46B24691
:104D0000A946A046F0BD4B46F31A153B9B089B00F5
:104D10009A4675E7B1210022024B03484900EFF79C
:104D200051FBC0460CE8021084E80210F8B50323DA
:104D300047461400CE461A0080B50E0007002240F8
:104D4000234239D1A41032D03D6C002D3DD0012337
:104D5000984600239946434623406410002B08D10F
:104D60002868002819D00500434623406410002B12
:104D7000F6D02A0031003800FFF700FF002E06D0E1
:104D800072687B6C92009B181A6832601E60002C5F
:104D90000ED0060028680028E5D12A002900380036
:104DA000FFF7ECFE4B46286005000360DCE73000AF
:104DB000C0BCB946B046F8BD0E4B013A9200D2587D
:104DC0000023FFF789FD0600BCE701213800FFF74B
:104DD00051FD051E07D0084B4361012303610023E9
:104DE00038640360B3E746210022044B0448FF31D6
:104DF000EFF7E8FAD4A30310710200000CE80210E8
:104E000084E80210F0B54546DE4657464E46E0B50A
:104E10000D002B6954119846A04443465E1CAB68B4
:104E200083461700496883B09E4203DD01315B0071
:104E30009E42FBDC5846FFF71DFD8446002854D0F7
:104E4000010014310B000191002C0CDDA4002200A4
:104E500000201432624401C39342FCD1019B994665
:104E6000A1444B4601931F222B0011002C691433DF
:104E7000A40039408A461C193A4230D00132521AF5
:104E800091460027019851461A688A403A4304C067
:104E90004A4680CBD7409C42F5D82A0015320023E1
:104EA000944203D3631B153B9B089B00019A9146D8
:104EB0004B445F60002F00D1464663461E615B464F
:104EC00060466A685B6C92009B181A682A601D60D5
:104ED00003B0F0BCBB46B246A946A046F0BD01995E
:104EE00004CB04C19C42FBD8E6E7EF210022024B31
:104EF00002484900EFF766FA0CE8021084E8021055
:104F000002690B6930B50500D01A9A4214D19B0092
:104F100014351431EA18CB1801E095420CD2043A4A
:104F2000043B146819688C42F7D000238C425B4123
:104F300002205B421840013830BDC046F0B54546FE
:104F40009046DE4657464E464346E0B50A690C0099
:104F5000196983B0551A8A4214D127004246890044
:104F6000143714327B18521802E09F4200D396E0A7
:104F7000043B043A1E6811688E42F6D000D399E0D3
:104F8000012504E0002DFBDBA04600251C00434664
:104F90005968FFF76FFC8446002800D194E043462F
:104FA0001A6914339600B246C5609A446546009368
:104FB0005346216920008900894614350021019358
:104FC0002B00143081444D46A34614270C00924612
:104FD00001009946434601C9DE5902043304120C0C
:104FE0001B0C9B1A62461B19000C360C361A18143F
:104FF00030181B0404141B0C00040343D351043762
:105000008D42E7D82100019C48465246A2465C46A4
:10501000A9460500200015301E000027009B814591
:1050200004D34846001B1538800887007819041DF2
:10503000DF19A0463C1DA146EF1A0300A2451DD969
:105040003B00574692461A000E00A51801CC0304F7
:105050001B0C5B181B14010C86195B183604191401
:10506000360C1B041E432E60A742EDD83B00494678
:105070005246013B5B1A9B089B004344002E04D11F
:10508000043B1968013A0029FAD063461A61604668
:1050900003B0F0BCBB46B246A946A046F0BD002115
:1050A000FFF7E8FB8446002808D0012303610023B2
:1050B0004361ECE74346A0461C0068E70022054B2D
:1050C00005480649EFF77EF90022024B02480449E1
:1050D000EFF778F90CE8021084E8021037020000BC
:1050E000450200000D4A0E4B94460B4063440022DB
:1050F000002B02DD1900100070475B4219151329BF
:1051000003DC80231B030B41F4E7143901221E2921
:1051100002DC80221206CA400023EBE70000C0FC3C
:105120000000F07FF8B506004746CE460469143605
:10513000A4003419231F1D6880B528000F0098466D
:10514000FFF774FC2022111A030039600A282EDDB3
:1051500007000B3F464519D208235B429C46A444F6
:1051600063461B68002F1AD01900D21BD140BD40E6
:105170009146194A0D432A431100BB40664511D29E
:105180004A460C3C2468D44023430BE00B2805D04E
:10519000BD40114B2B431900002303E000230E4AAE
:1051A0002A4311001800C0BCB946B046F8BD2F0014
:1051B000153A121AD7409146074A3A431100002780
:1051C000464503D24A46083C2768D74015339D40E0
:1051D0002B003B43E6E7C0460000F03FF0B501215D
:1051E00083B014001D00FFF745FB061E47D02B03BC
:1051F0006F001B0B7F0D02D08022520313430193DB
:10520000002C16D101A8FFF741FC0124019B20309E
:1052100073613461002F23D01C4B35249C46089BBE
:1052200067443F181F60241A3000099B1C6003B0BC
:10523000F0BD68460094FFF729FC019C009B002804
:1052400006D020222100121A9140C4400B43019441
:105250007361B461631E9C4101343461002FDBD162
:105260000B4B9C46089B604418600023E3189B008E
:10527000F3181869FFF7DAFB6401241AD4E7002257
:10528000044B05480549EFF79DF8C046CDFBFFFFED
:10529000CEFBFFFF0CE8021084E802100F030000B1
:1052A000F0B5CE46474680B585B0884602A981460E
:1052B000FFF738FF04000D00404603A9FFF732FF57
:1052C00002000B00404649460069096900920193BB
:1052D000091A4901884602980399401A010041447D
:1052E00000290BDD09054F193D0020002900F1F7C9
:1052F000FEF905B0C0BCB946B046F0BD09055B1A61
:105300000193009A019BF0E71300013970B54C112D
:105310001169013414338900A400591804198B420F
:105320000AD2050040CB40C59942FBD88B1A153BE9
:105330009B089B0004301818844203D9002308C03E
:105340008442FCD870BDC04610B504000269143414
:10535000481182420ADA9200A31803E0043B1A685B
:10536000002A14D1A342F9D8002010BD8300E3180D
:105370008242F7DD1F22100008400A42F2D019686D
:105380000A00C240824001209142EED1EAE70120AA
:10539000EBE7C046002909D0FF2A02D801200A7095
:1053A00070478A23036001204042F9E70020F7E7B5
:1053B00070B514004B1C1BD093892022FF2593430A
:1053C000226BA381CEB263680D40002A13D0626BBA
:1053D0009A4208DD2368013B23601E706368013335
:1053E0006360280070BD210001F0C0FD0028F1D0ED
:1053F00001256D42F5E721692268002905D0914217
:1054000003D2511E0878A8420ED0E3632300403334
:105410002363032363633F33A263E65423004233D1
:10542000236001236360DCE7013321606360D8E718
:1054300010B50C00096B00290FD0230040339942AE
:1054400001D0FEF79DFC00232363E36B6360002B18
:1054500003D00020A36B236010BD00222021012077
:105460006260A28923690A43A2814042F3E7C046F1
:10547000F0B5DE4657464E46454683461800E0B531
:10548000504385B00F000E9C0193002835D00023B7
:10549000984640339946656806002168A144A842B1
:1054A00020D90290039238002A00F1F715FF2368F3
:1054B000216B5B1923604346B24663607F19761BFC
:1054C000002921D0494502D05846FEF759FC4346F1
:1054D0002363E36B6360002B16D0A16B1D0021607A
:1054E000B342E0D332003800F1F7F6FE636801986A
:1054F0009B1B636023689B19236005B0F0BCBB460F
:10550000B246A946A046F0BD2369202123600023AE
:105510006360A38902980B43A3815346039A28181A
:105520001100C01AF0F796FEE7E7C046F0B55746FF
:105530004546DE464E46E0B5C94C0D00A54402AFD7
:10554000BA6580227B6378650C23C95E92016B6E1D
:10555000114200D0A5E00A43AA81C24A13406B66FB
:10556000602008231B18D81908220021F1F7AEFE8D
:1055700000239A463B62FB63FB643B647B64BA4B4B
:10558000BB64BA4BBB63BA4B7B62E423BA6CD4589E
:10559000FEF7B0FA602108225218D21900920431A5
:1055A0000300BA6D786D7918A04700285FDBBB6DEA
:1055B00006009C4684446346BB657B6E002B3DD051
:1055C000012864D0252B1CD00028DED0BB6D9E1B8B
:1055D00052465044804654466B68B61A002B21DD73
:1055E0002A68335D1178994228D16B680132013BFA
:1055F00001346B602A604445F0D1A246C5E7012022
:105600000126BB6D00241A78002384469B46BB6D9F
:10561000591C1300253BDBB2552B0FD8B86B9B00F0
:10562000C3589F462900786DFFF702FF0028D7D0A6
:105630007B6C002B4AD0AB895B0647D4FB6B002BFD
:105640000AD0FB6B18687B6C013301D101F024FC9C
:10565000002801D0F1F72EFEBD46786CB9239B00DF
:105660009D44F0BCBB46B246A946A046F0BD814B66
:1056700060207B6608231B18D81908220021F1F747
:1056800025FEBB6D0133BB657B6E002BD6D07A6ADD
:10569000D25C120736D4252BB1D0BB6D01205E1E23
:1056A00096E79B0400D45BE701235B427B64D3E76E
:1056B0002307C3D1BB6DB9655A78A8E72307BDD1CD
:1056C00002231C43BB6DB9655A78A0E7FB6B002B26
:1056D000EAD0DB889B46FB6B18685B46002B0DD03D
:1056E00005000024002680462B6801341868F1F775
:1056F000E1FD08CD1E605C45F6DB404601235B42C0
:105700007B64A5E77A6A0824564690466B680BE0EE
:1057100041462A681378CB5C1C420DD06B6801327D
:10572000013B01366B602A60002BF1DC2900786DAB
:10573000FFF77EFE0028EBD0B24626E78F232342F8
:1057400000D07BE75B469B005B445B009B183022EC
:10575000524293469B44BB6DB9655A7857E76B68D4
:105760003963002B01DC01F0C3FA042399462A684F
:105770003F4E1378F35C1B0722D508239846534607
:10578000A2461C0006E0414601322A601378F35C11
:10579000194212D06B680134013B6B60002BF2DCC4
:1057A0002900786DFFF744FE002800D040E741460D
:1057B0002A681378F35C1942ECD1230054469A46C8
:1057C0004B46022B01D100F03EFD032B01D100F02E
:1057D000F4FD786D01F046FC0368AE2219005B46CB
:1057E000013B5200934201D800F0FFFF5D3BFF3BBD
:1057F000FB605E23FF339B46F023DB0023433B65C6
:1058000000239946BB657B613B61BB62BB61213371
:10581000FF339C46C03B9846B844C4446346544654
:10582000E0468A46FB61144BFB622A6811780B0044
:105830002B3BDBB24E2B00D901E3F86A9B00C35827
:105840009F4680239B001C436B683963002B00DC60
:10585000A2E20A4B3B6210233B640D3B994686E76C
:1058600014FDFFFFFFDFFFFF50370020D0A403101F
:10587000D1A10310FDFF000028A603106132021021
:105880006B683963002B01DC01F036FA5E46002EAE
:1058900000D10136E30701D501F046F9E30601D551
:1058A00001F090F87B6B04CB90467B63240601D417
:1058B00001F01FF8002A00D1C0E63000F1F7D6FC55
:1058C000041E00D102E74346FA6B1860D188F961E3
:1058D0009388994201D301F058F91068FA69F96B7D
:1058E000531CCB80930042461A5000952100330090
:1058F0000122786DFFF7BCFD041E01D101F0C4FA4E
:10590000864208D9434621001868F1F7C1FC0028F7
:1059100001D043461860A24400F038FC6B6839633C
:10592000002B01DC01F0DCF9B84B3B6208233B643F
:10593000053B99461BE76B683963002B01DC01F0DE
:10594000CBF90223994612E76B683963002B01DC1F
:1059500001F0BFF9AD4B3B620A233B64073B99461C
:1059600005E78F231A002240234200D066E6FB6B36
:10597000002B01D101F044F980231C439AE63963DE
:10598000B965E30600D500E67A6B08CA7A63220798
:1059900001D501F0F7F8620701D401F01EFA524672
:1059A0001A80F2E5230700D048E6BB6D5A7802233F
:1059B0006C2A01D100F068FF0123B9651C4326E67B
:1059C00001231C436B683963002B01DC01F0CFF825
:1059D0008F4BC0E7230700D030E6BB6D5A78682AAA
:1059E00001D100F050FF0423B9651C430FE66B683A
:1059F0003963002B01DC01F093F9854B3B620023F6
:105A00003B6403339946B2E6602220239B18D819E1
:105A100001F06CFA6B68B865002B01DC01F076F9D7
:105A20005B46002B01D1013B9B46012310221E0047
:105A3000224026403A63234201D100F0E7FD002ACC
:105A400001D000F0DCFF7B6B04CBBA627B632406E1
:105A500001D401F017F9002A00D1EFE58020F1F719
:105A600005FC8046002801D101F0E4F9BB6A18600A
:105A7000FB6BDA88FA619C88A24201D301F01AF824
:105A80001868FA69F96B531CCB809300BA6A1A50F4
:105A90004346FB612023BB610026FEF72BF8B04292
:105AA00000D1C5E5902160202B6849001A780918BB
:105AB000C91901338A556A682B60FB6C013A741C62
:105AC0006A60032B00D1A5E11023994650339C4610
:105AD000BC44E144082200214846F1F7F7FB90223C
:105AE0004B4660215200FC6252180093414623004D
:105AF000786DD21901F074FCF864431C00D197E56D
:105B0000002800D091E14246002610606020182352
:105B10001B1808220021D819F1F7D8FBE023BA6C32
:105B20006021D258C83B3A6560229B18786D3200DC
:105B3000DB193E6D7918B0470026012802D1602399
:105B4000FB181E78202360229B18DB199B5D002B1D
:105B500001D101F0F7F8FB6CA244032B00D14BE319
:105B600001235B429C463B6BE344002B0ED1042394
:105B70009C46BB6AE044002B08D04346FA699C1A55
:105B8000BA69A310934201D300F0D7FC6B68002BD5
:105B900000DC3EE35B46002B00D07DE73B6B002B37
:105BA00000D0F2E442461360BB6A002B0FD043469C
:105BB000FA69991A8B10BA6901339A4207D9BC6AFB
:105BC00004312068F1F764FB002800D020607B6C72
:105BD00001337B64D9E401231C436B683963002BD8
:105BE00000DDA1E62900786DFFF722FC002800D136
:105BF0009AE61DE56B683963002B01DC01F05FF864
:105C000001231C4301339946B1E5C04661320210BD
:105C1000FD30021041231C436B683963002B01DC0B
:105C200001F086F85E46002E00D1013610231A00DE
:105C300022403A65234201D000F0BDFE7B6B04CBCD
:105C4000FA627B63240601D401F024F8002A00D113
:105C5000F4E48020F1F70AFB8146002801D101F02D
:105C6000E9F8FB6A1860FB6BDA88FA619C88A2424B
:105C700001D300F0D0FE1868FA69F96B531CCB8091
:105C80009300FA6A1A504B46FB612023BB629023B3
:105C90005B009B46C03B9C460024B046BC44FE6C67
:105CA000E344FDF727FFA04200D1C1E459462B6829
:105CB000621CBA651A7801330A556A682B60013A8A
:105CC00018236A6060229B18DC19032E02D1BB6F77
:105CD000042B04D0082200212000F1F7F7FA0094E9
:105CE0005A464946BB6D786D01F07AFB0600431CAD
:105CF00000D19DE4002879D1BB6D9C4601235B4215
:105D0000E2449C463B6DE044002B10D14A461360B0
:105D1000FB6A002B08D04B46FA699C1ABA6AA3109A
:105D2000934201D300F0F3FC04239C46E1446B68EA
:105D3000002B0ADD4346002B0DD00024B1E73B6D5C
:105D4000002BE5D06B68002BF7DC2900786DFFF79E
:105D50006FFB0028EED0FE64FB6A002B08D04B4698
:105D6000FA69991ABA6A8B10934201D200F032FF95
:105D70003B6D5A4253417A6C94469C4463467B6423
:105D80003B6BBB65FFF701FC88239B001C436B68E2
:105D90003963002B00DD5CE52900786DFFF748FBD7
:105DA000002800D155E543E46B683963002B00DD22
:105DB0000EE6BF4B3B620A233B64073B9946290032
:105DC000786DFFF735FB002800D1D0E430E45B4666
:105DD00023439B4600D031E4BB6D10245A78B9654B
:105DE000FFF715FC6046B965FFF7EEFB831C00D199
:105DF00017E2BB6D9C46E244032802D12368042BC2
:105E00009DD001235B429C463B6DE044002B00D1BA
:105E10007EE78CE71023994650339C463B6FBC4489
:105E2000E144042B00D055E659E6FB6C023300D167
:105E300071E343461E68731C00D067E682E63B6D43
:105E40009B0565D553461B788B4261D15B467B60D1
:105E500043460026BB6006E0534601322A601178B3
:105E60009B5D99421AD15346B04601369B5DA346CD
:105E70000134002B01D100F0A1FC6B68013B6B6089
:105E8000002BE9DC2900786DFFF7D2FA002805D154
:105E900053462A689B5D11789942E4D043465146A7
:105EA000FB622B000D009846BE68FC6AB2467E6D10
:105EB000295D42463000FFF77BFA013CF8D25B4691
:105EC000FA6A56469B1A45469A4623E0BB6D4B44F8
:105ED000002B1DD1774B3A6D1A40002399463A6545
:105EE000BB654346197001235B429C460233E34481
:105EF0009C46E0446B680134013B6B60002B00DC86
:105F000072E12B6801332B605B46002B00D08CE4E0
:105F10004646A246BB6DBA6A013B002A00D1E9E0C1
:105F2000396D654A11403965012B01D800F0CFFC6D
:105F30004B46013B062B01D800F07FFD396D102345
:105F40000A00386B1A40B8650B4201D0FFF71DFB01
:105F5000C02332708022DB000B40D200934200D07D
:105F6000FFE0BB6ABA69934200D1FFE01300BA6A4E
:105F70007E619A1A6021514B5B187969DB1999424D
:105F800007D34F4B9C4660239846B844C4446346AD
:105F90007B614C497869F2F70FFEE7E03A6D130533
:105FA000B6D5BB6D4B44002BB2D1424B94E74B4668
:105FB000072BADD10823994693E798238022386DAB
:105FC0001B01034052009342A2D1BB6A012B9FD117
:105FD0008022394B12011840024330233A65424671
:105FE0001370313B9C460233E3449C460023E0445B
:105FF000BB6276E74B46062B8AD10723994670E7AA
:106000003B6D1B0584D53A6DA0201300C0000340F2
:106010000138FF38834205D0024200D178E7BB6ADD
:10602000002B63D03B6D9B0505D4BB6ABA699B1AF4
:106030003B6143467B61244B3A6D1A401300C022FA
:1060400052001A4300233A65BB624AE7BB6D002B3E
:1060500000D0ABE3BB6A002B07D1E0233A6DDB0035
:106060001A409A4201D100F0D5FE4B46012B02D0D6
:10607000042B00D04CE74B460133DBB2994630E7A6
:106080003B6D1B0504D5BB6D4B44002B00D121E7B4
:10609000BB6D012B00D03BE70223BB6521E78023CA
:1060A0003A6D134200D133E79A433A6519E7C04687
:1060B000FD3002107FFEFFFFFFFEFFFF73020000B6
:1060C00072020000E0E802107FF0FFFF4B46002B59
:1060D00000D060E3BB6A002B00D0ECE3E0233A6D14
:1060E000DB001A409A4201D100F09CFE4646A246CF
:1060F000BB6D013B012B00D8E9E34B460022013B7D
:10610000BA62062B01D800F0BBFC3A6DD30500D46F
:1061100014E7530501D500F0A6FE0123741E5B426F
:1061200021785344984665290BD0452909D02A0087
:10613000786DFFF73DF902235B4253449846B41E45
:1061400021782A00786DFFF733F9396D10230A00A2
:10615000386BC2461A40B8650B4201D0FFF715FAFA
:1061600022703B69002B01D000F07DFD0022F9690F
:10617000786DFCF701FF7B6BB865F96510CB7B632D
:106180003B6DDB0700D48DE3206061607B6C0133E5
:106190007B643B6BBB65FFF7F8F93B6D1B0504D5D2
:1061A000BB6D4B44002B00D194E64B46022B00D034
:1061B000AEE60323994694E63A6D130500D422E730
:1061C000EFE63B6DDB0500D480E680233A6D9A4311
:1061D000BB6A3A650133BB62FB68002B00D0B4E3B5
:1061E000013B9C46E34485E62900786DFFF720F9E2
:1061F000002800D188E68BE64B461B68042B00D0B4
:10620000AEE43B6B002B00D1B1E46B68002B00DDEA
:1062100042E42900786DFFF70BF9002800D1B9E4BA
:10622000BCE46B68002B01DDBC6D3AE52900786D9C
:10623000FFF7FEF80028F7D0BB6DFE64002B00D1FD
:106240008AE5FFF7F5F95B46002B01D1013B9B4640
:1062500001231A00224090461022224091462342F8
:1062600000D17CE1002A00D076E37B6B04CBBA65D9
:106270007B63240601D400F01AFD002A01D1FFF748
:10628000DDF98020F0F7F2FF8046002801D100F010
:10629000D1FDBB6D1860FB6BDA88FA619C88A24265
:1062A00001D300F0F5FB1868FA69F96B531CCB8039
:1062B0009300BA6D1A504346BB6220233B652B689E
:1062C0001B78F35C1B0700D54EE25B4600243B6065
:1062D000FDF710FCA04201D1FFF7AAF99021490077
:1062E0008C46C0398B46BB44DC4461462B68621C3B
:1062F000FA621A7801330A556A682B60FB6C013A1E
:10630000F9616A60032B01D000F02BFC1823602296
:106310009B18DC19BB6F042B04D00822002120003D
:10632000F0F7D4FFFB6A4146BB610094FA69786DCF
:1063300001F056F8F864431C01D1FFF779F9002801
:1063400001D000F064FC42461060002001F072F8B9
:10635000002800D0F8E1FB6A9C46E24401235B423E
:106360009C463B6863443B604B46002B01D000F0E9
:1063700085FC04339C46BB6DE044002B01D100F04A
:106380007DFC4346BA6A9C1A0022FA623A6DA31059
:10639000934201D300F057FD6B68002B01DC00F045
:1063A00026FD2B681B78F35C1B0700D5DCE13B68FE
:1063B000002B00D1D8E1FC6A8AE75B46AE220021BF
:1063C000013B88465200934205D9D94B5B4498461D
:1063D0005E23FF339B46D8231B011C430023BB6570
:1063E0002133FF339C46C03B9946B944CC446346B5
:1063F000FB61D04B5E469946E3462A6811780B0054
:106400002B3BDBB24D2B17D848469B00C3589F4609
:106410003B6C0A2B10DDC84B1C405B4619700123F6
:106420009C46E3446B68013B6B60002B6CDD0132E2
:106430002A60013E002EE0D15A46D946E30509D52F
:10644000FB699A4200D961E24A46FB699A4201D14E
:10645000FFF7F4F810231A002240234214D14B46D0
:10646000F9691A70786D00223B6C3E6AB0477A6B0E
:10647000131D9846A30600D40DE2136818607B6CC8
:1064800001337B6443467B634A46FB69D61ABB6D86
:106490009C466644B2443B6BBB65FFF776F8386CAC
:1064A000A64B4000C35E3B64A34B1C40B5E7C02332
:1064B0008020DB00234080008342BDD1A04B2340DD
:1064C000A024E4001C4310233B64A6E7802323425E
:1064D000B2D09C43A1E7386C984B4000C35E3B644C
:1064E000082B98DCA8E7230597D53B6C002B05D13A
:1064F00080239B001C43F93BFF3B3B64630500D4B6
:10650000B3E1904B1C4088E72900786DFEF790FFBF
:1065100000288ED090E76B68002B02DD2600FFF785
:10652000BCFA2900786DFEF783FF0028F6D0002C16
:1065300001D1FFF733FBFFF77BF8F869D1001600B4
:10654000F0F7A6FEF861002801D100F073FC804648
:10655000BA6A7300A0441060BB61FFF717FB002A02
:1065600001D000F004FC7B6B04CB91467B632406D6
:1065700000D440E3002A01D1FFF760F82020F0F7B3
:1065800075FE041E01D1FFF7A1F84B46FA6B1860A7
:10659000D188F9619388994200D3C0E11068FA6903
:1065A000F96B531CCB8093004A461A502023BB65DD
:1065B0002B681A78B25C120700D5CBE121003C654C
:1065C0005C466A68013A6A605A1C2A601B784A1C59
:1065D0000B704B469046002B07D013003A6D9B1A68
:1065E0009B46BB6D9B4500D32CE3013C002C00D1A6
:1065F00021E16B68002B00DC16E108212B681A787A
:10660000B25C114200D016E14146DAE73B6B002B49
:1066100000D0A9E17B6B04CB90467B63240600D4B9
:1066200040E3002A01D1FFF709F82020F0F71EFE11
:10663000041E01D1FFF74AF843461860FB6BDA8865
:10664000FA619E88B24200D345E21868FA69F96B94
:10665000531CCB80930042461A502023180020215F
:1066600060262B6889191A78C9198A5C002A01D119
:10667000FEF7E4FF52465E46A14683463A6516E0C1
:106680004B46D31A9A4614005B452FD2013E002E8A
:1066900000D1AEE06B68002B16DD202160202B6856
:1066A00009181A78C9198A5C002A00D1A1E06A6821
:1066B000013A6A605A1C2A601B78621C23704346A8
:1066C000002BDDD11400E1E72900786DFEF7B0FE64
:1066D0000028E2D03B6D4E469A465B4618004C457A
:1066E00001D1FEF7A5FFA31B99468DE05B465B0039
:1066F000484619009B46F0F7CBFD8146002801D1A2
:10670000FEF7E4FF544643464C441860BEE7F86980
:10671000D100F0F7BDFDF861002800D18AE3814681
:10672000BB6AFA6A5B00A1441060BB62FFF7FCFA27
:10673000A3FEFFFF64A703107FF4FFFF9CA80310D4
:10674000FFFDFFFF7FFAFFFF20236022FF339B182E
:10675000DC197B6DBE699B46A15D2A005846013E4F
:10676000FEF726FE002EF7D14B46002B00D092E616
:1067700043464A461A60BB6D002B08D04346BA6AAE
:10678000991A8B103A6D01339A4200D918E27B6C4A
:1067900001337B647FE6FD22033B134201D0FFF708
:1067A000B7FB0433DBB29946FFF79BFBBB6D022BB3
:1067B00000D05AE40323BB65FFF793FBBB683A6D37
:1067C00098467B685C469B46D94B40461A403A65E2
:1067D0005146320000F00CFC01235B429C46BB6A30
:1067E0008046E344BB61FFF785FB0023FB60FFF7B6
:1067F00003F83B6D4E469A465B461800A31B99462C
:10680000B44201D1FEF71AFF002323704346002B48
:1068100004D04B46591C884200D9CFE27B6CCA4455
:1068200001337B64FEF7B1FE2900786DFEF700FEB0
:10683000002800D1E1E6434644463A6D9B1A591CB4
:106840009A44002323704B46002B00D19EE4BB6D7D
:10685000994200D39AE44B461868F0F719FD0028D6
:1068600000D193E44B46186090E4B24B1C40434681
:10687000002B04D001235B429C460136E044BB6DF3
:106880000133BB65CEE508231C43BB6D9A78023308
:10689000BB65FEF7BCFE230700D42EE17B6B1B68B3
:1068A0001870ECE53B6D9B0700D44BE1BA6DFB6DB6
:1068B000226063606AE4A04B3A6D46461A40BB6DA5
:1068C000A246013B3A65012B01D9FFF737FBFB6973
:1068D0009E4201D8FEF7B2FE34002E001D00013C9E
:1068E00032002178786DFEF763FDAC42F7D1FEF7F8
:1068F000A5FE0095330001224146786DFEF7B8FDF4
:10690000041E01D1FEF794FEA2443FE45E46013E20
:106910002A003178786DFEF74BFDB14694E5874A41
:10692000934200D9BBE2082290469844434699001E
:10693000FB6B1868F0F7ACFCFB6B002801D1FEF78D
:10694000C8FE424618609A8029E6FB68013BFB605E
:10695000FFF7D0FA012174E700233B65BB62BB65FA
:106960006433FB189846AAE4202160202A6809189D
:106970001378C919CB5C002B01D1FEF75FFE5C4692
:1069800007E02021602013780918C919CB5C002B7F
:106990003ED06B680132013B01366B602A60A64233
:1069A00036D0002BEDDC2900786DFEF741FD002884
:1069B0002ED12A68E5E700239946BB62FB61FB62A2
:1069C000FFF765F97B6D002498460AE0D21829008C
:1069D00040462A60E418F61AFEF72AFD002800D087
:1069E000F6E16B682A689E42F0DC9B1B9219A419A1
:1069F0006B602A603B6BA244BB65FEF7C6FD0023BB
:106A0000BB61FB61BB626433FB189846FFF744F837
:106A1000B244FEF7BAFD494B9C4200D90AE2FB6B37
:106A200008341868A100F0F733FC002800D101E217
:106A3000FB6B18609C80FFF71FF94B46022B00D8B8
:106A400031E2032B01D1FFF779FAA84634004D4615
:106A5000013C42462178786DFEF7AAFC63199B1B26
:106A6000DBB2032BF4D1A9464B465246043BDBB2C2
:106A7000013AD21A013E45469246F61AFFF745FB07
:106A80004B46022B00D80EE2032BDED1FFF73DFB75
:106A90002A4B9C4200D9CDE1FB6B08341868A10059
:106AA000F0F7F6FB002800D1C4E1FB6B18609C8076
:106AB000FFF7FAFB214A944200D9BBE1FE6B083490
:106AC0003068A100F0F7E4FB002800D1B2E13060AB
:106AD000B480FEF7D6FF194A964200D9DFE1FB6B7E
:106AE00008361868B100F0F7D3FBFB6B002801D122
:106AF000FEF7EFFD18609E80A8E563075CD4E3070E
:106B000000D582E1A40700D47FE10D4B3A6A9A4296
:106B100000D1D9E100223B6CF969786D00F076FB79
:106B20007B6B1B6803C3AAE440231C43FFF77EF87A
:106B30007FFDFFFF7FFCFFFFFFFEFFFFF6FF000072
:106B400061320210B86DF96D02000B00EFF753FED1
:106B500000284AD1B86DF96DEFF7DEFE2060FFF72F
:106B600015FB182360229B18DC19FFF7D6FB2900C0
:106B7000786DFEF75DFC002801D0FEF759FDD64B7D
:106B8000FEF7E9FE52461A7085E4D44A934200D9D2
:106B900085E10822914699444B469900FB6B1868A1
:106BA000F0F776FBFB6B002801D1FEF792FD4A4619
:106BB00018609A80FEF792FE7B6B1B6818805EE47B
:106BC000BC6D04312068F0F763FB002800D1DEE5DE
:106BD0002060DCE5FC6A2068F0F75AFB002801D150
:106BE000FFF7C6F82060FFF7C3F8BD48FDF76AF865
:106BF0002060FFF7CBFA002314009946BB65D7E469
:106C000082B002ABFB6302920392FEF7B5FEFB6C0F
:106C1000023301D1FFF7C0FB4346186800F00AFCBD
:106C2000002800D090E5FB6A9C46FB6CE244032BF5
:106C300001D0FFF793FB2368042B01D0FFF78EFBF5
:106C4000FFF792FB5B0019001000BB65F0F720FB1B
:106C50003865002801D1FEF739FD02005A449046FC
:106C60004A461060C1E47B690022591C786D0A23F2
:106C7000FCF744FA3B69C21AFFF77CF90023FB6278
:106C8000FFF78AFBBB6A98460023BB61FB61BB62CE
:106C9000FEF702FFFB6A99460023BB62FB61FB62C1
:106CA000FEF7F5FF0023140018009846D7E4BB6DEB
:106CB000984600233B65BB62BB65FFF700FB2900DC
:106CC000786DFEF7B5FB002801D1FEF799FFFEF7BE
:106CD000AFFC844BFFF76EF802239946FFF76FF87D
:106CE000804B3B6208233B64053B9946FFF767F8FE
:106CF00004239946FFF763F82900786DFEF798FBA7
:106D0000002801D1FEF7C2FDFEF792FC2900786D44
:106D1000FEF78EFB002801D1FEF782FEFEF788FC0D
:106D20006D4B3B6200233B6403339946FFF747F802
:106D30002900786DFEF77CFB002801D1FEF772FF79
:106D4000FEF776FC002C01D1FEF728FF2023FF334D
:106D50009B18DC197B6DFE6A9946A15D2A004846A6
:106D6000013EFEF725FB002EF7D1FEF717FF2A683C
:106D70001378F35C1B0701D5FFF78DFB3300082464
:106D80004646984604E041461378CB5C1C4211D13C
:106D90006B680132013B01366B602A605E4509D0A9
:106DA000002BF0DC2900786DFEF742FB002801D1B2
:106DB0002A68E8E7B046C244FFF76DFB434618680F
:106DC000F0F766FA002800D128E54346186025E56B
:106DD000002C00D00EE6FEF72BFCE2072FD4A40710
:106DE0002DD552461A60D2175A60FFF754FB29007E
:106DF000786DFEF71DFB002801D1FFF7D2FAFB6A80
:106E0000002B01D0FEF714FCAEE47B6B1B6818600E
:106E1000FFF735FB344B3A6D1A4001233A65BB65E9
:106E2000FFF75FF8304B3A6D1A4001233A659946F7
:106E3000FFF757F801235B427B64FEF7FFFB5246E6
:106E40001A60FFF728FBB86AD100F0F721FAB862A0
:106E50000028EFD080463B6DBA6D5B00A044106007
:106E60003B65FFF799FAFB699E4201D8FEF7E6FB06
:106E70003400013C2A002178786DFEF799FAFB690D
:106E80009C42F6D1FEF7DAFB7B6C002B04D0AB8979
:106E90005B0601D4FEF7D5FBFB6BFEF71AFCFB6922
:106EA0009B46FEF718FCFB6934009E4201D8FEF7B2
:106EB000C5FB013C2A002178786DFEF779FAFB6961
:106EC0009C42F6D1FEF7BAFB00223B6CF969786D63
:106ED00000F082FA24E6C046FD300210F6FF000002
:106EE000C8C00210613202107FF8FFFF70B50D7844
:106EF00004005E2D1BD0481C002600212300621CCC
:106F0000FF32197001339342FBD1002D0DD00122C5
:106F1000724062550378461C2D2B0FD05D2B0BD091
:106F2000002B03D01D003000F3E7013870BD4D7811
:106F3000881C01260121E1E73000F7E741785D294F
:106F400010D08D420EDC2B0002300133E254994206
:106F5000FBDC8D4203DB002101354D19DAE7491BCB
:106F60000139F9E72D253000D3E7C046F0B50C0014
:106F70002300C646096B403300B5994215D0666BB5
:106F800077003A00FAF74AFE051E28D08319984682
:106F9000010032001800F0F79FF943462563236093
:106FA0006763002080BCB846F0BD8021C900FAF7B5
:106FB00033FB002813D08023DB006363422320636C
:106FC000E25C084BC2544123E25C074BC2544023AD
:106FD000E25C064B9C46C25460442060E1E701201D
:106FE0004042DFE7FF030000FE030000FD03000056
:106FF000030070B5060008003043800701D1032A62
:107000001BD83000002307E0CC5C013AF454451C47
:107010000133002C03D02800002AF5D170BD2B00CD
:107020000024A918002A04D01C7001339942FBD116
:107030000D000028F2D12800F0E7084C08681E0077
:10704000074BC31883432342DBD13300043A043196
:1070500001C3032AF2D81E00D3E7C0468080808097
:10706000FFFEFEFE0048704740380020F0B5DE46C7
:107070004E4645465746E0B589B00D00059193460A
:107080001E00082107905F482B001C780135025D27
:107090001142F9D12D2C00D184E02B2C4BD00123AF
:1070A0005B420393584B049300230693002E08D1B0
:1070B000302C00D180E00A239A4600230A26994604
:1070C00005E0102E00D182E0F317B24699465246F1
:1070D0004B4603980499EFF7FBF823000F00804616
:1070E000029200200022002113E0B94201D1404564
:1070F0001ED8804543D052464B46EFF79DFFE3171D
:1071000000940193009B019C0122C01861412B78DF
:1071100001351C00303C092C04D9113C192C0DD828
:10712000373B1C00A64211DD531CF0D0B942DCD91C
:1071300001225242EBE72C789D1CB0E71C00613C19
:10714000192C03D8573B1C00A642EDDC531C1ED063
:10715000069B002B04D003000C0000215842A141E3
:107160005B46002B04D0002A45D15B46059A1A6085
:1071700009B0F0BCBB46B246A946A046F0BD8F425E
:10718000B9D1029BA342B6DA01225242BFE72223C1
:10719000079A13605B46002B30D06B1E039804994E
:1071A0000593E2E72C789D1C0023039380231B06A4
:1071B00004930123069379E720222B789343582BDD
:1071C00011D008239A460023083699467FE7302CD1
:1071D00004D010239A460023994678E720222B7882
:1071E0009343582BF5D110239A4600236C78994687
:1071F000102602356BE703900491CEE703980499BB
:10720000B6E7C046D1A10310FFFFFF7F10B5FFF71F
:107210002DFF10BDF0B54546DE4657464E46E0B55B
:1072200087B00D00039198460821059065480192AA
:107230002B001C780135025D1142F9D12D2C00D1B3
:1072400088E0002204922B2C67D04346002B0FD1FC
:10725000302C00D183E0052302935B4B9A465B4BB5
:1072600099460A23009300239B460A33984615E06B
:10727000102B00D185E04246009301204042C11707
:10728000DB179B46EFF724F84246824689465B4669
:1072900001204042C117EFF71BF8029200220020A4
:1072A000002116E01C00A0451EDD531C0FD04945EF
:1072B0003BD801D1504538D8504531D0009A5B4673
:1072C000EFF7BAFE2600E7178019794101222C78E2
:1072D00001352300303B092BE4D92300413B192B16
:1072E00026D8373CA045E0DC531C27D0049B002B5C
:1072F00004D003000C0000215842A141019B002B47
:1073000004D0002A23D1019B039A1A6007B0F0BC75
:10731000BB46B246A946A046F0BD2C789D1C94E71A
:107320004945CBD1029B9C42C8DD01225242CEE7A7
:107330002300613B192BD7D8573CB4E72223059A89
:1073400001204042C1171360019B002BDED06B1E51
:107350000393D8E72C789D1C0123049375E7202222
:107360002B789343582B1ED007230293083B9A4651
:10737000174B99460823009300239B4608339846F1
:107380008CE7302C0AD00F230293103B9A46114B06
:1073900099461023009300239B467FE720222B78F9
:1073A0009343582BEFD10F230293103B9A46094B7E
:1073B0006C7899461023009300239B46103398461F
:1073C00002356BE7D1A10310999999999999991967
:1073D000FFFFFF1FFFFFFF0F10B5FFF71BFF10BDE3
:1073E00070B582B0069C0500002C0BD0E4260F4837
:1073F0008659002A0DD028000094B047431C10D0B5
:1074000002B070BD0400E4260848F4348659002A0E
:10741000F1D1012300212800054A0094B047431C04
:10742000EED1002323608A332B60E9E75037002038
:10743000C8C0021010B5002100F002F810BDC0460F
:1074400010B500F0B9F8040000F0EAF81A38C0B23C
:10745000022805D900200423093CA342404110BD65
:107460000120FCE7030A30B5DBB20500C4B20229F3
:1074700022D0032903D0803B803CDBB2E4B21A0067
:107480005032D2B21F2A0AD91A003032D2B2242A7C
:1074900035D83C4A95422FD90120404230BD3A4A66
:1074A0009542F9D83949B03BD801C01A4000A13CF7
:1074B00000194000405AF1E79E2C0ED92334802257
:1074C000E4B29F2B0ED8703B5B00D318DBB21A00DE
:1074D0005032D2B21F2AD7D8E1E77E3C7F22E4B2F5
:1074E0009F2BF0D950335B00D318DBB21A00503217
:1074F000D2B21F2AC8D8D2E72549D03BD4E75F33A0
:10750000DAB2072AC8D8234B92009B589F46F12C29
:10751000C2D8214AA13C6000805A0028BED101385F
:10752000BCE7D82CB8D81D4AA13C6000805A00287E
:10753000B4D10138B2E7F62CAED8C0239B01E018D5
:10754000ACE7F32CA8D8164BE018A7E7154BE35C83
:10755000002BA1D0144BE018A0E7144AA13C600016
:10756000805A00289AD1013898E7114AA13C60005E
:10757000805A93E7C02C00D98EE70E4AA13C6000E8
:10758000805A8BE7A6F40000D3CF00005CC3031041
:10759000E0A80310C0A80310C8DA03106CDB0310C6
:1075A000A02F00003BDB031060FE000038DC03105E
:1075B000F4DC031088DA031070B50500002918D038
:1075C0002B31FF310C0020001149FCF7C5FA0028CF
:1075D00004D101212800FFF745FF70BD20000D49AF
:1075E000FCF7BAFA002806D102212800FFF73AFF7B
:1075F000F3E7094CE7E720000849FCF7ADFA030080
:107600002800002BE9D10321FFF72CFFE5E7C04656
:10761000E8E80210ECE802107A380020F4E80210E2
:10762000114BF0B598421BD80025104E104F02E0C8
:10763000551CAE4214DBAB19DA0FD21852105300AE
:107640009B185B00FB1859885C78090221439C88D1
:107650006418A042ECD8884204D2561EAE42EADA40
:10766000FF20F0BD1878FCE7EF010E00F9080000DC
:10767000B0DD0310F8B5C04601B40248844601BC31
:10768000604700BF3D04002001B40248844601BCAD
:10769000604700BF0103002001B40248844601BCDA
:1076A000604700BF5910002001B40248844601BC65
:1076B000604700BF2502002001B40248844601BC97
:1076C000604700BF0111002001B40248844601BC9C
:1076D000604700BF0111002001B40248844601BC8C
:1076E000604700BFC100002001B40248844601BCCD
:1076F000604700BF9901002001B40248844601BCE4
:10770000604700BF0D10002001B40248844601BC50
:10771000604700BF5D0F002001B40248844601BCF1
:10772000604700BF410C002001B40248844601BC00
:10773000604700BF0101002001B40248844601BC3B
:10774000604700BFD10C002001B40248844601BC50
:10775000604700BF190C002001B40248844601BCF8
:10776000604700BF810C0020E55F0110116001102F
:10777000F5610110BD72011031690110AD71011088
:107780001D6101102D6001104D600110616001103C
:107790006D4A011069600110394E0110B95F011086
:1077A0007946011029970110B1020010CDC40110D3
:1077B0005B4D61696E5D205374617274696E672000
:1077C0004672656552544F53207363686564756CE7
:1077D00065722028435055204020323030204D48DB
:1077E0007A292E2E2E0D0A0D0A000000537973748B
:1077F000656D20636C6F636B206F66202575206B51
:10780000487A2063616E6E6F7420626520657861CE
:1078100063746C7920616368696576656400000053
:10782000433A2F4465762F5F4769744875622F4845
:10783000575F31302D496E2D5261636B5F50445557
:107840002F7372632F536F6674776172652F454E85
:1078500045524749535F52544F532F7372632F64FD
:107860007269766572732F6932635F6275732E6316
:107870000000000049324342757300005B4D4350E5
:107880005D0000005B4552524F525D20307825303C
:10789000345820257320496E76616C6964207265C6
:1078A00067697374657220706172616D733A2069E3
:1078B00032633D257020616464723D30782530323A
:1078C000580D0A005B4552524F525D2030782530EA
:1078D0003458202573204465766963652072656796
:1078E00069737472792066756C6C0D0A0000000073
:1078F0005B4552524F525D20307825303458202558
:1079000073204D75746578206372656174652066B7
:1079100061696C656420666F7220616464723D30D9
:1079200078253032580D0A005B5741524E494E4778
:107930005D20307825303458202573205265636FE0
:10794000766572206661696C65643A206164647270
:107950003D3078253032580D0A0000005B43415419
:1079600032344452565D00005B494E464F5D20253F
:10797000732044726976657220696E697469616CFE
:10798000697A65640D0A00005B494E464F5D205BD5
:107990004554485D20486172647761726520696E64
:1079A000697469616C697A65642028535049204084
:1079B00020256C75204D487A290D0A005B494E46FA
:1079C0004F5D205B4554485D20504859206C696EDE
:1079D0006B2065737461626C69736865640D0A007D
:1079E0005B494E464F5D205B4554485D20436869C6
:1079F0007020696E697469616C697A65640D0A004A
:107A000025730000307825303478203A20000000BB
:107A1000253032582000000020200000256300009F
:107A20005B534E4D504452565D0000005B494E463C
:107A30004F5D202573207265616479206F6E20553B
:107A4000445020736F636B65742025752C20706F14
:107A500072742025750D0A000A5B534E4D5020525A
:107A6000585D0D0A000000000A5B534E4D50205433
:107A7000585D0D0A000000007A65726F000000007A
:107A8000766F6C746167650063757272656E7428D9
:107A9000616C6C2900000000756E6B6E6F776E0074
:107AA00063757272656E742873696E676C65290000
:107AB0005B484C57383033325D0000005B494E461E
:107AC0004F5D2025732043482575206173796E63CF
:107AD000207A65726F2063616C6962726174696F8C
:107AE0006E3A20566F66663D252E33665620496FE6
:107AF00066663D252E3366410D0A00005B494E4601
:107B00004F5D2025732043482575206173796E638E
:107B100020766F6C746167652063616C6962726165
:107B200074696F6E3A2056463D252E3366202872C2
:107B300065663D252E326656290D0A005B494E4684
:107B40004F5D2025732043482575206173796E634E
:107B50002063757272656E742063616C6962726114
:107B600074696F6E3A2043463D252E366620287292
:107B700065663D252E3366412C20496F66663D259E
:107B80002E336641290D0A005B494E464F5D202584
:107B9000732043482575206173796E632063616C9F
:107BA0006962726174696F6E20636F6D706C657469
:107BB000650D0A005B494E464F5D202573204173D9
:107BC000796E632063616C69623A206D6F76696ECD
:107BD0006720746F20434825750D0A005B494E46A7
:107BE0004F5D202573204173796E632025732063D8
:107BF000616C6962726174696F6E20636F6D706C25
:107C00006574653A202575206F6B2C2025752066DC
:107C100061696C65640D0A005B494E464F5D202525
:107C200073204C6F6164696E672063616C69627276
:107C30006174696F6E2066726F6D20454550524FBA
:107C40004D2E2E2E0D0A00005B494E464F5D20251D
:107C5000732043616C6962726174696F6E206C6F2E
:107C6000616420636F6D706C6574650D0A000000BF
:107C70005B494E464F5D20257320496E69746961EA
:107C80006C697A696E6720484C573830333220640B
:107C900072697665722E2E2E0D0A00005B494E46E3
:107CA0004F5D20257320496E697469616C697A6142
:107CB00074696F6E20636F6D706C6574650D0A007A
:107CC0005B5741524E494E475D20257320417379E1
:107CD0006E632063616C6962726174696F6E2061AA
:107CE0006C726561647920696E2070726F6772656D
:107CF00073730D0A000000005B494E464F5D20255E
:107D000073204173796E63207A65726F2063616CB2
:107D10006962726174696F6E2073746172746564F4
:107D200020666F7220616C6C206368616E6E656C9A
:107D300073202830562F3041290D0A005B494E46EA
:107D40004F5D20257320456E7375726520616C6CE4
:107D50002072656C617973204F464620616E642005
:107D60006E6F206C6F61640D0A0000005B494E4627
:107D70004F5D202573204173796E63207A65726FA1
:107D80002063616C6962726174696F6E20737461E3
:107D90007274656420666F72204348257520283010
:107DA000562F3041290D0A005B494E464F5D202574
:107DB0007320456E73757265206368616E6E656CC5
:107DC000202575206973204F464620616E6420751A
:107DD0006E6C6F616465640D0A0000005B494E467D
:107DE0004F5D202573204173796E6320766F6C742C
:107DF0006167652063616C6962726174696F6E208E
:107E00007374617274656420666F7220616C6C209B
:107E10006368616E6E656C732028252E3166562C62
:107E2000203041290D0A00005B494E464F5D202558
:107E30007320456E7375726520616C6C2063686198
:107E40006E6E656C73207365652073616D6520735C
:107E50007461626C65206D61696E7320766F6C74FD
:107E60006167650D0A0000005B494E464F5D2025A5
:107E700073204173796E6320766F6C74616765203F
:107E800063616C6962726174696F6E207374617290
:107E900074656420666F7220434825752028252E5E
:107EA0003166562C203041290D0A00005B494E46B0
:107EB0004F5D20257320456E737572652063686180
:107EC0006E6E656C20257520736565732073746113
:107ED000626C65206D61696E7320766F6C7461678A
:107EE000650D0A005B494E464F5D202573204173A6
:107EF000796E632063757272656E742063616C695C
:107F000062726174696F6E2073746172746564204B
:107F1000666F72206368616E6E656C20257520281F
:107F2000497265663D252E336641290D0A00000021
:107F30005B494E464F5D20257320456E7375726513
:107F4000206368616E6E656C202575206861732002
:107F5000746865206D65617375726564206C6F610E
:107F6000642063757272656E740D0A005B494E463B
:107F70004F5D202573204173796E632063757272A3
:107F8000656E742063616C6962726174696F6E20E2
:107F90007374617274656420666F7220414C4C206A
:107FA0006368616E6E656C732028497265663D2555
:107FB0002E336641290D0A005B494E464F5D202550
:107FC0007320456E73757265206561636820636810
:107FD000616E6E656C2068617320746865206D65E4
:107FE0006173757265642063757272656E74207753
:107FF00068656E2070726F6D707465640D0A0000A4
:10800000594553004E4F00002573204348257520E5
:1080100043616C6962726174696F6E3A0D0A0000A7
:10802000202056463D252E33662043463D252E36DC
:10803000660D0A002020566F66663D252E336620A9
:10804000496F66663D252E33660D0A0020205231A9
:108050003D252E30662052323D252E30662052734B
:1080600068756E743D252E36660D0A00202043612A
:108070006C696272617465643D2573205A65726F24
:1080800043616C3D25730D0A0000000025733D001F
:10809000095B44454255475D205B494E464F5D2094
:1080A0003D3D3D3D3D3D3D3D3D3D3D3D3D3D3D3D00
:1080B0003D3D3D3D3D3D3D3D3D3D3D3D3D3D3D3DF0
:1080C0003D3D3D3D3D3D3D3D0D0A0000095B4445C4
:1080D0004255475D205B494E464F5D205B496E69C6
:1080E000745461736B5D204561726C7920736E61AD
:1080F0007073686F743A203C6E6F6E653E0D0A00B7
:10810000095B44454255475D205B494E464F5D2023
:108110005B496E69745461736B5D204561726C7963
:1081200020736E617073686F742064756D703A0DA2
:108130000A000000095B44454255475D205B494EFB
:10814000464F5D202020626F6F74733D256C752053
:108150007261773D30782530386C580D0A00000088
:10816000095B44454255475D205B494E464F5D20C3
:10817000202077645F736372617463685B302E2EB6
:10818000375D3A0D0A000000095B44454255475DE2
:10819000205B494E464F5D2020202020303D307826
:1081A0002530386C5820313D30782530386C5820D7
:1081B000323D30782530386C5820333D30782530CA
:1081C000386C580D0A000000095B44454255475D74
:1081D000205B494E464F5D2020202020343D3078E2
:1081E0002530386C5820353D30782530386C582093
:1081F000363D30782530386C5820373D3078253082
:10820000386C580D0A00000052544F5320686F6FAD
:108210006B0000005B506F7765724D67725D000008
:108220005B494E464F5D20257320506F7765722065
:108230006D616E6167657220696E697469616C69F0
:108240007A6564202873746174653D52554E290D1A
:108250000A0000005B494E464F5D20257320456EA5
:10826000746572696E67205354414E444259206DC3
:108270006F64650D0A0000005B494E464F5D202586
:1082800073205354414E444259206D6F6465206100
:1082900063746976650D0A005B494E464F5D202583
:1082A000732045786974696E67205354414E444287
:1082B00059206D6F64650D0A000000005B494E4651
:1082C0004F5D2025732052554E206D6F64652061EF
:1082D00063746976652C206E6574776F726B207796
:1082E000696C6C207265696E697469616C697A6524
:1082F0000D0A00005769656E00000000647669642D
:108300006D616B65737468696E677340676D6169F1
:108310006C2E636F6D000000454E45524749532057
:108320004D414E41474544205044550025752E256A
:10833000752E25752E257500253032583A25303298
:10834000583A253032583A253032583A253032588A
:108350003A253032580000005B5741524E494E4793
:108360005D20307825303458205B534E4D505D20D1
:10837000416C6C4F6E206661696C65640D0A00008B
:108380005B5741524E494E475D2030782530345876
:10839000205B534E4D505D20416C6C4F66662066ED
:1083A00061696C65640D0A00252E326600000000CC
:1083B000252E336600000000252E316600000000E7
:1083C000256C7500252E356600000000556E6B6E1D
:1083D0006F776E00312E313000000000312E3830C2
:1083E00000000000332E3330000000004F4B00002F
:1083F0004F7665726C6F61640000000048692D5A09
:108400000000000045550000554E4B4E4F574E00A2
:108410005B4F435F50524F545D0000005B494E4636
:108420004F5D20257320496E697469616C697A65B6
:1084300064202825733A20252E316641206C696D11
:1084400069742C207761726E3D252E3266412C2096
:10845000637269743D252E3266412C207265637605
:108460003D252E326641290D0A0000005B494E462B
:108470004F5D202573205245434F564552593A20AF
:1084800043757272656E7420252E326641203C2041
:10849000252E3266412C20737769746368696E6794
:1084A00020554E4C4F434B45440D0A005B494E4608
:1084B0004F5D20257320545249503A205475726EF6
:1084C000696E67204F4646206368616E6E656C205A
:1084D00025752064756520746F206F7665726375ED
:1084E0007272656E740D0A005B494E464F5D202521
:1084F0007320545249503A205475726E696E672049
:108500004F464620414C4C206368616E6E656C732B
:1085100020286E6F206C6173742D6F6E20747261F1
:10852000636B696E67290D0A000000005B494E46C7
:108530004F5D202573204D414E55414C20524553EF
:1085400045543A204C6F636B6F757420636C6561A2
:10855000726564206279206F70657261746F720D4C
:108560000A0000005B494E49545D00005B494E46DD
:108570004F5D202573203D3D3D3D3D20506861739A
:108580006520313A20486172647761726520496ED6
:108590006974203D3D3D3D3D0D0A0D0A000000007F
:1085A0005B494E464F5D202573204750494F20635D
:1085B0006F6E666967757265640D0A005B494E46A9
:1085C0004F5D202573204932432062757365732007
:1085D000696E697469616C697A65640D0A000000EE
:1085E0005B494E464F5D2025732053504920696EEC
:1085F000697469616C697A656420666F72205735A9
:108600003530300D0A0000005B494E464F5D202595
:10861000732041444320696E697469616C697A65AD
:10862000640D0A005B494E464F5D202573203D3D99
:108630003D3D3D20506861736520323A205065729F
:108640006970686572616C2050726F62696E672034
:108650003D3D3D3D3D0D0A0052656C6179204D4325
:1086600050323330313700005B494E464F5D202594
:108670007320257320646574656374656420617478
:10868000203078253032580D0A0000005B494E46F4
:108690004F5D202573202573204E4F542064657450
:1086A0006563746564206174203078253032580D1C
:1086B0000A000000446973706C6179204D435032A8
:1086C000333031370000000053656C656374696FA7
:1086D0006E204D4350323330313700005B494E46F7
:1086E0004F5D20257320416C6C204D435032333058
:1086F0003137732064657465637465640D0A000026
:10870000454550524F4D2043415432344332353663
:10871000000000005B494E464F5D202573203D3D23
:108720003D3D3D20506861736520333A20537562AA
:1087300073797374656D204272696E672D75702050
:108740002864657465726D696E6973746963292044
:108750003D3D3D3D3D0D0A005B494E464F5D2025A8
:1087600073204C6F676765725461736B207265612B
:1087700064790D0A000000005B494E464F5D2025DC
:108780007320436F6E736F6C655461736B207265F9
:108790006164790D0A0000005B494E464F5D20255B
:1087A000732053746F726167655461736B207265D7
:1087B0006164790D0A0000005B494E464F5D20253B
:1087C00073205377697463685461736B20726561B9
:1087D00064790D0A000000005B494E464F5D20257C
:1087E0007320427574746F6E5461736B207265618F
:1087F00064790D0A000000005B494E464F5D20255C
:1088000073204E65745461736B2072656164790DD9
:108810000A0000005B494E464F5D202573204D65E0
:108820007465725461736B2072656164790D0A001E
:108830005B494E464F5D202573203D3D3D3D3D202B
:10884000506861736520343A20436F6E66696775BE
:10885000726174696F6E204C6F6164203D3D3D3DD7
:108860003D0D0A005B494E464F5D20257320537431
:108870006F7261676520636F6E66696720726561FC
:1088800064790D0A000000005B494E464F5D2025CB
:1088900073205361766564204E6574776F726B2028
:1088A000636F6E6669673A200D0A00005B494E46A9
:1088B0004F5D20202020202020202020202020204C
:1088C00020202020495020203A2025752E25752E65
:1088D00025752E25750D0A005B494E464F5D2020FB
:1088E0002020202020202020202020202020202088
:1088F000534D20203A2025752E25752E25752E25C1
:10890000750D0A005B494E464F5D20202020202037
:1089100020202020202020202020202047572020F9
:108920003A2025752E25752E25752E25750D0A00E4
:108930005B494E464F5D2020202020202020202013
:108940002020202020202020444E53203A2025752E
:108950002E25752E25752E25750D0A005B494E4670
:108960004F5D202573203D3D3D3D3D204170706CA5
:1089700079696E67205374617274757020436F6EED
:1089800066696775726174696F6E203D3D3D3D3D5E
:108990000D0A00005B494E464F5D20257320436859
:1089A00065636B696E6720666F72207374617274A1
:1089B000757020636F6E66696775726174696F6E3A
:1089C0002E2E2E0D0A0000005B494E464F5D2025DD
:1089D00073204E6F207374617274757020707265AD
:1089E00073657420636F6E66696775726564202DA8
:1089F0002072656C6179732073746179204F4646EB
:108A00000D0A00005B5741524E494E475D202573C9
:108A1000204661696C656420746F20726561642012
:108A2000737461727475702070726573657420253B
:108A3000750D0A005B5741524E494E475D20257324
:108A40002053746172747570207072657365742040
:108A5000257520697320656D7074790D0A0000001A
:108A60005B494E464F5D202573204170706C7969DB
:108A70006E672073746172747570207072657365AF
:108A8000742025753A202725732720286D61736B84
:108A90003D307825303258290D0A00005B5741528D
:108AA0004E494E475D202573204661696C65642000
:108AB000746F206170706C7920737461727475705A
:108AC000207072657365740D0A0000005B494E46A4
:108AD0004F5D2020202020434825753A204F4E0D21
:108AE0000A0000005B494E464F5D2025732041700F
:108AF000706C696564207374617274757020636F43
:108B00006E66696775726174696F6E2028257520BD
:108B10006368616E6E656C73204F4E290D0A00000C
:108B20005B494E464F5D202573203D3D3D3D3D2038
:108B300046696E616C697A6174696F6E3A20656E20
:108B4000746572696E67203D3D3D3D3D0D0A000034
:108B50004C6F6767657200004C6F676765725461A0
:108B6000736B0000436F6E736F6C6500436F6E73C1
:108B70006F6C655461736B0053746F72616765004D
:108B800053746F726167655461736B0042757474DE
:108B90006F6E5461736B000053776974636854613E
:108BA000736B00004E6574004E65745461736B0006
:108BB0004D657465725461736B0000005B494E46ED
:108BC0004F5D2025732057616974696E6720666F59
:108BD00072204D6574657220746F20626520726525
:108BE000616479206265666F726520737461727466
:108BF000696E67204865616C74682E2E2E0D0A0020
:108C00005B494E464F5D202573203D3D3D3D3D3D3A
:108C10003D3D3D3D3D3D3D3D3D3D3D3D3D3D3D3D84
:108C20003D3D3D3D3D3D3D3D3D3D3D3D3D0D0A0014
:108C30005B494E464F5D202573200943726173687E
:108C4000206C6F67733A0D0A000000005B494E46C6
:108C50004F5D202573203D3D3D3D3D3D3D3D3D3D2E
:108C60003D3D3D3D3D3D3D3D3D3D3D3D3D3D3D3D34
:108C70003D3D3D3D3D3D3D3D3D0D0A0D0A000000A1
:108C80005B494E464F5D203D3D3D3D3D3D3D3D3DBB
:108C90003D3D3D3D3D3D3D3D3D3D3D3D3D3D3D3D04
:108CA0003D3D3D3D3D3D3D3D3D3D3D3D3D3D3D0D24
:108CB0000A0000005B494E464F5D20202020202006
:108CC00020202020454E4552474953204D414E41DA
:108CD000474544205044552020202020202020209B
:108CE0002020200D0A000000312E312E300000001F
:108CF0005B494E464F5D204669726D776172653AF9
:108D00002025730D0A0000005B494E464F5D20533D
:108D1000657269616C3A2025730D0A005B494E4605
:108D20004F5D203D3D3D3D3D3D3D3D3D3D3D3D3D5E
:108D30003D3D3D3D3D3D3D3D3D3D3D3D3D3D3D3D63
:108D40003D3D3D3D3D3D3D3D3D3D3D0D0A0D0A0056
:108D50005B494E464F5D20202020202020202020EF
:108D600020202020202053595354454D2052454166
:108D70004459202020202020202020202020200DA9
:108D80000A000000496E69745461736B00000000B2
:108D90005B4C4F474745525D00000000095B45436F
:108DA000484F5D202573205461736B20737461728A
:108DB0007465640D0A0000004F464600414C4C4F5C
:108DC00057454400424C4F434B454400456E616259
:108DD0006C65640044697361626C65640000000046
:108DE0005B434F4E534F4C455D000000095B4543CC
:108DF000484F5D200A000000095B4543484F5D2055
:108E00003D3D3D20454E455247495320436F6E73CB
:108E10006F6C65205265616479203D3D3D0A00001C
:108E2000095B4543484F5D20547970652048454CA7
:108E30005020666F7220617661696C61626C65209A
:108E4000636F6D6D616E64730A00000048454C509D
:108E500000000000095B4543484F5D203D3D3D203B
:108E6000454E45524749532050445520436F6E7339
:108E70006F6C6520436F6D6D616E6473203D3D3D89
:108E80000A000000095B4543484F5D2047454E45B9
:108E900052414C20434F4D4D414E44530A00000077
:108EA00053686F7720617661696C61626C652063DD
:108EB0006F6D6D616E647320616E642073796E7482
:108EC00061780000095B4543484F5D20252D333212
:108ED000732025730A00000053686F77207379733D
:108EE00074656D20696E666F726D6174696F6E0076
:108EF000535953494E464F0053686F77204D4355A1
:108F00002074656D70657261747572650000000093
:108F10004745545F54454D50000000005265626F54
:108F20006F74207468652050445520286E657477EE
:108F30006F726B206368616E6765732074616B6527
:108F4000206566666563742061667465722072656B
:108F5000626F6F742900000050757420746865207A
:108F60004D435520696E746F20626F6F74206D6F72
:108F700064650000424F4F5453454C00436C65619B
:108F80007220616C6C206572726F72730000000059
:108F9000434C525F45525200526573746F726520A4
:108FA000666163746F72792073657474696E677338
:108FB0000000000052465300095B4543484F5D20C6
:108FC0004F555450555420434F4E54524F4C20410E
:108FD0004E44204D4541535552454D454E540A008F
:108FE000536574206368616E6E656C2028312D387E
:108FF0002920746F20307C317C4F4E7C4F46467C5C
:10900000414C4C005345545F4348203C63683E202C
:109010003C53544154453E0052656164206375726F
:1090200072656E74207374617465206F6620636866
:10903000616E6E656C2028312D387C414C4C2900C6
:109040004745545F4348203C63683E0053686F7750
:10905000206F76657263757272656E742070726FC0
:1090600074656374696F6E20737461747573000046
:109070004F435F5354415455530000004D616E758A
:10908000616C6C7920636C656172206F76657263C8
:10909000757272656E74206C6F636B6F757400000F
:1090A0004F435F52455345540000000052656164D0
:1090B00020706F776572206461746120666F722022
:1090C000616C6C206368616E6E656C7300000000FB
:1090D000524541445F484C5738303332000000005D
:1090E0005265616420706F776572206461746120DD
:1090F000666F72206368616E6E656C2028312D3852
:1091000029000000524541445F484C573830333203
:10911000203C63683E0000005374617274206361F8
:109120006C6962726174696F6E206F6E2063686132
:109130006E6E656C2028312D38292077697468207F
:10914000676976656E20562F4900000043414C49FF
:109150004252415445203C63683E203C563E203CF0
:10916000493E00005A65726F2D63616C69627261DD
:109170007465206F6E65206368616E6E656C206F2C
:109180007220414C4C0000004155544F5F43414C0C
:109190005F5A45524F205B63687C414C4C5D000038
:1091A000566F6C746167652D63616C69627261747E
:1091B00065206F6E65206368616E6E656C206F72EE
:1091C00020414C4C2028304120617373756D6564DB
:1091D000290000004155544F5F43414C5F56203CED
:1091E000766F6C746167653E205B63687C414C4CB4
:1091F0005D00000043757272656E742D63616C6969
:1092000062726174652061206368616E6E656C2CAA
:10921000206F7220414C4C2073657175656E7469C6
:10922000616C6C79000000004155544F5F43414C24
:109230005F49203C63757272656E743E203C6368C2
:109240007C414C4C3E00000053686F772063616C9A
:109250006962726174696F6E206461746120283183
:109260002D387C414C4C290053484F575F43414CAB
:109270004942203C63683E00095B4543484F5D20FE
:109280004E4554574F524B2053455454494E475323
:109290000A000000446973706C6179206375727212
:1092A000656E742049502C207375626E6574206D54
:1092B00061736B2C206761746577617920616E64DE
:1092C00020444E53000000004E4554494E464F0086
:1092D000536574207374617469632049502061641C
:1092E0006472657373202872657175697265732085
:1092F0007265626F6F7429005345545F4950203C7A
:1093000069703E00536574207375626E6574206DDC
:1093100061736B005345545F534E203C6D61736B1A
:109320003E0000005365742064656661756C7420AE
:1093300067617465776179005345545F4757203CF6
:1093400067773E0053657420444E532073657276F0
:10935000657200005345545F444E53203C646E7365
:109360003E000000436F6E66696775726520616C30
:109370006C206E6574776F726B2073657474696EA0
:1093800067730000434F4E4649475F4E4554574F61
:10939000524B203C697024736E24677724646E738B
:1093A0003E000000095B4543484F5D20444542555F
:1093B0004720434F4D4D414E44530A00526561646E
:1093C0002031325620737570706C79207261696C2F
:1093D000000000004745545F535550504C59000061
:1093E000526561642055534220737570706C79200A
:1093F0007261696C000000004745545F555342009C
:1094000043616C696272617465204D4355207465D7
:109410006D70657261747572652073656E736F72BD
:109420000000000043414C49425F54454D50203CF0
:1094300031507C32503E203C54313E203C54323E30
:10944000205B574149545D00456E71756575652017
:10945000666F726D617474656420454550524F4D5E
:109460002064756D7000000044554D505F454550B7
:10947000524F4D0044756D70206572726F72206599
:1094800076656E74206C6F6720726567696F6E0019
:10949000524541445F4552524F52000044756D7031
:1094A000207761726E696E67206576656E74206CD8
:1094B0006F6720726567696F6E0000005245414416
:1094C0005F5741524E494E4700000000436C6561B2
:1094D00072206572726F72206576656E74206C6F93
:1094E0006720726567696F6E00000000434C45415C
:1094F000525F4552524F5200436C65617220776152
:10950000726E696E67206576656E74206C6F672079
:10951000726567696F6E0000434C4541525F574169
:10952000524E494E47000000457261736520454523
:1095300050524F4D2028666163746F7279207769AD
:1095400070653B207265626F6F742072657175691A
:109550007265642900000000424141444341464590
:1095600000000000095B4543484F5D2050524F56B4
:109570004953494F4E494E4720434F4D4D414E446C
:10958000530A000053686F772070726F76697369B1
:109590006F6E696E6720636F6D6D616E647300003E
:1095A00050524F5600000000556E6C6F636B207078
:1095B000726F766973696F6E696E672028746F6B5E
:1095C000656E3D68657820737472696E6729000066
:1095D00050524F5620554E4C4F434B203C746F6BAE
:1095E000656E3E004C6F636B2070726F76697369B5
:1095F0006F6E696E6700000050524F56204C4F430B
:109600004B000000536574206465766963652073C0
:10961000657269616C206E756D6265720000000094
:1096200050524F56205345545F534E203C73657241
:1096300069616C3E000000005365742064657669C2
:10964000636520726567696F6E20283130412F3164
:109650003541290050524F56205345545F524547DB
:10966000494F4E203C45557C55533E0053686F771B
:109670002070726F766973696F6E696E672073749C
:10968000617475730000000050524F5620535441CE
:1096900054555300095B4543484F5D203D3D3D3DDA
:1096A0003D3D3D3D3D3D3D3D3D3D3D3D3D3D3D3DEA
:1096B0003D3D3D3D3D3D3D3D3D3D3D3D3D3D3D3DDA
:1096C0003D3D3D3D3D3D3D3D3D3D3D3D3D3D3D3DCA
:1096D0003D3D3D3D3D3D3D0A00000000095B4543E9
:1096E000484F5D203D3D3D2053797374656D2049A1
:1096F0006E666F726D6174696F6E203D3D3D0A004C
:10970000095B4543484F5D203D3D3D2044657669FA
:109710006365204964656E74697479203D3D3D0A36
:1097200000000000095B4543484F5D2044657669B1
:1097300063652053657269616C3A203C6E6F7420DA
:1097400070726F766973696F6E65643E0A0000001F
:10975000095B4543484F5D20526567696F6E3A204B
:1097600020202020202020554E4B4E4F574E0A00DF
:10977000095B4543484F5D2050726F766973696F8E
:109780006E65643A2020204E6F0A0A00095B45434B
:10979000484F5D2044657669636520536572696151
:1097A0006C3A2025730A0000095B4543484F5D2051
:1097B000526567696F6E3A202020202020202025E6
:1097C000730A0000095B4543484F5D2050726F7675
:1097D0006973696F6E65643A2020205965730A00C9
:1097E000095B4543484F5D2043757272656E742076
:1097F0004C696D69743A20252E316620410A0A00B1
:10980000095B4543484F5D203D3D3D204669726DF3
:109810007761726520496E666F203D3D3D0A00000C
:10982000095B4543484F5D204669726D77617265FB
:109830002056657273696F6E3A2025730A00000026
:10984000095B4543484F5D204861726477617265EA
:109850002056657273696F6E3A2025730A0A0000FC
:10986000095B4543484F5D203D3D3D20436C6F63A0
:109870006B73203D3D3D0A00095B4543484F5D2029
:10988000435055203A20252E3266204D487A0A0052
:10989000095B4543484F5D20555342203A20252E11
:1098A0003266204D487A0A00095B4543484F5D20E7
:1098B000504552493A20252E3266204D487A0A00FA
:1098C000095B4543484F5D20414443203A20252E03
:1098D0003266204D487A0A0A00000000095B4543C1
:1098E000484F5D2049324330205370656564203A0B
:1098F00020252E3266204D487A0A0000095B454338
:10990000484F5D2049324331205370656564203AE9
:1099100020252E3266204D487A0A0000095B454317
:10992000484F5D2053504930205370656564203A9C
:1099300020252E3266204D487A0A0A00095B4543ED
:10994000484F5D20436F726520566F6C7461676588
:109950003A20252E3266205620287673656C3D25E8
:109960006C75290A0A000000095B4543484F5D20D9
:109970003D3D3D2054656C656D65747279203D3DBB
:109980003D0A0000095B4543484F5D205553422086
:10999000566F6C74616765203A20252E326620561A
:1099A0000A000000095B4543484F5D2031325620D4
:1099B000537570706C7920203A20252E326620561F
:1099C0000A000000095B4543484F5D20446965205B
:1099D00054656D70202020203A20252E32662043C9
:1099E0000A000000095B4543484F5D2054656C65E3
:1099F0006D65747279206E6F742072656164790A86
:109A000000000000095B4543484F5D203D3D3D3D62
:109A10003D3D3D3D3D3D3D3D3D3D3D3D3D3D3D3D76
:109A20003D3D3D3D0A0A0000095B4543484F5D202E
:109A30004469652054656D70657261747572653A2C
:109A400020252E326620C2B0432028414443207294
:109A500061773D2575290A00095B4543484F5D2024
:109A60004469652054656D70657261747572653AFC
:109A7000204E2F41202874656C656D6574727920C5
:109A80006E6F74207265616479290A00095B454331
:109A9000484F5D205265626F6F74696E67207379FD
:109AA0007374656D2E2E2E0A00000000434C492071
:109AB0005245424F4F540000095B4543484F5D20DB
:109AC000456E746572696E6720424F4F5453454C22
:109AD000206D6F6465206E6F772E2E2E0A000000B9
:109AE000095B4543484F5D204572726F72204C45BB
:109AF0004420636C65617265640A0000095B45433C
:109B0000484F5D20526573746F72696E672066619D
:109B100063746F72792064656661756C74732E2E40
:109B20002E0A0000095B4543484F5D20466163747F
:109B30006F72792064656661756C747320777269E1
:109B40007474656E2E205265626F6F74696E672E35
:109B50002E2E0A005B4552524F525D204661696CC1
:109B6000656420746F207772697465206661637420
:109B70006F72792064656661756C74730A00000009
:109B80005345545F43480000253135732025313556
:109B900073000000095B4543484F5D204552524F1A
:109BA000523A204F76657263757272656E74206CDE
:109BB0006F636B6F757420616374697665202D2007
:109BC00063616E6E6F74207475726E206368616E6F
:109BD0006E656C73204F4E0A00000000095B454320
:109BE000484F5D20557365204F435F535441545592
:109BF0005320666F722064657461696C732C204F0A
:109C0000435F524553455420746F20636C65617205
:109C100020286166746572207265647563696E6779
:109C2000206C6F6164290A00095B4543484F5D2041
:109C3000416C6C206368616E6E656C732073657433
:109C400020746F2025730A00095B4543484F5D204F
:109C50004552524F523A204F766572637572726563
:109C60006E74206C6F636B6F7574206163746976BA
:109C700065202D2063616E6E6F74207475726E2086
:109C80006368616E6E656C202564204F4E0A00008B
:109C9000095B4543484F5D2043482564203D20250E
:109CA000730A00004745545F43480000095B454381
:109CB000484F5D20434825643A2025730D0A000073
:109CC00025640000095B4543484F5D204552524FD3
:109CD000523A204661696C656420746F2067657430
:109CE000206F76657263757272656E74207374612D
:109CF0007475730A00000000095B4543484F5D20FE
:109D00003D3D3D204F76657263757272656E7420BD
:109D100050726F74656374696F6E205374617475EB
:109D200073203D3D3D0A0000095B4543484F5D20DF
:109D3000526567696F6E3A20202020202020202065
:109D40002020455520284945432F454E4543290AA3
:109D500000000000095B4543484F5D20526567697C
:109D60006F6E3A20202020202020202020205553D4
:109D70002028554C2F435341290A0000095B4543D5
:109D8000484F5D20526567696F6E3A202020202081
:109D9000202020202020554E4B4E4F574E0A0000C9
:109DA000095B4543484F5D2043757272656E7420B0
:109DB0004C696D69743A20202020252E316620419F
:109DC0000A000000095B4543484F5D205761726EF1
:109DD000696E67205468726573683A202020252ECA
:109DE0003266204120284C696D6974202D20252E73
:109DF0003266290A00000000095B4543484F5D2098
:109E0000437269746963616C205468726573683A5F
:109E10002020252E3266204120284C696D6974204F
:109E20002D20252E3266290A00000000095B4543DB
:109E3000484F5D205265636F766572792054687271
:109E40006573683A2020252E3266204120284C690F
:109E50006D6974202D20252E3266290A000000002D
:109E6000095B4543484F5D20546F74616C20437516
:109E70007272656E743A20202020252E32662041B1
:109E80000A000000095B4543484F5D2050726F7423
:109E9000656374696F6E2053746174653A2025732D
:109EA0000A000000095B4543484F5D205377697401
:109EB0006368696E673A20202020202020202573C7
:109EC0000A000000095B4543484F5D2054726970E9
:109ED00020436F756E743A20202020202020256CAE
:109EE000750A0000095B4543484F5D204C6173745F
:109EF000207365742043483A2020202020202575B7
:109F00000A000000095B4543484F5D204C617374B3
:109F100020547269703A2020202020202020256CB7
:109F200075207365636F6E64732061676F0A00004C
:109F3000095B4543484F5D204F4B3A204F76657291
:109F400063757272656E74206C6F636B6F757420CD
:109F5000636C65617265640A00000000095B45433B
:109F6000484F5D205741524E494E473A2056657240
:109F7000696679206C6F6164206861732062656531
:109F80006E2072656475636564206265666F7265D4
:109F90002072652D656E61626C696E672063686111
:109FA0006E6E656C730A0000095B4543484F5D2087
:109FB000494E464F3A2053797374656D206973207A
:109FC0006E6F7420696E206C6F636B6F7574207395
:109FD000746174650A000000095B4543484F5D20C9
:109FE000434825753A20563D252E326620562C20B2
:109FF000493D252E336620412C20503D252E3266CA
:10A0000020570A0A00000000095B4543484F5D20C5
:10A01000434825753A204E6F2076616C6964207440
:10A02000656C656D65747279206461746120617618
:10A0300061696C61626C650A0A000000095B454356
:10A04000484F5D20434825753A20563D252E3266FF
:10A0500020562C20493D252E336620412C20503D92
:10A06000252E326620570A00095B4543484F5D2084
:10A07000434825753A204E6F2076616C69642074E0
:10A08000656C656D657472792064617461206176B8
:10A0900061696C61626C650A0000000043414C49D3
:10A0A0004252415445000000095B4543484F5D2042
:10A0B00043414C49425241544520697320646570C4
:10A0C000726563617465642E0D0A0000095B454387
:10A0D000484F5D20557365204155544F5F43414CB7
:10A0E0005F5A45524F202830562F30412920616E4B
:10A0F00064204155544F5F43414C5F56203C766F7E
:10A100006C746167653E20696E73746561642E0DC1
:10A110000A0000004155544F5F43414C5F5A45527D
:10A120004F000000095B4543484F5D203D3D3D3DEC
:10A130003D3D3D3D3D3D3D3D3D3D3D3D3D3D3D3D4F
:10A140003D3D3D3D3D3D3D3D3D3D3D3D3D3D3D3D3F
:10A150003D3D3D3D0A000000095B4543484F5D2001
:10A1600020204155544F205A45524F2D504F494EB3
:10A17000542043414C4942524154494F4E202841BA
:10A1800053594E43290A0000095B4543484F5D205F
:10A190004368616E6E656C2028636F6E736F6C65CB
:10A1A000293A2025640A0000095B4543484F5D2099
:10A1B0004368616E6E656C2028696E7465726E61AD
:10A1C0006C293A2025640A00095B4543484F5D200D
:10A1D000436F6E646974696F6E20202020202020F8
:10A1E00020203A203056202F2030410A0000000065
:10A1F000095B4543484F5D20456E73757265207459
:10A2000068652073656C6563746564206368616E5E
:10A210006E656C206973204F464620616E64207520
:10A220006E6C6F616465642E0A000000095B454333
:10A23000484F5D203D3D3D3D3D3D3D3D3D3D3D3D2E
:10A240003D3D3D3D3D3D3D3D3D3D3D3D3D3D3D3D3E
:10A250003D3D3D3D3D3D3D3D3D3D3D3D0A0A00000E
:10A26000095B4543484F5D2055736167653A20415E
:10A2700055544F5F43414C5F5A45524F205B6368D2
:10A280007C414C4C5D0D0A00095B4543484F5D2005
:10A290004578616D706C653A204155544F5F43417C
:10A2A0004C5F5A45524F20330D0A0000095B45436D
:10A2B000484F5D2043616C6962726174696E67200A
:10A2C000616C6C2038206368616E6E656C73202849
:10A2D00030562C203041290A00000000095B45431C
:10A2E000484F5D20456E7375726520616C6C20630C
:10A2F00068616E6E656C7320617265204F46462FF3
:10A30000646973636F6E6E65637465640A00000050
:10A31000095B4543484F5D2043616C69627261741B
:10A32000696F6E2077696C6C2072756E20696E2083
:10A330006261636B67726F756E643B20636865630F
:10A340006B0A2000095B4543484F5D206C6F672016
:10A35000666F72207065722D6368616E6E656C2029
:10A36000726573756C74732E0A000000095B4543B7
:10A37000484F5D204552524F523A20436F756C64EE
:10A38000206E6F74207374617274207A65726F2D01
:10A39000706F696E742063616C6962726174696F59
:10A3A0006E2028616C72656164792072756E6E69C9
:10A3B0006E673F292E0D0A00095B4543484F5D201B
:10A3C0004173796E63207A65726F2063616C696294
:10A3D000726174696F6E20737461727465642E0D9E
:10A3E0000A000000095B4543484F5D204552524F2B
:10A3F000523A20436F756C64206E6F7420737461E1
:10A4000072742073696E676C652D6368616E6E652A
:10A410006C207A65726F2063616C69627261746925
:10A420006F6E2E0D0A000000095B4543484F5D200A
:10A430004173796E63207A65726F2063616C696223
:10A44000726174696F6E20737461727465642066E2
:10A450006F7220434825642E0D0A00004155544F69
:10A460005F43414C5F56000020090000095B4543F3
:10A47000484F5D2020204155544F20564F4C5441A9
:10A4800047452043414C4942524154494F4E2028B0
:10A490004153594E43290A00095B4543484F5D200B
:10A4A0004368616E6E656C3A2025640A0000000006
:10A4B000095B4543484F5D20567265662020202089
:10A4C000202020202020202020203A20252E316608
:10A4D000560A0000095B4543484F5D20456E737581
:10A4E0007265207468652073656C656374656420AB
:10A4F0006368616E6E656C20736565732074686552
:10A50000207265666572656E636520766F6C746136
:10A5100067652E0A00000000095B4543484F5D2037
:10A520004552524F523A20496E76616C69642063FD
:10A5300068616E6E656C2E2055736520312E2E3845
:10A54000206F7220414C4C2E0D0A0000095B4543E0
:10A55000484F5D2043616C6962726174696E672067
:10A56000616C6C2038206368616E6E656C732028A6
:10A57000252E3166562C203041290A00095B4543BF
:10A58000484F5D20456E7375726520616C6C206369
:10A5900068616E6E656C73206861766520746865AD
:10A5A0002073616D6520737461626C65206D6169F3
:10A5B0006E7320766F6C746167650A00095B4543B2
:10A5C000484F5D2043616C6962726174696F6E20EF
:10A5D00077696C6C2072756E20696E206261636BA6
:10A5E00067726F756E643B20636865636B206C6F88
:10A5F0006720666F72207065722D6368616E6E658C
:10A600006C20726573756C74732E0A00095B454388
:10A61000484F5D204552524F523A20436F756C644B
:10A62000206E6F7420737461727420766F6C746125
:10A6300067652063616C6962726174696F6E20285E
:10A64000616C72656164792072756E6E696E673FC8
:10A65000292E0D0A00000000095B4543484F5D208C
:10A660004173796E6320766F6C74616765206361F6
:10A670006C6962726174696F6E2073746172746563
:10A68000642E0D0A00000000095B4543484F5D2021
:10A690004552524F523A20436F756C64206E6F746E
:10A6A0002073746172742073696E676C652D6368C2
:10A6B000616E6E656C20766F6C7461676520636196
:10A6C0006C6962726174696F6E2E0D0A0000000081
:10A6D000095B4543484F5D204173796E6320766F77
:10A6E0006C746167652063616C6962726174696F23
:10A6F0006E207374617274656420666F72204348C3
:10A7000025642E0D0A0000004155544F5F43414C13
:10A710005F490000095B4543484F5D205573616701
:10A72000653A204155544F5F43414C5F49203C639B
:10A73000757272656E745F413E203C6368616E6E37
:10A74000656C3E0D0A000000095B4543484F5D20E3
:10A750004578616D706C653A204155544F5F4341B7
:10A760004C5F4920302E313730203220202028669F
:10A770006F7220434832290D0A000000095B4543EF
:10A78000484F5D204552524F523A20496E76616CD7
:10A790006964207265666572656E636520637572B3
:10A7A00072656E742E0D0A00095B4543484F5D20AB
:10A7B0004552524F523A20496E76616C696420636B
:10A7C00068616E6E656C20696E6465782E205661D6
:10A7D0006C69642072616E67653A20312E2E380DE7
:10A7E0000A000000095B4543484F5D202020415589
:10A7F000544F2043555252454E542043414C4942F8
:10A80000524154494F4E20284153594E43290A0082
:10A81000095B4543484F5D2043616C696272617416
:10A82000696E6720414C4C206368616E6E656C7385
:10A830002028497265663D252E336641290A0000AD
:10A84000095B4543484F5D20546865206472697612
:10A8500065722077696C6C207374657020746872FF
:10A860006F756768206368616E6E656C73206175D3
:10A87000746F6D61746963616C6C792E0A000000FD
:10A88000095B4543484F5D20456E737572652065D1
:10A89000616368206368616E6E656C2063617272CB
:10A8A00069657320746865206B6E6F776E206375C1
:10A8B0007272656E74207768656E2070726F6D704D
:10A8C0007465642E0A000000095B4543484F5D2013
:10A8D00055736520616E2065787465726E616C20B9
:10A8E000444D4D206173207265666572656E6365C7
:10A8F0002E0A0000095B4543484F5D204552524FE8
:10A90000523A204661696C656420746F20737461EB
:10A91000727420414C4C2D6368616E6E656C7320BF
:10A9200063757272656E742063616C6962726174C2
:10A93000696F6E2E0D0A0000095B4543484F5D208C
:10A94000414C4C206368616E6E656C732063757258
:10A9500072656E742063616C6962726174696F6E96
:10A9600020636F6D706C6574652E0D0A0000000029
:10A97000095B4543484F5D204972656620202020D1
:10A98000202020202020202020203A20252E336641
:10A99000410A0000095B4543484F5D20456E7375D1
:10A9A0007265207468652073656C656374656420E6
:10A9B0006368616E6E656C20636172726965732095
:10A9C000746865206B6E6F776E2063757272656E4A
:10A9D000742E0A00095B4543484F5D2043616C6952
:10A9E00062726174696F6E2072756E7320696E2079
:10A9F0006261636B67726F756E643B206368656349
:10AA00006B206C6F6720666F720A0000095B45431C
:10AA1000484F5D207065722D6368616E6E656C20B5
:10AA2000726573756C74732E0A000000095B4543F0
:10AA3000484F5D204552524F523A20436F756C6427
:10AA4000206E6F7420737461727420637572726506
:10AA50006E742063616C6962726174696F6E202824
:10AA6000616C72656164792072756E6E696E673FA4
:10AA7000292E0D0A00000000095B4543484F5D2068
:10AA80004173796E632063757272656E74206361C1
:10AA90006C6962726174696F6E207374617274653F
:10AAA000642E0D0A0000000053484F575F43414C8D
:10AAB00049420000095B4543484F5D204E455457CD
:10AAC0004F524B20494E464F524D4154494F4E3AFA
:10AAD0000A000000095B4543484F5D205B45544830
:10AAE0005D204E6574776F726B20436F6E66696789
:10AAF00075726174696F6E3A0A000000095B454324
:10AB0000484F5D205B4554485D20204D4143202047
:10AB10003A20253032583A253032583A25303258CA
:10AB20003A253032583A253032583A253032580AD0
:10AB300000000000095B4543484F5D205B455448D9
:10AB40005D202049502020203A2025752E25752E85
:10AB500025752E25750A0000095B4543484F5D2089
:10AB60005B4554485D20204D61736B203A2025756C
:10AB70002E25752E25752E25750A0000095B454387
:10AB8000484F5D205B4554485D20204757202020DA
:10AB90003A2025752E25752E25752E25750A00005F
:10ABA000095B4543484F5D205B4554485D20204488
:10ABB0004E5320203A2025752E25752E25752E25DD
:10ABC000750A0000095B4543484F5D205B455448CA
:10ABD0005D202044484350203A2025730A0000009D
:10ABE0005345545F4950000025642E25642E25648A
:10ABF0002E256400095B4543484F5D204950206184
:10AC00006464726573732073657420746F202564A7
:10AC10002E25642E25642E256420287265626F6FB0
:10AC200074207265717569726564290A00000000FC
:10AC30005345545F534E0000095B4543484F5D2028
:10AC40005375626E6574206D61736B20736574203B
:10AC5000746F2025642E25642E25642E25642028FB
:10AC60007265626F6F7420726571756972656429AF
:10AC70000A0000005345545F47570000095B4543F5
:10AC8000484F5D2047617465776179207365742052
:10AC9000746F2025642E25642E25642E25642028BB
:10ACA0007265626F6F74207265717569726564296F
:10ACB0000A0000005345545F444E5300095B45436E
:10ACC000484F5D20444E532073657420746F2025D7
:10ACD000642E25642E25642E256420287265626FFB
:10ACE0006F74207265717569726564290A000000CD
:10ACF000434F4E4649475F4E4554574F524B000015
:10AD00002531395B5E245D242531395B5E245D2469
:10AD10002531395B5E245D24253139730000000044
:10AD2000095B4543484F5D204E6574776F726B2019
:10AD3000636F6E66696775726564207375636365BA
:10AD4000737366756C6C793A0A000000095B4543C1
:10AD5000484F5D20202049503A2025730A0000000A
:10AD6000095B4543484F5D2020205375626E657432
:10AD70003A2025730A000000095B4543484F5D20D7
:10AD80002020476174657761793A2025730A0000B5
:10AD9000095B4543484F5D202020444E533A20250F
:10ADA000730A0000095B4543484F5D205265626F9E
:10ADB0006F7420726571756972656420746F2061AB
:10ADC00070706C79206368616E6765732E0A00008D
:10ADD000095B4543484F5D203132562053757070F2
:10ADE0006C793A20252E326620560A00095B4543CD
:10ADF000484F5D2031325620537570706C793A207F
:10AE00004E2F41202874656C656D65747279206ED3
:10AE10006F74207265616479290A0000095B4543FB
:10AE2000484F5D2055534220537570706C793A201D
:10AE3000252E326620560A00095B4543484F5D20A7
:10AE400055534220537570706C793A204E2F412033
:10AE50002874656C656D65747279206E6F742072EC
:10AE600065616479290A000043414C49425F5445B9
:10AE70004D500000095B4543484F5D2055736167A5
:10AE8000653A0A202043414C49425F54454D5020C9
:10AE90003150203C54315F433E0A202043414C490D
:10AEA000425F54454D50203250203C54315F433E68
:10AEB000203C54325F433E205B64656C61795F6D7A
:10AEC000735D0A00095B4543484F5D204572726F10
:10AED000723A2074656D7065726174757265207464
:10AEE000656C656D65747279206E6F742072656132
:10AEF00064792E2054727920616761696E207368CD
:10AF00006F72746C792E0A0025327320256600005A
:10AF100031500000095B4543484F5D204572726F18
:10AF2000723A2073696E676C652D706F696E74205C
:10AF3000636F6D70757465206661696C65642E0A57
:10AF400000000000095B4543484F5D2043414C49E8
:10AF5000425F54454D50203150204F4B3A206F6690
:10AF6000667365743D252E336620C2B04320287277
:10AF700061773D2575290A00253273202566202535
:10AF8000662025750000000032500000095B454333
:10AF9000484F5D204572726F723A2074656D70651E
:10AFA0007261747572652074656C656D6574727913
:10AFB000206E6F7420726561647920666F722073F1
:10AFC00065636F6E6420706F696E742E0A000000F6
:10AFD000095B4543484F5D204572726F723A207499
:10AFE000776F2D706F696E7420636F6D7075746507
:10AFF000206661696C65642E20436865636B206917
:10B000006E707574732E0A00095B4543484F5D20CE
:10B010004572726F723A20454550524F4D2062750D
:10B0200073792E0A00000000095B4543484F5D20FC
:10B0300043414C49425F54454D50203250204F4BC4
:10B040003A2056303D252E346620562C20533D257F
:10B050002E366620562FC2B0432C206F666673656D
:10B06000743D252E336620C2B043202872617731AB
:10B070003D25752C20726177323D2575290A000027
:10B080005B4552524F525D20454550524F4D206412
:10B09000756D7020656E7175657565206661696C8A
:10B0A00065640A00095B4543484F5D204572726F35
:10B0B00072206576656E74206C6F6720636C6561C5
:10B0C00072207265717565737465640A0000000012
:10B0D000095B4543484F5D205761726E696E67207A
:10B0E0006576656E74206C6F6720636C6561722095
:10B0F0007265717565737465640A0000095B454388
:10B10000484F5D2045726173696E67204545505216
:10B110004F4D2E2E2E2028544849532043414E4E49
:10B120004F5420424520554E444F4E4521290A0098
:10B130005B4552524F525D20556E6B6E6F776E209D
:10B14000636F6D6D616E643A20272573272E20543E
:10B150007970652048454C5020666F72206C697389
:10B16000742E0A005B494E464F5D205B436F6E7341
:10B170006F6C655D205461736B20696E69746961E1
:10B180006C697A65642028706F6C6C696E672055F5
:10B1900053422D43444320402025756D73290D0AE9
:10B1A000000000004E4F524D414C00005741524E9E
:10B1B000494E4700435249544943414C0000000066
:10B1C0004C4F434B4F5554005B53544F52414745EE
:10B1D0005D0000005B5741524E494E475D2025738C
:10B1E000204661696C656420746F2072656164201B
:10B1F00072656C6179207374617465732C2075734A
:10B20000696E672064656661756C74730D0A000071
:10B210005B5741524E494E475D2025732046616978
:10B220006C656420746F20726561642063616C6971
:10B2300062726174696F6E20666F72204348256484
:10B240000D0A00005B494E464F5D20257320436F79
:10B250006E666967206C6F616465642066726F6DED
:10B2600020454550524F4D0D0A000000095B4543F3
:10B27000484F5D202573204E6574776F726B206395
:10B280006F6E66696720636F6D6D69747465640DB8
:10B290000A00000053657474696E677320617070F2
:10B2A0006C696564000000005B4552524F525D209E
:10B2B0002573204661696C656420746F20636F6D2F
:10B2C0006D6974206E6574776F726B20636F6E6644
:10B2D00069670D0A00000000095B4543484F5D2087
:10B2E0002573205573657220707265667320636FD5
:10B2F0006D6D69747465640D0A0000005B455252FF
:10B300004F525D202573204661696C656420746F1F
:10B3100020636F6D6D69742075736572207072653E
:10B3200066730D0A00000000095B4543484F5D202D
:10B330002573204175746820636F6E6669672063AA
:10B340006F6D6D69747465640D0A00005B4552523F
:10B350004F525D202573204661696C656420746FCF
:10B3600020636F6D6D6974206175746820636F6E02
:10B370006669670D0A000000095B4543484F5D2080
:10B3800025732052656C6179207374617465732034
:10B39000636F6D6D69747465640D0A005B4552528C
:10B3A0004F525D202573204661696C656420746F7F
:10B3B00020636F6D6D69742073656E736F722063A7
:10B3C000616C20434825640D0A000000095B454379
:10B3D000484F5D2025732053656E736F7220636143
:10B3E0006C204348256420636F6D6D6974746564D7
:10B3F0000D0A00005B4552524F525D2025732046D6
:10B4000061696C656420746F20636F6D6D69742071
:10B4100072656C6179207374617465730D0A000044
:10B420005B5741524E494E475D2025732055736549
:10B43000724F757470757420696E697420666169E5
:10B440006C65642C207072657365747320756E6111
:10B450007661696C61626C650D0A00005B494E465D
:10B460004F5D20257320436F6E66696720726561AA
:10B4700064790D0A000000005B5741524E494E4767
:10B480005D20257320454550524F4D2064756D70E9
:10B4900020616C726561647920696E2070726F67DB
:10B4A000726573730D0A00005B5741524E494E4757
:10B4B0005D202573204572726F72206C6F67206467
:10B4C000756D7020616C726561647920696E2070A1
:10B4D000726F67726573730D0A0000005B5741520B
:10B4E0004E494E475D202573205761726E696E6725
:10B4F000206C6F672064756D7020616C726561648B
:10B500007920696E2070726F67726573730D0A001F
:10B510005B5741524E494E475D202573204572725C
:10B520006F72206C6F6720636C65617220616C7252
:10B530006561647920696E2070726F6772657373DC
:10B540000D0A00005B5741524E494E475D2025735E
:10B55000205761726E696E67206C6F6720636C653F
:10B56000617220616C726561647920696E2070720D
:10B570006F67726573730D0A000000005B494E46E9
:10B580004F5D205B53746F726167655D204572612A
:10B5900073696E6720454550524F4D202825752010
:10B5A0006279746573292E2E2E0D0A005B57415265
:10B5B0004E494E475D20257320556E6B6E6F776E3A
:10B5C00020636F6D6D616E643A2025640D0A000082
:10B5D00045455F44554D505F53544152540D0A0048
:10B5E00041646472202020303020303120303220FD
:10B5F0003033203034203035203036203037203082
:10B60000382030392030412030422030432030442F
:10B61000203045203046200D0A00000045455F449B
:10B62000554D505F454E440D0A00000030782530DE
:10B63000345820005B494E464F5D205B53746F7257
:10B640006167655D20457261736520636F6D706C25
:10B650006574650D0A0000005B4552524F525D2033
:10B660005B53746F726167655D204572617365201D
:10B670006661696C65642061742030782530346CB3
:10B68000580D0A005B494E464F5D205B53746F7244
:10B690006167655D2045726173656420256C752F57
:10B6A00025752062797465730D0A00005B4552525E
:10B6B0004F525D202573204661696C656420746F6C
:10B6C00020636C656172206576656E74206C6F67AF
:10B6D000206174203078253034580D0A00000000B5
:10B6E0005B494E464F5D202573204576656E74207C
:10B6F0006C6F6720636C6561726564205B307825D0
:10B700003034582E2E3078253034585D0D0A000024
:10B710005B4552524F525D202573204661696C652E
:10B720006420746F20637265617465206D75746543
:10B73000782F6576656E74730D0A00005B45525272
:10B740004F525D202573204661696C656420746FDB
:10B7500020637265617465207461736B0D0A00006B
:10B760005B494E464F5D202573205461736B206901
:10B770006E697469616C697A65640D0A0000000085
:10B780005B4E45545D0000005B494E464F5D2025F1
:10B790007320485454502073657276657220696E28
:10B7A000697469616C697A65640D0A005B494E468B
:10B7B0004F5D205B534E4D505D204167656E742098
:10B7C00072756E6E696E67206F6E205544502F251E
:10B7D000752028736F636B202575290D0A00000002
:10B7E0005B494E464F5D20257320496E697469613F
:10B7F0006C20504859206C696E6B206465746563D9
:10B800007465642C20455448204C4544204F4E0D0F
:10B810000A0000005B494E464F5D202573204574A9
:10B820006865726E65742048572075702C2073749B
:10B83000617274696E672073657276696365730DF2
:10B840000A0000005B494E464F5D20257320457875
:10B850006974696E67205354414E4442592C2072DA
:10B8600065696E697469616C697A696E67206E6575
:10B8700074776F726B0D0A005B494E464F5D202551
:10B880007320504859206C696E6B205550206465B8
:10B890007465637465642C2066756C6C205735354F
:10B8A0003030207265696E69740D0A0068747470B6
:10B8B0005F7365727665725F70726F636573730034
:10B8C000736E6D705F706F6C6C0000005B494E466C
:10B8D0004F5D202573205461736B20637265617422
:10B8E0006564207375636365737366756C6C790D3D
:10B8F0000A0000005B4D657465725461736B5D20D6
:10B90000000000005B494E464F5D202573204D65C9
:10B910007465725461736B20737461727465640D25
:10B920000A000000095B44454255475D205B4275B3
:10B9300074746F6E5461736B5D20505752206C6F3E
:10B940006E672070726573732064657465637465D7
:10B95000642C20656E746572696E67205354414E85
:10B960004442590D0A000000095B44454255475DB9
:10B97000205B427574746F6E5461736B5D20505719
:10B98000522073686F7274207072657373206465DF
:10B990007465637465642C2065786974696E6720CA
:10B9A0005354414E4442590D0A00000062746E5FC8
:10B9B000626C696E6B0000007461736B00000000C4
:10B9C0005245424F4F542050454E44494E473B202C
:10B9D0007374616C653A200025733A4E45564552A2
:10B9E0002000000025733A256C7520005B48454116
:10B9F0004C54485D000000004F6666656E646572D9
:10BA0000733A20002573200077616974696E67209E
:10BA100066697273742062656174733A2000000075
:10BA20004865616C74680000455520283130412913
:10BA30000000000055532028313541290000000046
:10BA4000596573004E6F0000554E4C4F434B4544B3
:10BA5000000000004C4F434B45440000095B454348
:10BA6000484F5D200A3D3D3D204465766963652071
:10BA700050726F766973696F6E696E6720436F6D80
:10BA80006D616E6473203D3D3D0A0000556E6C6F24
:10BA9000636B2070726F766973696F6E696E670091
:10BAA000095B4543484F5D20252D323873202573AF
:10BAB0000A0000005365742073657269616C206E22
:10BAC000756D626572000000536574207265676968
:10BAD0006F6E0000095B4543484F5D203D3D3D3D95
:10BAE0003D3D3D3D3D3D3D3D3D3D3D3D3D3D3D3D86
:10BAF0003D3D3D3D3D3D3D3D3D3D3D3D3D3D3D3D76
:10BB00000A0A00005B50524F565D0000095B454336
:10BB1000484F5D202573204E6F20737562636F6DF3
:10BB20006D616E642E20547970652050524F5620FE
:10BB3000666F722068656C702E0A0000554E4C4F7F
:10BB4000434B0000095B4543484F5D20257320555A
:10BB5000736167653A2050524F5620554E4C4F4303
:10BB60004B203C746F6B656E3E0A0000095B4543D9
:10BB7000484F5D2025732050726F766973696F6E30
:10BB8000696E6720554E4C4F434B454420666F729B
:10BB9000202575207365636F6E64730A00000000D2
:10BBA000095B4543484F5D20257320417661696CF0
:10BBB00061626C6520636F6D6D616E64733A0A003B
:10BBC000095B4543484F5D20257320202050524F8C
:10BBD00056205345545F534E203C73657269616C27
:10BBE0003E20202020202D2053657420736572692B
:10BBF000616C206E756D6265720A0000095B4543D9
:10BC0000484F5D20257320202050524F5620534529
:10BC1000545F524547494F4E203C45557C55533E55
:10BC200020202D2053657420726567696F6E0A00AD
:10BC3000095B4543484F5D20257320202050524F1B
:10BC400056204C4F434B2020202020202020202015
:10BC50002020202020202D204C6F636B2070726FDD
:10BC6000766973696F6E696E670A0000095B454308
:10BC7000484F5D20257320556E6C6F636B204641E5
:10BC8000494C45443A20696E76616C696420746F52
:10BC90006B656E0A000000004C4F434B0000000033
:10BCA000095B4543484F5D2025732050726F7669CC
:10BCB00073696F6E696E67204C4F434B45440A00B1
:10BCC000095B4543484F5D202573205573616765C7
:10BCD0003A2050524F56205345545F534E203C73E8
:10BCE000657269616C3E0A00095B4543484F5D20FF
:10BCF00025732020204D6178206C656E6774683A4A
:10BD000020256420636861726163746572730A0040
:10BD1000095B4543484F5D202573202020416C6C12
:10BD20006F7765643A20412D5A2C20612D7A2C20A2
:10BD3000302D392C2068797068656E0A000000008B
:10BD4000095B4543484F5D20257320536572696147
:10BD50006C206E756D626572207365743A20257370
:10BD60000A000000095B4543484F5D2025732052BF
:10BD700065626F6F74207265636F6D6D656E64656B
:10BD80006420746F206170706C79204D4143206194
:10BD90006464726573730A00095B4543484F5D2014
:10BDA0002573204641494C45443A2050726F7669CC
:10BDB00073696F6E696E67206C6F636B65642E20AC
:10BDC0005573652050524F5620554E4C4F434B20D3
:10BDD00066697273742E0A00095B4543484F5D2003
:10BDE0002573204641494C45443A20496E76616CA2
:10BDF00069642073657269616C206E756D6265722D
:10BE000020666F726D61740A00000000095B454393
:10BE1000484F5D202573204641494C45443A204512
:10BE20004550524F4D207772697465206572726F6C
:10BE3000720A0000095B4543484F5D202573204688
:10BE400041494C45443A20556E6B6E6F776E2065C4
:10BE500072726F722025640A000000005345545F1F
:10BE6000524547494F4E0000095B4543484F5D200E
:10BE700025732055736167653A2050524F56205301
:10BE800045545F524547494F4E203C45557C5553DC
:10BE90003E0A0000095B4543484F5D202573202082
:10BEA0002045553A203130412063757272656E74B9
:10BEB000206C696D697420284945432F454E4543E0
:10BEC000290A0000095B4543484F5D202573202067
:10BED0002055533A203135412063757272656E7476
:10BEE000206C696D69742028554C2F435341290AF1
:10BEF00000000000095B4543484F5D202573204644
:10BF000041494C45443A20496E76616C696420721F
:10BF10006567696F6E20272573272E20557365206E
:10BF20004555206F722055532E0A0000095B45438A
:10BF3000484F5D20257320526567696F6E207365D9
:10BF4000743A2025732028252E306641206C696DB7
:10BF50006974290A00000000095B4543484F5D20D1
:10BF60002573205265626F6F7420726571756972F6
:10BF7000656420746F206170706C79204F4350208D
:10BF80007468726573686F6C64730A00095B45437B
:10BF9000484F5D202573204641494C45443A20498D
:10BFA0006E76616C696420726567696F6E20636F7D
:10BFB00064650A005354415455530000095B4543DE
:10BFC000484F5D200A3D3D3D20446576696365200C
:10BFD00050726F766973696F6E696E672053746112
:10BFE000747573203D3D3D0A00000000095B454328
:10BFF000484F5D2053657269616C204E756D6265B6
:10C00000723A2025730A0000095B4543484F5D20C2
:10C01000526567696F6E3A2025730A00095B4543D4
:10C02000484F5D2043757272656E74204C696D696E
:10C03000743A20252E316620410A0000095B4543F1
:10C04000484F5D2050726F766973696F6E65643A10
:10C050002025730A00000000095B4543484F5D201E
:10C06000556E6C6F636B2053746174653A20257351
:10C070000A000000095B4543484F5D200A574152C2
:10C080004E494E473A2057726974652077696E644D
:10C090006F77206973204F50454E0A00095B454376
:10C0A000484F5D203D3D3D3D3D3D3D3D3D3D3D3DA0
:10C0B0003D3D3D3D3D3D3D3D3D3D3D3D3D3D3D3DB0
:10C0C0003D3D3D3D3D3D0A0A00000000095B454302
:10C0D000484F5D20257320556E6B6E6F776E207311
:10C0E0007562636F6D6D616E643A20272573272E2C
:10C0F00020547970652050524F5620666F72206828
:10C10000656C702E0A0000005B53542D43484C416F
:10C11000425D00005B4552524F525D202573204521
:10C120004550524F4D5F57726974654368616E6E3A
:10C13000656C4C6162656C20696E76616C69642027
:10C14000696E7075743A2063683D25752C206C61AA
:10C1500062656C3D25700D0A000000005B494E468B
:10C160004F5D202573204C6162656C73206C6F619C
:10C1700064656420696E746F2063616368650D0A8D
:10C18000000000005B53542D464445465D0000000E
:10C19000095B44454255475D202573204669726D11
:10C1A000776172652076657273696F6E2077726948
:10C1B0007474656E2028534E207669612070726F0A
:10C1C000766973696F6E696E67290D0A0000000059
:10C1D000095B44454255475D2025732052656C61DB
:10C1E0007920537461747573207772697474656E05
:10C1F0000D0A0000095B44454255475D2025732028
:10C200004E6574776F726B20436F6E6669677572E7
:10C210006174696F6E207772697474656E0D0A00BF
:10C22000095B44454255475D2025732053656E7375
:10C230006F722043616C6962726174696F6E2077FE
:10C2400072697474656E0D0A00000000095B444554
:10C250004255475D20257320456E65726779204DF4
:10C260006F6E69746F72696E6720446174612077C4
:10C2700072697474656E0D0A00000000095B444524
:10C280004255475D202573204576656E74204C6FBE
:10C290006773207772697474656E0D0A0000000080
:10C2A000095B44454255475D2025732055736572EF
:10C2B00020507265666572656E636573207772697A
:10C2C0007474656E0D0A0000095B44454255475D74
:10C2D000202573204175746820436F6E666967205E
:10C2E0007772697474656E0D0A0000005B494E46F2
:10C2F0004F5D20257320466163746F7279206465F9
:10C300006661756C7473207772697474656E2073DE
:10C3100075636365737366756C6C790D0A00000054
:10C320005B5741524E494E475D202573204E4F5476
:10C33000453A2053657269616C206E756D62657255
:10C3400020616E6420726567696F6E207265717519
:10C350006972652070726F766973696F6E696E6756
:10C360000D0A00005B494E464F5D20257320526543
:10C370006164696E6720454550524F4D206D61677D
:10C3800069632E2E2E0D0A00095B44454255475D18
:10C39000202573204D6167696320726561643A20CE
:10C3A0003078253034580D0A00000000095B444500
:10C3B0004255475D20257320466972737420626F71
:10C3C0006F742064657465637465642C207772698A
:10C3D00074696E6720666163746F72792064656644
:10C3E00061756C74732E2E2E0D0A0000095B444596
:10C3F0004255475D2025732054656D7043616C2064
:10C400007772697474656E0D0A000000095B44451B
:10C410004255475D202573204368616E6E656C2030
:10C4200063616C6962726174696F6E20777269749E
:10C4300074656E0D0A000000095B44454255475D76
:10C4400020257320466163746F727920646566618C
:10C45000756C7473207772697474656E207375637C
:10C460006365737366756C6C790D0A005B494E46A3
:10C470004F5D202573204D616769632076616C757F
:10C48000652076657269666965640D0A00000000C2
:10C490006E6F6E65000000005B53542D5553524F74
:10C4A0005D0000005B494E464F5D202573204E6FB6
:10C4B0002076616C6964206461746120286D616715
:10C4C00069633D307825303258292C207573696EA8
:10C4D000672064656661756C74730A005B494E463B
:10C4E0004F5D20257320435243206D69736D617445
:10C4F0006368202873746F7265643D30782530342A
:10C50000582C20636F6D70757465643D30782530EC
:10C510003458292C207573696E67206465666175CF
:10C520006C74730A000000005B494E464F5D202585
:10C530007320496E76616C696420737461727475DE
:10C54000702070726573657420282575292C20630E
:10C550006C656172696E670A000000005B494E46B7
:10C560004F5D202573205374617274757020707252
:10C570006573657420257520697320656D70747905
:10C580002C20636C656172696E670A005B494E46D8
:10C590004F5D20257320496E697469616C697A6505
:10C5A000642C20737461727475703D25730A0000E9
:10C5B0005B494E464F5D202573205072657365744C
:10C5C0002025752073617665643A2027257327201E
:10C5D0006D61736B3D3078253032580A00000000E1
:10C5E0005B494E464F5D202573205072657365741C
:10C5F0002025752064656C657465640A0000000080
:10C600005B494E464F5D2025732043616E6E6F740B
:10C610002073657420737461727475703A2070723F
:10C620006573657420257520697320656D70747954
:10C630000A0000005B494E464F5D2025732053746D
:10C64000617274757020707265736574207365749F
:10C6500020746F2025750A005B494E464F5D2025EA
:10C660007320537461727475702070726573657491
:10C6700020636C65617265640A0000005B494E4688
:10C680004F5D2025732043616E6E6F742061707062
:10C690006C793A2070726573657420257520697312
:10C6A00020656D7074790A005B494E464F5D202508
:10C6B00073204170706C6965642070726573657475
:10C6C0002025752027257327206D61736B3D3078F9
:10C6D000253032580A0000005B494E464F5D202548
:10C6E00073204E6F20737461727475702070726560
:10C6F00073657420636F6E666967757265640A009E
:10C700005B494E464F5D202573204170706C7969FE
:10C710006E672073746172747570207072657365D2
:10C72000742025750A0000005B53542D5553525058
:10C73000525D0000095B44454255475D202573204A
:10C74000454550524F4D20756E696E697469616C34
:10C75000697A6564206F7220726561642066616920
:10C760006C65640D0A0000005B494E464F5D202554
:10C7700073204C6F616465642075736572207072FC
:10C780006566732066726F6D20454550524F4D0DA2
:10C790000A0000005B4445562D49445D000000003E
:10C7A000095B44454255475D202573204352432091
:10C7B0006D69736D617463683A2073746F72656438
:10C7C0003D3078253032582C2063616C633D3078E1
:10C7D000253032580D0A0000554E50524F564953DD
:10C7E000494F4E45440000005B494E464F5D2025B1
:10C7F00073204E6F2076616C6964206964656E7485
:10C8000069747920696E20454550524F4D2C206443
:10C81000657669636520756E70726F766973696F8E
:10C820006E65640D0A0000005B494E464F5D202591
:10C8300073204C6F616465643A20534E3D25732C20
:10C8400020526567696F6E3D25730D0A0000000078
:10C850003644363136373639363300005B494E467A
:10C860004F5D20257320556E6C6F636B2066616988
:10C870006C65643A20696E76616C696420746F6BD4
:10C88000656E0D0A000000005B494E464F5D202595
:10C89000732050726F766973696F6E696E67205589
:10C8A0004E4C4F434B454420666F722025752073D4
:10C8B00065636F6E64730D0A000000005B494E46AD
:10C8C0004F5D2025732050726F766973696F6E69B2
:10C8D0006E67204C4F434B45440D0A005B494E4662
:10C8E0004F5D2025732053657420534E2072656A76
:10C8F00065637465643A2070726F766973696F6EF0
:10C90000696E67206C6F636B65640D0A0000000040
:10C910005B494E464F5D2025732053657420534E6E
:10C920002072656A65637465643A20696E76616C2D
:10C93000696420666F726D61740D0A005B494E4632
:10C940004F5D2025732053657269616C206E756D93
:10C95000626572207365743A2025730D0A00000029
:10C960005B494E464F5D20257320536574207265E8
:10C9700067696F6E2072656A65637465643A2070DA
:10C98000726F766973696F6E696E67206C6F636B27
:10C9900065640D0A000000005B494E464F5D20258E
:10C9A000732053657420726567696F6E2072656AC3
:10C9B00065637465643A20696E76616C696420729F
:10C9C0006567696F6E20636F64650D0A0000000083
:10C9D0005B494E464F5D20257320526567696F6E37
:10C9E000207365743A2025730D0A00005B53542DA3
:10C9F000415554485D0000005B494E464F5D20257F
:10CA000073204C6F61646564206175746820636F86
:10CA10006E6669672066726F6D20454550524F4DB6
:10CA20000D0A00005B5741524E494E475D20257369
:10CA3000204175746820726567696F6E20656D703E
:10CA400074792F636F72727570742C2077726974A9
:10CA5000696E672064656661756C74730D0A000009
:10CA60005B5345525645525D000000005B494E46FF
:10CA70004F5D202573204C697374656E696E672065
:10CA80006F6E20706F72742025640A00436F6E749D
:10CA9000656E742D4C656E6774683A00504F535440
:10CAA000202F6170692F617574682F6C6F676F75C7
:10CAB00074000000504F5354202F6170692F61752E
:10CAC00074682F636F6E66696700000047455420E5
:10CAD0002F6170692F617574682F73746174757339
:10CAE00000000000504F5354202F6170692F617572
:10CAF00074680000474554202F6170692F7374617A
:10CB000074757300474554202F6170692F736574E5
:10CB100074696E6773000000504F5354202F61708A
:10CB2000692F73657474696E67730000504F5354B6
:10CB3000202F6170692F636F6E74726F6C0000003C
:10CB4000474554202F6170692F636F6E6669672DAA
:10CB50007072657365747300504F5354202F617069
:10CB6000692F636F6E6669672D7072657365747384
:10CB700000000000504F5354202F6170692F6170E6
:10CB8000706C792D636F6E6669670000504F535467
:10CB9000202F6170692F737461727475702D636FCB
:10CBA0006E66696700000000474554202F6D65746C
:10CBB0007269637300000000474554202F73657449
:10CBC00074696E67732E68746D6C0000485454501D
:10CBD0002F312E3120323030204F4B0D0A436F6EF3
:10CBE00074656E742D547970653A20746578742F6D
:10CBF00068746D6C0D0A436F6E74656E742D456EAE
:10CC0000636F64696E673A20677A69700D0A436FD3
:10CC10006E74656E742D4C656E6774683A20256479
:10CC20000D0A4163636573732D436F6E74726F6C8D
:10CC30002D416C6C6F772D4F726967696E3A202AAF
:10CC40000D0A43616368652D436F6E74726F6C3AB1
:10CC5000206E6F2D63616368650D0A436F6E6E65AC
:10CC60006374696F6E3A20636C6F73650D0A0D0A09
:10CC700000000000485454502F312E312032303003
:10CC8000204F4B0D0A436F6E74656E742D5479708E
:10CC9000653A20746578742F68746D6C0D0A436F63
:10CCA0006E74656E742D4C656E6774683A202564E9
:10CCB0000D0A4163636573732D436F6E74726F6CFD
:10CCC0002D416C6C6F772D4F726967696E3A202A1F
:10CCD0000D0A43616368652D436F6E74726F6C3A21
:10CCE000206E6F2D63616368650D0A436F6E6E651C
:10CCF0006374696F6E3A20636C6F73650D0A0D0A79
:10CD0000000000006368616E6E656C2564000000C1
:10CD10006C6162656C257500485454502F312E317A
:10CD200020323030204F4B0D0A436F6E74656E74A5
:10CD30002D547970653A20746578742F706C616930
:10CD40006E0D0A436F6E74656E742D4C656E67745C
:10CD5000683A2025750D0A4163636573732D436F2F
:10CD60006E74726F6C2D416C6C6F772D4F726967AA
:10CD7000696E3A202A0D0A43616368652D436F6E20
:10CD800074726F6C3A206E6F2D63616368650D0A73
:10CD9000436F6E6E656374696F6E3A20636C6F7378
:10CDA000650D0A0D0A00000066616872656E6865AF
:10CDB000697400006B656C76696E000063656C7366
:10CDC00069757300252E316620410000252E3266DC
:10CDD000204100007B226970223A2225752E25759C
:10CDE0002E25752E2575222C226761746577617951
:10CDF000223A2225752E25752E25752E2575222C75
:10CE0000227375626E6574223A2225752E25752E61
:10CE100025752E2575222C22646E73223A222575E3
:10CE20002E25752E25752E2575222C226D616322E7
:10CE30003A222573222C226465766963655F6E61F0
:10CE40006D65223A222573222C226C6F636174690E
:10CE50006F6E223A222573222C2274656D705F75E5
:10CE60006E6974223A222573222C2274656D7065D6
:10CE7000726174757265223A252E32662C227365B2
:10CE80007269616C5F6E756D626572223A222573FC
:10CE9000222C226669726D776172655F76657273A6
:10CEA000696F6E223A222573222C226861726477A0
:10CEB0006172655F76657273696F6E223A222573BF
:10CEC000222C226465766963655F726567696F6E9F
:10CED000223A222573222C2263757272656E745F6A
:10CEE0006C696D6974223A222573222C2277617253
:10CEF0006E696E675F6C696D6974223A22257322D0
:10CF00002C22637269746963616C5F6C696D69740A
:10CF1000223A222573227D00485454502F312E315D
:10CF200020323030204F4B0D0A436F6E74656E74A3
:10CF30002D547970653A206170706C696361746911
:10CF40006F6E2F6A736F6E0D0A436F6E74656E7429
:10CF50002D4C656E6774683A2025640D0A41636341
:10CF60006573732D436F6E74726F6C2D416C6C6FB3
:10CF7000772D4F726967696E3A202A0D0A43616303
:10CF800068652D436F6E74726F6C3A206E6F2D63FF
:10CF9000616368650D0A436F6E6E656374696F6ED9
:10CFA0003A20636C6F73650D0A0D0A00697000000A
:10CFB0007375626E65740000646E730064657669F3
:10CFC00063655F6E616D65006C6F636174696F6E40
:10CFD0000000000074656D705F756E69740000007C
:10CFE000C2B04600C2B04300747275650000000014
:10CFF00066616C73650000007B226368616E6E651C
:10D000006C73223A5B0000007B22766F6C74616760
:10D0100065223A252E38662C2263757272656E740D
:10D02000223A252E38662C22757074696D65223A75
:10D03000256C752C22706F776572223A252E386622
:10D040002C227374617465223A25732C226C616200
:10D05000656C223A222573227D2573002C00000086
:10D060005D2C22696E7465726E616C54656D7065BD
:10D07000726174757265223A252E33662C227465AE
:10D080006D7065726174757265556E6974223A22AD
:10D090002573222C2273797374656D5374617475D2
:10D0A00073223A222573222C226F76657263757281
:10D0B00072656E74223A7B227374617465223A221F
:10D0C0002573222C22746F74616C5F6375727265B4
:10D0D0006E745F61223A252E34662C226C696D696C
:10D0E000745F61223A252E31662C227761726E6957
:10D0F0006E675F7468726573686F6C645F61223A13
:10D10000252E32662C22637269746963616C5F74C8
:10D1100068726573686F6C645F61223A252E3266AF
:10D120002C227265636F766572795F7468726573BD
:10D13000686F6C645F61223A252E32662C22737709
:10D1400069746368696E675F616C6C6F7765642290
:10D150003A25732C22747269705F636F756E742246
:10D160003A256C752C22726567696F6E223A2255DA
:10D1700053227D7D00000000474554202F68656CD8
:10D18000702E68746D6C0000474554202F757365D0
:10D19000725F6D616E75616C2E68746D6C0000005D
:10D1A000474554202F6175746F6D6174696F6E5FB0
:10D1B0006D616E75616C2E68746D6C003C4D6574AC
:10D1C000726963732048616E646C65723E00000092
:10D1D0005B494E464F5D202573204D65747269632F
:10D1E000732073756273797374656D20696E6974E9
:10D1F00069616C697A65640A000000002320484573
:10D200004C5020656E65726769735F7570203120C0
:10D21000696620746865206D65747269637320683F
:10D22000616E646C6572206973206865616C7468F6
:10D23000792E0A23205459504520656E657267691E
:10D24000735F75702067617567650A656E657267E3
:10D2500069735F757020310A000000002320484583
:10D260004C5020656E65726769735F6275696C64A6
:10D270005F696E666F204275696C6420616E642020
:10D28000646576696365206964656E74696669655D
:10D2900072732E0A23205459504520656E657267BB
:10D2A00069735F6275696C645F696E666F20676140
:10D2B0007567650A656E65726769735F6275696C2B
:10D2C000645F696E666F7B76657273696F6E3D220F
:10D2D0002573222C73657269616C3D222573227D52
:10D2E00020310A00232048454C5020656E65726746
:10D2F00069735F757074696D655F7365636F6E6484
:10D30000735F746F74616C2053797374656D2075ED
:10D310007074696D6520696E207365636F6E6473E8
:10D320002E0A23205459504520656E657267697333
:10D330005F757074696D655F7365636F6E64735F4D
:10D34000746F74616C20636F756E7465720A656EBC
:10D3500065726769735F757074696D655F73656326
:10D360006F6E64735F746F74616C2025750A0000C2
:10D37000232048454C5020656E65726769735F696C
:10D380006E7465726E616C5F74656D7065726174E8
:10D390007572655F63656C7369757320496E74653A
:10D3A000726E616C2074656D706572617475726502
:10D3B0002E0A23205459504520656E6572676973A3
:10D3C0005F696E7465726E616C5F74656D706572B5
:10D3D00061747572655F63656C73697573206761ED
:10D3E0007567650A656E65726769735F696E7465F6
:10D3F000726E616C5F74656D706572617475726573
:10D400005F63656C7369757320252E33660A0000AF
:10D41000232048454C5020656E65726769735F74C0
:10D42000656D705F63616C696272617465642031FF
:10D430002069662074656D7065726174757265200F
:10D4400063616C6962726174696F6E2069732061D7
:10D4500070706C6965642E0A23205459504520650C
:10D460006E65726769735F74656D705F63616C6927
:10D470006272617465642067617567650A656E65CF
:10D48000726769735F74656D705F63616C69627206
:10D49000617465642025640A00000000232048456B
:10D4A0004C5020656E65726769735F74656D705F5F
:10D4B00063616C6962726174696F6E5F6D6F6465E0
:10D4C0002043616C6962726174696F6E206D6F6474
:10D4D000653A20303D6E6F6E652C20313D317074A1
:10D4E0002C20323D3270742E0A232054595045208E
:10D4F000656E65726769735F74656D705F63616C9B
:10D500006962726174696F6E5F6D6F6465206761D7
:10D510007567650A656E65726769735F74656D70BE
:10D520005F63616C6962726174696F6E5F6D6F6475
:10D53000652025750A000000232048454C502065D1
:10D540006E65726769735F767573625F766F6C7410
:10D550007320555342207261696C20766F6C746140
:10D5600067652E0A23205459504520656E65726701
:10D5700069735F767573625F766F6C747320676131
:10D580007567650A656E65726769735F7675736244
:10D590005F766F6C747320252E33660A00000000DE
:10D5A000232048454C5020656E65726769735F762D
:10D5B000737570706C795F766F6C7473203132564E
:10D5C00020737570706C79207261696C20766F6C55
:10D5D000746167652E0A23205459504520656E6595
:10D5E000726769735F76737570706C795F766F6C54
:10D5F00074732067617567650A656E657267697324
:10D600005F76737570706C795F766F6C74732025BC
:10D610002E33660A00000000232048454C50206548
:10D620006E65726769735F687474705F7265717537
:10D63000657374735F746F74616C20546F74616C84
:10D64000204854545020726571756573747320734B
:10D6500065727665642E0A23205459504520656E04
:10D6600065726769735F687474705F726571756500
:10D670007374735F746F74616C20636F756E74651F
:10D68000720A656E65726769735F687474705F7241
:10D69000657175657374735F746F74616C20257543
:10D6A0000A000000232048454C5020656E657267D3
:10D6B00069735F6368616E6E656C5F7374617465D6
:10D6C0002052656C61792073746174652028313D46
:10D6D0004F4E2C20303D4F4646292E0A23205459C8
:10D6E000504520656E65726769735F6368616E6E31
:10D6F000656C5F73746174652067617567650A00A6
:10D70000656E65726769735F6368616E6E656C5F95
:10D7100073746174657B63683D222564227D2025D6
:10D72000640A0000232048454C5020656E657267EE
:10D7300069735F6368616E6E656C5F74656C656D5F
:10D74000657472795F76616C696420312069662046
:10D7500074656C656D6574727920666F722063689C
:10D76000616E6E656C2069732066726573682F76D2
:10D77000616C69642E0A23205459504520656E65FA
:10D78000726769735F6368616E6E656C5F74656C08
:10D79000656D657472795F76616C69642067617527
:10D7A00067650A00656E65726769735F6368616EBD
:10D7B0006E656C5F74656C656D657472795F7661BA
:10D7C0006C69647B63683D222564227D2025640AA0
:10D7D00000000000232048454C5020656E657267AC
:10D7E00069735F6368616E6E656C5F766F6C7461A0
:10D7F00067655F766F6C7473204368616E6E656CED
:10D8000020766F6C746167652E0A23205459504549
:10D8100020656E65726769735F6368616E6E656CC3
:10D820005F766F6C746167655F766F6C7473206789
:10D83000617567650A000000656E65726769735FF0
:10D840006368616E6E656C5F766F6C746167655F4F
:10D85000766F6C74737B63683D222564227D20257E
:10D860002E33660A00000000232048454C502065F6
:10D870006E65726769735F6368616E6E656C5F6326
:10D88000757272656E745F616D7073204368616E4E
:10D890006E656C2063757272656E742E0A23205457
:10D8A00059504520656E65726769735F6368616E84
:10D8B0006E656C5F63757272656E745F616D7073B7
:10D8C0002067617567650A00656E65726769735FD9
:10D8D0006368616E6E656C5F63757272656E745FAE
:10D8E000616D70737B63683D222564227D20252E47
:10D8F00033660A00232048454C5020656E657267E8
:10D9000069735F6368616E6E656C5F706F77657277
:10D910005F77617474732041637469766520706FFA
:10D9200077657220706572206368616E6E656C2E1B
:10D930000A23205459504520656E65726769735FEC
:10D940006368616E6E656C5F706F7765725F77613B
:10D950007474732067617567650A0000656E65728F
:10D960006769735F6368616E6E656C5F706F776522
:10D97000725F77617474737B63683D222564227DD6
:10D9800020252E33660A0000232048454C50206590
:10D990006E65726769735F6368616E6E656C5F6503
:10D9A0006E657267795F776174745F686F757273A3
:10D9B0005F746F74616C20416363756D756C617425
:10D9C000656420656E657267792070657220636892
:10D9D000616E6E656C2E0A23205459504520656E89
:10D9E00065726769735F6368616E6E656C5F656EB3
:10D9F000657267795F776174745F686F7572735F62
:10DA0000746F74616C20636F756E7465720A0000C8
:10DA1000656E65726769735F6368616E6E656C5F82
:10DA2000656E657267795F776174745F686F757230
:10DA3000735F746F74616C7B63683D222564227D23
:10DA400020252E33660A0000232048454C502065CF
:10DA50006E65726769735F6F63705F73746174651D
:10DA6000204F76657263757272656E742070726F86
:10DA700074656374696F6E207374617465202830F7
:10DA80003D4E4F524D414C2C313D5741524E494E27
:10DA9000472C323D435249544943414C2C333D4C71
:10DAA0004F434B4F5554290A232054595045206564
:10DAB0006E65726769735F6F63705F7374617465BD
:10DAC0002067617567650A656E65726769735F6F68
:10DAD00063705F73746174652025640A0000000040
:10DAE000232048454C5020656E65726769735F6FEF
:10DAF00063705F737769746368696E675F616C6C8C
:10DB00006F77656420537769746368696E67206115
:10DB10006C6C6F7765642028313D7965732C303DDE
:10DB20006E6F290A23205459504520656E6572672F
:10DB300069735F6F63705F737769746368696E6739
:10DB40005F616C6C6F7765642067617567650A65F6
:10DB50006E65726769735F6F63705F737769746313
:10DB600068696E675F616C6C6F7765642025640A15
:10DB700000000000232048454C5020656E65726708
:10DB800069735F6F63705F746F74616C5F637572EC
:10DB900072656E745F616D707320546F74616C2078
:10DBA0006D656173757265642063757272656E74FC
:10DBB0000A23205459504520656E65726769735F6A
:10DBC0006F63705F746F74616C5F63757272656EA2
:10DBD000745F616D70732067617567650A656E6556
:10DBE000726769735F6F63705F746F74616C5F639A
:10DBF000757272656E745F616D707320252E336669
:10DC00000A000000232048454C5020656E6572676D
:10DC100069735F6F63705F6C696D69745F616D706C
:10DC20007320436F6E6669677572656420637572F1
:10DC300072656E74206C696D69740A2320545950A2
:10DC40004520656E65726769735F6F63705F6C69AD
:10DC50006D69745F616D70732067617567650A65D2
:10DC60006E65726769735F6F63705F6C696D69740D
:10DC70005F616D707320252E33660A0023204845AE
:10DC80004C5020656E65726769735F6F63705F7774
:10DC900061726E696E675F7468726573686F6C64D9
:10DCA0005F616D7073205761726E696E6720746872
:10DCB000726573686F6C640A23205459504520655F
:10DCC0006E65726769735F6F63705F7761726E69AB
:10DCD0006E675F7468726573686F6C645F616D70A6
:10DCE000732067617567650A656E65726769735F42
:10DCF0006F63705F7761726E696E675F746872657B
:10DD000073686F6C645F616D707320252E33660AD3
:10DD100000000000232048454C5020656E65726766
:10DD200069735F6F63705F637269746963616C5F6D
:10DD30007468726573686F6C645F616D70732043A3
:10DD40007269746963616C207468726573686F6C62
:10DD5000640A23205459504520656E6572676973C3
:10DD60005F6F63705F637269746963616C5F74682D
:10DD7000726573686F6C645F616D70732067617545
:10DD800067650A656E65726769735F6F63705F636D
:10DD90007269746963616C5F7468726573686F6CD3
:10DDA000645F616D707320252E33660A00000000E9
:10DDB000232048454C5020656E65726769735F6F1C
:10DDC00063705F747269705F636F756E745F746F98
:10DDD00074616C204F76657263757272656E742023
:10DDE00074726970732073696E636520626F6F74FB
:10DDF0000A23205459504520656E65726769735F28
:10DE00006F63705F747269705F636F756E745F7457
:10DE10006F74616C20636F756E7465720A656E65F0
:10DE2000726769735F6F63705F747269705F636F4D
:10DE3000756E745F746F74616C20256C750A0000D8
:10DE4000232048454C5020656E65726769735F6F8B
:10DE500063705F6C6173745F747269705F6D73205F
:10DE600054696D657374616D70206F66206C6173A9
:10DE700074207472697020286D732073696E6365F5
:10DE800020626F6F74290A23205459504520656E13
:10DE900065726769735F6F63705F6C6173745F74E1
:10DEA0007269705F6D732067617567650A656E657D
:10DEB000726769735F6F63705F6C6173745F7472B4
:10DEC00069705F6D7320256C750A000048545450CA
:10DED0002F312E31203530332053657276696365DA
:10DEE00020556E617661696C61626C650D0A436FE5
:10DEF0006E74656E742D547970653A20746578740B
:10DF00002F706C61696E0D0A436F6E74656E742DAF
:10DF10004C656E6774683A2025640D0A436F6E6E17
:10DF2000656374696F6E3A20636C6F73650D0A0DDB
:10DF30000A0000003530332053657276696365202E
:10DF4000556E617661696C61626C650A0000000063
:10DF5000485454502F312E3120323030204F4B0D49
:10DF60000A436F6E74656E742D547970653A20742F
:10DF70006578742F706C61696E3B20766572736989
:10DF80006F6E3D302E302E343B20636861727365B6
:10DF9000743D7574662D380D0A436F6E74656E742A
:10DFA0002D4C656E6774683A2025640D0A436F6EC8
:10DFB0006E656374696F6E3A20636C6F73650D0AEA
:10DFC0000D0A00005B494E464F5D202573205365C6
:10DFD00072766564202564206279746573206F66AB
:10DFE000206D6574726963730A0000002320484540
:10DFF0004C5020656E65726769735F6F63705F7206
:10E0000065636F766572795F7468726573686F6C4B
:10E01000645F616D7073205265636F7665727920FD
:10E020007468726573686F6C640A23205459504594
:10E0300020656E65726769735F6F63705F72656399
:10E040006F766572795F7468726573686F6C645F10
:10E05000616D70732067617567650A656E657267CB
:10E0600069735F6F63705F7265636F766572795F06
:10E070007468726573686F6C645F616D707320257E
:10E080002E33660A00000000485454502F312E31C0
:10E0900020323030204F4B0D0A436F6E74656E7422
:10E0A0002D547970653A206170706C696361746990
:10E0B0006F6E2F6A736F6E0D0A436F6E74656E74A8
:10E0C0002D4C656E6774683A2025640D0A416363C0
:10E0D0006573732D436F6E74726F6C2D416C6C6F32
:10E0E000772D4F726967696E3A202A0D0A43616382
:10E0F00068652D436F6E74726F6C3A206E6F2D637E
:10E10000616368650D0A52657472792D41667465A4
:10E11000723A20310D0A436F6E6E656374696F6EDB
:10E120003A20636C6F73650D0A0D0A007B227072D2
:10E130006573657473223A5B000000007B2269649A
:10E14000223A25752C226E616D65223A22257322B2
:10E150002C226D61736B223A25757D005D2C227334
:10E16000746172747570223A000000006E756C6CF8
:10E170007D000000616374696F6E000069640000D7
:10E1800073617665000000006E616D65000000003F
:10E190006D61736B0000000072656C61795F6D6189
:10E1A000736B000064656C6574650000636C656189
:10E1B00072000000656E61626C6564006469736181
:10E1C000626C65640000000061646D696E000000AF
:10E1D0005B415554485D00005B494E464F5D20252C
:10E1E0007320417574682025730D0A00436F6F6BAF
:10E1F00069653A00636F6F6B69653A0073657373A5
:10E20000696F6E005B494E464F5D202573204C6F51
:10E2100067696E207375636365737366756C0D0A49
:10E22000000000005B494E464F5D202573204C6F77
:10E23000676F75740D0A0000485454502F312E3109
:10E2400020323030204F4B0D0A436F6E74656E7470
:10E250002D547970653A206170706C6963617469DE
:10E260006F6E2F6A736F6E0D0A5365742D436F6F57
:10E270006B69653A2073657373696F6E3D25733BF7
:10E2800020506174683D2F3B204D61782D416765BA
:10E290003D3630303B2053616D65536974653D53A5
:10E2A00074726963740D0A4163636573732D436F00
:10E2B0006E74726F6C2D416C6C6F772D4F72696745
:10E2C000696E3A202A0D0A43616368652D436F6EBB
:10E2D00074726F6C3A206E6F2D63616368650D0A0E
:10E2E000436F6E6E656374696F6E3A20636C6F7313
:10E2F000650D0A0D0A7B226F6B223A747275657D7B
:10E30000000000007B22656E61626C6564223A2524
:10E31000732C2261757468656E74696361746564D9
:10E32000223A25737D000000617574685F656E6137
:10E33000626C6564000000006E65775F70617373E6
:10E34000776F7264000000005B575241505D207788
:10E3500061746368646F675F7265626F6F74206376
:10E36000616C6C6564206C723D2530386C7820617E
:10E370003D257520623D257520633D25750D0A00FC
:10E380003F0000005B575241505D205F5F61737337
:10E390006572742025733A25642025733A2025730D
:10E3A0000D0A00005B575241505D2070616E696339
:10E3B0002829206C723D2530386C780D0A00000049
:10E3C0000A2A2A2A2050414E4943202A2A2A0A0092
:10E3D0006E6F7420737570706F72746564000000E6
:10E3E0004E6F207370696E6C6F636B732061726522
:10E3F00020617661696C61626C6500004E6F20750A
:10E400007365722049525173206172652061766193
:10E41000696C61626C650000486172647761726565
:10E4200020616C61726D20256420616C726561648D
:10E430007920636C61696D65640000004F7574201C
:10E440006F66206D656D6F727900000052656C65B6
:10E4500061736500626F6F74325F77323571303887
:10E4600030000000322E322E300000007069636FE1
:10E4700000000000454E45524749535F6669726D82
:10E48000776172655F76312E312E305F7661726909
:10E49000616E742D313900004A756C2031342032A0
:10E4A00030323600666E692B00000000666E69002F
:10E4B0006E616E00666E692D0000000055534220AB
:10E4C000737464696E202F207374646F7574000018
:10E4D00052617370626572727920506900000000A9
:10E4E0005069636F00000000426F61726420434412
:10E4F000430000005265736574000000556E68614A
:10E500006E646C65642049525120307825780A0089
:10E51000657020253032582077617320616C7265F8
:10E5200061647920617661696C61626C65000000EC
:10E5300043616E277420636F6E74696E7565207811
:10E54000666572206F6E20696E61637469766520FE
:10E550006570202530325800433A2F4465762F5F8E
:10E560004769744875622F48575F31302D496E2DC9
:10E570005261636B5F5044552F7372632F536F6604
:10E5800074776172652F454E45524749535F525427
:10E590004F532F6C69622F4672656552544F532D4D
:10E5A0004B65726E656C2F706F727461626C652F53
:10E5B000546869726450617274792F4743432F52D3
:10E5C00050323034302F706F72742E6300000000B0
:10E5D000433A2F4465762F5F4769744875622F4828
:10E5E000575F31302D496E2D5261636B5F5044553A
:10E5F0002F7372632F536F6674776172652F454E68
:10E6000045524749535F52544F532F6C69622F460E
:10E6100072656552544F532D4B65726E656C2F6554
:10E6200076656E745F67726F7570732E630000009D
:10E63000433A2F4465762F5F4769744875622F48C7
:10E64000575F31302D496E2D5261636B5F504455D9
:10E650002F7372632F536F6674776172652F454E07
:10E6600045524749535F52544F532F6C69622F46AE
:10E6700072656552544F532D4B65726E656C2F71E8
:10E68000756575652E630000433A2F4465762F5FEC
:10E690004769744875622F48575F31302D496E2D98
:10E6A0005261636B5F5044552F7372632F536F66D3
:10E6B00074776172652F454E45524749535F5254F6
:10E6C0004F532F6C69622F4672656552544F532D1C
:10E6D0004B65726E656C2F7461736B732E630000F3
:10E6E000433A2F4465762F5F4769744875622F4817
:10E6F000575F31302D496E2D5261636B5F50445529
:10E700002F7372632F536F6674776172652F454E56
:10E7100045524749535F52544F532F6C69622F46FD
:10E7200072656552544F532D4B65726E656C2F7434
:10E73000696D6572732E6300546D725100000000A4
:10E74000546D722053766300433A2F4465762F5FF1
:10E750004769744875622F48575F31302D496E2DD7
:10E760005261636B5F5044552F7372632F536F6612
:10E7700074776172652F454E45524749535F525435
:10E780004F532F6C69622F4672656552544F532D5B
:10E790004B65726E656C2F706F727461626C652F61
:10E7A0004D656D4D616E672F686561705F342E63D6
:10E7B000000000002E0000006E660000696E6974A3
:10E7C00079000000616E00004C435F434F4C4C41A8
:10E7D000544500004C435F4354595045000000002D
:10E7E0004C435F4D4F4E4554415259004C435F4E90
:10E7F000554D4552494300004C435F54494D450037
:10E800004C435F4D455353414745530042616C6C47
:10E810006F63207375636365656465640000000061
:10E820002F646174612F6A656E6B696E732F776FE9
:10E83000726B73706163652F474E552D746F6F6CEB
:10E84000636861696E2F61726D2D31342F7372634D
:10E850002F6E65776C69622D63796777696E2F6EAD
:10E8600065776C69622F6C6962632F7374646C697D
:10E87000622F6764746F612D6765746865782E63B5
:10E88000000000002F646174612F6A656E6B696E11
:10E89000732F776F726B73706163652F474E552DC1
:10E8A000746F6F6C636861696E2F61726D2D3134A6
:10E8B0002F7372632F6E65776C69622D637967774A
:10E8C000696E2F6E65776C69622F6C6962632F7356
:10E8D00074646C69622F6D707265632E6300000052
:10E8E00065256C64000000004A495300534A4953AF
:10E8F000000000004555434A500000000C42001043
:10E900005C410010FC4100106C4100108E41001071
:10E91000A0410010A8410010384100105F00000025
:10E92000060000007075626C696300000A2B060126
:10E930000401819B1901000000060A002B06010456
:10E9400001819B1901000000000000000000000090
:10E9500000000000000000000000000000000000B7
:10E9600000000000000000000000000000000000A7
:10E970000000000000000000000000000000000097
:10E9800000000000EC830210F0830210FC830210F0
:10E99000A4B10210ACB10210B4B10210C0B10210A7
:10E9A00098B900107AB9001066B9001054B9001077
:10E9B00040B900102AB900100CB90010D8B80010E6
:10E9C00066BA001044BA0010F2B90010AAB90010DB
:10E9D0002EBA001018BA001096B8001080B80010B7
:10E9E0003AB8001014B80010F4B70010E6B70010E1
:10E9F000D8B70010D2B700109CB70010ACB8001008
:10EA00000000000000000000000000000000000006
:10EA100000000000000000000000000000000000F6
:10EA200000000000000000000000000000000000E6
:10EA300000000000000000000000000000000000D6
:10EA400000000000000000000000000000000000C6
:10EA500000000000000000000000000000000000B6
:10EA600000000000000000000000000000000000A6
:10EA70000000000000000000000000000000000096
:10EA8000454E45524749532D312E312E300000005E
:10EA90000000000000000000000000000000000076
:10EAA0004C6F636174696F6E00000000000000002D
:10EAB0000000000000000000000000000000000056
:10EAC0000000000002454E000000C0A80016FFFF35
:10EAD000FF00C0A8000108080808000000000000AE
:10EAE000000000000161646D696E0000000000001C
:10EAF0000000000000000000000000000000000016
:10EB000000000000000000000161646D696E0000FB
:10EB100000000000000000000000000000000000F5
:10EB20000000000000000000000000004F4B0A0041
:10EB3000485454502F312E312035303320536572D4
:10EB40007669636520556E617661696C61626C659A
:10EB50000D0A436F6E74656E742D547970653A209A
:10EB60006170706C69636174696F6E2F6A736F6E28
:10EB70000D0A436F6E74656E742D4C656E67746814
:10EB80003A2036320D0A4163636573732D436F6E0D
:10EB900074726F6C2D416C6C6F772D4F7269676961
:10EBA0006E3A202A0D0A43616368652D436F6E74C7
:10EBB000726F6C3A206E6F2D63616368650D0A4356
:10EBC0006F6E6E656374696F6E3A20636C6F736508
:10EBD0000D0A0D0A7B226572726F72223A224F76FD
:10EBE000657263757272656E74206C6F636B6F759E
:10EBF0007420616374697665202D20726564756385
:10EC000065206C6F6164206669727374227D0000F8
:10EC1000485454502F312E3120343030204261641A
:10EC200020526571756573740D0A436F6E74656E5D
:10EC3000742D547970653A206170706C69636174E9
:10EC4000696F6E2F6A736F6E0D0A436F6E74656E17
:10EC5000742D4C656E6774683A2032360D0A416334
:10EC6000636573732D436F6E74726F6C2D416C6CA2
:10EC70006F772D4F726967696E3A202A0D0A4361DA
:10EC80006368652D436F6E74726F6C3A206E6F2DE2
:10EC900063616368650D0A436F6E6E656374696FC7
:10ECA0006E3A20636C6F73650D0A0D0A7B226572E4
:10ECB000726F72223A224D697373696E6720626FB8
:10ECC0006479227D00000000485454502F312E31C9
:10ECD00020323034204E6F20436F6E74656E740D99
:10ECE0000A4163636573732D436F6E74726F6C2D8D
:10ECF000416C6C6F772D4F726967696E3A202A0DEF
:10ED00000A43616368652D436F6E74726F6C3A20BD
:10ED10006E6F2D63616368650D0A436F6E6E656388
:10ED200074696F6E3A20636C6F73650D0A0D0A008B
:10ED3000485454502F312E312034303020426164F9
:10ED400020526571756573740D0A436F6E74656E3C
:10ED5000742D547970653A206170706C69636174C8
:10ED6000696F6E2F6A736F6E0D0A436F6E74656EF6
:10ED7000742D4C656E6774683A2033300D0A416318
:10ED8000636573732D436F6E74726F6C2D416C6C81
:10ED90006F772D4F726967696E3A202A0D0A4361B9
:10EDA0006368652D436F6E74726F6C3A206E6F2DC1
:10EDB00063616368650D0A436F6E6E656374696FA6
:10EDC0006E3A20636C6F73650D0A0D0A7B226572C3
:10EDD000726F72223A224D697373696E6720666F93
:10EDE000726D20626F6479227D0000001F8B080025
:10EDF000D5CD486A02FFED3D6B77DB3696DFF79C99
:10EE0000FD0F8CDA46622BCA92FC88E38732A9E3B5
:10EE1000B4DE4D3239B1B3DD39DD9E0412218913E0
:10EE20008AD490941D4FEAFFBEF702204582004825
:10EE3000CA769AD3C66D6C09C4E3E2E2BE71011EC4
:10EE40003D78F6F7938B7FBC3EB5E6C9C21FFDE760
:10EE50007F1CE15FCB27C1ECB84583169460192570
:10EE60002E7CB2E0E7684113624DE6248A6972DCC9
:10EE70007A7BF1DCD96F595B85A70159D0E3D6A520
:10EE800047AF966194B4AC4918243480DA579E9BFE
:10EE9000CC8F5D7AE94DA8C3BE742D2FF0128FF888
:10EEA0004E3C213E3D1EF4FAADB4AFC44B7C3A3A21
:10EEB0007D75FAE6A7B373EBF5B3B796639DD324DC
:10EEC000F182597CB4C59F96879D847E18416F73EB
:10EED000BAA0B9A15D127DC8C11927D7596BFC39F9
:10EEE00088C230B13EAD0BF0C771C6B3FE81F54D9F
:10EEF000FFA47F3AD8392C3F1CC0C3C170B033384F
:10EF0000293D4C3E26F0F0F4E9E9B3E7E5968B5550
:10EF100042DD032B9A8D4967B8BDD3B586DB8FE000
:10EF2000D70E7CEAEDD9EAEA434DFDEDFD72835937
:10EF30001842F7DF0C8727BBBBA7A5A757240AE019
:10EF4000E9F3DDC7A7FD1FCBB322D8F4F4F90EFC1B
:10EF5000941E92C904B0A96FCC9F0FB1C2E347DBE6
:10EF600083BD528508162F9DC8CE6ED71AECEEC30E
:10EF7000AF01CEA33C8D784EDCF0EAC0EA5B83BDE6
:10EF8000E5476B671F7EB1A6FDAEC5FFEFEDEA5A00
:10EF90000DB1193618EE945B6D2B9A45076C94727F
:10EFA00039F434182A1E2C1151CA263109E2032BD8
:10EFB000BE8E13BA70565ED772C872E953879774C3
:10EFC000ADD6399D85D47A7BD6EA5A6FC2719884C2
:10EFD0005DEB67EA5FD2C49B90AEF534027EE85ADF
:10EFE000D88B13D3C89B9609220CC2036BE5B10FD3
:10EFF000F1924C68D73A7FFE12BE386FE86CE59309
:10F00000A86BBDA4810FFD422199C0DF93308843D6
:10F010009FC45D2B6B93EBF606D93CFDF2BDCC078C
:10F02000E3F0A3137BFF664B370E2397460E14E9DC
:10F030009AA300E9AEBF8E43F75AEE704EBDD91CBD
:10F04000C868D0EF7F274D6E41A29907E4D9D775E4
:10F05000AFEA6F0A5CEE4CC9C2F3AF0FAC4B12754E
:10F06000F81AC88BCC44435A0118547E3E26930F9D
:10F07000B3285C056E5A09F85FAE145ED268EA8761
:10F0800057CEC7036BEEB92E0D7490F6C63319D068
:10F0900065E8813C8A1C7A096C02341284013D9433
:10F0A000ABC420104340C1D4FB485DE9A91780D808
:10F0B0002D62077FFEED78814B012267A89F53F1F7
:10F0C00001FE44C445D13BC3BF0050E771BF0FCC24
:10F0D000B2CB7E930498F33BCBD9FFAEABE4D7E140
:10F0E000D0EE5A4904685E92081A43B3EFEC6EF50D
:10F0F000188F58EF3BBB628CC7FDEF709C6C8CC7C0
:10F10000D83D0C341CC218831D698C9DFD5A63F0D8
:10F1100019ECA4F3D8C531067DCD44FA7BF526E27F
:10F120007B0125D17A90C17EDFA5B36E8E52D69F2A
:10F130000736EB454B19200F64D270BD78E913A058
:10F14000DF59E4C9AB8E450E880EA8905007C878E9
:10F15000B5400933DCC6090EA691CC435EE0E45805
:10F16000EC72AE8523F65C3A2651994C531A8C41C9
:10F17000247DB896FA4FC26599047503B2FE88EBF8
:10F1800032E9A1109779A6D3A1982FDB2E9245F6EC
:10F19000ABD747E2503F19ECDA25DEE6722B12407E
:10F1A00002DE401C7AAEA683472AD1E046E1D2991E
:10F1B0007A3E3030C8417F1575502FC835B3759CE5
:10F1C000FA549E2B1639AE17D109C72E5F4979B173
:10F1D000C9B2842849AE00B1BA5AFA518C4B7C6F3F
:10F1E00016381E5010500D6A681A29072DABB96CDD
:10F1F000E55095E23FA94E11303F9C85325CCCCC66
:10F200003B00662CF59D528CE251BA5A4007AB5830
:10F21000095823B936F1A2894F51146C8328D85E5E
:10F220004B0269DDC12E9044C16E3D51B0BD9BA320
:10F23000D3A278796CAB65DBBE8A463FE66C9EA2B2
:10F24000F1224B5F5BAB36220A52C2BBA41ABDA5AA
:10F25000D05A1969C673B0CF3E18942F5BE18383EF
:10F26000319D861195575AD8DA0756ABA5058E8C75
:10F2700081EDC09C55AB3567A7640FE4C5030CE076
:10F280004DD6589F46E102F407C37C7ED1FAB86C94
:10F290009A1506C960EDE1D37C8347BBDFC9E8243A
:10F2A00081B72042042EBDC0DA8FC5A203A85374D3
:10F2B000594AE8058BCA4B80FD7A7B3AE4FDED03A1
:10F2C000BD9E46E0A4C4BCCF4FB254954B5829C252
:10F2D00009D85EC0C2860988FFCEF61E4E5906F8D0
:10F2E000C62C2CE603A5CD04561D05F6DA2DB197E4
:10F2F000CA0C63940FFE173026DA8F4C2CF4CA9C8C
:10F3000089785AAB1FC078851CEBC5ABB109B841F1
:10F310006984821DC79C235B09BEC314954960059F
:10F32000E4B2891CAD2FBF772A0625A5D5A71F13E8
:10F33000C7A593301264A7300DABE7BD56B4FDB23C
:10F34000AC560856DE5554922679FC6F973A6134D4
:10F3500029187ACD9FC05C43702F1890E27346BC89
:10F36000ECBB4E518EFD70F2C18CAD83398AAF92E9
:10F370005F92930D6A3DBED7D405C8B11BFB8806CA
:10F38000D7FF762435AF00B0472628734D1036518D
:10F390001A438DD2180CEDC64E4D41A9E07F03AD46
:10F3A0004EE172583B5360A73B3216337F65B7AFCF
:10F3B000A5E021EABFBED15E64B31800620618134F
:10F3C00041CFFE91C6EE03273B0917D586DFDEFD50
:10F3D000187E9B19604AECF79664461D16FD32496B
:10F3E000CD9D12E2D8D32B2197F7FAFD7A034DA2D7
:10F3F000D5C2289E870DC573712C6133C803A00741
:10F40000230C473D9C0B5256A219F9282867413E10
:10F41000A69D8293D2D7EB3C8BAC925037ECD6F7BB
:10F42000D60989DCD8FA7E2B3F0F282A874D54B2A3
:10F43000D6BE33FF6757EBFF0C35EE4F35FDEF9B24
:10F44000C48788ACF0F89ADDCCBEACB44F85CACE88
:10F4500018D5E40021B6EFCF0AED9B248E32D200FE
:10F46000EB242226E05EE8E20C034598416B443E23
:10F470003A6C14382AA3C7EA7941400DC25AB30C3A
:10F480001903F1C586AFB6719C6A49B4DD441229EF
:10F490006DCC6D03ABF655A24E482065BC7C7FD782
:10F4A00036B0F63937ED58C4A5C8E1B1D87970D86F
:10F4B000A3DB076F06D34811BAA974FE01C6E7683B
:10F4C0005021412E252184768BC31EDC6D70406651
:10F4D000CDB2E8E460F70D2C9B83CD2763EA1B24B3
:10F4E000FE401110B88DC669E0DE4E3DEABB609B60
:10F4F0002C572595843DC0E07A9D3254A89C42F853
:10F50000A4DA1C1FE8222195827B60579949C0002C
:10F5100003B09006FBAA5D932A23D2CCCFE12A4107
:10F52000CDA5F4590ABE029F6DDE4358AB17D945ED
:10F53000D02ECCC1349CAC628DB22D70BEB4C1B49F
:10F540005B6D1A63B845E8695836BB0E38BF461480
:10F550007A08FCEBDFBA9A0AC07C64EC53F7B7E692
:10F56000FECBB6DD98D25588A8768B56518CD583C4
:10F570003071880F5ABCB0F1200BA0B3D7166711B9
:10F58000CECF0519E42DF9ACEF430E312933ACF69B
:10F59000088CA49EB124AEF5DE67E44883A8281247
:10F5A000978442A534121D6DD3C5A1228EC050A9E7
:10F5B000416261FEC3DA819F74D60A16CFE33F67CA
:10F5C000E07C161163C41C001294CD439981D4C110
:10F5D0000FBD79A2F7B24CC070A9050490CCCB5EE8
:10F5E000CB67155EC0C03FAE40930792F5304E4AE0
:10F5F0007091E512FC11124CD4B2FDCE74D3EDE340
:10F60000364545BBB369DC2B9583C2DCDE382A96D0
:10F610000F7CA196CB07C964ADA78D8B79010BA593
:10F620006E2E2ACBD26D15A3614D7DB0722B580979
:10F63000A8411D745345C8FED17106E58048F532D6
:10F640003FB68DE3AB636A6A00FAC6AE9C65E4819F
:10F6500064BBBE13C6DB30A6B7AD8BE9153782CAD3
:10F66000B0CF224AEB880C7474068F41F93DDEB9A5
:10F670001DE0C58E86599CA1583EA8003BA26E1D78
:10F68000746F0332F6F6F9BF5B61BBD0D1701D41D8
:10F690002D94F7F7CD501FA4C69A0CFADA35DF6D1A
:10F6A000643B49146BE23910CC6F6066A1CAACC2EE
:10F6B0002987CD6D2A953B594F803087E92AC2F6BC
:10F6C000F85B8BB33C604AC7EE0E4CBE3DA33BB823
:10F6D0006D760715CAC22CE5739EA8290E58983975
:10F6E00037F493EB253D6EB1F256C9D8E7A9714EB8
:10F6F00001365E268397BAC17BDA1DF38A00C145C5
:10F70000389BF9D48AC1D898CC8B7494B0478E7842
:10F71000D4343824AB2679E726BFDF5FD6C139C49D
:10F720002A9EA6731B2AC23966AD5CCFB52FCE5C6C
:10F730006954673CDE57CF4997F2523D28D846A618
:10F74000589C261E699E779D68653D73ACA6193747
:10F75000B40D164FAFB4BF27995C8F1F3F366E6E46
:10F76000E410A50BED56234C1BFBCD3867BF445D61
:10F7700029BB959FF8749A281D4E1108ABE18ACADF
:10F7800048DCBF150E770BE91195F47D3099D3C98C
:10F7900007EAFE60A6C332D0D2BEE06E9D1843B128
:10F7A000CD4E3D7745998FB76FDFC1247534A4D90D
:10F7B000E0ED9BCD579DB82E858F1392AC626B41C7
:10F7C000E398CC6851F4129F468976BF8A6FD86F50
:10F7D000ECB8C821DA9D062A534A4D44309D78057D
:10F7E000738DE34A52914CC2DD9AB24532558DDE9B
:10F7F0001E26B3DB15E0D2280A6BD075C114AC0D00
:10F80000AC64A21A811D1BF64B803E5E471484B681
:10F81000E4782F79A183D28B788A4D9B7C36CBBE3E
:10F8200061E978478E722FB279A8B1EE96A16ECBBE
:10F83000BD8A640B3BFD8D761CF4B3EEE149953235
:10F840000237D99EE98BDC5AD908D46D77DCC556CE
:10F850008A7262FA0DB67A31AA66F6B1941F9C904C
:10F8600028592D91AC67F416495A6A43572083AB47
:10F87000D95B242C0844E1F91F4D9C5479D0601DBC
:10F880008EDD31ECDC3C4232E8FFC5766EB4F8FD2B
:10F8900012365F043884EDD4C68DDD615362C182B7
:10F8A000C41F2ABCECFA2224A24B4A920EA2605A30
:10F8B0004AFBA8070A8A92CFE250FF731527DEF4AD
:10F8C000DAC92C6865E30DB448C6477B3C81DCCCC3
:10F8D00046FB9B725139627C77394AEB95C8BBF97C
:10F8E000CCEC0422DED4D3570B5AC47F14FAF17D3A
:10F8F00064F7F76FA5664B102AA33D0D144F05D68C
:10F900004BE3F1B0B5D680D6C9E9E67B0D1B0BEE13
:10F910009A7B0CB792D8F93C89FDFE86025D83DBA9
:10F920004D85FBCE5DEE4D5D84244EE4A015167D25
:10F930006A724E8ED9CA0A2F88DB1ABB256B40E546
:10F9400016769C5DCCE572060AE750F2DBF675A4EC
:10F95000FECD743ADD8C4C748977DA9CB1FE61E39C
:10F96000B386F9E083E807831085C4ED524C22CBBF
:10F97000DDC524CA46B4ABCEA5DD372557B3A5EF08
:10F980006DE68DEE6FE68DEE5641B389B3B9BF9942
:10F99000B359098B174CC3A6F19CFAB014DB55027E
:10F9A00013CFC32B6D4C75509FE30C7B797352CEF4
:10F9B00046CE74E397BD455D7D106E7BEFFEF7ADDF
:10F9C0000DF183BF2DA8EB11AB93F38CF6F750F636
:10F9D000C908571D5F35673A960F2B493D6A0EA23D
:10F9E000560BFA7C249CB9EAA86E147552576FAF77
:10F9F0008C7E7D58D0C153C3B6AE7A79AF7F185B89
:10FA000094C454D120139AFB2AE0EACA7A2DDE7AF4
:10FA1000E1B2BC45AC9F57BFBA6315A3A9B6801429
:10FA2000EE105B349F4CA8D1262D0FA9CAE72FEA10
:10FA3000DAB23E5760C494A77B4B2AD5BB87D56EFC
:10FA4000E08ED20D2C1EDBC33F475BF9BB498EE233
:10FA500049E42D93DC4D255B5BD60B14173C30023B
:10FA6000BD27D13548107F492360F4C88A71073A11
:10FA700012B74FC4EB7624BE0E26D67415F004E7F9
:10FA8000294D26F35FBC64FE063BE8AC22BF0BB2F7
:10FA90009A7BD4C7D6A79BAE45129C4B825F77B3A7
:10FAA0006B5A9E5158FC9758B6DDEF9704834F135D
:10FAB000CBC51AF0BCD8A0249122AB83B53DA8D900
:10FAC0003F843F47D978F0ED871F6C35315FAB8AB3
:10FAD000C5CE0F988811F446AE8897F0E91566A553
:10FAE00062E3754B4C9BCB1A473DFCDAD1B560B352
:10FAF000240981FAC1CAF735B518B069BDFF3AFFCC
:10FB0000FBABDE12EFCCE960D7F6A175634D08EED2
:10FB10006174DEC154D1EE051F0EB72B5825307F1E
:10FB2000F39451907553AB03ECFEC17AF89077FED5
:10FB3000E0988361EB50833F4025AB28600D34E0B3
:10FB40006A864BE611E8F4805E59A768F5743A6C52
:10FB50004C3136B7846CEB49EE9B756075DA3F5FCC
:10FB60005CBCB6DAD60F80C998ED88D82A5C6628C6
:10FB7000A05AD871B6402230C58C1A1D6B600BB0EC
:10FB8000A8662E7C1511E8D751B8F000E91105924E
:10FB90001D819B935C780B0A4E12967439ADDABACC
:10FBA000754E29F92549E63DF0BB3A4330784523A7
:10FBB000EB7B6BA89C53BD53B9191B5E82F30EC837
:10FBC000A367CB338C2D74588441C95750734519A2
:10FBD0005F418D1EFBD603D18272B6B3F57FCFB6DF
:10FBE000665DABDD96414A1BADA780C60BFF463E66
:10FBF000E28D388CDECE82A4C3AADAD6EFBF83F9B9
:10FC00006597B69AB331A133F6F750168EB8541CE7
:10FC10002A9F06B3646E8D4046281796735CC039E0
:10FC20008E778D5F4E7DBA004571EE8D41B1CC9ED1
:10FC300028CA54AA1F46C58A4F7A0999BDC2003006
:10FC4000124BFBECD5EBB7176D9B0DD2635E6DA726
:10FC5000EE81E96C696634395B3E0702FA09057E7C
:10FC60008789FD33D7569C3782D9B069A058746113
:10FC70003004B9F7AF158DAECF995F1D464F7DBFEC
:10FC8000F3FE9B6F3F894E6E78FDF7324C824D9F9D
:10FC90004611B9EEE1F1764E0FB10DABB5E49F918F
:10FCA0008C73CB61F7FE09265FA7DD6B6B6DE66C8D
:10FCB00042314EE8222C4C0704FBB2342544EA03BF
:10FCC0002CE7F01CAA260C74C3E6EB2D7B601078A1
:10FCD000890CC25DA386F782C7484E0948768E0C10
:10FCE00080DE961002E330D07EF57E435A6EF7EB4D
:10FCF0002006FC16BE73DB113BB75D4BB89C9AE542
:10FD0000E652ED9977999F16108CA0D71FAFCFDCE4
:10FD10004E9B5772449725EC647D306D73220E42E2
:10FD20001EA79BC7DADA139FC43127F5144A90C087
:10FD30006DBEBD5CD8BD6D83302E943309DDD6F623
:10FD4000CC0C8F9EB0F0A0F736CBEF6957E26F4E28
:10FD500002D7A7E7ABF102E880851B4A6863A518C4
:10FD6000B9C7BFCFE894AC7CAE609514B384C1250D
:10FD7000F66B7B4B6E7969A86C0642F48A412D378D
:10FD8000144F8CADE3D538A089A2317F606CEB3283
:10FD90008B496E08A5B956AA7668953F136604A8E4
:10FDA000AAE7E22B472088B308BA2CC7067925B406
:10FDB0007211256DC6BFC64A62FA50537C3257E7AE
:10FDC000136E77054ACC95619250D3E5C69506AF80
:10FDD00040133F268196FD3BED314B46175175DEB2
:10FDE000A0F55B995BD29E7A5986E631D8580A45D0
:10FDF000C44DBFF616597A5BA93300502A14D1823C
:10FE00002673BC28AFFDFAEFE7176DC53D2F7C3791
:10FE1000196C788D79D2165CEB5C00F06D64B625B8
:10FE2000C8C209BBC1610B9CE8AB2B879D7B033B20
:10FE3000940693D0A5AE6A949BAECA237431A001F8
:10FE400074F1F6CD8B734AA2C9FC3589C822EEA4A1
:10FE50002B60F792F03CC1686AC796349B5DEEAFA9
:10FE600097CC698046CF12D685A2CC4C3FF7FE19BD
:10FE70008741C7D6B6E116ECC864A1E56D41D960EB
:10FE8000CC3D2BAD54B6B66BF9DB4E2F78B4627215
:10FE9000096B2C24D9140CDCEB07D6C59C5AFCF654
:10FEA00048F0E77D1FE6300EC3A4D7EBB5BB8C1638
:10FEB000F443E8754F5B68124E866D3B5331D4C7EF
:10FEC00069535F2638FD2068A64DC2559080EB8EA1
:10FED00014BF6B743958A40674168A71101EE25B45
:10FEE000A7631BB0CD5B8B111CE7505F0BD7650D73
:10FEF000CB11785946078175EC039D6570A4E0D954
:10FF000087E656575E0043F4405330B2079BD40F48
:10FF100089DB3135BB01ACC6B40A9C1C55BCDF8CF7
:10FF20002AACCEB79F321CDCD8EFD744A2854CE375
:10FF30001C7559B05B69F0AB1887F9351DEE0FE9F8
:10FF40001773C2AE64A49C3B3A6DC62F0740C91913
:10FF5000B7546085D5EBA5B96668EC3C271ED2691D
:10FF600012323C5939E9372580716D9F2AD9CA5A16
:10FF70002827ACB307042510D73D4515F6C28B41A1
:10FF8000365298191204C0A0A46CA5B4BE530196B1
:10FF9000F66A58898265BCB634BA19067B652DAB02
:10FFA0006E5B3436721D6894AFBA9782D591EB447C
:10FFB000AD93D57DAC0D905C074A555D9291B22111
:10FFC000BB2013908BA9799D7506C58CEADACD7B91
:10FFD000C46B4D89FF2E582DC63452F55DA8908D07
:10FFE000D2688CA9172DAE4844DF5D820AF7986865
:10FFF0002F0D23D7D96CA43989DCAA91E43A9B62EE
:020000041003E7
:100000008E0BBA77119D69062A54D86C3E9355849D
:100010000738DFF91E8805D518850A9B8D81971052
:10002000435FFA310A15369C47E4E18DBABE61227E
:10003000851AB75C13CC8F32AC083E6E3A8354AB52
:10004000AABA4D9F1D36B1783AEF790E0BBF2B1B24
:10005000436AEF56011ADCBFB2FE8F5BDF7ECA0631
:10006000C89EDEB47E7B6FF7449EF5DAECBE675522
:1000700068A1DA0040B21937D18D395588DD588230
:10008000626BA9C49BB288C43E44EE6EC1B291AA11
:100090006E6D61F8E9F838CBF37D4902D0CD0BE6FF
:1000A000D8E3CFBA2ADA8A22F11730FAEB6F87C584
:1000B00047224383F7530E346315B6E78AE1CC68D1
:1000C000FD5C13DC6039159D458C172582A7A209BC
:1000D0006AA0C1AB2745365CC92D63A122EA6B42F9
:1000E00045CC20F67182ED3424A1688F20F1B01D3B
:1000F0008F4FD8691B65B882998EC566B809BE6EE8
:10010000C5BE951A15C2267C322C420D8DCA75A526
:10011000804C2C471E2F43CFC57AE1740ACBF30BDA
:100120006E2D6A064423082D225079B00E4AF4AD94
:10013000D7D1E626781AA2CE3D2865B7E4963E17B9
:10014000D4E6165661EC882EC24B9A0EDFC56D9B25
:100150007E75440C37BA2E421687ECE067658890AE
:100160008729BD38572DA503D6010B5A5E22440FAF
:100170001E5CDABD183C638A21E77D1BAFFD02C11E
:10018000C07BE8C0F729D8ED1DCE90858ACA804B88
:10019000B84A44CC44D55ED964010D5E315B424C13
:1001A00067341A59FD1A9B52FB62370AC6C488E2AB
:1001B000314CA5B3B01E5A9D8175746479B6268200
:1001C0000BD52B714C10F88BF025C0D381CFCAA072
:1001D000FF8241521F4C5C16E80B40B5A1EDEFC702
:1001E000199C6A3017253CA84105D1E9D228138013
:1001F0006AF1E103B99904487ACC01EB9518010B37
:10020000F98D553F5FBC7C812CDAAE31ED5DFD5E32
:10021000A188526338988F0B3412B89D8F488E1F77
:100220007BC0BE28393CB6DFF1C9F2DC03CBEBB2B0
:1002300017481CC0C85D46BE98507073A8EB196B78
:1002400000F9A178C8F1CA926D11DBDA56EC904240
:100250000E479388825F20D004868477D9563686ED
:10026000664501963BF4A03658F878E23844F3111D
:1002700079C3E298BCACAD9D1C3BA8F04B44969B67
:10028000CC70DD83A1355EE8A16CCE1A2A31C49E04
:10029000B4B54D8A92BE2DF42D2A868E07BF06DA9C
:1002A000C1709E9807039C7132F77CB7C34A6DCD2D
:1002B0001695A4CE39E919B7B2F9898B0D50C1B39F
:1002C00097A071111D85931C6D633B0927E7BCA5A1
:1002D000AE8D1A1BAC27CD06A9764710403D0B4CBE
:1002E000D4C36C57E5AC455B250930BBDCD086ED4B
:1002F000A1CE439F734AFB14035F5655A305F9F83B
:1003000082EF731E5BC35D43C56C57AAC7CEA7E8D7
:100310001C99B43A4A26EB7D0E72E7DB4FDECD7BAB
:10032000038FA7E7209A339D68A9449A78A6E776B9
:100330008C3049817D69D834A2AAE84234EE711B21
:10034000CE4AAB1A6A1660C4AB6AB29B314CAD643C
:100350005286625375B04AC0F6F80055B92585E556
:100360009C673B9E5E6AB9D4DF1811BC6D0D3C885A
:100370008A4A3444D435349170F00C3CC1841AEA72
:10038000CB48705903131A523ACA0B0081D2BAD51E
:10039000F9D8EAD894D04525618B42C7A0BBF2F5C5
:1003A0000577D5AC2D00D46AE27C5DDEDC36F02723
:1003B0005A04D24E714DFE142D8B8BBECE4153ADDF
:1003C0006166254DE6DC4C82BFCC3C9CCC35865228
:1003D0006E43028FB8348792E93868AA00138BDB2A
:1003E000C64D107FEC1B8664474CB483425B99B8C2
:1003F0004F7E66AA1B26ADD1DD39536CBC91A2613C
:100400001D8C33864D4F01B5F555D77193070F8479
:10041000D5F8EB64FE9BBE414105A0F4772673F846
:10042000CB27C554817609F29409E8B1EBD69D8CAF
:100430007555531ACCD7C6E635929F94FC22FA53D1
:1004400035673E40012A686C48DBE18E0C7A26C293
:1004500044E141AE4EB57B3B097DAC89AE176ED908
:10046000BF3DEB78BAC41EC26CFC9ACE6673EE53E5
:10047000D1A2E438E528C1954841295D3979715701
:10048000153A7EF830478495D8646EA1EC99EAF06D
:1004900029A594168264F264251752DEDDCF8254BA
:1004A000ED1722EA97BA6D6C735784784A4708AE05
:1004B000F538159997B974D075B62BDF6E827A53DB
:1004C0006FE68881304520B7E16FB59F4E2674995D
:1004D000C8BBFAB8D9D4B66E704B708F4553546B05
:1004E000B00EEC65F992C56009DB1517B5EC2C81EF
:1004F000326D76508C07E612750A31C1AC6F144626
:10050000E194F7212AF1C058BABF920E903E3CD038
:1005100025AE9A5729BFDF9FE58022BBE27AE180B2
:100520006C7B55BBC9B65EE3343C2A7284D9ABE51B
:10053000BA3C95193E99963CB7D79506BD7264674B
:10054000D8A6356E392B40C35E315D631DB9AC93BF
:10055000EE9965B42AE23945C2A8B5C21BAF526E06
:100560004252203C652BEB4D11DB22F4AAEA4B836F
:10057000EAA102D5954995798B5A2772D1583BF556
:100580006B48C4D43D72CB9270DD13328AE8F18996
:10059000E85AF86418EAB17B49E42D3ACAB03656F5
:1005A000C6E4EC1C32B96FC887E7BD7706CE7097FA
:1005B000BF0FD5CEE3310D88CB24C21256A1619670
:1005C000250BDEA3340833A19210170CF80A8FE331
:1005D000609D3A9DB39021486D98B35AC53DB4FAD9
:1005E0001F9F3FD7246BB1372B1E2B938ECA07C694
:1005F000DC6BA1AA3B6D6E2E335641FFCA58D74320
:100600009612694B0090B12E73C17954CE580F6782
:10061000BCEE95C7A14DF5F172B3EB77355AE57392
:1006200013CACAE256F9649BA48E1912C5D8FC9A63
:10063000E78371056EDA98DBE0AC437A8682A765C2
:100640001C16D3FC1B9E7478C08E3AFCFEBBA53AE8
:1006500077609BB3A498EF15CFF28AD2706881C5FA
:1006600006AC2913966D4386909CDF0623D8CD8E69
:100670005498CF62E817EB1D5BA6B2AEE239514544
:100680004D256D58566CCDCA1D6311600BFE64D9A3
:10069000454F0ADF2474E525D34DB5F55D0C28E8F8
:1006A000B4C0EDA5111FE756F2C82C016486BF2522
:1006B0007F772B6CCEAE9AD96FC5DF8623551A5340
:1006C0003A636C73EE6105E7AAD2448B954A0CCA73
:1006D000035729CD99C6AF71DAA9FAE8516122D53D
:1006E000B9937CFF4271884CB0198FA5B5DB55E9F1
:1006F000943262B04B8C19D79FFD4D25623EDDD4FC
:1007000097581BC823CE779F5D221531D450260100
:1007100058228870F712A9818CC95DCC01B2E6AB72
:100720008CF9DC32E67C9D7AF35715340D51F0C715
:10073000491BC1AFA93716B3532B9FD7062AA3AACB
:10074000A1D861F93EA9E0B93743888DD2FE2A7756
:10075000BE5CB973822BF4579538B527FFC7CB1A07
:10076000C6499FDFB42960A8A18851EE90A825CD85
:100770009594BBA338D05AB8364C9D0D8ABD68F20B
:1007800041F15139CB4B994CC62E976BBA33C84ABD
:10079000F168E2D30404C87895D04E1B24115B2E77
:1007A000013BBFE94CD352DA4D7C0A72EADA090305
:1007B00047343E68ABE653D873C36EB48721F9055E
:1007C00076869C1E356CBC986F0BCAF35027482E5A
:1007D00093576160CA1EE27762B4CB7789B18659BC
:1007E000CE4A1B6F546A6B2A49C87AA5A82A20CF23
:1007F0006348B4B63F4B769F66FFE201D027D2B084
:100800001728F3D833243647A0C04F86C0D4EAD780
:10081000D52BE250A4088134E09F446C3A0D153F7B
:10082000492BE0151BE54C3575EC5EB50015BB801A
:10083000A2513A8752F29AB86EE489200F00474CD1
:10084000B3505143C56130999380A5B6694F3AF2D0
:1008500005488F46AE81D12C27AB789C52AB3EC960
:10086000A1606B35DE231239122EBF6020BB33032B
:10087000B79CB4DBECEC1E85F81579C5FC3EC9C904
:10088000ACB19D54256E3872AA7500BF19FF9CDF6C
:10089000155596FEBA93D9E9ED526D3B9750CEFBB4
:1008A000420EA081FE6E85EC24C4D31550EE0933B0
:1008B0002BE52310858D63AC27CE6ED8A63382043A
:1008C000EA6DF12B0B0CC704D9F9C05B9E6CD6AA5C
:1008D0004104E11D0DD841C976FE5C0CB7E9F883EF
:1008E00066E763042BD48A54904B8AC8E238D5A9B2
:1008F000F2E5954991830DF66E090B7A15466E7AED
:10090000B448A94926E67E98BB102DAAFA423E803B
:100910008E50AE5DB1FB8AA05B259BE66349A2CBFE
:100920001846C7572B590B449479A7526973DC2892
:100930008FBA04E931D7A6AB0C526FC0EED5E8B739
:1009400015875D84AF56687C8C325A4D151C313644
:100950006FF603B47B985F19D1101DA8B76FCE4E08
:10096000C2C512E41B489DE595C995630CB2F6E338
:10097000BEB45DAADA5715DC050B67971354B83976
:1009800039BA63F22A2E1C37AF4A02A814182A7605
:10099000531D71A877A851C373A60EAB0FDCAF31FE
:1009A00090734C1547CA491E3D666E6CE27609EF9E
:1009B00088E5DCE676DBD9897866E3D05E76334F6E
:1009C0003A648D8DA6F04538C3BC856A8DE2B38A42
:1009D0008AC087814453A12DDF80308FE81457638C
:1009E000AB7D5847E69B9B6F7AD8BEA853D36E8EDB
:1009F000B6B2FB048FB690CF47D8E71132667AE1E2
:100A0000A0EB5D5A4CDB1FB7C6B3D6E8680B0A14DF
:100A1000CF4010B472B7121E05247B24AC86FCE3D1
:100A200052CF11095CB9825C09D7A408805C73A419
:100A3000A6BAA3F96074FAEAF4CD4F67E730CB8128
:100A4000AE566EA878356E8DF8614DD77AFDECAD57
:100A5000765045B9B22CD7376046395362E14A1F08
:100A6000B78437DD9B270BBF353AE1DF8EB688A907
:100A7000CDFA583936CAD684BD2FB3354A6FCBA8C4
:100A8000E8042F8D14A3FE0C1F2B6AE3AB43DF2D6C
:100A900048B02229A86FA1044FB84249455BBC97D2
:100AA00075C1A8BBD8C3EB289C4564B1C0FC315DBF
:100AB00047327A8FB600A1A33C2BE4912DDE5F6014
:100AC000A2BD245C2AA833ABC52EC13A6EA5F79C03
:100AD000B2FBF6F337EC8BCB4CF14A7D76DD7C4BE9
:100AE000475E3C973F1D15EF536D5922B71E812875
:100AF00058E4ADD1C36F1E3F7AB47778B4C59B1963
:100B00006876A497E2F9692E8196F9E9A73C413409
:100B10006C3F895600F688DB9AAB28BB6705B8D7CF
:100B20000A6802FAE7037A43E094024E8CDD6FC252
:100B300051FA35C4AB62B52BE8B9C02085BBD75A92
:100B4000F2AAF2ABA2D7C245D1D303C7B152231444
:100B5000EF914C28572A8E5321B6306BB9C580408F
:100B6000CDC28EE8B56A882016166B991667BE9DB1
:100B70001F225D5B058C20F4B6AB56594248FE5DE2
:100B8000C33A6AC7B76814DF186164806C38F61A14
:100B90006E31DEFA2A6AD61DBF33BBF03E88D6E836
:100BA00094D9CA19F20F4069410F55A3F08861C664
:100BB000E3B9F7C465AB2FDE6DDEAF049975C8AF3E
:100BC0005B945EF691AD6B6ADDD7EA8A6140028D77
:100BD000BDA50E29B0CEE4B6D8EC4C6B5A87B31144
:100BE000F62558EC1EF5DDB872D972B4C96C7C7666
:100BF000E6A4D674F9524023507E39D3B7357A85AE
:100C000057B2AE97B56A52D252A4C020F8FCD5EACA
:100C10002DB13CD9086C8A8531AB7B6779B9EB2360
:100C200080C7AD17142DDDB14F820F68F77EA07419
:100C300099DE1FD1C2D746F170DC716B7B50B37760
:100C4000547F1370DF303F8181E7AC5152B5F0E63D
:100C500065BDBB8592DD0A21F4A3C56758B0D2D823
:100C60001B2C5A0A2D6E2FAD7B2FAED63D2E442D58
:100C7000FE2B8821F63A3F26042BC7169604471D03
:100C8000FF92D97CE91940F182F39C8921078AC03F
:100C90000C80926AD4320F786D3118ED91BA20D65B
:100CA00058D12272D87B5AF05D05B9173164EF61D3
:100CB00048FFF5D9BB42C52B1E14EFAEC057570CE9
:100CC00006506D1BD44A350419E6D67E636BC43FCB
:100CD000D540C36D8C1F8DF971CE2EBB4B8D2FC2AD
:100CE0008FF9D6B33FEED1E0504155C7E248ED4A07
:100CF000F96D974D1491BC03D94A8DBD62E9A8B630
:100D0000DC642A3177314575D33B5E67F6E208C073
:100D100020BB820FDD84D255BA75D6B2F0D203E380
:100D20009A225D3DE3467C76A9A292A49A92D64689
:100D30002456416A12A01554767B85282BC5DCCD3C
:100D40005D1930783AA3812AACA50E711B9093727D
:100D50007E448B5FD2952FAA371E8BF2E634DFB02C
:100D60006545F45F2B2FA26E1DF4D5E09DBB457346
:100D70001AFACA70FC4214DC1F9EB3210592D7DF19
:100D80008B88AB8FF03BC6705D3154C1EAAF849362
:100D9000FEE5F3BA0CE96764F6D1CBA727D653D7A3
:100DA000053D10DF1FC92DC824A536F631A2C40D9C
:100DB00003FFFA0B63C9D1D9EB4D71912AD4F40228
:100DC000D5CC028402869466F094BC708ECB3C83B2
:100DD000A2B9CB6A1CB7E4376924732FB61B09BECE
:100DE00082BB3EEAD5F2CCBFC2FAE783B536B77D07
:100DF0004EAEFC89DF1FBC294B16EE25FECA975F5D
:100E000061FDCA9777C397E7FCCD2178CE7A53DE90
:100E1000CCDFF6FD9535BFC2FA9535EF86359FBD1F
:100E20003A076F22BAA4D1A69C99DDA1FF952DBFE8
:100E3000C2FA1767CB3B0A488808CF994B83045FF7
:100E400037FEA5C71E53403F7BECB1F0060C4CE1CA
:100E5000C0AFE212EBFB0B52144715E18A626193BB
:100E600090D81719E1E0F8955FFDD11A3D1725D606
:100E7000FFF092FBC372696C81E852F99F04D7F2CC
:100E8000CB4F5AA39F45C9FDE3BA34B6C075A9FC40
:100E90000FC3F51D49D634686E3DB45EE0DB4CBE31
:100EA000E058EF1A54B2581E0A70FFA8DD1DFEA6C6
:100EB0009C4CE0BF615FEF7D87478C5ADCE3118576
:100EC0007F12AE2FBC25A8353A11AF6061AB7D7F94
:100ED000F82D8E2AF05B2CFC93E0B7F086A4D6E8C0
:100EE00017FED5BA984734C6B498FBC371716481B4
:100EF000E362E19F85860B2F88022216DF3F07966B
:100F0000A5B153522E967EF15AABB94663DAEC8204
:100F10002E96342209261DBF0DBC44AFCCCAB9B7EA
:100F20008A3CABBD8A3CABC6DA4DA3D964B06B2812
:100F3000B5FCD01171BDB069025F33CAE354C60677
:100F4000126446FDD85BC5297DADDF0966895782ED
:100F50006515C419B89AE39DF06675A8AD765EE193
:100F60005DCC774A807583395DB35479CAB93A3517
:100F7000477B9EB5F8E226FC81FA975EA09FAC788D
:100F80005E7394FF66B5EF6A92F72845341997951A
:100F900092A090CA28DE47ADCBB664C97075932580
:100FA000F5D961A8A3CAE71D4A075F7227B1E453C8
:100FB00059B8CEECAD60AD759E39FB46C075777CF7
:100FC000EF12936E43DF4BA8282249B8F026502D2C
:100FD0005AD175D21BCC801F0563E7C392853FFAB7
:100FE0007F5F805E8721CC0000000000A4B102106A
:100FF000ACB10210B4B10210C0B102101F8B0800D6
:101000001FCD486A02FFB5596D6FDC3612FE7EC0F7
:10101000FD0756859BDD83B42B695FBC5EAF176D02
:1010200013A709706D83B8C1DD7D3228892B119615
:101030004495A2D6768BFEF71B526F94567236BD3E
:101040001E9CC8125F86C399679E19D2BBAFDEFC97
:10105000FCFA97FF7CB8459148E2FDDFFFB693BFED
:10106000518CD3F0C620A9012DB28DE000DE10DA3C
:10107000254460E44798E744DC189F7E796B6D0C4B
:1010800034D7FA529C901BE348C963C6B83090CF5E
:1010900052415218FB480311DD04E4487D62A90F58
:1010A00093A654501C5BB98F6372E3CC6CA31424D9
:1010B000A888C9FEF6A7DB8F3FBCBF431FDE7C427A
:1010C00016FA94138E7EC46981E3DDBC1CD05FD414
:1010D0006731E3202C2209D1160E307F6874CCC50D
:1010E000733513A12D674CA0DFCB0F842CCB0BEDF8
:1010F0002DFADA7E6DDF3ACB6BBDD98166C7759666
:10110000CE6BAD593C0968BEFDEEF6CD5B7D7452E9
:1011100008126C110F3D3C71174B13B98B4B782C97
:10112000E16DB69E6A03B1EF837E20E2EDEAEAD676
:10113000FEFEA4C7955D57970B67AD75719A86B58E
:10114000F0E5CA44CE6A030F07642F74D97984038B
:10115000F6B8453672D6D9135A6EE0A126D9262A9A
:10116000FFCD56FA78BE5503F51658DE713B4D3962
:101170004EF32DCA9F734112ABA026B27096C5C420
:101180002A5B4C64DC919011F4E9BD61A28FCC63C1
:101190008299E81D898F44501F9BE83B0EBE369113
:1011A00094628133E9A112FD8784987CF947EB0BA7
:1011B0008F3D5939FD4D6DD6633C20DC82A6FE047F
:1011C0000955B37CF558F0DC4E8F080D2330AD6324
:1011D000DB17CD0612CC439A824DFA62BA730F80A8
:1011E0001BEB80131A3F6FD111F349B9F1D65A0A9C
:1011F00066751780A0EDF1B0FF107256A441DD0DA9
:10120000886ABBD991F0432CDD12D12020695F8F11
:101210009917B66A648C027EB9458E0005307BCA88
:101220005272DD76E610390C3673A04F2468DA6905
:101230000A61D9EE10A1DF2C9A06E4698B2C77485D
:10124000CBBA09218E031989A1FC0D0B4EAE6C1B84
:1012500020B3524F2C006617C8DA5C9883C873DD40
:10126000A9890407236598C36498763135C7655FFB
:101270002AA9CB5525FBCABE90F21BD957522C2C5C
:10128000E0BA20DB59F6642F372FCA2E355ED67AA6
:10129000AFA46CC71E51DC5EBFAC784C5382792B77
:1012A000DCD9D801094DCDB7EDBB3355B34F7C0A1E
:1012B00021D23A35A0791663C055C869EB35F9617A
:1012C000410441972016C0AB4864A0B90BB909E7A7
:1012D000C0AF07607D8C4E56CA69403CCC7508D5BE
:1012E00028C921021F9E1B3982653A4886C4C26CF8
:1012F0001C042AFE3AC4A0437CCC3CA5A957D28545
:10130000CD63664B470EF738ABA9164365B4F34A75
:1013100025B040CE621A8C4CBDEC065FC059661DEC
:10132000680C8103BC11177C2229AC1DD3D8FF1097
:1013300093764FF2C30A28277E69ADD203AD7B7046
:10134000D6318216AF009D60C0BB1DE938A6616A28
:1013500051F02FF854F23AE13DD13ACB3656978C02
:101360002DFF6BBDEDC2310B59BBAE4AA65B00BD74
:1013700026A7F669A7B1B62DF8ABC87B0B9FC50AA7
:101380003EE57E4C64602D20B0166D5CF5FCB258D5
:10139000F5036BF572602D561A72BA417A351D66E7
:1013A000864D17354F5ACE9376739775CAEBB3D5E2
:1013B0007480463981D8A347F239AEAEC0924790C7
:1013C000871F065289F2CC76EB9103E3A4F55055C2
:1013D0008B6C91610C2C8E3D8038540D7D1AB79624
:1013E0005AF6D2030FC451BFB5DE81B30458545925
:1013F0005037BA2DCD3EE2218839B496BDFA84CB60
:10140000D5456B1C9CD20457F491D1146DF2CA6D72
:10141000A0DE41566E9AB132EC5301C09FADFB067F
:10142000F9F6813C1F3894677929E5F79683DA77D6
:10143000546A01364BC0154C000D4E166BB9A156BF
:101440009D3F86832F727A991BAA0602D05E69D0CF
:10145000EE277EC01F1132B7E6526F196C333D1272
:10146000E42EAD8613C15223713FCB0B6F787147C9
:1014700093D6A916546D38ED2966293A1E0AF3143D
:101480001F3FC72EE770D7724434D6BC419E8415E7
:10149000109FF1CAE59D72E3A53DB469C2EEB2D5D5
:1014A00009DD94D3B9167FBACD16DA4485862A3879
:1014B0005ADC0368DDDC2C95A9DE1BD8A8EF539A13
:1014C000F762E63F0CEF7D1BC910D72A4E2DBE8672
:1014D00073CDFA9C125003B27A9529FDDF132D09C2
:1014E000F5D498615FF2CEB01E5F4293EE084D3A9C
:1014F000EEF4ACD2B543A0F2C719E5CF929F4EF6F9
:101500005391DCFF88D80402A24A68F699850FC47B
:10151000CF9FAA7B9AE278650FC0D99549C41E294E
:101520007D94611CB0AF230F78F238757952C2C038
:101530000148B0E4F335CCFAAFA861BEA4CA38B113
:10154000DC2CC321B1D4A17A98D0969A1954FB63AC
:10155000E590B56DBF2CD4E74532C292EE592CD937
:10156000CACD8283A55289262E96EE737A96EFB164
:10157000D7D0A9CC1908472634C99D3AAC030345F6
:1015800095CADC00036985EB3FBFB9062B0A996752
:1015900003A5A734D60B0D6DA9F21A617A7D0EC989
:1015A000F745F6E9F1642E9893704950270222AC72
:1015B0007BBC816BD72795A33EB365677AFD17F394
:1015C000F34BB5F262FD25C9CB2F782E17A90EEA91
:1015D0008328D89CC6DCB709819A1A4D12FC54F3B3
:1015E000DC660DDA4C5B9375CF8CA3E743FD64D8C2
:1015F000881F3A078EDF17B4370608175091D91A9B
:101600003B36B672D7BAB1C6529C258FD9D3FEB03D
:101610006A552D4FBB39223827DAC0868637FAE261
:101620007A42AA6E61D4D7F4A53DCF5846D291BA7A
:1016300052D3D51E16D205AE065D9AAA9AB073682B
:1016400007A3C6D8272394DB56AB08EDE6EDA5E348
:101650002EF739CD447501792852950421318561E1
:101660004CEECA4D4C342804CC2F12103DFBB52053
:10167000FCF98EC49035199FBCAA37FC6A3AF36313
:101680009CE7FFA4B998955226AFA4115E695CA1AE
:1016900054A8D7DDCDABCB5C7895175FA55A013D3B
:1016A0002225E8C6F04263BF9B43C3490FC0D2A8BE
:1016B00034DFC9E2A56AAE54A9BB7AD264A9DC764C
:1016C000753BE561495FAC1DA17D4243E4D497C100
:1016D000A0BDD3EDD3C4413D6EEC7FC429E49D4051
:1016E000DE1A9F08EE7CF7BE3439B0B78EC61845B7
:1016F0009C1CE4FD722A388B67F2DAD1D8BF2EBF6A
:1017000076733C3416A24A40FEC8ABC177D5E7C811
:10171000E888C45935F21DBC8E8C2A72C2EF13754D
:10172000055E0E6E1CA36A4863DFB9231F1421A354
:10173000BC3CD57504ED3F7006556602C557382090
:101740004037D56E0EE6D9D751A39BADAAFF86715F
:10175000501605274050917163D491A64A1ABD9442
:10176000A9C24A5630F27C716D749DEF155062A586
:10177000F51A327E0DC4523F86AA4F2ED9092A632C
:10178000FFCDD7579797EBEBDDBC9C7682A34E43FA
:1017900057FDB640EA59F98C69AA0402C7621E3C9B
:1017A000C2395B52AEC071ACBC6002C9CA2B7D2489
:1017B0000F9410B765764561015A9F0A3F0FD0CD4F
:1017C000372DABA55A97BA7C325A0139F7C16C4212
:1017D00064F9763E0F8E3448F003C945A4901B523D
:1017E0001115DE8CB2F9BB7FDD3BB6F53EB53E424E
:1017F00012BE87C89A97DBCFE75558DE4B9B946D96
:10180000F79C1CEF9D990D3FB0A25126911B43DE22
:10181000C46B0B9729B76AD67650AAAC6F226BA21D
:1018200012EA12DDFDEF0FE899151C799C3D4A8FF5
:10183000048CE45064889AB6918808B0C05B530E5B
:10184000433E4E61C4631A331C202A07C90348FC77
:101850003C148CFF4F7BE8EE1470FC977F45BBF780
:10186000629C3E18FB887022C36ED6DA236BA2AE50
:1018700021E4EA0D505CB2B7A274F9B7BBFF02676E
:101880008A5734CB1B0000001F8B0800D5CD486A57
:1018900002FFED3D6B77DB3696DFF79CFD0F8CDAB0
:1018A00046622BCA92FC88E38732A9E3B4DE4D324C
:1018B00039B1B3DD39DD9E04122189138AD49094A5
:1018C0001D4FEAFFBEF7022045820048CA769AD330
:1018D000C66D6C09C4E3E2E2BE71011E3D78F6F705
:1018E000938B7FBC3EB5E6C9C21FFDE77F1CE15F5D
:1018F000CB27C1ECB8458316946019252E7CB2E045
:10190000E7684113624DE6248A6972DC7A7BF1DC78
:10191000D96F595B85A70159D0E3D6A547AF96612A
:1019200094B4AC4918243480DA579E9BCC8F5D7AEE
:10193000E94DA8C3BE742D2FF0128FF84E3C213E06
:101940003D1EF4FAADB4AFC44B7C3A3A7D75FAE66D
:10195000A7B373EBF5B3B796639DD324F182597C9B
:10196000B4C59F96879D847E18416F73BAA0B9A1B4
:101970005D127DC8C11927D7596BFC3988C230B1B7
:101980003EAD0BF0C771C6B3FE81F54DFFA47F3AA3
:10199000D8392C3F1CC0C3C170B03338293D4C3EF0
:1019A00026F0F0F4E9E9B3E7E5968B5542DD032B29
:1019B0009A8D4967B8BDD3B586DB8FE0D70E7CEA38
:1019C000EDD9EAEA434DFDEDFD7283591842F7DF88
:1019D0000C8727BBBBA7A5A757240AE0E9F3DDC7FF
:1019E000A7FD1FCBB322D8F4F4F90EFC941E92C9C4
:1019F00004B0A96FCC9F0FB1C2E347DB83BD528512
:101A000008162F9DC8CE6ED71AECEEC3AF01CEA339
:101A10003C8D784EDCF0EAC0EA5B83BDE5476B673E
:101A20001F7EB1A6FDAEC5FFEFEDEA5A0DB1193626
:101A300018EE945B6D2B9A45076C947239F4341848
:101A40002A1E2C1151CA263109E2032BBE8E13BA6D
:101A500070565ED772C872E953879774ADD6399DB8
:101A600085D47A7BD6EA5A6FC27198845DEB67EAB7
:101A70005FD2C49B90AEF534027EE85AD88B13D364
:101A8000C89B9609220CC2036BE5B10FF1924C681A
:101A9000D73A7FFE12BE386FE86CE593A86BBDA401
:101AA000810FFD422199C0DF933088439FC45D2B95
:101AB0006B93EBF606D93CFDF2BDCC07E3F0A31324
:101AC0007BFF664B370E2397460E14E99AA300E975
:101AD000AEBF8E43F75AEE704EBDD91CC868D0EF2A
:101AE0007F274D6E41A29907E4D9D775AFEA6F0AF7
:101AF0005CEE4CC9C2F3AF0FAC4B1275F81AC88B31
:101B0000CC44435A0118547E3E26930FB3285C05FB
:101B10006E5A09F85FAE145ED268EA8757CEC703E3
:101B20006BEEB92E0D7490F6C63319D065E8813C82
:101B30008A1C7A096C02341284013D94ABC42010D3
:101B40004340C1D4FB485DE9A91780D82D62077FC7
:101B5000FEED78814B012267A89F53F101FE44C43A
:101B600045D13BC3BF0050E771BF0FCCB2CB7E93D2
:101B70000498F33BCBD9FFAEABE4D7E1D0EE5A49A2
:101B800004685E92081A43B3EFEC6EF5188F58EFB5
:101B90003BBB628CC7FDEF709C6C8CC7D83D0C348E
:101BA0001CC218831D698C9DFD5A63F019ECA4F3C7
:101BB000D8C531067DCD44FA7BF526E27B0125D1DF
:101BC0007A90C17EDFA5B36E8E52D69F0736EB4565
:101BD0004B19200F64D270BD78E913A0DF59E4C916
:101BE000AB8E450E880EA8905007C878B5400933D3
:101BF000DCC6090EA691CC435EE0E458EC72AE85DB
:101C000023F65C3A2651994C531A8C41247DB896A0
:101C1000FA4FC26599047503B2FE88EB32E9A11050
:101C20009779A6D3A1982FDB2E9245F6ABD747E242
:101C3000503F19ECDA25DEE6722B124002DE401C22
:101C40007AAEA683472AD1E046E1D2997A3E303077
:101C5000C8417F1575502FC835B3759CFA549E2B1B
:101C60001639AE17D109C72E5F4979B1C9B2842898
:101C700049AE00B1BA5AFA518C4B7C6F16381E50DF
:101C800010500D6A681A29072DABB96CE55095E222
:101C90003FA94E11303F9C85325CCCCC3B00662C7A
:101CA000F59D528CE251BA5A4007AB58095823B9F6
:101CB00036F1A2894F51146C8328D85E4B0269DD3E
:101CC000C12E9044C16E3D51B0BD9BA3D3A2787983
:101CD0006CAB65DBBE8A463FE66C9EA2F1224B5F91
:101CE0005BAB36220A52C2BBA41ABDA5D05A1969F1
:101CF000C673B0CF3E18942F5BE18383319D86116C
:101D000095575AD8DA0756ABA5058E8C81EDC09C45
:101D100055AB3567A7640FE4C5030CE04DD6589F5B
:101D200046E102F407C37C7ED1FAB86C9A1506C965
:101D300060EDE1D37C8347BBDFC9E82481B7204253
:101D4000042EBDC0DA8FC5A203A85374594AE80512
:101D50008BCA4B80FD7A7B3AE4FDED03BD9E46E0E5
:101D6000A4C4BCCF4FB254954B5829C209D85EC009
:101D7000C2860988FFCEF61E4E5906F8C62C2CE600
:101D800003A5CD04561D05F6DA2DB197CA0C639450
:101D90000FFE173026DA8F4C2CF4CA9C89785AAB88
:101DA0001FC078851CEBC5ABB109B8416984821DA1
:101DB000C79C235B09BEC31495496005E4B2891C26
:101DC000AD2FBF772A0625A5D5A71F13C7A593302A
:101DD0001264A7300DABE7BD56B4FDB2AC56085641
:101DE000DE5554922679FC6F973A613429187ACDE2
:101DF0009FC05C43702F1890E27346BCECBB4E5101
:101E00008EFD70F2C18CAD83398AAF925F92930DD3
:101E10006A3DBED7D405C8B11BFB8806D7FF762420
:101E200035AF00B0472628734D1036511A438DD276
:101E3000180CEDC64E4D41A9E07F03AD4EE172583E
:101E40003B5360A73B3216337F65B7AFA5E021EA6D
:101E5000BFBED15E64B318006206181341CFFE9175
:101E6000C6EE03273B0917D586DFDEFD187E9B19DA
:101E7000604AECF79664461D16FD3249CD9D12E28C
:101E8000D8D32B2197F7FAFD7A034DA2D5C2289E0D
:101E9000870DC573712C6133C803A007230C473D20
:101EA0009C0B5256A219F9282867413EA69D8293A1
:101EB000D2D7EB3C8BAC925037ECD6F7D60989DC05
:101EC000D8FA7E2B3F0F282A874D54B2D6BE33FF57
:101ED0006757EBFF0C35EE4F35FDEF9BC48788ACA1
:101EE000F0F89ADDCCBEACB44F85CACE18D5E4006C
:101EF00021B6EFCF0AED9B248E32D200EB242226AE
:101F0000E05EE8E20C034598416B443E3A6C1438BD
:101F10002AA3C7EA7941400DC25AB30C1903F1C58F
:101F200086AFB6719C6A49B4DD4412296DCC6D034D
:101F3000ABF655A24E482065BC7C7FD736B0F6394B
:101F400037ED58C4A5C8E1B1D87970D8A3DB076FC5
:101F500006D34811BAA974FE01C6E7685021412E84
:101F6000252184768BC31EDC6D704066CDB2E8E41B
:101F700060F70D2C9B83CD2763EA1B24FE401110D4
:101F8000B88DC669E0DE4E3DEABB609B2C572595B7
:101F9000843DC0E07A9D3254A89C42F8A4DA1C1F0C
:101FA000E8222195827B60579949C00003B09006D2
:101FB000FBAA5D932A23D2CCCFE12A41CDA5F459C7
:101FC0000ABE029F6DDE4358AB17D945D02ECCC157
:101FD000349CAC628DB22D70BEB4C1B45B6D1A631B
:101FE000B845E8695836BB0E38BF46147A08FCEB92
:101FF000DFBA9A0AC07C64EC53F7B7E6FECBB6DDD5
:1020000098D25588A8768B56518CD5833071880F1D
:102010005ABCB0F1200BA0B3D7166711CECF05196B
:10202000E42DF9ACEF430E312933ACF6088CA49EB5
:10203000B124AEF5DE67E44883A82812978442A550
:1020400034121D6DD3C5A1228EC050A9416261FE1C
:10205000C3DA819F74D60A16CFE33F67E07C16117E
:1020600063C41C001294CD439981D4C10FBD79A2E1
:10207000F7B24CC070A9050490CCCB5ECB67155E5F
:10208000C0C03FAE40930792F5304E4A7091E512C2
:10209000FC11124CD4B2FDCE74D3EDE3364545BBF2
:1020A000B369DC2B9583C2DCDE382A960F7CA196BF
:1020B000CB07C964ADA78D8B79010BA56E2E2ACBFA
:1020C000D26D15A3614D7DB0722B5809A8411D74C6
:1020D0005345C8FED17106E58048F5323FB68DE321
:1020E000AB636A6A00FAC6AE9C65E48164BBBE134A
:1020F000C6DB30A6B7AD8BE9153782CAB0CF224A0E
:10210000EB880C7474068F41F93DDEB91DE0C58E75
:1021100086599CA1583EA8003BA26E1D746F0332E5
:10212000F6F6F9BF5B61BBD0D1701D412D94F7F776
:10213000CD501FA4C69A0CFADA35DF6D643B491402
:102140006BE23910CC6F6066A1CAACC22987CD6D35
:102150002A953B594F803087E92AC2F6F85B8BB34A
:102160003C604AC7EE0E4CBE3DA33BB86D760715EA
:10217000CAC22CE5739EA8290E58983937F493EB00
:10218000253D6EB1F256C9D8E7A9714E01365E26DB
:102190008397BAC17BDA1DF38A00C145389BF9D415
:1021A0008AC1D898CC8B7494B0478E78D4343824B4
:1021B000AB2679E726BFDF5FD6C139C42A9EA67356
:1021C0001B2AC23966AD5CCFB52FCE5C6954673C23
:1021D000DE57CF4997F2523D28D846A6589C261E76
:1021E000699E779D68653D73ACA61937B40D164F8F
:1021F000AFB4BF27995C8F1F3F366E6EE410A50BFE
:10220000ED56234C1BFBCD3867BF445D29BB959F22
:10221000F8749A281D4E1108ABE18ACA48DCBF1534
:102220000E770BE91195F47D3099D3C907EAFE606A
:10223000A6C332D0D2BEE06E9D1843B1CD4E3D77DD
:1022400045998FB76FDFC1247534A4D9E0ED9BCDDC
:10225000579DB82E858F1392AC626B41E398CC6882
:1022600051F4129F468976BF8A6FD86FECB8C821A7
:10227000DA9D062A534A4D44309D7805738DE34A12
:1022800052914CC2DD9AB24532558DDE1E26B3DB2B
:1022900015E0D2280A6BD075C114AC0DAC64A21A3B
:1022A000811D1BF64B803E5E471484B6E4782F797F
:1022B000A183D28B788A4D9B7C36CBBE61E978476F
:1022C0008E722FB279A8B1EE96A16ECBBD8A640B47
:1022D0003BFD8D761CF4B3EEE14995320237D99E71
:1022E000E98BDC5AD908D46D77DCC5568A7262FA5C
:1022F0000DB67A31AA66F6B1941F9C9028592D919B
:10230000AC67F416495A6A43572083ABD95B242C37
:102310000844E1F91F4D9C5479D0601D8EDD31ECED
:10232000DC3C4232E8FFC5766EB4F8FD12365F043D
:102330003884EDD4C68DDD615362C182C41F2ABCCE
:10234000ECFA2224A24B4A920EA2605A4AFBA8073A
:102350000A8A92CFE250FF731527DEF4DAC92C689F
:1023600065E30DB448C6477B3C81DCCC46FB9B72E1
:102370005139627C77394AEB95C8BBF9CCEC042221
:10238000DED4D3570B5AC47F14FAF17D64F7F76F8C
:10239000A5664B102AA33D0D144F05D64BE3F1B0B3
:1023A000B5D680D6C9E9E67B0D1B0BEE9A7B0CB740
:1023B00092D8F93C89FDFE86025D83DB4D85FBCE1C
:1023C0005DEE4D5D84244EE4A015167D6A724E8E3E
:1023D000D9CA0A2F88DB1ABB256B40E516769C5DAF
:1023E000CCE572060AE750F2DBF675A4FECD743A2E
:1023F000DD8C4C748977DA9CB1FE61E3B386F9E039
:1024000083E807831085C4ED524C22CBDDC524CA76
:1024100046B4ABCEA5DD372557B3A5EF6DE68DEEFF
:102420006FE68DEE5641B389B3B9BF99B359098BA5
:10243000174CC3A6F19CFAB014DB550213CFC32B83
:102440006D4C75509FE30C7B797352CE46CE74E38E
:1024500097BD455D7D106E7BEFFEF7AD0DF183BF3F
:102460002DA8EB11AB93F38CF6F750F6C908571D66
:102470005F35673A960F2B493D6A0EA2560BFA7CE0
:10248000249CB9EAA86E147552576FAF8C7E7D58A4
:10249000D0C153C3B6AE7A79AF7F185B94C454D120
:1024A00020139AFB2AE0EACA7A2DDE7AE1B2BC4513
:1024B000AC9F57BFBA6315A3A9B68014EE105B3466
:1024C0009F4CA8D1262D0FA9CAE72FEADAB23E57B2
:1024D00060C494A77B4B2AD5BB87D56EE08ED20D06
:1024E0002C1EDBC33F475BF9BB498EE249E42D93C9
:1024F000DC4D255B5BD60B14173C3002BD27D13574
:1025000048107F492360F4C88A71073A12B74FC454
:10251000EB7624BE0E26D67415F004E7294D26F37B
:102520005FBC64FE063BE8AC22BF0BB29A7BD4C70B
:10253000D6A79BAE45129C4B825F77B36B5A9E51D8
:1025400058FC9758B6DDEF9704834F13CBC51AF0AC
:10255000BCD8A0249122AB83B53DA8D93F843F4786
:10256000D978F0ED871F6C35315FAB8AC5CE0F98F7
:102570008811F446AE8897F0E91566A562E3754BBD
:102580004C9BCB1A473DFCDAD1B560B3240981FAE4
:10259000C1CAF735B518B069BDFF3AFFFBABDE1213
:1025A000EFCCE960D7F6A175634D08EE6174DEC12A
:1025B00054D1EE051F0EB72B5825307FF394519060
:1025C0007553AB03ECFEC17AF89077FEE098836117
:1025D000EB50833F4025AB28600D34E06A864BE624
:1025E00011E8F4805E59A768F5743A6C4C3136B73F
:1025F000846CEB49EE9B756075DA3F5F5CBCB6DAC4
:10260000D60F80C998ED88D82A5C6628A05AD87160
:10261000B6402230C58C1A1D6B600BB0A8662E7CAC
:102620001511E8D751B8F000E91105921D819B936F
:102630005C780B0A4E12967439ADDABA754E29F9E8
:102640002549E63DF0BB3A4330784523EB7B6BA848
:102650009C53BD53B9191B5E82F30EC8A367CB33DD
:102660008C2D74588441C957507345195F418D1E94
:10267000FBD603D18272B6B3F57FCFB6665DABDD14
:1026800096414A1BADA780C60BFF463EE28D388CB3
:10269000DECE82A4C3AADAD6EFBF83F96597B69AD5
:1026A000B331A133F6F750168EB8541C2A9F06B3E7
:1026B000646E8D4046281796735CC0398E778D5FA7
:1026C0004E7DBA004571EE8D41B1CC9E28CA54AA08
:1026D0001F46C58A4F7A0999BDC20030124BFBECE8
:1026E000D5EBB7176D9B0DD2635E6DA7EE81E96CDC
:1026F000696634395B3E0702FA09057E8789FD3336
:10270000D7569C3782D9B069A05874613004B9F7A4
:10271000AF158DAECF995F1D464F7DBFF3FE9B6F0A
:102720003F894E6E78FDF7324C824D9F4611B9EECF
:10273000E1F1764E0FB10DABB5E49F918C73CB6197
:10274000F7FE09265FA7DD6B6B6DE66C42314EE844
:10275000222C4C0704FBB2342544EA032CE7F01C7E
:10276000AA260C74C3E6EB2D7B601078890CC25D41
:10277000A386F782C7484E0948768E0C80DE9610F5
:1027800002E330D07EF57E435A6EF7EB2006FC164E
:10279000BE73DB113BB75D4BB89C9AE5E652ED99F1
:1027A00077999F16108CA0D71FAFCFDC4E9B577226
:1027B000449725EC647D306D73220E421EA79BC7A3
:1027C000DADA139FC43127F5144A90C06DBEBD5CA0
:1027D000D8BD6D83302E943309DDD6F6CC0C8F9E98
:1027E000B0F0A0F736CBEF6957E26F4E02D7A7E7FC
:1027F000ABF102E880851B4A6863A518B9C7BFCF53
:10280000E894AC7CAE609514B384C125F66B7B4B29
:102810006E7969A86C0642F48A412D37144F8CAD4D
:10282000E3D538A089A2317F606CEB328B496E080A
:10283000A5B956AA7668953F136604A8AAE7E22BC5
:10284000472088B308BA2CC7067925B47211256DC4
:10285000C6BFC64A62FA50537C3257E7136E7705FB
:102860004ACC95619250D3E5C69506AF40133F26FA
:102870008196FD3BED314B46175175DEA0F55B9916
:102880005BD29E7A5986E631D8580A45C44DBFF6C8
:1028900016597A5BA93300502A14D1822673BC28BA
:1028A000AFFDFAEFE7176DC53D2F7C37196C788DBA
:1028B00079D2165CEB5C00F06D64B625C8C209BB2A
:1028C000C1610B9CE8AB2B879D7B033B940693D0A7
:1028D000A5AE6A949BAECA237431A00174F1F6CD03
:1028E0008B734AA2C9FC3589C822EEA42B60F792EB
:1028F000F03CC1686AC796349B5DEEAF97CC6980A7
:1029000046CF12D685A2CC4C3FF7FE198741C7D6D9
:10291000B6E116ECC864A1E56D41D960CC3D2BADA4
:1029200054B6B66BF9DB4E2F78B46272096B2C2467
:10293000D9140CDCEB07D6C59C5AFCF648F0E77DB1
:102940001FE6300EC3A4D7EBB5BB8C16F443E87575
:102950004F5B68124E866D3B5331D4C769535F2677
:1029600038FD2068A64DC2559080EB8E14BF6B7465
:102970003958A40674168A71101EE25BA7631BB057
:10298000CD5B8B111CE7505F0BD7650DCB117859D0
:1029900046078175EC039D6570A4E0D987E656571C
:1029A0005E0043F4405330B2079BD40F89DB3135CE
:1029B000BB01ACC6B40A9C1C55BCDF8C2AACCEB79C
:1029C0009F321CDCD8EFD744A2854CE31C7559B06C
:1029D0005B69F0AB1887F9351DEE0FE91773C2AECE
:1029E00064A49C3B3A6DC62F0740C919B754608553
:1029F000D5EBA5B96668EC3C271ED26912323C596A
:102A000039E9372580716D9F2AD9CA5A2827ACB376
:102A100007042510D73D4515F6C28B41365298194B
:102A20001204C0A0A46CA5B4BE530196F66A5889DE
:102A30008265BCB634BA19067B652DAB6E5B343645
:102A4000721D6894AFBA9782D591EB44AD93D57D52
:102A5000AC0D905C074A555D9291B221BB2013905A
:102A60008BA9799D7506C58CEADACD7BC46B4D893F
:102A7000FF2E582DC63452F55DA8908DD2688CA9D2
:102A8000172DAE4844DF5D820AF798682F0D23D7D3
:102A9000D96CA43989DCAA91E43A9B628E0BBA778F
:102AA000119D69062A54D86C3E9355840738DFF986
:102AB0001E8805D518850A9B8D819710435FFA31D2
:102AC0000A15369C47E4E18DBABE6122851AB75CCF
:102AD00013CC8F32AC083E6E3A8354ABAABA4D9FEA
:102AE0001D36B1783AEF790E0BBF2B1B436AEF56B8
:102AF000011ADCBFB2FE8F5BDF7ECA06C89EDEB461
:102B00007E7B6FF7449EF5DAECBE675568A1DA006C
:102B100040B21937D18D395588DD5882626BA9C40E
:102B20009BB288C43E44EE6EC1B291AA6E6D61F84C
:102B3000E9F838CBF37D4902D0CD0BE6D8E3CFBA24
:102B40002ADA8A22F11730FAEB6F87C547224383CE
:102B5000F7530E346315B6E78AE1CC68FD5C13DCED
:102B60006039159D458C172582A7A2096AA0C1ABC3
:102B70002745365CC92D63A122EA6B4245CC20F67D
:102B80007182ED3424A1688F20F1B01D8F4FD86978
:102B90001B65B882998EC566B809BE6EC5BE951A0A
:102BA00015C2267C322C420D8DCA75A5804C2C474F
:102BB0001E2F43CFC57AE1740ACBF30B6E2D6A0644
:102BC0004423082D225079B00E4AF4ADD7D1E62621
:102BD000781AA2CE3D2865B7E4963E17D4E616567D
:102BE00061EC882EC24B9A0EDFC56D9B7E75440C3E
:102BF00037BA2E421687ECE0676588908729BD3882
:102C0000572DA503D6010B5A5E22440F1E5CDABD78
:102C1000183C638A21E77D1BAFFD02C1C07BE8C081
:102C2000F729D8ED1DCE90858ACA804BB84A44CC8E
:102C300044D55ED964010D5E315B424C67341A594C
:102C4000FD1A9B52FB62370AC6C488E2314CA5B319
:102C5000B01E5A9D8175746479B626820BD52B718E
:102C60004C10F88BF025C0D381CFCAA0FF8241520F
:102C70001F4C5C16E80B40B5A1EDEFC7199C6A30FC
:102C800017253CA84105D1E9D22813806AF1E10358
:102C9000B99904487ACC01EB9518010BF98D553F91
:102CA0005FBC7C812CDAAE31ED5DFD5EA1885263A4
:102CB00038988F0B3412B89D8F488E1F7BC0BE286A
:102CC000393CB6DFF1C9F2DC03CBEBB217481CC0CC
:102CD000C85D46BE98507073A8EB196B00F9A178D7
:102CE000C8F1CA926D11DBDA56EC90420E47938818
:102CF000825F20D004868477D95636866645019651
:102D00003BF4A03658F878E23844F31179C3E298DE
:102D1000BCACAD9D1C3BA8F04B44969BCC70DD83B6
:102D2000A1355EE8A16CCE1A2A31C49EB4B54D8A95
:102D300092BE2DF42D2A868E07BF06DAC1709E98AA
:102D400007039C7132F77CB7C34A6DCD1695A4CEAC
:102D500039E919B7B2F9898B0D50C1B397A0711138
:102D60001D85931C6D633B0927E7BCA5AE8D1A1B1F
:102D7000AC27CD06A9764710403D0B4CD4C36C5709
:102D8000E5AC455B250930BBDCD086EDA1CE439F89
:102D9000734AFB14035F5655A305F9F882EF731EBF
:102DA0005BC35D43C56C57AAC7CEA7E81C99B43A6C
:102DB0004A26EB7D0E72E7DB4FDECD7B038FA7E764
:102DC000209A339D68A9449A78A6E7768C30498189
:102DD0007D69D834A2AAE84234EE711BCE4AAB1A00
:102DE0006A1660C4AB6AB29B314CAD6452866253C2
:102DF00075B04AC0F6F80055B92585E59C673B9E3D
:102E00005E6AB9D4DF1811BC6D0D3C888A4A34441F
:102E1000D435349170F00C3CC1841AEACB48705917
:102E200003131A523ACA0B0081D2BAD5F9D8EAD89C
:102E300094D04525618B42C7A0BBF2F50577D5AC90
:102E40002D00D46AE27C5DDEDC36F0275A04D24ED7
:102E5000714DFE142D8B8BBECE4153AD6166254D59
:102E6000E6DC4C82BFCC3C9CCC3586526E43028F54
:102E7000B8348792E93868AA00138BDBC64D107FFF
:102E8000EC1B8664474CB483425B99B84F7E66AABC
:102E90001B26ADD1DD39536CBC91A2611D8C3386EC
:102EA0004D4F01B5F555D77193070F84D5F8EB64F5
:102EB000FE9BBE414105A0F4772673F8CB27C5548D
:102EC000817609F29409E8B1EBD69D8C7555531AB9
:102ED000CCD7C6E635929F94FC22FA5335673E4024
:102EE000012A686C48DBE18E0C7A26C244E141AECF
:102EF0004EB57B3B097DAC89AE176ED9BF3DEB78F3
:102F0000BAC41EC26CFC9ACE6673EE53D1A2E438EA
:102F1000E528C1954841295D39797157153A7EF800
:102F200030478495D8646EA1EC99EAF029A59416EF
:102F30008264F264251752DEDDCF8254ED1722EA57
:102F400097BA6D6C735784784A4708AEF53815996F
:102F500097B974D075B62BDF6E827A536FE688818D
:102F6000304520B7E16FB59F4E267499C8BBFAB8BB
:102F7000D9D4B66E704B708F4553546BB00EEC6560
:102F8000F992C56009DB1517B5EC2C81326D7650CE
:102F90008C07E612750A31C1AC6F1446E194F72133
:102FA0002AF1C058BABF920E903E3CD025AE9A5737
:102FB00029BFDF9FE58022BBE27AE1806C7B55BBB5
:102FC000C9B65EE3343C2A7284D9ABE5BA3C9519A4
:102FD0003E99963CB7D79506BD726467D8A6356E04
:102FE000392B40C35E315D631DB9AC93EE9965B476
:102FF0002AE23945C2A8B5C21BAF526E4252203CEC
:10300000652BEB4D11DB22F4AAEA4B83EAA102D532
:10301000954995798B5A2772D1583BF56B48C4D4A2
:103020003D72CB9270DD13328AE8F189E85AF86478
:1030300018EAB17B49E42D3ACAB03656C6E4EC1C16
:1030400032B96FC887E7BD7706CE7097BF0FD5CE70
:10305000E3310D88CB24C21256A16196250BDEA365
:10306000340833A19210170CF80A8FE3609D3A9D43
:10307000B39021486D98B35AC53DB4FA1F9F3FD70E
:10308000246BB1372B1E2B938ECA07C6DC6BA1AA0B
:103090003B6D6E2E335641FFCA58D7439612694B8B
:1030A0000090B12E73C17954CE580F67BCEE95C70E
:1030B000A14DF5F172B3EB77355AE57313CACAE245
:1030C00056F9649BA48E1912C5D8FC9AE783710542
:1030D0006EDA98DBE0AC437A8682A7651C16D3FCD7
:1030E0001B9E7478C08E3AFCFEBBA53A77609BB3FA
:1030F000A498EF15CFF28AD2706881C506AC291367
:10310000966D4386909CDF0623D8CD8E5498CF626F
:10311000E817EB1D5BA6B2AEE23951454D256D585F
:10312000566CCDCA1D6311600BFE64D9454F0ADF92
:103130002474E525D34DB5F55D0C28E8B4C0EDA5A4
:10314000111FE756F2C82C016486BF257F772B6CD0
:10315000CEAE9AD96FC5DF8623551A533A636C7386
:10316000EE6105E7AAD2448B954A0CCA035729CDD4
:1031700099C6AF71DAA9FAE8516122D5B9937CFFFB
:103180004271884CB0198FA5B5DB55E9943262B015
:103190004B8C19D79FFD4D25623EDDD497581BC837
:1031A00023CE779F5D221531D45026015822887096
:1031B000F712A9818CC95DCC01B2E6AB8CF9DC3287
:1031C000E67C9D7AF35715340D51F0C7491BC1AF0A
:1031D000A93716B3532B9FD7062AA3AAA1D861F902
:1031E0003EA9E0B93743888DD2FE2A77BE5CB97319
:1031F000822BF4579538B527FFC7CB1AC6499FDFF6
:10320000B42960A8A18851EE90A825CD9594BBA3C0
:1032100038D05AB8364C9D0D8ABD68F241F151390B
:10322000CB4B994CC62E976BBA33C84AF168E2D3A0
:103230000404C87895D04E1B24115B2E013BBFE9D6
:103240004CD352DA4D7C0A72EADA090347343E68FD
:10325000ABE653D873C36EB48721F90576869C1EFE
:10326000356CBC986F0BCAF35027482E935761609A
:10327000CA1EE27762B4CB7789B18659CE4A1B6FFA
:10328000546A6B2A49C87AA5A82A20CF6348B4B6E5
:103290003F4B769F66FFE201D027D2B01728F3D8C4
:1032A00033243647A0C04F86C0D4EAD7D52BE2508E
:1032B000A4088134E09F446C3A0D153F492BE0157A
:1032C0001BE54C3575EC5EB50015BB80A2513A8705
:1032D00052F29AB86EE489200F00474CB350514324
:1032E000C56130999380A5B6694F3AF205488F467B
:1032F000AE81D12C27AB789C52AB3EC9A1606B3517
:10330000DE231239122EBF6020BB3303B79CB4DB1F
:10331000ECEC1E85F81579C5FC3EC9C9ACB19D54CD
:10332000256E3872AA7500BF19FF9CDF155596FEF1
:10333000BA93D9E9ED526D3B9750CEFB420EA08176
:10334000FE6E85EC24C4D31550EE09332BE5231013
:10335000858D63AC27CE6ED8A6338204EA6DF12B3F
:103360000B0CC704D9F9C05B9E6CD6AA4104E11DC1
:103370000DD841C976FE5C0CB7E9F88366E76304B3
:103380002BD48A54904B8AC8E238D5A9F2E59549E6
:1033900091830DF66E090B7A15466E7AB448A949E9
:1033A00026E67E98BB102DAAFA423E808E50AE5D76
:1033B000B1FB8AA05B259BE66349A2CB1846C757A1
:1033C0002B590B449479A7526973DC288FBA04E90E
:1033D00031D7A6AB0C526FC0EED5E8B715875D8428
:1033E000AF56687C8C325A4D151C31366FF603B4DB
:1033F0007B985F19D1101DA8B76FCE4EC2C512E4DD
:103400001B489DE595C995630CB2F6E3BEB45DAA71
:10341000DA5715DC050B67971354B83939BA63F2DC
:103420002A2E1C37AF4A02A814182A76531D71A8F9
:1034300077A851C373A60EAB0FDCAF3190734C1558
:1034400047CA491E3D666E6CE27609EF88E5DCE608
:1034500076DBD9897866E3D05E76334F3A648D8D1A
:10346000A6F04538C3BC856A8DE2B38A8AC08781DD
:103470004453A12DDF80308FE8145763AB7D58474C
:10348000E69B9B6F7AD8BEA853D36E8EB6B2FB0470
:103490008FB690CF47D8E71132667AE1A0EB5D5A3C
:1034A0004CDB1FB7C6B3D6E8680B0A14CF4010B484
:1034B00072B7121E05247B24AC86FCE352CF11099F
:1034C0005CB9825C09D7A408805C73A4A6BAA3F98E
:1034D0006074FAEAF4CD4F67E730CB81AE566EA840
:1034E00078356E8DF8614DD77AFDECAD765045B9E3
:1034F000B22CD7376046395362E14A1FB78437DDB3
:103500009B270BBF353AE1DF8EB688A9CDFA583933
:1035100036CAD684BD2FB3354A6FCBA8E8042F8DA9
:1035200014A3FE0C1F2B6AE3AB43DF2D48B0222906
:10353000A86FA1044FB84249455BBC9775C1A8BBB1
:10354000D8C3EB289C4564B1C0FC315D47327A8F0B
:10355000B600A1A33C2BE4912DDE5F60A2BD245CEC
:103560002AA833ABC52EC13A6EA5F79CB2FBF6F381
:1035700037EC8BCB4CF14A7D76DD7C4B475E3C973C
:103580003F1D15EF536D5922B71E812858E4ADD168
:10359000C36F1E3F7AB47778B4C59B196876A49739
:1035A000E2F9692E8196F9E9A73C41346C3F8956CE
:1035B00000F688DB9AAB28BB6705B8D70A6802FA21
:1035C000E7037A43E094024E8CDD6FC251FA35C4B2
:1035D000AB62B52BE8B9C02085BBD75AF2AAF2ABD3
:1035E000A2D7C245D1D303C7B1522314EF914C28BF
:1035F000572A8E5321B6306BB9C58040CDC28EE8B4
:10360000B56A882016166B991667BE9D1F225D5BF2
:10361000058C20F4B6AB56594248FE5DC33A6AC7E2
:10362000B76814DF186164806C38F61A6E31DEFA00
:103630002A6AD61DBF33BBF03E88D6E894D9CA1992
:10364000F20F4069410F55A3F08861C6E3B9F7C492
:1036500065AB2FDE6DDEAF049975C8AF5B945EF687
:1036600091AD6B6ADDD7EA8A6140028DBDA50E2956
:10367000B0CEE4B6D8EC4C6B5A87B311F62558ECB3
:103680001EF5DDB872D972B4C96C7C76E6A4D67426
:10369000F9524023507E39D3B7357A8557B2AE9769
:1036A000B56A52D252A4C020F8FCD5EA2DB13CD95B
:1036B000086C8A8531AB7B6779B9EB2380C7AD177E
:1036C000142DDDB14F820F68F77EA07499DE1FD1F3
:1036D000C2D746F170DC716B7B50B377547F1370A7
:1036E000DF303F8181E7AC5152B5F0E665BDBB8567
:1036F00092DD0A21F4A3C56758B0D2D81B2C5A0A10
:103700002D6E2FAD7B2FAED63D2E442DFE2B882166
:10371000F63A3F26042BC7169604471DFF92D97C24
:10372000E91940F182F39C8921078AC00C80926AD2
:10373000D4320F786D3118ED91BA20D658D122725B
:10374000D87B5AF05D05B9173164EF6148FFF5D9B0
:10375000BB42C52B1E14EFAEC057570C06506D1B55
:10376000D44A350419E6D67E636BC43FD540C36D99
:103770008C1F8DF971CE2EBB4B8D2FC28FF9D6B316
:103780003FEED1E0504155C7E248ED4AF96D974D03
:103790001491BC03D94A8DBD62E9A8B6DC642A3114
:1037A00077314575D33B5E67F6E208C020BB820FD8
:1037B000DD84D255BA75D6B2F0D203E39A225D3DCC
:1037C000E3467C76A9A292A49A92D6462456416AF0
:1037D00012A01554767B85282BC5DCCD5D19307879
:1037E0003AA3812AACA50E711B9093727E448B5F25
:1037F000D2952FAA371E8BF2E634DFB06545F45F11
:103800002B2FA26E1DF4D5E09DBB45731AFACA702A
:10381000FC4214DC1F9EB3210592D7DF8B88AB8F4F
:10382000F03BC6705D3154C1EAAF8493FEE5F3BA54
:103830000CE96764F6D1CBA727D653D7053D10DF37
:103840001FC92DC824A536F631A2C40D03FFFA0BFB
:1038500063C9D1D9EB4D71912AD4F402D5CC02843D
:1038600002869466F094BC708ECB3C83A2B9CB6A7E
:103870001CB7E4376924732FB61B09BE82BB3EEA2E
:10388000D5F2CCBFC2FAE783B536B77D4EAEFC8920
:10389000DF1FBC294B16EE25FECA975F61FDCA9754
:1038A00077C397E7FCCD2178CE7A53DECCDFF6FDE7
:1038B0009535BFC2FA9535EF86359FBD3A076F2221
:1038C000BAA4D1A69C99DDA1FF952DBFC2FA1767B6
:1038D000CB3B0A488808CF994B83045F37FEA5C7C6
:1038E0001E53403F7BECB1F0060C4CE1C0AFE2123E
:1038F000EBFB0B52144715E18A62619390D81719BC
:10390000E1E0F8955FFDD11A3D1725D6FFF092FB57
:10391000C372696C81E852F99F04D7F2CB4F5AA366
:103920009F45C9FDE3BA34B6C075A9FC0FC3F51DA8
:1039300049D634686E3DB45EE0DB4CBEE058EF1A09
:1039400054B2581E0A70FFA8DD1DFEA69C4CE0BFB5
:10395000615FEF7D87478C5ADCE311857F12AE2FC4
:10396000BC25A8353A11AF6061AB7D7FF82D8E2A5A
:10397000F05B2CFC93E0B7F086A4D6E817FED5BA2E
:10398000984734C6B498FBC371716481E362E19FC8
:1039900085860B2F88022216DF3F0796A5B153526A
:1039A0002E967EF15AABB94663DAEC822E9634221B
:1039B00009261DBF0DBC44AFCCCAB9B78A3CABBD0C
:1039C0008A3CABC6DA4DA3D964B06B28B5FCD011E4
:1039D00071BDB069025F33CAE354C606126446FD86
:1039E000D85BC5297DADDF09668957826515C41985
:1039F000B89AE39DF06675A8AD765EE15DCC774A36
:103A0000807583395DB35479CAB93A35477B9EB521
:103A1000F8E226FC81FA975EA09FAC785E7394FF73
:103A200066B5EF6A92F728453419979592A090CA27
:103A300028DE47ADCBB664C970759325F5D961A86A
:103A4000A3CAE71D4A075F7227B1E45359B8CEEC09
:103A5000AD60AD759E39FB46C075777CEF12936EF5
:103A600043DF4BA8282249B8F026502D5AD175D2F1
:103A70001BCC801F0563E7C392853FFA7F5F805EA2
:103A80008721CC00000000001F8B08001FCD486A72
:103A900002FFDD7DEB72DB48B2E6FF899877A8E58F
:103AA0004C8FA50912BCE86259B615AB96E56E9D20
:103AB000634B5E4B6E9F893D1B8E22512431060164
:103AC0000C2E92D81DF34EE719CE936D6656155005
:103AD0000001B24053EDD97577BB895B5DB332BF4E
:103AE000BC55BDFA1F6F6E2EEEFEF6E192CDD3856A
:103AF0007FF6C73FBCC2FF339F07B3D71D1174E0E9
:103B00000EDE13DC855F0CFEBC5A8894B3C99CC7DB
:103B100089485F773EDDBDED9D7458BFF434E00BFE
:103B2000F1BA73EF8987288CD30E9B84412A0278DF
:103B3000FBC173D3F96B57DC7B13D1A38B2EF3023C
:103B40002FF5B8DF4B26DC17AF87CEA0A3CB4ABD3D
:103B5000D4176797D7971F7FBABA651FDE7C623D7F
:103B6000F6B3F0A3577DF964B5CA49E887319434B8
:103B7000170B6154EBF2F8ABD1C6245DE65FE39F0F
:103B8000D3380C53F65B7103FFF47AE3D9E094FD6C
:103B9000697031B81C1EBE5C7D388487C3D1F0705B
:103BA00078B1F2307D4CE1E1E5F9E59BB7AB5F2EF2
:103BB000B254B8A72C9E8DF9DEE8E0B0CB4607CF13
:103BC000E1AF43F8E51CEFD7BF3E6A78FFE064F54C
:103BD000033E9940A7A1FEB7472F2E073F363C1F53
:103BE000E10B2F9E1F0C8F575E88BD60A6EB3B3C00
:103BF000EAB2E1D109FC35C4EA566B4BE6DC0D1F95
:103C00004ED9800D8FA3477678027FD1A7832E935C
:103C1000FF3A474D5F8DF033FC6074B8FAD541CD63
:103C200067F129D5B27A1F4A1A8E6A1E44DC6DF8F4
:103C300024E14172CA9265928A452FF3BAACC7A3B8
:103C4000C8173D79A7CB3AB762160AF6E9AAD36539
:103C50001FC37198865DA4BD7B917A13DE65E73141
:103C6000906C976129BD44C4DE7475DEC2203C654A
:103C700099473F92884F4497DDBE7D0F17BD8F62F5
:103C800096F93CEEB2F722F0A15CB8C927F0FF8BA1
:103C90003048429F275D967F6314FB4F5C89FAE2B0
:103CA000AF55721D878FBDC4FB95A66E1CC6AE882E
:103CB0007B70ABE9735CE3DDE2721CBACB6A8173A3
:103CC000E1CDE64046C3C1E0874AE7163C9E790154
:103CD0004C5E53F175E54D6131F6A67CE1F9CB53AD
:103CE00076CFE33D3907D549A615AC5F8075547D85
:103CF0003EE693AFB338CC0257BF04CBB4FA527848
:103D00002FE2A91F3EF41E4FD9DC735D1134B5D4E8
:103D100019CFAA0D8D420FD846DC13F7B04C804660
:103D20008230102FABAF24C0B3421882A9F728DC31
:103D3000CA532F00CE581E1DFCF36BCF0B5C012D18
:103D4000EA8D9AFB547E807F62EE22779CE1FFA190
:103D5000417B2F0603582C47F4374F6171FEC07A20
:103D6000273F746BD7EB68B4DF65690CC31CF1188F
:103D70003E86CF7ED8EF6EAEE339957E78A4EA78A2
:103D800031F801EBC9EB7881C54345A311D4313C2F
:103D9000ACD47178625587ECC1A1EEC711D6311C45
:103DA000347464706CD711DF0B048F8B4A86270341
:103DB00057CCBA06A514BF87FB544A2365003FA819
:103DC0009286EB2591CF817E67B1579D75BCD50357
:103DD000D6012FA4A207649C2D90C38C0EB083C380
:103DE000695C5D435ED03396D8FDBCB11D89E78A1E
:103DF000318F57C954D360022CE9EBB2527E1A4678
:103E0000AB24D8542195C75D97B8470DBB34175DD7
:103E1000D310CB693B42B2C8FF7206481CF54F86EF
:103E200047FB2B6B5BF2AD583512C60DD8A1E736B8
:103E300014F0BC8E35B87118F5A69E0F0B18F8A0BB
:103E40009FC57B2817AA6FE6F338F545B5AF78AB69
:103E5000E77AB198C8D19533599D6C1EAD0C548545
:103E6000AF00B1BA8DF453532FF7BD59D0F3808210
:103E7000806A50428BB8B6D2553197CF1C8A52FC1B
:103E8000AFF24EB9617E380BABED2224760A8B710E
:103E9000A56C4D31358FF46C011D64496DC35AF129
:103EA000B589174F7C81ACE00058C141C1092AF3A4
:103EB0000EB8A0C20A8EEC58C1C19141A765F6F2B6
:103EC00062BF9EB79DD4D1E8A38179CAE0A5CA7D1F
:103ED000F71BC5462C804B78F7A2416ED548AD9CA8
:103EE000349339E0B3AF6B842FCDF0E9E9584CC37C
:103EF0005854675A41E253D6E934368E8F61D9015E
:103F0000EAAC176BBDC3153C60B207A8C09B14A3F5
:103F10003E8DC305C80F1A7973D206386D0D330C68
:103F20009C811DE353F383E7473F54879307DE8269
:103F30002B161879013B49D4A44353A7A855AC0CC0
:103F40002F202A2F85E5E71C370DDEFFFC2A96D3AC
:103F50001874894496F95B95AB56EFD05D6C278C4D
:103F6000F60226364C81FDEF1D1C6397AB0DFEE774
:103F70007A66311FD6622640750296D7D1CAF2AA58
:103F8000836144F92245FC82F891D882B3BA327138
:103F90009C0AF10323BE818F3949365ED7B8E14AC6
:103FA0000D251C473ACC7E6DF37B24A8D631AC801E
:103FB000DFB7E1A3F6FCFB7043A57C65F6C563DAC9
:103FC00073C5248C15D9D540C3CDFD2E04ED609565
:103FD00057D730565954BCC24DCCF13F582984684C
:103FE000522DE8627DC2E21A817A418D54BF73E29C
:103FF000A5EB264139F6C3C9D7F5A3753A47F6B5FF
:10400000A29718BCA15E8E1FB755018CE5463F11E3
:1040100070FDC75E45CCD734D0E113E4B9EB5AD874
:1040200046688C1A84C670B4DF5AA9290915FC6742
:10403000D82853241F6EEC292CA71D81C55C5F393D
:104040001A3452F008E5DF602D5EA45E0C616086D4
:1040500068BA40CDFE7903EE03253B0D179B81DF47
:10406000F1D300BFED0058EDE83B119F891E19A95F
:10407000D671CDC39581A3A70F8A2F1F0F06761582
:104080004DE26CB1963D8F5AB2E7725D0A33542B04
:10409000400D4601C7E6762EF8AA10CDC9A7867254
:1040A00016FC51170ADAE0A059E6319EA56153B516
:1040B000FDBFA22D851A0DB31D662920DC74CEEE3E
:1040C0006E2E98D6A6FEDA5FED614FBDDC42DA10A7
:1040D000498C5627B2444C12B7A53C4ED734F88EC3
:1040E0008F815AC2A98668497D53D370D280DE473A
:1040F0003518DD66DD1FD7906113D06C164FFB3B82
:1041000053198F1A55C65183C6B899659C340BE173
:10411000C35A1AD4D868C2FDC91EA9CBAC073876D9
:1041200095A3E4A626A08F75244913373F68B74AA4
:10413000097018E22E8B22114F78223621BEA3ADD2
:10414000F1981440C3C15A26073D396C0707B7EEF2
:10415000C9E1FA9E4863765357483E0DD87193CA19
:104160002CC1E7491302A3A7ADA4D1EA40657E752F
:10417000A07C2F81814217442D8034A7E1B859D704
:104180001FACADD5F756B8B52A964664EDB74F04C7
:104190007BD7537ADE2F40B235DDAEF09CD5171AAF
:1041A00081EA5A2C6C40E164FD98D483DB36C6EA80
:1041B000B6D40322E13D0A4F2D7DC9A65E2BB56A18
:1041C000ADED3E22B7E14B2B915D11BCCF4FD6AC8C
:1041D0007E68D6AD54AD18D230CC59B951897A58D1
:1041E0004B7E39C4AB91987A49E628B0910AB6C2A1
:1041F00089159BAA6AE57A867CB2067EACF0481BDC
:104200007AD8A09937B4F1B01D86CC99DF7103F349
:1042100053ADAC7528BED83C6651136B39A9B09626
:104220001A43C3D1512B25765D4B4F56FC83C4A74F
:1042300008789DB2BF670078A6CB8D9DC94C3758D2
:104240007E37F49BFA28C794E44A0D79681AF6C5BC
:1042500034AD72A9A6FA61881A9AD0CCC40F378FF0
:10426000F4E1538D747D3FF85AD6582FA537C99580
:10427000869AB663C52B95015316310EDA3A25821C
:10428000FB3E2A04A09F8BA4C27CD5A3DF6A59946D
:104290002480839C41AD1B86552151F17D9D6CB0DE
:1042A00020AD6101831A42A9C8D2416160327E0DFE
:1042B0005A518F1DED49C8E3A5B044273B223F3D2D
:1042C0000B491A87C1AC0D4DD496E33CF038F0563B
:1042D0000B3266B5A70AFDD3E5DB43F8B3712E0FA9
:1042E0005E74D9F189FCAF3295AB2AAB2B247E29C1
:1042F000D35A148BF656B5836D55A5E7ADA9CDD22B
:104300005E693AE52B9AD2667C58A5B0976B44D08B
:104310005A13CD0407797368020660B443B0DB49D1
:10432000D5881A64080060FA754DDCC28C5ACC1B23
:10433000C60B6C9AB5065B546D77AB847B15E0F4C5
:10434000B07F64DEE42BCE54857E1D8F9EF7E4F3B0
:104350006D24C546FED1CC9ECAEBBCDC928D4EB21C
:1043600067FF3918F041E5AF33F6CCDE6A67D1C19B
:10437000EA68FE2F6318891B940793DADE938FD7C0
:104380008394C1DA295D374C661DBC01CA6B2FFDD1
:10439000601B05BD9DE82F3567F3A43DE904551A60
:1043A000D31A8B940B9BF355C36DAECAD6A8D9967E
:1043B0004C7CF88D8AA80DA0DA1C337070BCADA8B7
:1043C0009864718295AB50AC97B62A5AD995BB10B8
:1043D000AEC7D99EA1D952ECD47E75C0EB227DD652
:1043E00044F4ACC6F294AA5D17B3B33976CC8C1FF3
:1043F000232989AA66CD3BDAE67BBC3AFCCD2EB2F6
:104400001E0658ED37BDAE5A65F803470913AB26B3
:10441000BA926FE8A4AE71A63B4B45FAD1D5BEED7A
:10442000B8396124820D9E76A35F83CD05D72DB464
:10443000D2625392A126B08B26CDE713B1D637B402
:104440005A659DEB6393E979B594F5AE096B87F7EF
:104450006AC1358E84AAC70078F3A499F66A02432C
:10446000ABD6F31A0E568E81A070ECBE198FFD2AC2
:1044700099C45E941AD1D9D32C909A5F1ACE66BE95
:10448000B89524B2B7B28CDD70922D60A880438BB2
:1044900078792B7C189030DE7BA689EAD9BE33F17F
:1044A0007992BCF392D49165ED3D43427B56E1CFC6
:1044B000AA51BA1DAFFA2AFA1D7EA2A94D37D4F52A
:1044C000EE1915F8BA339E75CE5EF5E146CD336030
:1044D0002E1DA337AFD015AD1EA986998F574AC69A
:1044E000F08BEA0BD59730E0A7DC80EA9B35B7E983
:1044F000D17CA8C3EBA197C3A6B78CAA926CDC3978
:104500007BCF033E132E46E437565A73BFF69E51B7
:10451000368C4C6D4F399BC7628AC1FD01A879BEAC
:1045200083C1CB9DB30B79F5AACFD77D039C34858E
:10453000C596A88F6ED5E586AFE6C28FE417F92C35
:1045400052E840E74CA61FACFD384B44FC65C183E4
:104550008CEBA67E823BEC3DDDD9F02D727C19D32D
:10456000542EE13CBFDF584E75745FF5613CCFCCF3
:10457000656F8EB5622BEB484FBA981B698F16EDAD
:10458000EB8E66A0E41B35BD9E8A4BA283943062FD
:10459000A789BAC6599A42BF54ADC8A83B2C0C266D
:1045A00000F2BF62234A6BBE73F6973FBD78FEFCF4
:1045B000F8E5ABBEFC6C0DC9363CAA76B370D5CB22
:1045C000D9657FE18BE8257BA3B8090D7A13953770
:1045D00096471E7935F1B30C5ADF65E71FAE18CC4C
:1045E000B1884530110C83AA10DBCCE28D156CB379
:1045F000C49A6715A5D2267E5296391D0BB600C205
:10460000A4B36E7CE6076737C0C0E75EC2707C80EB
:10461000D91CAC7DFDD0183A78F970DDCB99BFE696
:1046200029BDE17B67F90AFB130276CC4CEA9C0DAD
:104630001D76A32ED4A4277C2AD225AEAD577DF8B3
:10464000A84DB1D3185169C40301CB75E4B0B77854
:10465000CDE85A152E0936D9AAF4C41722EA2D42FC
:104660001788F4C0611FC207181DB57054D3F10D2F
:10467000866F6C5501604ED0AB7D22C6CED9A103AA
:104680003A7D714355F1E06166D056C53F88712F80
:10469000F33A67470EFB2CC644F9F11420D5568532
:1046A00001DBCFC6BE48E66188CCBC7376ECB01F98
:1046B00079E24D58E5C97613E9C58B071EC3403F23
:1046C000875954172C8B5C809A7AAC2331B199C7E7
:1046D000577DA2CDF5846EB076597A892DEC94F48D
:1046E000315189FB3D60AD9DB313877DBAFD91C902
:1046F0005BA83C833AB9DD74CCD334EAF108CA7CB8
:10470000E1B09FEFEE3E20ABDBB2A485DF43FE902D
:10471000C0E21CC0A4669E9FC27840A9EFDF11E3EF
:10472000D86EF52C441A7B132C14967C5F5DB1BDBA
:104730001BC07EEFE5C5FE76AB325800B61BC26AE1
:10474000BFBD7EFF61CB75974F36947480EB2EBF53
:10475000C1C4231084BF6DA7C358F4001363B761AD
:104760003DBF4793895B166AB604BC4E2A6D960D11
:10477000A69BBA63294495B3A7C33CF775A7E0D8B5
:104780001BFA0F42A599A793C4D95080D96AE5595D
:10479000501E814D754BD585BC10679FE527A7A896
:1047A000D8D00DA6535893072F9DCC4542E21F90B9
:1047B00013D01E3071B846A99CB0FBD04F81C89170
:1047C0000826618C0ADDE64A4DC6CDC29801FADCA6
:1047D000FCD18403DEE2F02A232D095600039E3922
:1047E000F9DA65C0FD00AB40392E5F405330E01D63
:1047F000E62F809700EF8B7F645E442A16BB09FC8E
:1048000025FB0700516FEA0977738D9188132CC738
:10481000676467F7784C21799B3F942353EA250E10
:104820009E1FC204019EC2444ABC99600732DFD574
:104830006FD24B09120280AD740EA44F39C7CE0659
:1048400002584BD426D71E3A43F679CED37C6ABDA4
:104850006403B3A62FA3B3E27D68223BC1446A1A66
:104860009685D2A92212ED396D908F38F052368597
:104870003989F9E46BD2653E1FB331A0484D48C970
:10488000023ADC8E5212875DF2C91C061026E2EA5B
:10489000F2E26278C080DA7D91126D8C8526551C1B
:1048A000501813CF85A98619A734059EE074EA969F
:1048B0005B4CA1E049160B249C64F3DBD851B51086
:1048C000BA6808C4EC8FAE1A16AC3E8B526F219CAE
:1048D00057FD68F360FF2DCCA83FA0E5C728BE9127
:1048E0001040693DB5F878A368D51CF71D52220C1D
:1048F0000D65BA60055303F929CC470D7F77F9267A
:10490000011E11F15CD731BD11A0BFF3CD1596CCBE
:10491000AC35C0935067BB62E84B290BB06D368253
:104920004677FD178F538FC75A4E3F98D86E7D5FDD
:10493000EB643E8AF9B68DCF310135DEA2DDF6DDBE
:1049400043416282A48B7757767D3271D62DFD6EFE
:10495000D7AB121A6B3B29777300C1B3392B4C09C3
:10496000C59424A7760DB1A37EB3568DFB6C275D4D
:1049700043C6325EB49CC3967369B613819AE5242C
:1049800012B82B805D9B79306BFC007C41C02AC93A
:104990001298D74504338271DEAFD0C97BA6B1E847
:1049A000AB3E5D3211B8E4F2902D6C47344438EBE5
:1049B000BB94E3E0A2DE6D7AB60615B69C9D8D0A27
:1049C00052216E47848C03172412E0161B596BCDBD
:1049D000C1AF023704A1737527452BF26AC0646921
:1049E0000177CC89A34402893E4AA08D3E9392D49C
:1049F0006E14A5B84D9C164BFB1605BD440154DD45
:104A0000848F619ED3843DCC05A0FB4252E7B25C0B
:104A1000DA48E9E53169C8528E2E428014216AF3E2
:104A2000766D450D38100206DFB19F557B2014844A
:104A3000298221F108139C20C302F4EB7619800629
:104A400018D7280E53B2E4132C95689EF519004F21
:104A5000002959841BCC687027C5BA0D351DB04B91
:104A6000057C114572B209B3BD245B2C78BCDCDF38
:104A7000317545A046282A39652747BF9C5F20AC81
:104A80003E18E0AF2E3B1AF48F073FFFDA860EDEAA
:104A9000F3476F912D60C2B16885913045F41CD306
:104AA000A75122030710E936451AC0AE5C303E908C
:104AB0005405ABC45B78A80F8C975A3908634991A9
:104AC000D244D4A6E2BB30E5795598FE42E05D269B
:104AD000EAA925C21619AC462412F138012AC4F6F7
:104AE000EC8E0EDF8454B4CBBD64895D0718B3C867
:104AF000FCD403C51BB16222811D6709740C6EC909
:104B000045AFD617A971F2FB29362C84B18FE5E7A2
:104B10009B7BFFC09718B7E645B28ACD1FA815D377
:104B200082CC0FD94FE4F4C790366CAB08EE3D4011
:104B300088C8D3764AE317920A88F480BA89FA586B
:104B4000882A22103AC7250CE4035732040106CA0A
:104B50001CC536D4F2413203240ED05C80137BA8EE
:104B60003B072E070A5C3A4CCFA5980A5808C02E7E
:104B7000C6CB0824A27A57D12A309836552AE98024
:104B8000CA32F608F7AB626E0CFF0F24A38AC38407
:104B90009A530C6D4242028D0750A39BC9E6BA405E
:104BA000C3ADD6C53222E62455179C408C44C0DFE5
:104BB000A04A6170008CECD100BA3A8B05E88117ED
:104BC0000E3B4FD9DC9B21011A6F82BA180B688308
:104BD000B063F47EC85DD4C0ECDE8E0528F263D0ED
:104BE000E6D3E50ED6E366E5BBD14254D281361B4F
:104BF00089D698E741F59DF37B2F8CED0C46B08666
:104C000046CE905D288E89127882B4686B0C401D68
:104C10005CB3DBBD8B9F87BD8B9F4FF649C3865529
:104C2000C3BD181922EA8D3BD558B59DEA27A09C33
:104C3000008B372C558AB1A1EF5F3C95AE70139C69
:104C4000EA7A60F9E6860665D94199EE7B559B18AC
:104C5000923B7217325858632C43A19252CAD90220
:104C6000C0DF4CA7F5ED9D4E9DEF829AABF3781314
:104C7000F30046A83C910959F6A4F64744093F9F22
:104C80006C42718482D0A8F3012A0D1FC8C845EC7C
:104C90006F9B71FF1163EC285086FC867A99E04F78
:104CA000891640A0C81AC94A45E4311C242BAD70AE
:104CB0009E44A1DCB912B4815514939C101C27E9C1
:104CC0000A420930D7DCF3A569AB6EFC31C0C5617F
:104CD00037598AC126F01602446FA1BE878F3677F6
:104CE00061466C220CFA40F09BDF26CE41EB641E3D
:104CF0003E04D65865040ADE2D7C0A5A327671A726
:104D0000E844AF930F9F3F1A0B848C22014858A9A7
:104D10001211DB5962C3517803397920C7C5632466
:104D2000C98B06DF615753A2453B0A817ED0044CF4
:104D3000A75DBB81A62026D264B452940B7F670B7B
:104D4000B6F0EEFCDA74412034056591028BA19A2D
:104D5000943A86AE06E20EC06FA3F93221C8816F85
:104D60007425A8CD008C5F7DB06B3A30D9A937CBC4
:104D7000A4EF6A9B065F7EAC9D1F01102B2699381D
:104D800046422C9A7EE1D35E3F2AB99F0378019474
:104D90001401E6B19CA0704AABE61606450A7F4BAB
:104DA0004E01540095C602F05500F82A1182AD71EB
:104DB0004E377AA69D5D1A4846A0D2DE5697BF1F91
:104DC000CEBC891D12B99B237380955E6BBE46F0E5
:104DD000CB25DFD0BADF0AAF41A47F1F7A2E70FC4B
:104DE00009B09A20B5B17A4A612A097CF700071DFB
:104DF000BC849CE742B5B2A0AFA79285E7C8F8E2B1
:104E000054D2A1C4344B4D697280F5A0EEBD13534A
:104E100050A63F62A86417A9701FED38C0785CDC0B
:104E200007029A9EB40339BC2CFDDA7DAC44E5360A
:104E3000F02810A66CCE25324538010F0D73C1C580
:104E4000680B0C4C6A90827D9BDAAEC31244A59A23
:104E50006742326D8913A65E9CA8E17F89EB9404BA
:104E60001D0DA74107FFEA98A04AC99F73195F96D5
:104E7000EC4F4FCFB9340162657D49AD06975E8432
:104E8000F755EC018C00461F742890E57D1688C705
:104E9000960E29454C0E439EA469459151BB9290B4
:104EA000E6A6A1EF870FCA3A15F308A548FA808253
:104EB00004D42DBA0B2AD73694A80706C5C79EB1CD
:104EC000E6F78DD191D18B893140A83748FA95808A
:104ED0008A7AD9AE5733ADB6A9A0A4E49B5B5F082C
:104EE000CE2EE35114878F0E1B963A3241519B30E0
:104EF00090D0686411129DC8B5D7924921373416F5
:104F0000F0366D3F8732EE3926BF289D5DF25AF8A4
:104F10004BF217AD08A0BCC2A4CE7F89157CE187F7
:104F2000C9EF2D8B08AE926700274C8F1669645E1F
:104F3000BA244F3B8C53B75E779840835580815598
:104F40007841095919CA0AA2A4965F7F2FC5FAE9C8
:104F50000C5466FCE666FBD4E6084F1BDB94047534
:104F6000269C8BCC42956F2821E0FCA0B520AA435B
:104F70008A56240FA2D67908B20783509E04A4BD96
:104F8000911A8FB413740D10CFF6FE324B5FB251ED
:104F90008911515079526DB1F36468CE275F5A047C
:104FA000EA3369DD48CCED4D3FB9F5FAF347E2DB72
:104FB00063953D98B28173F4F3AF6C6F8848B1CBC1
:104FC00086A42DEE6FC513A1A141182F405FD2F921
:104FD000321CEDB220ED2621EE669A05FC9E7B3E4A
:104FE0006D329605A9E7B307FE5564D1BF0677ACCD
:104FF0001081214E8DB9071626A6535856CEF63588
:1050000080624F14D354070E4A62048C11FF53AAD6
:105010001E88734B77A934F9E35275D835CD8AA52C
:10502000462AF57D589DD0AC6C21929DF4B458521F
:10503000E5C1C43C3449282DC6F5E9786439047DBE
:1050400033975C1FA4FEFB857B5E2DD007CD031339
:1050500016E3727C08E3AFA8002231495BB6B23197
:10506000913B738CD1B8A03A8DB70BA374A08A077B
:10507000BEB45011EFF1748A65EEE4467A9EE54EB7
:1050800041954A2D0211CFE8F088A788953C748697
:10509000EC7D884C07CAF770AF180C61D8A989EF6E
:1050A0008D48BC1972661D26098B4F56085CF59316
:1050B000CA486EB3983E2552ADD1C530C2BFA46573
:1050C000269997121B4D26B1784005974DD0431174
:1050D00064EDA239CEC95AB21008A3C9EE06C4A322
:1050E0006C06A6D0A6408FC2CBEE66B11CC682F27B
:1050F000DB54FA4E70E04C04E739E621D178A1196F
:105100006D825D52F1A4203018F768B30E87FD3B25
:10511000220269760EDCDC7871EF25180EE3FCBE06
:10512000614087CE4821A3C2976B4347A12D1DFD47
:1051300022174B5D7CCF82CBD06DF242498FAC5AA7
:10514000DC4A52806C8575D9622E6ABDE6160E73F4
:10515000969126C10B4AA4C9B3F4D97232CEA4B633
:1051600041147963E7025655162191F2858ECA41A2
:10517000BEBB3725DF38004B78F255C4FB46240808
:1051800081265229A3D8D3A0126AB66BEBC28C73C6
:10519000B134424BD7509B9EDDE03A203029DCAE43
:1051A0006697E428D178CDC38DE52DA563684BC9FA
:1051B000074CCD3F0E13FADD77EBF4400646E1686D
:1051C00087144D05FA5D2A59958853123620FE79C9
:1051D00044605A037DED5BDD26344DA74BA2376A50
:1051E0003237DC18919FCD66E4A003CA960F571C96
:1051F000DE6D2AFA5190750F21D6449C2A03323570
:105200005FDB55A6532DD6A86E693C02CC9B5FD1BF
:1052100060E3425B7881B7F012611B04375171344F
:1052200076EF83C6A4231663310EC376034A6C3728
:105230002D054729C71499378ECEA525BE92494220
:1052400011204A3392DDE49338B47588A88969390E
:10525000F12BE153320A8A62A742150D65063AE541
:1052600029132DC8AC85843864D72225ECF5443247
:10527000C264DB1FFFEDF088510822F16D498D7D7E
:1052800060DAB0B00A369D628412ACC1DC0747FC1C
:105290001AE8FFFCEE88D906DB8C69EFC8FD9602A0
:1052A00006B31995D7179AFBEEFCDA6068DD3C343B
:1052B000809A59F2FF6D8395AE3EA04A4118264F61
:1052C0008600CE8F115052382239D0936598C5E5AB
:1052D00064B436F5BD950179F33049B5DF3FE10B94
:1052E0008C061D07189E489B87C8006B0C343FED49
:1052F000F7FFE2A72FD5A1835E845685BE8EB84600
:10530000386A39FE71F88039C930D1C02825CFB14B
:10531000FB12B3223E5DED587C1C51664241E26CAB
:105320004F650DEC3F59649F44A550ED8541F2183F
:105330001A8DD4DE2AB60D0ABBB9057E065A9274C0
:10534000E74241D89D8B37176CEFDE8B538C61BEE3
:10535000B879BFAF04C94B584B3201096D008F6952
:10536000CC991B7B989E61EB8C8F31983BB68B5F01
:1053700036E97A383C1A0D06639E0134387179CAD1
:10538000D9D84B13F48E033C8FBD7489569B348C53
:10539000F0F6366B464D1AC960184A904618004D13
:1053A0007A8BEBF15910E2BEEDCA0AEBDE2364778B
:1053B0002B8EF656060660D3326C44A579597E854D
:1053C0008AEABDC71525536B0C15E5FB9A0D746A67
:1053D000F96683C16AF2B96588DF1128B0E79309DD
:1053E00030B6DC824F03B153B1721960921C614E2A
:1053F000CA1693AC3AD13C5A145C9CF201115A493A
:10540000CC2AF3218167B7A3EEF780D5195549DC83
:1054100058AF632CD864AAC0D4255F45E68D828D31
:10542000B4CF2427426189860C25C05FB682E72D60
:10543000B8B9AD2CDD509CB9D14C7B418166BF38E9
:10544000D0F262A76CFF08F45FB5EF0DA5BEB1BD49
:1054500086CD71CA3DE067BB150AB773F4A8225325
:1054600088D10E9F67066C87E83F1429074F969EE8
:105470007663C60CECDD5CF76FDEBEDDD7A6151AD1
:105480004E8C2F256FAD52857CBEDCC60EFF5EE6CE
:10549000BABA6B5358B50294A7B27E470BFC2FDC07
:1054A000CFD03D20F7B780B9F442E43779466B1E80
:1054B0008605EB5660DAD8D261EF8D845ED2F02794
:1054C0001C23625FE2D02D415AD8F5A5AD0B994C53
:1054D0005E14F5A9F8E0225CA89C11338C6877BAB9
:1054E000C411C554C90DA3AACBADB2AF54E972F72C
:1054F0000BAE6ADAC7F02A50E26554AF69D4078E62
:10550000DD25EB153EE89A8900DA81D7DA9D6068DF
:105510005305EA30EA2C507F574B8A054FBE76D9A7
:105520000C08EA8103407A737D6B37C398AF6FCB69
:10553000316D6266CFA7A9E22DA4F7434B01B3C139
:1055400010A1D5A36B9AEE00C1C5D2B4B7500E1FFF
:10555000A9AF334C204F31284B427E90BBB46DF83D
:10556000E6EE60E18178803A6D9CA6BB71445CF008
:10557000AC32372B03D09733D4CFE74665C41B6ECC
:1055800042EAA99D3D51ADC3D0B7C0008A4680799B
:1055900098B8837D0D3074500D5689C4E45E032A9B
:1055A000B090C057C92D37E35E60E9A17802D0B949
:1055B00012E5B9197D366F526489428F71CB0909A2
:1055C000C09175E6F3B453149AD312997B55EA89C6
:1055D0002627C4A6DA7915062F09A316D764026E0A
:1055E00019DAB75A259A462A9BA794AD26B96D3C7D
:1055F000DF97E4A5B602A2566AC769448065B9DBA5
:1056000037F3EA83191DA5EC2C48D0B45954AE27C2
:10561000A86D5C8849625A31427882DB68BCB0145C
:105620007B253C6E295A25CFDEA67B1F64AA5962D2
:105630007A33E34C23F0089FAE00668D9155A6E4C3
:10564000870B47C648DB35760A3A29B063975685FB
:10565000ADA112E740F592E5C2779B98730C2E3707
:1056600069DC9B62945B6E2133C2516EA577867CA8
:10567000673A4067B29C48C4D82EBA7FDA2A9BDAD0
:1056800052393806E5E04665CCAAA454B92E766DA9
:10569000102AD1BAE2EB5582D71057FB1672E3629B
:1056A000FB9C4FB9E07052D07449F8B931F01FD962
:1056B000D06DBBE295CBAFD6B3A53C5A7DF470C993
:1056C000B43C1C55346547ED988752EEA53D9F923A
:1056D0002C5D1D45B9554EB30D351C94713AE6E36A
:1056E000B05F451CEE961C68720AF7CBB3C4884FB6
:1056F000F5129DD4C7515CA99E4BE38164DD6DC654
:10570000F0334777079B025000591C066EF2B250E7
:105710004AB054A9C3B82525A625252C61D5CFE6C6
:10572000A9F29D2C30431B87ED9E9EC00FA0661CE6
:10573000C2DC25837D23BD6EC77377C8DE86F12C5E
:105740004C2B76F5279A3A659C0F947509002E2507
:105750008BE1DA9D720C3B58624A35CFFCF49B78A2
:10576000AEACB0B495172C00A1B7AF50E65065555C
:10577000C25E2F682EC6A88EA30FB31DB95C692622
:10578000DB5D69B4DEE30A861478FABDDAC54899B0
:1057900062BB14484C9B63E85EE3D61094E4636FED
:1057A0000BA8D909A87EBBC5FDEF9C399DEF76B942
:1057B00019C136EE8709FC72AE4258E40E1AD6982B
:1057C000F63960DA6A99381F9FDE8E760A6B6FC6EB
:1057D0002957284A4B2809689C6C3ACAE18BA70CC8
:1057E000F112A1F1D8A566612E43D2D245A5DD26DE
:1057F000DAD5497D42C749D9674227FC49728445B9
:1058000061405A1DE6430B9286C5D9EDD6566854C1
:10581000E59A1CA1290B0F6D3C7BE55C360BEA95E4
:10582000EA726619E16D0D94E4E4FC787373777B9A
:10583000F94ECF0FFA47A0BAAEDAE650AA83CA896A
:1058400028F2648044FC23A32D9661A8295A98A1CC
:105850002E6F6FBADDED40DF192A2B80060C22A3D4
:10586000E47E1CCE056E4D81AC064D4BE4CF6A47FD
:10587000621125F036117218A894792A59C6E4707D
:10588000326060F02FEE28E8055EA2F710B487B012
:10589000549AEB25AA3BAD50905A0D79A686CADAE8
:1058A00092DABF66450E5390AC8886D52C5AF99F84
:1058B00024A6B4CE4A25079B229E36E477FBB7DBAD
:1058C000ABEBB7376A547715EA6683E69FCA1EA426
:1058D0008335BC44711A65940EE53E7732937C02A1
:1058E00084A5788F455DB5C4673156B89B571CA316
:1058F00005BCC4E6E4D6A4213D913B192DF4E65A3B
:10590000CA854B600001D9CEE2539F83E274978B26
:105910003072F2CA84AE27D808AA7903A82E05F5FA
:105920002CF8632BE798CC4D80521FD5E6635D467B
:1059300096CA0C8387B0C42E16494593F2D12ACE5D
:10594000020F819100F0D408AAC588DA761BE8E43A
:10595000BB0F52BCCC70D01F0E06B959A72B05E364
:105960009EF6FFEB30862D5D488CCCBBB46DC4CF6A
:10597000EF3E9F0C0E46B8F319A240DA2C41BB3320
:10598000FC25465EE72CE7FB2607196276330A6B97
:10599000D8B8DB12709DE4AEEC27091329300E1A3B
:1059A000B89C6F472418A86A86605C0F5B6EA2A43F
:1059B000E5E3CF97EF3E6816958694B4AF768FA354
:1059C000880A120EBB0D453B41B6A27671D215EC8A
:1059D000D62BB4D2B11E1D2EDEAA3BE5C2CA220FC1
:1059E000CA23F5572F13D483136D9A97FB0926CB3F
:1059F0002415E8259C86ED6BFBE9F2EECBDDE57B1B
:105A0000A3F9EF2F3E994EABF6457EBC44D0581417
:105A1000A8A08699D6D0BACC0A0CED2958B902E1D3
:105A2000103D4AA5B9ACD1B4AFF1E2DDC72F971F45
:105A30003F16352A8B57794B8C3D0AD0E049C54833
:105A4000B9BFC5A8BDBD2D0F1946CF6AD53FD79A9E
:105A5000F7B41E4D568FFC2C93647FC7CBE640995C
:105A600031B56FFE0916CD2D50DEC5CF64C99ECC71
:105A700029CD107FDEDE9DDF5D9A06ED1E763E9716
:105A80002CF253B4A7CAA77BC3DEC9BE7552980CCB
:105A90003A40A875FEEEDD93053ADCA61A448D3532
:105AA000E71BA8F6F6E52534A26DB84C19EC0D2BD2
:105AB000E55DABEBEE96E5C170E806494350CE9745
:105AC000FF9FD9A521E766259A3297147755F009EB
:105AD000EE7099531410036E77B94DDCB56677E715
:105AE0006FBE289C53A98E70104B021E010F97FBAE
:105AF000C7B7ADABC59A2D455D174EDC2758BAD751
:105B0000977765111501DA4BF34DC1D8D5876E1E15
:105B1000096C86206C210C6142AF3ED08496FC5CFF
:105B20005D563CBFBDA6E718F160BED14ACD846288
:105B30007EFA4CC5CC1EBEA510E8A4F4CD05C92A3A
:105B400013D3BCBB8880709E600D5CDC5CBFBDFA6B
:105B5000E90BCCD1E79B8FFFCEBCE8CF49F0E7D96A
:105B6000C39FDD2031849936F21241AE360CFD9D83
:105B70006160ADDF13D6F9BE08BED8CF7C337E2F6F
:105B80001D92639FC72F1663E1622E097D2C23654A
:105B900008EDE1C636B8070670CC9381DCE5F53137
:105BA000A2AD1BFEEDF6E63ADF523CB18D5C513BF7
:105BB00093436FFA8EE3D81B3F30E515A043040AE8
:105BC00089903B46614BFB7850863CEC6CE267AEBB
:105BD00096491779DCFAA9DC6842D763BB5FDC0B16
:105BE0002816182EA37626B4719CDD46571F552E15
:105BF000379A1090FCE4B712D2185A6411EDB6D35C
:105C00003D0F1482902CB858113C8E39ED1275C29C
:105C1000C2F1DF616012A5C62302E21E6D6225BFDC
:105C2000556185DBB008C5202B4C4CC620566E92C2
:105C300055A8728FC4D74E6D61E551D1E0F6AE80A4
:105C4000FF65BDC0F5C4B7E906C6C79F022F35F88A
:105C50006306430D385ABED6F9EFFFBAE814F4D8FC
:105C6000B212A910DD2A8A34D4A838D5B486B95026
:105C7000AD4215D793742CCEF209F6596350B3B9DF
:105C800050E87520EC58582EB611FB7073AB565B7C
:105C90000B541EE9533A65406DA22263120F8FB573
:105CA0006274C830681021B23534BBA94369A69E1E
:105CB000F0C94D8CE18C2E2B2D1A0D36EDCE91B9FD
:105CC0007E3D749C93A75BC2D7AF11E2E84946C6FC
:105CD0009233906BD6CE637483C97C946543BDC701
:105CE000ADEE71BF5999651300FB8FD2A5A21C8A36
:105CF00055C6BAC89DA5A1A4DD9624ED28EA4FECAF
:105D0000CEE853C2242B3FA0CD4A907952A61F6DF6
:105D10005AF2C73F10F5F5FE43124A672D192A0AB9
:105D2000EAB0FF8496F47A6471EDA84A8630A4E460
:105D30005554D70770DDD982620F0CF1901FFADA43
:105D40004640683C19D4E15A791211A683197A3079
:105D5000E21694B93BA5376D4122B2484ED56AF0A0
:105D6000A22A7726C45BB9A9E0EF36C2A2006CED87
:105D70003EA3B9FE820BB7D2161D945CB98D3CF9D7
:105D80004B5670E356B5A52BA2C2F9FD76E46DC360
:105D90007673026C4DC68706E36D47C79FE4E670D5
:105DA00075F8BA8E781DF60971DB2A4FB63968ABE3
:105DB0003C16764C40F7A6CC05BCE8F5F0C5C819F2
:105DC0001E9F38036738224E2069FBF5E8E8C8D1EA
:105DD000FF0DE881A26FF30BBA0FC4FBFAC4A17FD9
:105DE000E4754195AF950F92EE6B9A7CFD914FBE95
:105DF000CA4F737A7C3D0186E7654995F76C18F5C3
:105E00009B00D1C484A2E16B03CCCB7C04834DE422
:105E10006EE7E40A1D0D0EAFC30B795EA276CB5A76
:105E2000B8D68BF4F2E8A9F49BE2902E8B33189B42
:105E30008EEEB4D1765AE74494539DB4A7B3473B52
:105E400066D49D83539C7DB34DBC6825D1A3A8CE59
:105E5000B48D4AD3F837EF879C9F426ED6437B9C24
:105E600082C0C5139E18BE4183BB4DF1D573CACD08
:105E70005A7C2EF707A2AC171DC349BB411B67997B
:105E80006F5369FD01E76BAB360E322BA78CFF8B8E
:105E9000EFF9979FB665B1629ACEA5657D569C1FB6
:105EA000B66FEDE51BA2D67DA9347FFB0DA0371C94
:105EB0004AA6ED0ABAA1B0BE8AC6F5CD56A7E291B0
:105EC0002C8E306D1BBDF4D1AE246DB9D9F642765F
:105ED00088878BFDE48763EEE75DDBD347EFEE3F1A
:105EE000810553EEB6957CC9A2427798F10C9305D3
:105EF00087181B4EB96DAA2100825D5F66E5CE054D
:105F0000F7D3F9B2BD4AAAEBC3631ADD2FE8AAFBA7
:105F10004D39F2BAD2DDFACF4A3B00DBE3DE626CE8
:105F2000D855C79D617CA865A2BDCA4DD311247404
:105F300036A4BB7D9BA579E28B0AF8FD42310CA605
:105F4000253143AB41570556CB9769E73BF9FEF640
:105F5000F56A6BC41703637E51906065D6BED96B3A
:105F6000A96BBDCF92F11734F12415989CBF20B7CF
:105F7000902BBDA3DB91746DF328951731C6C48BAC
:105F80009DFA018678B25A2518638BF554391807A3
:105F9000E3EE6588B21C8CDF26F3D79D61E79F8610
:105FA0003BDF7870923F7802BD5FCF836ADA1732A9
:105FB0008A41B5FFAC59C928BB10E10DE42FFB2D78
:105FC000439BABCBAD925F68FFE3868A8185C88433
:105FD000DC5278BC65320EC0D4F9B7375499292504
:105FE0009DD634F3DB6B50EAF91720ABA7A9806C80
:105FF000A05F1E78FA441DA0EB2555F0651E66B122
:10600000626EE5BA7206C727807CF0AC6BDBFD16CA
:1060100064F1BBCBA5D5A21DC31AE4A63EC2950967
:106020005F8AD6A4BF91B438C4C081400705B0448C
:10603000D228C7A06AD136EE57FD1B95CEB6B91B44
:106040004AF6A9635784DA88D7E2603D3A085CE5EE
:10605000D5C8D31015C71B67D329890BB8A925ABA1
:10606000DEDC15BD154783030A0EF266147B14A807
:10607000400B4C5910DC62E0C329130B8F34048BA6
:10608000BD3C799C7A05E6B03FD60FCFF52B9D2A13
:106090006B1AA614A3B562B339B04A26318F40BE3D
:1060A00051497448708FFD3D1C93C67CCA9E29D20D
:1060B000ED456EF68CCA544DFE12F1747E9A23574C
:1060C0007AA48AA2210726858747AA0788DA276645
:1060D0001DF807141A1ECF048630FEEF67851E3F99
:1060E0001A9D9E0C9EFD9FBC0312819851135A77F6
:1060F00087E66168626FF8CC782881213C8216F7C8
:1061000050117C66A9C57F4B141F9D176C81F54704
:106110000E93A70ADB82793C610ECFA2BEF7C4C3FF
:106120006EF7F1C0C39015143C65F7C376E1E78BB9
:1061300005DA4996DA241965631F4F9B69ED3779B3
:106140007FF563EFEA4A4792E18E97112307818C2E
:10615000EB6F773CA4778F411614A015C55E429B68
:1061600082A5B110BA9500509C63075610FC377C8D
:1061700071727CD4A2C1F630884EB392FDB9B97A5F
:1061800003F047F6F1299409DDA1117608FE1914F0
:10619000C2237748BD11B02A7344E9E29517D1169E
:1061A000D5A8A8B51765E53A47B575DE901FF3EA9F
:1061B0004D5E6D22D36791F51AD373F5E6297C897C
:1061C000E5061ED436F0537457383EBF750C0E6B7F
:1061D000AB404B1E9FA43BAAE3A8B68E6BD3D41E44
:1061E0004E5311E818DA205B8CDBEDCB5657EB7180
:1061F0006DADEFCAD6FC6FADE4796D25B7C8F22658
:106200002279A2255A0D33A4A56AA79E982A4EE9A1
:1062100038222F51561217FDC957D777973F5D7E09
:1062200094911755CAD78C69F74ACA0A8F83512EA1
:10623000A2D28AA126DD5E7E620442BE66E833FDFC
:10624000FDFD29673FAA9357773A22E804D4082F27
:1062500057C40AEDACD5E9EB50D480A99300DA7BA2
:106260005ECD62F0E860CA23AE292DD8359DCB43C0
:10627000A0A3D664BE03AA7B61AE6B0C10BA79FBF7
:10628000F6C9425F61AA016DCAF3BEBC6929D85143
:106290009E98B9DDA11DB7582C1E5B944FDA3D6E58
:1062A000998504843EDF5235DFFF48D8C6A9180E11
:1062B00056E6E2FAFB4D45F0E433117CD72384AC7B
:1062C00016E611BBCBED3398E1A8B48296F2A7B4E1
:1062D0000582F6DCF2240F398A29765F8AA026F23D
:1062E000D028F8F49B8DF5D64CE317B5ADFEDE2F24
:1062F000FBA7CDED32E556816DBB4C3833A74DA4DD
:1063000040677480EEE46DC2BA2E541CC8DEB96DCD
:106310004347DFD2D081737470B84D3BE586347B40
:106320009F6D5B79F02DAD3C39720EB66FA4CE290E
:10633000B46AE7E1B78DE68B1727DB34F492CC67BC
:106340006CEFEBE7B9ED8016F8BCDDA618E65E90C1
:106350006C2FB1ADEEB85575961BE6010BBD971BC2
:1063600042229BA628E3B2952F37A555CC7D6AC360
:1063700021E036B319A6DC2B7B9F85C94C2779E732
:10638000DB5C211BB4370E3E59CC03F674165B9FC1
:1063900046343C7028A77956B6C325F6669E036737
:1063A000C86E6564643217BE9F0336C2E9E8FB6CB1
:1063B00067D42B07EFB1913A580677E892E54B3353
:1063C000808EDC4B582F647D57DCF703F4F37F7B22
:1063D00024DF68ABC83D188611BA9068071F1D31CD
:1063E000EB87747243DBFEBF0B6732085E152368D0
:1063F0001F9F8517E04909DA25C526314E17F4633A
:10640000B9FFC73FFC95E97FF4A8742C226A3B0CC6
:106410006F90FAD4BFE7711FDADBD7F67EF986F307
:10642000F724D7965B0DC68169EACD6304C8CADA42
:106430007A44FEBF30F36E338887C454E4D9533AAC
:1064400050A788036269B8E324C373D7CDB77EC170
:10645000ED3E02AAFF7EA8C3C1E48AD616D46F35EA
:10646000A0FE0453513A0245DA22C8F2B81EF7E5FD
:1064700039637B83FE70DFFE689302732A6961993A
:106480005B5248E6660CBA5B7B20EEB32F951DD6B7
:10649000D71AA81C993494B10945B416315B75C05C
:1064A000D5F7CD275A84B1E8B9A165F0D0A1C3DEF4
:1064B00063C26E293ACA3EB788424B541C19EA108F
:1064C000146DAE928DD47E4E0E6E4726E3BF5C9166
:1064D00072CFA7DD14766BBAD2BB0E55C3D23A6722
:1064E00046C819EE39446E51E4DC686F333613EB5D
:1064F000B2844F052CA716646C6EFAD1CA88A95BCA
:106500005B1FCFD63903A60D4860B1A0FD32699359
:10651000ACF3228CADD417DC6F309C84B60738D036
:10652000F0275DA461CB4ED2C16E5D9519A60E24F5
:10653000D2E86477D0113A8C067F9684196AE35DBD
:10654000A0A40474F314B9B63A36A9C88B8F817F1E
:10655000F044A1CCE25CD2741E87D94CB1B2E9D42C
:106560009B7836E75AC4220A1364E54B9B7755BCE7
:10657000B3ABD126658F62ACB3B9785486BB717466
:106580008D25CE6CF3ACEE7EF59E79AD7FBFEA8FA4
:106590004377496B1B163950DBD9FF05DB32D3A497
:1065A000C4D700001F8B08001FCD486A02FFED5DB5
:1065B000FD72DBC891FFFFAAEE1DC6DCF312BC25FD
:1065C0002802FC142DF1E2C8F2ED56ED876B6567E9
:1065D0002F95DA4A2060482202011E004A56367E74
:1065E000A73C439EECBA670010C0CC00200D9FF47E
:1065F0004794582281999E999EEE5F7F4C037BF1D0
:10660000E2CD4F57EFFFF8EE9A6CE2ADB7FCF77FA3
:10661000BBC0BFC4B3FCF56587FA1DB882D7A8E537
:10662000C027023F175B1A5BC4DE586144E3CBCE40
:1066300087F76FF579879C15EEFAD6965E76EE5D54
:10664000FAB00BC2B843ECC08FA90FAD1F5C27DEB8
:106650005C3AF4DEB5A9CEBEF45DDF8D5DCBD3230D
:10666000DBF2E8A53118765252B11B7B7479FDE359
:10667000F5CFFFFDDD0D79F7E603D1C915500A030B
:10668000EFE28CDF1407B5032F0881D8866E696EA0
:1066900060C70AEF72B38CE2C7AC37FE2CC2208809
:1066A000C96F870BF8A3EBB7EBE1827C35BC1A5EB0
:1066B0001BE357E24D036E1AA63136AE849BF1C739
:1066C000186E5EBFBE7EF356ECB9DDC7D45990702C
:1066D0007D6B69E668DC27E66806BFC6F06930EDC9
:1066E000C99B9B8AF6A3B9D8611D0440FE2BD3BC7D
:1066F0009A4CAE85BB0F56E8C3DDB793F3EBE1EFE1
:10670000C55559D8F5FAED187E849B966D0337D59B
:106710009DF97D131B9CCF46C6546810BAFE3A5DA6
:10672000C878D227C6640EBF0C5C87B88C68633902
:10673000C1C3820C8931DD7D24E339FC625D877D34
:10674000C2FF3F98A87A99D80D3B9863B1D748D239
:106750002D5CB051C4EB40C930253776C828699705
:10676000C8F2A305891EA3986EF5BDDB27BAB5DB79
:106770007954E757FAA47343D701251FBEEBF4C938
:10678000CFC16D10077DF22DF5EE69ECDA569FBC96
:106790000E411DFA04A9E8110DDD952810811F2C6A
:1067A000C8DE651FA29D65D33EB979FB037CD17F0E
:1067B000A6EBBD67857DF203F53DA00B172D1BFEF3
:1067C00082DE448167457D92F5C991FD844A9E7EB3
:1067D000F9CFB21EDC061FF5C8FD1BDBBADB207447
:1067E00068A8C3255577848FFEE1EB6DE03C9609E0
:1067F0006EA8BBDE801819C3E1CBD2E2B656B876DC
:10680000413C872AF2327A2BD0727D656D5DEF7143
:1068100041EEAD50E37B50DE64060D690350D0F2CB
:10682000FD5BCBBE5B87C1DE77D246A0FFE546C1EC
:106830003D0D575EF0A07F5C908DEB38D457CD7442
:1068400070BB2E4F7417B88047A14EEF414D4046A4
:10685000FCC0A7AFCA4D22C0C30058B0723F52A7B8
:1068600074D7F501748BDCC19FBFE9AEEF509891EE
:106870006EAAD754BC813FA1E520F2AEF12F4C485F
:106880003B1F0E415926ECB7158372BE24FAFC65F6
:106890005FAAAFA6D9EB93380436EFAC103A43B7F2
:1068A00097BD7EFD1833467D3C49C6381FBEC47176
:1068B000B231CE913C0C649A3086312E8D319E37A8
:1068C0001A83AF609CAE6382631843C54286D36669
:1068D0000BF15C9F5AE16110633E74E8BA9F939498
:1068E000C367A3C7A8282503F0A02C1A8E1BED3C74
:1068F0000BE4771DBAE55DC74B3A40073488A90E13
:1069000062BCDF22C298235CA0B10ACB3AE4FA7AD7
:106910004EC5EE37CA7944AE436FAD5014D354061A
:106920002380A4BBC712FD38D88922A81A90D1B3FE
:106930001C87A187042EF34AA76231DFB6098A4576
:10694000F66B3044E190DF31263D41B7396E85C9A1
:1069500024816F0087AEA3203093418313063B7DD3
:10696000E57AA0C08083DE3ED4D02E945B66FBB86F
:10697000F26879AD784977DC90DA9CBB7C27CB9BB9
:106980006DED044695700584D551CA8F645CCB7358
:10699000D7BEEE820481D4A085A6A17450D1CC6567
:1069A0003B87A614FF95DA1427E605EBA03C2FE6FB
:1069B000E42D401905DAA9C4486EA5BB0572B08F55
:1069C000A4133B0AD76C37B43D8A50300228181DF7
:1069D00090A0B4EFE01794A060D20C0A46939C9C60
:1069E00016E1E5BC27C7B6B94C463FE67C9EA2F34C
:1069F0005246DF9ED26C841450C2BDA70ABB25B19B
:106A00005A9968461BF0CFEE2A8C2FDBE1C5E2963F
:106A1000AE829096773AF1B517A4D3514ECEBA050F
:106A2000B50377566ED6F4B1E00FE4E1010670EDE0
:106A300003D75761B005FBC1389FDFB4216E9B625D
:106A4000870119C814EFE63BCC262FCBECB47C773A
:106A50006B2510B8737D328F924D87A9AE306211CD
:106A6000D80B1E951B83FA0DA62AE6FDEE8E3EAED0
:106A7000420852224EF3B732AA96AFB0AB384FE07D
:106A8000F61636368801FEB5D114975C9EF0A76ADB
:106A9000B0D818529F09BC3A0AEA3511D44BE686A1
:106AA00031C9A731FA2FE83F325818889A897C3AC1
:106AB000981FE0780D8E0DA2FD6DD5E40C618482E7
:106AC0001FC782A39E74FA3A33545580E55BF7C71B
:106AD000E06873FC1ED70C6A09BB4F3FC6BA43ED92
:106AE000204CC44EE21AD6AFFB60688722564B801A
:106AF00095930A0534C9F37F241061329928F44133
:106B00003F41B94C082FD82493CF99F0B2EF2A43D4
:106B100079EB05F65D35B7161B842F212EC96183ED
:106B2000DC8E4F8F0D0172EAC63EA2C3F53F5AC9F3
:106B3000CC4B2638B06CC4DCAA191E63344C85D10A
:106B400030CCDED1414DC1A8E0FF0CA54DE138AC01
:106B50005C29A8534BCE6216AF4C864A0936D1FE4B
:106B60000D2BFD45B60A031863604E0423FB99C242
:106B7000EF83203B0EB6F58EDFF4CB387EA739606D
:106B800052EE0F76D69AEA2CFB55859A638171EC0A
:106B9000EE4382CBD3E1B0D94076B8DF56C2B379A9
:106BA000243C17C74A7C86F20018C1248EA37A9E23
:106BB0005B4B34A299F84824676B7D4C891AE670C8
:106BC000A8B679C4DAC7817ACA56E888191219AC0E
:106BD000F65A0B7526CA50C754443AF5A23EAF4246
:106BE0008A2489C25369BDE35CC94A5754E4E597D6
:106BF00073278755D0214D19C02E24A90F8813540F
:106C0000090343922F507A83B35747658024A236F5
:106C1000707D9F56A0AEC2DFCF34816F257C556B4F
:106C2000E1DDCED5C3E0A18594444877D48A3554BC
:106C30002040CCB88F9A0C7AA7317DEB63AE42909E
:106C40005755E899F87019725745C4B000059FF27E
:106C5000B990F9B08E8467DD524F14C43AB74B8DAA
:106C6000879231EE2D6F5F05DDA69215CC944EE52F
:106C7000C05ECC7E628EB757E7BA8F2A66BA0B2900
:106C8000A8902E31F76D9839117B9967FD10E25D60
:106C9000FCFD19A2909BB97437AB5DDB636C576E3A
:106CA000A4887A1013288DD15CE18C1FEFBF3604C5
:106CB00077A3779ADF5FE74C56332F67B58DB9B866
:106CC000C7C13E46AB578379025717ABC0DE470AB0
:106CD0008B9B4C5806D3E37A4F18B32B092B609F3C
:106CE000D43B7D1B0B8E86B503A00323605369A89C
:106CF00076F23EB51FD214A5707C6A4868EFC308CF
:106D0000C7490CD8C901633E268410B1103FE2F791
:106D10006C93F0BBCAC5767D9665381D824414DD40
:106D200047088E5CE2AA2514A4411E8FCA82C73F81
:106D30006ABA21C60AF5DB7C5E298D0B79B8299FDA
:106D4000C0B09294BE0B5DC0D7C7E3154C3C453D27
:106D500035DC1DA9C2DD628E549CFB3AA4D46F3091
:106D6000733C3337CE677D723EFEBC891709999913
:106D70005F5EBC6ED44C3BA44E13768F8019D33922
:106D8000FFF759DC2E10320FC985C27508082AE2B8
:106D9000B48D1E5BB762C899C2BD78907B5890676E
:106DA000ED22C0858882BF6CC572A43CB825C3FAA9
:106DB00039C41B69F68CA93EB082AEE263D362D5BA
:106DC000F946463DA75B7BC0FED0B6225AE7614D2F
:106DD0004E485D1E99B098F7AAC2FCC9B0093B1D88
:106DE000A5E3D2845F23954569BA04C15003B46218
:106DF000258497EEE816A24C8F36584898E0B2B832
:106E0000A27AC0351B083F7EF2F75BA94B29CFACB5
:106E1000087BCE2B647AA7B9F04DE38CC384B734DA
:106E20000E5DBB41BD44DD70E22ED71C05940E9A69
:106E30001FDCD8DE1C1DC4960D7E39559C3F601C9E
:106E40002B0F18CD71FDCC5C7FB7171CF82C8C1F55
:106E5000CAC7549D81AB952E0235A80AE615098D47
:106E60006AE7AB49BAE38828A1DE6B357B150EDEF5
:106E700040C8F4973CCCF3F3F3AAFD601C5225857F
:106E8000EA39A5CC1A654752734150B2A04522E4B5
:106E9000ABB87C84C497C4B1ED84A06EFE59CC9B82
:106EA000140C6D81754C8417F686DA77D4F9462177
:106EB0006AE2F44A870093DEAB2F1469498B6FE6D0
:106EC000BDA396A3920BC5B9CDB0DAF5564172E9D0
:106ED000CC1BD308BA1420D4EE4F3ED93C1DAAEBEC
:106EE0002AB0B0D1A82F8050B56821C204A7D51808
:106EF000C2BFB9AC9CF2988480D938E2170E1173E6
:106F000022961C1D16E2C08252283767B1005B61D1
:106F1000D34DE049E45E74BCCC463B7E6AF641E268
:106F2000AE9F9C7EB03DF4ED254988FC5EE632D2F2
:106F30006D1D081478766B09AE6A22DFE6546D7910
:106F4000A775922D426E834443EA6BCD045FABFA82
:106F500008AC509A608EE58E7EE2744A730749222F
:106F6000925B8569F383F1E8333DDC54009A9E839C
:106F700017023BA342D22D56C9105566FFFF9F1240
:106F8000BDEA890D58B9B2B06C240563549C635AAC
:106F900051AC762064E5B52CC32E131CB6E1130169
:106FA000E5656647D3277872A41B12E3530AACE663
:106FB000AAF8F0ABD56A755A9A4E7588A73CA11A03
:106FC000BE3ABA44392FE6091D745C0AF51E821FC9
:106FD000931DF983B11C1E174E4A8FE0E7553519F2
:106FE0006CEB07D11E2C7B14D5AA4B3179339F341F
:106FF000748B8BDD2675B3A161181CABBA8DE7527B
:10700000EC563B17D75F05C77A86CDE752EC573B66
:10701000996823824F269E46738DABC8736E2CB140
:107020008821C3B7E79DBEAFAF9F1D4DBF7C4E7F8C
:10703000AE8ED87EB7A58E6B112DE7F1CED1E3EDE4
:1070400095192EAB7AAF384A16EBDA0BC356D5AF8B
:10705000D7037D3E6C66E51EE89049DA642E8EC843
:107060007E75D8A1E3C3063D5573F11CC48C081589
:10707000B38905D09CCB26D714EB957C1B043B3100
:107080007DAE5ED7B09EB04CD164891C494501DB12
:107090003474E02BFD0A7148591950D1D68AF65C38
:1070A000A4924B2E2FFC78A3DB1BD773B469B9FADB
:1070B0003B9F352DB4AB5CB404613E35D7A6E930B7
:1070C000D5A646739E359CF3EC94399728ABCB0438
:1070D0001A97CB0AEE24AF448FAD30AE6419FEB9D7
:1070E00038CB3FC77911D9A1BB8B734F757A342642
:1070F00020E12806571BCB5FD3885C129F3E901B74
:107100001A6B7961CE35FC1E63BFFAD6CC74BD779D
:10711000B7E09642A3BDE795EE7B70FB06EBB55357
:1071200022AFC3D07AD4E6BD0178319EB6B2BC8816
:107130000A3360DCFCDE05AFF592FCE9D7577976BF
:10714000AFF63EE322416BF91E07D7B61116BE3FDC
:10715000EE684F523A0534A807641C085FB7A04890
:1071600083358DAF3D8A1F7FFFF89DA375D902BA85
:10717000658D7657447B41BD1E0969BC0F7D31E5A5
:107180004B6C0F57D44D7CABAEA43F4E895C5E4236
:1071900023E6F2747B691FFEB5D48302234ADDD057
:1071A0003B39F462DF844E10135951F4A3B5A5D8CE
:1071B00086BBFA5DF20D7612DB625C7795541A5E3F
:1071C00012E05B391C0BC0C243BB60B5820DF805F1
:1071D000D54E31206ECE008045EBE23E48D9779007
:1071E0000C5C02046EF839D8C7F91B42D8911326FB
:1071F0009841DA43EB91CB6571EC906E21044C879A
:10720000EF931178D34ABF27139AFDCE01514479E9
:10721000DC479A202E2B1ADB1BAD7B66ED5C5028D9
:107220006CD3ED894A3A8837D4D7429C5138F86BF1
:1072300014F85A4FD90A46B3B0A1041418C8C06D47
:107240004025CBF761F7076067AE2D9880666FFA2F
:10725000C4ED55F463329829D69FDC5F815D2F5EC3
:10726000D89B01CE5A663FB301155AF097FBC08BED
:10727000B1CCF53F7E7341788C4F7FE9F132B2F7A4
:107280002031401C48272DC0577D8B7E8466F64EEA
:1072900019073C2DCCCC548C93B4C8C6199F34CE5E
:1072A0007E1783EC540CC31B9C427A173C804BA97D
:1072B000A6CCEE379B3E4399223083E710698CB40D
:1072C0004CAA1A4D300ED66BAFB0F62479CCE757E6
:1072D0002723F949E58D400B33E3F9C4DCC4780D6D
:1072E000E02501914F6A0EFFFE77D2E9A878F649B2
:1072F000754389EECC9FF72D8FF9D534049D0E6927
:10730000B7B8654C09D376EF0FCDB22D348E1E156C
:1073100007D3F7BE1BCB86CACDE40334C11577FF74
:10732000F98FABEEB18324CFD5A740250EC41B70D7
:10733000B09310FF24432DDB4208B4D943F2948765
:10734000EAF5A8CA05EE8AE398660BB85A9270343B
:107350001B763D55EF207B8E9A6841421B52C6B783
:10736000103C267D34D16BA0E8CE61D6E70D5D5987
:107370007BAFE8F3A4E67FE524FECC5B880EDE005D
:10738000BB3510182B844D923D28C91ED6E7ED3F22
:10739000FCFCFD0D18437BF3CE0AAD6DC48897E36A
:1073A000CD906838C69FEEFAE4FE5712AC6034A95F
:1073B000938AAA7A37603E62F48B1B83ED4A8C492C
:1073C000B7D753D90E24ECC25CBEB9031BCAE28CFA
:1073D00043AF3EE97655C28E6335809C1CDC54A0D9
:1073E00004F203C360D8430D16D90D7CE9B89F0E93
:1073F0005E5171994C368E5C24EF53B74425F0F5FD
:107400009A2F47BB674A0D3A190737319E6968F0D2
:107410003174B75A4FBACA9AE822EF96D8FCB52F02
:10742000B00CC9CAB734DEE00B4FBAEF7EBA79DFD1
:10743000958821BEBD8686105BFC46BA891FA8BF11
:107440000777B30B7D50295C9B3D74770621D7C32A
:10745000838E71AFBE0F3DEADB81439D2EF9A49070
:10746000EC0567C061B1A505553B51BFA937E305E0
:1074700044E6773D08EB30FBDD552124F7F26D8EB5
:107480001469C4206B9829168A86F10AFE5C5C9206
:1074900039FCFDE69B5E95ABC5077068E4866C80A1
:1074A000E3D4A0C6D4A6645F80C79FF7E9884E8C5A
:1074B0005F7BE9B206BB7DB40121541946350F53F9
:1074C00002B08DEB7843966458B9D64358D54D0039
:1074D0003D4ABC66142C0C2C127A7F0D5C5F437500
:1074E00002E73B89545493E35ADC6CD01BEB1E98A3
:1074F0009144552B88271F718C34CA3A72FD25C3DD
:10750000C3A2104D4543A6F9D53D8AD1C47126F6D4
:10751000CF4CF4CB2B272BCBF540D5FA59CCF8AA7E
:107520003C4AD109921B38089D5E4370CD3C3D31E9
:10753000CA39520B8E93760CDC140E66D14D709BBB
:107540003EB99DAD8A6D06DB1EE82C0FF55D7F57B9
:10755000A59F99FF09139605FCD05D11F1C39DCC41
:1075600059158048E58AB8628E1B2759E30CA80C90
:107570000B9F3D9BBCCC88FDCB4A545B09D9263977
:1075800014F480AA6135A79DAC1F1741AE9F75907A
:10759000D42E385CE1C09F870E0FAEEF040F289801
:1075A000D7E8DC62168542C4008E5160214D4D96AD
:1075B00071A85C05C0CC771837816268F98662369D
:1075C00086F96430CCBB2CB35720F6A927CFF195B0
:1075D000BB54256C40E657EE5AE7B9C32F9DB82936
:1075E000642879E3AFBFE6515732811EF9AFC27705
:1075F000B250FB251C16A2EA3C659262E64F665427
:10760000BAB02F2265E2F2B0731E8F17BF7DFFC3A1
:10761000F732482B4E2DD8C53F063ECD4FCF0E2911
:10762000EC773243AD0B2D5C8513CF8F31190135CB
:1076300084961B163395DD1BFE5C19E741B762513A
:107640001C2BAF58623FA1A5B4F7D91E6699B75D50
:107650004DCE2DE3C6E99C481699712201C3DDC0C9
:1076600075EABA1479B21BE07B1E31D0D0BA5C4700
:10767000987BC628F1244D053909AB8ECAB9D4636D
:10768000D7A78661389FBAA6B0E79FA513A92E2079
:107690008FF02FE7B942333ECB34775D04D0C3106F
:1076A00015A6992D5AE760F52FFB2C89E28288FAFE
:1076B00028DE39ED04C3C55533AF2CEC8844C972BC
:1076C00089057F8DAC01079553E6C10CE6DAD980B8
:1076D00080DEFC13D32A04EFDC57C0EEA28EFDB887
:1076E000DFDE82E5CCC91453B8DA48A85D9F0017E5
:1076F000F428F3093E354DD9DDF0E36F51FB328DAF
:10770000FBDF3D0D1F39FA06E02AA407E6DD5EEE39
:107710002886D342E4A345DC3B9C4EA6079217671C
:10772000C90B74E1234A5B7A62E9B8F78411BCECB7
:10773000DCAE3BCB8B33B820B907D2DDC91D6B5E05
:10774000E02B67925BC9C4F2B705CAF89AA57283A9
:1077500072237CB1577102E5964BF9DE5E6C8CF4B6
:1077600015BDB04A43D52A3754B4BFED2C7FB07C49
:107770000BD316EFDE7C500E2AB92EBD96A30D9CBE
:1077800091AED4229B90AEF0EDC02C4218E04B4A53
:107790003B197BD9C3949D65F66E61AB8A0468433F
:1077A0000CDA18711ACB9BE46B4DAF0DF576498F4F
:1077B0006FE1634D6B7C18F5CF5BCBDF5BC95497F2
:1077C0001FE00AF9815DA9E98BD52CFCDD65450A2E
:1077D000EFC2600D88BE85C92A0995D97B71060C58
:1077E0005DE63529CFECE4598B2AD9E3EF92510AB3
:1077F0001F3BBEBFECA44507ACD2345F0C90948015
:10780000603129AB25EDA8C4EB761FC72C5466A3C5
:1078100062154A8704BE0D36E10E275150FACEF2AA
:10782000EBAFCE67B3E9AB8B33DEAD4266976A5FF1
:1078300022BFCCC33B79322922EF2C08F755B2ADD9
:1078400024C2DEB703EA11F82E200FC117A46D99E8
:10785000AA1076BE46D253D32AC2A728947A0BB177
:10786000BEA60E3D921788741A683F7BA709B4EF35
:1078700034E40A73D7AB1A0B4886116B67F95D7253
:10788000B24572475B75BB5126C58C1CA062B4B370
:107890007CE23A3819F158ADB3D475807A68926BAE
:1078A000989D8475AA47CBEC35578443C91D2B5A44
:1078B000E2B581858745F315E8E6EE6367F9CF7F8A
:1078C0005CA5A3D7C9DA0922F354BB77C3CEF0086D
:1078D00077194EDB36094FB150B2C3F6A77088C88E
:1078E00077B07DE6C9754B50FBAC864AA93EFC8853
:1078F000183CDAAC3577FD3B4BEE0BF1E4F1157338
:10790000AE171767ACB98A56F2AA12644289168874
:1079100011FB5483B158A7034E05FB9299507C3854
:1079200025F732811CF816A29D64C275C05B3352E4
:107930008E7A3953D2210C852F3B3FD3155CDE2044
:10794000D6CFA7A34915D637DB2694FC26F8C62543
:107950003E15BEB40871F8AA5263581D280F80A0C6
:107960004F10C51DC21F80B8ECE4139BB870F09E89
:10797000B66E9CF0353BCCC5CC56AF56CF78156073
:10798000BAA0A42AB0AE17EF99FB0F40D4370E1B54
:10799000B64C482FAFBEBD38833FC7756299C91337
:1079A000FADDB0077E4FE8F8075E0944B43FF44EB5
:1079B000E87DC5EB7B88F6FA94DE1F58D90ED1A27C
:1079C000533ABF639E83F6CB317DA169935D448AB0
:1079D000CD24E322CE053E6D8B9093136A7FBFEDDD
:1079E0002C0D9898731C89E5057FC41391911F98FD
:1079F000189D04823003D549FEFB22EC96D129D88C
:107A00002BFEA860A7F970857A67FEC0E265E71AC9
:107A10009D0B360AEA392399D04FAB410C5071299E
:107A2000381E3F72CAAFF4C9B20C3859C63D87B090
:107A3000B9D3271CFE6B94C3A8CE755688CAD13B18
:107A4000E225A70F3C6E648ADBC9EF537214976D71
:107A5000143B8CBB0D3EA69B9578CBC6090C62D916
:107A6000C76204911EE1B16D60AE5E3A33F66C32CE
:107A7000B3A0DC11E316F8F815673E377B6D03778A
:107A800055D2124583BB296D904CAB115B249914E0
:107A90001EB64891D71B1E4BB0216EB50232661B35
:107AA00020632A41C67C1A90319F1664CCE70A32C3
:107AB000660DC898ED828CF9242063B60F3266EB10
:107AC0002063B60D32E6330699511B20335282CC27
:107AD000E8694066F4B420337AAE2033AA019951A4
:107AE000BB20337A129019B50F32A3D64166D43633
:107AF000C88C9E31C88CDB0099B11264C64F03322A
:107B0000E3A70599F1730599710DC88CDB0599F10F
:107B10009380CCB87D9019B70E32E3B64166FC8CE9
:107B20004166D206C84C942033791A90993C2DC8EE
:107B30004C9E2BC84C6A4066D22EC84C9E046426CC
:107B4000ED83CCA4759099B40D3293670C32D33683
:107B50004066AA0499E9D380CCF4694166FA5C4195
:107B6000665A0332D3764166FA2420336D1F64A629
:107B7000AD83CCB46D90993E639099B501323325B5
:107B8000C8CC9E0664664F0B32B3E70A32B31A9034
:107B900099B50B32B327019959FB20336B1D6466ED
:107BA0006D83CCEC1983CCBC0D90992B4166FE34CF
:107BB00020337F5A90993F579099D780CCBC5D90E5
:107BC000993F09C8CCDB079979EB20336F1B64E63A
:107BD0005F0664A059838A1A6885455ED2F2B64270
:107BE000BBFCE3068777EF0A856CAC2EB551C9580C
:107BF00041C979D59A502EC8FEFB3D69156352CC18
:107C000076845E169E2A60EF08EE2C9B148B8AF316
:107C10006B5CCE983C621E877B8AD58C9E477EF239
:107C20008F9971935143EA8823F237C62543AE56A4
:107C30000DC7AC2F6BC5D2C316EBC865DF85C75A1D
:107C400038EE59D14120926F56E85ABAE7DEA3C008
:107C5000059E1BD3E49215075BD7866621ABC74E02
:107C6000E8010FB802B0076CE2ADB7FC3F41A80FC6
:107C70007BCD8A00000000001F8B08001FCD486AE2
:107C800002FFBD596D73DBB811FEDE99FE07943714
:107C90006EA40E4991D48B6559D65C9A388D679A3B
:107CA000AB274EA6ED270F484224C624C182906C14
:107CB000DDCDFDF72EF80690A21CE57AD371429334
:107CC00078592C769F677701AFFFF4FE1FEFBEFC5B
:107CD000FBFE16C5224D367FFCC35AFE4609CEA2D6
:107CE0001B836406B4C83682437843689D12815171
:107CF00010635E1071637CFDF2C15A1A68A2F565CB
:107D0000382537C69E92E79C7161A08065826430F9
:107D1000F6998622BE09C99E06C42A3F4C9A514153
:107D2000716215014EC88D6B3B462548509190CD30
:107D3000ED4FB79FFF76F780EEDF7F4516BAE72C51
:107D4000E2384D6916A14F38DBE1643DA9C6F5D78D
:107D50000E58C238C88C494AB4F543CC9F5A550BCB
:107D600071A86722B4E28C09F44BF5819065F99112
:107D7000B3423F38EF9C5B7776AD37BBD0EC7AEE01
:107D8000CC7DA7358B1701CDB76F6FDF7FD047A7AD
:107D90003B41C215E2918F47DE7466226F7A098FEC
:107DA00019BCD98BB136100701E807223ECCAF6E63
:107DB0009DBF1EF578B2EBEA72EA2EB42E0E66680D
:107DC00084CFE62672E74B78B8207BAACB2E621CC4
:107DD000B2E7157290BBC85FD06C098F729263A234
:107DE000EA9F3DD7C7F35539506F81E55DAFD35456
:107DF000E0AC58A1E25008925A3B6A220BE7794264
:107E0000ACAAC544C6038918415FEF0C137D663EDA
:107E100013CC441F49B2278206D8446F39B8DC44DA
:107E2000528A55104EB7B5E85F25D2E4CB5F942F48
:107E30007CF66215F4E772B33EE321E11634F527D0
:107E400048C49AD5ABCFC2839A1E131AC5605AD7BD
:107E5000712EDA0DA4984734039BF4C574E76E01C4
:107E600037D616A73439ACD01EF351B57165AD12B3
:107E7000664D178040F5F838788A38DB6561D30D98
:107E80008852DD6C4FF836916E89691892ACAF87D5
:107E9000ED474A8D9C51C02FB7C81EA00066CF5831
:107EA00046AE5567010462B0992D7D2161DB4E33EA
:107EB00060A7DA21423F5B340BC9CB0A59DE9096AA
:107EC0004D13421C87929091FC0D0B8EAE1C072027
:107ED000332F9F5800CC2E90B5BC300791E77963C3
:107EE00013090E46CA3187C930ED626C9E967D59E2
:107EF0004A9DCD6BD957CE8594DFCABE926261018F
:107F0000CF03D9EEAC277BB67C5576A5F1ACD17BFF
:107F10002E65BBCE09C59DC5EB8A273423982BE17E
:107F2000EED20949646ABE55EFEEB89C7DE453A0D9
:107F300088726A488B3CC180AB8853E535F9610192
:107F400083A04B100BE0B54B25D1BCA9DC84BBE56D
:107F5000D703B0DEC7472B1534243EE63A841A9483
:107F600014C0C0A7432B47B05C07C99058988DC375
:107F7000B0E45F2730E8103F659ECAD473E9C2F6CB
:107F8000613BD291C33DEE7CAC71A8623BAF550220
:107F90000B142CA1E189A9975DF2859CE5D6962664
:107FA000401C881BC98E8F640853635AFB6F13A251
:107FB000F6243FAC90721254D6AA3CA0DC83F38E18
:107FC0001134BE0274C201EF76A4E384469945C120
:107FD000BFE05319D709EF89D6A36C6B7519B1E5CA
:107FE0007FAD572D9CB088A975CB9CBA02D06B721F
:107FF0001A9F761A1BDB82BF76456FE1B3A242401F
:1080000079901049AC29106BAA78D5F3CB74DE2790
:10801000D6FC75624DE71A72BA24BD1A0F47866501
:1080200017352F5ACE9376F3664DCAEB47ABF14026
:1080300018E504B847F7E45BB1BA064B11431E7E5E
:108040001A4825A567562B9F6C1927CA43752DB270
:10805000428631B038F601E25035F4C3B835D3B2B8
:10806000974E3C10470365BD2D672944D1D282BA93
:10807000D11D69F6131E02CEA185ECD5275CCE2F4B
:1080800094717046535C878F9C666859D46E03F573
:10809000B6B280D38C95E3800A00BEBDE81BE4C76E
:1080A0002772D842F9468A4ACA2F2A06A977546904
:1080B00001364BC1154C40181C4D1772434A9D5F49
:1080C00087C917BBBDCC0D55030168CF3568F713C1
:1080D0003FE08F08995B0BA9B7249BAD3341EED2EB
:1080E0006A632258EA04EFED62E70F2FEE6AD23A94
:1080F000D542591B8E7B8A5965381EA27986F7DFD7
:108100008A2EE7C4AED909D158F306791156480230
:10811000C66B9777CA8DD7F6A0D284D38D5647E128
:10812000A69ACE35FEE9369B6A134B34D4E450B898
:1081300007D07A85592953BFB7B029BF8FC3BC9FD9
:10814000B0E06978EFAB58525CAB38357E0DE79AFA
:10815000C53925A006E4F255A6F47F8DB424D45386
:10816000C3C6818C3BC37A7C4F98F44E8449D71B9D
:108170009F55BA7602A8FC714FC6CF2A3E1DEDA7C7
:108180000E72FF2362E19C67D509CD39B3F001FE81
:10819000FCA6BAA72D8EE7CE009C3D99449C13A562
:1081A0004F691817ECEBCA039E3C4E5D1E9530706C
:1081B00000122CFD760DB3F83D6A98EFA9328E2C93
:1081C00067E738225679A81E0E6833CD0C65FB731D
:1081D000ED9085E3BC2E34E0BBF44494F4CE8A9257
:1081E0004A6E1E6EAD329568E212E93EB767F95EDF
:1081F000F41A3A95B90374644293DCA9C33A30285F
:108200004365696E8081B4C2F56FDF5C8B9512990E
:108210006703A5A734D60B0D6DA9EA1A617C7D4EC4
:1082200090EF8BEC87C7A3B9604EC265803A1210FD
:1082300063DDE32D5CBB3EA91DF58D2DBBE3EBDFBC
:10824000393EBF562B4F17DF93BC821D2FE422F51A
:10825000417D1005CB63CEFD9812A8A9D128C52F6A
:108260004D9C5B2E409BB13259F7CC78F27CA89F95
:108270000C5BF143E7C0D3F705EAC600E11D546487
:108280008E161D5B5B790BDD58A7529C258FD9E3B9
:10829000FEB07A552D4F7B0522B820DAC0360C2F60
:1082A000F5C5F58454DFC2945FE3D7F66CB39C64E4
:1082B00027EA4A4D5767584817B81A746956D68442
:1082C0009D433B1835C10139117255B58AD07AA248
:1082D0002E1DD745C0692EEA0BC8ED2E2B93202406
:1082E000A6284AC843B5899106859005BB1444DB8E
:1082F000FFD9117E782009644DC6476F9A0DBF19CA
:10830000DB41828BE2EFB410762565F4461AE18DED
:10831000162B4A159A75D793FA4E175EE5C557A5E1
:108320005648F7A8147463F891B1594FA0E1A80713
:108330006069D49AAF65F15237D7AA345D3D69B20E
:1083400054565DDD4E7958D2175323B44F6888DDFB
:10835000E64E18B477BB7D9A38A8C78DCD279C41CF
:10836000DE09E5E5F191E0CE77EF4B93037BEB6817
:108370008C51CCC956DE2F6782B3C496D78EC6E621
:108380005DF5B59EE0A1B1C02A01F9A3A8073FD4CD
:108390009F2746C724C9EB911FE1F5C4A85D41F8AA
:1083A000635A5E81D783BF424B7B293E3847D2BA9E
:1083B0003AC67566B62E2DAB4F633374C98E074D22
:1083C000B59E8079360D6B74B3D5F5DF300EAAA259
:1083D000E0080825336E8C86696549A3973235AD70
:1083E000640523CF17D746D7F9FE0E4AACAC5943E4
:1083F000F2D7402C0B12A8FAE4921D52199B3FFFB2
:10840000707579B9B85E4FAA694738EA3474D557A0
:1084100005D2B0ADCE985D5642E0DF2F5FEED1DBE6
:10842000FB3B133DFCF4E9DE44F2261C27F2480F27
:108430007910122F9C7394CF10F890C0D13C20C7B4
:108440004B9C87EEF69B56A553A351534B194A40BC
:10845000C103B0A11079B19A4CC23D0D53FC440A3E
:108460001197308EA88877BE4DD9E4E33F1F5DC7D2
:10847000BACBACCF90911F816693CA08C5A4E6E839
:10848000E3DB56FFAAE79193FDA36B3BF003EB1AE6
:10849000BD047363C85B7AA3CEC2F597B68F4A71E9
:1084A0007D2B794B5428557444DC6DD181ED38F225
:1084B000397B96CC081929A0EE104D2447222610AE
:1084C000183E9872180A7006239EB384E110513941
:1084D000489E4992C3103FFF9F5681AC857924FF87
:1084E000CAF6E827387B3236316040F2D15656C999
:1084F0005B3AB691BA7E03785761BD8CF5F26F7B1B
:10850000FF05B89DB967EB1B0000000048545450AC
:108510002F312E312035303020496E7465726E61F6
:108520006C20536572766572204572726F720D0A07
:10853000436F6E74656E742D547970653A20617066
:10854000706C69636174696F6E2F6A736F6E0D0A68
:10855000436F6E74656E742D4C656E6774683A2057
:1085600032390D0A4163636573732D436F6E747204
:108570006F6C2D416C6C6F772D4F726967696E3A25
:10858000202A0D0A436F6E6E656374696F6E3A2020
:10859000636C6F73650D0A0D0A7B226572726F72D0
:1085A000223A224F7065726174696F6E206661694C
:1085B0006C6564227D000000485454502F312E31E8
:1085C00020323030204F4B0D0A436F6E74656E744D
:1085D0002D547970653A206170706C6963617469BB
:1085E0006F6E2F6A736F6E0D0A436F6E74656E74D3
:1085F0002D4C656E6774683A2031350D0A4163630E
:108600006573732D436F6E74726F6C2D416C6C6F5C
:10861000772D4F726967696E3A202A0D0A436163AC
:1086200068652D436F6E74726F6C3A206E6F2D63A8
:10863000616368650D0A436F6E6E656374696F6E82
:108640003A20636C6F73650D0A0D0A7B22737563A4
:1086500063657373223A747275657D004854545093
:108660002F312E3120343030204261642052657128
:10867000756573740D0A436F6E74656E742D54794D
:1086800070653A206170706C69636174696F6E2FF8
:108690006A736F6E0D0A436F6E74656E742D4C6550
:1086A0006E6774683A2033360D0A416363657373ED
:1086B0002D436F6E74726F6C2D416C6C6F772D4F04
:1086C000726967696E3A202A0D0A436F6E6E6563A0
:1086D00074696F6E3A20636C6F73650D0A0D0A7BC7
:1086E000226572726F72223A224D697373696E67E6
:1086F00020616374696F6E206F72206964227D004F
:10870000485454502F312E3120343030204261648F
:1087100020526571756573740D0A436F6E74656ED2
:10872000742D547970653A206170706C696361745E
:10873000696F6E2F6A736F6E0D0A436F6E74656E8C
:10874000742D4C656E6774683A2032340D0A4163AB
:10875000636573732D436F6E74726F6C2D416C6C17
:108760006F772D4F726967696E3A202A0D0A436F41
:108770006E6E656374696F6E3A20636C6F73650D1E
:108780000A0D0A7B226572726F72223A22496E7656
:10879000616C6964206964227D0000004854545073
:1087A0002F312E31203430302042616420526571E7
:1087B000756573740D0A436F6E74656E742D54790C
:1087C00070653A206170706C69636174696F6E2FB7
:1087D0006A736F6E0D0A436F6E74656E742D4C650F
:1087E0006E6774683A2032360D0A416363657373AD
:1087F0002D436F6E74726F6C2D416C6C6F772D4FC3
:10880000726967696E3A202A0D0A436F6E6E65635E
:1088100074696F6E3A20636C6F73650D0A0D0A7B85
:10882000226572726F72223A224D697373696E67A4
:1088300020626F6479227D00485454502F312E31CC
:108840002035303020496E7465726E616C2053653E
:1088500072766572204572726F720D0A436F6E7484
:10886000656E742D547970653A206170706C69631F
:108870006174696F6E2F6A736F6E0D0A436F6E7449
:10888000656E742D4C656E6774683A2032370D0A38
:108890004163636573732D436F6E74726F6C2D410A
:1088A0006C6C6F772D4F726967696E3A202A0D0ADA
:1088B000436F6E6E656374696F6E3A20636C6F739D
:1088C000650D0A0D0A7B226572726F72223A22418F
:1088D00070706C79206661696C6564227D000000AF
:1088E000485454502F312E3120323030204F4B0D10
:1088F0000A436F6E74656E742D547970653A206109
:1089000070706C69636174696F6E2F6A736F6E0D3E
:108910000A436F6E74656E742D4C656E6774683AA9
:108920002031350D0A4163636573732D436F6E7497
:10893000726F6C2D416C6C6F772D4F726967696E29
:108940003A202A0D0A43616368652D436F6E747285
:108950006F6C3A206E6F2D63616368650D0A436F1B
:108960006E6E656374696F6E3A20636C6F73650D2C
:108970000A0D0A7B2273756363657373223A7472FE
:1089800075657D00485454502F312E3120353033D9
:10899000205365727669636520556E617661696CF6
:1089A00061626C650D0A436F6E74656E742D547947
:1089B00070653A206170706C69636174696F6E2FC5
:1089C0006A736F6E0D0A436F6E74656E742D4C651D
:1089D0006E6774683A2034350D0A416363657373BA
:1089E0002D436F6E74726F6C2D416C6C6F772D4FD1
:1089F000726967696E3A202A0D0A436F6E6E65636D
:108A000074696F6E3A20636C6F73650D0A0D0A7B93
:108A1000226572726F72223A224F766572637572A6
:108A200072656E74206C6F636B6F75742061637414
:108A3000697665227D000000485454502F312E3154
:108A40002034303020426164205265717565737442
:108A50000D0A436F6E74656E742D547970653A20FB
:108A60006170706C69636174696F6E2F6A736F6E89
:108A70000D0A436F6E74656E742D4C656E67746875
:108A80003A2032340D0A4163636573732D436F6E70
:108A900074726F6C2D416C6C6F772D4F72696769C2
:108AA0006E3A202A0D0A436F6E6E656374696F6EAD
:108AB0003A20636C6F73650D0A0D0A7B2265727232
:108AC0006F72223A22496E76616C69642069642271
:108AD0007D000000485454502F312E312034303066
:108AE0002042616420526571756573740D0A436F8D
:108AF0006E74656E742D547970653A206170706C77
:108B000069636174696F6E2F6A736F6E0D0A436FCC
:108B10006E74656E742D4C656E6774683A203232DF
:108B20000D0A4163636573732D436F6E74726F6CCE
:108B30002D416C6C6F772D4F726967696E3A202AF0
:108B40000D0A436F6E6E656374696F6E3A20636CD5
:108B50006F73650D0A0D0A7B226572726F72223A7D
:108B6000224D697373696E67206964227D0000007D
:108B7000485454502F312E3120343030204261641B
:108B800020526571756573740D0A436F6E74656E5E
:108B9000742D547970653A206170706C69636174EA
:108BA000696F6E2F6A736F6E0D0A436F6E74656E18
:108BB000742D4C656E6774683A2032360D0A416335
:108BC000636573732D436F6E74726F6C2D416C6CA3
:108BD0006F772D4F726967696E3A202A0D0A436FCD
:108BE0006E6E656374696F6E3A20636C6F73650DAA
:108BF0000A0D0A7B226572726F72223A224D6973E6
:108C000073696E6720626F6479227D004854545006
:108C10002F312E312035303020496E7465726E61EF
:108C20006C20536572766572204572726F720D0A00
:108C3000436F6E74656E742D547970653A2061705F
:108C4000706C69636174696F6E2F6A736F6E0D0A61
:108C5000436F6E74656E742D4C656E6774683A2050
:108C600036320D0A4163636573732D436F6E747200
:108C70006F6C2D416C6C6F772D4F726967696E3A1E
:108C8000202A0D0A436F6E6E656374696F6E3A2019
:108C9000636C6F73650D0A0D0A7B226572726F72C9
:108CA000223A2253617665206661696C65642028EA
:108CB000454550524F4D2062757379206F72207771
:108CC00072697465206572726F7229227D000000DE
:108CD000485454502F312E3120323030204F4B0D1C
:108CE0000A436F6E74656E742D547970653A206115
:108CF00070706C69636174696F6E2F6A736F6E0D4B
:108D00000A436F6E74656E742D4C656E6774683AB5
:108D10002031350D0A4163636573732D436F6E74A3
:108D2000726F6C2D416C6C6F772D4F726967696E35
:108D30003A202A0D0A43616368652D436F6E747291
:108D40006F6C3A206E6F2D63616368650D0A436F27
:108D50006E6E656374696F6E3A20636C6F73650D38
:108D60000A0D0A7B2273756363657373223A74720A
:108D700075657D00485454502F312E3120343030E9
:108D80002042616420526571756573740D0A436FEA
:108D90006E74656E742D547970653A206170706CD4
:108DA00069636174696F6E2F6A736F6E0D0A436F2A
:108DB0006E74656E742D4C656E6774683A20323837
:108DC0000D0A4163636573732D436F6E74726F6C2C
:108DD0002D416C6C6F772D4F726967696E3A202A4E
:108DE0000D0A436F6E6E656374696F6E3A20636C33
:108DF0006F73650D0A0D0A7B226572726F72223ADB
:108E000022556E6B6E6F776E20616374696F6E2290
:108E10007D000000485454502F312E312034303022
:108E20002042616420526571756573740D0A436F49
:108E30006E74656E742D547970653A206170706C33
:108E400069636174696F6E2F6A736F6E0D0A436F89
:108E50006E74656E742D4C656E6774683A2032319D
:108E60000D0A4163636573732D436F6E74726F6C8B
:108E70002D416C6C6F772D4F726967696E3A202AAD
:108E80000D0A436F6E6E656374696F6E3A20636C92
:108E90006F73650D0A0D0A7B226572726F72223A3A
:108EA000224D697373696E67206D61736B227D005B
:108EB000485454502F312E312034303020426164D8
:108EC00020526571756573740D0A436F6E74656E1B
:108ED000742D547970653A206170706C69636174A7
:108EE000696F6E2F6A736F6E0D0A436F6E74656ED5
:108EF000742D4C656E6774683A2032340D0A4163F4
:108F0000636573732D436F6E74726F6C2D416C6C5F
:108F10006F772D4F726967696E3A202A0D0A436F89
:108F20006E6E656374696F6E3A20636C6F73650D66
:108F30000A0D0A7B226572726F72223A22496E769E
:108F4000616C6964206964227D00000048545450BB
:108F50002F312E312034303020426164205265712F
:108F6000756573740D0A436F6E74656E742D547954
:108F700070653A206170706C69636174696F6E2FFF
:108F80006A736F6E0D0A436F6E74656E742D4C6557
:108F90006E6774683A2033360D0A416363657373F4
:108FA0002D436F6E74726F6C2D416C6C6F772D4F0B
:108FB000726967696E3A202A0D0A436F6E6E6563A7
:108FC00074696F6E3A20636C6F73650D0A0D0A7BCE
:108FD000226572726F72223A224D697373696E67ED
:108FE00020616374696F6E206F72206964227D0056
:108FF000485454502F312E31203430302042616497
:1090000020526571756573740D0A436F6E74656ED9
:10901000742D547970653A206170706C6963617465
:10902000696F6E2F6A736F6E0D0A436F6E74656E93
:10903000742D4C656E6774683A2032360D0A4163B0
:10904000636573732D436F6E74726F6C2D416C6C1E
:109050006F772D4F726967696E3A202A0D0A436F48
:109060006E6E656374696F6E3A20636C6F73650D25
:109070000A0D0A7B226572726F72223A224D697361
:1090800073696E6720626F6479227D007B22707243
:109090006573657473223A5B5D2C2273746172741C
:1090A0007570223A6E756C6C2C2270656E64696EF8
:1090B00067223A747275657D000000004854545070
:1090C0002F312E3120323030204F4B0D0A436F6E3E
:1090D00074656E742D547970653A20746578742FB8
:1090E00068746D6C0D0A4163636573732D436F6E15
:1090F00074726F6C2D416C6C6F772D4F726967695C
:109100006E3A202A0D0A43616368652D436F6E74C1
:10911000726F6C3A206E6F2D63616368650D0A4350
:109120006F6E6E656374696F6E3A20636C6F736502
:109130000D0A0D0A3C21444F435459504520687490
:109140006D6C3E3C68746D6C206C616E673D27658C
:109150006E273E3C686561643E3C6D6574612063CA
:109160006861727365743D275554462D38273E3C1F
:109170006D657461206E616D653D277669657770F8
:109180006F72742720636F6E74656E743D27776904
:109190006474683D6465766963652D776964746895
:1091A0002C696E697469616C2D7363616C653D3106
:1091B000273E3C7469746C653E454E4552474953A1
:1091C000202D204C6F67696E3C2F7469746C653E6E
:1091D0003C7374796C653E2A7B6D617267696E3A87
:1091E000303B70616464696E673A303B626F782D22
:1091F00073697A696E673A626F726465722D626F25
:10920000787D626F64797B6D696E2D6865696768CA
:10921000743A31303076683B646973706C61793AC6
:10922000666C65783B616C69676E2D6974656D73FA
:109230003A63656E7465723B6A7573746966792DFD
:10924000636F6E74656E743A63656E7465723B62CB
:1092500061636B67726F756E643A233061306130A1
:10926000613B666F6E742D66616D696C793A2D6134
:1092700070706C652D73797374656D2C426C696EBA
:109280006B4D616353797374656D466F6E742C27F3
:109290005365676F65205549272C526F626F746F55
:1092A0002C73616E732D73657269663B636F6C6FAF
:1092B000723A236530653065307D2E6C6F67696E5C
:1092C0002D636172647B6261636B67726F756E643C
:1092D0003A726762612833302C33302C33302C30B3
:1092E0002E3935293B626F726465723A317078208D
:1092F000736F6C69642072676261283234352C3177
:1093000035382C31312C302E33293B626F72646535
:10931000722D7261646975733A313670783B706191
:109320006464696E673A343070783B776964746856
:109330003A33343070783B746578742D616C6967AA
:109340006E3A63656E7465723B626F782D73686107
:10935000646F773A3020387078203332707820721A
:1093600067626128302C302C302C302E35297D2E30
:109370006C6F67696E2D636172642068317B666F04
:109380006E742D73697A653A312E3572656D3B6363
:109390006F6C6F723A236635396530623B6D61726E
:1093A00067696E2D626F74746F6D3A3870787D2EB8
:1093B0006C6F67696E2D6361726420707B666F6E7F
:1093C000742D73697A653A302E383572656D3B635A
:1093D0006F6C6F723A233838383B6D617267696E13
:1093E0002D626F74746F6D3A323470787D696E706F
:1093F00075745B747970653D70617373776F7264B7
:109400005D7B77696474683A313030253B70616404
:1094100064696E673A3132707820313670783B6219
:109420006F726465722D7261646975733A38707811
:109430003B626F726465723A31707820736F6C6949
:10944000642072676261283234352C3135382C3112
:10945000312C302E33293B6261636B67726F756EFE
:10946000643A7267626128302C302C302C302E34F4
:10947000293B636F6C6F723A236530653065303B12
:10948000666F6E742D73697A653A3172656D3B6FE4
:1094900075746C696E653A6E6F6E653B6D6172676F
:1094A000696E2D626F74746F6D3A313670787D69B4
:1094B0006E7075745B747970653D70617373776FEE
:1094C00072645D3A666F6375737B626F7264657216
:1094D0002D636F6C6F723A236635396530627D6239
:1094E0007574746F6E7B77696474683A31303025B7
:1094F0003B70616464696E673A313270783B626FC9
:10950000726465722D7261646975733A3870783B64
:10951000626F726465723A6E6F6E653B6261636B17
:1095200067726F756E643A6C696E6561722D6772F1
:10953000616469656E74283133356465672C236610
:1095400035396530622C23643937373036293B632F
:109550006F6C6F723A233030303B666F6E742D77CC
:1095600065696768743A3630303B666F6E742D7388
:10957000697A653A3172656D3B637572736F723AE1
:10958000706F696E7465723B7472616E7369746931
:109590006F6E3A6F70616369747920302E32737D1B
:1095A000627574746F6E3A686F7665727B6F706106
:1095B000636974793A302E397D2E6572726F727BD1
:1095C000636F6C6F723A236566343434343B666F74
:1095D0006E742D73697A653A302E383572656D3B3D
:1095E0006D617267696E2D746F703A313270783BBD
:1095F000646973706C61793A6E6F6E657D3C2F7330
:1096000074796C653E3C2F686561643E3C626F64B2
:10961000793E3C64697620636C6173733D276C6F9F
:1096200067696E2D63617264273E3C68313E454E2A
:109630004552474953205044553C2F68313E3C70B9
:109640003E456E7465722070617373776F7264202B
:10965000746F20636F6E74696E75653C2F703E3C4D
:10966000666F726D2069643D276627206F6E737583
:10967000626D69743D2772657475726E20646F4CFB
:109680006F67696E286576656E7429273E3C696E42
:1096900070757420747970653D2770617373776F8E
:1096A0007264272069643D2770772720706C61639E
:1096B00065686F6C6465723D2750617373776F7274
:1096C0006427206175746F666F6375733E3C6275C5
:1096D00074746F6E20747970653D277375626D695F
:1096E00074273E556E6C6F636B3C2F627574746F9C
:1096F0006E3E3C2F666F726D3E3C64697620636CF3
:109700006173733D276572726F72272069643D270C
:10971000657272273E496E76616C69642070617370
:1097200073776F72643C2F6469763E3C2F64697670
:109730003E3C7363726970743E66756E6374696FE4
:109740006E20646F4C6F67696E2865297B652E708B
:10975000726576656E7444656661756C7428293B24
:109760007661722070773D646F63756D656E742EDF
:10977000676574456C656D656E7442794964282728
:10978000707727292E76616C75653B76617220783B
:109790003D6E657720584D4C4874747052657175F4
:1097A00065737428293B782E6F70656E2827504F9B
:1097B0005354272C272F6170692F617574682729EE
:1097C0003B782E7365745265717565737448656175
:1097D0006465722827436F6E74656E742D547970BA
:1097E00065272C276170706C69636174696F6E2FD7
:1097F000782D7777772D666F726D2D75726C656E2B
:10980000636F64656427293B782E6F6E6C6F6164AB
:109810003D66756E6374696F6E28297B696628786A
:109820002E7374617475733D3D3D323030297B6C0D
:109830006F636174696F6E2E72656C6F6164282945
:109840007D656C73657B646F63756D656E742E6783
:109850006574456C656D656E744279496428276549
:10986000727227292E7374796C652E646973706C1B
:1098700061793D27626C6F636B273B646F63756D25
:10988000656E742E676574456C656D656E7442799E
:1098900049642827707727292E76616C75653D27E6
:1098A000277D7D3B782E73656E6428277061737306
:1098B000776F72643D272B656E636F6465555249FF
:1098C000436F6D706F6E656E7428707729297D3CCB
:1098D0002F7363726970743E3C2F626F64793E3CF3
:1098E0002F68746D6C3E0000485454502F312E3157
:1098F00020323030204F4B0D0A436F6E74656E740A
:109900002D547970653A206170706C696361746977
:109910006F6E2F6A736F6E0D0A4163636573732DEB
:10992000436F6E74726F6C2D416C6C6F772D4F723C
:109930006967696E3A202A0D0A43616368652D43A1
:109940006F6E74726F6C3A206E6F2D636163686521
:109950000D0A436F6E6E656374696F6E3A20636CB7
:109960006F73650D0A0D0A7B226F6B223A74727554
:10997000657D0000485454502F312E312034303151
:1099800020556E617574686F72697A65640D0A435B
:109990006F6E74656E742D547970653A20617070C5
:1099A0006C69636174696F6E2F6A736F6E0D0A4123
:1099B00063636573732D436F6E74726F6C2D416CAE
:1099C0006C6F772D4F726967696E3A202A0D0A43D2
:1099D0006F6E6E656374696F6E3A20636C6F73654A
:1099E0000D0A0D0A7B226F6B223A66616C73652C3F
:1099F000226572726F72223A224E6F742061757402
:109A000068656E74696361746564227D000000009E
:109A1000485454502F312E3120323030204F4B0DCE
:109A20000A436F6E74656E742D547970653A2061C7
:109A300070706C69636174696F6E2F6A736F6E0DFD
:109A40000A5365742D436F6F6B69653A20736573B4
:109A500073696F6E3D3B20506174683D2F3B204D14
:109A600061782D4167653D303B2053616D655369D9
:109A700074653D5374726963740D0A416363657361
:109A8000732D436F6E74726F6C2D416C6C6F772DFC
:109A90004F726967696E3A202A0D0A4361636865EF
:109AA0002D436F6E74726F6C3A206E6F2D6361631D
:109AB00068650D0A436F6E6E656374696F6E3A2058
:109AC000636C6F73650D0A0D0A7B226F6B223A740B
:109AD0007275657D00000000485454502F312E31BE
:109AE0002034303120556E617574686F72697A6503
:109AF000640D0A436F6E74656E742D547970653A07
:109B0000206170706C69636174696F6E2F6A736F26
:109B10006E0D0A4163636573732D436F6E74726FCC
:109B20006C2D416C6C6F772D4F726967696E3A20AE
:109B30002A0D0A43616368652D436F6E74726F6C02
:109B40003A206E6F2D63616368650D0A436F6E6E18
:109B5000656374696F6E3A20636C6F73650D0A0DEF
:109B60000A7B226F6B223A66616C73652C226572E8
:109B7000726F72223A22496E76616C69642070615C
:109B80007373776F7264227D0000000030313233CE
:109B90003435363738396162636465660000000029
:109BA000000000000000000006005250D3F0754293
:109BB0004CE4021006005250E182887F54E4021007
:109BC000060052503ABCA911E88C0210060052500F
:109BD000ABB3605364E4021006005250BBFF3CB6C6
:109BE0006CE4021006005250861C030274E402105A
:109BF000060052505422A29D98E4021005005250D3
:109C0000DE65F468F84C0410B0800110608001102B
:109C100060800110A8800110608001106080011038
:109C20006080011060800110608001106080011070
:109C300060800110A08001106080011098800110E8
:109C4000608001106080011090800110D0820110AE
:109C5000C6800110C0820110C6800110AA820110C6
:109C6000C6800110C6800110C6800110C680011098
:109C7000C6800110C6800110C6800110B880011096
:109C8000C6800110C6800110C6800110C680011078
:109C9000C6800110B88001106E8301101A80011077
:109CA0001A8001101A8001101A8001101A80011008
:109CB0001A8001101A8001101A8001101A800110F8
:109CC0001A8001101A8001101A8001101A800110E8
:109CD0001A8001101A8001101A8001101A800110D8
:109CE0001A8001101A8001101A8001101A800110C8
:109CF0001A8001101A8001101A8001101A800110B8
:109D00001A8001101A8001101A8001101A800110A7
:109D10001A8001101A800110E48201103C830110A6
:109D2000E48201101A8001101A8001101A800110BB
:109D30001A8001101A8001101A8001101A80011077
:109D40001A8001101A8001101A8001101A80011067
:109D50001A8001101A8001101A8001101A80011057
:109D60001A8001107E8501101A8001101A800110DE
:109D70001A8001101A8001101A8001101A80011037
:109D80001A8001101A8001101A8001107E850110BE
:109D9000808301107E850110E48201103C83011054
:109DA000E482011000000000000000000000F03F0D
:109DB00000000000000024400000000000005940A6
:109DC0000000000000408F40000000000088C340F9
:109DD00000000000006AF8400000000080842E416E
:109DE00000000000D01263410000000084D79741BA
:109DF0000000000065CDCD410D0A0000000000000C
:109E00008D91011000000000919101109D910110B1
:109E1000C9910110C5910110000000000A00000066
:109E200000000306A6000800020002009C001400C7
:109E3000030057494E555342000000000000000047
:109E40000000800004000100280044006500760046
:109E500069006300650049006E00740065007200CF
:109E6000660061006300650047005500490044003A
:109E700000004E007B0062006300370033003900B1
:109E80003800630031002D003700330063006400A8
:109E90002D0034006300620037002D0039003800C7
:109EA000620038002D0039003100330061003800B5
:109EB00066006300610037006200660036007D00C6
:109EC00000000000050F2100011C100500DF60DD0F
:109ED000D88945C74C9CD2659D9E648A9F0000032B
:109EE00006A60001000000000600525053B4F4A181
:109EF000BCE4021000000000D0E40210E0E4021014
:109F00003C850220E8E40210F4E402100902540047
:109F1000030100807D080B0002020200000904001A
:109F200000010202000405240020010524010001B3
:109F30000424020605240600010705810308001019
:109F400009040100020A00000007050202400000A7
:109F5000070582024000000904020000FF0001051D
:109F600012011002EF0201408A2E0A0000010102D4
:109F700003010000909D0110F89E0110489F011000
:109F8000D09E0110E29E0110C09E0110309E011073
:109F9000DC9D0110D09D0110B2A2011098A2011009
:109FA00068A00110D2A2011068A0011080A20110C7
:109FB0006CA2011068A0011058A201105EA101104E
:109FC00068A001103EA5011030A5011024A50110C4
:109FD00068A0011068A001100EA5011030A50110A5
:109FE00068A0011068A0011068A0011068A001100D
:109FF00068A0011068A0011068A00110C4A401109D
:10A000009E0D00209E0D0020E80D0020080E00206F
:10A010004C0E00205E0E0020940D00200000000079
:10A02000C9AA011039AB011069AB0110B5AB011021
:10A0300059AC011041AD011000000000000000000B
:10A0400041AE01109DAE0110B9AE0110E1AE01109C
:10A050002592011001B0011000000000FA04021066
:10A060009E05021086050210F204021096050210E9
:10A0700040060210CA060210B2060210380602108C
:10A08000C206021017000000E40902102A0A02109A
:10A090002A0A0210D00A0210A40A0210DC0A0210D6
:10A0A0002A0A02102A0A0210D00A0210A40A021078
:10A0B0004A210210D01F0210D01F0210D01F021020
:10A0C000D01F0210D01F0210D01F0210D01F02108C
:10A0D000D01F0210EC200210EC200210EC20021025
:10A0E000EC200210EC200210D01F0210D01F021032
:10A0F000D01F0210D01F0210D01F0210D01F02105C
:10A10000D01F0210D01F0210D01F0210D01F02104B
:10A11000D01F0210D01F0210D01F0210D01F02103B
:10A12000D01F0210D01F0210D01F0210D01F02102B
:10A13000EC200210D01F0210D01F0210D01F0210FE
:10A14000D01F0210D01F0210D01F0210D01F02100B
:10A15000D01F0210D01F0210D01F02105C27021067
:10A16000D01F02106E270210302F0210BA2B0210DF
:10A170000E2C0210082C0210F42B0210BA2B021025
:10A1800034000000CEFBFFFFCB0300000100000005
:10A190000000000035000000CEFBFFFFCB030000F5
:10A1A0000100000000000000BC89D897B2D29C3C9E
:10A1B00033A7A8D523F649393DA7F444FD0FA532AE
:10A1C0009D978CCF08BA5B25436FAC642806681155
:10A1D0000020202020202020202028282828282077
:10A1E000202020202020202020202020202020206F
:10A1F00020881010101010101010101010101010D7
:10A2000010040404040404040404041010101010C6
:10A210001010414141414141010101010101010190
:10A2200001010101010101010101010110101010E2
:10A230001010424242424242020202020202020262
:10A2400002020202020202020202020210101010B6
:10A2500020000000000000000000000000000000DE
:10A2600000000000000000000000000000000000EE
:10A2700000000000000000000000000000000000DE
:10A2800000000000000000000000000000000000CE
:10A2900000000000000000000000000000000000BE
:10A2A00000000000000000000000000000000000AE
:10A2B000000000000000000000000000000000009E
:10A2C000000000000000000000000000000000008E
:10A2D000000000000000000000000000000000007E
:10A2E000000000000000000000000000000000006E
:10A2F000000000000000000000000000000000005E
:10A300000000000010111213141516171819000080
:10A3100000000000001A1B1C1D1E1F000000000092
:10A32000000000000000000000000000000000002D
:10A3300000000000001A1B1C1D1E1F000000000072
:10A34000000000000000000000000000000000000D
:10A3500000000000000000000000000000000000FD
:10A3600000000000000000000000000000000000ED
:10A3700000000000000000000000000000000000DD
:10A3800000000000000000000000000000000000CD
:10A3900000000000000000000000000000000000BD
:10A3A00000000000000000000000000000000000AD
:10A3B000000000000000000000000000000000009D
:10A3C000000000000000000000000000000000008D
:10A3D0000000000005000000190000007D000000E2
:10A3E0000080E03779C34143176E05B5B5B8934691
:10A3F000F5F93FE9034F384D321D30F94877825A5D
:10A400003CBF737FDD4F1575000000000000F03F7A
:10A41000000000000000244000000000000059403F
:10A420000000000000408F40000000000088C34092
:10A4300000000000006AF8400000000080842E4107
:10A4400000000000D01263410000000084D7974153
:10A450000000000065CDCD41000000205FA0024259
:10A46000000000E876483742000000A2941A6D42CE
:10A47000000040E59C30A2420000901EC4BCD642C1
:10A4800000003426F56B0C430080E03779C341436C
:10A4900000A0D8855734764300C84E676DC1AB43E2
:10A4A000003D9160E458E143408CB5781DAF154400
:10A4B00050EFE2D6E41A4B4492D54D06CFF08044DB
:10A4C000F64AE1C7022DB544B49DD9794378EA44F0
:10A4D000E45D02103C5602103C5602103C5602103D
:10A4E0003C560210CE5D02103C5602103C56021043
:10A4F0003C5602103C5602103C5602103C570210CB
:10A500003C5702103C5702103C5702103C570210B7
:10A510003C5702103C5702103C5702103C570210A7
:10A520003C5702103C5602103C5602103C5602109A
:10A530003C5602103C5602103C5602103C5602108B
:10A540005E5702103C560210145C0210C0590210F3
:10A550005E5702105E5702105E5702103C56021002
:10A560003C5602103C5602103C560210BC560210DB
:10A570003C5602103C560210D65B02103C560210AC
:10A580003C5602103C560210F45B02103C5602107E
:10A590003C5602103C5602103C5602104258021023
:10A5A0003C5602103C560210085A02103C5602104B
:10A5B0003C5602103C5602103C5602103C5602100B
:10A5C0005E5702103C56021080580210A85D02101F
:10A5D0005E5702105E5702105E570210D4590210E7
:10A5E000EE590210BC5602103C560210A45902103B
:10A5F000625902107E5902101C590210885D021027
:10A600003C5602103C56021036590210B056021049
:10A61000485902103C5602103C5602104258021093
:10A620003C560210B05602109E6002103E5E0210B0
:10A630009E6002103E5E02103E5E0210C261021079
:10A64000CC5E0210CC5E0210CC5E0210CC5E02101A
:10A65000CC5E0210CC5E0210CC5E0210CC5E02100A
:10A66000CC5E02103E5E02103E5E02103E5E0210A4
:10A670003E5E02103E5E02103E5E02103E5E021022
:10A68000806002109C5F02109C5F02109C5F0210B1
:10A69000B86102109A6102103E5E02103E5E021026
:10A6A000CC6002103E5E02103E5E02103E5E021062
:10A6B0003E5E02104C6002103E5E0210006002100E
:10A6C0003E5E02103E5E02103E5E0210F45F02101B
:10A6D0003E5E02103E5E02103E5E0210BA5F021045
:10A6E000AE5F02103E5E02103E5E02103E5E021041
:10A6F0003E5E02103E5E02103E5E02103E5E0210A2
:10A70000806002109C5F02109C5F02109C5F021030
:10A71000B86102109A6102103E5E02103E5E0210A5
:10A72000CC6002103E5E02103E5E02103E5E0210E1
:10A730003E5E02104C6002103E5E0210006002108D
:10A740003E5E02103E5E02103E5E0210F45F02109A
:10A750003E5E02103E5E02103E5E0210BA5F0210C4
:10A76000AE5F0210CC64021038640210CC64021098
:10A770003864021038640210E66402109E6402100D
:10A780009E6402109E6402109E6402109E64021079
:10A790009E6402109E640210D6640210D6640210F9
:10A7A00038640210386402103864021038640210F1
:10A7B0003864021038640210386402101064021009
:10A7C0001064021010640210106402101064021071
:10A7D00010640210386402103864021038640210E9
:10A7E00038640210386402103864021038640210B1
:10A7F00038640210386402103864021038640210A1
:10A800003864021038640210386402103864021090
:10A810003864021038640210AE640210386402100A
:10A820003864021038640210386402103864021070
:10A830003864021038640210386402101064021088
:10A8400010640210106402101064021010640210F0
:10A850001064021038640210386402103864021068
:10A860003864021038640210386402103864021030
:10A870003864021038640210386402103864021020
:10A880003864021038640210386402103864021010
:10A890003864021038640210AE6402100A0001002D
:10A8A000020003000400050006000700080009007C
:10A8B0000A000B000C000D000E000F00100000003D
:10A8C0006A7502105A7502104C750210427502101A
:10A8D00036750210227502100E7502107475021082
:10A8E0000C5F104E154E2A4E314E364E3C4E3F4EAA
:10A8F000424E564E584E824E854E6B8C8A4E128278
:10A900000D5F8E4E9E4E9F4EA04EA24EB04EB34E49
:10A91000B64ECE4ECD4EC44EC64EC24ED74EDE4E75
:10A92000ED4EDF4EF74E094F5A4F304F5B4F5D4FA4
:10A93000574F474F764F884F8F4F984F7B4F694FF8
:10A94000704F914F6F4F864F964F1851D44FDF4F36
:10A95000CE4FD84FDB4FD14FDA4FD04FE44FE54FBA
:10A960001A50285014502A50255005501C4FF64FAD
:10A97000215029502C50FE4FEF4F1150065043509C
:10A98000475003675550505048505A5056506C50DD
:10A99000785080509A508550B450B250C950CA5027
:10A9A000B350C250D650DE50E550ED50E350EE505B
:10A9B000F950F550095101510251165115511451D8
:10A9C0001A5121513A5137513C513B513F5140515D
:10A9D00052514C5154516251F87A69516A516E5139
:10A9E00080518251D8568C5189518F519151935138
:10A9F00095519651A451A651A251A951AA51AB51BA
:10AA0000B351B151B251B051B551BD51C551C951F8
:10AA1000DB51E0515586E951ED51F051F551FE51B0
:10AA200004520B5214520E5227522A522E523352B3
:10AA300039524F5244524B524C525E5254526A5207
:10AA40007452695273527F527D528D529452925277
:10AA5000715288529152A88FA78FAC52AD52BC52FE
:10AA6000B552C152CD52D752DE52E352E652ED9862
:10AA7000E052F352F552F852F95206530853387522
:10AA80000D5310530F5315531A5323532F53315350
:10AA900033533853405346534553174E49534D5340
:10AAA000D6515E5369536E5318597B537753825373
:10AAB0009653A053A653A553AE53B053B653C353A6
:10AAC000127CD996DF53FC66EE71EE53E853ED53DA
:10AAD000FA5301543D5440542C542D543C542E549C
:10AAE000365429541D544E548F5475548E545F540B
:10AAF00071547754705492547B54805476548454D7
:10AB000090548654C754A254B854A554AC54C45459
:10AB1000C854A854AB54C254A454BE54BC54D854C2
:10AB2000E554E6540F551455FD54EE54ED54FA54C3
:10AB3000E2543955405563554C552E555C55455595
:10AB400056555755385533555D5599558055AF5421
:10AB50008A559F557B557E5598559E55AE557C55CB
:10AB60008355A9558755A855DA55C555DF55C455A0
:10AB7000DC55E455D4551456F7551656FE55FD557B
:10AB80001B56F9554E565056DF71345636563256CE
:10AB900038566B5664562F566C566A5686568056F3
:10ABA0008A56A05694568F56A556AE56B656B456EB
:10ABB000C256BC56C156C356C056C856CE56D156BC
:10ABC000D356D756EE56F9560057FF560457095735
:10ABD00008570B570D57135718571657C7551C577B
:10ABE0002657375738574E573B5740574F57695797
:10ABF000C057885761577F5789579357A057B35706
:10AC0000A457AA57B057C357C657D457D257D3578C
:10AC10000A58D657E3570B5819581D5872582158DF
:10AC200062584B587058C06B52583D5879588558E7
:10AC3000B9589F58AB58BA58DE58BB58B858AE5898
:10AC4000C558D358D158D758D958D858E558DC5892
:10AC5000E458DF58EF58FA58F958FB58FC58FD589B
:10AC600002590A5910591B59A66825592C592D59B2
:10AC7000325938593E59D27A555950594E595A5924
:10AC800058596259605967596C59695978598159AD
:10AC90009D595E4FAB4FA359B259C659E859DC597B
:10ACA0008D59D959DA59255A1F5A115A1C5A095A1D
:10ACB0001A5A405A6C5A495A355A365A625A6A5A7E
:10ACC0009A5ABC5ABE5ACB5AC25ABD5AE35AD75A9C
:10ACD000E65AE95AD65AFA5AFB5A0C5B0B5B165BDA
:10ACE000325BD05A2A5B365B3E5B435B455B405B25
:10ACF000515B555B5A5B5B5B655B695B705B735B70
:10AD0000755B785B88657A5B805B835BA65BB85B11
:10AD1000C35BC75BC95BD45BD05BE45BE65BE25BB8
:10AD2000DE5BE55BEB5BF05BF65BF35B055C075CB6
:10AD3000085C0D5C135C205C225C285C385C395C30
:10AD4000415C465C4E5C535C505C4F5C715B6C5C80
:10AD50006E5C624E765C795C8C5C915C945C9B5919
:10AD6000AB5CBB5CB65CBC5CB75CC55CBE5CC75C2A
:10AD7000D95CE95CFD5CFA5CED5C8C5DEA5C0B5DCA
:10AD8000155D175D5C5D1F5D1B5D115D145D225DD2
:10AD90001A5D195D185D4C5D525D4E5D4B5D6C5DDD
:10ADA000735D765D875D845D825DA25D9D5DAC5D5A
:10ADB000AE5DBD5D905DB75DBC5DC95DCD5DD35DD4
:10ADC000D25DD65DDB5DEB5DF25DF55D0B5E1A5E1F
:10ADD000195E115E1B5E365E375E445E435E405E0A
:10ADE0004E5E575E545E5F5E625E645E475E755E99
:10ADF000765E7A5EBC9E7F5EA05EC15EC25EC85E0D
:10AE0000D05ECF5ED65EE35EDD5EDA5EDB5EE25E86
:10AE1000E15EE85EE95EEC5EF15EF35EF05EF45EDC
:10AE2000F85EFE5E035F095F5D5F5C5F0B5F115F55
:10AE3000165F295F2D5F385F415F485F4C5F4E5F53
:10AE40002F5F515F565F575F595F615F6D5F735F43
:10AE5000775F835F825F7F5F8A5F885F915F875FD5
:10AE60009E5F995F985FA05FA85FAD5FBC5FD65F94
:10AE7000FB5FE45FF85FF15FDD5FB360FF5F216060
:10AE800060601960106029600E6031601B601560A1
:10AE90002B6026600F603A605A6041606A6077609C
:10AEA0005F604A6046604D6063604360646042601A
:10AEB0006C606B60596081608D60E76083609A6050
:10AEC00084609B60966097609260A7608B60E16091
:10AED000B860E060D360B460F05FBD60C660B5602C
:10AEE000D8604D6115610661F660F7600061F4603D
:10AEF000FA6003612161FB60F1600D610E614761E1
:10AF00003E61286127614A613F613C612C61346187
:10AF10003D614261446173617761586159615A6171
:10AF20006B6174616F61656171615F615D615361E6
:10AF30007561996196618761AC6194619A618A617A
:10AF40009161AB61AE61CC61CA61C961F761C861F1
:10AF5000C361C661BA61CB61797FCD61E661E361AE
:10AF6000F661FA61F461FF61FD61FC61FE610062FE
:10AF7000086209620D620C6214621B621E62216229
:10AF80002A622E6230623262336241624E625E62D7
:10AF900063625B62606268627C62826289627E6216
:10AFA000926293629662D46283629462D762D16243
:10AFB000BB62CF62FF62C662D464C862DC62CC62EC
:10AFC000CA62C262C7629B62C9620C63EE62F162CE
:10AFD000276302630863EF62F56250633E634D636B
:10AFE0001C644F6396638E638063AB637663A36375
:10AFF0008F6389639F63B5636B636963BE63E96352
:10B00000C063C663E363C963D263F663C463166453
:10B01000346406641364266436641D65176428640A
:10B020000F6467646F6476644E642A659564936404
:10B03000A564A9648864BC64DA64D264C564C76426
:10B04000BB64D864C264F164E7640982E064E164CB
:10B05000AC62E364EF642C65F664F464F264FA6451
:10B060000065FD6418651C650565246523652B6511
:10B07000346535653765366538654B7548655665A1
:10B0800055654D6558655E655D6572657865826577
:10B0900083658A8B9B659F65AB65B765C365C66530
:10B0A000C165C465CC65D265DB65D965E065E165E0
:10B0B000F16572670A660366FB6573673566366617
:10B0C00034661C664F664466496641665E665D6628
:10B0D0006466676668665F666266706683668866D1
:10B0E0008E668966846698669D66C166B966C9661D
:10B0F000BE66BC66C466B866D666DA66E0663F665B
:10B10000E666E966F066F566F7660F6716671E671E
:10B110002667276738972E673F6736674167386726
:10B12000376746675E676067596763676467896703
:10B130007067A9677C676A678C678B67A667A1677A
:10B140008567B767EF67B467EC67B367E967B867A8
:10B15000E467DE67DD67E267EE67B967CE67C667FB
:10B16000E7679C6A1E684668296840684D683268CF
:10B170004E68B3682B685968636877687F689F6812
:10B180008F68AD6894689D689B688368AE6AB9688B
:10B190007468B568A068BA680F698D687E680169CF
:10B1A000CA680869D86822692669E1680C69CD68AF
:10B1B000D468E768D568366912690469D768E368B6
:10B1C0002569F968E068EF6828692A691A692369BE
:10B1D0002169C668796977695C6978696B695469BE
:10B1E0007E696E69396974693D6959693069616957
:10B1F0005E695D6981696A69B269AE69D069BF6972
:10B20000C169D369BE69CE69E85BCA69DD69BB699A
:10B21000C369A7692E6A9169A0699C699569B46937
:10B22000DE69E869026A1B6AFF690A6BF969F269FB
:10B23000E769056AB1691E6AED69146AEB690A6A11
:10B24000126AC16A236A136A446A0C6A726A366AAD
:10B25000786A476A626A596A666A486A386A226A1C
:10B26000906A8D6AA06A846AA26AA36A976A17863E
:10B27000BB6AC36AC26AB86AB36AAC6ADE6AD16A78
:10B28000DF6AAA6ADA6AEA6AFB6A056B1686FA6AF4
:10B29000126B166B319B1F6B386B376BDC76396B1F
:10B2A000EE98476B436B496B506B596B546B5B6B00
:10B2B0005F6B616B786B796B7F6B806B846B836B7F
:10B2C0008D6B986B956B9E6BA46BAA6BAB6BAF6B26
:10B2D000B26BB16BB36BB76BBC6BC66BCB6BD36B29
:10B2E000DF6BEC6BEB6BF36BEF6BBE9E086C136C60
:10B2F000146C1B6C246C236C5E6C556C626C6A6CF9
:10B30000826C8D6C9A6C816C9B6C7E6C686C736CBF
:10B31000926C906CC46CF16CD36CBD6CD76CC56CCA
:10B32000DD6CAE6CB16CBE6CBA6CDB6CEF6CD96C66
:10B33000EA6C1F6D4D88366D2B6D3D6D386D196D46
:10B34000356D336D126D0C6D636D936D646D5A6D5B
:10B35000796D596D8E6D956DE46F856DF96D156E16
:10B360000A6EB56DC76DE66DB86DC66DEC6DDE6DC0
:10B37000CC6DE86DD26DC56DFA6DD96DE46DD56D8E
:10B38000EA6DEE6D2D6E6E6E2E6E196E726E5F6EC4
:10B390003E6E236E6B6E2B6E766E4D6E1F6E436E21
:10B3A0003A6E4E6E246EFF6E1D6E386E826EAA6E01
:10B3B000986EC96EB76ED36EBD6EAF6EC46EB26E50
:10B3C000D46ED56E8F6EA56EC26E9F6E416F116F7B
:10B3D0004C70EC6EF86EFE6E3F6FF26E316FEF6E7A
:10B3E000326FCC6E3E6F136FF76E866F7A6F786F29
:10B3F000816F806F6F6F5B6FF36F6D6F826F7C6FAC
:10B40000586F8E6F916FC26F666FB36FA36FA16F2E
:10B41000A46FB96FC66FAA6FDF6FD56FEC6FD46F73
:10B42000D86FF16FEE6FDB6F09700B70FA6F1170F0
:10B4300001700F70FE6F1B701A70746F1D701870A2
:10B440001F7030703E7032705170637099709270DE
:10B45000AF70F170AC70B870B370AE70DF70CB705D
:10B46000DD70D9700971FD701C71197165715571AC
:10B470008871667162714C7156716C718F71FB715C
:10B4800084719571A871AC71D771B971BE71D271A7
:10B49000C971D471CE71E071EC71E771F571FC7115
:10B4A000F971FF710D7210721B7228722D722C725D
:10B4B000307232723B723C723F72407246724B7213
:10B4C000587274727E7282728172877292729672F0
:10B4D000A272A772B972B272C372C672C472CE720D
:10B4E000D272E272E072E172F972F7720F50177362
:10B4F0000A731C7316731D7334732F7329732573AA
:10B500003E734E734F73D89E57736A73687370732C
:10B51000787375737B737A73C873B373CE73BB73AD
:10B52000C073E573EE73DE73A27405746F742574D3
:10B53000F87332743A7455743F745F74597441747B
:10B540005C746974707463746A7476747E748B74DA
:10B550009E74A774CA74CF74D474F173E074E374E6
:10B56000E774E974EE74F274F074F174F874F774BB
:10B570000475037505750C750E750D7515751375C8
:10B580001E7526752C753C7544754D754A75497543
:10B590005B7546755A756975647567756B756D75FC
:10B5A000787576758675877574758A7589758275EF
:10B5B00094759A759D75A575A375C275B375C37598
:10B5C000B575BD75B875BC75B175CD75CA75D275D3
:10B5D000D975E375DE75FE75FF75FC750176F0753E
:10B5E000FA75F275F3750B760D7609761F76277668
:10B5F0002076217622762476347630763B7647762E
:10B60000487646765C7658766176627668766976B4
:10B610006A7667766C7670767276767678767C76F1
:10B620008076837688768B768E7696769376997604
:10B630009A76B076B476B876B976BA76C276CD76A2
:10B64000D676D276DE76E176E576E776EA762F86EE
:10B65000FB76087707770477297724771E77257795
:10B6600026771B773777387747775A7768776B77FE
:10B670005B7765777F777E7779778E778B77917732
:10B68000A0779E77B077B677B977BF77BC77BD776D
:10B69000BB77C777CD77D777DA77DC77E377EE7745
:10B6A000FC770C781278267920782A7945788E787C
:10B6B000747886787C789A788C78A378B578AA782C
:10B6C000AF78D178C678CB78D478BE78BC78C57896
:10B6D000CA78EC78E778DA78FD78F4780779127927
:10B6E000117919792C792B794079607957795F79BB
:10B6F0005A79557953797A797F798A799D79A779B9
:10B700004B9FAA79AE79B379B979BA79C979D579E4
:10B71000E779EC79E179E379087A0D7A187A197A80
:10B72000207A1F7A8079317A3B7A3E7A377A437A67
:10B73000577A497A617A627A697A9D9F707A797AC2
:10B740007D7A887A977A957A987A967AA97AC87A59
:10B75000B07AB67AC57AC47ABF7A8390C77ACA7A41
:10B76000CD7ACF7AD57AD37AD97ADA7ADD7AE17A54
:10B77000E27AE67AED7AF07A027B0F7B0A7B067B2F
:10B78000337B187B197B1E7B357B287B367B507B7C
:10B790007A7B047B4D7B0B7B4C7B457B757B657B90
:10B7A000747B677B707B717B6C7B6E7B9D7B987BF6
:10B7B0009F7B8D7B9C7B9A7B8B7B927B8F7B5D7B46
:10B7C000997BCB7BC17BCC7BCF7BB47BC67BDD7B8A
:10B7D000E97B117C147CE67BE57B607C007C077C4C
:10B7E000137CF37BF77B177C0D7CF67B237C277C1B
:10B7F0002A7C1F7C377C2B7C3D7C4C7C437C547C9E
:10B800004F7C407C507C587C5F7C647C567C657CA3
:10B810006C7C757C837C907CA47CAD7CA27CAB7CB6
:10B82000A17CA87CB37CB27CB17CAE7CB97CBD7CB5
:10B83000C07CC57CC27CD87CD27CDC7CE27C3B9B1F
:10B84000EF7CF27CF47CF67CFA7C067D027D1C7D2C
:10B85000157D0A7D457D4B7D2E7D327D3F7D357D7D
:10B86000467D737D567D4E7D727D687D6E7D4F7DFC
:10B87000637D937D897D5B7D8F7D7D7D9B7DBA7DA5
:10B88000AE7DA37DB57DC77DBD7DAB7D3D7EA27DBB
:10B89000AF7DDC7DB87D9F7DB07DD87DDD7DE47D95
:10B8A000DE7DFB7DF27DE17D057E0A7E237E217EAD
:10B8B000127E317E1F7E097E0B7E227E467E667E54
:10B8C0003B7E357E397E437E377E327E3A7E677E92
:10B8D0005D7E567E5E7E597E5A7E797E6A7E697E68
:10B8E0007C7E7B7E837ED57D7D7EAE8F7F7E887ED7
:10B8F000897E8C7E927E907E937E947E967E8E7ED6
:10B900009B7E9C7E387F3A7F457F4C7F4D7F4E7F6C
:10B91000507F517F557F547F587F5F7F607F687F66
:10B92000697F677F787F827F867F837F887F877F3D
:10B930008C7F947F9E7F9D7F9A7FA37FAF7FB27F16
:10B94000B97FAE7FB67FB87F718BC57FC67FCA7F58
:10B95000D57FD47FE17FE67FE97FF37FF97FDC98B5
:10B96000068004800B801280188019801C80218042
:10B9700028803F803B804A804680528058805A8091
:10B980005F8062806880738072807080768079804A
:10B990007D807F808480868085809B8093809A8054
:10B9A000AD809051AC80DB80E580D980DD80C480A3
:10B9B000DA80D6800981EF80F1801B812981238183
:10B9C0002F814B818B9646813E8153815181FC8032
:10B9D00071816E81658166817481838188818A81AC
:10B9E00080818281A0819581A481A3815F819381DF
:10B9F000A981B081B581BE81B881BD81C081C2817C
:10BA0000BA81C981CD81D181D981D881C881DA81BA
:10BA1000DF81E081E781FA81FB81FE810182028280
:10BA2000058207820A820D821082168229822B8269
:10BA3000388233824082598258825D825A825F8284
:10BA40006482628268826A826B822E8271827782CD
:10BA500078827E828D829282AB829F82BB82AC8210
:10BA6000E182E382DF82D282F482F382FA829383DC
:10BA70000383FB82F982DE820683DC820983D9821A
:10BA800035833483168332833183408339835083F3
:10BA900045832F832B831783188385839A83AA83F7
:10BAA0009F83A283968323838E8387838A837C8369
:10BAB000B58373837583A0838983A883F4831384F8
:10BAC000EB83CE83FD830384D8830B84C183F78308
:10BAD0000784E083F2830D8422842084BD8338842C
:10BAE0000685FB836D842A843C845A85848477840C
:10BAF0006B84AD846E848284698446842C846F84D4
:10BB000079843584CA846284B984BF849F84D9844B
:10BB1000CD84BB84DA84D084C184C684D684A184D5
:10BB20002185FF84F484178518852C851F8515854C
:10BB30001485FC8440856385588548854185028647
:10BB40004B8555858085A485888591858A85A885BE
:10BB50006D8594859B85EA8587859C8577857E851F
:10BB60009085C985BA85CF85B985D085D585DD8590
:10BB7000E585DC85F9850A8613860B86FE85FA85C0
:10BB8000068622861A8630863F864D86554E548616
:10BB90005F86678671869386A386A986AA868B862A
:10BBA0008C86B686AF86C486C686B086C98623884C
:10BBB000AB86D486DE86E986EC86DF86DB86EF867A
:10BBC00012870687088700870387FB861187098706
:10BBD0000D87F9860A8734873F8737873B87258714
:10BBE00029871A8760875F8778874C874E87748795
:10BBF000578768876E875987538763876A87058861
:10BC0000A2879F878287AF87CB87BD87C087D08772
:10BC1000D696AB87C487B387C787C687BB87EF87AE
:10BC2000F287E0870F880D88FE87F687F7870E88F2
:10BC3000D28711881688158822882188318836880D
:10BC4000398827883B8844884288528859885E888A
:10BC500062886B8881887E889E8875887D88B58893
:10BC60007288828897889288AE889988A2888D8801
:10BC7000A488B088BF88B188C388C488D488D8888D
:10BC8000D988DD88F9880289FC88F488E888F288F8
:10BC900004890C890A89138943891E8925892A897F
:10BCA0002B89418944893B89368938894C891D898A
:10BCB00060895E89668964896D896A896F897489FA
:10BCC00077897E89838988898A8993899889A189D6
:10BCD000A989A689AC89AF89B289BA89BD89BF898A
:10BCE000C089DA89DC89DD89E789F489F889038AE2
:10BCF000168A108A0C8A1B8A1D8A258A368A418AEE
:10BD00005B8A528A468A488A7C8A6D8A6C8A628AF1
:10BD1000858A828A848AA88AA18A918AA58AA68A23
:10BD20009A8AA38AC48ACD8AC28ADA8AEB8AF38A7B
:10BD3000E78AE48AF18A148BE08AE28AF78ADE8A4B
:10BD4000DB8A0C8B078B1A8BE18A168B108B178B77
:10BD5000208B338BAB97268B2B8B3E8B288B418B89
:10BD60004C8B4F8B4E8B498B568B5B8B5A8B6B8BD3
:10BD70005F8B6C8B6F8B748B7D8B808B8C8B8E8BA6
:10BD8000928B938B968B998B9A8B3A8C418C3F8CB0
:10BD9000488C4C8C4E8C508C558C628C6C8C788C76
:10BDA0007A8C828C898C858C8A8C8D8C8E8C948CF0
:10BDB0007C8C988C1D62AD8CAA8CBD8CB28CB38CA3
:10BDC000AE8CB68CC88CC18CE48CE38CDA8CFD8C88
:10BDD000FA8CFB8C048D058D0A8D078D0F8D0D8DD2
:10BDE000108D4E9F138DCD8C148D168D678D6D8D9E
:10BDF000718D738D818D998DC28DBE8DBA8DCF8DD4
:10BE0000DA8DD68DCC8DDB8DCB8DEA8DEB8DDF8DF4
:10BE1000E38DFC8D088E098EFF8D1D8E1E8E108E7B
:10BE20001F8E428E358E308E348E4A8E478E498ECE
:10BE30004C8E508E488E598E648E608E2A8E638E04
:10BE4000558E768E728E7C8E818E878E858E848EB8
:10BE50008B8E8A8E938E918E948E998EAA8EA18EC1
:10BE6000AC8EB08EC68EB18EBE8EC58EC88ECB8E79
:10BE7000DB8EE38EFC8EFB8EEB8EFE8E0A8F058FA3
:10BE8000158F128F198F138F1C8F1F8F1B8F0C8F85
:10BE9000268F338F3B8F398F458F428F3E8F4C8F4C
:10BEA000498F468F4E8F578F5C8F628F638F648F61
:10BEB0009C8F9F8FA38FAD8FAF8FB78FDA8FE58F5A
:10BEC000E28FEA8FEF8F8790F48F0590F98FFA8FCA
:10BED0001190159021900D901E9016900B90279028
:10BEE000369035903990F88F4F90509051905290F5
:10BEF0000E9049903E90569058905E9068906F904A
:10BF00007690A896729082907D90819080908A9091
:10BF100089908F90A890AF90B190B590E290E49006
:10BF20004862DB90029112911991329130914A91BD
:10BF300056915891639165916991739172918B912A
:10BF400089918291A291AB91AF91AA91B591B4914F
:10BF5000BA91C091C191C991CB91D091D691DF9105
:10BF6000E191DB91FC91F591F6911E92FF91149273
:10BF70002C92159211925E92579245924992649238
:10BF8000489295923F924B9250929C9296929392A5
:10BF90009B925A92CF92B992B792E9920F93FA92EA
:10BFA00044932E93199322931A9323933A933593A0
:10BFB0003B935C9360937C936E935693B093AC9356
:10BFC000AD939493B993D693D793E893E593D8938D
:10BFD000C393DD93D093C893E4931A941494139469
:10BFE00003940794109436942B94359421943A94A6
:10BFF0004194529444945B94609462945E946A94E5
:10C0000029927094759477947D945A947C947E943C
:10C0100081947F94829587958A9594959695989525
:10C020009995A095A895A795AD95BC95BB95B99503
:10C03000BE95CA95F66FC395CD95CC95D595D495FB
:10C04000D695DC95E195E595E295219628962E9674
:10C050002F9642964C964F964B9677965C965E96A8
:10C060005D965F96669672966C968D969896959666
:10C070009796AA96A796B196B296B096B496B696AB
:10C08000B896B996CE96CB96C996CD964D89DC9644
:10C090000D97D596F99604970697089713970E97DC
:10C0A00011970F971697199724972A9730973997D2
:10C0B0003D973E97449746974897429749975C9794
:10C0C0006097649766976897D2526B977197799744
:10C0D00085977C9781977A9786978B978F9790977C
:10C0E0009C97A897A697A397B397B497C397C6971B
:10C0F000C897CB97DC97ED974F9FF297DF7AF6972B
:10C10000F5970F980C9838982498219837983D986F
:10C1100046984F984B986B986F9870987198749850
:10C120007398AA98AF98B198B698C498C398C698CF
:10C13000E998EB98039909991299149918992199FA
:10C140001D991E99249920992C992E993D993E99D3
:10C1500042994999459950994B99519952994C99BD
:10C16000559997999899A599AD99AE99BC99DF99E8
:10C17000DB99DD99D899D199ED99EE99F199F299D8
:10C18000FB99F899019A0F9A059AE299199A2B9AB4
:10C19000379A459A429A409A439A3E9A559A4D9AAE
:10C1A0005B9A579A5F9A629A659A649A699A6B9AAF
:10C1B0006A9AAD9AB09ABC9AC09ACF9AD19AD39AF9
:10C1C000D49ADE9ADF9AE29AE39AE69AEF9AEB9A89
:10C1D000EE9AF49AF19AF79AFB9A069B189B1A9B8F
:10C1E0001F9B229B239B259B279B289B299B2A9B4C
:10C1F0002E9B2F9B329B449B439B4F9B4D9B4E9B67
:10C20000519B589B749B939B839B919B969B979B65
:10C210009F9BA09BA89BB49BC09BCA9BB99BC69BA2
:10C22000CF9BD19BD29BE39BE29BE49BD49BE19B66
:10C230003A9CF29BF19BF09B159C149C099C139CCF
:10C240000C9C069C089C129C0A9C049C2E9C1B9C8B
:10C25000259C249C219C309C479C329C469C3E9C67
:10C260005A9C609C679C769C789CE79CEC9CF09C1C
:10C27000099D089DEB9C039D069D2A9D269DAF9DD3
:10C28000239D1F9D449D159D129D419D3F9D3E9D5B
:10C29000469D489D5D9D5E9D649D519D509D599D0F
:10C2A000729D899D879DAB9D6F9D7A9D9A9DA49D52
:10C2B000A99DB29DC49DC19DBB9DB89DBA9DC69DC3
:10C2C000CF9DC29DD99DD39DF89DE69DED9DEF9D8F
:10C2D000FD9D1A9E1B9E1E9E759E799E7D9E819E33
:10C2E000889E8B9E8C9E929E959E919E9D9EA59EC5
:10C2F000A99EB89EAA9EAD9E6197CC9ECE9ECF9ED3
:10C30000D09ED49EDC9EDE9EDD9EE09EE59EE89E55
:10C31000EF9EF49EF69EF79EF99EFB9EFC9EFD9E70
:10C32000079F089FB776159F219F2C9F3E9F4A9F8E
:10C33000529F549F639F5F9F609F619F669F679F0F
:10C340006C9F6A9F779F729F769F959F9C9FA09FEF
:10C350002F58C76959906474DC5199719C4E1655D9
:10C36000035A3F96C0541B612863F6592290758486
:10C370001C83507AAA60E163256EED656684A6820F
:10C38000F59B93682757A16571629B5BD0597B86AB
:10C39000F498627DBE7D8E9B16629F7CB788895B18
:10C3A000B55E096397664868C7958D974F67E54EF8
:10C3B0000A4F4D4F9D4F4950F2563759D459015AA3
:10C3C000095CDF600F61706113660569BA704F75B3
:10C3D0007075FB79AD7DEF7DC3800E846388028B21
:10C3E00055907A903B53954EA54EDF57B280C19041
:10C3F000EF78004EF158A26E3890327A28838B8203
:10C400002F9C41517053BD54E154E056FB59155FC8
:10C41000F298EB6DE4802D8562967096A096FB975E
:10C420000B54F353875BCF70BD7FC28FE8966F5379
:10C430005C9DBA7A114E9378FC81266E185604558D
:10C440001D6B1A853B9CE559A953666DDC748F956D
:10C450004256914E4B90F2964F830C99E153B6554C
:10C46000305B715F2066F3660468386CF36C296D8D
:10C470005B74C8764E7A3498F1825B88608AED925C
:10C48000B26DAB75CA76C599A660018B8A8DB295DF
:10C490008E69AD538651125730584459B45BF65EDD
:10C4A0002860A963F463BF6C146F8E7014715971A6
:10C4B000D5713F73017E7682D182978560905B92C1
:10C4C0001B9D6958BC655A6C2575F9512E596559E3
:10C4D000805FDC5FBC62FA652A6A276BB46B8B7382
:10C4E000C17F56892C9D0E9DC49EA15C966C7B835A
:10C4F00004514B5CB661C68176686172594EFA4F41
:10C5000078536960296E4F7AF3970B4E1653EE4EAF
:10C51000554F3D4FA14F734FA052EF5309560F593E
:10C52000C15AB65BE15BD17987669C67B6674C6B95
:10C53000B36C6B70C2738D79BE793C7A877BB182A4
:10C54000DB8204837783EF83D3836687B28A29569D
:10C55000A88CE68F4E901E978A86C44FE85C1162C5
:10C5600059723B75E581BD82FE86C08CC5961399D4
:10C57000D599CB4E1A4FE389DE564A58CA58FB5E0E
:10C58000EB5F2A6094606260D0611262D0623965AC
:10C59000419B6666B068776D70704C758676757D68
:10C5A000A582F9878B958E969D8CF151BE521659B6
:10C5B000B354B35B165D68618269AF6D8D78CB84CF
:10C5C0005788728AA793B89A6C6DA899D986A35791
:10C5D000FF67CE860E92835287560454D35EE16283
:10C5E000B9643C683868BB6B7273BA786B7A9A89A5
:10C5F000D2896B8D038FED90A39594966997665BB6
:10C60000B35C7D694D984E989B63207B2B6A7F6A53
:10C61000B6680D9C5F6F72529D557060EC623B6D09
:10C62000076ED16E5B841089448F144E399CF6538B
:10C630001B693A6A84972A685C51C37AB284DC9198
:10C640008C935B56289D226805833184A57C085213
:10C65000C582E6747E4E834FA051D25B0A52D852F7
:10C66000E752FB5D9A552A58E6598C5B985BDB5B79
:10C67000725E795EA3601F616361BE61DB636265A8
:10C68000D1675368FA683E6B536B576C226F976F94
:10C69000456FB0741875E3760B77FF7AA17B217C28
:10C6A000E97D367FF07F9D8066829E83B389CC8A48
:10C6B000AB8C8490519493959195A2956596D39760
:10C6C00028991882384E2B54B85CCC5DA9734C76EF
:10C6D0003C77A95CEB7F0B8DC196119854985898C4
:10C6E000014F0E4F71539C556856FA574759095BD5
:10C6F000C45B905C0C5E7E5ECC5FEE633A67D76590
:10C70000E2651F67CB68C4685F6A305EC56B176CF3
:10C710007D6C7F754879635B007A007DBD5F8F8992
:10C72000188AB48C778DCC8E1D8FE2980E9A3C9B24
:10C73000804E7D50005193599C5B2F628062EC6467
:10C740003A6BA07291754779A97FFB87BC8A708B81
:10C75000AC63CA83A09709540354AB555468586A14
:10C76000708A27787567CD9E7453A25B1A815086B4
:10C770000690184E454EC74E114FCA533854AE5B03
:10C78000135F256051653D67426C726CE36C787095
:10C790000374767AAE7A087B1A7DFE7C667DE76547
:10C7A0005B72BB53455CE85DD262E0621963206E48
:10C7B0005A86318ADD8DF892016FA6795A9BA84E70
:10C7C000AB4EAC4E9B4FA04FD1504751F67A7151B2
:10C7D000F651545321537F53EB53AC558358E15CCE
:10C7E000375F4A5F2F6050606D601F6359654B6A09
:10C7F000C16CC272ED72EF77F880058108824E85B8
:10C80000F790E193FF9757995A9AF04EDD512D5CBE
:10C8100081666D69405CF266756989735068817CD8
:10C82000C550E4524757FE5D2693A465236B3D6BCC
:10C8300034748179BD794B7BCA7DB982CC837F8882
:10C840005F89398BD18FD1911F5480925D4E3650C4
:10C85000E5533A53D7729673E977E682AF8EC6995D
:10C86000C899D29977511A615E86B0557A7A765016
:10C87000D35B47908596324EDB6AE791515C485C0A
:10C8800098639F7A936C7497618FAA7A8A7188965D
:10C89000827C1768707E51686C93F2521B54AB8592
:10C8A000138AA47FCD8EE190665388884179C24F68
:10C8B000BE501152445153552D57EA738B5751595D
:10C8C000625F845F756076616761A961B2633A6493
:10C8D0006C656F664268136E66753D7AFB7C4C7DB5
:10C8E000997D4B7E6B7F0E834A83CD86088A638A4F
:10C8F000668BFD8E1A988F9DB882CE8FE89B8752EB
:10C900001F628364C06F999641689150206B7A6C66
:10C91000546F747A507D4088238A0867F64E3950E8
:10C92000265065507C5138526352A7550F57055811
:10C93000CC5AFA5EB261F861F36272631C69296ACB
:10C940007D72AC722E7314786F78797D0C77A98024
:10C950008B89198BE28CD28E639075937A96559859
:10C96000139A789E43519F53B3537B5E265F1B6E91
:10C97000906E8473FE73437D3782008AFA8A5096E4
:10C980004E4E0B50E4537C54FA56D159645BF15D22
:10C99000AB5E275F38624565AF67566ED072CA7C62
:10C9A000B488A180E180F0834E86878AE88D379233
:10C9B000C7966798139F944E924E0D4F4853495413
:10C9C0003E542F5A8C5FA15F9F60A7688E6A5A748D
:10C9D00081789E8AA48A778B90915E4EC99BA44EE3
:10C9E0007C4FAF4F1950165049516C519F52B9525C
:10C9F000FE529A53E35311540E5489555157A2577E
:10CA00007D59545B5D5B8F5BE55DE75DF75D785E4F
:10CA1000835E9A5EB75E185F52604C619762D8621F
:10CA2000A7633B6502664366F4666D672168976895
:10CA3000CB695F6C2A6D696D2F6E9D6E327587763E
:10CA40006C783F7AE07C057D187D5E7DB17D158038
:10CA50000380AF80B18054818F812A8252834C88B9
:10CA600061881B8BA28CFC8CCA90759171923F7867
:10CA7000FC92A4954D9605989999D89A3B9D5B5246
:10CA8000AB52F7530854D558F762E06F6A8C5F8F4A
:10CA9000B99E4B513B524A54FD56407A7791609D66
:10CAA000D29E4473096F70811175FD5FDA60A89A98
:10CAB000DB72BC8F646B0398CA4EF0566457BE5845
:10CAC0005A5A6860C7610F6606663968B168F76DC3
:10CAD000D5753A7D6E82429B9B4E504FC953065589
:10CAE0006F5DE65DEE5DFB67996C73740278508A4A
:10CAF0009693DF885057A75E2B63B550AC508D518D
:10CB00000067C9545E58BB59B05B695F4D62A16351
:10CB10003D68736B086E7D70C791807215782678BA
:10CB20006D798E65307DDC83C188098F9B96645258
:10CB3000285750676A7FA18CB45142572A963A58B9
:10CB40008A69B480B2540E5DFC579578FA9D5C4FAB
:10CB50004A528B543E6428661467F567847A567B84
:10CB6000227D2F935C68AD9B397B19538A513752D4
:10CB7000DF5BF662AE64E6642D67BA6BA985D19679
:10CB80009076D69B4C630693AB9BBF765266094E5C
:10CB90009850C253715CE860926463655F68E671A7
:10CBA000CA732375977B827E9586838BDB8C789105
:10CBB0001099AC65AB668B6BD54ED44E3A4F7F4F18
:10CBC0003A52F853F253E355DB56EB58CB59C95957
:10CBD000FF59505B4D5C025E2B5ED75F1D600763A3
:10CBE0002F655C5BAF65BD65E8659D67626B7B6BC0
:10CBF0000F6C45734979C179F87C197D2B7DA28032
:10CC00000281F38196895E8A698A668A8C8AEE8AB5
:10CC1000C78CDC8CCC96FC986F6B8B4E3C4F8D4F49
:10CC20005051575BFA5B486101634266216BCB6EE2
:10CC3000BB6C3E72BD74D475C1783A790C80338078
:10CC4000EA8194849E8F506C7F9E0F5F588B2B9D42
:10CC5000FA7AF88E8D5BEB96034EF153F757315904
:10CC6000C95AA45B89607F6E066FBE75EA8C9F5BB4
:10CC70000085E07B7250F4679D82615C4A851E7E70
:10CC80000E829951045C6863668D9C656E713E7975
:10CC9000177D05801D8BCA8E6E90C786AA901F5087
:10CCA000FA523A5C53677C7035724C91C8912B9361
:10CCB000E582C25B315FF9603B4ED653885B4B62C5
:10CCC00031678A6BE972E0732E7A6B81A38D529182
:10CCD00096991251D7536A54FF5B8863396AAC7DC9
:10CCE0000097DA56CE536854975B315CDE5DEE4FA9
:10CCF0000161FE62326DC079CB79427D4D7ED27F7B
:10CD0000ED811F82908446887289908B748E2F8F5C
:10CD100031904B916C91C6969C91C04E4F4F4551AE
:10CD20004153935F0E62D467416C0B6E6373267E32
:10CD3000CD918392D4531959BF5BD16D5D792E7E0D
:10CD40009B7C7E589F71FA515388F08FCA4FFB5CD1
:10CD50002566AC77E37A1C82FF99C651AA5FEC6521
:10CD60006F69896BF36D966E646FFE76147DE15D7D
:10CD7000759087910698E6511D5240629166D9667A
:10CD80001A6EB65ED27D727FF866AF85F785F88A37
:10CD9000A952D95373598F5E905F5560E49264969F
:10CDA000B7501F51DD5220534753EC53E8544655BA
:10CDB000315517566859BE593C5AB55B065C0F5C35
:10CDC000115C1A5C845E8A5EE05E705F7F628462E2
:10CDD000DB628C63776307660C662D6676667E671A
:10CDE000A2681F6A356ABC6C886D096E586E3C710A
:10CDF00026716771C77501775D7801796579F0797A
:10CE0000E07A117BA77C397D9680D6838B84498517
:10CE10005D88F3881F8A3C8A548A738A618CDE8C11
:10CE2000A49166927E9318949C9698970A4E084E09
:10CE30001E4E574E97517052CE573458CC58225BE5
:10CE4000385EC560FE6461675667446DB67273757F
:10CE5000637AB884728BB89120933156F457FE9858
:10CE6000ED620D69966BED71547E77807282E68972
:10CE7000DF985587B18F3B5C384FE14FB54F075571
:10CE8000205ADD5BE95BC35F4E612F63B0654B6683
:10CE9000EE689B69786DF16D3375B9751F775E79B2
:10CEA000E679337DE381AF82AA85AA893A8AAB8E7F
:10CEB0009B8F3290DD910797BA4EC14E0352755841
:10CEC000EC580B5C1A753D5C4E810A8AC58F6396DF
:10CED0006D97257BCF8A08986291F356A8531790D7
:10CEE00039548257255EA863346C8A7061778B7CD5
:10CEF000E07F708842905491109318938F965E74DF
:10CF0000C49A075D695D7065A267A88DDB966E6344
:10CF100049671969C5831798C096FE88846F7A643B
:10CF2000F85B164E2C705D752F66C4513652E25276
:10CF3000D359815F276010623F6574651F66746610
:10CF4000F2681668636B056E72721F75DB76BE7CC5
:10CF50005680F058FD887F89A08A938ACB8A1D90DD
:10CF600092915297599789650E7A0681BB962D5EEC
:10CF7000DC601A62A56514669067F3774D7A4D7C84
:10CF80003E7E0A81AC8C648DE18D5F8EA97807525C
:10CF9000D962A563426498622D8A837AC07BAC8A89
:10CFA000EA96767D0C824987D94E485143536053A7
:10CFB000A35B025C165CDD5D26624762B0641368A9
:10CFC0003468C96C456D176DD3675C6F4E717D71A8
:10CFD000CB657F7AAD7BDA7D4A7EA87F7A811B8222
:10CFE0003982A6856E8ACE8CF58D78907790AD9239
:10CFF00091928395AE9B4D528455386F367168512E
:10D000008579557EB381CE7C4C565158A85CAA6375
:10D01000FE66FD665A69D9728F758E750E795679DE
:10D02000DF79977C207D447D0786348A3B9661902A
:10D03000209FE7507552CC53E2530950AA55EE5841
:10D040004F593D728B5B645C1D53E360F3605C631E
:10D0500083633F63BB63CD64E965F966E35DCD69D6
:10D06000FD69156FE571894EE975F876937ADF7C75
:10D07000CF7D9C7D6180498358836C84BC84FB8513
:10D08000C588708D01906D9097931C97129ACF5020
:10D0900097588E61D3813585088D2090C34F745089
:10D0A000475273536F6049635F672C6EB38D1F9057
:10D0B000D74F5E5CCA8CCF659A7D52539688765165
:10D0C000C363585B6B5B0A5C0D6451675C90D64E22
:10D0D0001A592A59706C518A3E551558A559F06055
:10D0E0005362C167358255694096C499289A534F57
:10D0F0000658FE5B1080B15C2F5E855F20604B613F
:10D100003462FF66F06CDE6ECE807F81D4828B88C5
:10D11000B88C00902E908A96DB9EDB9BE34EF053FA
:10D1200027592C7B8D914C98F99DDD6E27705353B8
:10D130004455855B58629E62D362A26CEF6F227485
:10D14000178A3894C16FFE8A3883E751F886EA530C
:10D15000E953464F5490B08F6A593181FD5DEA7AA8
:10D16000BF8FDA68378CF872489C3D6AB08A394EB6
:10D17000585306566657C562A263E6654E6BE16D6D
:10D180005B6EAD70ED77EF7AAA7BBB7D3D80C6808C
:10D19000CB86958A5B93E356C7583E5FAD6596662E
:10D1A000806AB56B3775C78A2450E57730571B5FA7
:10D1B00065607A66606CF4751A7A6E7FF481188700
:10D1C0004590B399C97B5C75F97A517BC484109002
:10D1D000E979927A3683E15A40772D4EF24E995B87
:10D1E000E05FBD623C66F167E86C6B8677883B8ADE
:10D1F0004E91F392D099176A26702A73E78257846A
:10D20000AF8C014E4651CB518B55F55B165E335EAC
:10D21000815E145F355F6B5FB45FF2611163A2667C
:10D220001D676E6F52723A753A77748039817881D2
:10D230007687BF8ADC8A858DF38D9A9277950298DE
:10D24000E59CC5525763F4761567886CCD73C38C23
:10D25000AE937396256D9C580E69CC69FD8F9A9399
:10D26000DB751A905A580268B463FB69434F2C6F00
:10D27000D867BB8F2685B47D54933F69706F6A571A
:10D28000F7582C5B2C7D2A720A54E391B49DAD4E65
:10D290004E4F5C50755043529E8C485424589A5BB4
:10D2A0001D5E955EAD5EF75E1F5F8C60B5623A6392
:10D2B000D063AF68406C87788E790B7AE07D4782C7
:10D2C000028AE68A448E1390B8902D91D8910E9FD1
:10D2D000E56C5864E2647565F46E84761B7B699036
:10D2E000D193BA6EF254B95FA4644D8FED8F44921E
:10D2F00078516B582959555C975EFB6D8F7E1C7574
:10D30000BC8CE28E5B98B9701D4FBF6BB16F3075EE
:10D31000FB964E51105435585758AC59605C925F8B
:10D3200097655C67216E7B76DF83ED8C1490FD90B2
:10D330004D9325783A78AA52A65E1F577459126009
:10D3400012505A51AC51CD510052105554585858A2
:10D350005759955BF65C8B5DBC6095622D64716777
:10D360004368BC68DF68D776D86D6F6E9B6D6F7051
:10D37000C871535FD8757779497B547B527BD67CD3
:10D38000717D305263846985E4850E8A048B468CF6
:10D390000F8E03900F90199476962D98309AD89509
:10D3A000CD50D5520C5402580E5CA7619E641E6D80
:10D3B000B377E57AF480048453908592E05C079D0E
:10D3C0003F53975FB35F9C6D79726377BF79E47B5E
:10D3D000D26BEC72AD8A0368616AF851817A346964
:10D3E0004A5CF69CEB82C55B49911E7078566F5C77
:10D3F000C76066658C6C5A8C419013985154C7660F
:10D400000D924859A39085514D4EEA5199850E8B46
:10D4100058707A634B936269B499047E7775575359
:10D420006069DF8EE3965D6C8C4E3C5C105FE98F2B
:10D430000253D18C89807986FF5EE565734E655114
:10D4400082593F5CEE97FB4E8A59CD5F8D8AE16F22
:10D45000B0796279E75B71842B73B171745EF55FAB
:10D460007B639A64C371987C434EFC5E4B4EDC57E1
:10D47000A256A960C36F0D7DFD803381BF81B28F3D
:10D480009789A486F45D8A62AD6487897767E26CC8
:10D490003E6D36743478465A757FAD82AC99F34F41
:10D4A000C35EDD62926357656F67C3764C72CC8052
:10D4B000BA80298F4D910D50F957925A856873693A
:10D4C0006471FD72B78CF258E08C6A9619907F8770
:10D4D000E479E77729842F4F65525A53CD62CF679D
:10D4E000CA6C7D76947B957C36828485EB8FDD6675
:10D4F000206F06721B7EAB83C199A69EFD51B17B46
:10D500007278B87B8780487BE86A615E8C80517551
:10D5100060756B5162928C6E7A769791EA9A104F91
:10D52000707F9C624F7BA595E99C7A565958E4869A
:10D53000BC96344F24524A53CD53DB53065E2C64C1
:10D5400091657F673E6C4E6C4872AF72ED73547597
:10D55000417E2C82E985A98CC47BC69169711298A1
:10D56000EF983D6369666A75E476D0784385EE8608
:10D570002A53515326548359875E7C5FB2604962B7
:10D580007962AB629065D46BCC6CB275AE769178F3
:10D59000D879CB7D777FA580AB88B98ABB8C7F900B
:10D5A0005E97DB980B6A387C99503E5CAE5F87676C
:10D5B000D86B357409778E7F3B9FCA67177A3953CA
:10D5C0008B75ED9A665F9D81F18398803C5FC55FA6
:10D5D0006275467B3C906768EB599B5A107D7E765E
:10D5E0002C8BF54F6A5F196A376C026FE2746879A9
:10D5F0006888558A798CDF5ECF63C575D279D7820A
:10D600002893F2929C84ED862D9CC1546C5F8C65AE
:10D610005C6D1570A78CD38C3B984F65F6740D4EDE
:10D62000D84EE0572B59665ACC5BA851035E9C5EDE
:10D63000166076627765A7656E666E6D3672267BBC
:10D6400050819A8199825C8BA08CE68C748D1C969B
:10D650004496AE4FAB64666B1E8261846A85E89027
:10D66000015C5369A8987A8457850F4F6F52A95F60
:10D67000455E0D678F79798107898689F56D175F1A
:10D680005562B86CCF4E6972929B06523B547456E9
:10D69000B358A4616E621A716E59897CDE7C1B7D61
:10D6A000F09687655E80194E754F75514058635EE0
:10D6B000735E0A5FC467264E3D8589955B96737CD1
:10D6C0000198FB50C1585676A7782552A577118549
:10D6D000867B4F5009594772C77BE87DBA8FD48F3C
:10D6E0004D90BF4FC952295A015FAD97DD4F178248
:10D6F000EA9203575563696B2B75DC88148F427A65
:10D70000DF52935855610A62AE66CD6B3F7CE98368
:10D710002350F84F05534654315849599D5BF05CEE
:10D72000EF5C295D965EB16267633E65B9650B6724
:10D73000D56CE16CF97032782B7EDE80B3820C847C
:10D74000EC84028712892A8A4A8CA690D292FD988C
:10D75000F39C6C9D4F4EA14E8D5056524A57A8597E
:10D760003D5ED85FD95F3F62B4661B67D067D26801
:10D770009251217DAA80A881008B8C8CBF8C7E92D7
:10D78000329620542C981753D5505C53A858B26445
:10D79000346767726677467AE691C352A16C866BEE
:10D7A00000584C5E54592C67FB7FE151C676696482
:10D7B000E878549BBB9ECB57B95927669A67CE6BC6
:10D7C000E954D969555E9C819567AA9BFE67529C76
:10D7D0005D68A64EE34FC853B9622B67AB6CC48F2C
:10D7E000AD4F6D7EBF9E074E6261806E2B6F1385BD
:10D7F00073542A67459BF35D957BAC5CC65B1C87C5
:10D800004A6ED184147A088199598D7C116C2077E5
:10D81000D952225921715F72DB772797619D0B697D
:10D820007F5A185AA5510D547D540E66DF76F78F36
:10D830009892F49CEA595D72C56E4D51C968BF7DDE
:10D84000EC7D6297BA9E7864216A028384595F5B9B
:10D85000DB6B1B73F276B27D178099843251286797
:10D86000D99EEE766267FF520599245C3B627E7C0E
:10D87000B08C4F55B6600B7D809501535F4EB6510D
:10D880001C593A723680CE91255FE2778453795FD6
:10D89000047DAC85338A8D8E5697F367AE8553949D
:10D8A00009610861B96C5276ED8A388F2F55514F56
:10D8B0002A51C752CB53A55B7D5EA0608261D663BF
:10D8C0000967DA67676E8C6D367337733175507917
:10D8D000D588988A4A909190F590C4968D8715596D
:10D8E000884E594F0E4E898A3F8F1098AD507C5EFE
:10D8F0009659B95BB85EDA63FA63C164DC664A695B
:10D90000D8690B6DB66E94712875AF7A8A7F0080E6
:10D910004984C9848189218B0A8E65907D960A99F4
:10D920007E619162326B836C746DCC7FFC7FC06DC5
:10D93000857FBA87F8886567B1833C98F7961B6D39
:10D94000617D3D846A91714E7553505D046BEB6F40
:10D95000CD852D86A78929520F54655C4E67A8682E
:10D9600006748374E275CF88E188CC91E29678964C
:10D970008B5F8773CB7A4E84A06365758952416D46
:10D980009C6E097459756B78927C8696DC7A8D9FB3
:10D99000B64F6E61C5655C86864EAE4EDA50214E3E
:10D9A000CC51EE5B99658168BC6D1F734276AD7793
:10D9B0001C7AE77C6F82D28A7C90CF9175961898FA
:10D9C0009B52D17D2B5098539767CB6DD071337498
:10D9D000E8812A8FA396579C9F9E60744158996D49
:10D9E0002F7D5E98E44E364F8B4FB751B152BA5DE2
:10D9F0001C60B2733C79D3823492B796F6960A973C
:10DA0000979E629FA666746B1752A352C870C28815
:10DA1000C95E4B609061236F49713E7CF47D6F80DD
:10DA2000EE8423902C9342546F9BD36A8970C28CEE
:10DA3000EF8D3297B452415ACA5E045F17677C6912
:10DA400094696A6D0F6F6272FC72ED7B01807E805B
:10DA50004B87CE906D51939E84798B803293D68A7A
:10DA60002D508C54718A6A6BC48C0781D160A06779
:10DA7000F29D994E984E109C6B8AC185688500690D
:10DA80007E6E977855810000002502250C25102513
:10DA9000182514251C252C25242534253C25012555
:10DAA00003250F2513251B251725232533252B2576
:10DAB0003B254B2520252F25282537253F251D25AE
:10DAC000302525253825422510041104120413049D
:10DAD00014041504010416041704180419041A0484
:10DAE0001B041C041D041E041F0420042104220422
:10DAF00023042404250426042704280429042A04D2
:10DB00002B042C042D042E042F0400000000000020
:10DB10000000000000000000000000000000000005
:10DB2000000000000000000030043104320433041F
:10DB300034043504510436043704380439043A04F3
:10DB40003B043C043D043E043F04400441044204C1
:10DB500043044404450446044704480449044A0471
:10DB60004B044C044D044E044F04000091039203F7
:10DB700093039403950396039703980399039A03D9
:10DB80009B039C039D039E039F03A003A103A30388
:10DB9000A403A503A603A703A803A903000000008C
:10DBA000000000000000000000000000B103B2030C
:10DBB000B303B403B503B603B703B803B903BA0399
:10DBC000BB03BC03BD03BE03BF03C003C103C30348
:10DBD000C403C503C603C703C803C903000000008C
:10DBE0000000000000000000000000010101010130
:10DBF000010101010100000000000000010101011C
:10DC00000101010101010101010101010101010104
:10DC100001010101010100000000000000010101FB
:10DC200001010101010101010101010101010101E4
:10DC30000101010101010100C625A125A025B3258F
:10DC4000B225BD25BC253B20123092219021912187
:10DC500093211330000000000000000000000000CD
:10DC60000000000000000000000008220B228622B5
:10DC70008722822283222A2229220000000000001B
:10DC80000000000000000000000027222822AC0055
:10DC9000D221D4210022032229220000000000000A
:10DCA0000000000000000000000000000000202232
:10DCB000A522122302220722612252226A226B220B
:10DCC0001A223D221D2235222B222C220000000088
:10DCD000000000000000000000002B2130206F2613
:10DCE0006D266A2620202120B6002C22000000008C
:10DCF0000000EF250030013002300CFF0EFFFB303A
:10DD00001AFF1BFF1FFF01FF9B309C30B40040FF38
:10DD1000A8003EFF3E203FFFFD30FE309D309E308C
:10DD20000330DD4E053006300730FC301420102063
:10DD30000FFF3CFF1C3016205CFF262025201820FA
:10DD400019201C201D2008FF09FF143015303BFF4F
:10DD50003DFF5BFF5DFF083009300A300B300C30AF
:10DD60000D300E300F30103011300BFF1222B10089
:10DD7000D700F7001DFF60221CFF1EFF66226722EE
:10DD80001E22342242264026B000322033200321B6
:10DD9000A50004FFA200A30005FF03FF06FF0AFF82
:10DDA00020FFA70006260526CB25CF25CE25C72593
:10DDB000000000001F001C200000000014210000D3
:10DDC000020016240000000014250000020015289F
:10DDD00000000000112900000000142A00000000CB
:10DDE000182B00000000142C00000000102D000073
:10DDF0000000142E000001000C3000000900143A4D
:10DE000000000100183C00000200143F0000010067
:10DE1000034100001900155B00000000145C0000C5
:10DE20000000115D00000000175E000000000F5FA1
:10DE300000000000176000000000036100001900EE
:10DE4000157B00000000187C00000000117D000020
:10DE50000000187E00000000007F000020001CA0D1
:10DE60000000000014A10000000016A20000030042
:10DE700019A60000000014A70000000017A8000069
:10DE8000000019A90000000006AA0000000013AB62
:10DE90000000000018AC0000000001AD0000000010
:10DEA00019AE0000000017AF0000000019B000001C
:10DEB000000018B1000000000EB20000010017B40D
:10DEC0000000000003B50000000014B600000100CF
:10DED00017B8000000000EB90000000006BA0000EC
:10DEE000000012BB000000000EBC0000020014BFC6
:10DEF0000000000003C00000160018D7000000005A
:10DF000003D80000060004DF0000000003E000006A
:10DF1000160018F70000000003F800003F00043866
:10DF200001000000033901000F0004490100000056
:10DF3000034A01004200048D01000000038E01002D
:10DF40000C00049B01000000039C01000D0004AACA
:10DF50000100010003AC01000D0004BA0100000043
:10DF600006BB0100000003BC0100010004BE01006B
:10DF7000000003BF0100000006C00100030003C44D
:10DF80000100000007C50100000003C601000100F8
:10DF900007C80100000003C90100010007CB010010
:10DFA000000003CC0100230004F00100000003F195
:10DFB0000100000007F20100000003F301002D0042
:10DFC00004210200000003220200110004340200B8
:10DFD0000500033A02001A0004550200000003562F
:10DFE0000200010004580200000003590200000072
:10DFF000045A02000000035B02000100045D0200FD
:10E0000002000360020001000462020000000363DA
:10E010000200000004640200000003650200010029
:10E02000046702000000036802000400046D02009F
:10E030000100036F02000000047002000000037181
:10E0400002000100047302000100037502000000D9
:10E05000047602000600037D02000000047E020038
:10E06000010003800200000004810200000003821E
:10E070000200010004840200020003870200050080
:10E08000048D0200040003920200000004930200C9
:10E090000000069402000000049502000700039DA2
:10E0A00002000100049F0200100005B002001100F0
:10E0B00017C20200030005C602000B0017D20200BF
:10E0C0000D0005E00200040017E50200060005EC63
:10E0D0000200000017ED0200000005EE0200000043
:10E0E00017EF020010000B0003006F000370030025
:10E0F0000300057403000000177503000000037699
:10E1000003000100057A03000000037B0300020006
:10E11000147E03000000037F030000001784030047
:10E120000100038603000000148703000000038839
:10E1300003000200038C03000000038E03000100B3
:10E1400004900300000003910300100003A30300E8
:10E150000C0004B00300000003B10300200008D24B
:10E160000300020003D50300200018F6030000009E
:10E1700003F70300040004FC0300000003FD030098
:10E1800084001982040000000B83040004000A8844
:10E1900004000100038A0400A500033105002500E6
:10E1A000055905000000145A05000500046005002B
:10E1B00000000361050025000487050001001489A3
:10E1C00005000000108A05000000198D05000100FF
:10E1D000168F050000000B9105002C0010BE0500F5
:10E1E00000000BBF0500000014C0050000000BC1BB
:10E1F0000500010014C3050000000BC40500010068
:10E2000014C6050000000BC70500000006D005007D
:10E210001A0006EF0500030014F3050001000100D9
:10E220000600050018060600020014090600010099
:10E23000160B06000000140C06000100190E060063
:10E2400001000B1006000A00141B06000000011C50
:10E2500006000000141D06000200062006001F0034
:10E260000540060000000641060009000B4B0600B1
:10E2700014000C6006000900146A06000300066E14
:10E28000060001000B700600000006710600620027
:10E2900014D40600000006D5060000000BD60600C8
:10E2A000060001DD0600000019DE060000000BDF9D
:10E2B0000600050005E5060001000BE70600010069
:10E2C00019E9060000000BEA0600030006EE06004E
:10E2D00001000CF00600090006FA0600020019FD14
:10E2E0000600010006FF06000000140007000D00F4
:10E2F000010F070000000610070000000B110700C7
:10E300000000061207001D000B3007001A00064D22
:10E31000070058000BA607000A0006B1070000001E
:10E320000CC00700090006CA070020000BEB07001D
:10E33000080005F40700010019F60700000014F7B3
:10E340000700020005FA070000000BFD07000000AF
:10E3500016FE070001000600080015000B16080055
:10E360000300051A080000000B1B08000800052424
:10E37000080000000B250800020005280800000026
:10E380000B2908000400143008000E0006400800A5
:10E3900018000B5908000200145E08000000066017
:10E3A00008000A000670080017001788080000001F
:10E3B0000689080005000190080001000B9808007C
:10E3C000070006A00800280005C9080000000BCAC5
:10E3D0000800170001E2080000000BE308001F001E
:10E3E0000903090000000604090035000B3A090082
:10E3F0000000093B090000000B3C09000000063D3D
:10E4000009000000093E090002000B410900070055
:10E410000949090003000B4D09000000094E0900DD
:10E4200001000650090000000B51090006000658C3
:10E43000090009000B6209000100146409000100D1
:10E440000C6609000900147009000000057109003C
:10E450000000067209000E000B810900000009820D
:10E4600009000100068509000700068F0900010068
:10E4700006930900150006AA0900060006B2090065
:10E48000000006B6090003000BBC0900000006BD31
:10E490000900000009BE090002000BC109000300C9
:10E4A00009C70900010009CB090001000BCD0900D3
:10E4B000000006CE0900000009D70900000006DCB4
:10E4C0000900010006DF090002000BE2090001005B
:10E4D0000CE60900090006F00900010016F2090027
:10E4E00001000EF40900050019FA0900000016FBEE
:10E4F0000900000006FC0900000014FD09000000EE
:10E500000BFE090000000B010A00010009030A00CC
:10E51000000006050A000500060F0A0001000613A8
:10E520000A001500062A0A00060006320A00010049
:10E5300006350A00010006380A0001000B3C0A00FB
:10E540000000093E0A0002000B410A0001000B47CF
:10E550000A0001000B4B0A0002000B510A000000E8
:10E5600006590A000300065E0A0000000C660A0055
:10E5700009000B700A00010006720A0002000B7508
:10E580000A00000014760A0000000B810A00010056
:10E5900009830A00000006850A000800068F0A00A9
:10E5A000020006930A00150006AA0A00060006B239
:10E5B0000A00010006B50A0004000BBC0A000000B6
:10E5C00006BD0A00000009BE0A0002000BC10A00D5
:10E5D00004000BC70A00010009C90A00000009CBAA
:10E5E0000A0001000BCD0A00000006D00A0000005E
:10E5F00006E00A0001000BE20A0001000CE60A0036
:10E60000090014F00A00000016F10A00000006F9E3
:10E610000A0000000BFA0A0005000B010B000000C5
:10E6200009020B00010006050B000700060F0B0096
:10E63000010006130B001500062A0B000600063227
:10E640000B00010006350B0004000B3C0B00000022
:10E65000063D0B000000093E0B0000000B3F0B00C5
:10E66000000009400B0000000B410B0003000947AC
:10E670000B000100094B0B0001000B4D0B000000CB
:10E680000B550B00010009570B000000065C0B0046
:10E690000100065F0B0002000B620B0001000C661C
:10E6A0000B00090019700B00000006710B00000040
:10E6B0000E720B0005000B820B00000006830B009E
:10E6C000000006850B000500068E0B000200069276
:10E6D0000B00030006990B000100069C0B000000D4
:10E6E000069E0B00010006A30B00010006A80B000C
:10E6F000020006AE0B000B0009BE0B0001000BC0B0
:10E700000B00000009C10B00010009C60B0002004C
:10E7100009CA0B0002000BCD0B00000006D00B0055
:10E72000000009D70B0000000CE60B0009000EF0FA
:10E730000B00020019F30B00050016F90B00000096
:10E7400019FA0B0000000B000C00000009010C007E
:10E7500002000B040C00000006050C000700060E6A
:10E760000C00020006120C001600062A0C000F0016
:10E770000B3C0C000000063D0C0000000B3E0C00A2
:10E78000020009410C0003000B460C0002000B4A7A
:10E790000C0003000B550C00010006580C00020091
:10E7A000065D0C00000006600C0001000B620C000E
:10E7B00001000C660C00090014770C0000000E78B4
:10E7C0000C000600197F0C00000006800C00000001
:10E7D0000B810C00000009820C00010014840C0065
:10E7E000000006850C000700068E0C000200069251
:10E7F0000C00160006AA0C00090006B50C00040067
:10E800000BBC0C00000006BD0C00000009BE0C0093
:10E8100000000BBF0C00000009C00C0004000BC678
:10E820000C00000009C70C00010009CA0C0001001F
:10E830000BCC0C00010009D50C00010006DD0C001A
:10E84000010006E00C0001000BE20C0001000CE6E8
:10E850000C00090006F10C00010009F30C00000097
:10E860000B000D00010009020D00010006040D005F
:10E870000800060E0D00020006120D0028000B3BDA
:10E880000D000100063D0D000000093E0D000200D4
:10E890000B410D00030009460D000200094A0D005E
:10E8A00002000B4D0D000000064E0D000000194F38
:10E8B0000D00000006540D00020009570D00000075
:10E8C0000E580D000600065F0D0002000B620D00E1
:10E8D00001000C660D0009000E700D00080019798A
:10E8E0000D000000067A0D0005000B810D000000F0
:10E8F00009820D00010006850D001100069A0D0029
:10E90000170006B30D00080006BD0D00000006C08C
:10E910000D0006000BCA0D00000009CF0D0002001B
:10E920000BD20D0002000BD60D00000009D80D001F
:10E9300007000CE60D00090009F20D00010014F4B7
:10E940000D00000006010E002F000B310E0000002C
:10E9500006320E0001000B340E000600163F0E00BA
:10E96000000006400E00050005460E0000000B47A3
:10E970000E000700144F0E0000000C500E0009009E
:10E98000145A0E00010006810E00010006840E00DC
:10E99000000006860E000400068C0E00170006A577
:10E9A0000E00000006A70E0009000BB10E000000CB
:10E9B00006B20E0001000BB40E00080006BD0E00EA
:10E9C000000006C00E00040005C60E0000000BC8C3
:10E9D0000E0006000CD00E00090006DC0E0003003D
:10E9E00006000F00000019010F00020014040F00C0
:10E9F0000E0019130F00000014140F000000191569
:10EA00000F0002000B180F000100191A0F0005007B
:10EA10000C200F0009000E2A0F00090019340F0006
:10EA200000000B350F00000019360F0000000B37F7
:10EA30000F00000019380F0000000B390F00000014
:10EA4000153A0F000000113B0F000000153C0F00AD
:10EA50000000113D0F000000093E0F0001000640BC
:10EA60000F00070006490F0023000B710F000D0077
:10EA7000097F0F0000000B800F00040014850F00B9
:10EA800000000B860F00010006880F0004000B8DAC
:10EA90000F000A000B990F00230019BE0F0007009A
:10EAA0000BC60F00000019C70F00050019CE0F009C
:10EAB000010014D00F00040019D50F00030014D971
:10EAC0000F000100060010002A00092B10000100B1
:10EAD0000B2D100003000931100000000B32100054
:10EAE00005000938100000000B3910000100093B37
:10EAF000100001000B3D10000100063F1000000057
:10EB00000C4010000900144A1000050006501000C7
:10EB100005000956100001000B5810000100065AAC
:10EB2000100003000B5E10000200066110000000E0
:10EB3000096210000200066510000100096710005C
:10EB40000600066E100002000B711000030006752F
:10EB500010000C000B82100000000983100001005F
:10EB60000B85100001000987100005000B8D1000B7
:10EB70000000068E10000000098F100000000C90AD
:10EB800010000900099A100002000B9D10000000FF
:10EB9000199E1000010003A01000250003C71000FB
:10EBA000000003CD1000000003D010002A0014FB69
:10EBB0001000000005FC1000000003FD1000020022
:10EBC000060011004801064A120003000650120018
:10EBD0000600065812000000065A120003000660E4
:10EBE00012002800068A120003000690120020007E
:10EBF00006B21200030006B81200060006C012009A
:10EC0000000006C21200030006C812000E0006D85B
:10EC10001200380006121300030006181300420009
:10EC20000B5D130002001460130008000E6913004E
:10EC30001300068013000F0019901300090003A0B1
:10EC40001300550003F81300050010001400000025
:10EC5000060114006B02196D16000000146E1600F8
:10EC60000000066F160010001C80160000000681D0
:10EC700016001900159B16000000119C16000000DC
:10EC800006A016004A0014EB160002000DEE160056
:10EC9000020006F1160007000600170011000B1213
:10ECA00017000200091517000000061F17001200C8
:10ECB0000B3217000100093417000000143517004B
:10ECC00001000640170011000B52170001000660FA
:10ECD00017000C00066E170002000B7217000100EF
:10ECE0000680170033000BB41700010009B61700A7
:10ECF00000000BB71700060009BE170007000BC67F
:10ED00001700000009C7170001000BC917000A000F
:10ED100014D41700020005D71700000014D81700FC
:10ED2000020016DB1700000006DC170000000BDDF8
:10ED3000170000000CE0170009000EF01700090092
:10ED40001400180005001006180000001407180031
:10ED500003000B0B18000200010E180000000B0F3F
:10ED6000180000000C1018000900062018002200EE
:10ED700005431800000006441800340006801800FF
:10ED800004000B85180001000687180021000BA95C
:10ED90001800000006AA1800000006B01800450080
:10EDA000060019001E000B2019000200092319009B
:10EDB00003000B271900010009291900020009307E
:10EDC000190001000B321900000009331900050079
:10EDD0000B391900020019401900000014441900F1
:10EDE00001000C4619000900065019001D000670AC
:10EDF00019000400068019002B0006B01900190044
:10EE00000CD0190009000EDA1900000019DE1900F3
:10EE1000210006001A0016000B171A00010009193C
:10EE20001A0001000B1B1A000000141E1A0001003A
:10EE300006201A00340009551A0000000B561A006B
:10EE4000000009571A0000000B581A0006000B605A
:10EE50001A00000009611A0000000B621A0000008D
:10EE600009631A0001000B651A000700096D1A00FA
:10EE700005000B731A0009000B7F1A0000000C80BC
:10EE80001A0009000C901A00090014A01A000600CC
:10EE900005A71A00000014A81A0005000BB01A00FC
:10EEA0000D000ABE1A0000000BBF1A000F000B0075
:10EEB0001B00030009041B00000006051B002E00B8
:10EEC0000B341B00000009351B0000000B361B0033
:10EED0000400093B1B0000000B3C1B000000093D27
:10EEE0001B0004000B421B00000009431B00010033
:10EEF00006451B0007000C501B000900145A1B009C
:10EF0000060019611B0009000B6B1B000800197437
:10EF10001B000800147D1B0001000B801B0001007A
:10EF200009821B00000006831B001D0009A11B00B5
:10EF300000000BA21B00030009A61B0001000BA888
:10EF40001B00010009AA1B0000000BAB1B00020004
:10EF500006AE1B0001000CB01B00090006BA1B0026
:10EF60002B000BE61B00000009E71B0000000BE86C
:10EF70001B00010009EA1B0002000BED1B00000052
:10EF800009EE1B0000000BEF1B00020009F21B0042
:10EF9000010014FC1B00030006001C0023000924D0
:10EFA0001C0007000B2C1C00070009341C0001008A
:10EFB0000B361C000100143B1C0004000C401C001C
:10EFC0000900064D1C0002000C501C000900065AE6
:10EFD0001C001D0005781C000500147E1C000100AB
:10EFE00003801C00080003901C002A0003BD1C00C5
:10EFF000020014C01C0007000BD01C00020014D338
:10F000001C0000000BD41C000C0009E11C000000D7
:10F010000BE21C00060006E91C0003000BED1C00BF
:10F02000000006EE1C0005000BF41C00000006F5B5
:10F030001C00010009F71C0000000BF81C00010077
:10F0400006FA1C00000004001D002B00052C1D000A
:10F050003E00046B1D000C0005781D0000000379C4
:10F060001D000000047A1D000200037D1D00000049
:10F07000047E1D000F00038E1D000000048F1D0084
:10F080000B00059B1D0024000BC01D003F0003006A
:10F090001E00950004961E000400039B1E00000045
:10F0A000049C1E000100039E1E000000049F1E0021
:10F0B000000003A01E00750003181F0005000320B8
:10F0C0001F00250003481F00050004501F0000001A
:10F0D00003511F00000004521F00000003531F00D3
:10F0E000000004541F00000003551F0000000456D8
:10F0F0001F00000003571F00000003591F000000FD
:10F10000035B1F000000035D1F000000035F1F0082
:10F110001E0003801F00070007881F0007000390E0
:10F120001F00070007981F00070003A01F0007002B
:10F1300007A81F00070003B01F00010004B21F0052
:10F14000000003B31F00000004B41F00000004B659
:10F150001F00010003B81F00030007BC1F000000D0
:10F1600017BD1F00000003BE1F00000017BF1F00D7
:10F17000020004C21F00000003C31F00000004C4FB
:10F180001F00000004C61F00010003C81F00030089
:10F1900007CC1F00000017CD1F00020003D01F0086
:10F1A000010004D21F00010004D61F00010003D893
:10F1B0001F00030017DD1F00020003E01F00010015
:10F1C00004E21F00020003E51F00000004E61F0028
:10F1D000010003E81F00040017ED1F00020004F205
:10F1E0001F00000003F31F00000004F41F000000D4
:10F1F00004F61F00010003F81F00030007FC1F00B6
:10F20000000017FD1F0001001C0020000A00010B78
:10F21000200004001010200005001416200001003A
:10F22000131820000000121920000000151A2000F9
:10F230000000131B20000100121D20000000151EFD
:10F2400020000000131F20000000142020000700F1
:10F250001A28200000001B2920000000012A20009D
:10F2600004001C2F20000000143020000800133977
:10F2700020000000123A20000000143B2000030090
:10F280000F3F20000100144120000200184420001C
:10F290000000154520000000114620000000144722
:10F2A00020000A0018522000000014532000000023
:10F2B0000F54200000001455200009001C5F20009E
:10F2C00000000160200004000166200009000E70AB
:10F2D000200000000571200000000E7420000500D1
:10F2E000187A20000200157D20000000117E200009
:10F2F0000000057F200000000E8020000900188A11
:10F3000020000200158D20000000118E200000005A
:10F31000059020000C0016A0200020000BD020003B
:10F320000C000ADD200003000BE1200000000AE2CF
:10F33000200002000BE520000B0019002100010055
:10F340000802210000001903210003000807210022
:10F350000000190821000100040A21000000080B28
:10F3600021000200040E210001000810210002000B
:10F3700004132100000019142100000008152100C9
:10F3800000001916210001001818210000000819BA
:10F3900021000400191E210005000824210000009E
:10F3A0001925210000000326210000001927210053
:10F3B0000000082821000000192921000000032A6C
:10F3C00021000100082C21000100192E210000005D
:10F3D000042F210000000830210001000332210029
:10F3E000000008332100000004342100000006352D
:10F3F00021000300043921000000193A2100010016
:10F40000043C21000100083E2100010018402100B9
:10F410000400084521000000044621000300194AA9
:10F4200021000000184B21000000194C21000100B0
:10F43000034E21000000194F210000000E50210052
:10F440000F000D60210022000383210001000D85C3
:10F45000210003000E8921000000198A210001000B
:10F46000189021000400199521000400189A210029
:10F470000100199C2100030018A02100000019A11F
:10F480002100010018A32100000019A4210001009F
:10F4900018A62100000019A72100060018AE2100BF
:10F4A000000019AF21001E0018CE2100010019D064
:10F4B0002100010018D22100000019D32100000012
:10F4C00018D42100000019D521001E0018F42100D5
:10F4D0000B01190023000700150823000000110983
:10F4E00023000000150A23000000110B2300000078
:10F4F000190C2300130018202300010019222300F7
:10F500000600152923000000112A23000000192BF2
:10F5100023005000187C23000000197D23001D00EB
:10F52000189B2300180019B42300270018DC2300BF
:10F53000050019E223004400194024000A000E606F
:10F5400024003B00199C24004D000EEA2400150005
:10F5500019002500B60018B72500000019B82500CD
:10F56000080018C12500000019C22500350018F850
:10F5700025000700190026006E00186F2600000005
:10F5800019702600F7001568270000001169270090
:10F590000000156A27000000116B27000000156CA1
:10F5A00027000000116D27000000156E27000000E5
:10F5B000116F27000000157027000000117127004F
:10F5C0000000157227000000117327000000157459
:10F5D000270000001175270000000E7627001D008F
:10F5E000199427002B0018C02700040015C5270018
:10F5F000000011C62700000018C727001E0015E6EE
:10F600002700000011E72700000015E82700000090
:10F6100011E92700000015EA2700000011EB270080
:10F62000000015EC2700000011ED2700000015EE8A
:10F630002700000011EF2700000018F027000F003E
:10F6400019002800FF0018002900820015832900F6
:10F650000000118429000000158529000000118692
:10F6600029000000158729000000118829000000EA
:10F67000158929000000118A29000000158B290036
:10F680000000118C29000000158D29000000118E4A
:10F6900029000000158F29000000119029000000AA
:10F6A00015912900000011922900000015932900EE
:10F6B0000000119429000000159529000000119602
:10F6C000290000001597290000001198290000006A
:10F6D000189929003E0015D82900000011D92900E9
:10F6E000000015DA2900000011DB2900000018DCF9
:10F6F00029001F0015FC2900000011FD2900000051
:10F7000018FE2900010119002B002F0018302B00D2
:10F71000140019452B00010018472B000500194D56
:10F720002B00260019762B001F0019972B0068006C
:10F7300003002C00700004712C00000003722C00E8
:10F74000010004742C00000003752C0001000477F4
:10F750002C000400057C2C000100037E2C006500B9
:10F7600004E42C00000019E52C00050003EB2C003C
:10F7700003000BEF2C00020003F22C00010014F92F
:10F780002C0003000EFD2C00000014FE2C000100D4
:10F7900003002D00250003272D000000032D2D0060
:10F7A000000006302D003700056F2D00000014709A
:10F7B0002D0000000B7F2D00000006802D0016009C
:10F7C00006A02D00060006A82D00060006B02D009C
:10F7D000060006B82D00060006C02D00060006C86B
:10F7E0002D00060006D02D00060006D82D000600CC
:10F7F0000BE02D001F0014002E00010013022E004C
:10F80000000012032E00000013042E000000120559
:10F810002E00000014062E00020013092E00000026
:10F82000120A2E000000140B2E000000130C2E00F4
:10F830000000120D2E000000140E2E0008001017FC
:10F840002E00000014182E000100101A2E000000D7
:10F85000141B2E000000131C2E000000121D2E0091
:10F860000000141E2E00010013202E0000001221A3
:10F870002E00000015222E00000011232E00000093
:10F8800015242E00000011252E00000015262E0044
:10F89000000011272E00000015282E00000011295D
:10F8A0002E000000142A2E000400052F2E00000058
:10F8B00014302E000900103A2E000100143C2E00D6
:10F8C000030010402E00000014412E0000001542DD
:10F8D0002E00000014432E000C0019502E000100D1
:10F8E00014522E00020015552E00000011562E0055
:10F8F000000015572E00000011582E000000155969
:10F900002E000000115A2E000000155B2E00000092
:10F91000115C2E000000105D2E00000019802E00EA
:10F920001900199B2E00580019002F00D50019F05E
:10F930002F000B001C0030000000140130000200FA
:10F9400019043000000005053000000006063000F4
:10F9500000000D07300000001508300000001109FC
:10F9600030000000150A30000000110B30000000CC
:10F97000150C30000000110D30000000150E300095
:10F980000000110F300000001510300000001111B0
:10F990003000000019123000010015143000000082
:10F9A000111530000000151630000000111730004E
:10F9B0000000151830000000111930000000151A61
:10F9C00030000000111B30000000101C300000004F
:10F9D000151D30000000111E3000010019203000FC
:10F9E00000000D21300008000B2A30000300092E12
:10F9F00030000100103030000000053130000400FC
:10FA00001936300001000D3830000200053B30008F
:10FA10000000063C30000000143D30000000193E9C
:10FA2000300001000641300055000B993000010004
:10FA3000179B30000100059D30000100069F30003B
:10FA4000000010A03000000006A13000590014FB97
:10FA50003000000005FC3000020006FF300000000E
:10FA6000060531002A00063131005D001990310091
:10FA700001000E923100030019963100090006A022
:10FA800031001F0019C03100230006F031000F00C3
:10FA9000190032001E000E2032000900192A32001F
:10FAA0001D000E48320007001950320000000E51B0
:10FAB00032000E00196032001F000E803200090073
:10FAC000198A320026000EB132000E0019C0320031
:10FAD0003F0106003400BF1919C04D003F00060069
:10FAE0004E0014520515A00000000616A000760472
:10FAF0001990A400360006D0A400270005F8A40041
:10FB0000050014FEA40001000600A5000B01050C71
:10FB1000A6000000140DA60002000610A6000F00AB
:10FB20000C20A6000900062AA60001000340A6003A
:10FB30002D00066EA60000000B6FA60000000A70E4
:10FB4000A60002001473A60000000B74A6000900B2
:10FB5000147EA6000000057FA60000000380A6001A
:10FB60001B00059CA60001000B9EA600010006A03C
:10FB7000A60045000DE6A60009000BF0A600010056
:10FB800014F2A60005001700A70016000517A7002D
:10FB900008001720A70001000322A7000D00043071
:10FBA000A70001000332A7003D000570A700000078
:10FBB0000471A70007000379A7000E000588A700BD
:10FBC00000001789A7000100038BA7000200048E24
:10FBD000A7000000068FA70000000390A700040004
:10FBE0000495A70000000396A700180004AFA70023
:10FBF000000003B0A7001A0003D0A700010004D33F
:10FC0000A700000004D5A700000003D6A70003004A
:10FC100005F2A700020003F5A700010006F7A70000
:10FC2000000005F8A700010004FAA700000006FB89
:10FC3000A70006000B02A80000000603A8000200AF
:10FC40000B06A80000000607A80003000B0BA80085
:10FC50000000060CA80016000923A80001000B25CF
:10FC6000A80001000927A80000001928A800030027
:10FC70000B2CA80000000E30A80005001936A800C3
:10FC800001001638A80000001939A800000006403D
:10FC9000A80033001474A80003000980A800010024
:10FCA0000682A800310009B4A8000F000BC4A80008
:10FCB000010014CEA80001000CD0A80009000BE040
:10FCC000A800110006F2A800050014F8A800020020
:10FCD00006FBA800000014FCA800000006FDA80018
:10FCE00001000BFFA80000000C00A9000900060A93
:10FCF000A9001B000B26A9000700142EA900010073
:10FD00000630A90016000B47A9000A000952A900F5
:10FD10000100145FA90000000660A9001C000B8010
:10FD2000A90002000983A90000000684A9002E0092
:10FD30000BB3A900000009B4A90001000BB6A9008B
:10FD4000030009BAA90001000BBCA900010009BE0B
:10FD5000A900020014C1A9000C0005CFA9000000F1
:10FD60000CD0A900090014DEA900010006E0A900DA
:10FD700004000BE5A900000005E6A900000006E765
:10FD8000A90008000CF0A900090006FAA900040067
:10FD90000600AA0028000B29AA000500092FAA00C6
:10FDA00001000B31AA0001000933AA0001000B3544
:10FDB000AA0001000640AA0002000B43AA000000AE
:10FDC0000644AA0007000B4CAA000000094DAA0037
:10FDD00000000C50AA000900145CAA000300066091
:10FDE000AA000F000570AA0000000671AA00050015
:10FDF0001977AA000200067AAA000000097BAA006F
:10FE000000000B7CAA000000097DAA000000067E0D
:10FE1000AA0031000BB0AA00000006B1AA00000041
:10FE20000BB2AA00020006B5AA0001000BB7AA0097
:10FE3000010006B9AA0004000BBEAA00010006C01A
:10FE4000AA0000000BC1AA00000006C2AA00000020
:10FE500006DBAA00010005DDAA00000014DEAA00EE
:10FE6000010006E0AA000A0009EBAA0000000BEC62
:10FE7000AA00010009EEAA00010014F0AA00010086
:10FE800006F2AA00000005F3AA00010009F5AA0085
:10FE900000000BF6AA0000000601AB0005000609F1
:10FEA000AB0005000611AB0005000620AB00060004
:10FEB0000628AB0006000430AB0022000353AB0061
:10FEC00000000454AB000600175BAB000000055CAB
:10FED000AB0003000460AB0008000569AB00000044
:10FEE000176AAB0001000370AB004F0006C0AB0007
:10FEF000220009E3AB0001000BE5AB00000009E6BE
:10FF0000AB0001000BE8AB00000009E9AB00010009
:10FF100014EBAB00000009ECAB0000000BEDAB00F4
:10FF200000000CF0AB0009000600AC00A32B06B0EB
:10FF3000D700160006CBD70030000200D800FF071C
:10FF40000600F9006D010670FA0069000400FB006C
:10FF500006000413FB000400061DFB0000000B1E3E
:10FF6000FB000000061FFB0009001829FB00000031
:10FF7000062AFB000C000638FB000400063EFB00CE
:10FF800000000640FB0001000643FB00010006469E
:10FF9000FB006B0017B2FB00100006D3FB006A01E8
:10FFA000113EFD000000153FFD0000001940FD005E
:10FFB0000F000650FD003F000692FD00350019CFEE
:10FFC000FD00000006F0FD000B0016FCFD00000027
:10FFD00019FDFD0002000B00FE000F001410FE00D2
:10FFE00006001517FE0000001118FE00000014198D
:10FFF000FE0000000B20FE000F001430FE00000089
:020000041004E6
:100000001031FE0001000F33FE0001001535FE0027
:1000100000001136FE0000001537FE000000113808
:10002000FE0000001539FE000000113AFE0000003D
:10003000153BFE000000113CFE000000153DFE00D7
:100040000000113EFE000000153FFE0000001140C0
:10005000FE0000001541FE0000001142FE000000FD
:100060001543FE0000001144FE0000001445FE0090
:1000700001001547FE0000001148FE000000144971
:10008000FE0003000F4DFE0002001450FE000200AF
:100090001454FE0003001058FE0000001559FE0025
:1000A0000000115AFE000000155BFE000000115C0C
:1000B000FE000000155DFE000000115EFE00000065
:1000C000145FFE0002001862FE0000001063FE00D4
:1000D00000001864FE0002001468FE0000001669AB
:1000E000FE000000146AFE0001000670FE0004001D
:1000F0000676FE00860001FFFE0000001401FF00EE
:1001000002001604FF0000001405FF00020015089D
:10011000FF0000001109FF000000140AFF000000AA
:10012000180BFF000000140CFF000000100DFF0072
:100130000000140EFF0001000C10FF000900141A4B
:10014000FF000100181CFF000200141FFF00010047
:100150000321FF001900153BFF000000143CFF00C5
:100160000000113DFF000000173EFF0000000F3FA0
:10017000FF0000001740FF0000000341FF001900CE
:10018000155BFF000000185CFF000000115DFF0020
:100190000000185EFF000000155FFF000000116006
:1001A000FF0000001461FF0000001562FF00000066
:1001B0001163FF0000001464FF0001000666FF00E9
:1001C00009000570FF0000000671FF002C00059E6D
:1001D000FF00010006A0FF001E0006C2FF00050090
:1001E00006CAFF00050006D2FF00050006DAFF0080
:1001F000020016E0FF00010018E2FF00000017E314
:10020000FF00000019E4FF00000016E5FF000100F8
:1002100019E8FF00000018E9FF00030019EDFF00D6
:10022000010001F9FF00020019FCFF0001000600B7
:1002300000010B00060D0001190006280001120044
:10024000063C00010100063F00010E0006500001BF
:100250000D00068000017A001400010102000E0763
:1002600001012C001937010108000D400101340083
:100270000E75010103001979010110000E8A0101B8
:100280000100198C01010200199001010C0019A054
:100290000101000019D001012C000BFD010100003B
:1002A000068002011C0006A0020130000BE00201E2
:1002B00000000EE102011A00060003011F000E20DB
:1002C00003010300062D030113000D41030100008B
:1002D0000642030107000D4A030100000650030116
:1002E00025000B7603010400068003011D00149F06
:1002F0000301000006A00301230006C80301070054
:1003000014D0030100000DD1030104000300040117
:100310004F00065004014D000CA00401090003B079
:100320000401230003D8040123000600050127006F
:10033000063005013300146F05010000037005014C
:100340000A00037C05010E00038C050106000394DE
:1003500005010100039705010A0003A305010E0032
:1003600003B30501060003BB0501010006000601F9
:1003700036010640070115000660070107000580E9
:100380000701050005870701290005B207010800DC
:10039000060008010500060808010000060A080119
:1003A0002B00063708010100063C08010000063F4B
:1003B000080116001457080100000E580801070034
:1003C0000660080116001977080101000E7908017E
:1003D0000600068008011E000EA70801080006E0BE
:1003E0000801120006F4080101000EFB08010400D8
:1003F0000600090115000E1609010500141F090168
:100400000000062009011900143F090100000680C0
:10041000090137000EBC0901010006BE09010100F7
:100420000EC009010F000ED209012D0006000A01BD
:1004300000000B010A0102000B050A0101000B0C70
:100440000A01030006100A01030006150A01020052
:1004500006190A011C000B380A0102000B3F0A01B1
:1004600000000E400A01080014500A01080006604E
:100470000A011C000E7D0A010100147F0A01000020
:1004800006800A011C000E9D0A01020006C00A0136
:10049000070019C80A01000006C90A011B000BE584
:1004A0000A0101000EEB0A01040014F00A01060023
:1004B00006000B01350014390B01060006400B0144
:1004C00015000E580B01070006600B0112000E7894
:1004D0000B01070006800B01110014990B010300AA
:1004E0000EA90B01060006000C01480003800C0158
:1004F000320003C00C0132000EFA0C0105000600A8
:100500000D0123000B240D0103000C300D01090027
:100510000E600E011E0006800E0129000BAB0E01BD
:10052000010010AD0E01000006B00E0101000BFD30
:100530000E01020006000F011C000E1D0F01090034
:1005400006270F01000006300F0115000B460F01B2
:100550000A000E510F01030014550F01040006702C
:100560000F0111000B820F01030014860F0103001D
:1005700006B00F0114000EC50F01060006E00F01C2
:1005800016000900100100000B0110010000090213
:10059000100100000603100134000B3810010E009A
:1005A0001447100106000E52100113000C661001D2
:1005B00009000B70100100000671100101000B739F
:1005C000100101000675100100000B7F10010200F0
:1005D000098210010000068310012C0009B01001EF
:1005E00002000BB31001030009B7100101000BB9A1
:1005F0001001010014BB1001010001BD1001000039
:1006000014BE100103000BC21001000001CD100147
:10061000000006D0100118000CF0100109000B00BA
:10062000110102000603110123000B271101040030
:10063000092C110100000B2D110107000C361101CE
:10064000090014401101030006441101000009458E
:10065000110101000647110100000650110122009E
:100660000B731101000014741101010006761101D1
:1006700000000B80110101000982110100000683B6
:1006800011012F0009B3110102000BB6110108007E
:1006900009BF1101010006C11101030014C51101B8
:1006A00003000BC91101030014CD1101000009CE94
:1006B000110100000BCF110100000CD01101090045
:1006C00006DA1101000014DB1101000006DC110143
:1006D000000014DD110102000EE1110113000600FB
:1006E00012011100061312011800092C1201020058
:1006F0000B2F120102000932120101000B3412010A
:1007000000000935120100000B36120101001438F7
:10071000120105000B3E12010000063F120101000C
:100720000B4112010000068012010600068812012A
:100730000000068A12010300068F12010E00069FB8
:100740001201090014A91201000006B012012E00C6
:100750000BDF1201000009E0120102000BE312019D
:1007600007000CF0120109000B001301010009023F
:1007700013010100060513010700060F1301010014
:10078000061313011500062A130106000632130191
:1007900001000635130104000B3B13010100063D67
:1007A00013010000093E130101000B40130100007A
:1007B000094113010300094713010100094B13010B
:1007C0000200065013010000095713010000065DE6
:1007D000130104000962130101000B6613010600F6
:1007E0000B701301040006001401340009351401D4
:1007F00002000B38140107000940140101000B42EC
:10080000140102000945140100000B461401000008
:10081000064714010300144B140104000C5014018A
:100820000900145A14010100145D140100000B5E4C
:1008300014010000065F14010200068014012F005D
:1008400009B0140102000BB31401050009B9140129
:1008500000000BBA1401000009BB140103000BBF18
:100860001401010009C1140100000BC214010100B0
:1008700006C41401010014C61401000006C71401C7
:1008800000000CD014010900068015012E0009AFEC
:10089000150102000BB21501030009B81501030090
:1008A0000BBC1501010009BE150100000BBF1501AD
:1008B000010014C11501160006D8150103000BDC58
:1008C00015010100060016012F0009301601020073
:1008D0000B3316010700093B160101000B3D160101
:1008E0000000093E160100000B3F160101001441F3
:1008F000160102000644160100000C501601090002
:10090000146016010C00068016012A000BAB1601BC
:10091000000009AC160100000BAD1601000009AE85
:10092000160101000BB01601050009B61601000002
:100930000BB71601000006B81601000014B9160125
:1009400000000CC016010900060017011A000B1D5B
:10095000170102000920170101000B2217010300F3
:100960000926170100000B27170104000C3017019E
:1009700009000E3A17010100143C17010200193F4B
:1009800017010000064017010600060018012B00A1
:10099000092C180102000B2F180108000938180152
:1009A00000000B3918010100143B1801000003A0DE
:1009B00018013F000CE0180109000EEA18010800B8
:1009C00006FF18010700060919010000060C1901AD
:1009D0000700061519010100061819011700093052
:1009E000190105000937190101000B3B190101002C
:1009F000093D190100000B3E19010000063F1901D5
:100A000000000940190100000641190100000942D7
:100A1000190100000B4319010000144419010200E0
:100A20000C501901090006A01901070006AA1901B6
:100A3000260009D1190102000BD4190103000BDAB9
:100A40001901010009DC190103000BE01901000084
:100A500006E11901000014E21901000006E3190182
:100A6000000009E41901000006001A0100000B0152
:100A70001A010900060B1A0127000B331A010500A1
:100A800009391A010000063A1A0100000B3B1A014D
:100A90000300143F1A0107000B471A01000006501B
:100AA0001A0100000B511A01050009571A01010033
:100AB0000B591A010200065C1A012D000B8A1A015B
:100AC0000C0009971A0100000B981A010100149AF2
:100AD0001A010200069D1A010000149E1A0104006A
:100AE00006B01A01480014001B01090006001C0191
:100AF0000800060A1C012400092F1C0100000B300D
:100B00001C0106000B381C010500093E1C010000F9
:100B10000B3F1C01000006401C01000014411C0199
:100B200004000C501C0109000E5A1C011200147024
:100B30001C01010006721C011D000B921C01150016
:100B400009A91C0100000BAA1C01060009B11C0127
:100B500000000BB21C01010009B41C0100000BB520
:100B60001C01010006001D01060006081D01010010
:100B7000060B1D0125000B311D0105000B3A1D015F
:100B800000000B3C1D0101000B3F1D010600064645
:100B90001D0100000B471D0100000C501D01090044
:100BA00006601D01050006671D010100066A1D01A2
:100BB0001F00098A1D0104000B901D01010009930B
:100BC0001D0101000B951D01000009961D0100008B
:100BD0000B971D01000006981D0100000CA01D01CF
:100BE000090006E01E0112000BF31E01010009F5C9
:100BF0001E01010014F71E0101000B001F0101007E
:100C000006021F01000009031F01000006041F0166
:100C10000C0006121F01210009341F0101000B36D0
:100C20001F010400093E1F0101000B401F010000CD
:100C300009411F0100000B421F01000014431F0166
:100C40000C000C501F01090006B01F0100000EC06F
:100C50001F01140019D51F01070016DD1F01030035
:100C600019E11F01100014FF1F0100000600200100
:100C700099030D0024016E00147024010400068005
:100C80002401C30006902F01600014F12F01010020
:100C9000060030012F04013034010F000B403401F5
:100CA00000000641340105000B4734010E00060028
:100CB0004401460206006801380206406A011E002F
:100CC0000C606A010900146E6A01010006706A0175
:100CD0004E000CC06A01090006D06A011D000BF02D
:100CE0006A01040014F56A01000006006B012F0080
:100CF0000B306B01060014376B010400193C6B01CB
:100D0000030005406B01030014446B01000019450A
:100D10006B0100000C506B0109000E5B6B010600BB
:100D200006636B011400067D6B01120003406E0127
:100D30003F000E806E01160014976E01030006003E
:100D40006F014A000B4F6F01000006506F01000059
:100D500009516F0136000B8F6F01030005936F017E
:100D60000C0005E06F01010014E26F01000005E3D3
:100D70006F0100000BE46F01000009F06F0101003A
:100D800006007001F71706008801D50406008D01E2
:100D9000080005F0AF01030005F5AF01060005FDF1
:100DA000AF0101000600B00122010632B1010000CE
:100DB0000650B10102000655B10100000664B10100
:100DC00003000670B1018B010600BC016A000670C9
:100DD000BC010C000680BC0108000690BC010900A3
:100DE000199CBC0100000B9DBC010100149FBC01BB
:100DF000000001A0BC0103000B00CF012D000B304F
:100E0000CF0116001950CF0173001900D001F50071
:100E10001900D10126001929D1013B000965D10132
:100E200001000B67D1010200196AD1010200096DAE
:100E3000D10105000173D10107000B7BD10107002F
:100E40001983D10101000B85D1010600198CD10154
:100E50001D000BAAD101030019AED1013C001900FD
:100E6000D20141000B42D20102001945D20100001B
:100E70000EC0D20113000EE0D20113001900D301FD
:100E800056000E60D30118000800D4011900041A9E
:100E9000D40119000834D4011900044ED40106000D
:100EA0000456D40111000868D40119000482D40149
:100EB0001900089CD4010000089ED401010008A27A
:100EC000D401000008A5D401010008A9D401030041
:100ED00008AED401070004B6D401030004BBD4015A
:100EE000000004BDD401060004C5D4010A0008D0E6
:100EF000D401190004EAD40119000804D501010045
:100F00000807D5010300080DD50107000816D50113
:100F10000600041ED50119000838D5010100083B60
:100F2000D50103000840D50104000846D5010000A2
:100F3000084AD50106000452D5011900086CD501F4
:100F400019000486D501190008A0D501190004BABA
:100F5000D501190008D4D501190004EED5011900F6
:100F60000808D60119000422D6011900083CD60150
:100F700019000456D60119000870D6011900048A18
:100F8000D6011B0008A8D601180018C1D601000020
:100F900004C2D601180018DBD601000004DCD6011B
:100FA000050008E2D601180018FBD601000004FC79
:100FB000D60118001815D70100000416D701050046
:100FC000081CD70118001835D70100000436D701D6
:100FD0001800184FD70100000450D701050008562B
:100FE000D7011800186FD70100000470D70118004E
:100FF0001889D7010000048AD70105000890D7019D
:10100000180018A9D701000004AAD701180018C3B6
:10101000D701000004C4D701050008CAD7010000A9
:1010200004CBD70100000CCED70131001900D80144
:10103000FF010B00DA0136001937DA0103000B3B20
:10104000DA013100196DDA0107000B75DA010000D1
:101050001976DA010D000B84DA0100001985DA0136
:1010600001001487DA0104000B9BDA0104000BA1D4
:10107000DA010E000400DF010900060ADF010000AA
:10108000040BDF0113000425DF0105000B00E00164
:1010900006000B08E00110000B1BE00106000B230B
:1010A000E00101000B26E00104000530E0013D00F5
:1010B0000B8FE00100000600E1012C000B30E10184
:1010C00006000537E10106000C40E1010900064E6B
:1010D000E1010000194FE10100000690E2011D004E
:1010E0000BAEE201000006C0E2012B000BECE201B6
:1010F00003000CF0E201090016FFE201000006D037
:10110000E4011A0005EBE40100000BECE40103002C
:101110000CF0E401090006E0E701060006E8E7013B
:10112000030006EDE701010006F0E7010E000600EE
:10113000E801C4000EC7E80108000BD0E801060072
:101140000300E90143000B44E9010600054BE901F6
:1011500000000C50E9010900145EE90101000E7164
:10116000EC013A0019ACEC0100000EADEC010200FC
:1011700016B0EC0100000EB1EC0103000E01ED0110
:101180002C00192EED0100000E2FED010E000600BF
:10119000EE0103000605EE011A000621EE01010032
:1011A0000624EE0100000627EE0100000629EE01EC
:1011B00009000634EE0103000639EE010000063B8B
:1011C000EE0100000642EE0100000647EE010000BD
:1011D0000649EE010000064BEE010000064DEE014F
:1011E00002000651EE0101000654EE010000065710
:1011F000EE0100000659EE010000065BEE01000062
:10120000065DEE010000065FEE0100000661EE01E2
:1012100001000664EE0100000667EE010300066CA3
:10122000EE0106000674EE0103000679EE010300EC
:10123000067EEE0100000680EE010900068BEE013D
:10124000100006A1EE01020006A5EE01040006ABA7
:10125000EE01100018F0EE0101001900F0012B0062
:101260001930F001630019A0F0010E0019B1F0016E
:101270000E0019C1F0010E0019D1F00124000E007A
:10128000F1010C00190DF101A00019E6F1011C009B
:101290001910F2012B001940F20108001950F20157
:1012A00001001960F20105001900F301FA0017FBB3
:1012B000F30104001900F401D70219DCF601100053
:1012C00019F0F6010C001900F7017600197BF701FF
:1012D0005E0019E0F7010B0019F0F701000019009A
:1012E000F8010B001910F80137001950F801090036
:1012F0001960F80127001990F8011D0019B0F801D4
:1013000001001900F90153011960FA010D0019706B
:10131000FA010C001980FA0108001990FA012D0059
:1013200019BFFA01060019CEFA010D0019E0FA0101
:10133000080019F0FA0108001900FB019200199445
:10134000FB0136000CF0FB01090006000002DFA6DD
:101350000600A70239100640B702DD000620B802D9
:10136000811606B0CE02301D0600F8021D020600EE
:1013700000034A13065013035F100101000E000022
:0C1380000120000E5F000B00010EEF00CA
:10138C00A89B0310B49B0310C09B0310CC9B0310B1
:10139C00D89B0310E49B0310F09B0310FC9B0310E1
:0413AC00E89E0310A4
:1013B00003000068EFF3108C72B60268002AFCD0BC
:1013C000BFF35F8F04229A56002A0BDB002900D05E
:1013D0000A6000201B68BFF35F8F00221A608CF345
:1013E00010887047D0221206126801201A71F1E7A6
:1013F000F0B5C646150000B504001E000268EFF304
:10140000108172B61368002BFCD0BFF35F8F0423EA
:10141000E3562268002B2BDBBFF35F8F00201060A8
:1014200081F31088D02212061278002752B290461B
:101430009A420ED1002080BCB846F0BDBFF35F8F4A
:10144000176081F310882800310001F005F80028AA
:10145000F0D12268EFF3108172B61368002BFCD034
:10146000BFF35F8F237922687F2BE7D9434602E0E1
:10147000D0231B061B682371BFF35F8F002313600B
:1014800081F310880120D6E7F0B5C64600B50D00FF
:10149000040000F0E9FFFA2206000F0000232800F4
:1014A0000021920000F0B0FF36184F41002F02DA01
:1014B0000126174F7642D0231B061B68002598464D
:1014C0000AE0BFF35F8F156081F3108830003900A8
:1014D00000F0C2FF002818D12268EFF3108172B625
:1014E0001368002BFCD0BFF35F8F237922687F2B1A
:1014F000E7D943462371BFF35F8F0023136081F365
:101500001088012080BCB846F0BD0020FAE7C04634
:10151000FFFFFF7F0268EFF3108172B61368002BA4
:10152000FCD0BFF35F8FFF2303710368BFF35F8FAE
:1015300000221A6081F3108840BF704710B5084C34
:101540002378002B0AD18023064807495B051A68D7
:10155000C25004338B42FAD10123237010BDC04620
:10156000EB850220704802100001001010B5014BFD
:10157000984710BD71480220064B5A6802609A686D
:101580004260DA6882601A69C2605A6902619B69C6
:1015900043617047000002400268064B5A6042688F
:1015A0009A608268DA60C2681A6102695A614269A7
:1015B0009A61704700000240034B1A68C0239B00E9
:1015C0009343024A136070470C8001400C90014025
:1015D000054B1A6880239B005340C02292001340A1
:1015E000024A13607047C0460C8001400C900140D5
:1015F0000023F0B5DE4657464E4645469A46E0B5CE
:1016000089B001900E00988A45491B8B14009847B9
:10161000534681464349988A1B8B98475346424913
:101620000500988A1B8B98478046FFF787FF02A822
:10163000FFF7A2FFC847A847FFF7CAFF251E22D021
:101640000823C0219C460220490562468B6A1A4045
:1016500018423FD0631B002D2FD1002A11D1002C3E
:1016600011D0C0235B059B4602239A460633994658
:101670005B464A4657469B6A1A401F4242D0002AA0
:10168000F6D0002C30D1FFF797FFC047FFF76EFF71
:1016900002A8FFF781FF09B0F0BCBB46B246A946DD
:1016A000A046F0BD002C2FD1C0225205926A91466F
:1016B00008224F463A40BF072DD50D2B1BD9002AD3
:1016C000F0D1C0225205926A914608224F463A4014
:1016D000BF07F2D4002A04D12B002343002BB4D13E
:1016E000D1E72B00002CF9D00B6E013C33702300A6
:1016F00001362B43F2E7019F013D3B7801370B6632
:101700000197E7E70025E5E7C0235B051B6E013C79
:101710003370013699E72B00002ADFD1DCE7C046A1
:101720004946000045580000464300000022154B82
:1017300010B59A60DA601A615A619A61DA611A62C8
:101740005A629A62DA621A635A639A63DA631A64B3
:101750005A649A64DA641A655A659A65DA651A6693
:101760005A669A66DA661A675A679A67DA67F032D3
:1017700092000021044800F05FFE044B044A1A6006
:1017800010BDC04600001050904E02203074022060
:1017900080011050F0B54E464546DE465746E0B54E
:1017A000214B00249E6D012585B0002E22D01F4BB9
:1017B0009A46012399461E4B984601E0202C19D0E9
:1017C0002A00230001342F003240E4B26D00002AC9
:1017D000F4D0524697654A465B085B0022409B184E
:1017E0005B01434418009B4600F01EFC002808D112
:1017F000BE43E3D105B0F0BCBB46B246A946A04605
:10180000F0BD5B46E0219A78DB8A01A88360002363
:10181000C900018001210271437100F025FC584686
:1018200000F0A0FBE4E7C04600001150003011506A
:10183000504E02209823F0B5C646C84A00B5D55888
:1018400080232E009B02102484B01E401D4274D0C1
:10185000C34BC44C9A6AC44B00261A603B23E35C1A
:10186000022B00D14FE17B23E35C022B00D1F3E09C
:10187000BB23E35C022B00D1FAE0FB23E35C022BE9
:1018800000D101E13C23FF33E35C022B00D12DE1C9
:101890007C23FF33E35C022B00D10EE1BC23FF333A
:1018A000E35C022B00D13FE1FC23FF33E35C022B1E
:1018B00000D1F5E0AD4BE35C022B00D174E1AC4B01
:1018C000E35C022B00D105E1AA4BE35C022B00D1C3
:1018D00075E1A94BE35C022B00D132E1A74BE35C3D
:1018E000022B00D1A0E1A64BE35C022B00D171E1F9
:1018F000A44BE35C022B00D1A1E1A34BE35C022BE0
:1019000000D17FE1002E08D1A04B1B78002B04D121
:1019100080219F4A90338902D150C02269468F4B63
:1019200092009B6C80265B058A805B0D012101A8DB
:10193000029300F099FB974CB602EB0600D57FE0CE
:1019400080235B021D4231D01E43012302249846AE
:10195000844FBB7E002B14D000F066FD012800D917
:1019600072E0C02200213800920100F001FB380033
:1019700000F0F8FA00F058FD012802D9844B5C66AB
:101980001C664346FB702037012C22D1C0236A46D7
:10199000DB009380804A02AB03CA03C3012101A884
:1019A00000F062FB80227A4B92021A6580235B0171
:1019B0001D4210D18023DB011D4223D180231B0255
:1019C0001D422FD1AE4200D0C0E104B080BCB84669
:1019D000F0BD0124BDE700241E43604B1C60FFF7EF
:1019E000A5FE80236A465B0093801472012101A842
:1019F00000F03AFB8022664B12031A658023DB015C
:101A00001D42DBD01E4380236A46DB009380012108
:101A100001A800F029FB10225D4B1A6580231B02F0
:101A20001D42CFD01E43A0236A46DB0093800121D4
:101A300001A800F019FB8022554B12011A65C1E77D
:101A4000FFF7A8FE26007BE7544B444A1C66536E02
:101A50002340A342FBD184E77833E75C002F00D119
:101A600006E70233E25C002A00D00DE13E00FFE60B
:101A7000B833E75C002F00D1FFE60233E25C002AB6
:101A800000D0F9E03E00F8E6F833E75C002F00D123
:101A9000F8E60233E25C002A00D041E13E00F1E6C4
:101AA000F933FF33E75C002F00D103E70233E25C38
:101AB000002A00D02BE13E00FCE67933FF33E75CDF
:101AC000002F00D1EAE60233E25C002A00D015E1E3
:101AD0003E00E3E6324BE75C002F00D1F4E6023330
:101AE000E25C002A00D001E13E00EDE63933FF332D
:101AF000E75C002F00D1CBE60233E25C002A00D085
:101B0000EBE03E00C4E63833E65C002E00D1AAE6E6
:101B10000233E25C002A00D1A5E62000002220303A
:101B2000E25400F04DFA9EE6B933FF33E75C002F34
:101B300000D1B9E60233E25C002A00D0C4E03E00E6
:101B4000B2E6184BE75C002F00D1C7E60233E25C37
:101B5000002A00D0B0E03E00C0E6C04600001150B0
:101B600000400540504E0220804B02203B02000006
:101B70007B020000BB020000FB0200003B030000F0
:101B80007B030000BB030000FB030000E98502208B
:101B900000301150100002000000105000201150C1
:101BA0007A020000FA0200006B4BE75C002F00D1C4
:101BB00085E60233E25C002A76D13E007FE6674B81
:101BC000E75C002F00D184E60233E25C002A63D197
:101BD0003E007EE6624BE75C002F00D188E60233D0
:101BE000E25C002A00D0A3E05E4BE35C022B30D124
:101BF0005D4BE35C002B27D15C4BE35C022B00D0F8
:101C00008BE63E005A4BE35C002B00D17AE6FF23C3
:101C10009B00E25C002A00D17FE60022E2541C3BDC
:101C2000E01800F0CDF978E6524BE75C002F00D1C8
:101C300059E60233E25C002A16D13E0053E64A4BD5
:101C4000E35C002B00D158E6EF239B00E25C002A06
:101C500075D1464BE35C022B00D05EE6444BE35C5F
:101C6000002B00D159E6D2E70022E2541C3BE018D9
:101C700000F0A6F93E0036E620000022A030E25433
:101C80003E0000F09DF9F8E5200000226030E254AB
:101C90003E0000F095F9EBE50022E2541C3BE01811
:101CA00000F08EF93E0014E60022E2541C3BE018DE
:101CB00000F086F93E0002E60022E2541C3BE018E8
:101CC00000F07EF93E0009E620000022A130FF303E
:101CD000E2543E0000F074F9E6E5200000222130D5
:101CE000FF30E2543E0000F06BF9D1E50022E254EF
:101CF0001C3BE01800F064F93E00E5E520000022FE
:101D00006130FF30E2543E0000F05AF9C6E5200091
:101D10000022E130FF30E2543E0000F051F9C9E505
:101D200020000022E030E2543E0000F049F9A9E52D
:101D30000022E2541C3BE01800F042F954E7002274
:101D4000E2541C3BE01800F03BF982E731000A48FE
:101D5000694000F051FBC0463A020000BA020000A0
:101D60007A030000BB030000BA030000FB0300007D
:101D7000FA0300003A030000FCE40210F0B5C64686
:101D800000B50200838A008B8C46011C984200D962
:101D9000191CD47880252000461EB04189B2ED0080
:101DA0000D434003284301256C405B1AD4705478DE
:101DB0009BB29382002C31D16446D568A4014E1E9B
:101DC0002D19B0461469002923D0062E32D92B00D4
:101DD00023439B072ED1631CEB1A022B2AD9002325
:101DE0008F08BF00E658EE5004339F42FAD14346B5
:101DF000ED19DB1BE419B94209D026782E70002BAF
:101E000005D066786E70012B01D0A378AB70146991
:101E1000938A64181461802212021043002B02D1AD
:101E20008023DB0118436346002B00D0000480BCF4
:101E3000B846F0BD0023E65CEE5401339942FAD176
:101E4000E5E7C0468368F0B51A680400002900D0B1
:101E5000120C63789205900D002B08D1E38AC31809
:101E6000E382238B834201D90023A382F0BDE36880
:101E7000890125695E18471E002822D0062F26D921
:101E800001315B18EB1A022B21D92B0033439B073E
:101E90001DD10023120E9200F158E95004339A42EA
:101EA000FAD1BF1AAD18B618904209D032782A700C
:101EB000002F05D072786A70012F01D0B278AA7015
:101EC0002569E38A2D18C318E3822561C9E700223A
:101ED000B35CAB5401329042FAD12569F1E7C046B8
:101EE00010B50400836800211B68FFF7ABFF63682F
:101EF0001B685B0002D5238B834200D010BD0121FB
:101F00002000FFF79FFFF9E7084A0300126C00204A
:101F1000920703D49A78D209012A00D07047D87E5C
:101F2000023843425841C0B2F8E7C04600001150A1
:101F300010B5FFF7E9FF00280CD00749074B8C4686
:101F4000074A9B6A126863449B1A0020C6229A4281
:101F50004041C0B210BDC046E0FCFFFF004005405C
:101F6000804B022000238376436103617047C046A3
:101F700010B58368002901D01C682140002A12D0C6
:101F80008024E400114322420DD01A6822420CD171
:101F9000084A0A401A60084A126C920703D40C23BC
:101FA000033BFDD28368196010BD8178034800F0BF
:101FB00023FAC046FFFBFFFF0000115010E502109E
:101FC000436870B50021802504001E68FFF7D6FE27
:101FD000124B6D011A6C0543A37892070ED55B0670
:101FE0000ED00F4B1E4080239B05334362680021B7
:101FF000136020002A00FFF7BBFF70BDDB09F0D0A3
:10200000A38A002BEDD001212000FFF7B7FEA0230B
:10201000044ADB05324005431343E7E70000115053
:10202000FFFFFFAFFFFFFFDF70B5857E0400002DCF
:1020300014D0FFF755FFA38A002B01D1280070BDF3
:102040002000FFF775FF002803D001230025237728
:10205000F4E72000FFF7B4FF0025EFE7817801489F
:1020600000F0CAF930E50210F0B5CE46474680B51B
:10207000437805000E0085B0062B08D86C4A9B00FB
:10208000D3589F466B4A13780133DBB213706A4B07
:102090001C686269EFF3108172B61368002BFCD0E4
:1020A000BFF35F8FA1612000290000F0CDF96269C4
:1020B000A369BFF35F8F0021116083F310880028AC
:1020C00004D105B0C0BCB946B046F0BD3200697855
:1020D000287800F0A1F9F4E70121584B1A788A43D7
:1020E0001A701A7801318A431A7000225A701A78CD
:1020F00002318A431A70CAE75149524F8946524900
:102100000024002388463A7812E043461B686101A8
:102110005B18002B06D0DB69002B03D06968287898
:1021200098473A780134E4B2511C2300A14217DBEE
:10213000A242EAD89B1A5B014B44ECE73F4B1A786A
:10214000D207BED504211A780A431A709FE73B4B89
:102150001A78D207B5D504211A788A431A7096E7FF
:10216000364F3B785B072BD504223B780021934305
:102170003B706B460632981D00F05EF92B7801AC7F
:102180002370052363702C4B1B6898465A69EFF344
:10219000108172B61368002BFCD0BFF35F8F4346EB
:1021A00040469961210000F04FF943465A699B6906
:1021B000BFF35F8F0021116083F31088002831D1B5
:1021C000FB78DB0700D47CE76B460A220021981DD0
:1021D00000F032F92B7801AC2370032363706B6835
:1021E0006360154B1D686A69EFF3108172B613685E
:1021F000002BFCD0BFF35F8FA9612800210000F005
:1022000023F96A69AB69BFF35F8F0021116083F323
:102210001088002800D154E732006178207800F05F
:10222000FBF84EE732006178207800F0F5F8C7E758
:1022300000A00310EA850220E04402208844022026
:102240001CA00310E8850220C8420220F0B5CE464B
:10225000474605001E0018001C00042380B589466F
:1022600002279C46002831D0002E33D0EB681F4255
:102270001AD033000833A3420FD8002C2DD10223EB
:10228000E9680B4236D1002E20D0EB6800241F42B3
:10229000FBD033000833A342EFD94B461B78013EF5
:1022A000AB6001239846C144002CECD06146EB683A
:1022B000194215D1002ED9D10421EB681942FCD066
:1022C000AB68013C13700132002CF5D1C0BCB9469B
:1022D000B046F0BD002CF9D0EEE7EB685B07C5D542
:1022E000AB68013C13702300511C88463343EDD08A
:1022F0004246B9E731000831CFD1C1E730B504001B
:10230000101E0AD00A000D180221E3681942FCD001
:1023100013780132A360AA42F7D1E3685B0704D5C2
:102320000421A368E3681942FBD11021E368194234
:10233000FCD1E3685B0704D50421A368E368194274
:10234000FBD10123236230BDF0B5CE4647460500E0
:102350001E0018001C00042380B5894602279C46F5
:1023600000282DD0002E2FD0EB681F4216D033004E
:102370000833A3420FD8002C29D10223E9680B426D
:1023800032D1002E1CD0EB6800241F42FBD033005A
:102390000833A342EFD94B46013EAB60002CF0D08E
:1023A0006146EB68194215D1002EDDD10421EB689E
:1023B0001942FCD0AB68013C13700132002CF5D1FE
:1023C000C0BCB946B046F0BD002CF9D0EEE7EB68D2
:1023D0005B07C9D5AB68013C13702300511C8846CC
:1023E0003343EDD04246BDE731000831D3D1C5E7D4
:1023F0007047C0460000000001B40248844601BC9A
:10240000604700BF0144011001B40248844601BC8A
:10241000604700BF3970011001B40248844601BC16
:10242000604700BF319C011001B40248844601BCE2
:10243000604700BF0D45011001B40248844601BC4D
:10244000604700BFCD72011001B40248844601BC50
:10245000604700BF91B6011001B40248844601BC38
:10246000604700BF1152011001B40248844601BC0C
:10247000604700BF71530110A100020100C0550167
:10248000082B060102010101000000000004000009
:10249000000000000000000000000000000000003C
:1024A000000000000000000000000000000000002C
:1024B000000000000000000000000000000000001C
:1024C000000000000000000000000000000000000C
:1024D000BD5E001000000000082B06010201010291
:1024E00000000000000608002B06010401819B1972
:1024F00000000000000000000000000000000000DC
:1025000000000000000000000000000000000000CB
:1025100000000000000000000000000000000000BB
:1025200000000000000000000000000000000000AB
:10253000082B060102010103000000000043040013
:10254000000000000000000000000000000000008B
:10255000000000000000000000000000000000007B
:10256000000000000000000000000000000000006B
:10257000000000000000000000000000000000005B
:102580002D34001000000000082B06010201010498
:102590000000000000040000000000000000000037
:1025A000000000000000000000000000000000002B
:1025B000000000000000000000000000000000001B
:1025C000000000000000000000000000000000000B
:1025D0000000000000000000A55E001000000000E8
:1025E000082B0601020101050000000000040000A4
:1025F00000000000000000000000000000000000DB
:1026000000000000000000000000000000000000CA
:1026100000000000000000000000000000000000BA
:1026200000000000000000000000000000000000AA
:10263000D55E001000000000082B06010201010613
:102640000000000000040000000000000000000086
:10265000000000000000000000000000000000007A
:10266000000000000000000000000000000000006A
:10267000000000000000000000000000000000005A
:1026800000000000000000008D5E0010000000004F
:10269000082B0601020101070000000000020400EF
:1026A00048000000000000000000000000000000E2
:1026B000000000000000000000000000000000001A
:1026C000000000000000000000000000000000000A
:1026D00000000000000000000000000000000000FA
:1026E00000000000000000000A2B06010401819B8D
:1026F0001901000000041E006C6F6E672D6C656E82
:10270000677468204F494420546573742023310056
:1027100000000000000000000000000000000000B9
:1027200000000000000000000000000000000000A9
:102730000000000000000000000000000000000099
:102740000A2B0601040181AD4201000000042300B0
:102750006C6F6E672D6C656E677468204F494420FE
:102760005465737420233200000000000000000054
:102770000000000000000000000000000000000059
:102780000000000000000000000000000000000049
:1027900000000000000000000A2B0601040181ADCA
:1027A0004202000000060A002B0601040181AD422E
:1027B0000200000000000000000000000000000017
:1027C0000000000000000000000000000000000009
:1027D00000000000000000000000000000000000F9
:1027E00000000000000000000000000000000000E9
:1027F0000B2B06010401819B190401000004100049
:1028000000000000000000000000000000000000C8
:1028100000000000000000000000000000000000B8
:1028200000000000000000000000000000000000A8
:102830000000000000000000000000000000000098
:102840003D5F0010000000000B2B06010401819B7E
:102850001904020000041000000000000000000045
:102860000000000000000000000000000000000068
:102870000000000000000000000000000000000058
:102880000000000000000000000000000000000048
:102890000000000000000000855F00100000000044
:1028A0000B2B06010401819B190403000004100096
:1028B0000000000000000000000000000000000018
:1028C0000000000000000000000000000000000008
:1028D00000000000000000000000000000000000F8
:1028E00000000000000000000000000000000000E8
:1028F000CD5F0010000000000B2B06010401819B3E
:102900001904040000041000000000000000000092
:1029100000000000000000000000000000000000B7
:1029200000000000000000000000000000000000A7
:102930000000000000000000000000000000000097
:102940000000000000000000156000100000000002
:102950000B2B06010401819B1904050000041000E3
:102960000000000000000000000000000000000067
:102970000000000000000000000000000000000057
:102980000000000000000000000000000000000047
:102990000000000000000000000000000000000037
:1029A0005D600010000000000B2B06010401819BFC
:1029B00019020100000204000000000000000000F5
:1029C0000000000000000000000000000000000007
:1029D00000000000000000000000000000000000F7
:1029E00000000000000000000000000000000000E7
:1029F0000000000000000000B160001071620010D3
:102A00000B2B06010401819B190202000002040045
:102A100000000000000000000000000000000000B6
:102A200000000000000000000000000000000000A6
:102A30000000000000000000000000000000000096
:102A40000000000000000000000000000000000086
:102A5000E9600010BD6200100B2B06010401819B90
:102A60001902030000020400000000000000000042
:102A70000000000000000000000000000000000056
:102A80000000000000000000000000000000000046
:102A90000000000000000000000000000000000036
:102AA0000000000000000000216100100963001018
:102AB0000B2B06010401819B190204000002040093
:102AC0000000000000000000000000000000000006
:102AD00000000000000000000000000000000000F6
:102AE00000000000000000000000000000000000E6
:102AF00000000000000000000000000000000000D6
:102B000059610010556300100B2B06010401819BD5
:102B1000190205000002040000000000000000008F
:102B200000000000000000000000000000000000A5
:102B30000000000000000000000000000000000095
:102B40000000000000000000000000000000000085
:102B5000000000000000000091610010A16300105F
:102B60000B2B06010401819B1902060000020400E0
:102B70000000000000000000000000000000000055
:102B80000000000000000000000000000000000045
:102B90000000000000000000000000000000000035
:102BA0000000000000000000000000000000000025
:102BB000C9610010ED6300100B2B06010401819B1D
:102BC00019020700000204000000000000000000DD
:102BD00000000000000000000000000000000000F5
:102BE00000000000000000000000000000000000E5
:102BF00000000000000000000000000000000000D5
:102C000000000000000000000162001039640010A4
:102C10000B2B06010401819B19020800000204002D
:102C200000000000000000000000000000000000A4
:102C30000000000000000000000000000000000094
:102C40000000000000000000000000000000000084
:102C50000000000000000000000000000000000074
:102C600039620010856400100B2B06010401819B62
:102C7000190209000002040000000000000000002A
:102C80000000000000000000000000000000000044
:102C90000000000000000000000000000000000034
:102CA0000000000000000000000000000000000024
:102CB00000000000000000003565001051650010A4
:102CC0000B2B06010401819B19020A00000204007B
:102CD00000000000000000000000000000000000F4
:102CE00000000000000000000000000000000000E4
:102CF00000000000000000000000000000000000D4
:102D000000000000000000000000000000000000C3
:102D1000D1640010ED6400100B2B06010401819BAF
:102D20001903010000041000000000000000000072
:102D30000000000000000000000000000000000093
:102D40000000000000000000000000000000000083
:102D50000000000000000000000000000000000073
:102D600000000000000000003975001000000000A5
:102D70000B2B06010401819B1903020000041000C3
:102D80000000000000000000000000000000000043
:102D90000000000000000000000000000000000033
:102DA0000000000000000000000000000000000023
:102DB0000000000000000000000000000000000013
:102DC0009D750010000000000B2B06010401819B83
:102DD00019030300000410000000000000000000C0
:102DE00000000000000000000000000000000000E3
:102DF00000000000000000000000000000000000D3
:102E000000000000000000000000000000000000C2
:102E10000000000000000000F1750010000000003C
:102E20000B2B06010401819B190304000004100010
:102E30000000000000000000000000000000000092
:102E40000000000000000000000000000000000082
:102E50000000000000000000000000000000000072
:102E60000000000000000000000000000000000062
:102E700045760010000000000B2B06010401819B29
:102E8000190305000004100000000000000000000D
:102E90000000000000000000000000000000000032
:102EA0000000000000000000000000000000000022
:102EB0000000000000000000000000000000000012
:102EC00000000000000000009976001000000000E3
:102ED0000B2B06010401819B19030600000410005E
:102EE00000000000000000000000000000000000E2
:102EF00000000000000000000000000000000000D2
:102F000000000000000000000000000000000000C1
:102F100000000000000000000000000000000000B1
:102F2000FD760010000000000B2B06010401819BC0
:102F3000190307000004100000000000000000005A
:102F40000000000000000000000000000000000081
:102F50000000000000000000000000000000000071
:102F60000000000000000000000000000000000061
:102F70000000000000000000617700100000000069
:102F80000B2B06010401819B1903080000041000AB
:102F90000000000000000000000000000000000031
:102FA0000000000000000000000000000000000021
:102FB0000000000000000000000000000000000011
:102FC0000000000000000000000000000000000001
:102FD000AD770010000000000B2B06010401819B5F
:102FE00019030900000410000000000000000000A8
:102FF00000000000000000000000000000000000D1
:1030000000000000000000000000000000000000C0
:1030100000000000000000000000000000000000B0
:103020000000000000000000E17700100000000038
:103030000B2B06010401819B19030A0000041000F8
:103040000000000000000000000000000000000080
:103050000000000000000000000000000000000070
:103060000000000000000000000000000000000060
:103070000000000000000000000000000000000050
:10308000F9770010000000000B2B06010401819B62
:1030900019030B00000410000000000000000000F5
:1030A0000000000000000000000000000000000020
:1030B0000000000000000000000000000000000010
:1030C0000000000000000000000000000000000000
:1030D0000000000000000000117800100000000057
:1030E0000C2B06010401819B19050101000410004D
:1030F00000000000000000000000000000000000D0
:1031000000000000000000000000000000000000BF
:1031100000000000000000000000000000000000AF
:10312000000000000000000000000000000000009F
:1031300099650010000000000C2B06010401819B22
:10314000190501020004100000000000000000004A
:10315000000000000000000000000000000000006F
:10316000000000000000000000000000000000005F
:10317000000000000000000000000000000000004F
:103180000000000000000000E165001000000000E9
:103190000C2B06010401819B19050103000410009A
:1031A000000000000000000000000000000000001F
:1031B000000000000000000000000000000000000F
:1031C00000000000000000000000000000000000FF
:1031D00000000000000000000000000000000000EF
:1031E00029660010000000000C2B06010401819BE1
:1031F0001905010400041000000000000000000098
:1032000000000000000000000000000000000000BE
:1032100000000000000000000000000000000000AE
:10322000000000000000000000000000000000009E
:1032300000000000000000007166001000000000A7
:103240000C2B06010401819B1905010500041000E7
:10325000000000000000000000000000000000006E
:10326000000000000000000000000000000000005E
:10327000000000000000000000000000000000004E
:10328000000000000000000000000000000000003E
:10329000B9660010000000000C2B06010401819BA0
:1032A00019050106000410000000000000000000E5
:1032B000000000000000000000000000000000000E
:1032C00000000000000000000000000000000000FE
:1032D00000000000000000000000000000000000EE
:1032E0000000000000000000016700100000000066
:1032F0000C2B06010401819B19050201000410003A
:1033000000000000000000000000000000000000BD
:1033100000000000000000000000000000000000AD
:10332000000000000000000000000000000000009D
:10333000000000000000000000000000000000008D
:1033400039670010000000000C2B06010401819B6E
:103350001905020200041000000000000000000037
:10336000000000000000000000000000000000005D
:10337000000000000000000000000000000000004D
:10338000000000000000000000000000000000003D
:103390000000000000000000816700100000000035
:1033A0000C2B06010401819B190502030004100087
:1033B000000000000000000000000000000000000D
:1033C00000000000000000000000000000000000FD
:1033D00000000000000000000000000000000000ED
:1033E00000000000000000000000000000000000DD
:1033F000C9670010000000000C2B06010401819B2E
:103400001905020400041000000000000000000084
:1034100000000000000000000000000000000000AC
:10342000000000000000000000000000000000009C
:10343000000000000000000000000000000000008C
:1034400000000000000000001168001000000000F3
:103450000C2B06010401819B1905020500041000D4
:10346000000000000000000000000000000000005C
:10347000000000000000000000000000000000004C
:10348000000000000000000000000000000000003C
:10349000000000000000000000000000000000002C
:1034A00059680010000000000C2B06010401819BEC
:1034B00019050206000410000000000000000000D2
:1034C00000000000000000000000000000000000FC
:1034D00000000000000000000000000000000000EC
:1034E00000000000000000000000000000000000DC
:1034F0000000000000000000A168001000000000B3
:103500000C2B06010401819B190503010004100026
:1035100000000000000000000000000000000000AB
:10352000000000000000000000000000000000009B
:10353000000000000000000000000000000000008B
:10354000000000000000000000000000000000007B
:10355000D9680010000000000C2B06010401819BBB
:103560001905030200041000000000000000000024
:10357000000000000000000000000000000000004B
:10358000000000000000000000000000000000003B
:10359000000000000000000000000000000000002B
:1035A0000000000000000000216900100000000081
:1035B0000C2B06010401819B190503030004100074
:1035C00000000000000000000000000000000000FB
:1035D00000000000000000000000000000000000EB
:1035E00000000000000000000000000000000000DB
:1035F00000000000000000000000000000000000CB
:1036000069690010000000000C2B06010401819B79
:103610001905030400041000000000000000000071
:10362000000000000000000000000000000000009A
:10363000000000000000000000000000000000008A
:10364000000000000000000000000000000000007A
:103650000000000000000000B16900100000000040
:103660000C2B06010401819B1905030500041000C1
:10367000000000000000000000000000000000004A
:10368000000000000000000000000000000000003A
:10369000000000000000000000000000000000002A
:1036A000000000000000000000000000000000001A
:1036B000F9690010000000000C2B06010401819B39
:1036C00019050306000410000000000000000000BF
:1036D00000000000000000000000000000000000EA
:1036E00000000000000000000000000000000000DA
:1036F00000000000000000000000000000000000CA
:103700000000000000000000416A001000000000FE
:103710000C2B06010401819B190504010004100013
:103720000000000000000000000000000000000099
:103730000000000000000000000000000000000089
:103740000000000000000000000000000000000079
:103750000000000000000000000000000000000069
:10376000796A0010000000000C2B06010401819B07
:103770001905040200041000000000000000000011
:103780000000000000000000000000000000000039
:103790000000000000000000000000000000000029
:1037A0000000000000000000000000000000000019
:1037B0000000000000000000C16A001000000000CE
:1037C0000C2B06010401819B190504030004100061
:1037D00000000000000000000000000000000000E9
:1037E00000000000000000000000000000000000D9
:1037F00000000000000000000000000000000000C9
:1038000000000000000000000000000000000000B8
:10381000096B0010000000000C2B06010401819BC5
:10382000190504040004100000000000000000005E
:103830000000000000000000000000000000000088
:103840000000000000000000000000000000000078
:103850000000000000000000000000000000000068
:103860000000000000000000516B0010000000008C
:103870000C2B06010401819B1905040500041000AE
:103880000000000000000000000000000000000038
:103890000000000000000000000000000000000028
:1038A0000000000000000000000000000000000018
:1038B0000000000000000000000000000000000008
:1038C000996B0010000000000C2B06010401819B85
:1038D00019050406000410000000000000000000AC
:1038E00000000000000000000000000000000000D8
:1038F00000000000000000000000000000000000C8
:1039000000000000000000000000000000000000B7
:103910000000000000000000E16B0010000000004B
:103920000C2B06010401819B190505010004100000
:103930000000000000000000000000000000000087
:103940000000000000000000000000000000000077
:103950000000000000000000000000000000000067
:103960000000000000000000000000000000000057
:10397000196C0010000000000C2B06010401819B53
:1039800019050502000410000000000000000000FE
:103990000000000000000000000000000000000027
:1039A0000000000000000000000000000000000017
:1039B0000000000000000000000000000000000007
:1039C0000000000000000000616C0010000000001A
:1039D0000C2B06010401819B19050503000410004E
:1039E00000000000000000000000000000000000D7
:1039F00000000000000000000000000000000000C7
:103A000000000000000000000000000000000000B6
:103A100000000000000000000000000000000000A6
:103A2000A96C0010000000000C2B06010401819B12
:103A3000190505040004100000000000000000004B
:103A40000000000000000000000000000000000076
:103A50000000000000000000000000000000000066
:103A60000000000000000000000000000000000056
:103A70000000000000000000F16C001000000000D9
:103A80000C2B06010401819B19050505000410009B
:103A90000000000000000000000000000000000026
:103AA0000000000000000000000000000000000016
:103AB0000000000000000000000000000000000006
:103AC00000000000000000000000000000000000F6
:103AD000396D0010000000000C2B06010401819BD1
:103AE0001905050600041000000000000000000099
:103AF00000000000000000000000000000000000C6
:103B000000000000000000000000000000000000B5
:103B100000000000000000000000000000000000A5
:103B20000000000000000000816D00100000000097
:103B30000C2B06010401819B1905060100041000ED
:103B40000000000000000000000000000000000075
:103B50000000000000000000000000000000000065
:103B60000000000000000000000000000000000055
:103B70000000000000000000000000000000000045
:103B8000B96D0010000000000C2B06010401819BA0
:103B900019050602000410000000000000000000EB
:103BA0000000000000000000000000000000000015
:103BB0000000000000000000000000000000000005
:103BC00000000000000000000000000000000000F5
:103BD0000000000000000000016E00100000000066
:103BE0000C2B06010401819B19050603000410003B
:103BF00000000000000000000000000000000000C5
:103C000000000000000000000000000000000000B4
:103C100000000000000000000000000000000000A4
:103C20000000000000000000000000000000000094
:103C3000496E0010000000000C2B06010401819B5E
:103C40001905060400041000000000000000000038
:103C50000000000000000000000000000000000064
:103C60000000000000000000000000000000000054
:103C70000000000000000000000000000000000044
:103C80000000000000000000916E00100000000025
:103C90000C2B06010401819B190506050004100088
:103CA0000000000000000000000000000000000014
:103CB0000000000000000000000000000000000004
:103CC00000000000000000000000000000000000F4
:103CD00000000000000000000000000000000000E4
:103CE000D96E0010000000000C2B06010401819B1E
:103CF0001905060600041000000000000000000086
:103D000000000000000000000000000000000000B3
:103D100000000000000000000000000000000000A3
:103D20000000000000000000000000000000000093
:103D30000000000000000000216F001000000000E3
:103D40000C2B06010401819B1905070100041000DA
:103D50000000000000000000000000000000000063
:103D60000000000000000000000000000000000053
:103D70000000000000000000000000000000000043
:103D80000000000000000000000000000000000033
:103D9000596F0010000000000C2B06010401819BEC
:103DA00019050702000410000000000000000000D8
:103DB0000000000000000000000000000000000003
:103DC00000000000000000000000000000000000F3
:103DD00000000000000000000000000000000000E3
:103DE0000000000000000000A16F001000000000B3
:103DF0000C2B06010401819B190507030004100028
:103E000000000000000000000000000000000000B2
:103E100000000000000000000000000000000000A2
:103E20000000000000000000000000000000000092
:103E30000000000000000000000000000000000082
:103E4000E96F0010000000000C2B06010401819BAB
:103E50001905070400041000000000000000000025
:103E60000000000000000000000000000000000052
:103E70000000000000000000000000000000000042
:103E80000000000000000000000000000000000032
:103E90000000000000000000317000100000000071
:103EA0000C2B06010401819B190507050004100075
:103EB0000000000000000000000000000000000002
:103EC00000000000000000000000000000000000F2
:103ED00000000000000000000000000000000000E2
:103EE00000000000000000000000000000000000D2
:103EF00079700010000000000C2B06010401819B6A
:103F00001905070600041000000000000000000072
:103F100000000000000000000000000000000000A1
:103F20000000000000000000000000000000000091
:103F30000000000000000000000000000000000081
:103F40000000000000000000C17000100000000030
:103F50000C2B06010401819B1905080100041000C7
:103F60000000000000000000000000000000000051
:103F70000000000000000000000000000000000041
:103F80000000000000000000000000000000000031
:103F90000000000000000000000000000000000021
:103FA000F9700010000000000C2B06010401819B39
:103FB00019050802000410000000000000000000C5
:103FC00000000000000000000000000000000000F1
:103FD00000000000000000000000000000000000E1
:103FE00000000000000000000000000000000000D1
:103FF00000000000000000004171001000000000FF
:104000000C2B06010401819B190508030004100014
:1040100000000000000000000000000000000000A0
:104020000000000000000000000000000000000090
:104030000000000000000000000000000000000080
:104040000000000000000000000000000000000070
:1040500089710010000000000C2B06010401819BF7
:104060001905080400041000000000000000000012
:104070000000000000000000000000000000000040
:104080000000000000000000000000000000000030
:104090000000000000000000000000000000000020
:1040A0000000000000000000D171001000000000BE
:1040B0000C2B06010401819B190508050004100062
:1040C00000000000000000000000000000000000F0
:1040D00000000000000000000000000000000000E0
:1040E00000000000000000000000000000000000D0
:1040F00000000000000000000000000000000000C0
:1041000019720010000000000C2B06010401819BB5
:10411000190508060004100000000000000000005F
:10412000000000000000000000000000000000008F
:10413000000000000000000000000000000000007F
:10414000000000000000000000000000000000006F
:10415000000000000000000061720010000000007C
:104160000B2B06010401819B1906010000020400CB
:10417000000000000000000000000000000000003F
:10418000000000000000000000000000000000002F
:10419000000000000000000000000000000000001F
:1041A000000000000000000000000000000000000F
:1041B00099720010000000000B2B06010401819B86
:1041C00019060200000410000000000000000000BA
:1041D00000000000000000000000000000000000DF
:1041E00000000000000000000000000000000000CF
:1041F00000000000000000000000000000000000BF
:104200000000000000000000C97200100000000063
:104210000B2B06010401819B19060300000410000A
:10422000000000000000000000000000000000008E
:10423000000000000000000000000000000000007E
:10424000000000000000000000000000000000006E
:10425000000000000000000000000000000000005E
:1042600015730010000000000B2B06010401819B58
:104270001906040000041000000000000000000007
:10428000000000000000000000000000000000002E
:10429000000000000000000000000000000000001E
:1042A000000000000000000000000000000000000E
:1042B000000000000000000061730010000000001A
:1042C0000B2B06010401819B190605000004100058
:1042D00000000000000000000000000000000000DE
:1042E00000000000000000000000000000000000CE
:1042F00000000000000000000000000000000000BE
:1043000000000000000000000000000000000000AD
:10431000AD730010000000000B2B06010401819B0F
:104320001906060000041000000000000000000054
:10433000000000000000000000000000000000007D
:10434000000000000000000000000000000000006D
:10435000000000000000000000000000000000005D
:104360000000000000000000F973001000000000D1
:104370000B2B06010401819B1906070000020400B3
:10438000000000000000000000000000000000002D
:10439000000000000000000000000000000000001D
:1043A000000000000000000000000000000000000D
:1043B00000000000000000000000000000000000FD
:1043C00045740010000000000B2B06010401819BC6
:1043D00019060800000204000000000000000000B0
:1043E00000000000000000000000000000000000CD
:1043F00000000000000000000000000000000000BD
:1044000000000000000000000000000000000000AC
:104410000000000000000000817400100000000097
:104420000B2B06010401819B190609000002040000
:10443000000000000000000000000000000000007C
:10444000000000000000000000000000000000006C
:10445000000000000000000000000000000000005C
:10446000000000000000000000000000000000004C
:10447000AD740010000000000B2B06010401819BAD
:1044800019060A00000204000000000000000000FD
:10449000000000000000000000000000000000001C
:1044A000000000000000000000000000000000000C
:1044B00000000000000000000000000000000000FC
:1044C0000000000000000000D9740010000000008F
:1044D0000B2B06010401819B19060B00000204004E
:1044E00000000000000000000000000000000000CC
:1044F00000000000000000000000000000000000BC
:1045000000000000000000000000000000000000AB
:10451000000000000000000000000000000000009B
:104520000D75001029750010FF010000008079440E
:1045300000F0794400C0794400007A442D93E13AB8
:104540006ABC343F554E50524F564953494F4E4521
:104550004400000000001000000000000000010006
:104560000000000000000000000002000000000049
:104570000000000000000300000000000000000038
:104580000000FF000000000001B5486801318E46C0
:104590000047704609380149884701BD7D4901102F
:1045A000000000000000000000000000000000000B
:1045B00000000000983A0020000000000000000009
:1045C000503300004C3300005433000052330000DD
:1045D0004D5300004D4300005334000043340000AD
:1045E000F1930110A59301101993011091920110FC
:1045F0000000000000010000E444022010000C0054
:1046000000000000000000000000000000000000AA
:1046100000000000FF0000000080044000000000D7
:104620000040044000000000FF000000FFFFFFFF0B
:104630000000020000000000000000000000000078
:1046400048330020483300205033002050330020EE
:10465000583300205833002060330020603300209E
:10466000683300206833002070330020703300204E
:1046700078330020783300208033002080330020FE
:1046800088330020883300209033002090330020AE
:104690009833002098330020A0330020A03300205E
:1046A000A8330020A8330020B0330020B03300200E
:1046B000B8330020B8330020C0330020C0330020BE
:1046C000C8330020C8330020D0330020D03300206E
:1046D000D8330020D8330020E0330020E03300201E
:1046E000E8330020E8330020F0330020F0330020CE
:1046F000F8330020F833002000340020003400207C
:104700000834002008340020103400201034002029
:1047100018340020183400202034002020340020D9
:104720002834002028340020303400203034002089
:104730003834002038340020403400204034002039
:1047400048340020483400205034002050340020E9
:104750005834002058340020603400206034002099
:104760006834002068340020703400207034002049
:1047700078340020783400208034002080340020F9
:1047800088340020883400209034002090340020A9
:104790009834002098340020A0340020A034002059
:1047A000A8340020A8340020B0340020B034002009
:1047B000B8340020B8340020C0340020C0340020B9
:1047C000C8340020C8340020D0340020D034002069
:1047D000D8340020D8340020E0340020E034002019
:1047E000E8340020E8340020F0340020F0340020C9
:1047F000F8340020F8340020003500200035002077
:104800000835002008350020103500201035002024
:1048100018350020183500202035002020350020D4
:104820002835002028350020303500203035002084
:104830003835002038350020403500204035002034
:1048400048350020483500205035002050350020E4
:104850005835002058350020603500206035002094
:104860006835002068350020703500207035002044
:1048700078350020783500208035002080350020F4
:1048800088350020883500209035002090350020A4
:104890009835002098350020A0350020A035002054
:1048A000A8350020A8350020B0350020B035002004
:1048B000B8350020B8350020C0350020C0350020B4
:1048C000C8350020C8350020D0350020D035002064
:1048D000D8350020D8350020E0350020E035002014
:1048E000E8350020E8350020F0350020F0350020C4
:1048F000F8350020F8350020003600200036002072
:10490000083600200836002010360020103600201F
:1049100018360020183600202036002020360020CF
:10492000283600202836002030360020303600207F
:10493000383600203836002040360020403600202F
:1049400048360020483600205036002050360020DF
:10495000583600205836002060360020603600208F
:10496000683600206836002070360020703600203F
:1049700078360020783600208036002080360020EF
:10498000883600208836002090360020903600209F
:104990009836002098360020A0360020A03600204F
:1049A000A8360020A8360020B0360020B0360020FF
:1049B000B8360020B8360020C0360020C0360020AF
:1049C000C8360020C8360020D0360020D03600205F
:1049D000D8360020D8360020E0360020E03600200F
:1049E000E8360020E8360020F0360020F0360020BF
:1049F000F8360020F836002000370020003700206D
:104A0000083700200837002010370020103700201A
:104A100018370020183700202037002020370020CA
:104A2000283700202837002030370020303700207A
:104A3000383700203837002040370020403700202A
:104A40004300000000000000000000000000000023
:104A50000000000000000000000000000000000056
:104A60004300000000000000000000000000000003
:104A70000000000000000000000000000000000036
:104A800043000000000000000000000000000000E3
:104A90000000000000000000000000000000000016
:104AA00043000000000000000000000000000000C3
:104AB00000000000000000000000000000000000F6
:104AC00043000000000000000000000000000000A3
:104AD00000000000000000000000000000000000D6
:104AE0004300000000000000000000000000000083
:104AF00000000000000000000000000000000000B6
:104B00004300000000000000000000000000000062
:104B10000000000000000000000000000000000095
:104B2000955302104948021000000000D0A1031064
:104B3000B4E70210C8C00210C8C00210C8C00210FA
:104B4000C8C00210C8C00210C8C00210C8C00210FD
:104B5000C8C00210C8C00210FFFFFFFFFFFFFFFF29
:104B6000FFFFFFFFFFFF00000100415343494900E1
:104B70000000000000000000000000000000000035
:104B800000000000000000000000415343494900BC
:104B90000000000000000000000000000000000015
:104BA000000000000000000000000000C0380020ED
:104BB0000000000090410220F841022060420220E3
:104BC00000000000000000000000000000000000E5
:104BD00000000000000000000000000000000000D5
:104BE00000000000000000000000000000000000C5
:104BF00000000000000000000000000000000000B5
:104C000000000000000000000000000000000000A4
:104C10000000000000000000000000000000000094
:104C20000000000000000000000000000000000084
:104C30000000000000000000000000000000000074
:104C40000000000000000000010000000000000063
:104C50000E33CDAB34126DE6ECDE05000B00000028
:104C60000000000000000000000000000000000044
:104C70000000000000000000000000000000000034
:104C80000000000000000000000000000000000024
:104C90000000000000000000000000000000000014
:104CA0000000000000000000000000000000000004
:104CB00000000000000000000000000000000000F4
:104CC00000000000000000000000000000000000E4
:104CD00000000000000000000000000000000000D4
:104CE00000000000000000000000000000000000C4
:084CF0000000000000000000BC
:04000005100001E9FD
:00000001FF
